date,planned_cost_yuan,increase_cost_yuan,cancellation_refund_yuan,breach_cost_yuan,adjustment_net_yuan,emergency_cost_yuan,total_cost_yuan,original_kwh,adjusted_kwh,increase_kwh,decrease_kwh,emergency_kwh,dump_kwh,charge_kwh,discharge_kwh,energy_start_kwh,energy_end_kwh,lp_eq_max,lp_ineq_max,max_tree_nodes,raw_simultaneous_slots
2025-02-01,17116.26131511381,20.78491595259174,139.82177409134545,69.91088704567272,-49.12597109308098,601.5053881176373,17668.640732138367,39136.747861029515,38712.63065086222,20.96615956825694,445.08336973555333,179.60285488120553,5985.167071180154,14994.16053278913,16465.27003155919,6000.0,1200.0,1.8189894035458565e-12,1.1368683772161603e-13,15,0
2025-02-02,61978.681446569026,133.68417000478973,596.2610600780299,298.13053003901496,-164.4463600342252,711.7962137427878,62526.03130027759,88966.96690475209,88261.0812370203,94.01961528527977,799.9052830170582,154.33119652615997,5383.003719932738,24611.214545335446,19935.083781721718,1200.0,1200.0,9.094947017729282e-13,1.1368683772161603e-13,15,0
2025-02-03,61993.38064544234,0.0,513.4394490516296,256.7197245258148,-256.7197245258148,3120.290379518767,64856.951300435285,87681.33427693238,87062.07764520371,0.0,619.2566317286729,730.8021351186264,3030.6805325043324,23922.540777989452,19377.258030171455,1200.0,1200.0,1.8189894035458565e-12,1.1368683772161603e-13,15,0
2025-02-04,62089.01917919333,360.8052068662291,99.57897589484229,49.789487947421144,311.01571891880803,4092.496636183041,66492.53153429518,87741.46756654119,87874.39224269506,285.04088262112157,152.11620646724964,919.2796421979383,2927.230266665166,24587.25088540963,19915.6732171818,1200.0,1200.0,1.8189894035458565e-12,1.1368683772161603e-13,15,0
2025-02-05,60203.81833293913,953.5311706553841,28.621703541305475,14.310851770652738,939.2203188847315,5582.17348016902,66725.21213199288,85177.73191432768,85987.41325887674,837.8962925072916,28.214947958238085,1258.8946109058284,1992.1099256960438,23714.58400396414,19208.813043210954,1200.0,1200.0,9.094947017729282e-13,2.2737367544323206e-13,15,0
2025-02-06,61537.49066883893,0.0,1152.2852040277353,576.1426020138676,-576.1426020138676,6026.3474833064465,66987.69555013152,86922.96403029296,85602.17987350978,0.0,1320.7841567831815,1298.752108966153,2048.330307682233,24113.391884879093,19531.847426752058,1200.0,1200.0,1.8189894035458565e-12,1.1368683772161603e-13,15,0
2025-02-07,16963.744508488893,0.0,218.23898225582846,109.11949112791423,-109.11949112791423,2127.468971647909,18982.093989008885,40448.037764206354,39853.507621412995,0.0,594.5301427933582,627.3250986873907,4890.414508874645,19919.676550310913,16134.938005751837,1200.0,1200.0,1.8189894035458565e-12,1.1368683772161603e-13,15,0
2025-02-08,15623.588443376726,64.80789905764472,4.736378999346981,2.3681894996734907,62.43970955797123,2796.7838158167756,18482.811968751474,37442.32399233107,37503.49827733312,67.98725824622379,6.812973244169996,833.5801777164246,3079.8530814033397,19368.75082620811,15688.688169228571,1200.0,1200.0,9.094947017729282e-13,1.1368683772161603e-13,15,0
2025-02-09,58651.83159871738,938.7824616599066,0.0,0.0,938.7824616599066,5258.149111109888,64848.76317148717,83784.13876439414,84590.81504324914,806.6762788549868,0.0,1264.527896564812,1800.4290226085245,23681.56816073029,19182.070210191538,1200.0,1200.0,1.8189894035458565e-12,1.1368683772161603e-13,15,0
2025-02-10,56628.519185485624,19.415735633710295,1533.3669186509997,766.6834593254998,-747.2677236917896,2257.225048548732,58138.47651034257,83284.03475871462,81228.31182098012,14.547540387652589,2070.270478122162,610.1279462546574,3171.8565904810403,22841.81891273894,18501.873319318544,1200.0,1200.0,1.8189894035458565e-12,1.1368683772161603e-13,15,0
2025-02-11,56541.356077387114,0.0,1499.4325405250372,749.7162702625186,-749.7162702625186,3317.990273570853,59109.63008069545,82434.68963140406,80697.62097048524,0.0,1737.068660918796,744.7335044515952,1962.9248893367583,22414.907643509214,18156.07519124246,1200.0,1200.0,1.8189894035458565e-12,1.1368683772161603e-13,11,0
2025-02-12,55895.1437983043,0.0,1234.3790825254996,617.1895412627498,-617.1895412627498,4942.276985713065,60220.23124275462,82040.70657413817,80517.87408144212,0.0,1522.8324926960531,1057.5897998699247,2024.4793845627091,22548.675596926274,18264.42723351028,1200.0,1200.0,9.094947017729282e-13,2.2737367544323206e-13,11,0
2025-02-13,54051.79891627043,0.0,1336.7898107066069,668.3949053533034,-668.3949053533034,2387.051618006728,55770.45562892385,80363.96864530163,78673.50527602315,0.0,1690.4633692785033,716.724925054503,3699.9473851909033,22951.59894326351,18590.795144043448,1200.0,1200.0,1.8189894035458565e-12,2.2737367544323206e-13,11,0
2025-02-14,14981.893388729333,234.25864373147,0.0,0.0,234.25864373147,2561.7541347508095,17777.906167211615,36080.84655610219,36317.58569583312,236.7391397309314,0.0,880.9005874070552,3780.369624344621,19033.236011731,15416.921169502111,1200.0,1200.0,1.8189894035458565e-12,1.1368683772161603e-13,13,0
2025-02-15,15243.375875328029,17.792731488052294,0.0,0.0,17.792731488052294,2754.102952253039,18015.271559069122,35461.60623634563,35480.054529141285,18.448292795658134,0.0,874.6242707805267,3586.320765861373,18359.299652949696,14871.032718889253,1200.0,1200.0,9.094947017729282e-13,1.1368683772161603e-13,13,0
2025-02-16,54218.807982989674,0.0,1322.3214902365285,661.1607451182642,-661.1607451182642,11326.948105489999,64884.59534336142,79731.0733517776,78153.92262601494,0.0,1577.1507257626456,2621.545473990966,1142.4277765026761,22398.216965806492,18142.55574230326,1200.0,1200.0,9.094947017729282e-13,1.1368683772161603e-13,13,0
2025-02-17,53655.35855038282,0.0,2067.436199287009,1033.7180996435045,-1033.7180996435045,3550.6783900998043,56172.31884083912,79694.48534159914,76957.15205874361,0.0,2737.333282855527,925.3977456538737,2480.6782115653564,22200.044348239288,17982.035922073825,1200.0,1200.0,9.094947017729282e-13,1.1368683772161603e-13,13,0
2025-02-18,50726.7290652778,402.2617973657937,0.0,0.0,402.2617973657937,6475.917950532587,57604.90881317618,76777.13398540218,77140.94053952442,363.80655412223956,0.0,1467.276428494392,2235.8160106307987,22531.648284498307,18250.635110443625,1200.0,1200.0,1.8189894035458565e-12,1.1368683772161603e-13,14,0
2025-02-19,50951.19454495632,863.7447766388271,220.27475487127066,110.13737743563533,753.6073992031919,6986.214865396629,58691.016809556146,76924.14327209524,77177.2362657842,665.3420170530296,412.2490233640576,1633.2331386153255,1593.0039521963377,22832.305625630856,18494.167556760993,1200.0,1200.0,1.8189894035458565e-12,1.1368683772161603e-13,14,0
2025-02-20,52215.47795351306,0.0,559.7671712988191,279.88358564940955,-279.88358564940955,4522.452759054103,56458.04712691775,78057.04027268494,77282.55437473374,0.0,774.4858979512253,1002.1425635846189,2945.564502286292,22873.677382624875,18527.678679926146,1200.0,1200.0,1.8189894035458565e-12,1.1368683772161603e-13,13,0
2025-02-21,14885.225461469172,0.0,0.16197849201740616,0.08098924600870308,-0.08098924600870308,2334.085946535163,17219.230418758325,35131.07253255893,35130.79474402864,0.0,0.27778853029910167,758.3130852127958,6778.954285488839,18683.639528522406,15133.748018103148,1200.0,1200.0,1.8189894035458565e-12,1.1368683772161603e-13,13,0
2025-02-22,14607.866882049017,117.58376180318365,0.0,0.0,117.58376180318365,3360.572750234212,18086.023394086413,34416.453037873434,34536.5495786143,120.09654074087278,0.0,1013.0824230506437,4245.650389831242,18206.414360528262,14747.19563202789,1200.0,1200.0,9.094947017729282e-13,1.1368683772161603e-13,13,0
2025-02-23,50235.86376022687,221.10571382857816,408.1882930286274,204.0941465143137,17.011567314264454,8361.653630384708,58614.52895792584,76235.23088147744,75859.36658529844,150.88530985232998,526.749606031352,2119.4266703687836,1955.7666824810512,23637.752051856973,19146.579162004142,1200.0,1200.0,1.8189894035458565e-12,1.1368683772161603e-13,13,0
2025-02-24,49535.27628746049,478.42017955221297,17.676166836925365,8.838083418462682,469.5820961337502,3126.1910513939574,53131.04943498819,75142.12348469958,75691.78835218606,568.0513672845892,18.386499798096224,658.0655995125202,3814.5836663153304,22801.24562482417,18469.008956107577,1200.0,1200.0,9.094947017729282e-13,1.1368683772161603e-13,13,0
2025-02-25,48902.96860493184,0.0,1882.9970886256501,941.4985443128251,-941.4985443128251,3978.6406234162228,51940.110684035244,75621.8154806374,72909.24792692799,0.0,2712.5675537093903,958.1823090161151,3922.624341019759,21702.54032416329,17579.057662572268,1200.0,1200.0,1.8189894035458565e-12,1.1368683772161603e-13,13,0
2025-02-26,47787.14339825357,1288.0129475544018,7.7377196765577985,3.8688598382788992,1284.1440877161228,4550.245200068701,53621.53268603839,72944.34437102593,74075.89175788933,1139.8962427940914,8.348855930683857,1118.116212661787,2154.4964786633373,22235.070834497117,18010.40737594266,1200.0,1200.0,9.094947017729282e-13,1.1368683772161603e-13,13,0
2025-02-27,46986.21178442246,471.1234271836581,381.1533746749213,190.57668733746064,280.5467398461975,4881.259229658765,52148.01775392743,73332.04569546184,72998.20882403442,422.8578675011116,756.6947389285303,992.7694150869452,2764.9225502653017,22470.902572926618,18201.431084070555,1200.0,1200.0,1.8189894035458565e-12,1.1368683772161603e-13,13,0
2025-02-28,14009.333805552898,0.0,0.0,0.0,0.0,1884.2090006043677,15893.542806157267,33853.284938864,33853.284938864,0.0,0.0,632.0793003072558,7874.9592004355945,17462.165730187713,14144.354241452053,1200.0,1200.0,1.8189894035458565e-12,1.1368683772161603e-13,13,0
2025-03-01,13766.674202298274,30.119448538363088,0.0,0.0,30.119448538363088,1587.3991012500803,15384.192752086718,33505.01455194853,33538.177504658335,33.16295270980163,0.0,545.1398059843319,7120.415057277545,17390.191158062007,14086.054838030224,1200.0,1200.0,1.8189894035458565e-12,1.1368683772161603e-13,13,0
2025-03-02,47644.40976971071,5342.377542636258,0.0,0.0,5342.377542636258,7304.326388879326,60291.11370122629,73221.44717101008,77760.50724915734,4539.060078147264,0.0,1661.4934283622051,2557.423072845156,23717.213357935383,19210.94281992766,1200.0,1200.0,1.8189894035458565e-12,1.1368683772161603e-13,15,0
2025-03-03,48627.00696284956,1567.1693223963225,172.36705674308695,86.18352837154347,1480.9857940247791,9916.082563120483,60024.07531999482,75027.99085645359,75953.15036388132,1202.8235262565372,277.66401882881314,2250.0187102158834,1724.1246518589878,23483.67257318357,19021.77478427869,1200.0,1200.0,1.8189894035458565e-12,1.1368683772161603e-13,15,0
2025-03-04,47238.10519415584,1026.8716558770775,12.120953016043421,6.0604765080217105,1020.8111793690559,5610.907017923153,53869.82339144805,72778.74713946355,73701.10678882801,939.5940486479049,17.234399283440098,1588.2199212010592,1788.2074749148446,22640.322640952014,18338.661339171125,1200.0,1200.0,1.8189894035458565e-12,1.1368683772161603e-13,15,0
2025-03-05,47445.47265961806,0.0,1370.2741476289275,685.1370738144637,-685.1370738144637,3560.1320095660744,50320.46759536967,74798.75751420128,72819.61669122215,0.0,1979.1408229791348,898.6934234009617,3044.7402927028083,23911.041080282317,19367.943275028676,1200.0,1200.0,1.8189894035458565e-12,1.1368683772161603e-13,15,0
2025-03-06,46008.60263464936,74.89327472597968,164.00395743036384,82.00197871518192,-7.10870398920224,2859.4175703696646,48860.91150102982,72366.16702179651,72129.8589526753,57.763575823563315,294.07164494478184,746.4259512201586,2508.7915749304348,23299.1536612194,18872.31446558771,1200.0,1200.0,1.8189894035458565e-12,1.1368683772161603e-13,15,0
2025-03-07,13395.467929605204,0.0,32.17493815374413,16.087469076872065,-16.087469076872065,863.6538574770686,14243.0343180054,32363.43511547982,32311.00348510131,0.0,52.431630378509894,386.5693253354893,8519.883372399261,17133.704761601075,13878.300856896873,1200.0,1200.0,1.8189894035458565e-12,1.1368683772161603e-13,15,0
2025-03-08,12978.672702974676,0.0,0.0,0.0,0.0,1808.4865821572382,14787.159285131915,31442.50194871427,31442.50194871427,0.0,0.0,683.5575871429476,9947.602258394141,16396.40926734952,13281.09150655311,1200.0,1200.0,1.8189894035458565e-12,1.1368683772161603e-13,15,0
2025-03-09,45335.41052987263,0.0,1842.4236766450051,921.2118383225026,-921.2118383225026,3105.940746237012,47520.13943778713,72671.8393379594,69603.95406239037,0.0,3067.8852755690327,824.322649967418,2673.956892767904,23267.34089257835,18846.54612298846,1200.0,1200.0,1.8189894035458565e-12,1.1368683772161603e-13,15,0
2025-03-10,45442.66608483564,870.7733730007253,0.0,0.0,870.7733730007253,10173.040755504833,56486.4802133412,70766.7108967892,71602.33537362918,835.6244768399631,0.0,2490.019985056647,1668.3778291736699,23062.663576379688,18680.757496867544,1200.0,1200.0,9.094947017729282e-13,1.1368683772161603e-13,15,0
2025-03-11,42828.04780424568,1100.309803500188,0.0,0.0,1100.309803500188,5765.620082436813,49693.977690182684,67878.14621727583,69067.06116874964,1188.9149514738158,0.0,1371.692365231712,2325.316339774508,21971.149443193957,17796.631048987103,1200.0,1200.0,1.8189894035458565e-12,1.1368683772161603e-13,15,0
2025-03-12,44446.30349875441,56.00312746837376,1584.9917437477886,792.4958718738943,-736.4927444055205,2358.084749890289,46067.895504239175,71170.2658625396,68568.50914003374,37.92399433439425,2639.6807168402584,701.9170764824796,2625.2086213071107,22156.225851977742,17946.542940101972,1200.0,1200.0,9.094947017729282e-13,1.1368683772161603e-13,15,0
2025-03-13,45214.82501140889,1342.8582040712,0.0,0.0,1342.8582040712,6682.804205292288,53240.48742077238,70794.08496379829,72127.40111611108,1333.3161523127906,0.0,1499.8818491834422,1794.9289518489145,22561.768404099697,18275.032407320752,1200.0,1200.0,1.8189894035458565e-12,1.1368683772161603e-13,15,0
2025-03-14,12521.8223235692,157.60788137608543,0.0,0.0,157.60788137608543,1323.1882853123013,14002.618490257588,30982.789738852443,31141.747133108045,158.95739425560464,0.0,444.1098870205389,12547.673753514253,15835.564648847369,12826.807365566372,1200.0,1200.0,1.8189894035458565e-12,1.1368683772161603e-13,15,0
2025-03-15,12640.287631638155,122.04117078869403,0.0,0.0,122.04117078869403,3010.808836066125,15773.137638492975,30487.111203851382,30613.691791129346,126.58058727796275,0.0,963.7278773626706,7712.2345459714315,15479.263013266233,12538.203040745651,1200.0,1200.0,9.094947017729282e-13,1.1368683772161603e-13,15,0
2025-03-16,42967.366917861174,490.99361085721216,0.0,0.0,490.99361085721216,4072.9785088604076,47531.339037578786,68838.87836356304,69332.05253950387,493.1741759408376,0.0,1085.5716713137717,2823.263214794724,22333.231908892565,18089.917846202978,1200.0,1200.0,2.5011104298755527e-12,1.1368683772161603e-13,15,0
2025-03-17,40913.87827559833,196.34633190800878,1803.9008241531265,901.9504120765632,-705.6040801685544,3180.3705402859123,43388.64473571568,67668.24476315905,64498.12420869456,136.87239684428351,3306.9929513087727,802.5531586613823,3347.056294538284,21555.208628864817,17459.718989380504,1200.0,1200.0,9.094947017729282e-13,1.1368683772161603e-13,15,0
2025-03-18,43520.381986486376,16.069614784346427,1203.7964738887813,601.8982369443906,-585.8286221600442,3374.6140434219537,46309.16740774829,70224.0484863369,68280.62946082126,9.925850044114554,1953.344875559752,745.7896819047819,3783.4613683071157,21668.41793553823,17551.418527785965,1200.0,1200.0,9.094947017729282e-13,1.1368683772161603e-13,15,0
2025-03-19,40110.017841401,919.1695492347242,73.37004914583409,36.685024572917044,882.4845246618072,3192.0096769820984,44184.5120430449,65461.509084327554,66203.16491055369,883.1948573291636,141.53903110304248,845.4754961375794,3423.906959787905,21890.85787843872,17731.594881535362,1200.0,1200.0,1.8189894035458565e-12,1.1368683772161603e-13,15,0
2025-03-20,41826.9388805925,92.91259330160754,515.116788777942,257.558394388971,-164.64580108736345,7681.693296913676,49343.98637641881,67104.27468895476,66322.18075948718,59.90308760577125,841.9970170733536,1936.9857527800514,1903.8230742576707,21823.061164962553,17676.679543619663,1200.0,1200.0,1.8189894035458565e-12,1.1368683772161603e-13,15,0
2025-03-21,11677.585379203301,2.116612168331341,83.02409049815589,41.51204524907794,-39.3954330807466,2250.671498244671,13888.861444367227,29502.302766645345,29367.412060933042,2.1394967835638283,137.03020249586987,722.8243164194663,15173.199151960247,15176.698466976819,12293.125758251224,1200.0,1200.0,1.8189894035458565e-12,1.1368683772161603e-13,15,0
2025-03-22,11943.704717948462,46.38219351161688,0.0,0.0,46.38219351161688,1232.4731840496343,13222.56009550971,29694.737652601423,29743.469709206664,48.73205660524191,0.0,584.078263177033,11597.697836882151,14992.896853516926,12144.24645134871,1200.0,1200.0,1.8189894035458565e-12,1.1368683772161603e-13,15,0
2025-03-23,40369.37698059329,228.5347812163925,675.3856687398456,337.6928343699228,-109.15805315353032,3814.264226741421,44074.48315418118,66229.86760066124,65592.72211342133,290.6613481247108,927.8068353646051,962.185527405965,3724.7961835825786,21370.48073988454,17310.089399306482,1200.0,1200.0,1.8189894035458565e-12,1.1368683772161603e-13,15,0
2025-03-24,39439.38690998938,1154.0490874852526,489.27002950107874,244.63501475053937,909.4140727347132,3037.3809314788623,43386.181914202956,64728.510443611536,64808.13696784997,982.9291724413231,903.3026482028909,946.9207419804995,3594.229321992192,21907.00686581548,17744.675561310534,1200.0,1200.0,1.8189894035458565e-12,1.1368683772161603e-13,15,0
2025-03-25,40631.191702884826,182.8369515949942,698.1342204287985,349.06711021439924,-166.23015861940507,4803.951496201907,45268.913040467334,66697.02507059115,65616.86660702345,119.93103371109635,1200.089497278796,1307.1720238174316,1871.453853432643,21591.895056534573,17489.434995793003,1200.0,1200.0,9.094947017729282e-13,1.1368683772161603e-13,15,0
2025-03-26,38422.226822470366,399.38909021274696,388.1858066203656,194.0929033101828,205.29618690256416,2646.2072640866427,41273.73027345957,63219.41957327912,62921.01975127422,353.58325013135914,651.9830721362547,750.224951518868,3980.336214415277,21570.28221953233,17471.928597821185,1200.0,1200.0,9.094947017729282e-13,1.1368683772161603e-13,15,0
2025-03-27,38965.76240771619,302.159341066436,470.44572350327803,235.22286175163902,66.93647931479703,5508.109108186065,44540.80799521705,64331.29675748093,63935.84657349344,219.86860066852472,615.3187846560079,1438.9485078989524,2557.324551614583,21581.479630409536,17480.998500631726,1200.0,1200.0,1.8189894035458565e-12,1.1368683772161603e-13,15,0
2025-03-28,11682.17068986005,98.82924790420408,0.0,0.0,98.82924790420408,1527.6099515965627,13308.609889360818,29417.657567828093,29516.026955704314,98.36938787622037,0.0,498.91088338571734,16314.786382081758,15148.79310706109,12270.522416719485,1200.0,1200.0,1.8189894035458565e-12,1.1368683772161603e-13,15,0
2025-03-29,11561.295670907231,229.1939598730207,0.0,0.0,229.1939598730207,1793.2401372142267,13583.729767994479,28802.469203009347,29042.046107379807,239.5769043704614,0.0,573.2166281222619,19129.75116828264,14622.644125716277,11844.341741830187,1200.0,1200.0,1.8189894035458565e-12,1.1368683772161603e-13,15,0
2025-03-30,37212.299959691954,18.796561553567685,1013.6818135620101,506.84090678100506,-488.0443452274375,5278.313534979807,42002.56914944433,62432.259694363325,60520.85171492562,11.924442358501324,1923.332421796203,1381.7236162148442,2487.4004466525867,21418.71149730461,17349.156312816725,1200.0,1200.0,1.8189894035458565e-12,1.1368683772161603e-13,15,0
2025-03-31,35917.27255989248,2403.4326607950475,0.0,0.0,2403.4326607950475,5432.943507323938,43753.64872801147,59323.09031603017,62502.135236228394,3179.04492019822,0.0,1390.9898381788098,2847.7446516701198,21547.320733703924,17453.329794300174,1200.0,1200.0,1.8189894035458565e-12,1.1368683772161603e-13,15,0
2025-04-01,38939.22216122773,2270.0691528486577,0.0,0.0,2270.0691528486577,5145.510344782438,46354.80165885882,63168.741250179,65586.32210248572,2417.580852306721,0.0,1331.2546506127235,2672.967753143437,21240.828859412315,17205.07137612398,1200.0,1200.0,1.8189894035458565e-12,1.1368683772161603e-13,15,0
2025-04-02,38062.63100727729,2755.2391023860264,89.84099611640968,44.92049805820484,2710.3186043278215,3630.540201922905,44403.48981352802,62869.11867496722,65693.1657382614,2924.8262985151428,100.77923522096637,935.037781408076,2120.6518601538537,21432.71715534536,17360.50089582974,1200.0,1200.0,1.8189894035458565e-12,1.1368683772161603e-13,15,0
2025-04-03,38878.2040973376,245.77363110205897,107.4479575260973,53.72397876304865,192.04965233901032,1873.88968891631,40944.14343859292,63454.24068540656,63419.65104932401,238.56503054705274,273.1546666296049,488.362317149854,3912.9377557313546,21744.975495136037,17613.430151060187,1200.0,1200.0,1.8189894035458565e-12,1.1368683772161603e-13,15,0
2025-04-04,11049.714860405522,5.865583612297767,0.0,0.0,5.865583612297767,1314.0941147445533,12369.674558762374,28404.54881895745,28410.730274972095,6.181456014646187,0.0,431.49607463701625,19674.560657636826,14404.5444314331,11667.680989460812,1200.0,1200.0,1.8189894035458565e-12,1.1368683772161603e-13,15,0
2025-04-05,11319.906591593688,0.0,0.0,0.0,0.0,2084.165527250945,13404.072118844633,28421.508698174068,28421.508698174068,0.0,0.0,695.1383386519312,14382.934052842334,14155.778950791195,11466.180950140864,1200.0,1200.0,1.8189894035458565e-12,1.1368683772161603e-13,15,0
2025-04-06,37570.600895004914,833.2128529288933,192.10965200155934,96.05482600077967,737.1580269281137,1415.321869502383,39723.08079143542,62383.170340049546,62666.97988928808,676.5902873023659,392.78073806382287,351.5763224810708,4515.761031813063,21540.625859418036,17447.90694612861,1200.0,1200.0,1.8189894035458565e-12,1.1368683772161603e-13,15,0
2025-04-07,35700.64403070127,662.4658963841783,0.0,0.0,662.4658963841783,1543.7765630143167,37906.88649009976,59576.983905914516,60288.93613826347,711.952232348948,0.0,485.61103427313446,3600.8971456377967,20689.109176660364,16758.178433094894,1200.0,1200.0,1.8189894035458565e-12,6.812058472860372e-08,15,0
2025-04-08,36703.38585862693,376.0549574633349,368.58372718298904,184.29186359149452,191.76309387184034,3630.4371396849883,40525.58609218375,61718.07636786922,61301.08034758767,259.77490032364767,676.7709206051973,852.5614669750843,3740.856073598463,21366.274338408475,17306.682214110857,1200.0,1200.0,1.8189894035458565e-12,1.1368683772161603e-13,15,0
2025-04-09,36481.67607637074,3555.760845248815,0.0,0.0,3555.760845248815,3958.5503136106354,43995.98723523019,60694.81855245075,64910.05747148678,4215.238919036047,0.0,1075.2789907149331,2733.3222328058573,21672.12217225892,17554.41895952972,1200.0,1200.0,1.8189894035458565e-12,7.32110265744268e-08,15,0
2025-04-10,36644.24372966483,1155.05673283452,175.14192194967532,87.57096097483766,1067.4857718596825,3952.6712482632934,41664.400749787805,60626.07522749776,61979.824435631526,1701.0539857635686,347.3047776297933,906.6313733247732,4386.565630894455,21259.222516114965,17219.970238053116,1200.0,1200.0,1.8189894035458565e-12,1.1368683772161603e-13,15,0
2025-04-11,10776.699468639745,0.0,35.29249697457551,17.646248487287757,-17.646248487287757,2393.3349039478426,13152.388124100298,27413.735828025692,27354.4053027389,0.0,59.33052528678838,779.9597809155927,20184.75910288595,13857.662179483585,11224.706365381702,1200.0,1200.0,1.8189894035458565e-12,1.1368683772161603e-13,15,0
2025-04-12,10880.764992005565,0.0,44.46941586999826,22.23470793499913,-22.23470793499913,1062.0007190097335,11920.5310030803,28137.58419226492,28060.238995754265,0.0,77.34519651065433,339.75257358689163,16732.748921664104,13905.695250931883,11263.613153254832,1200.0,1200.0,1.8189894035458565e-12,1.1368683772161603e-13,15,0
2025-04-13,36005.67613028495,401.4069178146171,0.0,0.0,401.4069178146171,3308.944905253911,39716.02795335348,59707.53590709487,60124.91224283494,417.3763357400695,0.0,879.619132264809,2682.8995210619514,21290.91247739194,17245.63910668747,1200.0,1200.0,1.8189894035458565e-12,1.1368683772161603e-13,15,0
2025-04-14,36337.006801893964,0.0,2095.8945958550275,1047.9472979275138,-1047.9472979275138,4732.1249763667365,40021.184480333184,61029.91111890638,57679.75327355205,0.0,3350.1578453543307,1335.4264308211796,2543.6503487231266,20755.250292895274,16811.75273724517,1200.0,1200.0,1.8189894035458565e-12,1.1368683772161603e-13,15,0
2025-04-15,34440.387336772714,303.652975191386,166.8508089150107,83.42540445750535,220.22757073388067,2764.628696150768,37425.24360365736,58534.91619758718,58398.28176691037,303.0985445887684,439.73297526557985,672.8647513937401,4961.333169071771,20896.760609994722,16926.37609409572,1200.0,1200.0,1.8189894035458565e-12,1.1368683772161603e-13,15,0
2025-04-16,36236.976317988665,659.7092983927221,66.38450506025521,33.192252530127604,626.5170458625945,4090.7964305703485,40954.28979442161,60709.58592466314,61118.084897455345,541.9888281315584,133.48985533934285,1118.1468301050306,2512.8872375501765,20756.59231584315,16812.839775832952,1200.0,1200.0,1.8189894035458565e-12,1.1368683772161603e-13,15,0
2025-04-17,34538.663926970505,897.430743443859,0.0,0.0,897.430743443859,3222.3090380607637,38658.403708475125,57771.31472077695,58898.081747404656,1126.767026627707,0.0,744.6824417428618,2890.2634425669007,20442.93892937168,16558.780532791065,1200.0,1200.0,1.8189894035458565e-12,1.1368683772161603e-13,15,0
2025-04-18,10494.093411152066,0.0,2.8087138640935,1.40435693204675,-1.40435693204675,1021.9740910085654,11514.663145228586,26867.771881835295,26862.978036701155,0.0,4.793845134141492,431.3572388762167,18346.259776439427,13652.412188445329,11058.453872640719,1200.0,1200.0,1.8189894035458565e-12,1.1368683772161603e-13,15,0
2025-04-19,10448.302660858193,110.10969142539543,0.0,0.0,110.10969142539543,1261.1378484343945,11819.550200717982,26775.604326041204,26905.774019184413,130.1696931432092,0.0,496.8828209544012,18030.76497940276,13616.908477558167,11029.695866822114,1200.0,1200.0,9.094947017729282e-13,1.1368683772161603e-13,15,0
2025-04-20,34612.85722072253,756.4231014500992,192.57323078024785,96.28661539012393,660.1364860599754,2442.833663913637,37715.82737069615,58627.911826721946,58800.05959469267,584.6211923173635,412.4734243466311,736.6281940900448,3552.9900321602,21189.225648890453,17163.27277560127,1200.0,1200.0,1.8189894035458565e-12,1.2442455954442266e-08,15,0
2025-04-21,34324.095458226344,0.0,2350.9888454155707,1175.4944227077854,-1175.4944227077854,4612.135694488396,37760.73673000696,59158.35943781571,53877.91647712818,0.0,5280.442960687515,1293.7110311287058,2937.209953568043,19565.827217660568,15848.320046305053,1200.0,1200.0,1.8189894035458565e-12,1.1368683772161603e-13,15,0
2025-04-22,33985.37259319553,500.12136667089385,0.0,0.0,500.12136667089385,4703.203995107313,39188.69795497374,57228.651815419515,57796.35417584786,567.7023604283468,0.0,1319.6520592306997,3071.248925927878,20483.305223600066,16591.47723111605,1200.0,1200.0,1.8189894035458565e-12,1.1368683772161603e-13,15,0
2025-04-23,33875.8731126167,994.817222757241,0.0,0.0,994.817222757241,2895.707850167558,37766.39818554149,56466.64322765797,57798.89569637821,1332.252468720246,0.0,825.9256825610453,3370.1055680002937,20288.416285643652,16433.617191371355,1200.0,1200.0,1.8189894035458565e-12,1.1368683772161603e-13,15,0
2025-04-24,33855.09805087988,625.9710618232116,902.1166659827896,451.0583329913948,174.91272883181693,2103.4701523316226,36133.48093204332,57237.567056378146,55711.837507968536,462.3954667684681,1988.125015178085,504.34974460935166,5352.2245938108945,19862.39978298416,16088.543824217171,1200.0,1200.0,1.8189894035458565e-12,1.1368683772161603e-13,15,0
2025-04-25,9793.211507723106,0.0,69.11115229233393,34.55557614616696,-34.55557614616696,1358.1098740183622,11116.765805595302,26016.515608003836,25900.329089901705,0.0,116.18651810213015,386.725646024622,21813.44232319492,13017.13033016529,10543.875567433883,1200.0,1200.0,1.8189894035458565e-12,1.1368683772161603e-13,15,0
2025-04-26,10052.697796092483,247.9449258339173,0.0,0.0,247.9449258339173,1637.1773289056798,11937.82005083208,25983.940114994388,26254.444476167468,270.5043611730799,0.0,512.8891099725621,24255.53039855438,12850.57660132795,10408.96704707564,1200.0,1200.0,1.8189894035458565e-12,1.1368683772161603e-13,15,0
2025-04-27,31430.212220648198,2234.832187018097,27.29479945004455,13.647399725022275,2221.184787293075,5388.59459394509,39039.991601886366,52938.3309955101,55581.782372765345,2739.981439472017,96.53006221677975,1327.8778760646405,4640.42227693849,19451.404150306073,15755.637361747918,1200.0,1200.0,1.8189894035458565e-12,1.1368683772161603e-13,15,0
2025-04-28,33661.84301015099,5083.970910792787,0.0,0.0,5083.970910792787,4201.40853993949,42947.22246088327,56224.44905246759,61641.988083019634,5417.53903055204,0.0,974.7266881263049,2226.973744090893,19830.38794941249,16062.614239024111,1200.0,1200.0,9.094947017729282e-13,1.1368683772161603e-13,15,0
2025-04-29,31974.61404246601,1200.8045184502187,57.22436335465594,28.61218167732797,1172.1923367728905,1824.6885576474003,34971.4949368863,53962.863480079235,54796.861235409655,998.3359134926397,164.33815816221068,468.95539292307996,4261.964679013612,18792.832803433987,15222.194570781528,1200.0,1200.0,1.8189894035458565e-12,1.1368683772161603e-13,15,0
2025-04-30,31393.182136101015,235.93367007302814,550.2662849316869,275.13314246584343,-39.19947239281533,7136.389148099189,38490.37181180739,52838.376456673446,52488.63920349526,347.8224383922807,697.5596915704631,2120.447640074408,2829.867177627683,18538.764382150817,15016.39914954216,1200.0,1200.0,1.8189894035458565e-12,1.1368683772161603e-13,15,0
2025-05-01,32754.77103792473,1486.2763144791531,27.464518036687934,13.732259018343967,1472.5440554608092,15275.532711867883,49502.84780525342,53273.77156208807,54503.11951105426,1297.8206682301388,68.47271926394285,3301.247240916142,3118.092014043558,19341.557568036005,15666.661630109156,1200.0,1200.0,1.8189894035458565e-12,3.078571353398729e-08,15,0
2025-05-02,10867.219645269744,257.72376146905356,0.0,0.0,257.72376146905356,8446.8964286265,19571.839835365296,26469.99259494609,26735.8797074313,265.88711248521247,0.0,2310.347851303062,12270.72444675885,13079.910677064072,10594.727648421896,1200.0,1200.0,9.094947017729282e-13,1.1368683772161603e-13,15,0
2025-05-03,11090.340408201444,0.0,6.552076205135358,3.276038102567679,-3.276038102567679,6540.827987956532,17627.892358055407,27096.10632493558,27086.147376954556,0.0,9.95894798102512,1603.112419125579,17340.72028048393,13059.830871558997,10578.463005962789,1200.0,1200.0,1.8189894035458565e-12,1.1368683772161603e-13,15,0
2025-05-04,35999.550300018615,0.0,2030.246885259212,1015.123442629606,-1015.123442629606,10651.276574063837,45635.70343145285,58387.759190914614,54847.41433112409,0.0,3540.344859790518,2868.4138220406735,2464.899250851297,18506.639836737526,14990.378267757394,1200.0,1200.0,1.8189894035458565e-12,8.697497833054513e-08,15,0
2025-05-05,37381.66484698201,489.33449890507757,931.7503211609794,465.8751605804897,23.45933832458786,6238.629769110688,43643.75395441728,60525.57378687162,60016.56651090421,679.4144101761246,1188.421686143536,1504.0715041832173,2438.928956505968,21082.6434662182,17076.941207636744,1200.0,1200.0,1.8189894035458565e-12,1.1368683772161603e-13,15,0
2025-05-06,36106.4128484271,1141.0820818346551,456.5978025962496,228.2989012981248,912.7831805365304,7108.654610764081,44127.85063972771,57096.31998801417,57487.86576684499,1365.1354724933612,973.5896936625367,1806.165966062677,2779.8265648101906,19179.59369174113,15535.470890310318,1200.0,1200.0,1.8189894035458565e-12,1.1368683772161603e-13,15,0
2025-05-07,36968.54767060603,1419.457486789451,0.0,0.0,1419.457486789451,5059.472308040302,43447.47746543579,58675.227426224315,60569.454320496734,1894.226894272422,0.0,1119.7643807707273,2835.4867282073133,19925.71591084289,16139.829887782736,1200.0,1200.0,1.8189894035458565e-12,1.1368683772161603e-13,15,0
2025-05-08,39322.876473628225,326.92360148010005,224.00763316158285,112.00381658079142,214.9197848993086,3819.7868220588125,43357.583080586344,62657.87167315454,62845.65825642992,438.45203740936716,250.66545413399206,942.8804013290485,4133.89013215178,20148.084871616727,16319.948746009546,1200.0,1200.0,1.8189894035458565e-12,1.1368683772161603e-13,15,0
2025-05-09,12489.666079832994,18.26049786659936,0.0,0.0,18.26049786659936,1288.41605994276,13796.342637642352,29128.259423234504,29149.6249633156,21.36554008110087,0.0,456.08711446075347,18638.83336674937,12986.804531720984,10519.311670693995,1200.0,1200.0,9.094947017729282e-13,1.1368683772161603e-13,15,0
2025-05-10,12338.68801836258,95.13064748096028,0.0,0.0,95.13064748096028,1570.7578286315916,14004.576494475132,28631.08651486577,28741.136622040336,110.05010717457102,0.0,551.9205451195483,14715.831440016913,12927.26549373495,10471.085049925314,1200.0,1200.0,1.8189894035458565e-12,1.1368683772161603e-13,15,0
2025-05-11,37719.17372864943,11.841940565872392,390.9913979412215,195.49569897061076,-183.65375840473837,5536.189419748934,43071.70938999362,61344.886970338746,60523.05322596428,12.92506064819078,834.7588050226611,1496.5607276333105,2774.4281959575464,19795.298285824774,16034.191611518063,1200.0,1200.0,1.8189894035458565e-12,1.1368683772161603e-13,15,0
2025-05-12,36838.418782311,650.8919125554983,19.554273940218344,9.777136970109172,641.1147755853892,3441.9169730930703,40921.45053098946,58953.95207049481,59586.281551258755,662.6406809172379,30.31120015329401,906.8644644860627,5112.396762141656,18155.547475104333,14705.993454834508,1200.0,1200.0,1.8189894035458565e-12,1.1368683772161603e-13,15,0
2025-05-13,38108.844056629896,0.0,1358.9924871099433,679.4962435549717,-679.4962435549717,3822.821437798002,41252.16925087293,62454.3867684923,59837.39029202586,0.0,2616.9964764664433,887.3006509290769,4004.4931162534062,18899.92136860453,15308.936308569666,1200.0,1200.0,1.8189894035458565e-12,1.1368683772161603e-13,15,0
2025-05-14,37163.99397891115,770.9042482715923,1355.190085669381,677.5950428346905,93.30920543690183,3062.10254598898,40319.405730337035,60987.54009531034,59592.23136114776,1097.3082744922472,2492.617008654828,860.9678076465568,3909.9494098496853,18574.215661112063,15045.11468550077,1200.0,1200.0,1.8189894035458565e-12,1.1368683772161603e-13,15,0
2025-05-15,38075.53380566872,143.94548788118095,279.1933439617958,139.5966719808979,4.348815900283057,2478.6359461990187,40558.51856776802,60418.38157670149,60119.13832620936,242.12792724524337,541.3711777373805,709.7075001511976,4463.879805033878,18946.882831543902,15346.975093550562,1200.0,1200.0,1.8189894035458565e-12,1.1368683772161603e-13,15,0
2025-05-16,11787.278231161457,0.0,172.78748044211795,86.39374022105898,-86.39374022105898,1671.6911861126155,13372.575677053013,27789.1468872671,27505.83770675811,0.0,283.3091805089876,595.1858539168969,23027.02662173339,12413.107397938335,10054.616992330048,1200.0,1200.0,1.8189894035458565e-12,1.1368683772161603e-13,15,0
2025-05-17,11680.471725757769,0.0,27.12933986739875,13.564669933699374,-13.564669933699374,3292.8158321116525,14959.72288793572,27588.433750719098,27545.269663166797,0.0,43.164087552299726,955.8186318994115,15688.632508818217,12440.29843639295,10076.641733478287,1200.0,1200.0,1.8189894035458565e-12,1.1368683772161603e-13,15,0
2025-05-18,37572.88648763645,0.0,458.09095300492163,229.04547650246082,-229.04547650246082,2662.0063062366617,40005.84731737065,61719.75618499795,61051.55815008489,0.0,668.1980349130561,858.4653509623663,4628.361956306793,18976.281288107726,15370.78784336726,1200.0,1200.0,1.8189894035458565e-12,1.1368683772161603e-13,15,0
2025-05-19,35794.4337343365,130.63063408827057,902.5900779678298,451.2950389839149,-320.6644048956443,2767.0531589508055,38240.82248839166,59463.7171057509,57010.752310286945,107.78054896952196,2560.745344433485,513.6019569807893,6536.322498686579,18277.974834637622,14805.15961605647,1200.0,1200.0,1.8189894035458565e-12,1.1368683772161603e-13,15,0
2025-05-20,35499.2018447205,1054.2140247264247,43.52400881824433,21.762004409122166,1032.4520203173026,5136.956365946676,41668.61023098448,58622.24570417838,59759.845507451115,1178.942771092383,41.34296781965213,1168.9397028296567,2812.0446955102,18891.29314791527,15301.947449811367,1200.0,1200.0,1.8189894035458565e-12,1.1368683772161603e-13,15,0
2025-05-21,35346.029635525905,1262.9913172905253,162.67051383695951,81.33525691847976,1181.6560603720454,3396.947962077663,39924.63365797561,57182.422739489804,57995.553916943696,1267.7872659260752,454.65608847217936,878.2768113571888,3988.205704913072,18542.156526602514,15019.146786548039,1200.0,1200.0,9.094947017729282e-13,1.1368683772161603e-13,15,0
2025-05-22,36190.166202517416,0.0,300.6747520371174,150.3373760185587,-150.3373760185587,2198.7531616410915,38238.58198813995,58578.66401150804,58062.46669644823,0.0,516.1973150598083,687.325840008968,4389.036476367493,18653.290754858055,15109.165511435021,1200.0,1200.0,1.8189894035458565e-12,1.1368683772161603e-13,15,0
2025-05-23,11318.24500428404,396.6521701843467,0.0,0.0,396.6521701843467,1035.4460086922566,12750.343183160643,27137.03841812497,27589.04863785115,452.0102197261823,0.0,414.57691139942926,19242.66849177635,12315.832495478382,9975.824321337484,1200.0,1200.0,1.8189894035458565e-12,1.1368683772161603e-13,15,0
2025-05-24,11774.776932060706,0.0,131.69867165173733,65.84933582586866,-65.84933582586866,1428.6512912176404,13137.578887452477,27304.96610271795,27092.814669142695,0.0,212.15143357525085,555.2277349700886,21575.810532954838,12198.581514866417,9880.851027041801,1200.0,1200.0,1.8189894035458565e-12,1.1368683772161603e-13,15,0
2025-05-25,35922.67592386097,42.69164902488218,975.5869341820354,487.7934670910177,-445.1018180661355,3145.863609787941,38623.43771558277,59002.99143667257,56767.90876512497,36.828282439272016,2271.9109539868705,757.6619905777003,5484.136955977429,18402.22955995739,14905.805943565483,1200.0,1200.0,1.8189894035458565e-12,1.1368683772161603e-13,14,0
2025-05-26,35167.666927883416,2330.5574424533615,0.0,0.0,2330.5574424533615,4483.969289845505,41982.19366018228,57497.4656276027,60181.88423785205,2684.418610249347,0.0,1288.4160985181506,3339.5173739820866,18689.21059151638,15138.26057912827,1200.0,1200.0,1.8189894035458565e-12,1.1368683772161603e-13,15,0
2025-05-27,34329.20036959325,72.8621791526265,194.52336968738305,97.26168484369153,-24.39950569106503,4120.635657021669,38425.43652092385,56044.901729819714,55799.62892569165,116.91744318324169,362.1902473113056,1111.6512454047659,4272.334471445293,17097.781050795395,13849.202651144271,1200.0,1200.0,1.8189894035458565e-12,1.1368683772161603e-13,15,0
2025-05-28,36729.59550622091,297.48315229968085,495.7903756233376,247.8951878116688,49.58796448801208,2843.024734189451,39622.20820489837,60086.504957483194,59334.03451057312,205.5947744841967,958.0652213942781,865.7024089086876,4246.442645317465,19365.63249560176,15686.162321437421,1200.0,1200.0,9.094947017729282e-13,1.1368683772161603e-13,15,0
2025-05-29,36620.19298619825,705.4630530369844,298.9741698899722,149.4870849449861,555.9759680919983,5826.857238191382,43003.02619248164,59536.35683826345,59787.53125688345,816.501174956969,565.3267563369719,1449.1479315363931,3430.2367348495327,19454.310281948983,15757.991328378677,1200.0,1200.0,1.8189894035458565e-12,1.1368683772161603e-13,15,0
2025-05-30,11537.13673735989,212.97465865980766,0.0,0.0,212.97465865980766,1502.670581117937,13252.781977137634,27119.07182051776,27340.8531366695,221.7813161517359,0.0,603.9305426463509,19009.572319466773,12310.411016749531,9971.432923567121,1200.0,1200.0,1.8189894035458565e-12,1.1368683772161603e-13,15,0
2025-05-31,11665.806654001037,0.0,199.36033358437987,99.68016679218994,-99.68016679218994,1890.8355060554381,13456.961993264285,28106.39317157086,27754.832459324578,0.0,351.56071224628613,744.3495634905901,17681.9543658047,12779.19003689718,10351.143929886715,1200.0,1200.0,1.8189894035458565e-12,1.1368683772161603e-13,15,0
2025-06-01,43783.968944605,2255.698080771851,104.23793551321988,52.11896775660994,2203.5791130152406,35897.36992398267,81884.9179816029,65792.57676281969,67883.50368515047,2190.964960009936,100.03803767914599,8314.386311753151,939.0479938614451,21231.661594958816,17197.64589191664,1200.0,1200.0,1.8189894035458565e-12,1.1368683772161603e-13,15,0
2025-06-02,45054.78887935619,860.1421233666986,1391.7382823524301,695.8691411762151,164.2729821904834,29893.616592500413,75112.67845404707,68962.4286720011,66746.36723365106,662.8292062270158,2878.8906445770485,6907.165533299554,859.3309510655486,21859.970346763483,17706.57598087841,1200.0,1200.0,1.8189894035458565e-12,1.1368683772161603e-13,15,0
2025-06-03,46046.47532674829,254.79110896772104,78.8823269584294,39.4411634792147,215.34994548850636,18671.014175444587,64932.839447681385,69944.79205280056,70008.10016788154,217.32664737786442,154.01853229690255,4305.294628967902,1951.5166155120369,21944.796568442405,17775.285220438353,1200.0,1200.0,1.8189894035458565e-12,3.042248408746673e-08,15,0
2025-06-04,51898.77842337632,37.68596658178517,2798.03182743687,1399.015913718435,-1361.3299471366497,11880.359788862172,62417.80826510185,77392.72754982125,73332.71349010334,25.941111107697452,4085.955170825622,3147.9205233098955,2564.228527025428,22479.70878800602,18208.564118284878,1200.0,1200.0,9.094947017729282e-13,1.1368683772161603e-13,14,0
2025-06-05,49987.37395940702,697.8873159629126,243.89746566419905,121.94873283209952,575.938583130813,10027.733735737018,60591.04627827486,74491.0883888111,74595.53225600833,525.2862532991232,420.8423861019003,2430.8898974793365,1684.3417679756915,22067.170362343688,17874.407993498382,1200.0,1200.0,1.8189894035458565e-12,1.1368683772161603e-13,14,0
2025-06-06,18109.83293025002,26.97142248603769,0.0,0.0,26.97142248603769,4251.425636776155,22388.229989512216,35555.87844344806,35582.44727397572,26.568830527657646,0.0,1262.032490448847,3479.5415309754167,13210.225439206068,10700.282605756915,1200.0,1200.0,1.8189894035458565e-12,1.1368683772161603e-13,14,0
2025-06-07,18871.66366507456,201.60310220833728,177.1056416543833,88.55282082719165,113.05028138114562,1895.4867801011483,20880.200726556854,37993.95756920544,37826.53890764943,194.12744086711723,361.5461024231273,583.8305789554497,4721.1989231417965,13487.670509454854,10925.013112658431,1200.0,1200.0,1.8189894035458565e-12,1.1368683772161603e-13,15,0
2025-06-08,54629.81326850325,0.0,3356.73621216257,1678.368106081285,-1678.368106081285,922.0641213445924,53873.50928376656,81338.2233261877,76486.04452166618,0.0,4852.1788045215235,260.59985444627625,7559.076961409419,21066.548147559777,17063.903999523416,1200.0,1200.0,1.8189894035458565e-12,1.1368683772161603e-13,15,0
2025-06-09,57822.44820158832,0.0,2939.8596602062657,1469.9298301031329,-1469.9298301031329,2650.970521413329,59003.488892898524,83500.29494885929,79545.32886770274,0.0,3954.9660811565495,738.9923588026131,5222.412798220877,21732.608920795494,17603.413225844346,1200.0,1200.0,9.094947017729282e-13,9.723180482978933e-08,14,0
2025-06-10,55367.810760239765,145.23792693976878,593.3507518314643,296.67537591573216,-151.43744897596338,3774.616283178723,58990.98959444252,80804.46383320226,79975.5136499484,98.21394581009054,927.1641290639452,1094.8781839902883,5246.398760773654,22134.467578061573,17928.91873822987,1200.0,1200.0,1.8189894035458565e-12,9.723180482978933e-08,14,0
2025-06-11,57077.03546757402,624.6174606798977,100.72649246678574,50.36324623339287,574.2542144465048,4579.257684435777,62230.5473664563,82866.291331288,83283.06869013069,573.2139429799151,156.43658413721482,1004.1919627877976,3746.6766559455964,23453.356212138035,18997.218531831808,1200.0,1200.0,1.8189894035458565e-12,9.723180482978933e-08,14,0
2025-06-12,56458.82069528361,0.0,1410.7870502179846,705.3935251089923,-705.3935251089923,3123.7931104278805,58877.2202806025,81990.4556925275,80191.41739372867,0.0,1799.0382987988412,727.8365111489081,4344.158754873439,21698.440614056854,17575.736897386054,1200.0,1200.0,1.8189894035458565e-12,2.2737367544323206e-13,14,0
2025-06-13,18136.426284737867,0.0,226.98444219439705,113.49222109719852,-113.49222109719852,1913.244877846318,19936.178941486985,36394.368717180245,36038.360152915004,0.0,356.00856426523245,514.0972619241041,5541.261803270072,14030.9574293107,11365.075517741665,1200.0,1200.0,1.8189894035458565e-12,1.1368683772161603e-13,14,0
2025-06-14,18786.076440526256,0.0,528.5469837824286,264.2734918912143,-264.2734918912143,2025.0394466505413,20546.842395285585,36784.39253167848,36019.02209828321,0.0,765.3704333952742,682.0078921931258,7905.575196700705,13695.32654618753,11093.214502411902,1200.0,1200.0,1.8189894035458565e-12,1.1368683772161603e-13,14,0
2025-06-15,54914.4647096855,140.0955580354688,442.8295019098454,221.4147509549227,-81.31919291945393,2340.021494154579,57173.16701092062,80403.9987426367,80107.19967252498,164.51108500929126,461.31015512101305,533.9969897232723,5743.88144430057,22475.478340075482,18205.13745546114,1200.0,1200.0,9.094947017729282e-13,1.1368683772161603e-13,14,0
2025-06-16,56307.9821021535,6.0180335525080215,1254.953379234315,627.4766896171575,-621.4586560646495,4108.583651833291,59795.107097922155,81551.42501973294,80197.34205258275,7.286637065635091,1361.369604215823,1042.239776070913,4273.504734982685,22484.338300022653,18212.314023018345,1200.0,1200.0,9.094947017729282e-13,1.1368683772161603e-13,14,0
2025-06-17,56792.478879758586,93.64569323475313,270.16322905225144,135.08161452612572,-41.4359212913726,5853.990614401924,62605.03357286915,82326.64991775266,81998.60772797851,69.78967000717705,397.8318597813285,1304.2757189801255,4323.879141282941,22852.595205310645,18510.60211630162,1200.0,1200.0,1.8189894035458565e-12,1.1368683772161603e-13,14,0
2025-06-18,56679.84350681587,0.0,1661.4786192086087,830.7393096043044,-830.7393096043044,2241.2529000670374,58090.3570972786,82403.58697420072,80469.35069091507,0.0,1934.2362832856484,557.0012817178505,5915.835215568196,22011.188721393315,17829.06286432859,1200.0,1200.0,9.094947017729282e-13,1.1368683772161603e-13,14,0
2025-06-19,53238.444868223945,792.4646662020422,2775.6509984134577,1387.8254992067289,-595.3608330046867,4628.890552459741,57271.974587679004,79024.42464515769,75664.54281451856,639.9811439722537,3999.86297461139,1163.794846554791,4424.86790379979,21810.345038281903,17666.379481008342,1200.0,1200.0,1.8189894035458565e-12,1.1368683772161603e-13,14,0
2025-06-20,17414.352839984072,0.0,196.46258075540044,98.23129037770022,-98.23129037770022,1359.9057782818431,18676.027327888216,34661.157517293716,34365.179149037984,0.0,295.9783682557348,540.0306480905733,9960.721734334365,13388.985330495729,10845.078117701541,1200.0,1200.0,1.8189894035458565e-12,1.1368683772161603e-13,14,0
2025-06-21,17225.36920611142,0.0,186.77740508583565,93.38870254291783,-93.38870254291783,2033.3185276178683,19165.29903118637,34666.47636935667,34353.80568019432,0.0,312.6706891623562,659.6324105994277,13151.45438036764,13301.28058119,10774.0372707639,1200.0,1200.0,1.8189894035458565e-12,1.1368683772161603e-13,14,0
2025-06-22,52572.33783101051,676.31864299628,2022.442435192793,1011.2212175963965,-334.9025746001164,3732.11753377804,55969.55279018844,78059.97515046428,75663.32560706824,563.5894142642505,2960.238957660272,837.5902756890705,4990.842549499923,21330.169648723153,17277.43741546576,1200.0,1200.0,9.094947017729282e-13,2.2737367544323206e-13,14,0
2025-06-23,51846.80534644963,0.0,1024.2418758372614,512.1209379186307,-512.1209379186307,3354.5563903426855,54689.24079887369,77423.58743271434,75887.17404378067,0.0,1536.4133889336592,798.6796691385803,5469.910978971045,21866.61438920113,17711.95765525291,1200.0,1200.0,9.094947017729282e-13,1.1368683772161603e-13,14,0
2025-06-24,56926.115210857366,33.421748999783986,109.49191566176393,54.74595783088196,-21.324208831097977,8121.370853816123,65026.161855842394,82220.5146651624,82080.05930311189,22.791380424586578,163.24674247508779,1829.6409371181287,3055.9357116078563,24131.433045379817,19546.460766757646,1200.0,1200.0,2.7284841053187847e-12,1.1368683772161603e-13,14,0
2025-06-25,51652.853688220275,745.7887348268358,152.74302741876394,76.37151370938197,669.4172211174539,4339.490890860008,56661.76180019773,77799.21460467545,78204.57188708227,620.3083361893107,214.95105378248047,895.7189970390197,4427.509835875601,22291.366745152747,18056.00706357373,1200.0,1200.0,1.8189894035458565e-12,9.72395355347544e-08,14,0
2025-06-26,49879.84010444344,0.0,222.357303765028,111.178651882514,-111.178651882514,3333.939623602975,53102.601076163905,75664.9608057423,75400.1308735194,0.0,264.82993222288496,799.4187854195995,4491.648203180208,21897.461170660383,17736.94354823491,1200.0,1200.0,1.8189894035458565e-12,1.1368683772161603e-13,14,0
2025-06-27,16319.515895609047,0.0,493.2712907223697,246.63564536118486,-246.63564536118486,2288.118341965147,18360.99859221301,33774.29515066145,32979.75000723341,0.0,794.545143428045,750.6988671277375,11249.14679336271,14261.348496482991,11551.692282151222,1200.0,1200.0,1.8189894035458565e-12,1.1368683772161603e-13,14,0
2025-06-28,16350.607563331096,57.420905576236635,0.0,0.0,57.420905576236635,1922.2007036896684,18330.229172597003,33245.49021856596,33312.473183795766,66.9829652298044,0.0,685.4448539394828,9742.072677503078,13046.94338718685,10568.024143621347,1200.0,1200.0,1.8189894035458565e-12,1.1368683772161603e-13,14,0
2025-06-29,51086.381254190565,1659.4906368727156,748.623150359987,374.3115751799935,1285.1790616927221,5893.585045583764,58265.145361467046,75657.89400889911,75976.22726741257,1396.6528910337688,1078.3196325202944,1580.7127058503668,4110.529828015642,21992.850589020913,17814.20897710694,1200.0,1200.0,9.094947017729282e-13,1.1368683772161603e-13,14,0
2025-06-30,52228.81020341639,40.44646592747607,625.1401742869001,312.57008714345005,-272.123621215974,5916.833922158389,57873.52050435881,78102.51966771629,77239.41031823782,26.163828600339343,889.2731780788273,1446.8826190650043,4600.180144190477,22149.625314626363,17941.196504847358,1200.0,1200.0,9.094947017729282e-13,1.1368683772161603e-13,15,0
2025-07-01,52654.34791374384,0.0,1084.380017523668,542.190008761834,-542.190008761834,51540.66208303614,103652.81998801815,72945.22273634534,71452.71902052194,0.0,1492.5037158233954,11887.106250521085,477.73878294335634,21029.170814559635,17033.6283597933,1200.0,1200.0,1.8189894035458565e-12,1.1368683772161603e-13,15,0
2025-07-02,52706.524463256545,0.0,2844.4389665421245,1422.2194832710622,-1422.2194832710622,38792.824048222494,90077.12902820797,72669.27815983225,68171.38004219993,0.0,4497.898117632321,8657.293932768978,294.39027813774385,19102.722790339452,15473.205460174957,1200.0,1200.0,1.8189894035458565e-12,1.1368683772161603e-13,15,0
2025-07-03,58143.738613725334,74.66162370262134,349.864159255183,174.9320796275915,-100.27045592497015,30287.215305366677,88330.68346316704,78560.05219474483,78250.91181387729,76.87770123361258,386.0180821011434,6600.477307897992,921.763025461485,21943.195594634053,17773.98843165358,1200.0,1200.0,1.8189894035458565e-12,1.1368683772161603e-13,15,0
2025-07-04,21547.857895141617,0.0,81.81188249083685,40.905941245418425,-40.905941245418425,13307.946888018618,34814.89884191482,37882.96411007739,37774.36873018031,0.0,108.5953798970798,3617.1032421227546,9995.024532950716,13239.894593082536,10724.314620396855,1200.0,1200.0,1.8189894035458565e-12,1.1368683772161603e-13,15,0
2025-07-05,22835.95092085324,0.0,8.117694466466599,4.058847233233299,-4.058847233233299,7203.325541636741,30035.217615256748,40596.610630800016,40589.092697623,0.0,7.517933177016289,2042.7894264455554,11349.523866918873,13117.254160436914,10624.9758699539,1200.0,1200.0,1.8189894035458565e-12,1.1368683772161603e-13,15,0
2025-07-06,61557.52763110675,5110.928934916206,0.0,0.0,5110.928934916206,6405.935615517003,73074.39218153995,82406.57131600601,86799.08243528269,4392.511119276676,0.0,1283.7951600990348,3913.059087249273,23030.72083227606,18654.88387414361,1200.0,1200.0,1.8189894035458565e-12,2.2737367544323206e-13,15,0
2025-07-07,61094.34491231801,155.78290966357287,1336.0935720805367,668.0467860402683,-512.2638763766954,4847.597856943967,65429.678892885284,82917.13749926092,80907.0862443109,105.34354636831955,2115.394801318338,1205.9579015225177,4801.308159351822,20538.17484113121,16635.92162131628,1200.0,1200.0,9.094947017729282e-13,1.1368683772161603e-13,15,0
2025-07-08,64972.652388950686,933.7924171429119,1251.0642487486512,625.5321243743256,308.2602927685862,1315.8670164772498,66596.77969819652,87708.00667575767,86306.75419660486,634.5683012067291,2035.8207803595442,304.9361773659494,6790.814398517612,22365.7313620344,18116.242403247867,1200.0,1200.0,1.8189894035458565e-12,2.2737367544323206e-13,15,0
2025-07-09,63973.14770792886,127.89884778602367,1372.027148034244,686.013574017122,-558.1147262310983,1890.4802048508816,65305.51318654865,86889.7358034706,85187.33686781728,75.96787797651587,1778.3668136298093,295.2262720681203,7298.8793560917775,21710.309300668243,17585.350533541277,1200.0,1200.0,1.8189894035458565e-12,2.2737367544323206e-13,15,0
2025-07-10,61491.44152344744,124.41121997291954,425.6285008836976,212.8142504418488,-88.40303046892926,3374.8129090312887,64777.85140200981,82568.7454419587,81887.40725208273,115.37854223978677,796.7167321157631,893.2342722932516,5624.513903315892,22644.759145930286,18342.254908203533,1200.0,1200.0,1.8189894035458565e-12,2.2737367544323206e-13,15,0
2025-07-11,25595.5189049531,0.0,444.2666723001284,222.1333361500642,-222.1333361500642,2026.8693792549977,27400.25494805803,43706.94709854134,43020.95107087788,0.0,685.9960276634611,594.4334978121575,8550.892333447166,13398.5004486467,10852.785363403826,1200.0,1200.0,1.8189894035458565e-12,1.1368683772161603e-13,15,0
2025-07-12,24486.838475948723,556.8948537998299,0.0,0.0,556.8948537998299,1657.8853300947362,26701.61865984329,42863.80177873982,43405.70300244566,541.901223705841,0.0,485.9334681555971,10308.025312896581,13154.567496691267,10655.199672319925,1200.0,1200.0,1.8189894035458565e-12,1.1368683772161603e-13,15,0
2025-07-13,59608.566749310616,0.0,3740.516695441157,1870.2583477205785,-1870.2583477205785,4696.266780273182,62434.575181863205,82657.12243020156,77583.56583406353,0.0,5073.556596138037,944.1278108053492,5150.599061489494,21628.28517568093,17518.910992301557,1200.0,1200.0,1.8189894035458565e-12,1.1368683772161603e-13,15,0
2025-07-14,57656.35798112652,53.11363951888003,1073.4848902231574,536.7424451115787,-483.62880559269865,5751.79756725003,62924.526742783855,79856.0925885521,77965.5456976016,35.740255952895836,1926.287146903404,1153.8659529882073,3350.4033300008987,20849.100546959166,16887.771443036923,1200.0,1200.0,1.8189894035458565e-12,2.2737367544323206e-13,15,0
2025-07-15,62432.35781091459,43.31050858895415,1863.2824107397196,931.6412053698598,-888.3306967809057,2841.3256058293205,64385.352719963,85190.5335693233,82505.60699767046,49.84519884467409,2734.7717704975175,747.6586092928135,6508.19294684655,21031.695140965203,17035.673064181818,1200.0,1200.0,1.8189894035458565e-12,2.2737367544323206e-13,15,0
2025-07-16,61254.829245532615,315.53715517116683,809.5655597102757,404.78277985513785,-89.24562468397102,3833.242248299416,64998.82586914806,82172.82249949375,81271.87655229427,336.6565756552192,1237.6025228546966,1016.9215499330542,6129.306652132553,21183.831930323373,17158.90386356193,1200.0,1200.0,1.8189894035458565e-12,2.2737367544323206e-13,15,0
2025-07-17,59448.31567887602,1611.2924428329475,251.11662097396515,125.55831048698258,1485.7341323459648,4811.489610855162,65745.53942207714,80493.1096170304,81281.75657277601,1283.1833247952873,494.53636904968687,1056.9112683768808,5535.53627717615,21487.97630163192,17405.260804321857,1200.0,1200.0,1.8189894035458565e-12,2.2737367544323206e-13,15,0
2025-07-18,24446.239697222554,0.0,551.9345644415902,275.9672822207951,-275.9672822207951,1758.3070362502901,25928.57945125205,42928.66375350529,42077.42176478357,0.0,851.2419887217188,524.452664425605,8787.716880489963,13367.944466943245,10828.035018224033,1200.0,1200.0,1.8189894035458565e-12,1.1368683772161603e-13,15,0
2025-07-19,24403.575533168565,0.0,231.28233595778602,115.64116797889301,-115.64116797889301,2612.141021584246,26900.07538677392,42701.641368238365,42318.38459808117,0.0,383.25677015719634,734.4504266822443,13374.153187832742,13136.119931214042,10640.25714428337,1200.0,1200.0,1.8189894035458565e-12,1.1368683772161603e-13,15,0
2025-07-20,57980.746951593144,203.2238329577274,299.0637766660485,149.53188833302426,53.691944624703176,4268.989204099522,62303.42810031737,80505.36633469444,80033.0648770006,152.06737529605067,624.3688329898998,950.1691327237615,4858.114887841803,21237.58371166254,17202.44280644666,1200.0,1200.0,9.094947017729282e-13,2.2737367544323206e-13,15,0
2025-07-21,60158.00066524133,974.6198701769225,263.0111031019231,131.50555155096154,843.114318625961,4736.780996725311,65737.8959805926,81483.39706931825,81816.04155068382,823.4945386750512,490.8500573094718,1126.2842131998214,4807.9804747251965,21813.662837676035,17669.066898517583,1200.0,1200.0,9.094947017729282e-13,2.2737367544323206e-13,15,0
2025-07-22,60646.06500696341,2215.02355573036,52.0917717979613,26.04588589898065,2188.9776698313794,2446.611833888586,65281.654510683366,82570.94414714427,84687.87295886045,2218.3168941795275,101.3880824633327,555.1441980482125,7314.735784317592,21753.351346970558,17620.21459104615,1200.0,1200.0,9.094947017729282e-13,2.2737367544323206e-13,15,0
2025-07-23,63822.787909067774,0.0,2754.2093745532384,1377.1046872766192,-1377.1046872766192,4185.170674461899,66630.85389625304,87091.3721627012,82837.90224516227,0.0,4253.469917538924,956.2237566666654,5383.684255629321,22073.129629120816,17879.23499958786,1200.0,1200.0,1.8189894035458565e-12,2.2737367544323206e-13,14,0
2025-07-24,63355.710377031806,0.0,1179.4155209884548,589.7077604942274,-589.7077604942274,1631.7713856193081,64397.77400215689,85734.67988001528,83822.26256551663,0.0,1912.4173144986544,393.3457713762852,6440.195972066715,21889.159814874707,17730.219450048513,1200.0,1200.0,1.8189894035458565e-12,2.2737367544323206e-13,14,0
2025-07-25,23607.256104959553,0.0,151.63591540119486,75.81795770059743,-75.81795770059743,1832.0710266135316,25363.509173872488,41649.506592294216,41413.767610988485,0.0,235.73898130572792,455.10506738755987,12725.844536434754,13882.676711971748,11244.96813669712,1200.0,1200.0,1.8189894035458565e-12,1.1368683772161603e-13,14,0
2025-07-26,23525.47572005327,6.644783941144378,18.045369359709238,9.022684679854619,-2.3779007387102413,2205.6710677346327,25728.76888704919,41382.963588670114,41360.56491087827,5.851084349178336,28.24976214102611,638.6782906446707,11071.39763388212,12940.810531442905,10482.05653046875,1200.0,1200.0,9.094947017729282e-13,1.1368683772161603e-13,14,0
2025-07-27,57963.457198153905,777.0598628460874,339.587606250461,169.7938031252305,607.2660597208569,6457.17291637412,65027.89617424888,79837.55223662991,79766.16147723811,625.9920459072835,697.382805299088,1534.5057101629036,3551.5513600726435,21389.08435435983,17325.15832703146,1200.0,1200.0,2.2737367544323206e-12,2.2737367544323206e-13,14,0
2025-07-28,59023.14676961354,2233.5720228911277,0.0,0.0,2233.5720228911277,10575.92639316363,71832.6451856683,80518.76126657717,82479.26381147624,1960.5025448990564,0.0,2339.223207294127,2680.453625031094,22016.611370557584,17833.45521015164,1200.0,1200.0,1.8189894035458565e-12,2.2737367544323206e-13,15,0
2025-07-29,60994.35941749685,3935.1838064080534,0.0,0.0,3935.1838064080534,1886.4141985793017,66815.9574224842,83208.02351626434,87131.46254512941,3923.4390288650748,0.0,316.44709731700954,7044.0013859684595,22814.012139357685,18479.34983287972,1200.0,1200.0,1.8189894035458565e-12,1.1368683772161603e-13,15,0
2025-07-30,58841.11448599336,5151.5649859004825,0.0,0.0,5151.5649859004825,1896.3592564308137,65889.03872832467,79140.46440532553,83864.54801654519,4724.08361121965,0.0,454.1230389189389,6003.837739193688,22166.206664581223,17954.62739831079,1200.0,1200.0,9.094947017729282e-13,2.2737367544323206e-13,15,0
2025-07-31,58775.356914569755,2302.606675757739,0.0,0.0,2302.606675757739,4317.112422329656,65395.076012657155,80550.89755829665,82598.68238598449,2047.7848276878233,0.0,942.8437891106714,4640.813185659277,22135.35117246952,17929.63444970031,1200.0,1200.0,1.8189894035458565e-12,2.2737367544323206e-13,15,0
2025-08-01,23281.116988325168,0.0,526.1782497486356,263.0891248743178,-263.0891248743178,2521.4519243929954,25539.479787843844,41032.49879585669,40262.421039987195,0.0,770.0777558694892,768.6822220543111,17370.0738506244,12682.472340791832,10272.802596041385,1200.0,1200.0,1.8189894035458565e-12,1.1368683772161603e-13,15,0
2025-08-02,23043.992438079338,0.0,116.44013140193854,58.22006570096927,-58.22006570096927,1580.8897611974069,24566.662133575777,41014.20979077813,40835.95691403774,0.0,178.2528767403839,378.53295613571663,17872.065317969675,12712.629573002361,10297.22995413191,1200.0,1200.0,1.8189894035458565e-12,1.1368683772161603e-13,15,0
2025-08-03,51988.23596585151,0.0,2133.128199238214,1066.564099619107,-1066.564099619107,8613.863080665751,59535.534946898144,72200.91984449246,68161.46758309248,0.0,4039.4522613999734,2036.068269938727,3784.5423615302284,18807.965832461257,15234.45232429362,1200.0,1200.0,1.8189894035458565e-12,2.2737367544323206e-13,15,0
2025-08-04,53752.43521539102,0.0,1696.7597804525396,848.3798902262698,-848.3798902262698,7061.671160573423,59965.726485738174,73943.01185540188,71535.83308861718,0.0,2407.1787667847184,1732.8045152599852,4209.352234209245,19177.001507024102,15533.371220689523,1200.0,1200.0,1.8189894035458565e-12,1.1368683772161603e-13,15,0
2025-08-05,52305.1372030847,43.91364255991961,183.38846417128582,91.69423208564291,-47.7805895257233,5283.096009830933,57540.45262338991,72320.80214926004,72146.60803718818,62.348766691301364,236.5428787631502,1337.4805374184289,4598.757267198342,19647.481968815504,15914.460394740558,1200.0,1200.0,1.8189894035458565e-12,1.1368683772161603e-13,15,0
2025-08-06,54848.08687279672,549.372952778227,54.86740618742512,27.43370309371256,521.9392496845145,5432.3259797899655,60802.3521022712,74142.86617355033,74529.47348520343,486.53851601334804,99.93120436023531,1376.2189213702723,4040.4674644579463,19741.187765521536,15990.362090072449,1200.0,1200.0,1.8189894035458565e-12,1.1368683772161603e-13,15,0
2025-08-07,53498.71535417379,783.6146168580165,2533.0369183902917,1266.5184591951459,-482.9038423371293,4828.047574085281,57843.85908592195,75601.39517695628,70552.18693046132,539.2673260219719,5588.475572516937,1243.3983428007207,4649.969772375223,19777.001320456933,16019.371069570117,1200.0,1200.0,1.8189894035458565e-12,1.1368683772161603e-13,15,0
2025-08-08,21344.65262442596,76.41804612398349,28.110762229232137,14.055381114616068,62.362665009367426,2502.8942535222486,23909.909542957575,39080.0072745293,39106.43056033009,75.2119406929557,48.78865489216487,640.6202859293805,21530.33881503948,12850.214637999934,10408.673856779942,1200.0,1200.0,1.8189894035458565e-12,1.1368683772161603e-13,15,0
2025-08-09,21637.72447572766,190.1620632561818,0.0,0.0,190.1620632561818,3355.91450119416,25183.801040178005,39016.26828371397,39189.66332032522,173.39503661124445,0.0,904.3942074343993,18747.34126137488,12762.038244130203,10337.250977745467,1200.0,1200.0,1.8189894035458565e-12,1.1368683772161603e-13,15,0
2025-08-10,51171.71723284945,230.45074660022962,32.9746411511783,16.48732057558915,213.96342602464048,7743.47336546939,59129.15402434349,68885.90730273446,69076.79155475891,261.5993240255243,70.71507200108584,1991.1609547398275,2286.3750420425936,18299.78114450595,14822.822727049816,1200.0,1200.0,1.8189894035458565e-12,1.1368683772161603e-13,15,0
2025-08-11,50122.924976975344,1014.7352857705752,0.0,0.0,1014.7352857705752,7223.45752952472,58361.117792270634,70375.28492946606,71278.33449488548,903.049565419423,0.0,1593.54610436955,4626.052714837898,19392.497637283122,15707.923086199327,1200.0,1200.0,1.8189894035458565e-12,2.2737367544323206e-13,15,0
2025-08-12,52813.67797123562,1676.3136743310836,187.66881829394626,93.83440914697313,1582.4792651841103,6856.1364477358275,61252.29368415556,72830.0121486908,73715.23492176882,1311.4527984936426,426.2300254156273,1505.0602754676515,3786.2412968171707,19334.264475891032,15660.754225471737,1200.0,1200.0,1.8189894035458565e-12,1.1368683772161603e-13,15,0
2025-08-13,51058.27528848353,972.2322397150485,0.0,0.0,972.2322397150485,7232.7965531184855,59263.30408131705,70260.74086502951,71530.15250547808,1269.4116404485794,0.0,1565.5190486297438,3322.736857212262,19220.81708892403,15568.861842028466,1200.0,1200.0,1.8189894035458565e-12,2.2737367544323206e-13,15,0
2025-08-14,51837.996659121876,1623.9092158053024,47.14413064660721,23.572065323303605,1600.3371504819988,6050.681084698185,59489.01489430206,70847.00958365604,72806.99367306576,2025.6413321659907,65.65724275625804,1317.2892734133177,4437.302052852094,19793.104791019225,16032.414880725577,1200.0,1200.0,9.094947017729282e-13,1.1368683772161603e-13,15,0
2025-08-15,21961.44275031188,25.718887410927884,258.847461428882,129.423730714441,-103.70484330351312,3989.9853639921707,25847.723271000534,39313.103721996114,38981.89116413973,29.375195778571687,360.5877536349592,1217.7813213338168,20602.241010588295,12830.024166062714,10392.319574510802,1200.0,1200.0,1.8189894035458565e-12,1.1368683772161603e-13,15,0
2025-08-16,22499.648661900046,0.0,408.10997927864815,204.05498963932408,-204.05498963932408,3426.7465217402423,25722.340194000964,39865.0079065892,39252.939661838915,0.0,612.0682447502844,927.0193541563308,20777.484650067374,13016.8105224274,10543.616523166194,1200.0,1200.0,9.094947017729282e-13,1.1368683772161603e-13,15,0
2025-08-17,52467.0132785006,226.8914134408916,985.9285211530815,492.96426057654077,-266.07284713564917,4549.592733359639,56750.53316472459,73368.25090188574,71381.90833746035,146.79979036332696,2133.142354788711,997.1022764489736,5434.0255901427645,19892.586353157316,16112.99494605742,1200.0,1200.0,1.8189894035458565e-12,2.2737367544323206e-13,15,0
2025-08-18,52115.75141148109,24.351616767605663,127.48902651737463,63.74451325868731,-39.39289649108165,5845.196907688629,57921.55542267863,71555.29013098567,71326.00228825273,23.768288919988542,253.05613165293374,1297.1342352059582,4385.328628779274,20229.959357961816,16386.267079949073,1200.0,1200.0,9.094947017729282e-13,2.2737367544323206e-13,15,0
2025-08-19,51841.26479050552,570.6867049249581,10.862316085743824,5.431158042871912,565.2555468820862,5412.176739160785,57818.697076548386,70872.2483731272,71425.75267802272,562.7514654235495,9.24716052801881,1126.3325193270607,4605.078348498334,19101.825257112887,15472.478458261436,1200.0,1200.0,1.8189894035458565e-12,1.1368683772161603e-13,15,0
2025-08-20,54314.436304032446,1045.7627394162892,287.7145686186015,143.85728430930075,901.9054551069884,8480.126773046755,63696.4685321862,74962.59904243288,75411.50591017342,992.8300655373008,543.9231977967625,1862.0102324822842,2606.134574179938,21140.47632531105,17123.78582350195,1200.0,1200.0,1.8189894035458565e-12,1.1368683772161603e-13,15,0
2025-08-21,52788.7536600787,120.84677624240673,427.18142571918327,213.59071285959163,-92.74393661718489,5264.008542002588,57960.018265464096,73321.34450499021,72590.68537252801,107.34821009924715,838.0073425614476,1318.8875890390073,4190.566825525117,20392.566593202937,16517.978940494373,1200.0,1200.0,1.8189894035458565e-12,2.2737367544323206e-13,15,0
2025-08-22,22293.371657114316,0.0,61.34497757505931,30.672488787529655,-30.672488787529655,5429.78150553831,27692.4806738651,39568.31731571468,39493.872030514656,0.0,74.44528520002572,1446.7323076358373,17174.769289833454,13343.503412194941,10808.237763877903,1200.0,1200.0,1.8189894035458565e-12,1.1368683772161603e-13,15,0
2025-08-23,21940.980881730746,269.75879345746966,0.0,0.0,269.75879345746966,2127.1244158256595,24337.864091013875,39755.80613659095,40013.560734019826,257.7545974288756,0.0,841.6406680028101,15714.11851975332,13742.509117206946,11131.43238493763,1200.0,1200.0,1.8189894035458565e-12,1.1368683772161603e-13,15,0
2025-08-24,52488.525410776245,978.6503902645028,518.4962484317018,259.2481242158509,719.4022660486519,3795.8039000069743,57003.73157683187,71833.34188216495,71274.41716567375,794.2446244471073,1353.169340938314,917.0676598542275,4581.129519839011,20404.030643977,16527.264821621367,1200.0,1200.0,1.8189894035458565e-12,1.1368683772161603e-13,15,0
2025-08-25,58202.56216482637,67.83406984912622,1960.4321027026144,980.2160513513072,-912.381981502181,3309.5404171502396,60599.72060047443,81565.09415187869,78186.92014318667,54.12577546895591,3432.299784160975,844.4682113954177,4153.112067670712,21606.25931707738,17501.07004683267,1200.0,1200.0,1.8189894035458565e-12,2.2737367544323206e-13,15,0
2025-08-26,52872.99287894857,235.18303958278602,90.57515418083051,45.287577090415255,189.89546249237077,3592.0034947360546,56654.89183617699,72876.16893555388,72891.5042604579,217.06033438211477,201.7250094781144,943.5320055320428,4451.084408906068,20290.17617763437,16435.042703883835,1200.0,1200.0,1.8189894035458565e-12,1.1368683772161603e-13,15,0
2025-08-27,53551.348127333724,2278.9496993393286,150.5364992100186,75.2682496050093,2203.6814497343194,3577.585863696671,59332.61544076472,74505.50785273121,76444.2108758461,2383.4686653039043,444.76564218903144,734.9734892723001,5117.804506848788,21827.5315347523,17680.300543149362,1200.0,1200.0,1.8189894035458565e-12,1.1368683772161603e-13,15,0
2025-08-28,53354.012996337486,1422.7782002285692,0.0,0.0,1422.7782002285692,10688.658302207326,65465.449498773385,73874.84467455579,75234.97264387214,1360.1279693163654,0.0,2504.8796998967096,2993.615756806362,20939.16633489029,16960.724731261133,1200.0,1200.0,1.8189894035458565e-12,1.1368683772161603e-13,14,0
2025-08-29,22579.745450794304,0.0,29.219225120691945,14.609612560345973,-14.609612560345973,2702.0817779802983,25267.217616214257,40623.134853333715,40579.282849116134,0.0,43.85200421758377,797.2517812819078,16159.380804286317,14010.176190061728,11348.242713950003,1200.0,1200.0,1.8189894035458565e-12,1.1368683772161603e-13,14,0
2025-08-30,22362.169469190463,0.0,138.00235615669266,69.00117807834633,-69.00117807834633,4953.1675668592725,27246.33585797139,39847.97741065908,39643.69309785754,0.0,204.28431280153967,1548.0262592791437,20006.334579662464,14066.657600741502,11393.992656600618,1200.0,1200.0,1.8189894035458565e-12,1.1368683772161603e-13,14,0
2025-08-31,52515.24745216941,960.7391293283547,650.5197902526135,325.25989512630673,635.479234202048,5752.702228355731,58903.42891472719,72658.5351600078,73136.0030669462,1182.1267356179656,704.6588286795547,1431.228080509774,4135.501760248992,19921.612125650754,16136.505821777113,1200.0,1200.0,1.8189894035458565e-12,2.2737367544323206e-13,15,0
2025-09-01,49297.78382616294,0.0,1362.5936941497616,681.2968470748808,-681.2968470748808,0.0,48616.48697908805,77377.50300438126,74817.16829842763,0.0,2560.334705953621,0.0,17308.21092440732,20709.593898352436,16774.77105766547,1200.0,1200.0,1.8189894035458565e-12,2.2737367544323206e-13,14,0
2025-09-02,45217.512295335415,315.72826233067804,638.805784954498,319.402892477249,-3.6746301465709053,448.10930636976934,45661.94697155862,70930.65775179697,70268.68196360453,494.6131282377063,1156.5889164301482,85.48587213860908,12305.423360023771,21005.20329325978,17014.214667540422,1200.0,1200.0,1.8189894035458565e-12,1.1368683772161603e-13,14,0
2025-09-03,45543.76592803539,626.714829898677,688.285602917811,344.1428014589055,282.5720284397713,133.8831687711409,45960.2211252463,69985.28366831955,68971.13013558972,516.7525461053558,1530.9060788351721,48.11479812934317,9585.244282013788,20454.123166869875,16567.839765164594,1200.0,1200.0,1.8189894035458565e-12,1.1368683772161603e-13,15,0
2025-09-04,42867.27787514645,559.9306403352443,1057.653877623368,528.826938811684,31.10370152356029,1303.6030497036231,44201.98462637363,66558.09026016826,64632.623539870605,426.191829516809,2351.658549814469,463.70411650742227,7231.610290251878,20732.37797961129,16793.226163485146,1200.0,1200.0,1.8189894035458565e-12,1.1368683772161603e-13,15,0
2025-09-05,14747.669458923065,0.0,346.639086332944,173.319543166472,-173.319543166472,1201.7734838482386,15776.123399604832,32532.96229877009,32004.159779138266,0.0,528.8025196318246,342.9013571024574,22844.16912326932,14098.054454235442,11419.424107930707,1200.0,1200.0,1.8189894035458565e-12,1.1368683772161603e-13,15,0
2025-09-06,13884.066146372545,0.0,193.09865021315395,96.54932510657697,-96.54932510657697,3236.4647387526475,17023.98156001862,31007.700427314536,30709.7802377916,0.0,297.92018952293154,941.9900869606258,21074.802734074998,15030.96784566962,12175.083954992393,1200.0,1200.0,1.8189894035458565e-12,1.1368683772161603e-13,15,0
2025-09-07,38348.97059548788,1012.3696194880945,146.43985617372365,73.21992808686183,939.1496914012326,4482.241905623273,43770.36219251239,60374.960541771885,61534.36694073313,1481.0198576605928,321.613458699352,1196.6252684333544,3854.910810821978,20605.777798304458,16690.680016626608,1200.0,1200.0,1.8189894035458565e-12,1.1368683772161603e-13,15,0
2025-09-08,38473.91551335225,2014.3632418502775,154.03415400842658,77.01707700421329,1937.3461648460643,11766.628509055601,52177.89018725393,60948.68976400901,62477.46929896694,1831.9881990598847,303.20866410195515,2907.0582102637154,1903.6523805497025,21501.608396566422,17416.3028012188,1200.0,1200.0,1.8189894035458565e-12,1.1368683772161603e-13,15,0
2025-09-09,37217.60510864488,511.6556821458595,379.27492038566896,189.63746019283448,322.018221953025,11183.441328095909,48723.06465869381,58388.41418338974,57515.21145738135,473.8806144344852,1347.0833404428708,2805.3687989060763,3305.7137877825858,20589.643167569346,16677.610965731168,1200.0,1200.0,9.094947017729282e-13,1.1368683772161603e-13,15,0
2025-09-10,40756.74622273259,844.3117119165131,150.35047915111727,75.17523957555863,769.1364723409544,10615.120993777711,52141.003688851255,63616.910432607925,64168.39627024801,857.495045405961,306.0092077658731,2696.6054747343182,1409.3257559318174,21787.77546868692,17648.098129636404,1200.0,1200.0,1.8189894035458565e-12,1.1368683772161603e-13,15,0
2025-09-11,40351.721035503906,0.0,2231.6950873778173,1115.8475436889087,-1115.8475436889087,5979.592942154959,45215.46643396995,64278.643741868305,59157.01940738846,0.0,5121.624334479853,1505.430594310634,3111.8854540372695,21339.361917518363,17284.883153189876,1200.0,1200.0,1.8189894035458565e-12,1.1368683772161603e-13,15,0
2025-09-12,14014.458449790896,94.30800778356578,0.0,0.0,94.30800778356578,3164.9139646811946,17273.680422255657,31580.007905349856,31681.20019781924,101.19229246938045,0.0,1045.9076671803987,18374.546993751952,14741.603532882542,11940.698861634864,1200.0,1200.0,1.8189894035458565e-12,1.1368683772161603e-13,15,0
2025-09-13,14377.10169319813,0.0,10.449858256100729,5.2249291280503645,-5.2249291280503645,2580.8440943698088,16952.72085843989,32346.98381608391,32332.180856804916,0.0,14.802959278991096,796.9528344705532,22152.01824869978,15631.65241706502,12661.638457822664,1200.0,1200.0,1.8189894035458565e-12,1.1368683772161603e-13,15,0
2025-09-14,43605.09732282533,136.30083503595102,812.3348997436274,406.1674498718137,-269.86661483586266,4042.002348398394,47377.23305638785,67581.97809126334,66620.84983679318,205.48007881029332,1166.6083332804556,1140.472320189539,3583.8793489449718,21463.779252830238,17385.66119479249,1200.0,1200.0,1.8189894035458565e-12,1.1368683772161603e-13,15,0
2025-09-15,38381.66339950934,0.0,391.9515758932384,195.9757879466192,-195.9757879466192,10696.757434681222,48882.44504624394,59556.51224622643,58546.35316933724,0.0,1010.1590768891936,2620.0175333950774,2032.8745661923956,21402.45001687678,17335.98451367019,1200.0,1200.0,1.8189894035458565e-12,1.1368683772161603e-13,15,0
2025-09-16,41404.33089336167,55.853905139220615,774.0535964682899,387.02679823414496,-331.17289309492435,10661.064296836823,51734.22229710357,64573.58868115455,63568.65756502591,76.79096052687237,1081.7220766555138,2769.730121065675,2781.3898002586075,21395.936328945485,17330.70842644584,1200.0,1200.0,1.8189894035458565e-12,1.5184468793449923e-08,15,0
2025-09-17,41538.15602989094,0.0,612.3222238068312,306.1611119034156,-306.1611119034156,8000.873311327269,49232.86822931479,64321.47405963727,63509.456455166335,0.0,812.017604470937,2173.186202765506,1661.685177589101,21372.837264961774,17311.998184619035,1200.0,1200.0,1.8189894035458565e-12,1.1368683772161603e-13,15,0
2025-09-18,39798.60863357422,1969.1876175715865,87.15250986357546,43.57625493178773,1925.611362639799,5770.39580443844,47494.615800652464,62305.52175836247,65102.801297777034,2886.997390671968,89.71785125739734,1255.480900724332,3317.8622404084513,21496.67811276974,17412.30927134349,1200.0,1200.0,1.8189894035458565e-12,1.1368683772161603e-13,15,0
2025-09-19,14870.147533807398,0.0,5.676507887974033,2.8382539439870165,-2.8382539439870165,2276.9132126939903,17144.2224925574,32728.216750992124,32720.203611681034,0.0,8.013139311087002,834.6363142003213,14615.670114141049,14935.881553019133,12098.064057945494,1200.0,1200.0,1.8189894035458565e-12,1.5184468793449923e-08,15,0
2025-09-20,14833.355499440217,0.0,127.6796307465499,63.83981537327495,-63.83981537327495,2675.452641929175,17444.968325996117,33463.39187564074,33280.35157005205,0.0,183.0403055886843,728.1158855205404,15506.377261041667,15035.034006303098,12178.377545105508,1200.0,1200.0,1.8189894035458565e-12,1.1368683772161603e-13,15,0
2025-09-21,44526.56152544866,97.95900049390904,1148.1083581534924,574.0541790767462,-476.0951785828372,2873.627630445453,46924.09397731127,68357.43152716444,66678.62490792421,135.48962723915497,1814.2962464793745,751.172162302496,5182.217202624621,20842.59149615134,16882.499111882586,1200.0,1200.0,1.8189894035458565e-12,1.1368683772161603e-13,15,0
2025-09-22,42824.37128412331,0.0,1530.4223517531586,765.2111758765793,-765.2111758765793,11526.405506335748,53585.565614582476,65851.65514788736,63265.6417542689,0.0,2586.0133936184543,3075.363400066954,1656.8484071968173,21421.772967398447,17351.63610359274,1200.0,1200.0,1.8189894035458565e-12,1.1368683772161603e-13,15,0
2025-09-23,43138.23113197916,181.37821009743402,476.84704386532303,238.42352193266152,-57.04531183522752,9624.835587275657,52706.0214074196,66826.12282460096,66054.1954164374,157.14019139549265,929.0675995590428,2121.282686173545,1941.4053201259144,21670.827363956363,17553.370164804655,1200.0,1200.0,1.8189894035458565e-12,1.1368683772161603e-13,15,0
2025-09-24,41714.814917472155,362.14345402258596,0.0,0.0,362.14345402258596,6926.590431691708,49003.548803186444,64220.579632554545,64731.84972887715,511.27009632260393,0.0,2016.6144719757758,1621.7738201757143,21386.659371985326,17323.194091308113,1200.0,1200.0,1.8189894035458565e-12,1.1368683772161603e-13,15,0
2025-09-25,43548.32417426388,574.6775554862846,22.49924249207925,11.249621246039625,563.427934240245,5535.25398093742,49647.00608944154,67325.09184290975,67886.86873960728,610.367113501603,48.590216804064596,1479.7517141339881,4943.409412801885,21514.537583891513,17426.775442952126,1200.0,1200.0,1.8189894035458565e-12,1.1368683772161603e-13,15,0
2025-09-26,15046.134583413068,0.0,189.77823181142276,94.88911590571138,-94.88911590571138,997.1210613812832,15948.366528888639,33755.3880549405,33468.81088575264,0.0,286.57716918786406,333.3829360854759,13166.65985264524,15480.476153646727,12539.185684453847,1200.0,1200.0,1.8189894035458565e-12,1.1368683772161603e-13,15,0
2025-09-27,15670.180642612759,144.94030105534637,0.0,0.0,144.94030105534637,2491.1578737449163,18306.278817413022,34088.97539095278,34239.45301188735,150.47762093457135,0.0,762.8955889451206,14270.989033815275,15421.35430009053,12491.296983073331,1200.0,1200.0,1.8189894035458565e-12,1.1368683772161603e-13,15,0
2025-09-28,45426.64939270422,1167.1876488369803,42.60489980733493,21.302449903667465,1145.885198933313,3293.087541005115,49865.622132642646,69380.93500734311,70768.39191135974,1425.2285875848975,37.771683568268486,838.4863560308163,3874.789104441206,22339.263138329912,18094.80314204723,1200.0,1200.0,1.8189894035458565e-12,1.1368683772161603e-13,15,0
2025-09-29,44113.44687041267,0.0,2026.7862401139525,1013.3931200569763,-1013.3931200569763,13144.820415826838,56244.874166182526,68288.97110329781,65081.209034319036,0.0,3207.7620689787777,3125.860853023457,1359.8467791177459,21512.271095919703,17424.939587694964,1200.0,1200.0,1.8189894035458565e-12,1.1368683772161603e-13,15,0
2025-09-30,44587.14348002148,657.5407230340109,20.974369367344533,10.487184683672266,647.0535383503386,8737.647671574501,53971.844689946316,68592.58771839607,69188.55946246503,641.0282978422833,45.05655377332346,2074.546860014403,1605.228568806336,22293.173615823234,18057.47062881681,1200.0,1200.0,9.094947017729282e-13,1.1368683772161603e-13,15,0
2025-10-01,42282.58227176635,0.0,2231.310970297947,1115.6554851489734,-1115.6554851489734,394.6655595696665,41561.59234618705,68557.43996959555,63843.303866219336,0.0,4714.136103376227,185.22725271661886,10271.273973630015,21556.503220908453,17460.767608935847,1200.0,1200.0,9.094947017729282e-13,2.2737367544323206e-13,15,0
2025-10-02,43042.50913102378,0.0,3556.8784856643574,1778.4392428321787,-1778.4392428321787,1099.9439005868146,42364.01378877841,69825.78730614277,63735.68006514365,0.0,6090.107240999121,352.90817749827374,8282.229641804444,21450.397285109528,17374.82180093872,1200.0,1200.0,1.8189894035458565e-12,1.1368683772161603e-13,15,0
2025-10-03,13243.407726819598,0.0,73.11981843795856,36.55990921897928,-36.55990921897928,230.3660645458943,13437.213882146512,32056.510368502324,31939.433675056396,0.0,117.07669344592648,114.15494691529693,21206.848762421305,15945.190313423105,12915.604153872715,1200.0,1200.0,1.8189894035458565e-12,1.1368683772161603e-13,15,0
2025-10-04,13901.646766913127,0.0,87.22044987488133,43.61022493744066,-43.61022493744066,430.02642720093917,14288.062969176626,32723.150806731253,32600.94858558059,0.0,122.2022211506604,146.48781981560575,16565.48130705545,16241.961394775863,13155.98872976845,1200.0,1200.0,1.8189894035458565e-12,1.1368683772161603e-13,15,0
2025-10-05,41452.48629289033,0.0,2240.708396114405,1120.3541980572024,-1120.3541980572024,1721.9005869158239,42054.032681748955,67461.63345304661,63092.84722562296,0.0,4368.786227423649,554.0740336738672,4813.3455276078375,21566.392973801667,17468.77830877935,1200.0,1200.0,1.8189894035458565e-12,1.1368683772161603e-13,15,0
2025-10-06,39504.792531920226,560.3510594781991,264.05294421629,132.026472108145,428.32458737005413,4105.1972018102115,44038.31432110049,62292.8844205839,62731.16011456898,797.1157810140461,358.8400870289677,1192.3069949033227,2100.673557801807,21524.654219318338,17434.96991764785,1200.0,1200.0,1.8189894035458565e-12,1.1368683772161603e-13,15,0
2025-10-07,40053.90511389735,511.143886342664,0.16287261292173374,0.08143630646086687,511.06245003620313,2088.816028839639,42653.783592773194,64309.11322962433,64855.881474702335,546.9109530539289,0.1427079759237131,519.9422772053501,3495.1323104426265,21626.99179718458,17517.863355719513,1200.0,1200.0,1.8189894035458565e-12,1.1368683772161603e-13,15,0
2025-10-08,38461.878443465816,0.0,310.5111514155608,155.2555757077804,-155.2555757077804,5337.337662417233,43643.96053017527,62295.964530271056,61850.852891455834,0.0,445.11163881522236,1135.1724515342885,2437.422405691063,21421.61721385469,17351.509943222303,1200.0,1200.0,1.8189894035458565e-12,1.1368683772161603e-13,15,0
2025-10-09,40589.85455482162,0.0,2240.8292516479855,1120.4146258239928,-1120.4146258239928,4830.495239739765,44299.9351687374,65370.89580722401,61144.88907902774,0.0,4226.00672819628,1038.3616387310083,2354.6746267031176,21413.65477748574,17345.060369763447,1200.0,1200.0,1.8189894035458565e-12,1.1368683772161603e-13,15,0
2025-10-10,12584.63694315132,0.0,34.429916272204586,17.214958136102293,-17.214958136102293,2401.736569623061,14969.158554638278,31162.443329787497,31111.18171064666,0.0,51.26161914083813,815.5293792727305,19235.68684666786,17617.96487676241,14270.551550177548,1200.0,1200.0,1.8189894035458565e-12,1.1368683772161603e-13,15,0
2025-10-11,13150.134343085178,0.0,1.7859816105568027,0.8929908052784014,-0.8929908052784014,1448.5037887053973,14597.745140985297,32022.612195346574,32019.50668046124,0.0,3.1055148853361203,404.4316257219814,15213.670684952365,16336.60019946067,13232.646161563147,1200.0,1200.0,1.8189894035458565e-12,1.1368683772161603e-13,15,0
2025-10-12,39823.89580157757,437.5572445277444,917.8527665477036,458.9263832738518,-21.369138746107495,4918.098414516337,44720.625077347795,64703.89046332988,64288.751402484566,636.0567746334507,1051.1958354787657,1169.376016664495,2881.9142381710208,21375.03788234057,17313.78068469586,1200.0,1200.0,1.8189894035458565e-12,1.1368683772161603e-13,15,0
2025-10-13,41212.971490381155,0.0,1253.8086268861414,626.9043134430707,-626.9043134430707,3757.8875402823564,44343.95471722044,65885.57489269454,63540.19565149545,0.0,2345.3792411990817,1048.5605830624686,3494.5464650431827,21404.286681656507,17337.47221214177,1200.0,1200.0,1.8189894035458565e-12,1.1368683772161603e-13,15,0
2025-10-14,42057.32996694709,610.5855986500435,859.6815097174072,429.8407548587036,180.74484379133992,5272.755351591989,47510.830162330414,66717.66628862912,65641.752137896,647.9958301981467,1723.9099809312706,1469.1928651586331,2242.853068360119,21548.75079663775,17454.488145276584,1200.0,1200.0,9.094947017729282e-13,2.2737367544323206e-13,15,0
2025-10-15,41625.6970890003,255.54830635935048,167.34025871049073,83.67012935524536,171.87817700410508,5302.2634609707475,47099.838726975155,66572.98904628512,66640.10507679518,340.82223190536115,273.7062013952848,1448.2833793129025,2047.6075364457865,21688.19615611741,17567.438886455104,1200.0,1200.0,1.8189894035458565e-12,1.1368683772161603e-13,15,0
2025-10-16,41742.79176392018,1941.0829399261804,0.0,0.0,1941.0829399261804,6409.721450583453,50093.596154429804,65880.46422224701,67685.68666887665,1805.222446629643,0.0,1507.1964183415187,2018.389903002097,22147.474916926698,17939.454682710624,1200.0,1200.0,1.8189894035458565e-12,2.2737367544323206e-13,15,0
2025-10-17,12912.059619910582,99.10070887189053,0.0,0.0,99.10070887189053,2160.360088340469,15171.520417122942,31606.211141990596,31709.760680949967,103.54953895937359,0.0,652.9247397916583,13260.479067046148,16305.300194888478,13207.293157859667,1200.0,1200.0,1.8189894035458565e-12,1.1368683772161603e-13,15,0
2025-10-18,13694.766944878284,0.0,21.589135516047747,10.794567758023874,-10.794567758023874,876.7025839009061,14560.674961021166,32820.251541702666,32788.642435520655,0.0,31.6091061820067,369.2718046346549,13860.071261111254,16953.94585461784,13732.696142240447,1200.0,1200.0,9.094947017729282e-13,1.1368683772161603e-13,15,0
2025-10-19,44171.371873384975,548.0112238174629,440.30853991144573,220.15426995572287,327.85695386173995,5328.667290461083,49827.896117707794,69299.13844717472,68890.36598947314,424.46515499413795,833.2376126957116,1165.6519543565457,1947.9571793726798,22222.832795387694,18000.494564264034,1200.0,1200.0,9.094947017729282e-13,1.1368683772161603e-13,15,0
2025-10-20,46058.24579937121,47.39789518189243,491.48552158865846,245.74276079432923,-198.34486561243682,2842.098363315891,48701.99929707467,72049.57711441163,71448.99013641677,71.962013757786,672.5489917526288,614.4764251718688,3236.182878448857,23086.849034069095,18700.347717595967,1200.0,1200.0,9.094947017729282e-13,2.2737367544323206e-13,15,0
2025-10-21,46205.34770082824,666.4141099688389,25.42837795915672,12.71418897957836,653.6999209892606,4086.487095236308,50945.53471705381,71831.52790912302,72554.79153645535,752.0776709700294,28.81404363770298,1005.313760647151,2547.4878871018054,23947.558210529947,19397.522150529254,1200.0,1200.0,1.8189894035458565e-12,1.1368683772161603e-13,15,0
2025-10-22,45501.73332560655,159.6107041956194,500.59641284404506,250.29820642202253,-90.68750222640313,7066.54997270093,52477.59579608108,71391.63427608978,70754.04142006795,109.07719814170315,746.670054163528,1358.9450783461537,2233.8668751881696,22759.06801697857,18434.845093752643,1200.0,1200.0,9.094947017729282e-13,1.1368683772161603e-13,15,0
2025-10-23,47409.19356723406,0.0,3571.356148287803,1785.6780741439015,-1785.6780741439015,4335.95357265672,49959.469065746875,75186.05189974004,69559.08593368076,0.0,5626.965966059279,1013.4854221598915,2835.4018669430293,22935.11818718044,18577.445731616157,1200.0,1200.0,1.8189894035458565e-12,1.1368683772161603e-13,15,0
2025-10-24,13501.229469855036,94.89100629965823,0.0,0.0,94.89100629965823,3000.7049151431984,16596.82539129789,32920.97524820835,33018.244425303914,97.26917709556426,0.0,793.721452976491,12040.805043410404,17637.42167475437,14286.311556551034,1200.0,1200.0,9.094947017729282e-13,1.1368683772161603e-13,15,0
2025-10-25,14224.811244889346,3.007393956378827,0.0,0.0,3.007393956378827,1414.8200241605432,15642.638663006268,33800.80774268496,33804.02231588402,3.2145731990581226,0.0,423.10927203954185,11429.715579283844,17889.385659507287,14490.402384200901,1200.0,1200.0,1.8189894035458565e-12,1.1368683772161603e-13,15,0
2025-10-26,47659.262278785376,22.27178678218732,2190.091360189384,1095.045680094692,-1072.7738933125047,2551.3063708046257,49137.79475627749,74178.10947817142,71000.28581858845,15.436114518007685,3193.2597741009818,783.7896373602282,2850.3138319438776,23102.366354411206,18712.91674707308,1200.0,1200.0,9.094947017729282e-13,1.1368683772161603e-13,15,0
2025-10-27,46565.11251501896,1332.9593807876522,553.6207717233763,276.81038586168813,1056.1489949259642,1044.146609775149,48665.40811972007,72680.61636090989,72829.15612185153,1033.9074703111994,885.3677093695717,270.46970314414295,5165.775708286385,23059.307631803233,18678.03918176062,1200.0,1200.0,1.8189894035458565e-12,2.2737367544323206e-13,15,0
2025-10-28,46918.17123490629,645.6530560005817,274.7141648300967,137.35708241504835,508.2959735855334,1969.618994300694,49396.08620279251,72523.5759790198,72857.43854430909,638.2263303293594,304.36376504008956,499.88921956872736,3036.950401334256,22883.97717128188,18536.021508738322,1200.0,1200.0,1.8189894035458565e-12,1.1368683772161603e-13,15,0
2025-10-29,47545.835697177274,1428.6655541390955,0.0,0.0,1428.6655541390955,4503.229288040299,53477.73053935667,73235.81760418469,74482.11984513723,1246.3022409525547,0.0,1030.5236428813287,1755.5678064622884,23393.783587138314,18948.964705582028,1200.0,1200.0,1.8189894035458565e-12,1.1368683772161603e-13,15,0
2025-10-30,47413.84705678772,292.6514207100162,909.7719975425489,454.88599877127444,-162.23457806125816,3450.9272776159028,50702.53975634236,72408.10600576407,71189.07938551198,212.28283885760146,1431.3094591096933,855.56845313094,2882.128340238016,23024.746570552124,18650.044722147224,1200.0,1200.0,1.8189894035458565e-12,1.1368683772161603e-13,15,0
2025-10-31,14379.128091591458,23.97970222289665,0.8700415521811558,0.4350207760905779,23.544681446806067,1501.0820683015409,15903.754841339805,34330.80800975375,34354.39618904131,25.061577343752376,1.473398056191627,404.6093481957546,7394.46548992235,18211.831477094987,14751.583496446938,1200.0,1200.0,1.8189894035458565e-12,1.1368683772161603e-13,15,0
2025-11-01,14370.989480803208,3.0994356247980313,13.835347822546662,6.917673911273331,-3.8182382864753,1160.7649004200948,15527.936142936825,34753.18584726989,34730.3094121021,2.7252577374466114,25.601692905232202,470.66171345239263,9179.638580166502,18301.547958182404,14824.253846127744,1200.0,1200.0,9.094947017729282e-13,1.1368683772161603e-13,15,0
2025-11-02,49856.81577156933,196.2778672960696,196.78819375125076,98.39409687562538,97.88377042044421,3063.776319541294,53018.475861531064,75807.14068637196,75804.69531060105,253.98681468729941,256.43219045821115,715.2907700196891,3270.2204005290214,23438.85129872834,18985.469551969956,1200.0,1200.0,9.094947017729282e-13,1.1368683772161603e-13,15,0
2025-11-03,51870.27840446853,15.103449468480147,1066.5362536228804,533.2681268114402,-518.1646773429602,1973.5771035594066,53325.69083068497,78028.25038784578,76645.51869174256,8.96214180001789,1391.6938379032329,573.399586440492,3388.5951190015885,22765.225662358633,18439.83278651049,1200.0,1200.0,1.8189894035458565e-12,1.1368683772161603e-13,15,0
2025-11-04,50581.40801803527,28.200707739294636,924.2800064336382,462.1400032168191,-433.93929547752447,2314.461339364591,52461.930061922336,77113.40201161352,75701.56820359068,33.328260638532925,1445.1620686613742,513.8352797229722,4258.295771202075,23037.02988830652,18659.99420952828,1200.0,1200.0,9.094947017729282e-13,2.2737367544323206e-13,15,0
2025-11-05,52394.9674411181,0.0,1417.60395164303,708.801975821515,-708.801975821515,2130.1360081378234,53816.3014734344,78399.60924534238,76498.80631879347,0.0,1900.8029265489022,590.5472373333259,3163.7634034942243,22355.632031399527,18108.061945433616,1200.0,1200.0,9.094947017729282e-13,1.1368683772161603e-13,15,0
2025-11-06,52032.958622076374,412.9776826852119,84.60706669828532,42.30353334914266,370.67414933606926,4885.005629927441,57288.63840133988,77394.78868689615,77615.86605594837,328.0675313850908,106.99016233286227,1065.187358597596,2961.8871927675414,22892.535114623315,18542.95344284489,1200.0,1200.0,1.8189894035458565e-12,1.1368683772161603e-13,15,0
2025-11-07,15038.841185659536,0.0,87.72151924989761,43.860759624948805,-43.860759624948805,1008.3394513330406,16003.319877367629,35647.41275590773,35509.05188607209,0.0,138.36086983564329,317.91215734801375,9041.005583072161,18249.982510603208,14782.485833588595,1200.0,1200.0,1.8189894035458565e-12,1.1368683772161603e-13,15,0
2025-11-08,15127.947646776729,12.1615444978169,0.0,0.0,12.1615444978169,782.9679596217242,15923.077150896272,35663.787456476755,35675.91092561625,12.123469139498212,0.0,281.19277068464936,8718.59570399584,18143.68890686873,14696.38801456367,1200.0,1200.0,1.8189894035458565e-12,1.1368683772161603e-13,14,0
2025-11-09,52769.390962254445,315.18950068898727,320.29232757476984,160.14616378738492,155.0433369016023,1862.701700449264,54787.13599960531,78773.1713852986,78504.12342124892,239.63361126997313,508.6815753196446,535.0201755831495,3415.362721994924,22510.33521844113,18233.371526937313,1200.0,1200.0,9.094947017729282e-13,2.2737367544323206e-13,14,0
2025-11-10,54106.1156554585,1264.4106384312965,0.0,0.0,1264.4106384312965,3175.7891974649865,58546.31549135479,79208.94982973777,80331.43188612472,1122.4820563869412,0.0,775.8345534416859,2967.947654678035,22530.924657307158,18250.048972418794,1200.0,1200.0,1.8189894035458565e-12,1.1368683772161603e-13,14,0
2025-11-11,54472.52210340451,28.21814434017748,1101.596732432176,550.798366216088,-522.5802218759105,1271.4427278678647,55221.38460939647,80465.60799469255,79098.57544577436,20.304893704736116,1387.3374426229266,321.3719560002118,3604.396299559019,22402.797029204623,18146.265593655742,1200.0,1200.0,1.8189894035458565e-12,2.2737367544323206e-13,14,0
2025-11-12,53943.86403365701,10.690938269689543,412.5641913014851,206.28209565074255,-195.591157381053,1753.8386930165761,55502.11156929252,79793.407940582,79184.33622176836,12.873486607683958,621.9452054213048,388.20916910120405,4324.425340026957,22590.1700044348,18298.037703592185,1200.0,1200.0,1.8189894035458565e-12,1.1368683772161603e-13,14,0
2025-11-13,54318.63979434606,53.70680849827841,394.2633073527873,197.13165367639365,-143.42484517811525,3814.087968304206,57989.30291747215,79201.26913572816,78760.58918040077,44.32252426720754,485.00247959462007,1013.1049166955988,3025.715358407808,22905.828536957237,18553.72111493536,1200.0,1200.0,1.8189894035458565e-12,2.2737367544323206e-13,14,0
2025-11-14,15403.464528254506,18.292842206213322,0.0,0.0,18.292842206213322,761.9800266783895,16183.73739713911,36214.07672822439,36234.57870423779,20.501976013407152,0.0,296.20118138235466,5328.120261676899,18969.496441806557,15365.292117863308,1200.0,1200.0,1.8189894035458565e-12,1.1368683772161603e-13,14,0
2025-11-15,15781.409568210198,0.0,56.31050679336954,28.15525339668477,-28.15525339668477,1253.7147499356497,17006.969064749162,36505.208352396105,36418.63470406002,0.0,86.5736483360811,421.00462718883784,4950.92333156697,19351.732015869613,15674.902932854384,1200.0,1200.0,1.8189894035458565e-12,1.1368683772161603e-13,14,0
2025-11-16,55329.470473380185,360.92897856127365,225.4955232901932,112.7477616450966,248.18121691617705,4270.036728106659,59847.68841840302,80835.21380293719,80674.93031912239,256.4414052387819,416.7248890535702,983.3441064529247,2802.006063173371,23272.231468782156,18850.50748971355,1200.0,1200.0,1.8189894035458565e-12,1.1368683772161603e-13,14,0
2025-11-17,54943.66076316495,600.1081188265533,43.51196637077809,21.755983185389045,578.3521356411643,1483.4164524184175,57005.429351224535,80489.75752648799,80948.21582087604,549.8665982146947,91.40830382663353,401.705612046287,4233.062822536133,23268.96987922561,18847.86560217275,1200.0,1200.0,1.8189894035458565e-12,1.1368683772161603e-13,14,0
2025-11-18,55291.47550622211,311.82638427118167,47.45495440015487,23.727477200077434,288.09890707110424,3964.4405391450982,59544.01495243831,80410.64449762544,80680.09099351632,332.4972146352237,63.050718744353404,1043.726105436899,2559.2919483935457,22494.59640645441,18220.623089228073,1200.0,1200.0,9.094947017729282e-13,1.1368683772161603e-13,14,0
2025-11-19,56167.938204283375,1361.7854602034529,25.994464854832465,12.997232427416233,1348.7882277760366,2737.9687302138664,60254.69516227329,80646.62244342583,81671.16778570929,1069.658905538685,45.113563255245026,735.2890688188882,2741.3629139121113,22614.643897979273,18317.86155736322,1200.0,1200.0,1.8189894035458565e-12,1.1368683772161603e-13,14,0
2025-11-20,55253.810571638205,577.1518481979331,150.22724104403545,75.11362052201773,502.0382276759153,3537.8617069789143,59293.710506293035,80765.86729711108,81011.46054707875,431.59136567270315,185.9981157050296,826.4588347004554,2794.6306765689533,22369.54037829955,18119.32770642264,1200.0,1200.0,1.8189894035458565e-12,2.2737367544323206e-13,14,0
2025-11-21,15990.780916715532,0.0,0.0,0.0,0.0,1268.418402273356,17259.19931898889,36696.15354599627,36696.15354599627,0.0,0.0,527.5671975892313,4790.341637452552,18784.184418243585,15215.189378777302,1200.0,1200.0,1.8189894035458565e-12,1.1368683772161603e-13,14,0
2025-11-22,16195.21807435569,0.0,72.6112468022383,36.30562340111915,-36.30562340111915,1999.4266147316564,18158.339065686225,37797.21815617729,37685.82910226317,0.0,111.38905391412425,637.2045175904692,4498.702359665558,18971.06198344604,15366.560206591294,1200.0,1200.0,1.8189894035458565e-12,1.1368683772161603e-13,14,0
2025-11-23,56599.82554901549,407.5185148540867,535.30262332447,267.651311662235,139.86720319185167,3283.572727944915,60023.26548015226,81946.84692432349,81531.55508901179,269.74901510189324,685.040850413593,773.6425073497714,2774.627375200599,22623.547041198006,18325.07310337038,1200.0,1200.0,1.8189894035458565e-12,1.1368683772161603e-13,14,0
2025-11-24,56055.73317450746,46.76602416568848,482.7908146809679,241.39540734048396,-194.62938317479546,3113.90995782211,58975.01374915478,81572.02710448651,80877.01591899991,35.50755992755734,730.5187454141656,732.3174746009544,3220.052735022987,22249.141887251943,18021.80492867407,1200.0,1200.0,1.8189894035458565e-12,1.1368683772161603e-13,14,0
2025-11-25,57534.69757091745,0.0,690.1993111478885,345.09965557394423,-345.09965557394423,2440.1975175644434,59629.795432907944,83729.77521464943,82862.23918404245,0.0,867.536030606984,602.7628286205018,3009.0656325619584,22564.61007070697,18277.33415727265,1200.0,1200.0,1.8189894035458565e-12,2.2737367544323206e-13,15,0
2025-11-26,57320.86682406539,975.4501729474904,0.0,0.0,975.4501729474904,3354.734497618353,61651.05149463123,82560.83944289223,83326.36872250731,765.5292796150588,0.0,731.3577749563092,2956.269114309698,22862.0552622136,18518.264762393013,1200.0,1200.0,1.8189894035458565e-12,2.2737367544323206e-13,15,0
2025-11-27,57231.24601356806,538.6593191356753,6.142919208341984,3.071459604170992,535.5878595315044,3091.8334281741863,60858.667301273745,82219.43960520113,82586.61273101419,377.28322374940586,10.110097936358102,674.1996863908756,3193.5470200454683,22559.856126453997,18273.483462427736,1200.0,1200.0,1.8189894035458565e-12,1.1368683772161603e-13,14,0
2025-11-28,15743.482267896967,0.0,58.897670203778674,29.448835101889337,-29.448835101889337,1772.152862076515,17486.186294871593,37679.065230696484,37596.61749125531,0.0,82.44773944117608,532.1876256527717,3547.1688155870083,19265.25132274246,15604.85357142139,1200.0,1200.0,1.8189894035458565e-12,1.1368683772161603e-13,14,0
2025-11-29,16886.61245656369,542.2728061280479,0.0,0.0,542.2728061280479,1632.605860702813,19061.491123394546,40115.323421916706,40917.25194867488,801.9285267581733,0.0,653.6485254806996,2950.0931660906544,19428.19583192064,15736.838623855712,1200.0,1200.0,1.8189894035458565e-12,2.2737367544323206e-13,14,0
2025-11-30,59067.45017735264,1577.6747153024494,3.691623960388411,1.8458119801942054,1575.828903322255,4339.215272162421,64982.49435283732,84199.88811034482,85336.95279528444,1142.7406135379822,5.675928598383166,999.6615631513891,1835.1210241186147,22403.501145529164,18146.83592787862,1200.0,1200.0,1.8189894035458565e-12,1.1368683772161603e-13,14,0
2025-12-01,63977.36931901921,0.0,458.93315268860385,229.46657634430193,-229.46657634430193,27618.644465998084,91366.547208673,85789.9971644883,85163.39364211948,0.0,626.6035223688228,6121.122512376337,580.2607072957957,23185.935336140457,18780.607622273776,1200.0,1200.0,9.094947017729282e-13,2.2737367544323206e-13,15,0
2025-12-02,66377.89056144303,20.003226185807247,103.03243830145797,51.516219150728986,-31.512992964921743,24850.321102443486,91196.69867092159,88625.64718863791,88484.09314716449,10.307562212466678,151.86160368590242,5265.426135230704,576.8003357769883,23867.942087464242,19333.033090846042,1200.0,1200.0,1.8189894035458565e-12,1.1368683772161603e-13,14,0
2025-12-03,66204.16903355053,1932.7726329313355,0.0,0.0,1932.7726329313355,12288.670904597926,80425.61257107978,88646.00960872916,90042.33581791463,1396.3262091854656,0.0,2936.2176560339435,1250.4866529531619,24027.990812256558,19462.67255792781,1200.0,1200.0,1.8189894035458565e-12,1.1368683772161603e-13,14,0
2025-12-04,68574.38260931527,0.0,1407.5079641111417,703.7539820555709,-703.7539820555709,11842.732987628204,79713.36161488791,91952.76859298069,90496.08237625755,0.0,1456.6862167231334,2516.410007895986,1672.2830006689428,24047.37175518211,19478.37112169751,1200.0,1200.0,1.8189894035458565e-12,1.1368683772161603e-13,14,0
2025-12-05,21458.673070676658,0.0,124.93823152414943,62.469115762074715,-62.469115762074715,3032.957870631695,24429.16182554628,48187.23987287804,47884.13370800185,0.0,303.10616487618785,879.7486476752455,3369.394410651292,21488.73821943404,17405.877957741573,1200.0,1200.0,9.094947017729282e-13,1.1368683772161603e-13,15,0
2025-12-06,23575.34058492587,0.0,157.539653428037,78.7698267140185,-78.7698267140185,2471.1731286068916,25967.743886818742,50796.82081012374,50530.139485385094,0.0,266.6813247386396,728.5073562941502,3518.7889580249202,21448.563510461325,17373.336443473672,1200.0,1200.0,1.8189894035458565e-12,1.1368683772161603e-13,14,0
2025-12-07,73057.76553984793,0.0,1488.0652959483132,744.0326479741566,-744.0326479741566,3452.548417499068,75766.28130937283,96816.85563687774,95100.19193810181,0.0,1716.6636987759425,756.5744490424747,3572.3528602102124,24377.538299652988,19745.806022718916,1200.0,1200.0,1.8189894035458565e-12,1.1368683772161603e-13,14,0
2025-12-08,74527.10865976951,152.56237193688517,210.89062486162,105.44531243081,47.117059506075165,1262.706226450506,75836.93194572609,98258.94074224946,98178.53162314165,145.4478672233913,225.85698633117443,233.63111896591806,5931.236999141107,24387.971717367396,19754.25709106759,1200.0,1200.0,9.094947017729282e-13,1.1368683772161603e-13,14,0
2025-12-09,73117.75104526717,0.0,1108.376110511788,554.188055255894,-554.188055255894,2678.24383616064,75241.8068261719,97764.26456624448,96430.28414610578,0.0,1333.9804201387042,522.3874736191129,4873.492842417997,24688.023740211727,19997.299229571498,1200.0,1200.0,1.8189894035458565e-12,2.2737367544323206e-13,14,0
2025-12-10,72543.08655947055,187.13074962437597,0.18229147213777996,0.09114573606888998,187.03960388830708,2257.5891405640987,74987.71530392296,95862.49387757157,96044.92387712642,182.6162393097918,0.18623975494256229,511.3649230593828,3402.129082939212,25087.059213578534,20320.51796299861,1200.0,1200.0,1.8189894035458565e-12,2.2737367544323206e-13,15,0
2025-12-11,71373.93520762082,0.0,1664.805611600674,832.402805800337,-832.402805800337,2007.697772064413,72549.23017388489,96352.96724183133,94593.21440648515,0.0,1759.7528353461742,505.1500784747605,4493.653330974443,24439.24449466035,19795.78804067488,1200.0,1200.0,1.8189894035458565e-12,1.1368683772161603e-13,14,0
2025-12-12,22747.518093798146,495.9117474201173,0.0,0.0,495.9117474201173,2307.1837716517675,25550.61361287003,49838.86367238982,50472.13025812638,633.2665857365575,0.0,704.8612700771882,3394.5945350928387,21410.43952514418,17342.45601536678,1200.0,1200.0,1.8189894035458565e-12,1.1368683772161603e-13,14,0
2025-12-13,23199.88398969414,32.83464042523028,94.12322369256455,47.061611846282275,-14.226971421051992,2515.933211445479,25701.590229718568,50126.1282152161,49960.08724739133,53.50711386821524,219.54808169298894,658.8080055629097,2777.811306806777,21276.581909548036,17234.031346733907,1200.0,1200.0,9.094947017729282e-13,1.1368683772161603e-13,14,0
2025-12-14,71532.94731533153,536.6650006990512,0.0,0.0,536.6650006990512,4619.637074715343,76689.24939074593,94584.25764778911,95013.50761772055,429.24996993142304,0.0,869.7253438954754,2412.044944309285,24697.190617403863,20004.72440009713,1200.0,1200.0,1.8189894035458565e-12,2.2737367544323206e-13,14,0
2025-12-15,72701.39038374109,1049.1377930256049,17.142958299859988,8.571479149929994,1040.566313875675,2596.294276735121,76338.25097435189,96021.68824738332,96775.04021153861,768.3619968142993,15.010032659014087,564.5276664705303,3245.0631644675514,24341.82498355223,19716.87823667731,1200.0,1200.0,1.8189894035458565e-12,1.1368683772161603e-13,14,0
2025-12-16,73443.4847879407,2.0156292401556053,744.4252937970662,372.2126468985331,-370.1970176583775,1927.0396043424385,75000.32737462476,97200.96624409,96422.99931073286,1.1739933835142438,779.1409267406452,459.0830998497162,2846.583195141302,24302.146747936564,19684.738865828615,1200.0,1200.0,1.8189894035458565e-12,1.1368683772161603e-13,14,0
2025-12-17,73498.3715558573,0.0,1446.0881740702762,723.0440870351381,-723.0440870351381,3151.0421299181335,75926.3695987403,97001.55596470507,95477.53293230842,0.0,1524.0230323966475,719.0966951908349,3441.7946093734618,24015.726060311215,19452.738108852078,1200.0,1200.0,1.8189894035458565e-12,2.2737367544323206e-13,14,0
2025-12-18,71479.4036846019,0.0,602.9075368890619,301.45376844453097,-301.45376844453097,2212.087318450973,73390.03723460835,95338.46942545315,94507.96039518746,0.0,830.509030265707,594.9595523532762,3124.8068905470695,24272.87415961572,19661.02806928873,1200.0,1200.0,1.8189894035458565e-12,2.2737367544323206e-13,14,0
2025-12-19,22672.807469503692,0.0,122.94932871446804,61.47466435723402,-61.47466435723402,3004.829778458724,25616.162583605183,49731.241934371996,49543.59799366303,0.0,187.6439407089611,826.5483867447051,3381.253605457557,21476.323552369373,17395.82207741919,1200.0,1200.0,9.094947017729282e-13,1.1368683772161603e-13,15,0
2025-12-20,22994.56367721871,0.0,530.1398774935615,265.06993874678074,-265.06993874678074,2139.7427329455504,24869.23647141748,50269.80304471693,49285.941027216875,0.0,983.8620175000558,586.9554069798783,2942.203193973338,21443.8999485443,17369.55895832088,1200.0,1200.0,1.8189894035458565e-12,1.1368683772161603e-13,15,0
2025-12-21,72035.1493217498,23.124055002520965,456.86456700593754,228.43228350296877,-205.30822850044783,5831.555938728779,77661.39703197815,95873.43202127333,95320.49040794745,16.753983187936797,569.69559651379,1295.9557105164556,2933.8842442160985,24446.210566216603,19801.43055863545,1200.0,1200.0,9.094947017729282e-13,1.1368683772161603e-13,15,0
2025-12-22,73981.48721364498,0.0,233.11179694215292,116.55589847107646,-116.55589847107646,2670.1375345713614,76535.0688497453,96997.31450524306,96719.51981933413,0.0,277.79468590894123,555.761292912935,3658.3810722821563,24628.805034903038,19949.332078271465,1200.0,1200.0,1.8189894035458565e-12,2.2737367544323206e-13,15,0
2025-12-23,73686.14958896479,0.0,1803.1157988410678,901.5578994205339,-901.5578994205339,1316.739566629032,74101.33125617329,97586.47040101382,95601.53456567586,0.0,1984.9358353379648,299.9551872108917,4013.354978926971,24368.643371718103,19738.601131091662,1200.0,1200.0,1.8189894035458565e-12,2.2737367544323206e-13,15,0
2025-12-24,72059.22208084901,0.0,629.0888088632795,314.54440443163975,-314.54440443163975,2739.1319615625753,74483.80963797994,96151.44483131694,95391.3456821928,0.0,760.0991491241496,607.0348948250944,3425.8228281104043,24831.570696004295,20113.572263763483,1200.0,1200.0,1.8189894035458565e-12,2.2737367544323206e-13,15,0
2025-12-25,71181.37262149055,195.79863490483427,274.14720025373555,137.07360012686777,58.7250347779665,3299.880335977653,74539.97799224616,94585.04642299916,94481.3082221195,183.6973747806627,287.4355756603147,845.5275406757293,2846.3039849626703,24568.859181574906,19900.775937075676,1200.0,1200.0,1.8189894035458565e-12,1.1368683772161603e-13,15,0
2025-12-26,22364.52658562005,0.0,81.07956512938094,40.53978256469047,-40.53978256469047,3288.713793599972,25612.700596655333,48894.876253551265,48699.20652809512,0.0,195.66972545613424,967.8878751915722,2584.0122169046663,21449.788173940542,17374.32842089184,1200.0,1200.0,1.8189894035458565e-12,1.1368683772161603e-13,15,0
2025-12-27,21970.375728861512,0.0,17.31750490487404,8.65875245243702,-8.65875245243702,2765.819538050857,24727.536514459935,49117.027038258966,49077.15823441534,0.0,39.868803843631326,823.4539889442767,2474.096226688849,21514.24700002157,17426.540070017472,1200.0,1200.0,1.8189894035458565e-12,1.1368683772161603e-13,15,0
2025-12-28,70449.37121488761,0.0,1169.2134470140447,584.6067235070224,-584.6067235070224,3995.771057937479,73860.53554931807,94476.07601557524,93236.78497131154,0.0,1239.291044263699,950.9175273105258,2796.822992415687,24113.81450634935,19532.18975014297,1200.0,1200.0,9.094947017729282e-13,2.2737367544323206e-13,15,0
2025-12-29,71276.37389273099,760.7208317621978,3.3500216078995546,1.6750108039497773,759.045820958248,2242.250285488748,74277.66999917798,95441.62088234337,96036.18363034532,597.3703423766615,2.807594374706298,480.01699695805763,4380.412331381776,24273.80015397331,19661.77812471838,1200.0,1200.0,9.094947017729282e-13,1.1368683772161603e-13,15,0
2025-12-30,70636.84411408195,3.6972311646951597,1590.9944517349286,795.4972258674643,-791.7999947027691,3290.7046629469396,73135.74878232613,95327.73573737821,93463.67216302967,1.7524511557355709,1865.8160255042708,698.5572087964397,3361.7351073013024,24084.6929711832,19508.60130665839,1200.0,1200.0,1.8189894035458565e-12,1.1368683772161603e-13,15,0
2025-12-31,72967.22961464185,56.681094091060345,79.41932308646435,39.70966154323217,16.97143254782816,5779.094839065489,78763.29588625517,100157.85133827964,100085.67370747076,38.57103476433059,110.74866557320274,1147.4665712421165,2588.1506543303467,29887.19311078529,19888.626419736087,1200.0,6000.0,1.8189894035458565e-12,2.2737367544323206e-13,15,0
