date,slot,start,end,issue_hour,price_yuan_per_kwh,original_kwh,adjusted_kwh,increase_kwh,decrease_kwh,charge_kwh,discharge_kwh,energy_before_kwh,energy_after_kwh,load_kwh,pv_kwh,forecast_net_kwh,net_supply_kwh,emergency_kwh,dump_kwh,planned_cost_yuan,increase_cost_yuan,cancellation_refund_yuan,breach_cost_yuan,adjustment_net_yuan,emergency_cost_yuan,total_cost_yuan,delta_grid_kw
2025-03-20,0,00:00,00:10,0,0.4248,1392.26697167,1392.26697167,0,0,796.068683333,0,8583.538185,9300,549.844816667,0,574.031125833,596.198288333,0,46.3534716667,591.435009564,0,0,0,0,0,591.435009564,0
2025-03-20,1,00:10,00:20,0,0.4245,1427.9557975,1427.9557975,0,0,833.333333333,0,9300,10050,570.3135,0,573.4533675,594.622464167,0,24.3089641667,606.167236039,0,0,0,0,0,606.167236039,0
2025-03-20,2,00:20,00:30,0,0.4269,601.462666667,601.462666667,0,0,0,0,10050,10050,613.851666667,0,582.428833333,601.462666667,12.389,0,256.7644124,0,0,0,0,26.4443205,283.2087329,0
2025-03-20,3,00:30,00:40,0,0.4272,596.542393333,596.542393333,0,0,0,0,10050,10050,579.456166667,0,581.882428333,596.542393333,0,17.0862266667,254.842910432,0,0,0,0,0,254.842910432,0
2025-03-20,4,00:40,00:50,0,0.4271,596.131573611,596.131573611,0,0,0,0,10050,10050,550.444916667,0,576.97248,596.131573611,0,45.6866569444,254.607795089,0,0,0,0,0,254.607795089,0
2025-03-20,5,00:50,01:00,0,0.4285,599.524416667,599.524416667,0,0,0,0,10050,10050,571.156666667,0,579.208666667,599.524416667,0,28.36775,256.896212542,0,0,0,0,0,256.896212542,0
2025-03-20,6,01:00,01:10,0,0.4311,612.347540833,612.347540833,0,0,0,0,10050,10050,601.58905,0,591.3209875,612.347540833,0,10.7584908333,263.983024853,0,0,0,0,0,263.983024853,0
2025-03-20,7,01:10,01:20,0,0.4302,599.40234,599.40234,0,0,0,0,10050,10050,611.48375,0,582.842955,599.40234,12.08141,0,257.862886668,0,0,0,0,25.98711291,283.849999578,0
2025-03-20,8,01:20,01:30,0,0.4279,577.047583333,577.047583333,0,0,0,0,10050,10050,598.216666667,0,560.4865,577.047583333,21.1690833333,0,246.918660908,0,0,0,0,45.2912537917,292.2099147,0
2025-03-20,9,01:30,01:40,0,0.4312,579.707860833,579.707860833,0,0,0,0,10050,10050,583.93595,0,563.189760833,579.707860833,4.22808916667,0,249.970029591,0,0,0,0,9.11576024333,259.085789835,0
2025-03-20,10,01:40,01:50,0,0.4333,593.400890833,593.400890833,0,0,0,0,10050,10050,590.99505,0,577.237930833,593.400890833,0,2.40584083333,257.120605998,0,0,0,0,0,257.120605998,0
2025-03-20,11,01:50,02:00,0,0.4311,604.756166667,604.756166667,0,0,0,0,10050,10050,598.443333333,0,583.294,604.756166667,0,6.31283333333,260.71038345,0,0,0,0,0,260.71038345,0
2025-03-20,12,02:00,02:10,0,0.4293,597.379435,597.379435,0,0,0,0,10050,10050,565.983616667,0,576.1433525,597.379435,0,31.3958183333,256.454991446,0,0,0,0,0,256.454991446,0
2025-03-20,13,02:10,02:20,0,0.4324,592.580726389,592.580726389,0,0,0,0,10050,10050,546.120766667,0,574.053888333,592.580726389,0,46.4599597222,256.231906091,0,0,0,0,0,256.231906091,0
2025-03-20,14,02:20,02:30,0,0.4367,601.35925,601.35925,0,0,0,0,10050,10050,565.713333333,0,581.873916667,601.35925,0,35.6459166667,262.613584475,0,0,0,0,0,262.613584475,0
2025-03-20,15,02:30,02:40,0,0.4348,608.461759167,608.461759167,0,0,0,0,10050,10050,597.926566667,0,589.0024,608.461759167,0,10.5351925,264.559172886,0,0,0,0,0,264.559172886,0
2025-03-20,16,02:40,02:50,0,0.4335,626.847893333,626.847893333,0,0,0,0,10050,10050,600.954466667,0,599.062913333,626.847893333,0,25.8934266667,271.73856176,0,0,0,0,0,271.73856176,0
2025-03-20,17,02:50,03:00,0,0.4357,623.637333333,623.637333333,0,0,0,0,10050,10050,587.131666667,0,601.583416667,623.637333333,0,36.5056666667,271.718786133,0,0,0,0,0,271.718786133,0
2025-03-20,18,03:00,03:10,0,0.4374,604.524231667,604.524231667,0,0,0,0,10050,10050,605.2103,0,579.726738333,604.524231667,0.686068333334,0,264.418898931,0,0,0,0,1.500431445,265.919330376,0
2025-03-20,19,03:10,03:20,0,0.4371,580.384505833,580.384505833,0,0,0,0,10050,10050,621.892383333,0,561.896660833,580.384505833,41.5078775,0,253.6860675,0,0,0,0,90.7154662763,344.401533776,0
2025-03-20,20,03:20,03:30,0,0.4356,592.19725,592.19725,0,0,0,0,10050,10050,620.168333333,0,570.9515,592.19725,27.9710833333,0,257.9611221,0,0,0,0,60.9210195,318.8821416,0
2025-03-20,21,03:30,03:40,0,0.4353,621.633459167,621.633459167,0,0,0,0,10050,10050,616.623083333,0,602.129461667,621.633459167,0,5.01037583333,270.597044775,0,0,0,0,0,270.597044775,0
2025-03-20,22,03:40,03:50,0,0.436,625.454900833,625.454900833,0,0,0,0,10050,10050,612.46375,0,610.86081,625.454900833,0,12.9911508333,272.698336763,0,0,0,0,0,272.698336763,0
2025-03-20,23,03:50,04:00,0,0.4378,616.639333333,616.639333333,0,0,0,0,10050,10050,603.93,0,598.875583333,616.639333333,0,12.7093333333,269.964700133,0,0,0,0,0,269.964700133,0
2025-03-20,24,04:00,04:10,0,0.4401,621.273575368,621.273575368,0,0,0,0,10050,10050,589.79495,0.000316666666667,606.441081201,621.273575368,0,31.4789420346,273.422500519,0,0,0,0,0,273.422500519,0
2025-03-20,25,04:10,04:20,0,0.4389,624.504588223,624.504588223,0,0,0,0,10050,10050,581.46405,0,605.811730077,624.504588223,0,43.040538223,274.095063771,0,0,0,0,0,274.095063771,0
2025-03-20,26,04:20,04:30,0,0.4364,622.543083333,622.543083333,0,0,0,0,10050,10050,585.585,0,599.275833333,622.543083333,0,36.9580833333,271.677801567,0,0,0,0,0,271.677801567,0
2025-03-20,27,04:30,04:40,0,0.4393,637.378016241,637.378016241,0,0,0,0,10050,10050,599.72965,0.00451666666667,616.900080157,637.378016241,0,37.6528829075,280.000162535,0,0,0,0,0,280.000162535,0
2025-03-20,28,04:40,04:50,0,0.4422,633.486513234,633.486513234,0,0,0,0,10050,10050,616.739316667,0,612.08401748,633.486513234,0,16.7471965677,280.127736152,0,0,0,0,0,280.127736152,0
2025-03-20,29,04:50,05:00,0,0.4395,605.807138889,605.807138889,0,0,0,0,10050,10050,625.595,0,582.618416667,605.807138889,19.7878611111,0,266.252237542,0,0,0,0,43.4838247917,309.736062333,0
2025-03-20,30,05:00,05:10,0,0.4333,591.126467049,591.126467049,0,0,0,0,10050,10050,619.49685,0.0629333333333,578.573417049,591.126467049,28.3074496175,0,256.135098172,0,0,0,0,61.3280895964,317.463187769,0
2025-03-20,31,05:10,05:20,0,0.4439,619.350519817,619.350519817,0,0,0,0,10050,10050,617.8444,0,601.840983554,619.350519817,0,1.50611981675,274.929695747,0,0,0,0,0,274.929695747,0
2025-03-20,32,05:20,05:30,0,0.4301,630.976583333,630.976583333,0,0,0,0,10050,10050,607.115,0,615.475666667,630.976583333,0,23.8615833333,271.383028492,0,0,0,0,0,271.383028492,0
2025-03-20,33,05:30,05:40,0,0.3713,1445.3921387,1445.3921387,0,0,833.333333333,0,10050,10800,576.306633333,0.876566666667,595.416525367,612.058805367,0,36.6287387001,536.674101099,0,0,0,0,0,536.674101099,0
2025-03-20,34,05:40,05:50,0,0.5708,686.162966652,686.162966652,0,0,0,0,10800,10800,671.463116667,0,667.348934399,686.162966652,0,14.699849985,391.661821365,0,0,0,0,0,391.661821365,0
2025-03-20,35,05:50,06:00,0,0.9099,-0,0,0,0,0,820.290416667,10800,9888.5662037,827.015,0,798.351833333,820.290416667,6.72458333333,0,-0,0,0,0,0,30.593491875,30.593491875,0
2025-03-20,36,06:00,06:10,6,0.9368,0,0,0,0,0,822.641082509,9888.5662037,8974.52055647,817.519966667,25.5700333333,793.304462785,822.641082509,0,30.6911491755,0,0,0,0,0,0,0,0
2025-03-20,37,06:10,06:20,6,0.8758,0,0,0,0,0,769.703619924,8974.52055647,8119.29431211,776.803983333,66.8406666667,735.230176515,769.703619924,0,59.7403032574,0,0,0,0,0,0,0,0
2025-03-20,38,06:20,06:30,6,0.8759,0,0,0,0,0,715.685763426,8119.29431211,7324.0879083,783.958333333,112.5875,681.651496635,715.685763426,0,44.3149300928,0,0,0,0,0,0,0,0
2025-03-20,39,06:30,06:40,6,0.8601,0,0,0,0,0,661.203211092,7324.0879083,6589.41767376,787.8168,158.771933333,630.116936395,661.203211092,0,32.158344425,0,0,0,0,0,0,0,0
2025-03-20,40,06:40,06:50,6,0.8442,0,0,0,0,0,604.334590122,6589.41767376,5917.93479585,803.24555,217.089633333,579.574580423,604.334590122,0,18.1786734549,0,0,0,0,0,0,0,0
2025-03-20,41,06:50,07:00,6,0.8334,0,0,0,0,0,549.360217807,5917.93479585,5307.53455384,813.388333333,282.20625,525.301747861,549.360217807,0,18.1781344734,0,0,0,0,0,0,0,0
2025-03-20,42,07:00,07:10,6,0.8092,413.579222516,413.579222516,0,0,0,88.5655511857,5307.53455384,5209.12838585,781.562683333,334.987183333,479.812663628,502.144773702,0,55.5692737016,334.66830686,0,0,0,0,0,334.66830686,0
2025-03-20,43,07:10,07:20,6,0.7972,453.352172768,453.352172768,0,0,0,8.20579310469,5209.12838585,5200.01083796,785.560766667,384.31915,435.681040456,461.557965872,0,60.3163492055,361.41235213,0,0,0,0,0,361.41235213,0
2025-03-20,44,07:20,07:30,6,0.7644,390.676698098,390.676698098,0,0,0,8.1345379793,5200.01083796,5190.97246243,804.533333333,434.95625,373.61718634,398.811236077,0,29.2341527438,298.633268026,0,0,0,0,0,298.633268026,0
2025-03-20,45,07:30,07:40,6,0.6899,312.185091652,312.185091652,0,0,0,7.50237901577,5190.97246243,5182.63648574,763.026,482.3358,291.76057222,319.687470668,0,38.997270668,215.376494731,0,0,0,0,0,215.376494731,0
2025-03-20,46,07:40,07:50,6,0.86,0,0,0,0,0,380.921325154,5182.63648574,4759.39056891,864.506133333,529.928066667,362.8213506,380.921325154,0,46.3432584873,0,0,0,0,0,0,0,0
2025-03-20,47,07:50,08:00,6,1.1617,0,0,0,0,0,536.901338701,4759.39056891,4162.8335259,1067.59833333,579.41875,507.939662146,536.901338701,0,48.721755368,0,0,0,0,0,0,0,0
2025-03-20,48,08:00,08:10,6,1.1683,0,0,0,0,0,498.80157401,4162.8335259,3608.60955478,1109.67476667,626.870916667,460.647789469,498.80157401,0,15.9977240101,0,0,0,0,0,0,0,0
2025-03-20,49,08:10,08:20,6,1.0956,0,0,0,0,0,419.089383229,3608.60955478,3142.95468453,1101.10001667,662.728616667,385.1054289,419.089383229,19.2820167712,0,0,0,0,0,0,105.626887873,105.626887873,0
2025-03-20,50,08:20,08:30,6,1.0849,0,0,0,0,0,394.625229179,3142.95468453,2704.48220766,1114.545,703.3875,356.940406261,394.625229179,16.5322708206,0,0,0,0,0,0,89.6793030664,89.6793030664,0
2025-03-20,51,08:30,08:40,6,1.061,0,0,0,0,0,325.952215293,2704.48220766,2342.31307956,1108.296,775.623816667,288.801608816,325.952215293,6.71996804012,0,0,0,0,0,0,35.6494304528,35.6494304528,0
2025-03-20,52,08:40,08:50,6,1.043,0,0,0,0,0,271.079703841,2342.31307956,2041.11340862,1117.58891667,839.583783333,228.401882993,271.079703841,6.92542949255,0,0,0,0,0,0,36.1161148037,36.1161148037,0
2025-03-20,53,08:50,09:00,6,1.036,0,0,0,0,0,224.749770113,2041.11340862,1791.39144183,1126.30166667,863.48125,187.285491311,224.749770113,38.070646554,0,0,0,0,0,0,197.205949149,197.205949149,0
2025-03-20,54,09:00,09:10,6,1.0147,0,0,0,0,0,171.430655873,1791.39144183,1600.91293531,1082.36673333,861.082966667,130.731342812,171.430655873,49.8531107936,0,0,0,0,0,0,252.929757611,252.929757611,0
2025-03-20,55,09:10,09:20,6,0.9922,0,0,0,0,0,140.248216762,1600.91293531,1445.08158335,1072.73986667,922.2215,89.7653830874,140.248216762,10.2701499052,0,0,0,0,0,0,50.9502136795,50.9502136795,0
2025-03-20,56,09:20,09:30,6,0.97,0,0,0,0,0,112.70621967,1445.08158335,1319.85245038,1095.14166667,1017.95625,67.5452302593,112.70621967,0,35.5208030032,0,0,0,0,0,0,0,0
2025-03-20,57,09:30,09:40,6,0.9422,0,0,0,0,0,75.5566970032,1319.85245038,1235.90056482,1066.56058333,1030.46583333,26.8185438859,75.5566970032,0,39.4619470032,0,0,0,0,0,0,0,0
2025-03-20,58,09:40,09:50,6,0.9569,0,0,0,0,0,27.8451263429,1235.90056482,1204.96153555,1074.32168333,1033.06433333,-16.2564963016,27.8451263429,13.4122236571,0,0,0,0,0,0,64.1707840873,64.1707840873,0
2025-03-20,59,09:50,10:00,6,0.9977,0,0,0,0,0,2.60504655562,1204.96153555,1202.06703938,1116.23833333,1071.03125,-44.8292541085,2.60504655562,42.6020367777,0,0,0,0,0,0,212.520260466,212.520260466,0
2025-03-20,60,10:00,10:10,6,0.9919,0,0,0,0,0,1.8603354423,1202.06703938,1200,1096.3326,1112.54135,-64.7451233138,1.8603354423,0,18.0690854423,0,0,0,0,0,0,0,0
2025-03-20,61,10:10,10:20,6,0.9588,0,0,0,0,8.91086194793,0,1200,1208.01977575,1074.21286667,1129.00066667,-97.716809546,-8.91086194793,0,45.8769380521,0,0,0,0,0,0,0,0
2025-03-20,62,10:20,10:30,6,0.9549,0,0,0,0,66.8037295717,0,1208.01977575,1268.14313237,1078.935,1146.5125,-143.289359209,-66.8037295717,0,0.773770428286,0,0,0,0,0,0,0,0
2025-03-20,63,10:30,10:40,6,0.9839,0,0,0,0,91.7362981053,0,1268.14313237,1350.70580066,1075.70588333,1211.41895,-175.608703754,-91.7362981053,0,43.9767685614,0,0,0,0,0,0,0,0
2025-03-20,64,10:40,10:50,6,0.799,0,0,0,0,115.422293484,0,1350.70580066,1454.5858648,1058.72266667,1242.55923333,-192.192749564,-115.422293484,0,68.4142731824,0,0,0,0,0,0,0,0
2025-03-20,65,10:50,11:00,6,0.5025,673.011804565,673.011804565,0,0,817.027267298,0,1454.5858648,2189.91040537,1046.65,1210.5,-207.543797115,-144.015462734,0,19.8345372663,338.188431794,0,0,0,0,0,338.188431794,0
2025-03-20,66,11:00,11:10,6,0.4662,667.672446796,667.672446796,0,0,830.4313346,0,2189.91040537,2937.29860651,1060.3406,1170.27798333,-238.819758776,-162.758887804,52.8215044707,0,311.268894696,0,0,0,0,123.126926921,434.395821617,0
2025-03-20,67,11:10,11:20,6,0.5007,651.046919579,651.046919579,0,0,816.720414645,0,2937.29860651,3672.34697969,1065.63955,1175.4807,-264.962599772,-165.673495067,55.8323450665,0,325.979192633,0,0,0,0,139.776275874,465.755468507,0
2025-03-20,68,11:20,11:30,6,0.4827,636.877202136,636.877202136,0,0,802.096373675,0,3672.34697969,4394.23371599,1060.01666667,1219.59375,-275.940377364,-165.219171539,5.64208820615,0,307.420625471,0,0,0,0,13.6171798855,321.037805356,0
2025-03-20,69,11:30,11:40,6,0.4785,653.950475707,653.416220793,0,0.534254914499,833.333333333,0,4394.23371599,5144.23371599,1070.67126667,1250.93888333,-283.367603339,-179.917112541,0,0.350504126087,312.915302626,0,0.255640976588,0.127820488294,-0.127820488294,0,312.787482138,-3.20552948699
2025-03-20,70,11:40,11:50,6,0.4662,660.788910737,598.766898936,0,62.0220118007,833.333333333,0,5144.23371599,5894.23371599,1063.27026667,1272.50538333,-308.194699596,-234.566434397,25.3313177302,0,308.059790186,0,28.9146619015,14.4573309507,-14.4573309507,59.0473016291,352.649760864,-372.132070804
2025-03-20,71,11:50,12:00,6,0.4432,618.576484656,548.373572136,0,70.2029125208,833.333333333,0,5894.23371599,6644.23371599,1028.05333333,1303.075,-352.229651587,-284.959761198,9.93809453108,0,274.153098,0,31.1139308292,15.5569654146,-15.5569654146,22.0228174809,280.618950066,-421.217475125
2025-03-20,72,12:00,12:10,12,0.4411,551.926078398,551.926078398,0,0,821.05334369,0,6644.23371599,7383.18172532,993.135266667,1347.15658333,-311.405328219,-269.127265292,0,84.8940513747,243.454593181,0,0,0,0,0,243.454593181,0
2025-03-20,73,12:10,12:20,12,0.4551,578.040686081,578.040686081,0,0,814.851963551,0,7383.18172532,8116.54849251,975.87165,1348.42845,-304.798962464,-236.811277471,0,135.745522529,263.066316235,0,0,0,0,0,263.066316235,0
2025-03-20,74,12:20,12:30,12,0.4463,578.20082517,578.20082517,0,0,814.920171119,0,8116.54849251,8849.97664652,980.61,1284.89375,-282.746340658,-236.719345948,0,67.5644040515,258.051028274,0,0,0,0,0,258.051028274,0
2025-03-20,75,12:30,12:40,12,0.4113,607.790532906,589.37179558,0,18.4187373258,833.333333333,0,8849.97664652,9599.97664652,1001.04656667,1200.876,-296.697298778,-243.961537753,44.1321044201,0,249.984246184,0,7.5756266621,3.78781333105,-3.78781333105,90.75767274,336.954105593,-110.512423955
2025-03-20,76,12:40,12:50,12,0.5682,458.697915932,409.634813885,0,49.0631020469,647.758617058,0,9599.97664652,10182.9594019,1028.05913333,1201.15736667,-286.99452775,-238.123803173,65.0255698398,0,260.632155833,0,27.8776545831,13.9388272915,-13.9388272915,184.737643915,431.430972456,-294.378612282
2025-03-20,77,12:50,13:00,12,0.8279,0,0,0,0,183.46580889,0,10182.9594019,10348.0786299,1058.56333333,1254.3,-232.355904368,-183.46580889,0,12.2708577772,0,0,0,0,0,0,0,0
2025-03-20,78,13:00,13:10,12,0.8636,0,0,0,0,119.254793118,0,10348.0786299,10455.4079437,1085.1036,1223.17916667,-176.811014258,-119.254793118,0,18.8207735488,0,0,0,0,0,0,0,0
2025-03-20,79,13:10,13:20,12,0.8416,0,0,0,0,91.1117651775,0,10455.4079437,10537.4085323,1059.80525,1150.10563333,-154.000755485,-91.1117651775,0.811381844145,0,0,0,0,0,0,3.41429480016,3.41429480016,0
2025-03-20,80,13:20,13:30,12,0.8618,0,0,0,0,79.0705231342,0,10537.4085323,10608.5720032,1006.55,1101.66875,-154.634170906,-79.0705231342,0,16.0482268658,0,0,0,0,0,0,0,0
2025-03-20,81,13:30,13:40,12,0.8623,0,0,0,0,68.832315757,0,10608.5720032,10670.5210873,1004.8308,1107.02991667,-141.110585392,-68.832315757,0,33.3668009097,0,0,0,0,0,0,0,0
2025-03-20,82,13:40,13:50,12,0.9026,0,0,0,0,62.0155216179,0,10670.5210873,10726.3350568,1029.63021667,1134.42295,-123.116574165,-62.0155216179,0,42.7772117154,0,0,0,0,0,0,0,0
2025-03-20,83,13:50,14:00,12,0.9754,0,0,0,0,46.9940566886,0,10726.3350568,10768.6297078,1046.67,1133.325,-108.351687771,-46.9940566886,0,39.6609433114,0,0,0,0,0,0,0,0
2025-03-20,84,14:00,14:10,12,1.0002,0,0,0,0,34.8558802051,0,10768.6297078,10800,1047.24705,1075.60228333,-75.4662326445,-34.8558802051,6.50064687174,0,0,0,0,0,0,32.5097350056,32.5097350056,0
2025-03-20,85,14:10,14:20,12,0.9978,0,0,0,0,0,22.7736238594,10800,10774.6959735,1052.48533333,1033.93143333,-27.0773428146,22.7736238594,0,4.21972385944,0,0,0,0,0,0,0,0
2025-03-20,86,14:20,14:30,12,1.0271,0,0,0,0,0,99.9743606496,10774.6959735,10663.6133505,1058.79833333,1019.28125,37.3845457972,99.9743606496,0,60.4572773162,0,0,0,0,0,0,0,0
2025-03-20,87,14:30,14:40,12,1.0906,0,0,0,0,0,159.26633337,10663.6133505,10486.6507579,1043.23688333,972.9436,102.275951971,159.26633337,0,88.9730500367,0,0,0,0,0,0,0,0
2025-03-20,88,14:40,14:50,12,0.9376,0,0,0,0,0,186.025061089,10486.6507579,10279.9562456,1031.68576667,905.32725,134.759707025,186.025061089,0,59.6665444221,0,0,0,0,0,0,0,0
2025-03-20,89,14:50,15:00,12,0.6694,294.452901474,201.633460748,0,92.8194407263,0,0,10279.9562456,10279.9562456,1026.10666667,845.4625,151.044358429,201.633460748,0,20.9892940813,197.106772247,0,62.1333336222,31.0666668111,-31.0666668111,0,166.040105436,-556.916644358
2025-03-20,90,15:00,15:10,12,0.66,1091.94413062,821.870799126,0,270.073331495,577.826393787,0,10279.9562456,10800,1006.56098333,809.242416667,203.526142736,244.044405339,0,46.725838672,720.68312621,0,178.248398787,89.1241993935,-89.1241993935,0,631.558926817,-1620.43998897
2025-03-20,91,15:10,15:20,12,0.7217,335.36531391,311.884266949,0,23.481046961,0,0,10800,10800,1009.11315,760.306383333,274.50536428,311.884266949,0,63.0775002828,242.033147049,0,16.9462715918,8.47313579588,-8.47313579588,0,233.560011253,-140.886281766
2025-03-20,92,15:20,15:30,12,0.7308,401.69815744,387.675500463,0,14.0226569773,0,0,10800,10800,1031.28,691.1375,338.598598818,387.675500463,0,47.5330004628,293.561013457,0,10.247757719,5.12387885951,-5.12387885951,0,288.437134598,-84.1359418638
2025-03-20,93,15:30,15:40,12,0.7534,436.83216907,419.464765409,0,17.3674036613,0,0,10800,10800,1032.56201667,629.77975,385.617045911,419.464765409,0,16.6824987419,329.109356177,0,13.0846019184,6.5423009592,-6.5423009592,0,322.567055218,-104.204421968
2025-03-20,94,15:40,15:50,12,0.7823,480.697902035,460.905492945,0,19.7924090897,0,0,10800,10800,1031.02293333,578.570483333,426.483477164,460.905492945,0,8.45304294498,376.049968762,0,15.4836016309,7.74180081545,-7.74180081545,0,368.308167946,-118.754454538
2025-03-20,95,15:50,16:00,12,0.8055,502.643121984,502.643121984,0,0,0,0,10800,10800,1033.36166667,526.0375,468.947965556,502.643121984,4.68104468315,0,404.879034758,0,0,0,0,18.8529074614,423.731942219,0
2025-03-20,96,16:00,16:10,12,0.8271,544.344539995,544.344539995,0,0,0,0,10800,10800,1025.56238333,463.300833333,510.630026167,544.344539995,17.917010005,0,450.22736903,0,0,0,0,74.0957948758,524.323163906,0
2025-03-20,97,16:10,16:20,12,0.8519,599.44744283,599.44744283,0,0,0,0,10800,10800,1016.95986667,417.89265,569.641021827,599.44744283,0,0.380226163079,510.669276547,0,0,0,0,0,510.669276547,0
2025-03-20,98,16:20,16:30,12,0.8791,657.162473492,657.162473492,0,0,0,1.82773878645,10800,10797.9691791,1019.825,389.06875,636.606572874,658.990212279,0,28.2339622788,577.711530447,0,0,0,0,0,577.711530447,0
2025-03-20,99,16:30,16:40,12,0.9024,704.012171227,704.012171227,0,0,2.2564676376,0,10797.9691791,10800,1034.91581667,346.180266667,685.72776723,701.755703589,0,13.0201535891,635.300583315,0,0,0,0,0,635.300583315,0
2025-03-20,100,16:40,16:50,12,0.9163,747.938290866,747.938290866,0,0,0,0,10800,10800,1031.69983333,288.97555,727.243434138,747.938290866,0,5.21400753227,685.33585592,0,0,0,0,0,685.33585592,0
2025-03-20,101,16:50,17:00,12,0.9264,782.164042864,787.30362071,5.13957784662,0,0,0,10800,10800,1017.03166667,229.61875,773.83157208,787.30362071,0.109295956338,0,724.596769309,7.14195737566,0,0,7.14195737566,0.50625886976,732.244985554,30.8374670797
2025-03-20,102,17:00,17:10,12,0.9462,840.45437548,858.763003597,18.3086281172,0,0,0,10800,10800,1023.88281667,180.650366667,835.558350151,858.763003597,0,15.5305535973,795.237930079,25.9854358867,0,0,25.9854358867,0,821.223365966,109.851768703
2025-03-20,103,17:10,17:20,12,0.9742,884.110367732,909.919319011,25.8089512788,0,0,0,10800,10800,1012.50223333,138.64705,882.354378388,909.919319011,0,36.0641356778,861.300320245,37.7146205038,0,0,37.7146205038,0,899.014940749,154.853707673
2025-03-20,104,17:20,17:30,12,0.9862,948.489743529,956.773082527,8.28333899809,0,0,15.8419300626,10800,10782.3978555,1004.28,99.55625,936.881294676,972.61501259,0,67.8912625899,935.400585069,12.2535433799,0,0,12.2535433799,0,947.654128448,49.7000339885
2025-03-20,105,17:30,17:40,12,0.976,1029.58019498,1042.35393336,12.7737383813,0,0,0,10782.3978555,10782.3978555,1035.5736,62.48285,1010.60150575,1042.35393336,0,69.2631833599,1004.8702703,18.7007529902,0,0,18.7007529902,0,1023.57102329,76.6424302877
2025-03-20,106,17:40,17:50,12,1.0742,931.584861686,931.584861686,0,0,0,5.96614206028,10782.3978555,10775.7688088,899.02445,26.0212666667,913.489533146,937.551003746,0,64.5478204128,1000.70845842,0,0,0,0,0,1000.70845842,0
2025-03-20,107,17:50,18:00,12,1.2313,731.299583333,731.299583333,0,0,0,5.88375,10775.7688088,10769.2313088,682.353333333,0,719.6435,737.183333333,0,54.83,900.449176958,0,0,0,0,0,900.449176958,0
2025-03-20,108,18:00,18:10,18,1.2561,705.08391703,705.08391703,0,0,0,1.11610934073,10769.2313088,10767.9911873,697.997283333,0,695.188426565,706.200026371,0,8.20274303732,885.655908181,0,0,0,0,0,885.655908181,0
2025-03-20,109,18:10,18:20,18,1.2447,746.524156472,746.524156472,0,0,0,2.77037484751,10767.9911873,10764.912993,740.237783333,0.929566666667,737.392701638,749.29453132,0,9.98631465306,929.198617561,0,0,0,0,0,929.198617561,0
2025-03-20,110,18:20,18:30,18,1.2545,755.054416667,755.054416667,0,0,0,9.61475,10764.912993,10754.2299374,709.241666667,0,744.172083333,764.669166667,0,55.4275,947.215765708,0,0,0,0,0,947.215765708,0
2025-03-20,111,18:30,18:40,18,1.2522,746.054139852,746.054139852,0,0,0,6.87339216811,10754.2299374,10746.592835,714.422816667,0,734.171457853,752.92753202,0,38.5047153533,934.208993923,0,0,0,0,0,934.208993923,0
2025-03-20,112,18:40,18:50,18,1.2881,182.847565773,182.847565773,0,0,0,551.30997638,10746.592835,10134.0261946,745.041066667,0.0667333333333,717.641060918,734.157542153,10.8167911804,0,235.525949472,0,0,0,0,69.6655435974,305.19149307,0
2025-03-20,113,18:50,19:00,18,1.3466,-0,0,0,0,0,715.221972222,10134.0261946,9339.33511435,763.206666667,0,703.64075,715.221972222,47.9846944444,0,-0,0,0,0,0,323.080947694,323.080947694,0
2025-03-20,114,19:00,19:10,18,1.3523,0,0,0,0,0,720.481834862,9339.33511435,8538.79974229,746.718033333,0,700.424856162,720.481834862,26.2361984711,0,0,0,0,0,0,177.396055962,177.396055962,0
2025-03-20,115,19:10,19:20,18,1.3445,-0,0,0,0,0,718.388411799,8538.79974229,7740.59039584,714.2603,0.0048,701.726317632,718.388411799,0,4.13291179897,-0,0,0,0,0,0,0,0
2025-03-20,116,19:20,19:30,18,1.3483,-0,0,0,0,0,731.809333333,7740.59039584,6927.46891436,699.463333333,0,706.29175,731.809333333,0,32.346,-0,0,0,0,0,0,0,0
2025-03-20,117,19:30,19:40,18,1.349,-0,0,0,0,0,738.307779003,6927.46891436,6107.12693769,721.8114,0,716.202027456,738.307779003,0,16.4963790034,-0,0,0,0,0,0,0,0
2025-03-20,118,19:40,19:50,18,1.3473,-0,0,0,0,0,728.921603481,6107.12693769,5297.21404493,728.49135,0.00035,713.359549037,728.921603481,0,0.43060348122,-0,0,0,0,0,0,0,0
2025-03-20,119,19:50,20:00,18,1.3482,-0,0,0,0,0,721.210706273,5297.21404493,4495.86881574,726.368333333,0,705.894833333,721.210706273,5.15762706029,0,-0,0,0,0,0,34.7675640134,34.7675640134,0
2025-03-20,120,20:00,20:10,18,1.3513,0,0,0,0,0,731.74483,4495.86881574,3682.81900463,764.336516667,0,719.497754167,731.74483,32.5916866667,0,0,0,0,0,0,220.205730963,220.205730963,0
2025-03-20,121,20:10,20:20,18,1.34,-0,0,0,0,0,742.19217,3682.81900463,2858.16103796,753.943816667,0,726.198316667,742.19217,11.7516466667,0,-0,0,0,0,0,78.7360326667,78.7360326667,0
2025-03-20,122,20:20,20:30,18,1.3489,-0,0,0,0,0,740.583333333,2858.16103796,2035.29066759,702.561666667,0,720.50325,740.583333333,0,38.0216666667,-0,0,0,0,0,0,0,0
2025-03-20,123,20:30,20:40,18,1.3952,0,0,0,0,0,750.5421675,2035.29066759,1201.35492593,709.374483333,0,727.170594167,750.5421675,0,41.1676841667,0,0,0,0,0,0,0,0
2025-03-20,124,20:40,20:50,18,1.2226,759.588251667,759.588251667,0,0,0,1.21943333333,1201.35492593,1200,719.835983333,0,746.293243333,760.807685,0,40.9717016667,928.672596488,0,0,0,0,0,928.672596488,0
2025-03-20,125,20:50,21:00,18,0.9332,784.396166667,784.396166667,0,0,1.83369816872,0,1200,1201.65032835,709.541666667,0,754.947666667,782.562468498,0,73.0208018313,731.998502733,0,0,0,0,0,731.998502733,0
2025-03-20,126,21:00,21:10,18,0.9068,753.049211111,753.049211111,0,0,7.65818083333,0,1201.65032835,1208.5426911,715.044683333,0,729.2037725,745.391030278,0,30.3463469444,682.865024636,0,0,0,0,0,682.865024636,0
2025-03-20,127,21:10,21:20,18,0.9371,719.397268333,719.397268333,0,0,0.512759166667,0,1208.5426911,1209.00417435,736.4506,0,705.969618333,718.884509167,17.5660908333,0,674.147180155,0,0,0,0,82.3059185996,756.453098755,0
2025-03-20,128,21:20,21:30,18,0.9371,728.914583333,728.914583333,0,0,0,0,1209.00417435,1209.00417435,758.933333333,0,716.080083333,728.914583333,30.01875,0,683.065856042,0,0,0,0,140.652853125,823.718709167,0
2025-03-20,129,21:30,21:40,18,0.9871,748.646831417,748.646831417,0,0,0,8.10375691667,1209.00417435,1200,754.375466667,0,742.2043175,756.750588333,0,2.37512166667,738.989287291,0,0,0,0,0,738.989287291,0
2025-03-20,130,21:40,21:50,18,0.7764,683.932632472,683.932632472,0,0,0,0,1200,1200,666.937533333,0,668.589306667,683.932632472,0,16.9950991389,531.005295851,0,0,0,0,0,531.005295851,0
2025-03-20,131,21:50,22:00,18,0.4209,1378.66011193,1378.66011193,0,0,813.214528596,0,1200,1931.89307574,553.156666667,0,545.915916667,565.445583333,0,12.2889166667,580.278041111,0,0,0,0,0,580.278041111,0
2025-03-20,132,22:00,22:10,18,0.3859,1393.6823325,1393.6823325,0,0,832.036904167,0,1931.89307574,2680.72628949,538.901466667,0,545.290994167,561.645428333,0,22.7439616667,537.822012112,0,0,0,0,0,537.822012112,0
2025-03-20,133,22:10,22:20,18,0.4368,578.4282625,578.4282625,0,0,2.49307583333,0,2680.72628949,2682.97005774,553.3285,0,561.900680833,575.935186667,0,22.6066866667,252.65746506,0,0,0,0,0,252.65746506,0
2025-03-20,134,22:20,22:30,18,0.4198,1388.59166667,1388.59166667,0,0,817.69125,0,2682.97005774,3418.89218274,542.64,0,547.01925,570.900416667,0,28.2604166667,582.930781667,0,0,0,0,0,582.930781667,0
2025-03-20,135,22:30,22:40,18,0.4186,1401.35563833,1401.35563833,0,0,821.199411667,0,3418.89218274,4157.97165324,524.0221,0,557.693935833,580.156226667,0,56.1341266667,586.607470206,0,0,0,0,0,586.607470206,0
2025-03-20,136,22:40,22:50,18,0.4241,596.7229575,596.7229575,0,0,10.165015,0,4157.97165324,4167.12016674,526.969566667,0,567.153650833,586.5579425,0,59.5883758333,253.070206276,0,0,0,0,0,253.070206276,0
2025-03-20,137,22:50,23:00,18,0.4237,602.658,602.658,0,0,23.9713333333,0,4167.12016674,4188.69436674,549.4,0,566.081083333,578.686666667,0,29.2866666667,255.3461946,0,0,0,0,0,255.3461946,0
2025-03-20,138,23:00,23:10,18,0.4248,600.019993333,600.019993333,0,0,6.0169425,0,4188.69436674,4194.10961499,559.40135,0,573.371385833,594.003050833,0,34.6017008333,254.888493168,0,0,0,0,0,254.888493168,0
2025-03-20,139,23:10,23:20,18,0.424,591.854176667,591.854176667,0,0,9.83980916667,0,4194.10961499,4202.96544324,543.627933333,0,563.6767975,582.0143675,0,38.3864341667,250.946170907,0,0,0,0,0,250.946170907,0
2025-03-20,140,23:20,23:30,18,0.422,583.913166667,583.913166667,0,0,15.8915,0,4202.96544324,4217.26779324,544.621666667,0,548.619666667,568.021666667,0,23.4,246.411356333,0,0,0,0,0,246.411356333,0
2025-03-20,141,23:30,23:40,18,0.424,591.5354675,591.5354675,0,0,10.5638833333,0,4217.26779324,4226.77528824,600.679333333,0,559.050435833,580.971584167,19.7077491667,0,250.81103822,0,0,0,0,41.7804282333,292.591466453,0
2025-03-20,142,23:40,23:50,18,0.4271,548.233014722,548.233014722,0,0,11.6848872222,0,4226.77528824,4237.29168674,540.978183333,0,514.1282775,536.5481275,4.43005583333,0,234.150320588,0,0,0,0,9.46038423208,243.61070482,0
2025-03-20,143,23:50,24:00,18,0.4276,459.56275,459.56275,0,0,10.24275,0,4237.29168674,4246.51016174,400.166666667,0,424.433666667,449.32,0,49.1533333333,196.5090319,0,0,0,0,0,196.5090319,0
2025-06-21,0,00:00,00:10,0,0.4248,548.5422325,548.5422325,0,0,0,0,2292.65930243,2292.65930243,514.663966667,0,525.226503333,548.5422325,0,33.8782658333,233.020740366,0,0,0,0,0,233.020740366,0
2025-06-21,1,00:10,00:20,0,0.4245,1301.36602498,1301.36602498,0,0,762.828720815,0,2292.65930243,2979.20515117,533.34865,0,514.7227375,538.537304167,0,5.18865416667,552.429877605,0,0,0,0,0,552.429877605,0
2025-06-21,2,00:20,00:30,0,0.4269,526.46875,526.46875,0,0,0,0,2979.20515117,2979.20515117,566.91,0,495.261083333,526.46875,40.44125,0,224.749509375,0,0,0,0,86.321848125,311.0713575,0
2025-06-21,3,00:30,00:40,0,0.4272,539.081436667,539.081436667,0,0,0,0,2979.20515117,2979.20515117,510.587683333,0,514.0913775,539.081436667,0,28.4937533333,230.295589744,0,0,0,0,0,230.295589744,0
2025-06-21,4,00:40,00:50,0,0.4271,550.26665,550.26665,0,0,0,0,2979.20515117,2979.20515117,470.042866667,0,527.81095,550.26665,0,80.2237833333,235.018886215,0,0,0,0,0,235.018886215,0
2025-06-21,5,00:50,01:00,0,0.4285,551.600666667,551.600666667,0,0,0,0,2979.20515117,2979.20515117,480.563333333,0,518.988833333,551.600666667,0,71.0373333333,236.360885667,0,0,0,0,0,236.360885667,0
2025-06-21,6,01:00,01:10,0,0.4311,535.1544275,535.1544275,0,0,0,0,2979.20515117,2979.20515117,478.329933333,0,511.238098333,535.1544275,0,56.8244941667,230.705073695,0,0,0,0,0,230.705073695,0
2025-06-21,7,01:10,01:20,0,0.4302,515.804890833,515.804890833,0,0,0,0,2979.20515117,2979.20515117,497.638116667,0,496.564340833,515.804890833,0,18.1667741667,221.899264036,0,0,0,0,0,221.899264036,0
2025-06-21,8,01:20,01:30,0,0.4279,506.259833333,506.259833333,0,0,0,0,2979.20515117,2979.20515117,527.363333333,0,480.13275,506.259833333,21.1035,0,216.628582683,0,0,0,0,45.15093825,261.779520933,0
2025-06-21,9,01:30,01:40,0,0.4312,511.666393333,511.666393333,0,0,0,0,2979.20515117,2979.20515117,510.807616667,0,479.984979167,511.666393333,0,0.858776666667,220.630548805,0,0,0,0,0,220.630548805,0
2025-06-21,10,01:40,01:50,0,0.4333,499.242999167,499.242999167,0,0,0,0,2979.20515117,2979.20515117,492.340983333,0,480.231161667,499.242999167,0,6.90201583333,216.321991539,0,0,0,0,0,216.321991539,0
2025-06-21,11,01:50,02:00,0,0.4311,498.076166667,498.076166667,0,0,0,0,2979.20515117,2979.20515117,499.103333333,0,478.341,498.076166667,1.02716666667,0,214.72063545,0,0,0,0,2.21405775,216.9346932,0
2025-06-21,12,02:00,02:10,0,0.4293,499.8505175,499.8505175,0,0,0,0,2979.20515117,2979.20515117,512.0669,0,485.31446,499.8505175,12.2163825,0,214.585827163,0,0,0,0,26.2224650363,240.808292199,0
2025-06-21,13,02:10,02:20,0,0.4324,505.3988675,505.3988675,0,0,0,0,2979.20515117,2979.20515117,502.183583333,0,479.7949925,505.3988675,0,3.21528416667,218.534470307,0,0,0,0,0,218.534470307,0
2025-06-21,14,02:20,02:30,0,0.4367,502.801833333,502.801833333,0,0,0,0,2979.20515117,2979.20515117,473.125,0,473.988166667,502.801833333,0,29.6768333333,219.573560617,0,0,0,0,0,219.573560617,0
2025-06-21,15,02:30,02:40,0,0.4348,521.851676667,521.851676667,0,0,0,0,2979.20515117,2979.20515117,458.319983333,0,496.718294167,521.851676667,0,63.5316933333,226.901109015,0,0,0,0,0,226.901109015,0
2025-06-21,16,02:40,02:50,0,0.4335,499.700571667,499.700571667,0,0,0,0,2979.20515117,2979.20515117,470.09745,0,480.320873333,499.700571667,0,29.6031216667,216.620197818,0,0,0,0,0,216.620197818,0
2025-06-21,17,02:50,03:00,0,0.4357,468.291083333,468.291083333,0,0,0,0,2979.20515117,2979.20515117,489.373333333,0,437.468166667,468.291083333,21.08225,0,204.034425008,0,0,0,0,45.927681625,249.962106633,0
2025-06-21,18,03:00,03:10,0,0.4374,467.084954194,467.084954194,0,0,0,0,2979.20515117,2979.20515117,486.698233333,0.0002,449.418197527,467.084954194,19.6130791392,0,204.302958965,0,0,0,0,42.8938040774,247.196763042,0
2025-06-21,19,03:10,03:20,0,0.4371,469.07379118,469.07379118,0,0,0,0,2979.20515117,2979.20515117,491.8388,0,455.802967847,469.07379118,22.7650088199,0,205.032154125,0,0,0,0,49.7529267759,254.785080901,0
2025-06-21,20,03:20,03:30,0,0.4356,460.1965,460.1965,0,0,0,0,2979.20515117,2979.20515117,496.251666667,0,444.009166667,460.1965,36.0551666667,0,200.4615954,0,0,0,0,78.528153,278.9897484,0
2025-06-21,21,03:30,03:40,0,0.4353,478.478331951,478.478331951,0,0,0,0,2979.20515117,2979.20515117,463.383,0.0027,463.13326752,478.478331951,0,15.0980319508,208.281617898,0,0,0,0,0,208.281617898,0
2025-06-21,22,03:40,03:50,0,0.436,492.87598236,492.87598236,0,0,0,0,2979.20515117,2979.20515117,454.71765,0,474.07811736,492.87598236,0,38.1583323603,214.893928309,0,0,0,0,0,214.893928309,0
2025-06-21,23,03:50,04:00,0,0.4378,492.275833333,492.275833333,0,0,0,0,2979.20515117,2979.20515117,477.031666667,0,464.994916667,492.275833333,0,15.2441666667,215.518359833,0,0,0,0,0,215.518359833,0
2025-06-21,24,04:00,04:10,0,0.4401,482.41023242,482.41023242,0,0,0,0,2979.20515117,2979.20515117,474.3197,0.0377166666667,463.550133157,482.41023242,0,8.1282490871,212.308743288,0,0,0,0,0,212.308743288,0
2025-06-21,25,04:10,04:20,0,0.4389,472.23527471,472.23527471,0,0,0,0,2979.20515117,2979.20515117,458.1585,0,456.161858233,472.23527471,0,14.0767747098,207.26406207,0,0,0,0,0,207.26406207,0
2025-06-21,26,04:20,04:30,0,0.4364,467.943901956,467.943901956,0,0,0,0,2979.20515117,2979.20515117,446.218333333,0,444.598235289,467.943901956,0,21.7255686223,204.210718813,0,0,0,0,0,204.210718813,0
2025-06-21,27,04:30,04:40,0,0.4393,469.529601861,469.529601861,0,0,0,0,2979.20515117,2979.20515117,443.47855,0.525266666667,448.023772356,469.529601861,0,26.5763185275,206.264354097,0,0,0,0,0,206.264354097,0
2025-06-21,28,04:40,04:50,0,0.4422,472.548007193,472.548007193,0,0,0,0,2979.20515117,2979.20515117,450.38675,0,453.949053816,472.548007193,0,22.1612571934,208.960728781,0,0,0,0,0,208.960728781,0
2025-06-21,29,04:50,05:00,0,0.4395,479.407595257,479.407595257,0,0,0,0,2979.20515117,2979.20515117,455.386666667,1.2125,454.60417859,479.407595257,0,25.2334285904,210.699638115,0,0,0,0,0,210.699638115,0
2025-06-21,30,05:00,05:10,0,0.4333,459.498788653,459.498788653,0,0,0,0,2979.20515117,2979.20515117,444.119633333,19.4609166667,438.918030704,459.498788653,0,34.8400719866,199.100825123,0,0,0,0,0,199.100825123,0
2025-06-21,31,05:10,05:20,0,0.4439,426.257399371,426.257399371,0,0,0,0,2979.20515117,2979.20515117,434.4785,43.99505,402.423573113,426.257399371,0,35.7739493708,189.215659581,0,0,0,0,0,189.215659581,0
2025-06-21,32,05:20,05:30,0,0.4301,383.984408712,383.984408712,0,0,0,0,2979.20515117,2979.20515117,440.358333333,69.5125,369.666669863,383.984408712,0,13.1385753783,165.151694187,0,0,0,0,0,165.151694187,0
2025-06-21,33,05:30,05:40,0,0.3713,1232.91198235,1232.91198235,0,0,833.333333333,0,2979.20515117,3729.20515117,457.510683333,97.9326833333,372.163349522,399.57864902,0,40.0006490198,457.780219048,0,0,0,0,0,457.780219048,0
2025-06-21,34,05:40,05:50,0,0.5708,-0,0,0,0,0,370.223171601,3729.20515117,3317.84607161,459.673666667,122.63875,343.531277871,370.223171601,0,33.1882549347,-0,0,0,0,0,0,0,0
2025-06-21,35,05:50,06:00,0,0.9099,-0,0,0,0,0,324.554051945,3317.84607161,2957.23045834,456.94,148.45,287.511449026,324.554051945,0,16.0640519453,-0,0,0,0,0,0,0,0
2025-06-21,36,06:00,06:10,6,0.9368,0,0,0,0,0,325.45666386,2957.23045834,2595.61194294,481.455066667,189.492566667,276.421048936,325.45666386,0,33.4941638603,0,0,0,0,0,0,0,0
2025-06-21,37,06:10,06:20,6,0.8758,0,0,0,0,0,297.047804653,2595.61194294,2265.55882665,488.705166667,242.2338,239.397282714,297.047804653,0,50.5764379863,0,0,0,0,0,0,0,0
2025-06-21,38,06:20,06:30,6,0.8759,0,0,0,0,0,227.711438037,2265.55882665,2012.54611772,460.67,294.31875,169.831736503,227.711438037,0,61.3601880374,0,0,0,0,0,0,0,0
2025-06-21,39,06:30,06:40,6,0.8601,0,0,0,0,0,156.091140417,2012.54611772,1839.11151726,434.435616667,337.050433333,103.727784985,156.091140417,0,58.7059570834,0,0,0,0,0,0,0,0
2025-06-21,40,06:40,06:50,6,0.8442,0,0,0,0,0,119.748467798,1839.11151726,1706.05766415,477.960816667,391.748716667,79.306595997,119.748467798,0,33.5363677983,0,0,0,0,0,0,0,0
2025-06-21,41,06:50,07:00,6,0.8334,0,0,0,0,0,134.214158995,1706.05766415,1556.93082082,550.711666667,449.875,75.1450353548,134.214158995,0,33.3774923283,0,0,0,0,0,0,0,0
2025-06-21,42,07:00,07:10,6,0.8092,0,0,0,0,0,110.913278903,1556.93082082,1433.69384427,542.38615,479.10385,47.0518630162,110.913278903,0,47.6309789027,0,0,0,0,0,0,0,0
2025-06-21,43,07:10,07:20,6,0.7972,0,0,0,0,0,83.1245972483,1433.69384427,1341.33318066,522.932466667,501.004783333,14.1140318553,83.1245972483,0,61.1969139149,0,0,0,0,0,0,0,0
2025-06-21,44,07:20,07:30,6,0.7644,0,0,0,0,0,77.5026462616,1341.33318066,1255.21912925,529.141666667,537.48125,-10.3580741295,77.5026462616,0,85.842229595,0,0,0,0,0,0,0,0
2025-06-21,45,07:30,07:40,6,0.6899,0,0,0,0,0,38.3574611269,1255.21912925,1212.599728,526.62105,589.587833333,-45.9048934149,38.3574611269,0,101.32424446,0,0,0,0,0,0,0,0
2025-06-21,46,07:40,07:50,6,0.86,0,0,0,0,0,6.70338194978,1212.599728,1205.15152584,514.59605,630.899766667,-74.0223538049,6.70338194978,0,123.007098616,0,0,0,0,0,0,0,0
2025-06-21,47,07:50,08:00,6,1.1617,0,0,0,0,24.5492438932,0,1205.15152584,1227.24584534,510.393333333,667.2375,-102.035284481,-24.5492438932,0,132.294922774,0,0,0,0,0,0,0,0
2025-06-21,48,08:00,08:10,6,1.1683,0,0,0,0,81.7165681708,0,1227.24584534,1300.79075669,527.003283333,722.4554,-148.427555297,-81.7165681708,0,113.735548496,0,0,0,0,0,0,0,0
2025-06-21,49,08:10,08:20,6,1.0956,0,0,0,0,100.958386185,0,1300.79075669,1391.65330426,526.832033333,740.300583333,-193.886265937,-100.958386185,0,112.510163815,0,0,0,0,0,0,0,0
2025-06-21,50,08:20,08:30,6,1.0849,0,0,0,0,75.2554491839,0,1391.65330426,1459.38320853,506.265,726.45,-223.95456412,-75.2554491839,0,144.929550816,0,0,0,0,0,0,0,0
2025-06-21,51,08:30,08:40,6,1.061,0,0,0,0,159.790923034,0,1459.38320853,1603.19503926,505.166233333,746.649166667,-241.21541116,-159.790923034,0,81.6920102996,0,0,0,0,0,0,0,0
2025-06-21,52,08:40,08:50,6,1.043,0,0,0,0,125.383230846,0,1603.19503926,1716.03994702,548.323166667,778.0861,-202.4159322,-125.383230846,0,104.379702488,0,0,0,0,0,0,0,0
2025-06-21,53,08:50,09:00,6,1.036,0,0,0,0,95.0518932143,0,1716.03994702,1801.58665091,608.436666667,791.0125,-150.491571803,-95.0518932143,0,87.5239401191,0,0,0,0,0,0,0,0
2025-06-21,54,09:00,09:10,6,1.0147,0,0,0,0,124.233010788,0,1801.58665091,1913.39636062,630.983516667,791.1589,-213.080445972,-124.233010788,0,35.9423725456,0,0,0,0,0,0,0,0
2025-06-21,55,09:10,09:20,6,0.9922,0,0,0,0,180.214834879,0,1913.39636062,2075.58971201,641.60305,856.573016667,-283.536829222,-180.214834879,0,34.7551317876,0,0,0,0,0,0,0,0
2025-06-21,56,09:20,09:30,6,0.97,0,0,0,0,198.12982566,0,2075.58971201,2253.9065551,637.433333333,965.71875,-326.935311044,-198.12982566,0,130.155591007,0,0,0,0,0,0,0,0
2025-06-21,57,09:30,09:40,6,0.9422,0,0,0,0,231.058156674,0,2253.9065551,2461.85889611,597.059766667,1018.178,-377.175197045,-231.058156674,0,190.06007666,0,0,0,0,0,0,0,0
2025-06-21,58,09:40,09:50,6,0.9569,0,0,0,0,279.897787027,0,2461.85889611,2713.76690443,614.65745,1064.18363333,-405.473004983,-279.897787027,0,169.628396306,0,0,0,0,0,0,0,0
2025-06-21,59,09:50,10:00,6,0.9977,0,0,0,0,329.472557122,0,2713.76690443,3010.29220584,666.69,1107.25625,-424.285000297,-329.472557122,0,111.093692878,0,0,0,0,0,0,0,0
2025-06-21,60,10:00,10:10,6,0.9919,0,0,0,0,368.939566294,0,3010.29220584,3342.33781551,637.684016667,1098.31488333,-460.023371202,-368.939566294,0,91.6913003726,0,0,0,0,0,0,0,0
2025-06-21,61,10:10,10:20,6,0.9588,0,0,0,0,302.191164395,0,3342.33781551,3614.30986346,626.916266667,1115.9334,-485.654846921,-302.191164395,0,186.825968939,0,0,0,0,0,0,0,0
2025-06-21,62,10:20,10:30,6,0.9549,0,0,0,0,293.100762215,0,3614.30986346,3878.10054946,650.318333333,1166.83125,-497.067397336,-293.100762215,0,223.412154452,0,0,0,0,0,0,0,0
2025-06-21,63,10:30,10:40,6,0.9839,0,0,0,0,352.514014612,0,3878.10054946,4195.36316261,621.125583333,1182.30681667,-534.744447963,-352.514014612,0,208.667218722,0,0,0,0,0,0,0,0
2025-06-21,64,10:40,10:50,6,0.799,0,0,0,0,426.969097593,0,4195.36316261,4579.63535044,594.26015,1207.18646667,-553.565990894,-426.969097593,0,185.957219074,0,0,0,0,0,0,0,0
2025-06-21,65,10:50,11:00,6,0.5025,0,0,0,0,458.727895359,0,4579.63535044,4992.49045626,613.201666667,1233.35,-551.570352741,-458.727895359,0,161.420437974,0,0,0,0,0,0,0,0
2025-06-21,66,11:00,11:10,6,0.4662,0,0,0,0,427.168277991,0,4992.49045626,5376.94190646,657.602766667,1217.7636,-574.741243383,-427.168277991,0,132.992555343,0,0,0,0,0,0,0,0
2025-06-21,67,11:10,11:20,6,0.5007,0,0,0,0,383.785407363,0,5376.94190646,5722.34877308,650.106716667,1297.14923333,-583.828658488,-383.785407363,0,263.257109304,0,0,0,0,0,0,0,0
2025-06-21,68,11:20,11:30,6,0.4827,0,0,0,0,341.634747564,0,5722.34877308,6029.82004589,607.626666667,1415.0375,-567.19677779,-341.634747564,0,465.77608577,0,0,0,0,0,0,0,0
2025-06-21,69,11:30,11:40,6,0.4785,0,0,0,0,379.453576436,0,6029.82004589,6371.32826468,617.523783333,1363.45273333,-555.886869962,-379.453576436,0,366.475373564,0,0,0,0,0,0,0,0
2025-06-21,70,11:40,11:50,6,0.4662,0,0,0,0,419.984103611,0,6371.32826468,6749.31395793,620.718883333,1279.61176667,-569.206827868,-419.984103611,0,238.908779723,0,0,0,0,0,0,0,0
2025-06-21,71,11:50,12:00,6,0.4432,0,0,0,0,417.694316479,0,6749.31395793,7125.23884276,605.18,1277.51875,-584.064661167,-417.694316479,0,254.644433521,0,0,0,0,0,0,0,0
2025-06-21,72,12:00,12:10,12,0.4411,0,0,0,0,0,0,7125.23884276,7125.23884276,622.59025,1340.71051667,-630.064304924,0,0,718.120266667,0,0,0,0,0,0,0,0
2025-06-21,73,12:10,12:20,12,0.4551,0,0,0,0,0,0,7125.23884276,7125.23884276,642.0392,1383.49591667,-636.603480821,0,0,741.456716667,0,0,0,0,0,0,0,0
2025-06-21,74,12:20,12:30,12,0.4463,0,0,0,0,0,0,7125.23884276,7125.23884276,654.76,1397.16875,-663.210435824,0,0,742.40875,0,0,0,0,0,0,0,0
2025-06-21,75,12:30,12:40,12,0.4113,0,0,0,0,0,0,7125.23884276,7125.23884276,676.650733333,1434.29795,-655.694877761,0,0,757.647216667,0,0,0,0,0,0,0,0
2025-06-21,76,12:40,12:50,12,0.5682,0,0,0,0,506.86404971,0,7125.23884276,7581.4164875,652.0988,1423.78681667,-660.588306086,-506.86404971,0,264.823966957,0,0,0,0,0,0,0,0
2025-06-21,77,12:50,13:00,12,0.8279,0,0,0,0,627.845837031,0,7581.4164875,8146.47774083,614.668333333,1341.6,-685.968471214,-627.845837031,0,99.0858296359,0,0,0,0,0,0,0,0
2025-06-21,78,13:00,13:10,12,0.8636,0,0,0,0,526.335606652,0,8146.47774083,8620.17978682,651.744716667,1248.9027,-631.222804102,-526.335606652,0,70.822376681,0,0,0,0,0,0,0,0
2025-06-21,79,13:10,13:20,12,0.8416,0,0,0,0,429.789098073,0,8620.17978682,9006.98997508,643.769233333,1225.82051667,-551.976351564,-429.789098073,0,152.26218526,0,0,0,0,0,0,0,0
2025-06-21,80,13:20,13:30,12,0.8618,0,0,0,0,361.51865529,0,9006.98997508,9332.35676484,598.215,1223.48125,-470.334912346,-361.51865529,0,263.74759471,0,0,0,0,0,0,0,0
2025-06-21,81,13:30,13:40,12,0.8623,0,0,0,0,264.94248086,0,9332.35676484,9570.80499762,641.537016667,1119.12415,-409.852369422,-264.94248086,0,212.644652473,0,0,0,0,0,0,0,0
2025-06-21,82,13:40,13:50,12,0.9026,0,0,0,0,265.328155174,0,9570.80499762,9809.60033727,663.0397,1021.2925,-360.749544649,-265.328155174,0,92.9246448262,0,0,0,0,0,0,0,0
2025-06-21,83,13:50,14:00,12,0.9754,0,0,0,0,221.258782179,0,9809.60033727,10008.7332412,643.641666667,992.7,-310.194830857,-221.258782179,0,127.799551154,0,0,0,0,0,0,0,0
2025-06-21,84,14:00,14:10,12,1.0002,0,0,0,0,151.238971054,0,10008.7332412,10144.8483152,674.648416667,990.299633333,-308.686229546,-151.238971054,0,164.412245612,0,0,0,0,0,0,0,0
2025-06-21,85,14:10,14:20,12,0.9978,0,0,0,0,143.681183727,0,10144.8483152,10274.1613805,682.538016667,971.215666667,-299.169797245,-143.681183727,0,144.996466273,0,0,0,0,0,0,0,0
2025-06-21,86,14:20,14:30,12,1.0271,0,0,0,0,172.813594105,0,10274.1613805,10429.6936152,667.898333333,956.35625,-285.242358815,-172.813594105,0,115.644322562,0,0,0,0,0,0,0,0
2025-06-21,87,14:30,14:40,12,1.0906,0,0,0,0,107.741502862,0,10429.6936152,10526.6609678,704.50855,994.04345,-272.551308512,-107.741502862,0,181.793397138,0,0,0,0,0,0,0,0
2025-06-21,88,14:40,14:50,12,0.9376,0,0,0,0,105.346745096,0,10526.6609678,10621.4730384,697.074766667,996.54085,-263.500800524,-105.346745096,0,194.119338237,0,0,0,0,0,0,0,0
2025-06-21,89,14:50,15:00,12,0.6694,0,0,0,0,143.108792279,0,10621.4730384,10750.2709514,646.613333333,946.74375,-248.54777929,-143.108792279,0,157.021624388,0,0,0,0,0,0,0,0
2025-06-21,90,15:00,15:10,12,0.66,0,0,0,0,55.2544983927,0,10750.2709514,10800,652.705583333,909.52565,-194.917170486,-55.2544983927,0,201.565568274,0,0,0,0,0,0,0,0
2025-06-21,91,15:10,15:20,12,0.7217,0,0,0,0,0,0,10800,10800,654.056633333,858.8448,-146.82531685,0,0,204.788166667,0,0,0,0,0,0,0,0
2025-06-21,92,15:20,15:30,12,0.7308,0,0,0,0,0,0,10800,10800,645.916666667,801.85,-101.879742449,0,0,155.933333333,0,0,0,0,0,0,0,0
2025-06-21,93,15:30,15:40,12,0.7534,45.9663691846,45.9663691846,0,0,0,0,10800,10800,689.502583333,780.158866667,-37.5515997433,45.9663691846,0,136.622652518,34.6310625437,0,0,0,0,0,34.6310625437,0
2025-06-21,94,15:40,15:50,12,0.7823,115.13160164,91.8853917707,0,23.2462098693,0,0,10800,10800,719.543366667,746.87235,14.5073627817,91.8853917707,0,119.214375104,90.067451963,0,18.1855099807,9.09275499037,-9.09275499037,0,80.9746969726,-139.477259216
2025-06-21,95,15:50,16:00,12,0.8055,169.030160805,109.52706169,0,59.5030991148,0,0,10800,10800,702.905,675.9,58.536414898,109.52706169,0,82.5220616898,136.153794528,0,47.929746337,23.9648731685,-23.9648731685,0,112.18892136,-357.018594689
2025-06-21,96,16:00,16:10,12,0.8271,223.905270292,176.270089794,0,47.6351804977,0,0,10800,10800,672.380966667,593.809416667,116.537130429,176.270089794,0,97.6985397942,185.192049058,0,39.3990577897,19.6995288948,-19.6995288948,0,165.492520164,-285.811082986
2025-06-21,97,16:10,16:20,12,0.8519,234.623304941,193.427533119,0,41.1957718214,0,0,10800,10800,663.452433333,560.248133333,132.575028239,193.427533119,0,90.2232331192,199.875593479,0,35.0946780146,17.5473390073,-17.5473390073,0,182.328254472,-247.174630928
2025-06-21,98,16:20,16:30,12,0.8791,235.538004662,201.895542264,0,33.6424623985,0,0,10800,10800,673.67,567.7625,137.340025202,201.895542264,0,95.9880422635,207.061459898,0,29.5750886945,14.7875443473,-14.7875443473,0,192.273915551,-201.854774391
2025-06-21,99,16:30,16:40,12,0.9024,300.38956782,289.431186793,0,10.9583810276,0,0,10800,10800,663.962333333,548.5383,216.919367728,289.431186793,0,174.00715346,271.071546001,0,9.88884303931,4.94442151965,-4.94442151965,0,266.127124482,-65.7502861656
2025-06-21,100,16:40,16:50,12,0.9163,285.369382799,280.600993755,0,4.76838904456,0,0,10800,10800,603.64885,494.029166667,217.26275476,280.600993755,0,170.981310421,261.483965459,0,4.36927488153,2.18463744077,-2.18463744077,0,259.299328018,-28.6103342674
2025-06-21,101,16:50,17:00,12,0.9264,221.903640375,212.952498888,0,8.95114148746,0,0,10800,10800,540.05,437.26875,149.964733714,212.952498888,0,110.171248888,205.571532444,0,8.29233747398,4.14616873699,-4.14616873699,0,201.425363707,-53.7068489248
2025-06-21,102,17:00,17:10,12,0.9462,249.063975473,236.063330092,0,13.0006453803,0,0,10800,10800,555.834533333,413.2071,194.108786581,236.063330092,0,93.435896759,235.664333592,0,12.3012106589,6.15060532943,-6.15060532943,0,229.513728263,-78.003872282
2025-06-21,103,17:10,17:20,12,0.9742,295.001195292,294.482240767,0,0.518954525354,0,0,10800,10800,577.104133333,364.309133333,245.36478163,294.482240767,0,81.6872407666,287.390164453,0,0.5055654986,0.2527827493,-0.2527827493,0,287.137381704,-3.11372715212
2025-06-21,104,17:20,17:30,12,0.9862,312.271159532,306.234155167,0,6.03700436505,0,0,10800,10800,580.711666667,291.74375,265.249204496,306.234155167,0,17.2662385004,307.961817531,0,5.95369370481,2.97684685241,-2.97684685241,0,304.984970678,-36.2220261903
2025-06-21,105,17:30,17:40,12,0.976,380.497763093,380.497763093,0,0,0,0,10800,10800,608.20135,254.731183333,318.742246095,380.497763093,0,27.0275964267,371.365816779,0,0,0,0,0,371.365816779,0
2025-06-21,106,17:40,17:50,12,1.0742,414.327556838,414.327556838,0,0,0,0,10800,10800,600.725483333,218.404566667,380.186729342,414.327556838,0,32.0066401714,445.070661555,0,0,0,0,0,445.070661555,0
2025-06-21,107,17:50,18:00,12,1.2313,448.123090855,448.123090855,0,0,0,15.6545780418,10800,10782.6060244,558.251666667,172.35,428.502036667,463.777668896,0,77.8760022298,551.773961769,0,0,0,0,0,551.773961769,0
2025-06-21,108,18:00,18:10,18,1.2561,0,0,0,0,0,487.952829623,10782.6060244,10240.4362137,545.747133333,143.3881,453.075131593,487.952829623,0,85.5937962894,0,0,0,0,0,0,0,0
2025-06-21,109,18:10,18:20,18,1.2447,510.444436335,510.444436335,0,0,0,24.167433159,10240.4362137,10213.5835102,549.500533333,112.875783333,497.636513108,534.611869494,0,97.9871194937,635.350189906,0,0,0,0,0,635.350189906,0
2025-06-21,110,18:20,18:30,18,1.2545,199.353912198,199.353912198,0,0,0,383.694903449,10213.5835102,9787.2558397,557.131666667,75.45,542.371573774,583.048815648,0,101.367148981,250.089482853,0,0,0,0,0,250.089482853,0
2025-06-21,111,18:30,18:40,18,1.2522,585.445058991,585.445058991,0,0,0,16.6732580127,9787.2558397,9768.72999746,576.138566667,46.0094,564.942344028,602.118317004,0,71.9891503374,733.094302869,0,0,0,0,0,733.094302869,0
2025-06-21,112,18:40,18:50,18,1.2881,0,0,0,0,0,612.953295176,9768.72999746,9087.6707806,605.7608,20.3061166667,573.64604895,612.953295176,0,27.498611843,0,0,0,0,0,0,0,0
2025-06-21,113,18:50,19:00,18,1.3466,0,0,0,0,0,605.779916381,9087.6707806,8414.58198462,642.12,1.29375,580.272999714,605.779916381,35.0463336189,0,0,0,0,0,0,235.966964256,235.966964256,0
2025-06-21,114,19:00,19:10,18,1.3523,0,0,0,0,0,623.243652732,8414.58198462,7722.08903714,667.4907,0,591.576718586,623.243652732,44.247047268,0,0,0,0,0,0,299.176410102,299.176410102,0
2025-06-21,115,19:10,19:20,18,1.3445,0,0,0,0,0,662.43588454,7722.08903714,6986.04916543,617.790566667,0.54365,632.687535228,662.43588454,0,45.1889678729,0,0,0,0,0,0,0,0
2025-06-21,116,19:20,19:30,18,1.3483,0,0,0,0,0,690.897236002,6986.04916543,6218.38556987,548.913333333,0,653.170894844,690.897236002,0,141.983902668,0,0,0,0,0,0,0,0
2025-06-21,117,19:30,19:40,18,1.349,0,0,0,0,0,619.630893243,6218.38556987,5529.9067996,582.087566667,0,591.298146576,619.630893243,0,37.5433265762,0,0,0,0,0,0,0,0
2025-06-21,118,19:40,19:50,18,1.3473,0,0,0,0,0,600.101557969,5529.9067996,4863.12729075,581.777783333,0.0390333333333,576.215474713,600.101557969,0,18.362807969,0,0,0,0,0,0,0,0
2025-06-21,119,19:50,20:00,18,1.3482,0,0,0,0,0,651.849583333,4863.12729075,4138.84997593,531.603333333,0,628.167916667,651.849583333,0,120.24625,0,0,0,0,0,0,0,0
2025-06-21,120,20:00,20:10,18,1.3513,0,0,0,0,0,664.876112169,4138.84997593,3400.09874019,558.039433333,0,639.154929669,664.876112169,0,106.836678836,0,0,0,0,0,0,0,0
2025-06-21,121,20:10,20:20,18,1.34,0,0,0,0,0,647.762029232,3400.09874019,2680.36315215,620.867533333,0.0028,614.531639232,647.762029232,0,26.8972958989,0,0,0,0,0,0,0,0
2025-06-21,122,20:20,20:30,18,1.3489,0,0,0,0,0,641.514166667,2680.36315215,1967.56963363,660.021666667,0,600.3295,641.514166667,18.5075,0,0,0,0,0,0,124.82383375,124.82383375,0
2025-06-21,123,20:30,20:40,18,1.3952,0,0,0,0,0,661.253083402,1967.56963363,1232.84398541,646.97075,0,629.696668197,661.253083402,0,14.2823334019,0,0,0,0,0,0,0,0
2025-06-21,124,20:40,20:50,18,1.2226,654.960504968,654.960504968,0,0,0,29.5595868682,1232.84398541,1200,585.61215,0.0002,644.18024875,684.520091836,0,98.9081418362,800.754713374,0,0,0,0,0,800.754713374,0
2025-06-21,125,20:50,21:00,18,0.9332,668.772416667,668.772416667,0,0,0.477333333333,0,1200,1200.4296,526.72,0,626.120416667,668.295083333,0,141.575083333,624.098419233,0,0,0,0,0,624.098419233,0
2025-06-21,126,21:00,21:10,18,0.9068,643.963035,643.963035,0,0,0.298193333333,0,1200.4296,1200.697974,535.7851,0,615.6352625,643.664841667,0,107.879741667,583.945680138,0,0,0,0,0,583.945680138,0
2025-06-21,127,21:10,21:20,18,0.9371,654.3701325,654.3701325,0,0,0,0,1200.697974,1200.697974,581.51715,0,627.430059167,654.3701325,0,72.8529825,613.210251166,0,0,0,0,0,613.210251166,0
2025-06-21,128,21:20,21:30,18,0.9371,679.904166667,679.904166667,0,0,0.153627654321,0,1200.697974,1200.83623889,618.915,0,640.432333333,679.750539012,0,60.8355390123,637.138194583,0,0,0,0,0,637.138194583,0
2025-06-21,129,21:30,21:40,18,0.9871,640.915579167,640.915579167,0,0,0,0.752615,1200.83623889,1200,619.241283333,0,616.7488425,641.668194167,0,22.4269108333,632.647768195,0,0,0,0,0,632.647768195,0
2025-06-21,130,21:40,21:50,18,0.7764,585.136085667,585.136085667,0,0,0,0,1200,1200,576.779466667,0,566.158234167,585.136085667,0,8.356619,454.299656912,0,0,0,0,0,454.299656912,0
2025-06-21,131,21:50,22:00,18,0.4209,1352.13158333,1352.13158333,0,0,812.159833333,0,1200,1930.94385,528.28,0,512.122166667,539.97175,0,11.69175,569.112183425,0,0,0,0,0,569.112183425,0
2025-06-21,132,22:00,22:10,18,0.3859,1311.74092833,1311.74092833,0,0,808.743638333,0,1930.94385,2658.8131245,526.873733333,0,478.397615833,502.99729,23.8764433333,0,506.200824244,0,0,0,0,46.0695974117,552.270421656,0
2025-06-21,133,22:10,22:20,18,0.4368,528.7684075,528.7684075,0,0,24.0815183333,0,2658.8131245,2680.486491,544.741083333,0,482.8044175,504.686889167,40.0541941667,0,230.966040396,0,0,0,0,87.47836006,318.444400456,0
2025-06-21,134,22:20,22:30,18,0.4198,1353.34908333,1353.34908333,0,0,807.1875,0,2680.486491,3406.955241,552.865,0,511.61275,546.161583333,6.70341666667,0,568.135945183,0,0,0,0,14.0704715833,582.206416767,0
2025-06-21,135,22:30,22:40,18,0.4186,1364.9045425,1364.9045425,0,0,803.437695833,0,3406.955241,4130.04916725,546.83985,0,531.571209167,561.466846667,0,14.6269966667,571.34904149,0,0,0,0,0,571.34904149,0
2025-06-21,136,22:40,22:50,18,0.4241,1383.58621,1383.58621,0,0,804.829003333,0,4130.04916725,4854.39527025,541.7929,0,550.252876667,578.757206667,0,36.9643066667,586.778911661,0,0,0,0,0,586.778911661,0
2025-06-21,137,22:50,23:00,18,0.4237,1402.07158333,1402.07158333,0,0,814.11175,0,4854.39527025,5587.09584525,531.731666667,0,556.491916667,587.959833333,0,56.2281666667,594.057729858,0,0,0,0,0,594.057729858,0
2025-06-21,138,23:00,23:10,18,0.4248,1370.6272325,1370.6272325,0,0,809.999129167,0,5587.09584525,6316.0950615,499.822716667,0,528.6958775,560.628103333,0,60.8053866667,582.242448366,0,0,0,0,0,582.242448366,0
2025-06-21,139,23:10,23:20,18,0.424,1362.75110583,1362.75110583,0,0,812.845581667,0,6316.0950615,7047.656085,486.82905,0,517.513295833,549.905524167,0,63.0764741667,577.806468873,0,0,0,0,0,577.806468873,0
2025-06-21,140,23:20,23:30,18,0.422,1367.06158333,1367.06158333,0,0,808.172333333,0,7047.656085,7775.011185,498.216666667,0,520.235,558.88925,0,60.6725833333,576.899988167,0,0,0,0,0,576.899988167,0
2025-06-21,141,23:30,23:40,18,0.424,1361.616195,1361.616195,0,0,824.272813333,0,7775.011185,8516.856717,504.095166667,0,501.873145,537.343381667,0,33.248215,577.32526668,0,0,0,0,0,577.32526668,0
2025-06-21,142,23:40,23:50,18,0.4271,629.818671667,629.818671667,0,0,6.9196875,0,8516.856717,8523.08443575,532.219016667,0,576.78726,622.898984167,0,90.6799675,268.995554669,0,0,0,0,0,268.995554669,0
2025-06-21,143,23:50,24:00,18,0.4276,739.673583333,739.673583333,0,0,11.7978333333,0,8523.08443575,8533.70248575,606.023333333,0,704.165,727.87575,0,121.852416667,316.284424233,0,0,0,0,0,316.284424233,0
2025-09-23,0,00:00,00:10,0,0.4248,1464.84040333,1464.84040333,0,0,833.333333333,0,8535.9867975,9285.9867975,570.184333333,0,606.353026667,631.50707,0,61.3227366667,622.264203336,0,0,0,0,0,622.264203336,0
2025-09-23,1,00:10,00:20,0,0.4245,1445.85649167,1445.85649167,0,0,833.333333333,0,9285.9867975,10035.9867975,560.318183333,0,591.223645,612.523158333,0,52.204975,613.766080712,0,0,0,0,0,613.766080712,0
2025-09-23,2,00:20,00:30,0,0.4269,597.501308333,597.501308333,0,0,15.570225,0,10035.9867975,10050,564.766666667,0,554.689833333,581.931083333,0,17.1644166667,255.073308527,0,0,0,0,0,255.073308527,0
2025-09-23,3,00:30,00:40,0,0.4272,590.5990175,590.5990175,0,0,0,0,10050,10050,598.508916667,0,560.949708333,590.5990175,7.90989916667,0,252.303900276,0,0,0,0,16.89554462,269.199444896,0
2025-09-23,4,00:40,00:50,0,0.4271,600.852436667,600.852436667,0,0,0,0,10050,10050,606.51065,0,568.274335833,600.852436667,5.65821333333,0,256.6240757,0,0,0,0,12.0831145733,268.707190274,0
2025-09-23,5,00:50,01:00,0,0.4285,588.279916667,588.279916667,0,0,0,0,10050,10050,589.77,0,557.597083333,588.279916667,1.49008333333,0,252.077944292,0,0,0,0,3.19250354167,255.270447833,0
2025-09-23,6,01:00,01:10,0,0.4311,590.283356667,590.283356667,0,0,0,0,10050,10050,597.35335,0,553.546865833,590.283356667,7.06999333333,0,254.471155059,0,0,0,0,15.23937063,269.710525689,0
2025-09-23,7,01:10,01:20,0,0.4302,579.9321375,579.9321375,0,0,0,0,10050,10050,579.971666667,0,556.016004167,579.9321375,0.0395291666666,0,249.486805553,0,0,0,0,0.0850272374999,249.57183279,0
2025-09-23,8,01:20,01:30,0,0.4279,590.22975,590.22975,0,0,0,0,10050,10050,552.68,0,564.893083333,590.22975,0,37.54975,252.559310025,0,0,0,0,0,252.559310025,0
2025-09-23,9,01:30,01:40,0,0.4312,603.176643333,603.176643333,0,0,0,0,10050,10050,584.05335,0,581.583175833,603.176643333,0,19.1232933333,260.089768605,0,0,0,0,0,260.089768605,0
2025-09-23,10,01:40,01:50,0,0.4333,614.8281675,614.8281675,0,0,0,0,10050,10050,601.861616667,0,587.2452325,614.8281675,0,12.9665508333,266.405044978,0,0,0,0,0,266.405044978,0
2025-09-23,11,01:50,02:00,0,0.4311,613.307583333,613.307583333,0,0,0,0,10050,10050,590.606666667,0,571.676583333,613.307583333,0,22.7009166667,264.396899175,0,0,0,0,0,264.396899175,0
2025-09-23,12,02:00,02:10,0,0.4293,576.551758333,576.551758333,0,0,0,0,10050,10050,604.56305,0,545.5291525,576.551758333,28.0112916667,0,247.513669852,0,0,0,0,60.1262375625,307.639907415,0
2025-09-23,13,02:10,02:20,0,0.4324,580.403543333,580.403543333,0,0,0,0,10050,10050,607.79955,0,545.903331667,580.403543333,27.3960066667,0,250.966492137,0,0,0,0,59.2301664133,310.196658551,0
2025-09-23,14,02:20,02:30,0,0.4367,599.217916667,599.217916667,0,0,0,0,10050,10050,594.986666667,0,573.71825,599.217916667,0,4.23125,261.678464208,0,0,0,0,0,261.678464208,0
2025-09-23,15,02:30,02:40,0,0.4348,622.374513333,622.374513333,0,0,0,0,10050,10050,598.5124,0,594.450003333,622.374513333,0,23.8621133333,270.608438397,0,0,0,0,0,270.608438397,0
2025-09-23,16,02:40,02:50,0,0.4335,630.843616667,630.843616667,0,0,0,0,10050,10050,587.279766667,0,602.264320833,630.843616667,0,43.56385,273.470707825,0,0,0,0,0,273.470707825,0
2025-09-23,17,02:50,03:00,0,0.4357,630.962833333,630.962833333,0,0,0,0,10050,10050,567.005,0,596.54825,630.962833333,0,63.9578333333,274.910506483,0,0,0,0,0,274.910506483,0
2025-09-23,18,03:00,03:10,0,0.4374,607.394785697,607.394785697,0,0,0,0,10050,10050,578.479933333,0,581.000146667,607.394785697,0,28.9148523633,265.674479264,0,0,0,0,0,265.674479264,0
2025-09-23,19,03:10,03:20,0,0.4371,601.036015,601.036015,0,0,0,0,10050,10050,591.051966667,0,584.353735,601.036015,0,9.98404833333,262.712842157,0,0,0,0,0,262.712842157,0
2025-09-23,20,03:20,03:30,0,0.4356,618.51,618.51,0,0,0,0,10050,10050,586.85,0,598.666,618.51,0,31.66,269.422956,0,0,0,0,0,269.422956,0
2025-09-23,21,03:30,03:40,0,0.4353,617.965876629,617.965876629,0,0,0,0,10050,10050,582.173583333,0,588.988265148,617.965876629,0,35.7922932961,269.000546097,0,0,0,0,0,269.000546097,0
2025-09-23,22,03:40,03:50,0,0.436,604.3761425,604.3761425,0,0,0,0,10050,10050,602.753333333,0,582.773305833,604.3761425,0,1.62280916667,263.50799813,0,0,0,0,0,263.50799813,0
2025-09-23,23,03:50,04:00,0,0.4378,611.174833333,611.174833333,0,0,0,0,10050,10050,623.128333333,0,591.13375,611.174833333,11.9535,0,267.572342033,0,0,0,0,26.1662115,293.738553533,0
2025-09-23,24,04:00,04:10,0,0.4401,620.545351624,620.545351624,0,0,0,0,10050,10050,595.523,0.000316666666667,597.422515791,620.545351624,0,25.0226682906,273.10200925,0,0,0,0,0,273.10200925,0
2025-09-23,25,04:10,04:20,0,0.4389,632.149273221,632.149273221,0,0,0,0,10050,10050,591.470933333,0,603.231390833,632.149273221,0,40.6783398876,277.450316017,0,0,0,0,0,277.450316017,0
2025-09-23,26,04:20,04:30,0,0.4364,631.951833333,631.951833333,0,0,0,0,10050,10050,616.071666667,0,606.579333333,631.951833333,0,15.8801666667,275.783780067,0,0,0,0,0,275.783780067,0
2025-09-23,27,04:30,04:40,0,0.4393,629.006557136,629.006557136,0,0,0,0,10050,10050,604.900766667,0.00446666666667,601.550703455,629.006557136,0,24.110257136,276.32258055,0,0,0,0,0,276.32258055,0
2025-09-23,28,04:40,04:50,0,0.4422,619.311694167,619.311694167,0,0,0,0,10050,10050,600.415816667,0,599.512731667,619.311694167,0,18.8958775,273.85963116,0,0,0,0,0,273.85963116,0
2025-09-23,29,04:50,05:00,0,0.4395,614.661083333,614.661083333,0,0,0,0,10050,10050,618.123333333,0,594.816333333,614.661083333,3.46225,0,270.143546125,0,0,0,0,7.608294375,277.7518405,0
2025-09-23,30,05:00,05:10,0,0.4333,594.322445319,594.322445319,0,0,0,0,10050,10050,625.22745,0.0621833333333,577.574244167,594.322445319,30.8428213475,0,257.519915557,0,0,0,0,66.8209724493,324.340888006,0
2025-09-23,31,05:10,05:20,0,0.4439,622.378586667,622.378586667,0,0,0,0,10050,10050,614.908133333,0,601.744629167,622.378586667,0,7.47045333333,276.273854621,0,0,0,0,0,276.273854621,0
2025-09-23,32,05:20,05:30,0,0.4301,651.80334518,651.80334518,0,0,0,0,10050,10050,592.946666667,0,627.12075,651.80334518,0,58.8566785131,280.340618762,0,0,0,0,0,280.340618762,0
2025-09-23,33,05:30,05:40,0,0.3713,1434.26803085,1434.26803085,0,0,833.333333333,0,10050,10800,584.844066667,0.866016666667,573.02089,600.934697513,0,16.9566475134,532.543719853,0,0,0,0,0,532.543719853,0
2025-09-23,34,05:40,05:50,0,0.5708,649.216176005,649.216176005,0,0,0,0,10800,10800,666.913433333,0,626.675460833,649.216176005,17.697257328,0,370.572593264,0,0,0,0,50.507972414,421.080565678,0
2025-09-23,35,05:50,06:00,0,0.9099,-0,0,0,0,0,817.278118554,10800,9891.91320161,790.623333333,0,778.77875,817.278118554,0,26.654785221,-0,0,0,0,0,0,0,0
2025-09-23,36,06:00,06:10,6,0.9368,0,0,0,0,0,817.553212135,9891.91320161,8983.52074368,818.5693,24.7972166667,784.073962218,817.553212135,0,23.7811288022,0,0,0,0,0,0,0,0
2025-09-23,37,06:10,06:20,6,0.8758,0,0,0,0,0,742.186279048,8983.52074368,8158.86932251,805.328916667,62.6691,711.99961794,742.186279048,0.473537618838,0,0,0,0,0,0,2.07362123289,2.07362123289,0
2025-09-23,38,06:20,06:30,6,0.8759,0,0,0,0,0,690.375156855,8158.86932251,7391.7858149,798.7,108.23125,649.728770445,690.375156855,0.0935931450226,0,0,0,0,0,0,0.409891178627,0.409891178627,0
2025-09-23,39,06:30,06:40,6,0.8601,0,0,0,0,0,670.571357695,7391.7858149,6646.70652857,792.88475,162.300733333,627.834296336,670.571357695,0,39.9873410284,0,0,0,0,0,0,0,0
2025-09-23,40,06:40,06:50,6,0.8442,0,0,0,0,0,623.281273144,6646.70652857,5954.17178063,792.525433333,207.643283333,590.260024539,623.281273144,0,38.3991231442,0,0,0,0,0,0,0,0
2025-09-23,41,06:50,07:00,6,0.8334,9.02797558501,9.02797558501,0,0,0,547.953866494,5954.17178063,5345.33415119,798.175,251.9625,522.738313075,556.981842079,0,10.7693420791,7.52391485255,0,0,0,0,0,7.52391485255,0
2025-09-23,42,07:00,07:10,6,0.8092,464.622693959,464.622693959,0,0,0,39.1609561121,5345.33415119,5301.82197774,802.713666667,317.990833333,453.481301561,503.783650071,0,19.0608167376,375.972683952,0,0,0,0,0,375.972683952,0
2025-09-23,43,07:10,07:20,6,0.7972,446.839020273,446.839020273,0,0,0,28.7060686013,5301.82197774,5269.92634596,797.702983333,372.394633333,412.086851593,475.545088874,0,50.2367388743,356.220066962,0,0,0,0,0,356.220066962,0
2025-09-23,44,07:20,07:30,6,0.7644,410.278908614,410.278908614,0,0,0,12.2108451423,5269.92634596,5256.35874024,776.751666667,415.43125,358.189593718,422.489753756,0,61.1693370894,313.617197744,0,0,0,0,0,313.617197744,0
2025-09-23,45,07:30,07:40,6,0.6899,314.150336524,314.150336524,0,0,0,0,5256.35874024,5256.35874024,767.8137,482.345433333,261.337205202,314.150336524,0,28.6820698571,216.732317168,0,0,0,0,0,216.732317168,0
2025-09-23,46,07:40,07:50,6,0.86,0,0,0,0,0,352.697001176,5256.35874024,4864.47318338,914.973616667,557.2434,310.209302173,352.697001176,5.03321549044,0,0,0,0,0,0,21.6428266089,21.6428266089,0
2025-09-23,47,07:50,08:00,6,1.1617,0,0,0,0,0,502.053923041,4864.47318338,4306.63549111,1116.84333333,625.51875,452.312896425,502.053923041,0,10.7293397075,0,0,0,0,0,0,0,0
2025-09-23,48,08:00,08:10,6,1.1683,0,0,0,0,0,485.724487996,4306.63549111,3766.94161556,1110.83115,686.60415,433.02886745,485.724487996,0,61.4974879963,0,0,0,0,0,0,0,0
2025-09-23,49,08:10,08:20,6,1.0956,0,0,0,0,0,422.296514965,3766.94161556,3297.7232656,1078.2838,737.98415,353.853734894,422.296514965,0,81.9968649646,0,0,0,0,0,0,0,0
2025-09-23,50,08:20,08:30,6,1.0849,0,0,0,0,0,381.483344809,3297.7232656,2873.85288248,1105.995,783.10625,297.382603753,381.483344809,0,58.594594809,0,0,0,0,0,0,0,0
2025-09-23,51,08:30,08:40,6,1.061,0,0,0,0,0,317.080492927,2873.85288248,2521.54122367,1100.01358333,832.848833333,237.10391732,317.080492927,0,49.9157429271,0,0,0,0,0,0,0,0
2025-09-23,52,08:40,08:50,6,1.043,0,0,0,0,0,229.905096199,2521.54122367,2266.09111678,1077.07055,900.053566667,171.497020599,229.905096199,0,52.8881128655,0,0,0,0,0,0,0,0
2025-09-23,53,08:50,09:00,6,1.036,0,0,0,0,0,182.06645016,2266.09111678,2063.79506105,1071.26166667,967.975,115.93689273,182.06645016,0,78.7797834937,0,0,0,0,0,0,0,0
2025-09-23,54,09:00,09:10,6,1.0147,0,0,0,0,0,156.240093948,2063.79506105,1890.19495666,1091.95571667,1003.42518333,105.579548939,156.240093948,0,67.7095606151,0,0,0,0,0,0,0,0
2025-09-23,55,09:10,09:20,6,0.9922,0,0,0,0,0,147.541783411,1890.19495666,1726.25964176,1101.97161667,1026.57788333,79.6543175785,147.541783411,0,72.1480500775,0,0,0,0,0,0,0,0
2025-09-23,56,09:20,09:30,6,0.97,0,0,0,0,0,119.310951776,1726.25964176,1593.69191757,1097.40333333,1051.04375,30.603160969,119.310951776,0,72.9513684425,0,0,0,0,0,0,0,0
2025-09-23,57,09:30,09:40,6,0.9422,0,0,0,0,0,59.0359884761,1593.69191757,1528.09637482,1104.64821667,1070.56755,-9.92117365316,59.0359884761,0,24.9553218094,0,0,0,0,0,0,0,0
2025-09-23,58,09:40,09:50,6,0.9569,0,0,0,0,0,42.0547433026,1528.09637482,1481.36888226,1094.52926667,1080.55083333,-24.334511615,42.0547433026,0,28.0763099693,0,0,0,0,0,0,0,0
2025-09-23,59,09:50,10:00,6,0.9977,0,0,0,0,0,34.3461210487,1481.36888226,1443.20652554,1075.99333333,1081.29375,-24.3586954256,34.3461210487,0,39.6465377154,0,0,0,0,0,0,0,0
2025-09-23,60,10:00,10:10,6,0.9919,0,0,0,0,0,21.7378427099,1443.20652554,1419.05336697,1087.84853333,1084.45956667,-56.8163823504,21.7378427099,0,18.3488760433,0,0,0,0,0,0,0,0
2025-09-23,61,10:10,10:20,6,0.9588,0,0,0,0,0,0,1419.05336697,1419.05336697,1081.40831667,1127.32188333,-106.063612473,0,0,45.9135666667,0,0,0,0,0,0,0,0
2025-09-23,62,10:20,10:30,6,0.9549,0,0,0,0,48.4738099226,0,1419.05336697,1462.6797959,1056.01833333,1189.95,-151.932847133,-48.4738099226,0,85.4578567441,0,0,0,0,0,0,0,0
2025-09-23,63,10:30,10:40,6,0.9839,0,0,0,0,72.3350658953,0,1462.6797959,1527.78135521,1062.82386667,1209.61291667,-171.693888428,-72.3350658953,0,74.4539841047,0,0,0,0,0,0,0,0
2025-09-23,64,10:40,10:50,6,0.799,0,0,0,0,95.5254880199,0,1527.78135521,1613.75429442,1078.94911667,1206.76218333,-186.734225881,-95.5254880199,0,32.2875786468,0,0,0,0,0,0,0,0
2025-09-23,65,10:50,11:00,6,0.5025,695.876482651,695.876482651,0,0,833.333333333,0,1613.75429442,2363.75429442,1078.42666667,1226.6125,-204.213692965,-137.456850682,0,10.7289826511,349.677932532,0,0,0,0,0,349.677932532,0
2025-09-23,66,11:00,11:10,6,0.4662,689.821173385,689.821173385,0,0,833.333333333,0,2363.75429442,3113.75429442,1059.52243333,1297.46415,-229.266992909,-143.512159948,0,94.4295567188,321.594631032,0,0,0,0,0,321.594631032,0
2025-09-23,67,11:10,11:20,6,0.5007,667.030490707,667.030490707,0,0,833.333333333,0,3113.75429442,3863.75429442,1051.78291667,1368.28143333,-263.394693128,-166.302842626,0,150.19567404,333.982166697,0,0,0,0,0,333.982166697,0
2025-09-23,68,11:20,11:30,6,0.4827,619.549661514,619.549661514,0,0,833.333333333,0,3863.75429442,4613.75429442,1071.92,1399.95625,-304.452638798,-213.783671819,0,114.252578181,299.056621613,0,0,0,0,0,299.056621613,0
2025-09-23,69,11:30,11:40,6,0.4785,601.863261431,601.863261431,0,0,833.333333333,0,4613.75429442,5363.75429442,1100.67261667,1396.61316667,-336.137515294,-231.470071902,0,64.4704780976,287.991570595,0,0,0,0,0,287.991570595,0
2025-09-23,70,11:40,11:50,6,0.4662,531.742738079,531.313096727,0,0.429641352175,833.333333333,0,5363.75429442,6113.75429442,1061.92536667,1405.90181667,-391.27911464,-302.020236607,0,41.9562133935,247.898464492,0,0.200298798384,0.100149399192,-0.100149399192,0,247.798315093,-2.57784811305
2025-09-23,71,11:50,12:00,6,0.4432,477.88378932,444.124736822,0,33.7590524984,833.333333333,0,6113.75429442,6863.75429442,982.281666667,1435.59375,-463.491146529,-389.208596512,0,64.1034868218,211.798095427,0,14.9620120673,7.48100603366,-7.48100603366,0,204.317089393,-202.554314991
2025-09-23,72,12:00,12:10,12,0.4411,502.561191968,430.266049138,0,72.2951428304,833.333333333,0,6863.75429442,7613.75429442,969.259883333,1448.39858333,-454.729534051,-403.067284196,0,76.0714158045,221.679741777,0,31.8893875025,15.9446937513,-15.9446937513,0,205.735048026,-433.770856983
2025-09-23,73,12:10,12:20,12,0.4551,482.753524655,0,0,482.753524655,383.354265493,0,7613.75429442,7958.77313337,988.307533333,1430.21156667,-445.229609332,-383.354265493,0,58.5497678407,219.70112907,0,219.70112907,109.850564535,-109.850564535,0,109.850564535,-2896.52114793
2025-09-23,74,12:20,12:30,12,0.4463,474.11018719,428.069492908,0,46.0406942825,780.530537887,0,7958.77313337,8661.25061747,993.071666667,1414.08125,-428.55142567,-352.461044979,0,68.5485383539,211.595376543,0,20.5479618583,10.2739809291,-10.2739809291,0,201.321395614,-276.244165695
2025-09-23,75,12:30,12:40,12,0.4113,508.566912251,486.851303714,0,21.7156085367,833.333333333,0,8661.25061747,9411.25061747,980.425766667,1440.88828333,-409.385865982,-346.482029619,0,113.980487047,209.173571009,0,8.93162979116,4.46581489558,-4.46581489558,0,204.707756113,-130.29365122
2025-09-23,76,12:40,12:50,12,0.5682,25.5110079766,0,0,25.5110079766,311.40642937,0,9411.25061747,9691.5164039,1015.2652,1424.444,-374.471801013,-311.40642937,0,97.7723706298,14.4953547323,0,14.4953547323,7.24767736617,-7.24767736617,0,7.24767736617,-153.06604786
2025-09-23,77,12:50,13:00,12,0.8279,0,0,0,0,270.914293093,0,9691.5164039,9935.33926768,1068.08833333,1355.85625,-328.567591575,-270.914293093,0,16.8536235737,0,0,0,0,0,0,0,0
2025-09-23,78,13:00,13:10,12,0.8636,0,0,0,0,195.2738331,0,9935.33926768,10111.0857175,1042.24721667,1314.15813333,-294.356046654,-195.2738331,0,76.6370835663,0,0,0,0,0,0,0,0
2025-09-23,79,13:10,13:20,12,0.8416,0,0,0,0,185.914172088,0,10111.0857175,10278.4084724,1013.40418333,1292.3498,-290.32960064,-185.914172088,0,93.031444579,0,0,0,0,0,0,0,0
2025-09-23,80,13:20,13:30,12,0.8618,0,0,0,0,186.257399116,0,10278.4084724,10446.0401316,1019.27166667,1267.88125,-290.216128771,-186.257399116,0,62.3521842177,0,0,0,0,0,0,0,0
2025-09-23,81,13:30,13:40,12,0.8623,0,0,0,0,146.843538602,0,10446.0401316,10578.1993163,1026.99023333,1232.42641667,-248.971741211,-146.843538602,0,58.5926447316,0,0,0,0,0,0,0,0
2025-09-23,82,13:40,13:50,12,0.9026,0,0,0,0,115.401930794,0,10578.1993163,10682.061054,1048.64163333,1204.69615,-203.035784676,-115.401930794,0,40.6525858725,0,0,0,0,0,0,0,0
2025-09-23,83,13:50,14:00,12,0.9754,0,0,0,0,105.039067265,0,10682.061054,10776.5962146,1068.255,1182.49375,-171.159097799,-105.039067265,0,9.19968273514,0,0,0,0,0,0,0,0
2025-09-23,84,14:00,14:10,12,1.0002,0,0,0,0,26.0042060551,0,10776.5962146,10800,1049.77675,1139.66946667,-115.232458643,-26.0042060551,0,63.8885106115,0,0,0,0,0,0,0,0
2025-09-23,85,14:10,14:20,12,0.9978,0,0,0,0,0,0,10800,10800,1035.47098333,1065.57745,-51.6686028816,0,0,30.1064666667,0,0,0,0,0,0,0,0
2025-09-23,86,14:20,14:30,12,1.0271,0,0,0,0,0,48.251540777,10800,10746.3871769,1039.43333333,975.675,12.7643428353,48.251540777,15.5067925563,0,0,0,0,0,0,79.635133173,79.635133173,0
2025-09-23,87,14:30,14:40,12,1.0906,0,0,0,0,0,111.41388304,10746.3871769,10622.5939735,1036.1879,898.902433333,70.4222074031,111.41388304,25.8715836268,0,0,0,0,0,0,141.077745517,141.077745517,0
2025-09-23,88,14:40,14:50,12,0.9376,0,0,0,0,0,170.230406761,10622.5939735,10433.4490771,1034.38126667,831.80015,141.404732703,170.230406761,32.3507099053,0,0,0,0,0,0,151.660128036,151.660128036,0
2025-09-23,89,14:50,15:00,12,0.6694,247.197309957,247.197309957,0,0,0,1.24004666426,10433.4490771,10432.0712475,1043.78,793.60625,216.789937747,248.437356621,1.73639337876,0,165.473879285,0,0,0,0,5.81170863871,171.285587924,0
2025-09-23,90,15:00,15:10,12,0.66,604.643398701,604.643398701,0,0,341.315674763,0,10432.0712475,10739.2553548,1062.89751667,807.013666667,235.383668032,263.327723938,0,7.4438739384,399.064643143,0,0,0,0,0,399.064643143,0
2025-09-23,91,15:10,15:20,12,0.7217,318.786232502,318.786232502,0,0,0,0,10739.2553548,10739.2553548,1076.83361667,789.049416667,273.28394641,318.786232502,0,31.0020325021,230.068023997,0,0,0,0,0,230.068023997,0
2025-09-23,92,15:20,15:30,12,0.7308,392.130213523,392.130213523,0,0,9.71735613889,0,10739.2553548,10748.0009753,1063.74166667,736.20625,334.468954904,382.412857384,0,54.8774407171,286.568760042,0,0,0,0,0,286.568760042,0
2025-09-23,93,15:30,15:40,12,0.7534,430.962762659,430.962762659,0,0,9.4255131436,0,10748.0009753,10756.4839371,1020.03293333,717.725666667,376.165228461,421.537249515,0,119.229982848,324.687345387,0,0,0,0,0,324.687345387,0
2025-09-23,94,15:40,15:50,12,0.7823,435.155773563,435.155773563,0,0,1.56083679353,0,10756.4839371,10757.8886903,1025.60495,672.655766667,392.642198872,433.594936769,0,80.6457534361,340.422361658,0,0,0,0,0,340.422361658,0
2025-09-23,95,15:50,16:00,12,0.8055,479.626339778,479.626339778,0,0,19.1197021871,0,10757.8886903,10775.0964222,1084.195,590.6125,418.307653621,460.506637591,33.0758624093,0,386.339016691,0,0,0,0,133.213035854,519.552052544,0
2025-09-23,96,16:00,16:10,12,0.8271,560.291064283,560.291064283,0,0,23.7370706976,0,10775.0964222,10796.4597859,1117.4952,528.06255,510.763033109,536.553993585,52.878656415,0,463.416739268,0,0,0,0,218.679683604,682.096422872,0
2025-09-23,97,16:10,16:20,12,0.8519,628.469891293,628.469891293,0,0,3.93357126735,0,10796.4597859,10800,1108.56401667,472.750366667,582.68701495,624.536320026,11.277329974,0,535.393500393,0,0,0,0,48.0357870242,583.429287417,0
2025-09-23,98,16:20,16:30,12,0.8791,663.578281558,663.578281558,0,0,0,1.17635517041,10800,10798.6929387,1085.49166667,417.25625,615.486735496,664.754636729,3.48077993813,0,583.351667318,0,0,0,0,15.2997682181,598.651435536,0
2025-09-23,99,16:30,16:40,12,0.9024,691.621656097,691.621656097,0,0,1.45229033384,0,10798.6929387,10800,1086.12588333,369.77835,660.990439001,690.169365763,26.17816757,0,624.119382462,0,0,0,0,118.115892076,742.235274538,0
2025-09-23,100,16:40,16:50,12,0.9163,777.422527635,777.422527635,0,0,0,0,10800,10800,1075.42143333,310.59875,748.956698594,777.422527635,0,12.5998443021,712.352262072,0,0,0,0,0,712.352262072,0
2025-09-23,101,16:50,17:00,12,0.9264,866.624993666,866.624993666,0,0,0,10.5568298453,10800,10788.2701891,1058.285,244.23125,845.20677325,877.181823512,0,63.1280735116,802.841394132,0,0,0,0,0,802.841394132,0
2025-09-23,102,17:00,17:10,12,0.9462,905.233082695,905.233082695,0,0,0,0,10788.2701891,10788.2701891,1073.54551667,196.458533333,870.582996144,905.233082695,0,28.1460993619,856.531542846,0,0,0,0,0,856.531542846,0
2025-09-23,103,17:10,17:20,12,0.9742,921.600311875,921.600311875,0,0,0.577815532534,0,10788.2701891,10788.790223,1066.32251667,152.9859,884.607491442,921.022496342,0,7.68587967535,897.823023828,0,0,0,0,0,897.823023828,0
2025-09-23,104,17:20,17:30,12,0.9862,979.72605265,979.72605265,0,0,5.58552887961,0,10788.790223,10793.817199,1061.415,105.03125,933.506691135,974.14052377,0,17.7567737703,966.205833123,0,0,0,0,0,966.205833123,0
2025-09-23,105,17:30,17:40,12,0.976,1038.93839718,1038.93839718,0,0,0,0,10793.817199,10793.817199,1111.27233333,59.4096666667,998.858336153,1038.93839718,12.9242694894,0,1014.00387564,0,0,0,0,63.0704351085,1077.07431075,0
2025-09-23,106,17:40,17:50,12,1.0742,959.143407296,959.143407296,0,0,6.8697788537,0,10793.817199,10800,981.072633333,21.9073166667,920.253268123,952.273628442,6.89168822434,0,1030.31184812,0,0,0,0,37.0152574529,1067.32710557,0
2025-09-23,107,17:50,18:00,12,1.2313,779.383798534,779.383798534,0,0,0,9.03623220101,10800,10789.959742,752.645,0,764.828727643,788.420030735,0,35.7750307354,959.655271135,0,0,0,0,0,959.655271135,0
2025-09-23,108,18:00,18:10,18,1.2561,767.7271,767.7271,0,0,0,4.71868052815,10789.959742,10784.7167636,764.32985,0,748.514359167,772.445780528,0,8.11593052815,964.34201031,0,0,0,0,0,964.34201031,0
2025-09-23,109,18:10,18:20,18,1.2447,809.013669167,809.013669167,0,0,0,3.88833583333,10784.7167636,10780.3963905,830.9645,0.737233333333,781.757318333,812.902005,17.3252616667,0,1006.97931401,0,0,0,0,107.823765983,1114.80307999,0
2025-09-23,110,18:20,18:30,18,1.2545,812.938751978,812.938751978,0,0,0,10.8971646887,10780.3963905,10768.2884297,834.416666667,0,775.116416667,823.835916667,10.58075,0,1019.83166436,0,0,0,0,66.367754375,1086.19941873,0
2025-09-23,111,18:30,18:40,18,1.2522,782.681098958,782.681098958,0,0,0,4.31355487799,10768.2884297,10763.495591,836.15965,0,762.06380496,786.994653836,49.1649961641,0,980.073272115,0,0,0,0,307.822040983,1287.8953131,0
2025-09-23,112,18:40,18:50,18,1.2881,772.658285918,772.658285918,0,0,0,17.9085283333,10763.495591,10743.5972262,810.417633333,0.0529333333333,759.497890918,790.566814251,19.7978857485,0,995.261138091,0,0,0,0,127.508283164,1122.76942125,0
2025-09-23,113,18:50,19:00,18,1.3466,4.30966666667,4.30966666667,0,0,0,805.25725,10743.5972262,9848.86694837,777.426666667,0,774.718583333,809.566916667,0,32.14025,5.80339713333,0,0,0,0,0,5.80339713333,0
2025-09-23,114,19:00,19:10,18,1.3523,9.77246815735,9.77246815735,0,0,0,822.558454033,9848.86694837,8934.91311056,799.098883333,0,801.400676667,832.33092219,0,33.2320388565,13.2153086892,0,0,0,0,0,13.2153086892,0
2025-09-23,115,19:10,19:20,18,1.3445,0,0,0,0,0,814.895922249,8934.91311056,8029.47319695,825.599666667,0.0038,782.165112249,814.895922249,10.6999444173,0,0,0,0,0,0,71.9303763455,71.9303763455,0
2025-09-23,116,19:20,19:30,18,1.3483,0,0,0,0,0,786.700666667,8029.47319695,7155.3613451,817.816666667,0,751.836166667,786.700666667,31.116,0,0,0,0,0,0,209.768514,209.768514,0
2025-09-23,117,19:30,19:40,18,1.349,20.53553,20.53553,0,0,0,806.4593725,7155.3613451,6259.29537565,786.83635,0,798.7346775,826.9949025,0,40.1585525,27.70242997,0,0,0,0,0,27.70242997,0
2025-09-23,118,19:40,19:50,18,1.3473,36.7267609056,36.7267609056,0,0,0,798.3898475,6259.29537565,5372.1955451,784.219166667,0.000266666666667,811.842718406,835.116608406,0,50.8977084056,49.481964968,0,0,0,0,0,49.481964968,0
2025-09-23,119,19:50,20:00,18,1.3482,0,0,0,0,0,809.691083333,5372.1955451,4472.53878584,811.911666667,0,773.837583333,809.691083333,2.22058333333,0,0,0,0,0,0,14.96895225,14.96895225,0
2025-09-23,120,20:00,20:10,18,1.3513,0,0,0,0,0,805.117228809,4472.53878584,3577.96408716,827.178116667,0,775.4104225,805.117228809,22.060887858,0,0,0,0,0,0,149.054388812,149.054388812,0
2025-09-23,121,20:10,20:20,18,1.34,233.33073782,233.33073782,0,0,0,568.07792928,3577.96408716,2946.76638796,843.5677,0,764.461441267,801.408667101,42.1590328993,0,312.663188679,0,0,0,0,282.465520425,595.128709105,0
2025-09-23,122,20:20,20:30,18,1.3489,0,0,0,0,0,775.010916667,2946.76638796,2085.64314722,839.708333333,0,740.155083333,775.010916667,64.6974166667,0,0,0,0,0,0,436.351726708,436.351726708,0
2025-09-23,123,20:30,20:40,18,1.3952,0,0,0,0,0,795.295419167,2085.64314722,1201.98157037,784.895283333,0,761.6561275,795.295419167,0,10.4001358333,0,0,0,0,0,0,0,0
2025-09-23,124,20:40,20:50,18,1.2226,802.556440833,802.556440833,0,0,0,1.78341333333,1201.98157037,1200,801.6618,0,776.869066667,804.339854167,0,2.67805416667,981.205504563,0,0,0,0,0,981.205504563,0
2025-09-23,125,20:50,21:00,18,0.9332,803.7255,803.7255,0,0,7.58091666667,0,1200,1206.822825,869.216666667,0,771.93825,796.144583333,73.0720833333,0,750.0366366,0,0,0,0,340.954340833,1090.99097743,0
2025-09-23,126,21:00,21:10,18,0.9068,821.16229,821.16229,0,0,12.1567041667,0,1206.822825,1217.76385875,842.524383333,0,781.897631667,809.005585833,33.5187975,0,744.629964572,0,0,0,0,151.974227865,896.604192437,0
2025-09-23,127,21:10,21:20,18,0.9371,816.358080833,816.358080833,0,0,1.97732583333,0,1217.76385875,1219.543452,804.595183333,0,772.246040833,814.380755,0,9.78557166667,765.009157549,0,0,0,0,0,765.009157549,0
2025-09-23,128,21:20,21:30,18,0.9371,789.416833333,789.416833333,0,0,0,0,1219.543452,1219.543452,813.381666667,0,759.04075,789.416833333,23.9648333333,0,739.762514517,0,0,0,0,112.287226583,852.0497411,0
2025-09-23,129,21:30,21:40,18,0.9871,794.676978333,794.676978333,0,0,0,17.5891068,1219.543452,1200,829.869133333,0,782.876253333,812.266085133,17.6030482,0,784.425645313,0,0,0,0,86.8798443911,871.305489704,0
2025-09-23,130,21:40,21:50,18,0.7764,747.057185,747.057185,0,0,0,0,1200,1200,768.1865,0,716.499943333,747.057185,21.129315,0,580.015198434,0,0,0,0,82.02400083,662.039199264,0
2025-09-23,131,21:50,22:00,18,0.4209,1421.64133333,1421.64133333,0,0,798.069,0,1200,1918.2621,639.243333333,0,588.308,623.572333333,15.671,0,598.3688372,0,0,0,0,32.9796195,631.3484567,0
2025-09-23,132,22:00,22:10,18,0.3859,1419.31472833,1419.31472833,0,0,830.95572,0,1918.2621,2666.122248,553.441566667,0,563.7647325,588.359008333,0,34.9174416667,547.713553664,0,0,0,0,0,547.713553664,0
2025-09-23,133,22:10,22:20,18,0.4368,618.814655833,618.814655833,0,0,13.7606483333,0,2666.122248,2678.5068315,582.678566667,0,567.5070025,605.0540075,0,22.3754408333,270.298241668,0,0,0,0,0,270.298241668,0
2025-09-23,134,22:20,22:30,18,0.4198,1397.06008333,1397.06008333,0,0,807.573666667,0,2678.5068315,3405.3231315,647.206666667,0,561.00025,589.486416667,57.72025,0,586.485822983,0,0,0,0,121.15480475,707.640627733,0
2025-09-23,135,22:30,22:40,18,0.4186,1417.837045,1417.837045,0,0,799.890478333,0,3405.3231315,4125.224562,596.69985,0,584.503711667,617.946566667,0,21.2467166667,593.506587037,0,0,0,0,0,593.506587037,0
2025-09-23,136,22:40,22:50,18,0.4241,1431.69023833,1431.69023833,0,0,801.802215833,0,4125.224562,4846.84655625,555.352283333,0,598.356905,629.8880225,0,74.5357391667,607.179830077,0,0,0,0,0,607.179830077,0
2025-09-23,137,22:50,23:00,18,0.4237,1415.34358333,1415.34358333,0,0,795.47025,0,4846.84655625,5562.76978125,569.35,0,582.01025,619.873333333,0,50.5233333333,599.681076258,0,0,0,0,0,599.681076258,0
2025-09-23,138,23:00,23:10,18,0.4248,1389.37749083,1389.37749083,0,0,807.879228333,0,5562.76978125,6289.86108675,564.655866667,0,556.0441575,581.4982625,0,16.8423958333,590.207558106,0,0,0,0,0,590.207558106,0
2025-09-23,139,23:10,23:20,18,0.424,1380.76146,1380.76146,0,0,815.149665833,0,6289.86108675,7023.495786,576.501566667,0,543.995703333,565.611794167,10.8897725,0,585.44285904,0,0,0,0,23.0863177,608.52917674,0
2025-09-23,140,23:20,23:30,18,0.422,1383.93675,1383.93675,0,0,799.332416667,0,7023.495786,7742.894961,610.325,0,550.603416667,584.604333333,25.7206666667,0,584.0213085,0,0,0,0,54.2706066667,638.291915167,0
2025-09-23,141,23:30,23:40,18,0.424,1395.033415,1395.033415,0,0,808.726414167,0,7742.894961,8470.74873375,617.0673,0,561.700081667,586.307000833,30.7602991667,0,591.49416796,0,0,0,0,65.2118342333,656.706002193,0
2025-09-23,142,23:40,23:50,18,0.4271,613.2349975,613.2349975,0,0,20.4569075,0,8470.74873375,8489.1599505,568.298083333,0,564.61672,592.77809,0,24.4800066667,261.912667432,0,0,0,0,0,261.912667432,0
2025-09-23,143,23:50,24:00,18,0.4276,628.418166667,628.418166667,0,0,31.9328333333,0,8489.1599505,8517.8995005,524.601666667,0,564.014916667,596.485333333,0,71.8836666667,268.711608067,0,0,0,0,0,268.711608067,0
2025-12-21,0,00:00,00:10,0,0.4248,1408.92053917,1408.92053917,0,0,806.8061125,0,8573.87449875,9300,596.017716667,0,586.5524,602.114426667,0,6.09671,598.509445038,0,0,0,0,0,598.509445038,0
2025-12-21,1,00:10,00:20,0,0.4245,1430.01711167,1430.01711167,0,0,833.333333333,0,9300,10050,589.645166667,0,575.9855425,596.683778333,0,7.03861166667,607.042263903,0,0,0,0,0,607.042263903,0
2025-12-21,2,00:20,00:30,0,0.4269,613.824166667,613.824166667,0,0,0,0,10050,10050,578.683333333,0,594.034333333,613.824166667,0,35.1408333333,262.04153675,0,0,0,0,0,262.04153675,0
2025-12-21,3,00:30,00:40,0,0.4272,646.489101667,646.489101667,0,0,0,0,10050,10050,564.710033333,0,628.2823925,646.489101667,0,81.7790683333,276.180144232,0,0,0,0,0,276.180144232,0
2025-12-21,4,00:40,00:50,0,0.4271,661.431935833,661.431935833,0,0,0,0,10050,10050,549.903883333,0,641.826124167,661.431935833,0,111.5280525,282.497579794,0,0,0,0,0,282.497579794,0
2025-12-21,5,00:50,01:00,0,0.4285,637.284833333,637.284833333,0,0,0,0,10050,10050,558.21,0,619.14375,637.284833333,0,79.0748333333,273.076551083,0,0,0,0,0,273.076551083,0
2025-12-21,6,01:00,01:10,0,0.4311,599.642575833,599.642575833,0,0,0,0,10050,10050,610.348516667,0,582.65715,599.642575833,10.7059408333,0,258.505914442,0,0,0,0,23.0766554662,281.582569908,0
2025-12-21,7,01:10,01:20,0,0.4302,614.893396667,614.893396667,0,0,0,0,10050,10050,633.23595,0,594.816416667,614.893396667,18.3425533333,0,264.527139246,0,0,0,0,39.45483222,303.981971466,0
2025-12-21,8,01:20,01:30,0,0.4279,657.150916667,657.150916667,0,0,0,0,10050,10050,622.696666667,0,633.062583333,657.150916667,0,34.45425,281.194877242,0,0,0,0,0,281.194877242,0
2025-12-21,9,01:30,01:40,0,0.4312,640.317786667,640.317786667,0,0,0,0,10050,10050,637.489266667,0,619.343074167,640.317786667,0,2.82852,276.105029611,0,0,0,0,0,276.105029611,0
2025-12-21,10,01:40,01:50,0,0.4333,647.9626075,647.9626075,0,0,0,0,10050,10050,622.368,0,627.6921625,647.9626075,0,25.5946075,280.76219783,0,0,0,0,0,280.76219783,0
2025-12-21,11,01:50,02:00,0,0.4311,685.4985,685.4985,0,0,0,0,10050,10050,597.858333333,0,661.527166667,685.4985,0,87.6401666667,295.51840335,0,0,0,0,0,295.51840335,0
2025-12-21,12,02:00,02:10,0,0.4293,661.533314167,661.533314167,0,0,0,0,10050,10050,642.746233333,0,646.228268333,661.533314167,0,18.7870808333,283.996251772,0,0,0,0,0,283.996251772,0
2025-12-21,13,02:10,02:20,0,0.4324,653.263546667,653.263546667,0,0,0,0,10050,10050,653.869116667,0,631.052563333,653.263546667,0.60557,0,282.471157579,0,0,0,0,1.30924234,283.780399919,0
2025-12-21,14,02:20,02:30,0,0.4367,657.81675,657.81675,0,0,0,0,10050,10050,621.75,0,636.174416667,657.81675,0,36.06675,287.268574725,0,0,0,0,0,287.268574725,0
2025-12-21,15,02:30,02:40,0,0.4348,647.648925,647.648925,0,0,0,0,10050,10050,636.643333333,0,631.607351667,647.648925,0,11.0055916667,281.59775259,0,0,0,0,0,281.59775259,0
2025-12-21,16,02:40,02:50,0,0.4335,643.5282475,643.5282475,0,0,0,0,10050,10050,631.910733333,0,631.031465833,643.5282475,0,11.6175141667,278.969495291,0,0,0,0,0,278.969495291,0
2025-12-21,17,02:50,03:00,0,0.4357,672.189916667,672.189916667,0,0,0,0,10050,10050,625.288333333,0,643.36675,672.189916667,0,46.9015833333,292.873146692,0,0,0,0,0,292.873146692,0
2025-12-21,18,03:00,03:10,0,0.4374,681.375985,681.375985,0,0,0,0,10050,10050,696.757683333,0,659.633109167,681.375985,15.3816983333,0,298.033855839,0,0,0,0,33.639774255,331.673630094,0
2025-12-21,19,03:10,03:20,0,0.4371,689.005081667,689.005081667,0,0,0,0,10050,10050,685.888783333,0,665.101346667,689.005081667,0,3.11629833333,301.164121196,0,0,0,0,0,301.164121196,0
2025-12-21,20,03:20,03:30,0,0.4356,680.166416667,680.166416667,0,0,0,0,10050,10050,624.79,0,654.0535,680.166416667,0,55.3764166667,296.2804911,0,0,0,0,0,296.2804911,0
2025-12-21,21,03:30,03:40,0,0.4353,659.988868333,659.988868333,0,0,0,0,10050,10050,703.4143,0,637.550793333,659.988868333,43.4254316667,0,287.293154386,0,0,0,0,94.5154520225,381.808606408,0
2025-12-21,22,03:40,03:50,0,0.436,672.323393333,672.323393333,0,0,0,0,10050,10050,737.32095,0,650.142451667,672.323393333,64.9975566667,0,293.132999493,0,0,0,0,141.694673533,434.827673027,0
2025-12-21,23,03:50,04:00,0,0.4378,700.656,700.656,0,0,0,0,10050,10050,679.858333333,0,674.047666667,700.656,0,20.7976666667,306.7471968,0,0,0,0,0,306.7471968,0
2025-12-21,24,04:00,04:10,0,0.4401,683.554247003,683.554247003,0,0,0,0,10050,10050,673.157066667,0,661.465631667,683.554247003,0,10.3971803363,300.832224106,0,0,0,0,0,300.832224106,0
2025-12-21,25,04:10,04:20,0,0.4389,695.514701294,695.514701294,0,0,0,0,10050,10050,680.399233333,0,672.979968333,695.514701294,0,15.1154679608,305.261402398,0,0,0,0,0,305.261402398,0
2025-12-21,26,04:20,04:30,0,0.4364,730.152833333,730.152833333,0,0,0,0,10050,10050,677.478333333,0,708.364416667,730.152833333,0,52.6745,318.638696467,0,0,0,0,0,318.638696467,0
2025-12-21,27,04:30,04:40,0,0.4393,717.180546284,717.180546284,0,0,0,0,10050,10050,686.979733333,0,701.57427291,717.180546284,0,30.2008129511,315.057413983,0,0,0,0,0,315.057413983,0
2025-12-21,28,04:40,04:50,0,0.4422,696.039346021,696.039346021,0,0,0,0,10050,10050,680.602566667,0,677.190795188,696.039346021,0,15.4367793545,307.788598811,0,0,0,0,0,307.788598811,0
2025-12-21,29,04:50,05:00,0,0.4395,698.827666667,698.827666667,0,0,0,0,10050,10050,672.051666667,0,677.111833333,698.827666667,0,26.776,307.1347595,0,0,0,0,0,307.1347595,0
2025-12-21,30,05:00,05:10,0,0.4333,729.667727601,729.667727601,0,0,0,0,10050,10050,702.990366667,0.000383333333333,714.736697971,729.667727601,0,26.6777442676,316.165026369,0,0,0,0,0,316.165026369,0
2025-12-21,31,05:10,05:20,0,0.4439,736.472299394,736.472299394,0,0,0,0,10050,10050,708.874733333,0,718.665963561,736.472299394,0,27.597566061,326.920053701,0,0,0,0,0,326.920053701,0
2025-12-21,32,05:20,05:30,0,0.4301,716.39525,716.39525,0,0,0,0,10050,10050,677.763333333,0,686.008333333,716.39525,0,38.6319166667,308.121597025,0,0,0,0,0,308.121597025,0
2025-12-21,33,05:30,05:40,0,0.3713,1547.75768017,1547.75768017,0,0,833.333333333,0,10050,10800,679.629683333,0.00526666666667,694.169350912,714.424346836,0,34.7999301691,574.682426647,0,0,0,0,0,574.682426647,0
2025-12-21,34,05:40,05:50,0,0.5708,798.020781353,798.020781353,0,0,0,0,10800,10800,786.285766667,0,779.450359357,798.020781353,0,11.7350146867,455.510261997,0,0,0,0,0,455.510261997,0
2025-12-21,35,05:50,06:00,0,0.9099,907.067083333,907.067083333,0,0,0,0,10800,10800,915.108333333,0,880.945833333,907.067083333,8.04125,0,825.340339125,0,0,0,0,36.583666875,861.924006,0
2025-12-21,36,06:00,06:10,6,0.9368,231.010748944,231.010748944,0,0,0,697.55925939,10800,10024.9341562,906.553,0.0734333333333,893.443181667,928.570008333,0,22.0904416667,216.41086961,0,0,0,0,0,216.41086961,0
2025-12-21,37,06:10,06:20,6,0.8758,903.063605629,903.063605629,0,0,0,7.9866521024,10024.9341562,10016.0600983,901.305416667,0,875.994456667,911.050257731,0,9.74484106424,790.903105809,0,0,0,0,0,790.903105809,0
2025-12-21,38,06:20,06:30,6,0.8759,905.048822208,905.048822208,0,0,0,10.4928444584,10016.0600983,10004.4013823,931.175,0,877.946583333,915.541666667,15.6333333333,0,792.732263372,0,0,0,0,68.4661833333,861.198446706,0
2025-12-21,39,06:30,06:40,6,0.8601,915.952547399,915.952547399,0,0,0,17.0866776008,10004.4013823,9985.41618494,891.8811,1.02276666667,894.5555775,933.039225,0,42.1808916667,787.810786018,0,0,0,0,0,787.810786018,0
2025-12-21,40,06:40,06:50,6,0.8442,931.879266667,931.879266667,0,0,0,19.9235117731,9985.41618494,9963.27894964,872.208166667,0,911.554324167,951.80277844,0,79.5946117731,786.69247692,0,0,0,0,0,786.69247692,0
2025-12-21,41,06:50,07:00,6,0.8334,929.977525397,929.977525397,0,0,0,11.8845983604,9963.27894964,9950.07384035,895.7,0,912.162686586,941.862123758,0,46.1621237576,775.043269666,0,0,0,0,0,775.043269666,0
2025-12-21,42,07:00,07:10,6,0.8092,877.264746764,877.264746764,0,0,0,6.75749376204,9950.07384035,9942.56551395,893.464016667,28.7804833333,861.137319348,884.022240526,0,19.3387071927,709.882633081,0,0,0,0,0,709.882633081,0
2025-12-21,43,07:10,07:20,6,0.7972,833.598809819,833.598809819,0,0,0,0.3194224304,9942.56551395,9942.21060014,886.884933333,70.0059333333,807.585893467,833.91823225,0,17.0392322496,664.544971188,0,0,0,0,0,664.544971188,0
2025-12-21,44,07:20,07:30,6,0.7644,782.18670117,782.18670117,0,0,0,0.377593672472,9942.21060014,9941.79105161,871.953333333,115.1125,758.111824282,782.564294842,0,25.7234615087,597.903514374,0,0,0,0,0,597.903514374,0
2025-12-21,45,07:30,07:40,6,0.6899,1557.19999061,1557.19999061,0,0,827.483008327,0,9941.79105161,10686.5257591,844.314116667,166.12295,706.705580819,729.716982283,0,51.5258156164,1074.31227352,0,0,0,0,0,1074.31227352,0
2025-12-21,46,07:40,07:50,6,0.86,818.042217753,818.042217753,0,0,0,0,10686.5257591,10686.5257591,981.520766667,212.785416667,784.561666061,818.042217753,0,49.3068677532,703.516307268,0,0,0,0,0,703.516307268,0
2025-12-21,47,07:50,08:00,6,1.1617,130.911801477,130.911801477,0,0,0,833.333333333,10686.5257591,9760.59983318,1196.79833333,256.64375,930.888082656,964.24513481,0,24.090551477,152.080239776,0,0,0,0,0,152.080239776,0
2025-12-21,48,08:00,08:10,6,1.1683,122.710788127,122.710788127,0,0,0,833.333333333,9760.59983318,8834.67390725,1209.0585,310.025683333,927.537618456,956.044121461,0,57.0113047941,143.363013769,0,0,0,0,0,143.363013769,0
2025-12-21,49,08:10,08:20,6,1.0956,59.8260293891,59.8260293891,0,0,0,822.581239752,8834.67390725,7920.69475197,1192.14925,368.603433333,851.792615617,882.407269141,0,58.8614524744,65.5453977987,0,0,0,0,0,65.5453977987,0
2025-12-21,50,08:20,08:30,6,1.0849,0,0,0,0,0,822.45362789,7920.69475197,7006.85738765,1227.835,429.9375,779.398944046,822.45362789,0,24.5561278896,0,0,0,0,0,0,0,0
2025-12-21,51,08:30,08:40,6,1.061,0,0,0,0,0,742.027301746,7006.85738765,6182.38260793,1222.18876667,492.19645,713.981381392,742.027301746,0,12.0349850795,0,0,0,0,0,0,0,0
2025-12-21,52,08:40,08:50,6,1.043,0,0,0,0,0,691.039402497,6182.38260793,5414.5610496,1212.67671667,532.600583333,661.113763991,691.039402497,0,10.9632691634,0,0,0,0,0,0,0,0
2025-12-21,53,08:50,09:00,6,1.036,0,0,0,0,0,662.323331313,5414.5610496,4678.64623703,1209.275,556.93125,620.125495997,662.323331313,0,9.9795813127,0,0,0,0,0,0,0,0
2025-12-21,54,09:00,09:10,6,1.0147,0,0,0,0,0,625.391216993,4678.64623703,3983.76710704,1179.4681,595.46445,583.191162741,625.391216993,0,41.387566993,0,0,0,0,0,0,0,0
2025-12-21,55,09:10,09:20,6,0.9922,0,0,0,0,0,585.096726112,3983.76710704,3333.65963358,1169.02805,641.342683333,548.739021346,585.096726112,0,57.4113594452,0,0,0,0,0,0,0,0
2025-12-21,56,09:20,09:30,6,0.97,118.618162513,118.618162513,0,0,0,433.453837464,3333.65963358,2852.04425863,1191.765,686.1,507.144237884,552.071999977,0,46.4069999766,115.059617638,0,0,0,0,0,115.059617638,0
2025-12-21,57,09:30,09:40,6,0.9422,516.012631922,516.012631922,0,0,18.861987215,0,2852.04425863,2869.02004712,1209.90835,728.449483333,448.39117621,497.150644707,0,15.6917780406,486.187101797,0,0,0,0,0,486.187101797,0
2025-12-21,58,09:40,09:50,6,0.9569,450.776254257,450.776254257,0,0,0,0,2869.02004712,2869.02004712,1190.447,763.84655,394.026578737,450.776254257,0,24.1758042573,431.347797699,0,0,0,0,0,431.347797699,0
2025-12-21,59,09:50,10:00,6,0.9977,0,0,0,0,0,403.036582222,2869.02004712,2421.20162243,1152.03833333,791.73125,361.05598111,403.036582222,0,42.7294988882,0,0,0,0,0,0,0,0
2025-12-21,60,10:00,10:10,6,0.9919,0,0,0,0,0,413.76311985,2421.20162243,1961.46482259,1145.56213333,814.368516667,360.751389596,413.76311985,0,82.5695031831,0,0,0,0,0,0,0,0
2025-12-21,61,10:10,10:20,6,0.9588,401.364825555,401.364825555,0,0,0,0,1961.46482259,1961.46482259,1152.19808333,826.10465,336.58741854,401.364825555,0,75.2713922218,384.828594742,0,0,0,0,0,384.828594742,0
2025-12-21,62,10:20,10:30,6,0.9549,323.201820698,323.201820698,0,0,0,17.0808455101,1961.46482259,1942.48610536,1158.57833333,826.79375,290.358414911,340.282666208,0,8.49808287486,308.625418585,0,0,0,0,0,308.625418585,0
2025-12-21,63,10:30,10:40,6,0.9839,0,0,0,0,0,306.519400816,1942.48610536,1601.90899334,1173.44865,824.36915,266.718170251,306.519400816,42.5600991836,0,0,0,0,0,0,209.374407934,209.374407934,0
2025-12-21,64,10:40,10:50,6,0.799,352.814808144,352.814808144,0,0,31.8742284695,0,1601.90899334,1630.59579897,1199.1954,828.13465,276.89076425,320.940579675,50.1201703254,0,281.899031707,0,0,0,0,200.23008045,482.129112157,0
2025-12-21,65,10:50,11:00,6,0.5025,1189.66706403,1170.51871678,0,19.1483472475,833.333333333,0,1630.59579897,2380.59579897,1211.10333333,829.86875,288.227330734,337.185383447,44.0491998866,0,597.807699674,0,9.62204449186,4.81102224593,-4.81102224593,110.673614715,703.670292143,-114.890083485
2025-12-21,66,11:00,11:10,6,0.4662,1149.01283063,1107.26957536,0,41.7432552714,833.333333333,0,2380.59579897,3130.59579897,1180.09673333,817.9991,231.660741756,273.936242022,88.1613913111,0,535.669781638,0,19.4607056075,9.73035280377,-9.73035280377,205.504203146,731.443631981,-250.459531629
2025-12-21,67,11:10,11:20,6,0.5007,1101.60144777,1067.73864419,0,33.862803573,833.333333333,0,3130.59579897,3880.59579897,1158.10156667,835.850416667,184.829681142,234.405310859,87.8458391405,0,551.571844896,0,16.955105749,8.4775528745,-8.4775528745,219.922058288,763.01635031,-203.176821438
2025-12-21,68,11:20,11:30,6,0.4827,1105.11379264,1073.85047095,0,31.2633216859,833.333333333,0,3880.59579897,4630.59579897,1159.02666667,876.05625,176.432910329,240.51713762,42.4532790465,0,533.438427707,0,15.0908053778,7.54540268889,-7.54540268889,102.460988979,628.354013997,-187.579930115
2025-12-21,69,11:30,11:40,6,0.4785,1116.86233797,1077.17083381,0,39.6915041637,833.333333333,0,4630.59579897,5380.59579897,1143.3451,891.336366667,178.97954205,243.837500472,8.1712328614,0,534.418628718,0,18.9923847424,9.49619237118,-9.49619237118,19.5496746209,544.472110968,-238.149024982
2025-12-21,70,11:40,11:50,6,0.4662,1084.28224767,1026.51917652,0,57.7630711504,833.333333333,0,5380.59579897,6130.59579897,1094.32228333,929.614866667,133.01647327,193.185843189,0,28.478426522,505.492383865,0,26.9291437703,13.4645718852,-13.4645718852,0,492.02781198,-346.578426902
2025-12-21,71,11:50,12:00,6,0.4432,1037.36978646,948.540881993,0,88.8289044646,833.333333333,0,6130.59579897,6880.59579897,1055.15,981.8,49.5584513564,115.20754866,0,41.8575486601,459.762289358,0,39.3689704587,19.6844852293,-19.6844852293,0,440.077804129,-532.973426787
2025-12-21,72,12:00,12:10,12,0.4411,965.838674162,954.332852968,0,11.5058211945,833.333333333,0,6880.59579897,7630.59579897,1083.64383333,984.149133333,72.753503736,120.999519634,0,21.5048196344,426.031439173,0,5.0752177289,2.53760886445,-2.53760886445,0,423.493830309,-69.034927167
2025-12-21,73,12:10,12:20,12,0.4551,958.190647854,958.190647854,0,0,833.333333333,0,7630.59579897,8380.59579897,1086.7224,978.027416667,80.9664685389,124.857314521,0,16.1623311872,436.072563838,0,0,0,0,0,436.072563838,0
2025-12-21,74,12:20,12:30,12,0.4463,992.362352812,992.362352812,0,0,833.333333333,0,8380.59579897,9130.59579897,1045.55166667,977.45,92.3468134725,159.029019479,0,90.9273528122,442.89131806,0,0,0,0,0,442.89131806,0
2025-12-21,75,12:30,12:40,12,0.4113,972.001085353,972.001085353,0,0,833.333333333,0,9130.59579897,9880.59579897,1039.12611667,953.79435,91.82446007,138.667752019,0,53.3359853527,399.784046406,0,0,0,0,0,399.784046406,0
2025-12-21,76,12:40,12:50,12,0.5682,976.042701543,976.042701543,0,0,800.925442638,0,9880.59579897,10601.4286973,1085.4605,924.9784,136.914263046,175.117258905,0,14.6351589048,554.587463017,0,0,0,0,0,554.587463017,0
2025-12-21,77,12:50,13:00,12,0.8279,252.570831142,252.570831142,0,0,7.68087654559,0,10601.4286973,10608.3414862,1139.40666667,898.40625,210.210206269,244.889954597,0,3.88953792998,209.103391103,0,0,0,0,0,209.103391103,0
2025-12-21,78,13:00,13:10,12,0.8636,216.08420293,216.08420293,0,0,0,46.4495822078,10608.3414862,10556.7308393,1132.8891,868.576616667,222.834760283,262.533785138,1.77869819528,0,186.610317651,0,0,0,0,7.68041880722,194.290736458,0
2025-12-21,79,13:10,13:20,12,0.8416,269.753098532,269.753098532,0,0,0,21.2080130776,10556.7308393,10533.1663804,1092.3976,867.011433333,238.665383519,290.961111609,0,65.5749449427,227.024207724,0,0,0,0,0,227.024207724,0
2025-12-21,80,13:20,13:30,12,0.8618,299.911812496,299.911812496,0,0,0,28.1962741125,10533.1663804,10501.8371869,1058.34666667,881.325,268.019506754,328.108086608,0,151.086419941,258.464000009,0,0,0,0,0,258.464000009,0
2025-12-21,81,13:30,13:40,12,0.8623,308.359894468,308.359894468,0,0,2.08896364476,0,10501.8371869,10503.7172542,1055.568,863.0583,267.17017089,306.270930823,0,113.761230823,265.898737,0,0,0,0,0,265.898737,0
2025-12-21,82,13:40,13:50,12,0.9026,332.260617378,332.260617378,0,0,20.0752078169,0,10503.7172542,10521.7849412,1085.90773333,832.283616667,275.485069304,312.185409562,0,58.5612928949,299.898433246,0,0,0,0,0,299.898433246,0
2025-12-21,83,13:50,14:00,12,0.9754,0,0,0,0,0,338.173470789,10521.7849412,10146.0366403,1109.80166667,807.91875,301.05637457,338.173470789,0,36.2905541226,0,0,0,0,0,0,0,0
2025-12-21,84,14:00,14:10,12,1.0002,0,0,0,0,0,371.947114788,10146.0366403,9732.76206835,1079.13056667,784.233983333,336.161437363,371.947114788,0,77.0505314549,0,0,0,0,0,0,0,0
2025-12-21,85,14:10,14:20,12,0.9978,0,0,0,0,0,424.523052119,9732.76206835,9261.06978822,1051.85161667,734.135866667,394.939188713,424.523052119,0,106.807302119,0,0,0,0,0,0,0,0
2025-12-21,86,14:20,14:30,12,1.0271,0,0,0,0,0,484.724350502,9261.06978822,8722.48717655,1048.92833333,664.73125,454.768760531,484.724350502,0,100.527267169,0,0,0,0,0,0,0,0
2025-12-21,87,14:30,14:40,12,1.0906,0,0,0,0,0,498.560871029,8722.48717655,8168.53065318,1040.18125,609.796916667,460.434529059,498.560871029,0,68.1765376952,0,0,0,0,0,0,0,0
2025-12-21,88,14:40,14:50,12,0.9376,0,0,0,0,0,547.981500991,8168.53065318,7559.66231875,1044.6055,553.57275,514.364359724,547.981500991,0,56.9487509909,0,0,0,0,0,0,0,0
2025-12-21,89,14:50,15:00,12,0.6694,1435.38136987,1435.38136987,0,0,781.33383901,0,7559.66231875,8262.86277386,1051.47166667,492.93125,614.567591863,654.047530856,0,95.5071141896,960.844288988,0,0,0,0,0,960.844288988,0
2025-12-21,90,15:00,15:10,12,0.66,1457.48486248,1457.48486248,0,0,792.066401237,0,8262.86277386,8975.72253497,1030.71941667,444.265833333,639.115370414,665.418461241,0,78.9648779073,961.940009235,0,0,0,0,0,961.940009235,0
2025-12-21,91,15:10,15:20,12,0.7217,1479.59325864,1479.59325864,0,0,796.577992069,0,8975.72253497,9692.64272783,1041.5735,400.767416667,654.648104579,683.015266566,0,42.2091832331,1067.82245476,0,0,0,0,0,1067.82245476,0
2025-12-21,92,15:20,15:30,12,0.7308,1508.448409,1508.448409,0,0,784.406106163,0,9692.64272783,10398.6082234,1068.83166667,361.14375,695.526429789,724.042302834,0,16.3543861672,1102.3740973,0,0,0,0,0,1102.3740973,0
2025-12-21,93,15:30,15:40,12,0.7534,1211.10063701,1211.10063701,0,0,445.990862909,0,10398.6082234,10800,1038.20591667,329.51135,740.818276338,765.109774101,0,56.4152074345,912.443219924,0,0,0,0,0,912.443219924,0
2025-12-21,94,15:40,15:50,12,0.7823,785.637457375,785.968719968,0.331262592636,0,0,5.37617822643,10800,10794.0264686,1023.35413333,286.508983333,780.518622492,791.344898194,0,54.4997481942,614.604182905,0.388720089329,0,0,0.388720089329,0,614.992902994,1.98757555582
2025-12-21,95,15:50,16:00,12,0.8055,837.805705445,837.805705445,0,0,2.44841196739,0,10794.0264686,10796.2300394,1031.73666667,235.80625,816.349713819,835.357293478,0,39.4268768109,674.852495736,0,0,0,0,0,674.852495736,0
2025-12-21,96,16:00,16:10,12,0.8271,872.529377153,872.529377153,0,0,0,0,10796.2300394,10796.2300394,1001.224,199.842133333,851.060070956,872.529377153,0,71.1475104867,721.669047844,0,0,0,0,0,721.669047844,0
2025-12-21,97,16:10,16:20,12,0.8519,897.011471735,897.011471735,0,0,0,2.15111540966,10796.2300394,10793.8399112,1003.63836667,160.995216667,877.149312586,899.162587144,0,56.5194371444,764.164072771,0,0,0,0,0,764.164072771,0
2025-12-21,98,16:20,16:30,12,0.8791,934.257976476,934.257976476,0,0,0,0,10793.8399112,10793.8399112,1038.54666667,113.4375,911.320538201,934.257976476,0,9.14880980983,821.30618712,0,0,0,0,0,821.30618712,0
2025-12-21,99,16:30,16:40,12,0.9024,1002.09836088,1002.09836088,0,0,0,1.04013218742,10793.8399112,10792.6842087,1029.63136667,69.8385666667,979.488453275,1003.13849307,0,43.3456930701,904.29356086,0,0,0,0,0,904.29356086,0
2025-12-21,100,16:40,16:50,12,0.9163,1051.15749002,1051.15749002,0,0,0,0,10792.6842087,10792.6842087,1021.83293333,28.96875,1022.45916782,1051.15749002,0,58.2933066898,963.175608108,0,0,0,0,0,963.175608108,0
2025-12-21,101,16:50,17:00,12,0.9264,1052.53010236,1052.53010236,0,0,3.82310145638,0,10792.6842087,10796.1250001,1028.79666667,0,1031.49020166,1048.70700091,0,19.9103342386,975.063886828,0,0,0,0,0,975.063886828,0
2025-12-21,102,17:00,17:10,12,0.9462,1052.6950321,1052.6950321,0,0,0,10.3339384936,10796.1250001,10784.6428462,1018.6957,0,1037.21922583,1063.02897059,0,44.3332705926,996.060039372,0,0,0,0,0,996.060039372,0
2025-12-21,103,17:10,17:20,12,0.9742,1066.92523096,1066.92523096,0,0,0,0,10784.6428462,10784.6428462,1026.78378333,1.03348333333,1038.83356917,1066.92523096,0,41.1749309623,1039.39856,0,0,0,0,0,1039.39856,0
2025-12-21,104,17:20,17:30,12,0.9862,1067.92454433,1067.92454433,0,0,0,0,10784.6428462,10784.6428462,1056.46166667,0,1044.51758333,1067.92454433,0,11.462877661,1053.18718562,0,0,0,0,0,1053.18718562,0
2025-12-21,105,17:30,17:40,12,0.976,1090.33194629,1090.33194629,0,0,2.24644212496,0,10784.6428462,10786.6646441,1048.34913333,0,1069.69371167,1088.08550417,0,39.7363708333,1064.16397958,0,0,0,0,0,1064.16397958,0
2025-12-21,106,17:40,17:50,12,1.0742,957.713176864,957.713176864,0,0,1.35178936412,0,10786.6646441,10787.8812545,898.817633333,0.0742,931.612838333,956.3613875,0,57.6179541667,1028.77549459,0,0,0,0,0,1028.77549459,0
2025-12-21,107,17:50,18:00,12,1.2313,725.409166667,725.409166667,0,0,0,6.1425,10787.8812545,10781.0562545,712.633333333,0,713.916833333,731.551666667,0,18.9183333333,893.196306917,0,0,0,0,0,893.196306917,0
2025-12-21,108,18:00,18:10,18,1.2561,708.710087598,708.710087598,0,0,0,11.7902620801,10781.0562545,10767.9559633,715.41445,0,703.409530957,720.500349679,0,5.0858996786,890.210741032,0,0,0,0,0,890.210741032,0
2025-12-21,109,18:10,18:20,18,1.2447,747.260039801,747.260039801,0,0,0,11.8177155849,10767.9559633,10754.8251682,748.273266667,0.00533333333333,740.99220643,759.077755386,0,10.8098220525,930.11457154,0,0,0,0,0,930.11457154,0
2025-12-21,110,18:20,18:30,18,1.2545,733.510916667,733.510916667,0,0,0,13.851,10754.8251682,10739.4351682,730.008333333,0,730.342666667,747.361916667,0,17.3535833333,920.189444958,0,0,0,0,0,920.189444958,0
2025-12-21,111,18:30,18:40,18,1.2522,741.44280163,741.44280163,0,0,0,10.4399858333,10739.4351682,10727.835184,734.344383333,0,732.72210913,751.882787463,0,17.5384041299,928.434676201,0,0,0,0,0,928.434676201,0
2025-12-21,112,18:40,18:50,18,1.2881,396.227492721,396.227492721,0,0,0,353.699167576,10727.835184,10334.8361089,750.0836,0.000383333333333,730.312785297,749.926660297,0.156556369474,0,510.380633374,0,0,0,0,1.0083012976,511.388934672,0
2025-12-21,113,18:50,19:00,18,1.3466,0,0,0,0,0,742.126166667,10334.8361089,9510.25147925,748.46,0,717.533916667,742.126166667,6.33383333333,0,0,0,0,0,0,42.6456998333,42.6456998333,0
2025-12-21,114,19:00,19:10,18,1.3523,0,0,0,0,0,735.627889128,9510.25147925,8692.88715799,722.483233333,0,717.290076679,735.627889128,0,13.1446557949,0,0,0,0,0,0,0,0
2025-12-21,115,19:10,19:20,18,1.3445,0,0,0,0,0,744.853448528,8692.88715799,7865.27221518,726.165516667,0,730.056332424,744.853448528,0,18.6879318618,0,0,0,0,0,0,0,0
2025-12-21,116,19:20,19:30,18,1.3483,0,0,0,0,0,759.287,7865.27221518,7021.61999296,744.431666667,0,739.120833333,759.287,0,14.8553333333,0,0,0,0,0,0,0,0
2025-12-21,117,19:30,19:40,18,1.349,0,0,0,0,0,745.20574204,7021.61999296,6193.61361292,716.9287,0,725.810391667,745.20574204,0,28.2770420395,0,0,0,0,0,0,0,0
2025-12-21,118,19:40,19:50,18,1.3473,0,0,0,0,0,727.043723972,6193.61361292,5385.78725295,733.1195,0,708.084944167,727.043723972,6.07577602838,0,0,0,0,0,0,40.9294652152,40.9294652152,0
2025-12-21,119,19:50,20:00,18,1.3482,0,0,0,0,0,727.29375,5385.78725295,4577.68308628,780.268333333,0,705.39225,727.29375,52.9745833333,0,0,0,0,0,0,357.10166625,357.10166625,0
2025-12-21,120,20:00,20:10,18,1.3513,0,0,0,0,0,748.417139167,4577.68308628,3746.10848721,747.5859,0,721.923391667,748.417139167,0,0.831239166667,0,0,0,0,0,0,0,0
2025-12-21,121,20:10,20:20,18,1.34,0,0,0,0,0,753.468086667,3746.10848721,2908.92172424,692.8171,0,733.268435,753.468086667,0,60.6509866667,0,0,0,0,0,0,0,0
2025-12-21,122,20:20,20:30,18,1.3489,0,0,0,0,0,764.688398487,2908.92172424,2059.26794815,681.751666667,0,736.421333333,764.688398487,0,82.9367318204,0,0,0,0,0,0,0,0
2025-12-21,123,20:30,20:40,18,1.3952,0,0,0,0,0,769.742441667,2059.26794815,1203.99856852,720.3711,0,746.181671667,769.742441667,0,49.3713416667,0,0,0,0,0,0,0,0
2025-12-21,124,20:40,20:50,18,1.2226,749.795360833,749.795360833,0,0,0,3.59871166667,1203.99856852,1200,722.800166667,0,736.775943333,753.3940725,0,30.5939058333,916.699808155,0,0,0,0,0,916.699808155,0
2025-12-21,125,20:50,21:00,18,0.9332,742.842833333,742.842833333,0,0,-0,0,1200,1200,690.743333333,0,719.2565,742.842833333,0,52.0995,693.220932067,0,0,0,0,0,693.220932067,0
2025-12-21,126,21:00,21:10,18,0.9068,759.295833333,759.295833333,0,0,4.27602,0,1200,1203.848418,704.5435,0,732.01414,755.019813333,0,50.4763133333,688.529461667,0,0,0,0,0,688.529461667,0
2025-12-21,127,21:10,21:20,18,0.9371,759.624445833,759.624445833,0,0,0,0,1203.848418,1203.848418,721.160716667,0,736.309564167,759.624445833,0,38.4637291667,711.84406819,0,0,0,0,0,711.84406819,0
2025-12-21,128,21:20,21:30,18,0.9371,764.6865,764.6865,0,0,0,0,1203.848418,1203.848418,726.305,0,733.75475,764.6865,0,38.3815,716.58771915,0,0,0,0,0,716.58771915,0
2025-12-21,129,21:30,21:40,18,0.9871,766.71869865,766.71869865,0,0,0,2.45977801667,1203.848418,1201.11533131,739.519033333,0,749.935745,769.178476667,0,29.6594433333,756.828027437,0,0,0,0,0,756.828027437,0
2025-12-21,130,21:40,21:50,18,0.7764,691.376250077,691.376250077,0,0,0,1.00379818333,1201.11533131,1200,678.499233333,0,674.2650975,692.38004826,0,13.8808149268,536.78452056,0,0,0,0,0,536.78452056,0
2025-12-21,131,21:50,22:00,18,0.4209,1389.15633333,1389.15633333,0,0,813.48325,0,1200,1932.134925,572.4,0,555.823,575.673083333,0,3.27308333333,584.6959007,0,0,0,0,0,584.6959007,0
2025-12-21,132,22:00,22:10,18,0.3859,1412.25771667,1412.25771667,0,0,830.571910833,0,1932.134925,2679.64964475,545.092316667,0,564.623498333,581.685805833,0,36.5934891667,544.990252862,0,0,0,0,0,544.990252862,0
2025-12-21,133,22:10,22:20,18,0.4368,605.255598333,605.255598333,0,0,1.847935,0,2679.64964475,2681.31278625,550.836133333,0,583.0415875,603.407663333,0,52.57153,264.375645352,0,0,0,0,0,264.375645352,0
2025-12-21,134,22:20,22:30,18,0.4198,1391.82083333,1391.82083333,0,0,811.805916667,0,2681.31278625,3411.93811125,542.6,0,558.4875,580.014916667,0,37.4149166667,584.286385833,0,0,0,0,0,584.286385833,0
2025-12-21,135,22:30,22:40,18,0.4186,1397.23098167,1397.23098167,0,0,823.435559167,0,3411.93811125,4153.0301145,525.919,0,556.661663333,573.7954225,0,47.8764225,584.880888926,0,0,0,0,0,584.880888926,0
2025-12-21,136,22:40,22:50,18,0.4241,1394.84356,1394.84356,0,0,813.898296667,0,4153.0301145,4885.5385815,543.393916667,0,561.510226667,580.945263333,0,37.5513466667,591.553153796,0,0,0,0,0,591.553153796,0
2025-12-21,137,22:50,23:00,18,0.4237,1400.3925,1400.3925,0,0,807.460583333,0,4885.5385815,5612.2531065,584.828333333,0,567.059166667,592.931916667,0,8.10358333333,593.34630225,0,0,0,0,0,593.34630225,0
2025-12-21,138,23:00,23:10,18,0.4248,1420.65983167,1420.65983167,0,0,813.2828275,0,5612.2531065,6344.20765125,592.452566667,0,587.326498333,607.377004167,0,14.9244375,603.496296492,0,0,0,0,0,603.496296492,0
2025-12-21,139,23:10,23:20,18,0.424,1423.3890425,1423.3890425,0,0,811.8160525,0,6344.20765125,7074.8420985,565.9438,0,590.055709167,611.57299,0,45.62919,603.51695402,0,0,0,0,0,603.51695402,0
2025-12-21,140,23:20,23:30,18,0.422,1418.7635,1418.7635,0,0,822.27325,0,7074.8420985,7814.8880235,550.931666667,0,575.301666667,596.49025,0,45.5585833333,598.718197,0,0,0,0,0,598.718197,0
2025-12-21,141,23:30,23:40,18,0.424,1423.40274,1423.40274,0,0,822.358390833,0,7814.8880235,8555.01057525,589.960216667,0,576.604219167,601.044349167,0,11.0841325,603.52276176,0,0,0,0,0,603.52276176,0
2025-12-21,142,23:40,23:50,18,0.4271,614.6408,614.6408,0,0,8.007645,0,8555.01057525,8562.21745575,595.331833333,0,585.064606667,606.633155,0,11.3013216667,262.51308568,0,0,0,0,0,262.51308568,0
2025-12-21,143,23:50,24:00,18,0.4276,632.395833333,632.395833333,0,0,16.3768333333,0,8562.21745575,8576.95660575,577.4,0,593.205416667,616.019,0,38.619,270.412458333,0,0,0,0,0,270.412458333,0
