date,slot,start,end,price_yuan_per_kwh,price_point_forecast,objective_price_yuan_per_kwh,forecast_net_kwh,actual_net_kwh,g_kwh,c_kwh,d_kwh,energy_before_kwh,energy_after_kwh,z_kwh,emergency_kwh,dump_kwh,planned_cost_yuan,emergency_cost_yuan,total_cost_yuan,strategy,delta_grid_kw
2025-03-20,0,00:00,00:10,0.4487,0.430475,0.426167261905,574.031125833,549.844816667,598.86702,0,0,7950,7950,598.86702,0,49.0222033333,268.711631874,0,268.711631874,joint_price,-4983.98761
2025-03-20,1,00:10,00:20,0.4373,0.42505,0.418445386905,573.4533675,570.3135,596.1773075,0,0,7950,7950,596.1773075,0,25.8638075,260.70833657,0,260.70833657,joint_price,-4990.67094
2025-03-20,2,00:20,00:30,0.4311,0.435125,0.428010863095,582.428833333,613.851666667,603.214416667,0,0,7950,7950,603.214416667,10.63725,0,260.045735025,22.928592375,282.9743274,joint_price,10.5105
2025-03-20,3,00:30,00:40,0.4344,0.4636,0.458521130952,581.882428333,579.456166667,599.05322,0,0,7950,7950,599.05322,0,19.5970533333,260.228718768,0,260.228718768,joint_price,15.06496
2025-03-20,4,00:40,00:50,0.4238,0.46175,0.453394791667,576.97248,550.444916667,596.362694167,0,0,7950,7950,596.362694167,0,45.9177775,252.738509788,0,252.738509788,joint_price,1.38672333333
2025-03-20,5,00:50,01:00,0.4296,0.43505,0.421813095238,579.208666667,571.156666667,599.524416667,0,0,7950,7950,599.524416667,0,28.36775,257.5556894,0,257.5556894,joint_price,0
2025-03-20,6,01:00,01:10,0.4989,0.434375,0.425507291667,591.3209875,601.58905,612.419483333,0,0,7950,7950,612.419483333,0,10.8304333333,305.536080235,0,305.536080235,joint_price,0.431655
2025-03-20,7,01:10,01:20,0.5083,0.426075,0.416487053571,582.842955,611.48375,603.389919167,0,0,7950,7950,603.389919167,8.09383083333,0,306.703095912,20.5704710629,327.273566975,joint_price,23.925475
2025-03-20,8,01:20,01:30,0.4468,0.4078,0.392835416667,560.4865,598.216666667,1410.62933333,833.333333333,0,7950,8700,577.296,20.9206666667,0,630.269186133,46.7367693333,677.005955467,joint_price,5001.4905
2025-03-20,9,01:30,01:40,0.4284,0.416875,0.406921577381,563.189760833,583.93595,1413.5645075,833.333333333,0,8700,9450,580.231174167,3.70477583333,0,605.571035013,7.935629835,613.506664848,joint_price,5003.13988
2025-03-20,10,01:40,01:50,0.4436,0.43795,0.432347619048,577.237930833,590.99505,593.795111389,0,0,9450,9450,593.795111389,0,2.80006138889,263.407511412,0,263.407511412,joint_price,2.36532333333
2025-03-20,11,01:50,02:00,0.454,0.442225,0.43462514881,583.294,598.443333333,605.27825,0,0,9450,9450,605.27825,0,6.83491666667,274.7963255,0,274.7963255,joint_price,3.1325
2025-03-20,12,02:00,02:10,0.4404,0.41855,0.408460119048,576.1433525,565.983616667,1432.60762333,833.333333333,0,9450,10200,599.27429,0,33.2906733333,630.920397316,0,630.920397316,joint_price,5011.36913
2025-03-20,13,02:10,02:20,0.4405,0.4222,0.412660267857,574.053888333,546.120766667,596.271649167,0,0,10200,10200,596.271649167,0,50.1508825,262.657661458,0,262.657661458,joint_price,22.1455366667
2025-03-20,14,02:20,02:30,0.4545,0.4498,0.441384375,581.873916667,565.713333333,604.16125,0,0,10200,10200,604.16125,0,38.4479166667,274.591288125,0,274.591288125,joint_price,16.812
2025-03-20,15,02:30,02:40,0.4389,0.447,0.435294791667,589.0024,597.926566667,609.4629825,0,0,10200,10200,609.4629825,0,11.5364158333,267.493303019,0,267.493303019,joint_price,6.00734
2025-03-20,16,02:40,02:50,0.3868,0.452375,0.438595089286,599.062913333,600.954466667,627.337798333,0,0,10200,10200,627.337798333,0,26.3833316667,242.654260395,0,242.654260395,joint_price,2.93943
2025-03-20,17,02:50,03:00,0.3634,0.4604,0.446485565476,601.583416667,587.131666667,626.90475,0,0,10200,10200,626.90475,0,39.7730833333,227.81718615,0,227.81718615,joint_price,19.6045
2025-03-20,18,03:00,03:10,0.4416,0.4286,0.412119494048,579.726738333,605.2103,604.724423333,0,0,10200,10200,604.724423333,0.485876666667,0,267.046305344,1.07281568,268.119121024,joint_price,1.20115
2025-03-20,19,03:10,03:20,0.4839,0.433375,0.416892261905,561.896660833,621.892383333,580.384505833,0,0,10200,10200,580.384505833,41.5078775,0,280.848062373,100.428309611,381.276371984,joint_price,0
2025-03-20,20,03:20,03:30,0.4574,0.471125,0.456932589286,570.9515,620.168333333,594.8425,0,0,10200,10200,594.8425,25.3258333333,0,272.0809595,57.9201808333,330.001140333,joint_price,15.8715
2025-03-20,21,03:30,03:40,0.4575,0.46,0.44442827381,602.129461667,616.623083333,623.66419,0,0,10200,10200,623.66419,0,7.04110666667,285.326366925,0,285.326366925,joint_price,12.184385
2025-03-20,22,03:40,03:50,0.4629,0.445225,0.426851785714,610.86081,612.46375,625.725640833,0,0,10200,10200,625.725640833,0,13.2618908333,289.648399142,0,289.648399142,joint_price,1.62444
2025-03-20,23,03:50,04:00,0.4426,0.46255,0.444240922619,598.875583333,603.93,616.7015,0,0,10200,10200,616.7015,0,12.7715,272.9520839,0,272.9520839,joint_price,0.372999999999
2025-03-20,24,04:00,04:10,0.4023,0.494425,0.480526785714,606.441060578,589.794633333,623.132038912,0,0,10200,10200,623.132038912,0,33.3374055782,250.686019254,0,250.686019254,joint_price,11.150905
2025-03-20,25,04:10,04:20,0.4075,0.484175,0.470065922619,605.811731667,581.46405,624.504579422,0,0,10200,10200,624.504579422,0,43.0405294218,254.485616114,0,254.485616114,joint_price,0
2025-03-20,26,04:20,04:30,0.452,0.45145,0.433380059524,599.275833333,585.585,624.363722222,0,0,10200,10200,624.363722222,0,38.7787222222,282.212402444,0,282.212402444,joint_price,10.9238333333
2025-03-20,27,04:30,04:40,0.4646,0.4671,0.450783035714,616.899667704,599.725133333,638.860699926,0,0,10200,10200,638.860699926,0,39.135566593,296.814681186,0,296.814681186,joint_price,8.89635578231
2025-03-20,28,04:40,04:50,0.4561,0.46785,0.453347916667,612.084059167,616.739316667,634.198238265,0,0,10200,10200,634.198238265,0,17.4589215986,289.257816473,0,289.257816473,joint_price,4.27010006803
2025-03-20,29,04:50,05:00,0.4379,0.44145,0.425015178571,582.618416667,625.595,606.38625,0,0,10200,10200,606.38625,19.20875,0,265.536538875,42.057558125,307.594097,joint_price,3.47466666667
2025-03-20,30,05:00,05:10,0.4177,0.44695,0.427397172619,578.567686786,619.433916667,591.120705918,0,0,10200,10200,591.120705918,28.3132107483,0,246.911118862,59.1321406478,306.04325951,joint_price,0
2025-03-20,31,05:10,05:20,0.464,0.485,0.465925,601.841515,617.8444,619.349702738,0,0,10200,10200,619.349702738,0,1.5053027381,287.37826207,0,287.37826207,joint_price,0
2025-03-20,32,05:20,05:30,0.4802,0.486525,0.470832440476,615.475666667,607.115,631.147333333,0,0,10200,10200,631.147333333,0,24.0323333333,303.076949467,0,303.076949467,joint_price,1.0245
2025-03-20,33,05:30,05:40,0.352,0.424275,0.409436904762,595.33673767,575.430066667,1282.69288211,666.666666667,0,10200,10800,616.026215442,0,40.5961487755,451.507894502,0,451.507894502,joint_price,-975.715058776
2025-03-20,34,05:40,05:50,0.5794,0.630525,0.613431994048,667.356333333,671.463116667,689.862193282,0,0,10800,10800,689.862193282,0,18.3990766156,399.706154788,0,399.706154788,joint_price,22.1682238473
2025-03-20,35,05:50,06:00,1.0185,0.991775,0.971108035714,798.351833333,827.015,0,0,820.290416667,10800,9888.5662037,820.290416667,6.72458333333,0,0,34.244940625,34.244940625,joint_price,0
2025-03-20,36,06:00,06:10,0.995,1.035375,1.01208645833,803.890004694,791.949933333,0,0,826.872519218,9888.5662037,8969.81896013,826.872519218,0,34.9225858844,0,0,0,joint_price,0
2025-03-20,37,06:10,06:20,0.8932,0.98505,0.95963735119,743.721225187,709.963316667,0,0,760.847592347,8969.81896013,8124.43274641,760.847592347,0,50.8842756803,0,0,0,joint_price,0
2025-03-20,38,06:20,06:30,0.9281,0.9908,0.961435267857,682.477485544,671.370833333,0,0,697.64886352,8124.43274641,7349.2673425,697.64886352,0,26.2780301871,0,0,0,joint_price,0
2025-03-20,39,06:30,06:40,0.9231,0.97075,0.933748958333,630.17724852,629.044866667,0,0,643.41821119,7349.2673425,6634.35821895,643.41821119,0,14.3733445238,0,0,0,joint_price,0
2025-03-20,40,06:40,06:50,0.902,0.932,0.888311011905,584.983204354,586.155916667,0,0,598.678139541,6634.35821895,5969.16028613,598.678139541,0,12.5222228741,0,0,0,joint_price,0
2025-03-20,41,06:50,07:00,0.8707,0.899125,0.85227827381,540.203019558,531.182083333,0,0,563.581781463,5969.16028613,5342.95830673,563.581781463,0,32.3996981293,0,0,0,joint_price,-2248.03698285
2025-03-20,42,07:00,07:10,0.7992,0.883025,0.834750892857,490.576460884,446.5755,494.265691122,0,18.6212812415,5342.95830673,5322.26799424,512.886972364,0,66.3114723639,395.017140345,0,395.017140345,joint_price,-97.4994358161
2025-03-20,43,07:10,07:20,0.7957,0.868325,0.816145684524,447.644911003,401.241616667,473.126910748,0,0,5322.26799424,5322.26799424,473.126910748,0,71.8852940816,376.467082882,0,376.467082882,joint_price,0.707136513608
2025-03-20,44,07:20,07:30,0.8046,0.810925,0.755219196429,390.685026361,369.577083333,412.138400935,0,0,5322.26799424,5322.26799424,412.138400935,0,42.561317602,331.606557393,0,331.606557393,joint_price,5.39826785714
2025-03-20,45,07:30,07:40,0.7001,0.725725,0.673152529762,311.03428881,280.6902,1169.4858602,833.333333333,0,5322.26799424,6072.26799424,336.152526871,0,55.4623268707,818.757050729,0,818.757050729,joint_price,5022.10818388
2025-03-20,46,07:40,07:50,0.8467,0.929225,0.876448214286,381.353522636,334.578066667,0,0,398.574217248,6072.26799424,5629.40775285,398.574217248,0,63.9961505812,0,0,0,joint_price,0
2025-03-20,47,07:50,08:00,1.1788,1.27975,1.2233452381,526.099795918,488.179583333,0,0,575.762192177,5629.40775285,4989.67198376,575.762192177,0,87.5826088435,0,0,0,joint_price,0
2025-03-20,48,08:00,08:10,1.2356,1.288025,1.23382752976,482.689421548,482.80385,0,0,520.807932908,4989.67198376,4410.99650276,520.807932908,0,38.0040829082,0,0,0,joint_price,0
2025-03-20,49,08:10,08:20,1.1876,1.199625,1.14444330357,407.826988656,438.3714,0,0,453.325712653,4410.99650276,3907.30126647,453.325712653,0,14.9543126531,0,0,0,joint_price,0
2025-03-20,50,08:20,08:30,1.1569,1.17955,1.11983050595,377.642660714,411.1575,0,0,424.575815866,3907.30126647,3435.55035996,424.575815866,0,13.4183158659,0,0,0,joint_price,0
2025-03-20,51,08:30,08:40,1.0869,1.148975,1.09033050595,311.049252534,332.672183333,0,0,357.238245731,3435.55035996,3038.61897581,357.238245731,0,24.566062398,0,0,0,joint_price,0
2025-03-20,52,08:40,08:50,1.0527,1.1315,1.0737921131,249.80073233,278.005133333,0,0,301.136313896,3038.61897581,2704.02307148,301.136313896,0,23.1311805625,0,0,0,joint_price,0
2025-03-20,53,08:50,09:00,1.068,1.1355,1.07777410714,204.836457058,262.820416667,0,0,263.669052721,2704.02307148,2411.05745735,263.669052721,0,0.848636054421,0,0,0,joint_price,0
2025-03-20,54,09:00,09:10,1.0672,1.130075,1.07543080357,141.286806378,221.283766667,0,0,203.907571531,2411.05745735,2184.49348898,203.907571531,17.3761951361,0,0,92.719377246,92.719377246,joint_price,0
2025-03-20,55,09:10,09:20,1.0563,1.102725,1.043528125,93.4453611565,150.518366667,0,0,165.358440085,2184.49348898,2000.76188889,165.358440085,0,14.8400734184,0,0,0,joint_price,0
2025-03-20,56,09:20,09:30,1.0344,1.06685,1.00283407738,68.2950454932,77.1854166667,0,0,130.806167092,2000.76188889,1855.42170323,130.806167092,0,53.6207504252,0,0,0,joint_price,0
2025-03-20,57,09:30,09:40,0.9937,1.050775,0.994827232143,36.3001121429,36.09475,0,0,103.650787364,1855.42170323,1740.25416171,103.650787364,0,67.5560373639,0,0,0,joint_price,0
2025-03-20,58,09:40,09:50,0.9971,1.056175,0.97319702381,2.9678757483,41.25735,0,0,91.7701409524,1740.25416171,1638.28733843,91.7701409524,0,50.5127909524,0,0,0,joint_price,0
2025-03-20,59,09:50,10:00,1.0131,1.0562,0.927339434524,-18.8447521259,45.2070833333,0,0,55.5493957979,1638.28733843,1576.56578755,55.5493957979,0,10.3423124646,0,0,0,joint_price,0
2025-03-20,60,10:00,10:10,0.948,1.0183,0.892379315476,-25.9152431293,-16.20875,0,0,46.8838514286,1576.56578755,1524.47261929,46.8838514286,0,63.0926014286,0,0,0,joint_price,0
2025-03-20,61,10:10,10:20,0.9058,0.9744,0.856214732143,-44.6219354932,-54.7878,0,0,25.8520893537,1524.47261929,1495.74807557,25.8520893537,0,80.6398893537,0,0,0,joint_price,0
2025-03-20,62,10:20,10:30,0.9279,0.972975,0.843453422619,-79.1279634354,-67.5775,0,0,0,1495.74807557,1495.74807557,0,0,67.5775,0,0,0,joint_price,0
2025-03-20,63,10:30,10:40,0.927,1.0047,0.870790327381,-108.814624728,-135.713066667,0,31.8769161224,0,1495.74807557,1524.43730008,-31.8769161224,0,103.836150544,0,0,0,joint_price,0
2025-03-20,64,10:40,10:50,0.7628,0.84585,0.74228422619,-132.373151718,-183.836566667,0,57.0043976842,0,1524.43730008,1575.74125799,-57.0043976842,0,126.832168982,0,0,0,joint_price,0
2025-03-20,65,10:50,11:00,0.544,0.588575,0.530660863095,-155.007511054,-163.85,757.285889456,833.333333333,0,1575.74125799,2325.74125799,-76.0474438776,0,87.8025561224,411.963523864,0,411.963523864,joint_price,115.595130102
2025-03-20,66,11:00,11:10,0.5346,0.565475,0.518582142857,-181.91021199,-109.937383333,746.749157279,833.333333333,0,2325.74125799,3075.74125799,-86.5841760544,0,23.3532072789,399.212099481,0,399.212099481,joint_price,34.9553847959
2025-03-20,67,11:10,11:20,0.5872,0.603,0.548842708333,-212.27301716,-109.84115,724.590234082,833.333333333,0,3075.74125799,3825.74125799,-108.743099252,0,1.0980507483,425.479385453,0,425.479385453,joint_price,56.2270813095
2025-03-20,68,11:20,11:30,0.577,0.589575,0.530763839286,-232.052724065,-159.577083333,691.400737245,833.333333333,0,3825.74125799,4575.74125799,-141.932596088,0,17.6444872449,398.93822539,0,398.93822539,joint_price,38.4859540816
2025-03-20,69,11:30,11:40,0.5241,0.58655,0.531191666667,-226.992998452,-180.267616667,730.202471735,833.333333333,0,4575.74125799,5325.74125799,-103.130861599,0,77.136755068,382.699115436,0,382.699115436,joint_price,78.4214962245
2025-03-20,70,11:40,11:50,0.5111,0.576375,0.526416964286,-227.80089119,-209.235116667,730.008374354,833.333333333,0,5325.74125799,6075.74125799,-103.32495898,0,105.910157687,373.107280132,0,373.107280132,joint_price,122.386767005
2025-03-20,71,11:50,12:00,0.5158,0.54755,0.499019196429,-252.356585459,-275.021666667,661.720902778,833.333333333,0,6075.74125799,6825.74125799,-171.612430556,0,103.409236111,341.315641653,0,341.315641653,joint_price,79.4619804422
2025-03-20,72,12:00,12:10,0.4519,0.51835,0.466119791667,-288.898202891,-354.021316667,653.148770017,833.333333333,0,6825.74125799,7575.74125799,-180.184563316,0,173.83675335,295.157929171,0,295.157929171,joint_price,159.089495714
2025-03-20,73,12:10,12:20,0.4435,0.51185,0.456672767857,-305.31620165,-372.5568,632.692715855,833.333333333,0,7575.74125799,8325.74125799,-200.640617478,0,171.916182522,280.599219482,0,280.599219482,joint_price,82.1708653336
2025-03-20,74,12:20,12:30,0.4915,0.503375,0.450191220238,-297.312654337,-304.28375,605.718154337,833.333333333,0,8325.74125799,9075.74125799,-227.615178997,0,76.6685710034,297.710472857,0,297.710472857,joint_price,68.1488928571
2025-03-20,75,12:30,12:40,0.4972,0.480875,0.433507291667,-284.81337716,-199.829433333,631.333475663,833.333333333,0,9075.74125799,9825.74125799,-201.99985767,2.17042433673,0,313.8990041,5.39567490112,319.294679001,joint_price,132.799975
2025-03-20,76,12:40,12:50,0.6604,0.659925,0.614119642857,-254.866205935,-173.098233333,659.120660187,833.333333333,0,9825.74125799,10575.741258,-174.212673146,1.11443981293,0,435.283283988,3.67988026228,438.96316425,joint_price,7.65303953469
2025-03-20,77,12:50,13:00,0.9001,0.93745,0.889154613095,-203.170968537,-195.736666667,0,87.7667993197,0,10575.741258,10654.7313774,-87.7667993197,0,107.969867347,0,0,0,joint_price,0
2025-03-20,78,13:00,13:10,0.9125,0.969325,0.921922916667,-145.835551037,-138.075566667,0,63.0975220918,0,10654.7313774,10711.5191473,-63.0975220918,0,74.9780445748,0,0,0,joint_price,0
2025-03-20,79,13:10,13:20,0.919,0.941125,0.894973214286,-110.572114507,-90.3003833333,0,40.6568772449,0,10711.5191473,10748.1103368,-40.6568772449,0,49.6435060884,0,0,0,joint_price,0
2025-03-20,80,13:20,13:30,0.9817,0.963,0.919594047619,-102.604007653,-95.11875,0,7.7506322715,0,10748.1103368,10755.0859058,-7.7506322715,0,87.3681177285,0,0,0,joint_price,0
2025-03-20,81,13:30,13:40,0.9361,0.958,0.917439583333,-101.875566735,-102.199116667,0,24.8489276871,0,10755.0859058,10777.4499407,-24.8489276871,0,77.3501889796,0,0,0,joint_price,0
2025-03-20,82,13:40,13:50,0.8829,0.9485,0.874792261905,-88.7962407653,-104.792733333,0,25.0556213946,0,10777.4499407,10800,-25.0556213946,0,79.7371119388,0,0,0,joint_price,0
2025-03-20,83,13:50,14:00,0.8924,0.9543,0.830896428571,-61.8862482993,-86.655,0,0,0,10800,10800,0,0,86.655,0,0,0,joint_price,0
2025-03-20,84,14:00,14:10,0.9351,0.965425,0.837131696429,-31.8071769048,-28.3552333333,12.3245141497,0,0,10800,10800,12.3245141497,0,40.679747483,11.5246531813,0,11.5246531813,joint_price,73.947084898
2025-03-20,85,14:10,14:20,0.9817,0.973675,0.857963244048,12.2291416497,18.5539,0,0,64.5937195238,10800,10728.2292005,64.5937195238,0,46.0398195238,0,0,0,joint_price,0
2025-03-20,86,14:20,14:30,1.0267,1.014825,0.897719345238,67.1200012755,39.5170833333,0,0,115.821238095,10728.2292005,10599.538936,115.821238095,0,76.3041547619,0,0,0,joint_price,0
2025-03-20,87,14:30,14:40,1.0547,1.09805,0.967528869048,111.862364218,70.2932833333,0,0,160.248895204,10599.538936,10421.484608,160.248895204,0,89.9556118707,0,0,0,joint_price,0
2025-03-20,88,14:40,14:50,0.9267,0.9709,0.871406994048,132.819524779,126.358516667,0,0,179.791878146,10421.484608,10221.7158545,179.791878146,0,53.4333614796,0,0,0,joint_price,0
2025-03-20,89,14:50,15:00,0.7137,0.72985,0.686264136905,145.159995748,180.644166667,830.67952181,642.537939468,0,10221.7158545,10800,188.141582341,0,7.4974156746,592.855974716,0,592.855974716,joint_price,2838.57068837
2025-03-20,90,15:00,15:10,0.6525,0.740775,0.699616071429,181.908539388,197.318566667,222.646841888,0,0,10800,10800,222.646841888,0,25.3282752211,145.277064332,0,145.277064332,joint_price,-4943.59595847
2025-03-20,91,15:10,15:20,0.6799,0.801125,0.751291517857,240.314314932,248.806766667,278.422326973,0,0,10800,10800,278.422326973,0,29.6155603061,189.299340109,0,189.299340109,joint_price,109.966385102
2025-03-20,92,15:20,15:30,0.7301,0.80545,0.760547172619,303.810048895,340.1425,349.083659439,0,0,10800,10800,349.083659439,0,8.94115943878,254.865979756,0,254.865979756,joint_price,30.174619898
2025-03-20,93,15:30,15:40,0.805,0.848325,0.803620386905,354.887149864,402.782266667,388.273594048,0,0,10800,10800,388.273594048,14.508672619,0,312.560243208,58.3974072917,370.9576505,joint_price,3.41781285714
2025-03-20,94,15:40,15:50,0.8788,0.852275,0.807180952381,391.023208435,452.45245,423.669556156,0,0,10800,10800,423.669556156,28.7828938435,0,372.32080595,126.472035549,498.792841499,joint_price,3.43239418367
2025-03-20,95,15:50,16:00,0.9089,0.8251,0.780846428571,423.439502551,507.324166667,456.349187075,0,0,10800,10800,456.349187075,50.9749795918,0,414.775776132,231.655794755,646.431570887,joint_price,28.9646071429
2025-03-20,96,16:00,16:10,0.8767,0.867475,0.820884375,470.391447738,562.26155,494.347584534,0,0,10800,10800,494.347584534,67.9139654663,0,433.394527361,297.700867621,731.095394982,joint_price,0.617143937076
2025-03-20,97,16:10,16:20,0.8888,0.929225,0.881777380952,537.712586344,599.067216667,561.66666629,0,0,10800,10800,561.66666629,37.400550377,0,499.209332998,166.208045875,665.417378874,joint_price,18.0320623299
2025-03-20,98,16:20,16:30,0.9441,0.966975,0.92170610119,610.475622449,630.75625,635.44699915,0,0,10800,10800,635.44699915,0,4.69074914966,599.925511897,0,599.925511897,joint_price,7.16819387755
2025-03-20,99,16:30,16:40,0.946,0.986875,0.944064285714,664.27957335,688.73555,677.69345932,0,0,10800,10800,677.69345932,11.0420906803,0,641.098012516,52.2290889177,693.327101434,joint_price,0.0837319841264
2025-03-20,100,16:40,16:50,0.9677,1.00925,0.970955803571,706.934776735,742.724283333,729.787730332,0,0,10800,10800,729.787730332,12.9365530017,0,706.215586642,62.5935116987,768.809098341,joint_price,0
2025-03-20,101,16:50,17:00,1.0139,1.03895,1.00720967262,752.715039116,787.412916667,774.067696854,0,0,10800,10800,774.067696854,13.3452198129,0,784.82723784,67.6535918416,852.480829682,joint_price,0
2025-03-20,102,17:00,17:10,1.0152,1.065875,1.04020669643,807.631664218,843.23245,825.406449643,0,0,10800,10800,825.406449643,17.8260003571,0,837.952627677,90.4847778129,928.43740549,joint_price,3.00781326531
2025-03-20,103,17:10,17:20,1.0487,1.094225,1.07372053571,853.84577432,873.855183333,867.684230442,0,0,10800,10800,867.684230442,6.17095289116,0,909.940452465,32.3573914848,942.297843949,joint_price,0
2025-03-20,104,17:20,17:30,1.0879,1.101325,1.08565401786,914.694297194,904.72375,930.698047194,0,0,10800,10800,930.698047194,0,25.9742971939,1012.50640554,0,1012.50640554,joint_price,0
2025-03-20,105,17:30,17:40,1.0391,1.072175,1.06137544643,1003.5652385,973.09075,1026.13496878,0,0,10800,10800,1026.13496878,0,53.0442187812,1066.25684606,0,1066.25684606,joint_price,2.93325233333
2025-03-20,106,17:40,17:50,1.0932,1.135325,1.1273358631,916.812912449,873.003183333,928.003866973,0,0,10800,10800,928.003866973,0,55.0006836395,1014.49382737,0,1014.49382737,joint_price,0
2025-03-20,107,17:50,18:00,1.2488,1.25505,1.24765967262,719.6435,682.353333333,0,0,744.219388889,10800,9973.0895679,744.219388889,0,61.8660555556,0,0,0,joint_price,-4457.5785
2025-03-20,108,18:00,18:10,1.2993,1.2643,1.2573828869,695.1957475,697.997283333,0,0,706.689441905,9973.0895679,9187.8790769,706.689441905,0,8.69215857143,0,0,0,joint_price,-4240.05741337
2025-03-20,109,18:10,18:20,1.2761,1.267425,1.26181235119,737.307962415,739.308216667,0,0,752.870228886,9187.8790769,8351.35660036,752.870228886,0,13.5620122194,0,0,0,joint_price,-4509.98809337
2025-03-20,110,18:20,18:30,1.2567,1.30235,1.30286428571,744.172083333,709.241666667,0,0,769.862833333,8351.35660036,7495.95345221,769.862833333,0,60.6211666667,0,0,0,joint_price,-4600.8775
2025-03-20,111,18:30,18:40,1.2773,1.295075,1.30369508929,734.171983333,714.422816667,0,0,754.602643844,7495.95345221,6657.50607016,754.602643844,0,40.1798271774,0,0,0,joint_price,-4518.98296378
2025-03-20,112,18:40,18:50,1.2813,1.26825,1.24640238095,717.634975425,744.974333333,0,0,737.137573759,6657.50607016,5838.46432154,737.137573759,7.83675957483,0,0,50.2062002161,50.2062002161,joint_price,-1003.14239429
2025-03-20,113,18:50,19:00,1.2693,1.259225,1.18597574405,703.64075,763.206666667,716.944833333,0,0,5838.46432154,5838.46432154,716.944833333,46.2618333333,0,910.01807695,293.60072525,1203.6188022,joint_price,4301.669
2025-03-20,114,19:00,19:10,1.2899,1.2816,1.19896220238,700.4248975,746.718033333,722.724684167,0,0,5838.46432154,5838.46432154,722.724684167,23.9933491667,0,932.242570107,154.74510545,1086.98767556,joint_price,4336.348105
2025-03-20,115,19:10,19:20,1.2669,1.2995,1.22391934524,701.725879439,714.2555,0,0,724.493056344,5838.46432154,5033.47203671,724.493056344,0,10.2375563435,0,0,0,joint_price,0
2025-03-20,116,19:20,19:30,1.2323,1.29775,1.22413645833,706.29175,699.463333333,0,0,733.22275,5033.47203671,4218.78009227,733.22275,0,33.7594166667,0,0,0,joint_price,0
2025-03-20,117,19:30,19:40,1.2902,1.288225,1.21577827381,716.202029167,721.8114,255.967975173,0,482.339805541,4218.78009227,3682.846975,738.307780714,0,16.4963807143,330.249881569,0,330.249881569,joint_price,1535.80785104
2025-03-20,118,19:40,19:50,1.2824,1.261125,1.18871607143,713.359524779,728.491,730.371505612,0,0,3682.846975,3682.846975,730.371505612,0,1.88050561224,936.628418797,0,936.628418797,joint_price,4382.22903367
2025-03-20,119,19:50,20:00,1.2233,1.2474,1.17329925595,705.894833333,726.368333333,729.51475,0,0,3682.846975,3682.846975,729.51475,0,3.14641666667,892.415393675,0,892.415393675,joint_price,4377.0885
2025-03-20,120,20:00,20:10,1.2789,1.289825,1.21408720238,719.497754167,764.336516667,731.74483,0,0,3682.846975,3682.846975,731.74483,32.5916866667,0,935.828463087,208.40754039,1144.23600348,joint_price,4390.46898
2025-03-20,121,20:10,20:20,1.2779,1.2983,1.22695357143,726.198316667,753.943816667,0,0,742.934489167,3682.846975,2857.36420926,742.934489167,11.0093275,0,0,70.3440980612,70.3440980612,joint_price,0
2025-03-20,122,20:20,20:30,1.2388,1.2868,1.21629910714,720.50325,702.561666667,0,0,740.583333333,2857.36420926,2034.49383889,740.583333333,0,38.0216666667,0,0,0,joint_price,0
2025-03-20,123,20:30,20:40,1.3228,1.326725,1.24382589286,727.170594167,709.374483333,0,0,751.044455,2034.49383889,1200,751.044455,0,41.6699716667,0,0,0,joint_price,0
2025-03-20,124,20:40,20:50,1.1769,1.1853,1.12918184524,746.293243333,719.835983333,762.5751875,0,0,1200,1200,762.5751875,0,42.7392041667,897.474738169,0,897.474738169,joint_price,0
2025-03-20,125,20:50,21:00,0.8862,0.93775,0.932414285714,754.947666667,709.541666667,784.396166667,0,0,1200,1200,784.396166667,0,74.8545,695.1318829,0,695.1318829,joint_price,0
2025-03-20,126,21:00,21:10,0.917,0.91465,0.912920833333,729.2037725,715.044683333,749.1258775,0,0,1200,1200,749.1258775,0,34.0811941667,686.948429667,0,686.948429667,joint_price,9.10626
2025-03-20,127,21:10,21:20,0.9999,0.937675,0.928519047619,705.969618333,736.4506,721.5951,0,0,1200,1200,721.5951,14.8555,0,721.52294049,74.27007225,795.79301274,joint_price,13.18699
2025-03-20,128,21:20,21:30,0.9964,0.93225,0.927301636905,716.080083333,758.933333333,733.72075,0,0,1200,1200,733.72075,25.2125833333,0,731.0793553,125.609090167,856.688445467,joint_price,2.464
2025-03-20,129,21:30,21:40,1.0003,0.964975,0.961488392857,742.2043175,754.375466667,759.5274325,0,0,1200,1200,759.5274325,0,5.15196583333,759.75529073,0,759.75529073,joint_price,9.32321
2025-03-20,130,21:40,21:50,0.7708,0.74695,0.744193154762,668.589306667,666.937533333,686.977331667,0,0,1200,1200,686.977331667,0,20.0397983333,529.522127249,0,529.522127249,joint_price,0.0913050000004
2025-03-20,131,21:50,22:00,0.419,0.399075,0.395857738095,545.915916667,553.156666667,568.31775,0,0,1200,1200,568.31775,0,15.1610833333,238.12513725,0,238.12513725,joint_price,-4982.767
2025-03-20,132,22:00,22:10,0.3484,0.37105,0.362312053571,545.290994167,538.901466667,562.996650833,0,0,1200,1200,562.996650833,0,24.0951841667,196.14803315,0,196.14803315,joint_price,-4996.132375
2025-03-20,133,22:10,22:20,0.3833,0.432375,0.423154613095,561.900680833,553.3285,575.935186667,0,0,1200,1200,575.935186667,0,22.6066866667,220.755957049,0,220.755957049,joint_price,0.6356
2025-03-20,134,22:20,22:30,0.3903,0.422925,0.419082886905,547.01925,542.64,570.900416667,0,0,1200,1200,570.900416667,0,28.2604166667,222.822432625,0,222.822432625,joint_price,-5000
2025-03-20,135,22:30,22:40,0.4126,0.413875,0.411660267857,557.693935833,524.0221,580.156226667,0,0,1200,1200,580.156226667,0,56.1341266667,239.372459123,0,239.372459123,joint_price,-5000
2025-03-20,136,22:40,22:50,0.4343,0.417275,0.412867857143,567.153650833,526.969566667,587.306934167,0,0,1200,1200,587.306934167,0,60.3373675,255.067401509,0,255.067401509,joint_price,4.49395
2025-03-20,137,22:50,23:00,0.4428,0.42365,0.41731889881,566.081083333,549.4,579.607416667,0,0,1200,1200,579.607416667,0,30.2074166667,256.6501641,0,256.6501641,joint_price,5.5245
2025-03-20,138,23:00,23:10,0.4397,0.422175,0.417956845238,573.371385833,559.40135,594.2399175,0,0,1200,1200,594.2399175,0,34.8385675,261.287291725,0,261.287291725,joint_price,1.4212
2025-03-20,139,23:10,23:20,0.4049,0.414425,0.412675595238,563.6767975,543.627933333,582.142561667,0,0,1200,1200,582.142561667,0,38.5146283333,235.709523219,0,235.709523219,joint_price,0.769165
2025-03-20,140,23:20,23:30,0.3814,0.40585,0.401946875,548.619666667,544.621666667,568.523444444,0,0,1200,1200,568.523444444,0,23.9017777778,216.834841711,0,216.834841711,joint_price,-985.358142353
2025-03-20,141,23:30,23:40,0.4248,0.396525,0.385047470238,559.050435833,600.679333333,581.510005833,0,0,1200,1200,581.510005833,19.1693275,0,247.025450478,40.71565161,287.741102088,joint_price,3.23053
2025-03-20,142,23:40,23:50,0.3795,0.364225,0.352270386905,514.1282775,540.978183333,536.943875,0,0,1200,1200,536.943875,4.03430833333,0,203.770200563,7.6551000625,211.425300625,joint_price,2.374485
2025-03-20,143,23:50,24:00,0.2794,0.323825,0.318231547619,424.433666667,400.166666667,1284.43566667,833.333333333,0,1200,1950,451.102333333,0,50.9356666667,358.871325267,0,358.871325267,joint_price,5010.694
2025-06-21,0,00:00,00:10,0.3564,0.35075,0.366166517857,525.226503333,514.663966667,548.762604167,0,0,1200,1200,548.762604167,0,34.0986375,195.578992125,0,195.578992125,joint_price,-4998.67777
2025-06-21,1,00:10,00:20,0.3908,0.3528,0.366015625,514.7227375,533.34865,538.883633333,0,0,1200,1200,538.883633333,0,5.53498333333,210.595723907,0,210.595723907,joint_price,-4997.922025
2025-06-21,2,00:20,00:30,0.4598,0.36335,0.379083482143,495.261083333,566.91,530.399916667,0,0,1200,1200,530.399916667,36.5100833333,0,243.877881683,83.9366815833,327.814563267,joint_price,-4976.413
2025-06-21,3,00:30,00:40,0.409,0.367475,0.381033482143,514.0913775,510.587683333,541.809333333,0,0,1200,1200,541.809333333,0,31.22165,221.600017333,0,221.600017333,joint_price,16.36738
2025-06-21,4,00:40,00:50,0.3618,0.3683,0.379386160714,527.81095,470.042866667,554.514349167,0,0,1200,1200,554.514349167,0,84.4714825,200.623291529,0,200.623291529,joint_price,-2191.28489527
2025-06-21,5,00:50,01:00,0.3786,0.363325,0.374816517857,518.988833333,480.563333333,551.659166667,0,0,1200,1200,551.659166667,0,71.0958333333,208.8581605,0,208.8581605,joint_price,0.351000000001
2025-06-21,6,01:00,01:10,0.3988,0.34825,0.361120089286,511.238098333,478.329933333,535.843895,0,0,1200,1200,535.843895,0,57.5139616667,213.694545326,0,213.694545326,joint_price,4.136805
2025-06-21,7,01:10,01:20,0.4164,0.3509,0.363352678571,496.564340833,497.638116667,515.836688333,0,0,1200,1200,515.836688333,0,18.1985716667,214.794397022,0,214.794397022,joint_price,0.190785
2025-06-21,8,01:20,01:30,0.4254,0.36785,0.378976339286,480.13275,527.363333333,510.640333333,0,0,1200,1200,510.640333333,16.723,0,217.2263978,35.569821,252.7962188,joint_price,26.283
2025-06-21,9,01:30,01:40,0.4165,0.3698,0.381664732143,479.984979167,510.807616667,512.496675833,0,0,1200,1200,512.496675833,0,1.68905916667,213.454865485,0,213.454865485,joint_price,4.981695
2025-06-21,10,01:40,01:50,0.4295,0.37915,0.389972767857,480.231161667,492.340983333,503.14583,0,0,1200,1200,503.14583,0,10.8048466667,216.101133985,0,216.101133985,joint_price,23.416985
2025-06-21,11,01:50,02:00,0.4451,0.390625,0.399710267857,478.341,499.103333333,500.654083333,0,0,1200,1200,500.654083333,0,1.55075,222.841132492,0,222.841132492,joint_price,15.4675
2025-06-21,12,02:00,02:10,0.405,0.3741,0.385738392857,485.31446,512.0669,501.667771667,0,0,1200,1200,501.667771667,10.3991283333,0,203.175447525,21.058234875,224.2336824,joint_price,10.903525
2025-06-21,13,02:10,02:20,0.3784,0.3629,0.375664732143,479.7949925,502.183583333,506.719111667,0,0,1200,1200,506.719111667,0,4.53552833333,191.742511855,0,191.742511855,joint_price,7.921465
2025-06-21,14,02:20,02:30,0.3917,0.370375,0.380615625,473.988166667,473.125,503.0565,0,0,1200,1200,503.0565,0,29.9315,197.04723105,0,197.04723105,joint_price,1.528
2025-06-21,15,02:30,02:40,0.3964,0.374925,0.382614285714,496.718294167,458.319983333,525.637151667,0,0,1200,1200,525.637151667,0,67.3171683333,208.362566921,0,208.362566921,joint_price,22.71285
2025-06-21,16,02:40,02:50,0.3495,0.360925,0.367947321429,480.320873333,470.09745,501.006789167,0,0,1200,1200,501.006789167,0,30.9093391667,175.101872814,0,175.101872814,joint_price,7.837305
2025-06-21,17,02:50,03:00,0.3048,0.352925,0.361855357143,437.468166667,489.373333333,471.119083333,0,0,1200,1200,471.119083333,18.25425,0,143.5970966,27.819477,171.4165736,joint_price,16.968
2025-06-21,18,03:00,03:10,0.3585,0.384675,0.396797321429,449.418163316,486.698033333,469.27040932,0,0,1200,1200,469.27040932,17.4276240136,0,168.233441741,31.2390160444,199.472457786,joint_price,13.1129360204
2025-06-21,19,03:10,03:20,0.4058,0.37835,0.388889285714,455.802969167,491.8388,472.075067517,0,0,1200,1200,472.075067517,19.763732483,0,191.568062398,40.100613208,231.668675606,joint_price,18.007650102
2025-06-21,20,03:20,03:30,0.4053,0.33955,0.344636160714,444.009166667,496.251666667,461.071833333,0,0,1200,1200,461.071833333,35.1798333333,0,186.87241405,71.29193225,258.1643463,joint_price,5.252
2025-06-21,21,03:30,03:40,0.4087,0.351575,0.354445982143,463.132818367,463.3803,478.56167369,0,0,1200,1200,478.56167369,0,15.1813736905,195.588156037,0,195.588156037,joint_price,0.501840918367
2025-06-21,22,03:40,03:50,0.3866,0.3647,0.367925,474.078156803,454.71765,493.711721582,0,0,1200,1200,493.711721582,0,38.9940715816,190.868951563,0,190.868951563,joint_price,5.01419867347
2025-06-21,23,03:50,04:00,0.3566,0.356625,0.359250892857,464.994916667,477.031666667,493.093,0,0,1200,1200,493.093,0,16.0613333333,175.8369638,0,175.8369638,joint_price,4.903
2025-06-21,24,04:00,04:10,0.3708,0.35545,0.354104017857,463.577092466,474.281983333,488.089673827,0,0,1200,1200,488.089673827,0,13.8076904932,180.983651055,0,180.983651055,joint_price,33.8936832653
2025-06-21,25,04:10,04:20,0.3532,0.344975,0.3412625,456.228824235,458.1585,472.823720646,0,0,1200,1200,472.823720646,0,14.6652206463,167.001338132,0,167.001338132,joint_price,3.37301979592
2025-06-21,26,04:20,04:30,0.3096,0.332675,0.331115178571,444.697833333,446.218333333,473.50325,0,0,1200,1200,473.50325,0,27.2849166667,146.5966062,0,146.5966062,joint_price,32.7585
2025-06-21,27,04:30,04:40,0.3237,0.347225,0.350188392857,448.069659541,442.953283333,472.317733724,0,0,1200,1200,472.317733724,0,29.3644503912,152.889250407,0,152.889250407,joint_price,16.4403203061
2025-06-21,28,04:40,04:50,0.3321,0.360225,0.363638392857,454.12295182,450.38675,472.725839014,0,0,1200,1200,472.725839014,0,22.3390890136,156.992251136,0,156.992251136,joint_price,0
2025-06-21,29,04:50,05:00,0.3143,0.35185,0.35178125,454.642783163,454.174166667,480.707116497,0,0,1200,1200,480.707116497,0,26.5329498299,151.086246715,0,151.086246715,joint_price,7.5655
2025-06-21,30,05:00,05:10,0.3191,0.332425,0.330361160714,436.451644898,424.658716667,1292.86563156,833.333333333,0,1200,1950,459.532298231,0,34.8735815646,412.553423032,0,412.553423032,joint_price,5027.13209898
2025-06-21,31,05:10,05:20,0.3488,0.33695,0.330906696429,397.564883639,390.48345,671.410093132,249.805111993,0,1950,2174.82460079,421.604981139,0,31.1215311395,234.187840485,0,234.187840485,joint_price,1509.80172737
2025-06-21,32,05:20,05:30,0.3395,0.326025,0.315074107143,363.854132653,370.845833333,1212.67443537,833.333333333,0,2174.82460079,2924.82460079,379.341102041,0,8.49526870748,411.70297081,0,411.70297081,joint_price,5007.05416582
2025-06-21,33,05:30,05:40,0.2621,0.26115,0.249677232143,364.915972228,359.578,1226.10943993,833.333333333,0,2924.82460079,3674.82460079,392.776106599,0,33.1981065986,321.363284206,0,321.363284206,joint_price,4.688255
2025-06-21,34,05:40,05:50,0.4169,0.410575,0.3982375,334.859858844,337.034916667,359.246188299,0,0,3674.82460079,3674.82460079,359.246188299,0,22.2112716327,149.769735902,0,149.769735902,joint_price,2155.4771298
2025-06-21,35,05:50,06:00,0.7087,0.690675,0.677234821429,278.099369898,308.49,0,0,318.298809099,3674.82460079,3321.15925735,318.298809099,0,9.80880909864,0,0,0,joint_price,0
2025-06-21,36,06:00,06:10,0.7158,0.721475,0.711400892857,263.593229167,291.9625,0,0,293.914996463,3321.15925735,2994.58703906,293.914996463,0,1.95249646258,0,0,0,joint_price,0
2025-06-21,37,06:10,06:20,0.6144,0.650525,0.641802678571,242.841654796,246.471366667,0,0,280.475918435,2994.58703906,2682.94712969,280.475918435,0,34.0045517687,0,0,0,joint_price,0
2025-06-21,38,06:20,06:30,0.5732,0.611625,0.600435267857,189.796666667,166.35125,0,0,232.565164541,2682.94712969,2424.54139131,232.565164541,0,66.2139145408,0,0,0,joint_price,0
2025-06-21,39,06:30,06:40,0.586,0.595075,0.583039285714,134.576936871,97.3851833333,0,0,187.184583929,2424.54139131,2216.55852028,187.184583929,0,89.7994005952,0,0,0,joint_price,0
2025-06-21,40,06:40,06:50,0.6004,0.6139,0.606629464286,117.826984337,86.2121,0,0,170.712060986,2216.55852028,2026.87845251,170.712060986,0,84.4999609864,0,0,0,joint_price,0
2025-06-21,41,06:50,07:00,0.5991,0.62755,0.626445982143,120.333532313,100.836666667,0,0,186.603344388,2026.87845251,1819.54140319,186.603344388,0,85.7666777211,0,0,0,joint_price,0
2025-06-21,42,07:00,07:10,0.598,0.5761,0.574702678571,85.9002478231,63.2823,0,0,146.169322517,1819.54140319,1657.13104484,146.169322517,0,82.887022517,0,0,0,joint_price,0
2025-06-21,43,07:10,07:20,0.5678,0.56,0.559990178571,55.5015701871,21.9276833333,0,0,117.342632993,1657.13104484,1526.75034152,117.342632993,0,95.4149496599,0,0,0,joint_price,0
2025-06-21,44,07:20,07:30,0.5032,0.566525,0.571198214286,37.5138061224,-8.33958333333,0,0,104.49991199,1526.75034152,1410.63932819,104.49991199,0,112.839495323,0,0,0,joint_price,0
2025-06-21,45,07:30,07:40,0.4634,0.5099,0.515405803571,-2.07924316327,-62.9667833333,0,0,81.0165285374,1410.63932819,1320.62096315,81.0165285374,0,143.983311871,0,0,0,joint_price,0
2025-06-21,46,07:40,07:50,0.6087,0.612425,0.615178125,-38.477087466,-116.303716667,0,0,47.2884097789,1320.62096315,1268.07828562,47.2884097789,0,163.592126446,0,0,0,joint_price,0
2025-06-21,47,07:50,08:00,0.8359,0.816675,0.818864732143,-74.7208983844,-156.844166667,0,0,61.2704570578,1268.07828562,1200,61.2704570578,0,218.114623724,0,0,0,joint_price,0
2025-06-21,48,08:00,08:10,0.8537,0.822725,0.831818303571,-140.797418044,-195.452116667,0,25.6062263265,0,1200,1223.04560369,-25.6062263265,0,169.84589034,0,0,0,joint_price,0
2025-06-21,49,08:10,08:20,0.7708,0.786825,0.800036607143,-203.208346207,-213.46855,0,73.5210703401,0,1223.04560369,1289.214567,-73.5210703401,0,139.94747966,0,0,0,joint_price,0
2025-06-21,50,08:20,08:30,0.7264,0.7919,0.804524553571,-245.015831633,-220.185,0,127.13713648,0,1289.214567,1403.63798983,-127.13713648,0,93.0478635204,0,0,0,joint_price,0
2025-06-21,51,08:30,08:40,0.7632,0.7652,0.780119196429,-268.356952942,-241.482933333,0,163.241915272,0,1403.63798983,1550.55571358,-163.241915272,0,78.2410180612,0,0,0,joint_price,0
2025-06-21,52,08:40,08:50,0.8305,0.769575,0.786046428571,-225.22504182,-229.762933333,0,97.0334366156,0,1550.55571358,1637.88580653,-97.0334366156,0,132.729496718,0,0,0,joint_price,0
2025-06-21,53,08:50,09:00,0.8764,0.7993,0.816471875,-172.595506803,-182.575833333,0,48.7745561224,0,1637.88580653,1681.78290704,-48.7745561224,0,133.801277211,0,0,0,joint_price,0
2025-06-21,54,09:00,09:10,0.8731,0.77855,0.798988839286,-228.003683622,-160.175383333,0,93.1901731803,0,1681.78290704,1765.6540629,-93.1901731803,0,66.9852101531,0,0,0,joint_price,0
2025-06-21,55,09:10,09:20,0.8073,0.767025,0.785712053571,-285.142997279,-214.969966667,0,153.063844728,0,1765.6540629,1903.41152316,-153.063844728,0,61.9061219388,0,0,0,joint_price,0
2025-06-21,56,09:20,09:30,0.7234,0.769925,0.784009375,-304.12936182,-328.285416667,0,164.511430697,0,1903.41152316,2051.47181079,-164.511430697,0,163.773985969,0,0,0,joint_price,0
2025-06-21,57,09:30,09:40,0.6977,0.73255,0.749717410714,-341.043566752,-421.118233333,0,163.610589031,0,2051.47181079,2198.72134091,-163.610589031,0,257.507644303,0,0,0,joint_price,0
2025-06-21,58,09:40,09:50,0.7164,0.7144,0.736165178571,-345.356932874,-449.526183333,0,183.169906514,0,2198.72134091,2363.57425678,-183.169906514,0,266.35627682,0,0,0,joint_price,0
2025-06-21,59,09:50,10:00,0.7212,0.733375,0.757941071429,-335.100604592,-440.56625,0,184.624562925,0,2363.57425678,2529.73636341,-184.624562925,0,255.941687075,0,0,0,joint_price,0
2025-06-21,60,10:00,10:10,0.6702,0.738325,0.766396428571,-385.737921003,-460.630866667,0,229.408446973,0,2529.73636341,2736.20396568,-229.408446973,0,231.222419694,0,0,0,joint_price,0
2025-06-21,61,10:10,10:20,0.6649,0.690975,0.720516517857,-420.680191973,-489.017133333,0,249.155480085,0,2736.20396568,2960.44389776,-249.155480085,0,239.861653248,0,0,0,joint_price,0
2025-06-21,62,10:20,10:30,0.7152,0.652275,0.681378125,-426.73274915,-516.512916667,0,258.747240221,0,2960.44389776,3193.31641396,-258.747240221,0,257.765676446,0,0,0,joint_price,0
2025-06-21,63,10:30,10:40,0.7053,0.69195,0.72205625,-463.850716088,-561.181233333,0,256.689003299,0,3193.31641396,3424.33651693,-256.689003299,0,304.492230034,0,0,0,joint_price,0
2025-06-21,64,10:40,10:50,0.5367,0.553125,0.584830357143,-478.246443759,-612.926316667,0,308.59230216,0,3424.33651693,3702.06958887,-308.59230216,0,304.334014507,0,0,0,joint_price,0
2025-06-21,65,10:50,11:00,0.3314,0.295775,0.327912946429,-466.907610544,-620.148333333,0,370.688147109,0,3702.06958887,4035.68892127,-370.688147109,0,249.460186224,0,0,0,joint_price,0
2025-06-21,66,11:00,11:10,0.3161,0.2558,0.286192410714,-482.168646786,-560.160833333,462.762034626,833.333333333,0,4035.68892127,4785.68892127,-370.571298707,0,189.589534626,146.279079145,0,146.279079145,joint_price,2776.57220776
2025-06-21,67,11:10,11:20,0.2901,0.283,0.311333035714,-478.814585102,-647.042516667,456.337230799,833.333333333,0,4785.68892127,5535.68892127,-376.996102534,0,270.046414133,132.383430655,0,132.383430655,joint_price,2738.0233848
2025-06-21,68,11:20,11:30,0.2072,0.273075,0.302050892857,-441.23140051,-807.410833333,497.936893282,833.333333333,0,5535.68892127,6285.68892127,-335.396440051,0,472.014393282,103.172524288,0,103.172524288,joint_price,2987.62135969
2025-06-21,69,11:30,11:40,0.2258,0.2775,0.311142857143,-407.579400051,-745.92895,562.357236769,833.333333333,0,6285.68892127,7035.68892127,-270.976096565,0,474.952853435,126.980264062,0,126.980264062,joint_price,3374.14342061
2025-06-21,70,11:40,11:50,0.2711,0.283575,0.318770089286,-409.351065102,-658.892883333,541.928959286,768.236752262,0,7035.68892127,7727.10199831,-226.307792976,0,432.585090357,146.916940862,0,146.916940862,joint_price,3251.57375571
2025-06-21,71,11:50,12:00,0.2744,0.2858,0.320440178571,-423.887304422,-672.33875,0,282.668960459,0,7727.10199831,7981.50406272,-282.668960459,0,389.669789541,0,0,0,joint_price,0
2025-06-21,72,12:00,12:10,0.2473,0.29905,0.33809375,-405.707313912,-718.120266667,0,249.618168435,0,7981.50406272,8206.16041431,-249.618168435,0,468.502098231,0,0,0,joint_price,0
2025-06-21,73,12:10,12:20,0.2497,0.318775,0.357879017857,-420.693374269,-741.456716667,0,260.297291395,0,8206.16041431,8440.42797657,-260.297291395,0,481.159425272,0,0,0,joint_price,0
2025-06-21,74,12:20,12:30,0.2484,0.308375,0.345348660714,-452.193173469,-742.40875,0,299.919366497,0,8440.42797657,8710.35540641,-299.919366497,0,442.489383503,0,0,0,joint_price,0
2025-06-21,75,12:30,12:40,0.1828,0.262975,0.307174107143,-414.634179745,-757.647216667,574.711264269,833.333333333,0,8710.35540641,9460.35540641,-258.622069065,0,499.025147602,105.057219108,0,105.057219108,joint_price,134.764757755
2025-06-21,76,12:40,12:50,0.2868,0.39685,0.444655803571,-386.78714466,-771.688016667,0,179.222737619,0,9460.35540641,9621.65587027,-179.222737619,0,592.465279048,0,0,0,joint_price,0
2025-06-21,77,12:50,13:00,0.5464,0.638025,0.682483928571,-404.230628827,-726.931666667,0,204.148161565,0,9621.65587027,9805.38921568,-204.148161565,0,522.783505102,0,0,0,joint_price,0
2025-06-21,78,13:00,13:10,0.681,0.684075,0.728186160714,-415.984350221,-597.157983333,0,212.389283163,0,9805.38921568,9996.53957053,-212.389283163,0,384.76870017,0,0,0,joint_price,0
2025-06-21,79,13:10,13:20,0.6383,0.668375,0.714735714286,-370.365945663,-582.051283333,0,181.879635816,0,9996.53957053,10160.2312428,-181.879635816,0,400.171647517,0,0,0,joint_price,0
2025-06-21,80,13:20,13:30,0.5716,0.675225,0.722864285714,-297.099394133,-625.26625,0,97.4840072279,0,10160.2312428,10247.9668493,-97.4840072279,0,527.782242772,0,0,0,joint_price,0
2025-06-21,81,13:30,13:40,0.6829,0.655075,0.700813839286,-278.64693381,-477.587133333,0,65.0536656293,0,10247.9668493,10306.5151483,-65.0536656293,0,412.533467704,0,0,0,joint_price,0
2025-06-21,82,13:40,13:50,0.797,0.6668,0.711775892857,-286.934913044,-358.2528,0,103.760135323,0,10306.5151483,10399.8992701,-103.760135323,0,254.492664677,0,0,0,joint_price,0
2025-06-21,83,13:50,14:00,0.8133,0.709975,0.754315625,-289.956857568,-349.058333333,0,126.999860544,0,10399.8992701,10514.1991446,-126.999860544,0,222.058472789,0,0,0,joint_price,0
2025-06-21,84,14:00,14:10,0.7993,0.716775,0.7557875,-280.796660952,-315.651216667,0,106.739434337,0,10514.1991446,10610.2646355,-106.739434337,0,208.91178233,0,0,0,joint_price,0
2025-06-21,85,14:10,14:20,0.8114,0.70375,0.740384821429,-255.143727313,-288.67765,0,109.69519716,0,10610.2646355,10708.990313,-109.69519716,0,178.98245284,0,0,0,joint_price,0
2025-06-21,86,14:20,14:30,0.8574,0.735075,0.771700892857,-222.576063776,-288.457916667,0,13.1991488095,0,10708.990313,10720.8695469,-13.1991488095,0,275.258767857,0,0,0,joint_price,0
2025-06-21,87,14:30,14:40,0.8672,0.8255,0.856930803571,-202.503245782,-289.5349,0,5.81422059524,0,10720.8695469,10726.1023454,-5.81422059524,0,283.720679405,0,0,0,joint_price,0
2025-06-21,88,14:40,14:50,0.6527,0.7081,0.739023660714,-198.650363367,-299.466083333,0,18.6401670918,0,10726.1023454,10742.8784958,-18.6401670918,0,280.825916241,0,0,0,joint_price,0
2025-06-21,89,14:50,15:00,0.3818,0.459425,0.494427232143,-188.352243622,-300.130416667,0,48.8486887755,0,10742.8784958,10786.8423157,-48.8486887755,0,251.281727891,0,0,0,joint_price,0
2025-06-21,90,15:00,15:10,0.4347,0.437375,0.470663392857,-143.422830833,-256.820066667,0,14.6196492177,0,10786.8423157,10800,-14.6196492177,0,242.200417449,0,0,0,joint_price,0
2025-06-21,91,15:10,15:20,0.5156,0.47855,0.510147321429,-100.590706327,-204.788166667,0,0,0,10800,10800,0,0,204.788166667,0,0,0,joint_price,0
2025-06-21,92,15:20,15:30,0.4952,0.477925,0.510552678571,-61.0828320578,-155.933333333,51.1581751701,0,0,10800,10800,51.1581751701,0,207.091508503,25.3335283442,0,25.3335283442,joint_price,132.611665816
2025-06-21,93,15:30,15:40,0.5311,0.5025,0.535135267857,7.46631596939,-90.6562833333,104.208601633,0,0,10800,10800,104.208601633,0,194.864884966,55.3451883271,0,55.3451883271,joint_price,141.128532755
2025-06-21,94,15:40,15:50,0.5692,0.535175,0.566409821429,66.2900782143,-27.3289833333,154.480529065,0,0,10800,10800,154.480529065,0,181.809512398,87.9303171436,0,87.9303171436,joint_price,115.519552449
2025-06-21,95,15:50,16:00,0.5723,0.566575,0.597918303571,112.856956633,27.005,187.312093537,0,0,10800,10800,187.312093537,0,160.307093537,107.198711131,0,107.198711131,joint_price,45.0034693878
2025-06-21,96,16:00,16:10,0.5744,0.605725,0.641057589286,174.776413282,78.57155,252.870248571,0,0,10800,10800,252.870248571,0,174.298698571,145.248670779,0,145.248670779,joint_price,12.992419898
2025-06-21,97,16:10,16:20,0.599,0.61425,0.648466964286,187.169430459,103.2043,267.331815748,0,0,10800,10800,267.331815748,0,164.127515748,160.131757633,0,160.131757633,joint_price,17.8917111224
2025-06-21,98,16:20,16:30,0.6284,0.60565,0.633550892857,182.128248724,105.9075,241.492852466,0,0,10800,10800,241.492852466,0,135.585352466,151.75410849,0,151.75410849,joint_price,8.95100255102
2025-06-21,99,16:30,16:40,0.6239,0.63065,0.656033482143,251.175046973,115.424033333,305.925198673,0,0,10800,10800,305.925198673,0,190.50116534,190.866731452,0,190.866731452,joint_price,13.2292319388
2025-06-21,100,16:40,16:50,0.6144,0.633725,0.659044642857,250.205667279,109.619683333,293.860023316,0,0,10800,10800,293.860023316,0,184.240339983,180.547598326,0,180.547598326,joint_price,2.67782030612
2025-06-21,101,16:50,17:00,0.6289,0.609675,0.633298214286,189.347766582,102.78125,251.030848639,0,0,10800,10800,251.030848639,0,148.249598639,157.873300709,0,157.873300709,joint_price,96.4935357143
2025-06-21,102,17:00,17:10,0.6705,0.61785,0.636211160714,227.554971327,142.627433333,279.313796599,0,0,10800,10800,279.313796599,0,136.686363265,187.279900619,0,187.279900619,joint_price,13.2007714286
2025-06-21,103,17:10,17:20,0.7075,0.6645,0.680446428571,267.020338282,212.795,319.709262721,0,0,10800,10800,319.709262721,0,106.914262721,226.194303375,0,226.194303375,joint_price,13.710460102
2025-06-21,104,17:20,17:30,0.7038,0.690625,0.707370089286,275.219457483,288.967916667,329.98886352,0,0,10800,10800,329.98886352,0,41.0209468537,232.246162146,0,232.246162146,joint_price,13.4580816327
2025-06-21,105,17:30,17:40,0.6796,0.662475,0.677469196429,324.168419133,353.470166667,377.018365867,0,0,10800,10800,377.018365867,0,23.5481992007,256.221681443,0,256.221681443,joint_price,15.203114898
2025-06-21,106,17:40,17:50,0.8445,0.83305,0.84589375,378.499286701,382.320916667,414.400644099,0,0,10800,10800,414.400644099,0,32.079727432,349.961343941,0,349.961343941,joint_price,8.72616153061
2025-06-21,107,17:50,18:00,1.1012,1.108125,1.11980044643,414.853048469,385.901666667,451.093132653,0,0,10800,10800,451.093132653,0,65.1914659864,496.743757678,0,496.743757678,joint_price,16.4228494898
2025-06-21,108,18:00,18:10,1.1314,1.122375,1.13290892857,449.478728282,402.359033333,487.945500408,0,0,10800,10800,487.945500408,0,85.5864670748,552.061539162,0,552.061539162,joint_price,2927.67300245
2025-06-21,109,18:10,18:20,1.1374,1.093075,1.10367321429,494.893398452,436.62475,534.714724184,0,0,10800,10800,534.714724184,0,98.0899741837,608.184527287,0,608.184527287,joint_price,22.2569082653
2025-06-21,110,18:20,18:30,1.1803,1.140125,1.15424732143,540.640552296,481.681666667,245.392721378,0,338.292693163,10800,10424.1192298,583.685414541,0,102.003747874,289.637029042,0,289.637029042,joint_price,676.206113673
2025-06-21,111,18:30,18:40,1.1266,1.1604,1.18232589286,563.181844235,530.129166667,0,0,599.789011003,10424.1192298,9757.68699537,599.789011003,0,69.6598443367,0,0,0,joint_price,-3594.45676908
2025-06-21,112,18:40,18:50,1.153,1.1519,1.17942857143,572.703194252,585.454683333,0,0,613.488496429,9757.68699537,9076.03311045,613.488496429,0,28.0338130952,0,0,0,joint_price,0
2025-06-21,113,18:50,19:00,1.2618,1.15115,1.18036026786,580.334114371,640.82625,0,0,606.549364371,9076.03311045,8402.08937226,606.549364371,34.2768856293,0,0,216.252871435,216.252871435,joint_price,0
2025-06-21,114,19:00,19:10,1.2633,1.184275,1.21471919643,591.709224218,667.4907,0,0,623.598960323,8402.08937226,7709.20163857,623.598960323,43.8917396769,0,0,277.242173669,277.242173669,joint_price,0
2025-06-21,115,19:10,19:20,1.2161,1.19755,1.22681741071,632.731165629,617.246916667,0,0,667.431264286,7709.20163857,6967.61134492,667.431264286,0,50.184347619,0,0,0,joint_price,0
2025-06-21,116,19:20,19:30,1.1876,1.18445,1.210665625,653.248916667,548.913333333,0,0,691.162083333,6967.61134492,6199.65347455,691.162083333,0,142.24875,0,0,0,joint_price,0
2025-06-21,117,19:30,19:40,1.1812,1.1878,1.2128875,591.350338384,582.087566667,0,0,621.960202874,6199.65347455,5508.58658246,621.960202874,0,39.8726362075,0,0,0,joint_price,0
2025-06-21,118,19:40,19:50,1.1704,1.1819,1.20888660714,576.237145493,581.73875,0,0,602.063736582,5508.58658246,4839.62687515,602.063736582,0,20.3249865816,0,0,0,joint_price,0
2025-06-21,119,19:50,20:00,1.1558,1.174925,1.20400446429,628.167916667,531.603333333,0,0,653.658416667,4839.62687515,4113.33974552,653.658416667,0,122.055083333,0,0,0,joint_price,0
2025-06-21,120,20:00,20:10,1.1611,1.202025,1.22999330357,639.154941344,558.039433333,0,0,666.277475578,4113.33974552,3373.03143932,666.277475578,0,108.238042245,0,0,0,joint_price,0
2025-06-21,121,20:10,20:20,1.1692,1.202725,1.23311116071,614.531326939,620.864733333,0,0,649.50728966,3373.03143932,2651.35667303,649.50728966,0,28.6425563265,0,0,0,joint_price,0
2025-06-21,122,20:20,20:30,1.198,1.189775,1.22192589286,600.3295,660.021666667,0,0,644.967916667,2651.35667303,1934.72565452,644.967916667,15.05375,0,0,90.1719625,90.1719625,joint_price,0
2025-06-21,123,20:30,20:40,1.2507,1.21205,1.23539776786,629.696668333,646.97075,0,0,661.253089065,1934.72565452,1200,661.253089065,0,14.2823390646,0,0,0,joint_price,0
2025-06-21,124,20:40,20:50,1.1066,1.08485,1.10855892857,644.180226003,585.61195,685.125291003,0,0,1200,1200,685.125291003,0,99.5133410034,758.159647024,0,758.159647024,joint_price,0
2025-06-21,125,20:50,21:00,0.857,0.87325,0.904595535714,626.120416667,526.72,668.772416667,0,0,1200,1200,668.772416667,0,142.052416667,573.137961083,0,573.137961083,joint_price,2.864
2025-06-21,126,21:00,21:10,0.8345,0.84605,0.871619196429,615.6352625,535.7851,643.664841667,0,0,1200,1200,643.664841667,0,107.879741667,537.138310371,0,537.138310371,joint_price,0
2025-06-21,127,21:10,21:20,0.871,0.860675,0.886588839286,627.430059167,581.51715,667.567205,0,0,1200,1200,667.567205,0,86.050055,581.451035555,0,581.451035555,joint_price,9.49414
2025-06-21,128,21:20,21:30,0.8848,0.86175,0.895266071429,640.432333333,618.915,679.904166667,0,0,1200,1200,679.904166667,0,60.9891666667,601.579206667,0,601.579206667,joint_price,10.108
2025-06-21,129,21:30,21:40,0.9243,0.9005,0.929337053571,616.7488425,619.241283333,645.94843,0,0,1200,1200,645.94843,0,26.7071466667,597.050133849,0,597.050133849,joint_price,21.974095
2025-06-21,130,21:40,21:50,0.7155,0.699275,0.723054017857,566.158234167,576.779466667,590.5632525,0,0,1200,1200,590.5632525,0,13.7837858333,422.548007164,0,422.548007164,joint_price,13.30978
2025-06-21,131,21:50,22:00,0.3942,0.36715,0.390551339286,512.122166667,528.28,1376.60716667,833.333333333,0,1200,1950,543.273833333,0,14.9938333333,542.6585451,0,542.6585451,joint_price,19.8125
2025-06-21,132,22:00,22:10,0.4048,0.325925,0.346638839286,478.397615833,526.873733333,1339.5871375,833.333333333,0,1950,2700,506.253804167,20.6199291667,0,542.26487326,41.7347366333,583.999609893,joint_price,6.386455
2025-06-21,133,22:10,22:20,0.4701,0.3737,0.393878125,482.8044175,544.741083333,1338.0202225,833.333333333,0,2700,3450,504.686889167,40.0541941667,0,629.003306597,94.1473833888,723.150689986,joint_price,5016.471375
2025-06-21,134,22:20,22:30,0.4227,0.3647,0.386436160714,511.61275,552.865,1383.06358333,833.333333333,0,3450,4200,549.73025,3.13475,0,584.620976675,6.625294125,591.2462708,joint_price,21.412
2025-06-21,135,22:30,22:40,0.374,0.358975,0.3790875,531.571209167,546.83985,1396.0731775,833.333333333,0,4200,4950,562.739844167,0,15.8999941667,522.131368385,0,522.131368385,joint_price,7.637985
2025-06-21,136,22:40,22:50,0.3646,0.371525,0.390833928571,550.252876667,541.7929,1418.496785,833.333333333,0,4950,5700,585.163451667,0,43.3705516667,517.183927811,0,517.183927811,joint_price,38.43747
2025-06-21,137,22:50,23:00,0.3809,0.3832,0.404897767857,556.491916667,531.731666667,1433.07408333,833.333333333,0,5700,6450,599.74075,0,68.0090833333,545.857918342,0,545.857918342,joint_price,70.6855
2025-06-21,138,23:00,23:10,0.3872,0.3689,0.394114285714,528.6958775,499.822716667,1394.7276675,833.333333333,0,6450,7200,561.394334167,0,61.5716175,540.038552856,0,540.038552856,joint_price,1004.597385
2025-06-21,139,23:10,23:20,0.3936,0.360025,0.386439285714,517.513295833,486.82905,1385.09948417,833.333333333,0,7200,7950,551.766150833,0,64.9371008333,545.175156968,0,545.175156968,joint_price,11.16376
2025-06-21,140,23:20,23:30,0.3844,0.362725,0.387146875,520.235,498.216666667,1392.36225,833.333333333,0,7950,8700,559.028916667,0,60.81225,535.2240489,0,535.2240489,joint_price,0.838
2025-06-21,141,23:30,23:40,0.3399,0.362675,0.384586160714,501.873145,504.095166667,1371.12860083,833.333333333,0,8700,9450,537.7952675,0,33.7001008333,466.046611423,0,466.046611423,joint_price,2.711315
2025-06-21,142,23:40,23:50,0.3684,0.4163,0.439823214286,576.78726,532.219016667,623.165324167,0,0,9450,9450,623.165324167,0,90.9463075,229.574105423,0,229.574105423,joint_price,1.59804
2025-06-21,143,23:50,24:00,0.4712,0.4878,0.512124107143,704.165,606.023333333,593.38,0,135,9450,9300,728.38,0,122.356666667,279.600656,0,279.600656,joint_price,-806.9745
2025-09-23,0,00:00,00:10,0.4059,0.46865,0.441578125,606.353026667,570.184333333,633.145798333,0,0,6300,6300,633.145798333,0,62.961465,256.993879543,0,256.993879543,joint_price,-4990.16763
2025-09-23,1,00:10,00:20,0.4324,0.4733,0.446149553571,591.223645,560.318183333,614.384721667,0,0,6300,6300,614.384721667,0,54.0665383333,265.659953649,0,265.659953649,joint_price,-4988.83062
2025-09-23,2,00:20,00:30,0.4539,0.4751,0.444117410714,554.689833333,564.766666667,582.29025,0,0,6300,6300,582.29025,0,17.5235833333,264.301544475,0,264.301544475,joint_price,2.155
2025-09-23,3,00:30,00:40,0.4117,0.4474,0.4154375,560.949708333,598.508916667,594.050193333,0,0,6300,6300,594.050193333,4.45872333333,0,244.570464595,9.17828198167,253.748746577,joint_price,20.707055
2025-09-23,4,00:40,00:50,0.4114,0.436225,0.404589732143,568.274335833,606.51065,1434.2995525,833.333333333,0,6300,7050,600.966219167,5.54443083333,0,590.070835899,11.4048942242,601.475730123,joint_price,5000.682695
2025-09-23,5,00:50,01:00,0.4549,0.4436,0.411615625,557.597083333,589.77,589.90725,0,0,7050,7050,589.90725,0,0.13725,268.348808025,0,268.348808025,joint_price,9.764
2025-09-23,6,01:00,01:10,0.4413,0.42825,0.395691517857,553.546865833,597.35335,1425.32661333,833.333333333,0,7050,7800,591.99328,5.36007,0,628.996634464,11.826994455,640.823628919,joint_price,5010.25954
2025-09-23,7,01:10,01:20,0.4365,0.424475,0.394199553571,556.016004167,579.971666667,1414.74973583,833.333333333,0,7800,8550,581.4164025,0,1.44473583333,617.538259691,0,617.538259691,joint_price,5008.90559
2025-09-23,8,01:20,01:30,0.4529,0.448975,0.421569196429,564.893083333,552.68,590.849416667,0,0,8550,8550,590.849416667,0,38.1694166667,267.595700808,0,267.595700808,joint_price,3.718
2025-09-23,9,01:30,01:40,0.4318,0.48,0.451025,581.583175833,584.05335,603.51146,0,0,8550,8550,603.51146,0,19.45811,260.596248428,0,260.596248428,joint_price,2.0089
2025-09-23,10,01:40,01:50,0.418,0.49035,0.463022767857,587.2452325,601.861616667,622.6163775,0,0,8550,8550,622.6163775,0,20.7547608333,260.253645795,0,260.253645795,joint_price,46.72926
2025-09-23,11,01:50,02:00,0.4413,0.46505,0.441409821429,571.676583333,590.606666667,614.535666667,0,0,8550,8550,614.535666667,0,23.929,271.1945897,0,271.1945897,joint_price,7.3685
2025-09-23,12,02:00,02:10,0.4794,0.4168,0.390181696429,545.5291525,604.56305,1412.43950167,833.333333333,0,8550,9300,579.106168333,25.4568816667,0,677.123497099,61.020145355,738.143642454,joint_price,5015.32646
2025-09-23,13,02:10,02:20,0.4675,0.413375,0.386224553571,545.903331667,607.79955,1413.80043083,833.333333333,0,9300,10050,580.4670975,27.3324525,0,660.951701415,63.8896077187,724.841309133,joint_price,5000.381325
2025-09-23,14,02:20,02:30,0.4225,0.452075,0.428941964286,573.71825,594.986666667,600.03375,0,0,10050,10050,600.03375,0,5.04708333333,253.514259375,0,253.514259375,joint_price,4.895
2025-09-23,15,02:30,02:40,0.4268,0.465675,0.443949107143,594.450003333,598.5124,622.596434167,0,0,10050,10050,622.596434167,0,24.0840341667,265.724158102,0,265.724158102,joint_price,1.331525
2025-09-23,16,02:40,02:50,0.4588,0.464125,0.442933928571,602.264320833,587.279766667,632.568544167,0,0,10050,10050,632.568544167,0,45.2887775,290.222448064,0,290.222448064,joint_price,10.349565
2025-09-23,17,02:50,03:00,0.4777,0.456925,0.437766071429,596.54825,567.005,633.871083333,0,0,10050,10050,633.871083333,0,66.8660833333,302.800216508,0,302.800216508,joint_price,17.4495
2025-09-23,18,03:00,03:10,0.4584,0.438625,0.422295982143,581.000146667,578.479933333,610.048673588,0,0,10050,10050,610.048673588,0,31.5687402551,279.646311973,0,279.646311973,joint_price,15.9236293878
2025-09-23,19,03:10,03:20,0.4106,0.427725,0.409363839286,584.353735,591.051966667,601.672246667,0,0,10050,10050,601.672246667,0,10.62028,247.046624481,0,247.046624481,joint_price,3.81739
2025-09-23,20,03:20,03:30,0.3812,0.43665,0.413654464286,598.666,586.85,623.066083333,0,0,10050,10050,623.066083333,0,36.2160833333,237.512790967,0,237.512790967,joint_price,27.3365
2025-09-23,21,03:30,03:40,0.4192,0.45805,0.436201339286,588.988314031,582.173583333,618.414095017,0,0,10050,10050,618.414095017,0,36.2405116837,259.239188631,0,259.239188631,joint_price,2.68863806122
2025-09-23,22,03:40,03:50,0.4681,0.457625,0.439079464286,582.773305833,602.753333333,604.3761425,0,0,10050,10050,604.3761425,0,1.62280916667,282.908472304,0,282.908472304,joint_price,0
2025-09-23,23,03:50,04:00,0.4666,0.447375,0.429716071429,591.13375,623.128333333,613.430833333,0,0,10050,10050,613.430833333,9.6975,0,286.226826833,22.6242675,308.851094333,joint_price,13.536
2025-09-23,24,04:00,04:10,0.4048,0.46725,0.447636607143,597.422930442,595.522683333,620.542897058,0,0,10050,10050,620.542897058,0,25.0202137245,251.195764729,0,251.195764729,joint_price,0
2025-09-23,25,04:10,04:20,0.3873,0.461,0.443745982143,603.231390833,591.470933333,638.294649575,0,0,10050,10050,638.294649575,0,46.8237162415,247.21151778,0,247.21151778,joint_price,36.8698961224
2025-09-23,26,04:20,04:30,0.4222,0.43285,0.419690178571,606.579333333,616.071666667,633.103333333,0,0,10050,10050,633.103333333,0,17.0316666667,267.296227333,0,267.296227333,joint_price,6.909
2025-09-23,27,04:30,04:40,0.4225,0.4455,0.428792410714,601.556290935,604.8963,633.839034694,0,0,10050,10050,633.839034694,0,28.9427346939,267.796992158,0,267.796992158,joint_price,29.8883279592
2025-09-23,28,04:40,04:50,0.4173,0.45725,0.438579464286,599.512610833,600.415816667,622.336799422,0,0,10050,10050,622.336799422,0,21.9209827551,259.701146399,0,259.701146399,joint_price,18.1371264286
2025-09-23,29,04:50,05:00,0.4256,0.44985,0.432822321429,594.816333333,618.123333333,616.156416667,0,0,10050,10050,616.156416667,1.96691666667,0,262.236170933,4.18559866667,266.4217696,joint_price,8.972
2025-09-23,30,05:00,05:10,0.433,0.452425,0.434525446429,577.629754456,625.165266667,595.465493146,0,0,10050,10050,595.465493146,29.6997735204,0,257.836558532,64.3000096717,322.136568204,joint_price,6.69683520408
2025-09-23,31,05:10,05:20,0.4518,0.47895,0.466492410714,601.742932568,614.908133333,621.762856122,0,0,10050,10050,621.762856122,0,6.85472278912,280.912458396,0,280.912458396,joint_price,0.274910612245
2025-09-23,32,05:20,05:30,0.4325,0.47,0.467886607143,627.129646684,592.946666667,648.409509354,0,0,10050,10050,648.409509354,0,55.4628426871,280.437112795,0,280.437112795,joint_price,5.03411989796
2025-09-23,33,05:30,05:40,0.3613,0.39405,0.396233035714,575.564275714,583.97805,1433.67072855,833.333333333,0,10050,10800,600.337395221,0,16.3593452211,517.985234227,0,517.985234227,joint_price,15.3601521429
2025-09-23,34,05:40,05:50,0.6152,0.583875,0.590909821429,635.273909983,666.913433333,659.902547466,0,0,10800,10800,659.902547466,7.01088586735,0,405.972047201,21.565484928,427.537532129,joint_price,22.2384246939
2025-09-23,35,05:50,06:00,1.0325,0.93625,0.949660267857,788.46028699,790.623333333,0,0,832.801167517,10800,9874.66536943,832.801167517,0,42.1778341837,0,0,0,joint_price,0
2025-09-23,36,06:00,06:10,1.0391,0.98475,0.998850446429,796.480544218,793.772083333,0,0,830.426715051,9874.66536943,8951.96901937,830.426715051,0,36.6546317177,0,0,0,joint_price,0
2025-09-23,37,06:10,06:20,0.9449,0.912425,0.922526785714,721.027364541,742.659816667,0,0,756.57583034,8951.96901937,8111.32920788,756.57583034,0,13.9160136735,0,0,0,joint_price,0
2025-09-23,38,06:20,06:30,0.9432,0.8847,0.890845535714,655.010863095,690.46875,0,0,690.919066327,8111.32920788,7343.64135641,690.919066327,0,0.45031632653,0,0,0,joint_price,0
2025-09-23,39,06:30,06:40,0.9146,0.876475,0.882476785714,626.982977602,630.584016667,0,0,670.115620935,7343.64135641,6599.06844426,670.115620935,0,39.5316042687,0,0,0,joint_price,0
2025-09-23,40,06:40,06:50,0.8673,0.8469,0.851008482143,582.699807143,584.88215,0,0,621.943666939,6599.06844426,5908.01992543,621.943666939,0,37.0615169388,0,0,0,joint_price,0
2025-09-23,41,06:50,07:00,0.8271,0.798825,0.799875,508.264659014,546.2125,245.532668044,0,305.051557721,5908.01992543,5569.07375019,550.584225765,0,4.37172576531,203.080069739,0,203.080069739,joint_price,366.274368571
2025-09-23,42,07:00,07:10,0.8061,0.77455,0.777814732143,444.593404541,484.722833333,497.258974507,0,0,5569.07375019,5569.07375019,497.258974507,0,12.5361411735,400.84045935,0,400.84045935,joint_price,22.0779728571
2025-09-23,43,07:10,07:20,0.8269,0.788625,0.795291517857,407.429043486,425.30835,457.303339745,0,0,5569.07375019,5569.07375019,457.303339745,0,31.9949897449,378.144131635,0,378.144131635,joint_price,4.49763989796
2025-09-23,44,07:20,07:30,0.8096,0.76745,0.772345982143,357.135829507,361.320416667,439.798826105,0,0,5569.07375019,5569.07375019,439.798826105,0,78.4784094388,356.061129615,0,356.061129615,joint_price,44.9848418367
2025-09-23,45,07:30,07:40,0.6878,0.665675,0.66174375,263.646421684,285.468266667,322.01721551,0,0,5569.07375019,5569.07375019,322.01721551,0,36.5489488435,221.483440828,0,221.483440828,joint_price,41.0232584694
2025-09-23,46,07:40,07:50,0.8469,0.8477,0.841510714286,315.923277415,357.730216667,0,0,365.690810969,5569.07375019,5162.75062689,365.690810969,0,7.96059430272,0,0,0,joint_price,0
2025-09-23,47,07:50,08:00,1.1849,1.188825,1.18804866071,464.208951105,491.324583333,0,0,540.629825255,5162.75062689,4562.05082105,540.629825255,0,49.3052419218,0,0,0,joint_price,0
2025-09-23,48,08:00,08:10,1.1921,1.175475,1.17583839286,453.631578844,424.227,0,0,520.974889405,4562.05082105,3983.18983282,520.974889405,0,96.7478894048,0,0,0,joint_price,0
2025-09-23,49,08:10,08:20,1.1184,1.09435,1.09320446429,380.385597381,340.29965,0,0,460.571971139,3983.18983282,3471.44319822,460.571971139,0,120.272321139,0,0,0,joint_price,0
2025-09-23,50,08:20,08:30,1.1227,1.101125,1.09776830357,328.972277211,322.88875,0,0,437.610189201,3471.44319822,2985.20965467,437.610189201,0,114.721439201,0,0,0,joint_price,0
2025-09-23,51,08:30,08:40,1.0962,1.06085,1.0538,280.992138112,267.16475,0,0,375.37092869,2985.20965467,2568.13084501,375.37092869,0,108.20617869,0,0,0,joint_price,0
2025-09-23,52,08:40,08:50,1.0174,1.022525,1.01134330357,218.602464898,177.016983333,0,0,313.764648963,2568.13084501,2219.50345728,313.764648963,0,136.747665629,0,0,0,joint_price,0
2025-09-23,53,08:50,09:00,0.9516,1.004475,0.990479017857,157.023795068,103.286666667,0,0,260.383684524,2219.50345728,1930.18825225,260.383684524,0,157.097017857,0,0,0,joint_price,0
2025-09-23,54,09:00,09:10,0.9817,0.96555,0.951561607143,126.262835136,88.5305333333,0,0,245.489209031,1930.18825225,1657.42246444,245.489209031,0,156.958675697,0,0,0,joint_price,0
2025-09-23,55,09:10,09:20,1.0171,0.9438,0.931874107143,89.6221726531,75.3937333333,0,0,173.312879439,1657.42246444,1464.85259839,173.312879439,0,97.9191461054,0,0,0,joint_price,0
2025-09-23,56,09:20,09:30,1.0072,0.9356,0.927104910714,23.7190297619,46.3595833333,0,0,127.564330357,1464.85259839,1323.11445355,127.564330357,0,81.2047470238,0,0,0,joint_price,0
2025-09-23,57,09:30,09:40,0.9839,0.9003,0.89145625,-54.142437619,34.0806666667,0,0,63.7132744048,1323.11445355,1252.32192644,63.7132744048,0,29.6326077381,0,0,0,joint_price,0
2025-09-23,58,09:40,09:50,0.9725,0.896125,0.859504910714,-88.4825454082,13.9784333333,0,0,24.4160492687,1252.32192644,1225.1929828,24.4160492687,0,10.4376159354,0,0,0,joint_price,0
2025-09-23,59,09:50,10:00,0.9784,0.927075,0.849433482143,-87.680077381,-5.30041666667,0,0,22.6736845238,1225.1929828,1200,22.6736845238,0,27.9741011905,0,0,0,joint_price,0
2025-09-23,60,10:00,10:10,0.9839,0.931625,0.842330357143,-117.049851599,3.38896666667,0,0,0,1200,1200,0,3.38896666667,0,0,16.6720215167,16.6720215167,joint_price,0
2025-09-23,61,10:10,10:20,0.9513,0.90695,0.822102232143,-176.535493469,-45.9135666667,0,47.1463736565,0,1200,1242.43173629,-47.1463736565,1.2328069898,0,0,5.86384644696,5.86384644696,joint_price,0
2025-09-23,62,10:20,10:30,0.9073,0.896375,0.808872767857,-229.830362245,-133.931666667,0,83.6793584184,0,1242.43173629,1317.74315887,-83.6793584184,0,50.2523082483,0,0,0,joint_price,0
2025-09-23,63,10:30,10:40,0.8981,0.91365,0.812088392857,-240.100603605,-146.78905,0,81.7879175,0,1317.74315887,1391.35228462,-81.7879175,0,65.0011325,0,0,0,joint_price,0
2025-09-23,64,10:40,10:50,0.7781,0.74665,0.669629910714,-243.247621139,-127.813066667,0,105.034644439,0,1391.35228462,1485.88346461,-105.034644439,0,22.7784222279,0,0,0,joint_price,0
2025-09-23,65,10:50,11:00,0.5639,0.478675,0.450748660714,-257.763096088,-148.185833333,690.713007653,833.333333333,0,1485.88346461,2235.88346461,-142.62032568,0,5.56550765306,389.493065016,0,389.493065016,joint_price,69.2480969388
2025-09-23,66,11:00,11:10,0.4409,0.4276,0.405717410714,-269.498083129,-237.941716667,641.589969983,833.333333333,0,2235.88346461,2985.88346461,-191.74336335,0,46.1983533163,282.877017766,0,282.877017766,joint_price,12.1906208163
2025-09-23,67,11:10,11:20,0.4252,0.449225,0.417525892857,-276.84409085,-316.498516667,673.551013895,833.333333333,0,2985.88346461,3735.88346461,-159.782319439,0,156.716197228,286.393891108,0,286.393891108,joint_price,116.517328878
2025-09-23,68,11:20,11:30,0.4696,0.4414,0.408783035714,-279.182413265,-328.03625,697.195416241,833.333333333,0,3735.88346461,4485.88346461,-136.137917092,0,191.898332908,327.402967467,0,327.402967467,joint_price,117.681140306
2025-09-23,69,11:30,11:40,0.5048,0.444325,0.416022321429,-280.655900085,-295.94055,666.052952738,833.333333333,0,4485.88346461,5235.88346461,-167.280380595,0,128.660169405,336.223530542,0,336.223530542,joint_price,89.752142449
2025-09-23,70,11:40,11:50,0.4546,0.423825,0.396054464286,-312.706738061,-343.97645,633.123098963,833.333333333,0,5235.88346461,5985.88346461,-200.210234371,0,143.766215629,287.817760788,0,287.817760788,joint_price,128.142569694
2025-09-23,71,11:50,12:00,0.3613,0.38015,0.347928571429,-370.361682398,-453.312083333,585.833922194,833.333333333,0,5985.88346461,6735.88346461,-247.499411139,0,205.812672194,211.661796089,0,211.661796089,joint_price,58.8434846939
2025-09-23,72,12:00,12:10,0.3481,0.360525,0.325716964286,-413.05866119,-479.1387,568.091803061,833.333333333,0,6735.88346461,7485.88346461,-265.241530272,0,213.897169728,197.752756646,0,197.752756646,joint_price,111.674993673
2025-09-23,73,12:10,12:20,0.3859,0.38025,0.34841875,-430.98811381,-441.904033333,515.797280663,833.333333333,0,7485.88346461,8235.88346461,-317.53605267,0,124.367980663,199.046170608,0,199.046170608,joint_price,131.61738551
2025-09-23,74,12:20,12:30,0.387,0.386925,0.357883482143,-423.301289541,-421.009583333,509.91101233,833.333333333,0,8235.88346461,8985.88346461,-323.422321003,0,97.5872623299,197.335561772,0,197.335561772,joint_price,110.008811224
2025-09-23,75,12:30,12:40,0.3271,0.345975,0.310340625,-394.41237665,-460.462516667,556.773334762,833.333333333,0,8985.88346461,9735.88346461,-276.559998571,0,183.902518095,182.120557801,0,182.120557801,joint_price,190.964114082
2025-09-23,76,12:40,12:50,0.4936,0.51285,0.472191071429,-365.332772041,-409.1788,232.283325272,507.512881565,0,9735.88346461,10192.645058,-275.229556293,0,133.949243707,114.655049354,0,114.655049354,joint_price,1009.03416
2025-09-23,77,12:50,13:00,0.8213,0.79925,0.761363392857,-332.422959184,-287.767916667,0,207.373949405,0,10192.645058,10379.2816125,-207.373949405,0,80.3939672619,0,0,0,joint_price,0
2025-09-23,78,13:00,13:10,0.9285,0.839575,0.807400892857,-281.196137806,-271.910916667,0,117.155939745,0,10379.2816125,10484.7219583,-117.155939745,0,154.754976922,0,0,0,joint_price,0
2025-09-23,79,13:10,13:20,0.8854,0.817425,0.784540625,-265.143854252,-278.945616667,0,102.054263435,0,10484.7219583,10576.5707953,-102.054263435,0,176.891353231,0,0,0,joint_price,0
2025-09-23,80,13:20,13:30,0.8377,0.84355,0.810224553571,-268.653446003,-248.609583333,0,135.792667092,0,10576.5707953,10698.7841957,-135.792667092,0,112.816916241,0,0,0,joint_price,0
2025-09-23,81,13:30,13:40,0.8574,0.847725,0.823763392857,-219.772415068,-205.436183333,0,95.4597184694,0,10698.7841957,10784.6979424,-95.4597184694,0,109.976464864,0,0,0,joint_price,0
2025-09-23,82,13:40,13:50,0.8948,0.89065,0.841541517857,-164.978089881,-156.054516667,0,0.425705068028,0,10784.6979424,10785.0810769,-0.425705068028,0,155.628811599,0,0,0,joint_price,0
2025-09-23,83,13:50,14:00,0.9188,0.96515,0.869386160714,-138.73368835,-114.23875,0,16.5765812075,0,10785.0810769,10800,-16.5765812075,0,97.6621687925,0,0,0,joint_price,0
2025-09-23,84,14:00,14:10,0.9422,0.989075,0.886717410714,-127.578368112,-89.8927166667,0,0,0,10800,10800,0,0,89.8927166667,0,0,0,joint_price,0
2025-09-23,85,14:10,14:20,0.9638,0.991,0.895058482143,-98.2171618367,-30.1064666667,0,0,0,10800,10800,0,0,30.1064666667,0,0,0,joint_price,0
2025-09-23,86,14:20,14:30,1.0143,1.021525,0.922,-48.7446921769,63.7583333333,0,0,71.4238847789,10800,10720.640128,71.4238847789,0,7.66555144558,0,0,0,joint_price,0
2025-09-23,87,14:30,14:40,1.099,1.0685,0.965037053571,-4.28404302721,137.285466667,0,0,104.513755204,10720.640128,10604.5137334,104.513755204,32.7717114626,0,0,180.080554487,180.080554487,joint_price,0
2025-09-23,88,14:40,14:50,0.9913,0.914275,0.836984821429,44.5618628231,202.581116667,0,0,120.916826803,10604.5137334,10470.1617036,120.916826803,81.6642898639,0,0,404.769052711,404.769052711,joint_price,0
2025-09-23,89,14:50,15:00,0.7708,0.677275,0.642870535714,96.0258579932,250.17375,527.956285998,366.486996032,0,10470.1617036,10800,161.469289966,88.704460034,0,406.948705247,341.866988971,748.815694218,joint_price,2204.17784609
2025-09-23,90,15:00,15:10,0.7575,0.709075,0.687551339286,138.603593571,255.88385,210.911627024,0,0,10800,10800,210.911627024,44.9722229762,0,159.765557471,170.332294522,330.097851993,joint_price,-2185.7455865
2025-09-23,91,15:10,15:20,0.7846,0.75865,0.734191071429,200.694896224,287.7842,275.001521327,0,0,10800,10800,275.001521327,12.7826786735,0,215.766193633,50.146448436,265.912642069,joint_price,50.480367449
2025-09-23,92,15:20,15:30,0.7548,0.73,0.705159821429,277.647920918,327.535416667,371.400389031,0,0,10800,10800,371.400389031,0,43.8649723639,280.33301364,0,280.33301364,joint_price,27.8988214286
2025-09-23,93,15:30,15:40,0.7536,0.77785,0.759108928571,331.674472925,302.307266667,402.16591182,0,0,10800,10800,402.16591182,0,99.8586451531,303.072231147,0,303.072231147,joint_price,10.3343360204
2025-09-23,94,15:40,15:50,0.8148,0.824275,0.8111,366.195322432,352.949183333,423.397504609,0,0,10800,10800,423.397504609,0,70.4483212755,344.984286755,0,344.984286755,joint_price,11.8042279592
2025-09-23,95,15:50,16:00,0.8978,0.83855,0.825943303571,412.609421769,493.5825,468.975320578,0,0,10800,10800,468.975320578,24.6071794218,0,421.046042815,110.461628424,531.507671239,joint_price,85.0294336735
2025-09-23,96,16:00,16:10,0.9325,0.8743,0.858871875,498.054066446,589.43265,550.064014048,0,0,10800,10800,550.064014048,39.3686359524,0,512.934693099,183.556265128,696.490958227,joint_price,10.426512449
2025-09-23,97,16:10,16:20,0.9637,0.8906,0.8741125,566.398721293,635.81365,629.824404847,0,0,10800,10800,629.824404847,5.98924515306,0,606.961778951,28.85917777,635.820956721,joint_price,2.2145577551
2025-09-23,98,16:20,16:30,0.9927,0.88675,0.872099553571,599.238527636,668.235416667,656.285889881,0,0,10800,10800,656.285889881,11.9495267857,0,651.495002885,59.3114762009,710.806479086,joint_price,5.65613520408
2025-09-23,99,16:30,16:40,0.9735,0.9126,0.899777678571,637.390315374,716.347533333,677.043346633,0,0,10800,10800,677.043346633,39.3041867007,0,659.101697947,191.313128766,850.414826712,joint_price,5.94160836735
2025-09-23,100,16:40,16:50,0.9613,0.9602,0.949054017857,720.52611415,764.822683333,763.728248861,0,0,10800,10800,763.728248861,1.09443447279,0,734.17196563,5.26039929346,739.432364923,joint_price,41.2544133673
2025-09-23,101,16:50,17:00,1.0104,1.0087,0.998891071429,816.746789116,814.05375,866.687589711,0,0,10800,10800,866.687589711,0,52.6338397109,875.701140644,0,875.701140644,joint_price,27.134497449
2025-09-23,102,17:00,17:10,1.1132,1.04245,1.03269553571,853.415206616,877.086983333,901.279896241,0,0,10800,10800,901.279896241,0,24.1929129082,1003.3047805,0,1003.3047805,joint_price,25.1845952041
2025-09-23,103,17:10,17:20,1.1301,1.0573,1.04566071429,876.252396378,913.336616667,922.683257874,0,0,10800,10800,922.683257874,0,9.34664120748,1042.72434972,0,1042.72434972,joint_price,36.538624898
2025-09-23,104,17:20,17:30,1.0787,1.056025,1.04124508929,932.960497449,956.38375,975.584679847,0,0,10800,10800,975.584679847,0,19.2009298469,1052.36319415,0,1052.36319415,joint_price,10.8282346939
2025-09-23,105,17:30,17:40,1.1143,1.06505,1.04847276786,1004.92839197,1051.86266667,1034.93803653,0,0,10800,10800,1034.93803653,16.9246301361,0,1153.23145411,94.295576803,1247.52703091,joint_price,0
2025-09-23,106,17:40,17:50,1.1899,1.18165,1.16944910714,932.922530068,959.165316667,962.193348844,0,0,10800,10800,962.193348844,0,3.02803217687,1144.91386579,0,1144.91386579,joint_price,0
2025-09-23,107,17:50,18:00,1.26,1.338575,1.33406964286,775.203309949,752.645,0,0,805.616312925,10800,9904.87076342,805.616312925,0,52.9713129252,0,0,0,joint_price,-4814.21819133
2025-09-23,108,18:00,18:10,1.3273,1.357875,1.35477366071,757.187327959,764.32985,0,0,782.047291531,9904.87076342,9035.92932838,782.047291531,0,17.7174415306,0,0,0,joint_price,-4665.35963296
2025-09-23,109,18:10,18:20,1.3739,1.342625,1.33137366071,784.229379473,830.227266667,0,0,817.415091446,9035.92932838,8127.69033789,817.415091446,12.8121752211,0,0,88.0132376813,88.0132376813,joint_price,-4871.30066857
2025-09-23,110,18:20,18:30,1.3863,1.35165,1.3323625,775.124292942,834.416666667,0,0,823.25233631,8127.69033789,7212.96551977,823.25233631,11.1643303571,0,0,77.3855558705,77.3855558705,joint_price,-4899.32895663
2025-09-23,111,18:30,18:40,1.3617,1.3458,1.32700223214,762.493482143,836.15965,0,0,787.03888898,7212.96551977,6338.47786534,787.03888898,49.1207610204,0,0,334.438701407,334.438701407,joint_price,-4707.76405837
2025-09-23,112,18:40,18:50,1.2989,1.358025,1.309359375,759.595049099,810.3647,786.671435034,0,0,6338.47786534,6338.47786534,786.671435034,23.693264966,0,1021.80752697,153.875909322,1175.68343629,joint_price,0
2025-09-23,113,18:50,19:00,1.242,1.397475,1.30428883929,774.718583333,777.426666667,809.566916667,0,0,6338.47786534,6338.47786534,809.566916667,0,32.14025,1005.4821105,0,1005.4821105,joint_price,4857.4015
2025-09-23,114,19:00,19:10,1.2579,1.428725,1.334053125,801.400570629,799.098883333,0,0,832.206147908,6338.47786534,5413.80436767,832.206147908,0,33.1072645748,0,0,0,joint_price,0
2025-09-23,115,19:10,19:20,1.3209,1.414625,1.32328705357,782.170201735,825.595866667,0,0,814.865237755,5413.80436767,4508.39854794,814.865237755,10.7306289116,0,0,70.8704386464,70.8704386464,joint_price,0
2025-09-23,116,19:20,19:30,1.3658,1.3842,1.28461473214,751.836166667,817.816666667,786.700666667,0,0,4508.39854794,4508.39854794,786.700666667,31.116,0,1074.47577053,212.491164,1286.96693453,joint_price,4720.204
2025-09-23,117,19:30,19:40,1.3425,1.4015,1.30399508929,798.7346775,786.83635,824.8738375,0,0,4508.39854794,4508.39854794,824.8738375,0,38.0374875,1107.39312684,0,1107.39312684,joint_price,4949.243025
2025-09-23,118,19:40,19:50,1.3213,1.407675,1.31232098214,811.843095663,784.2189,251.685018537,0,582.77456784,4508.39854794,3860.87125034,834.459586378,0,50.2406863776,332.551414993,0,332.551414993,joint_price,1503.35259296
2025-09-23,119,19:50,20:00,1.3115,1.39785,1.30016116071,773.837583333,811.911666667,807.2205,0,0,3860.87125034,3860.87125034,807.2205,4.69116666667,0,1058.66968575,30.7623254167,1089.43201117,joint_price,4843.323
2025-09-23,120,20:00,20:10,1.2687,1.42165,1.3245875,775.4104225,827.178116667,0,0,803.10411432,3860.87125034,2968.53334554,803.10411432,24.0740023469,0,0,152.713433888,152.713433888,joint_price,0
2025-09-23,121,20:10,20:20,1.2951,1.41025,1.31509196429,764.46148699,843.5677,0,0,801.21322432,2968.53334554,2078.29642963,801.21322432,42.3544756803,0,0,274.266407268,274.266407268,joint_price,-1322.10869908
2025-09-23,122,20:20,20:30,1.3829,1.39105,1.29375669643,740.155083333,839.708333333,770.66,0,0,2078.29642963,2078.29642963,770.66,69.0483333333,0,1065.745714,477.434700833,1543.18041483,joint_price,4623.96
2025-09-23,123,20:30,20:40,1.3866,1.430925,1.32990133929,761.6561275,784.895283333,0,0,790.466786667,2078.29642963,1200,790.466786667,0,5.57150333333,0,0,0,joint_price,0
2025-09-23,124,20:40,20:50,1.2125,1.2677,1.19698616071,776.869066667,801.6618,804.339819133,0,0,1200,1200,804.339819133,0,2.67801913265,975.262030698,0,975.262030698,joint_price,0
2025-09-23,125,20:50,21:00,0.9884,0.993075,0.967122767857,771.93825,869.216666667,796.144583333,0,0,1200,1200,796.144583333,73.0720833333,0,786.909306167,361.122235833,1148.031542,joint_price,0
2025-09-23,126,21:00,21:10,0.9549,0.982425,0.956852678571,781.897631667,842.524383333,810.589423333,0,0,1200,1200,810.589423333,31.93496,0,774.031840341,152.47346652,926.505306861,joint_price,9.503025
2025-09-23,127,21:10,21:20,0.9828,1.008,0.974803571429,772.246040833,804.595183333,816.358080833,0,0,1200,1200,816.358080833,0,11.7628975,802.316721843,0,802.316721843,joint_price,11.863955
2025-09-23,128,21:20,21:30,1.0059,0.99535,0.966711607143,759.04075,813.381666667,793.864,0,0,1200,1200,793.864,19.5176666667,0,798.5477976,98.1641045,896.7119021,joint_price,0
2025-09-23,129,21:30,21:40,1.0449,1.056525,1.028315625,782.876253333,829.869133333,821.9086,0,0,1200,1200,821.9086,7.96053333333,0,858.81229614,41.5898064,900.40210254,joint_price,4.421655
2025-09-23,130,21:40,21:50,0.8538,0.839975,0.808546875,716.499943333,768.1865,754.198409167,0,0,1200,1200,754.198409167,13.9880908333,0,643.934601747,59.7151597675,703.649761514,joint_price,2.22235
2025-09-23,131,21:50,22:00,0.5154,0.4665,0.433521428571,588.308,639.243333333,625.81075,0,0,1200,1200,625.81075,13.4325833333,0,322.54286055,34.61576725,357.1586278,joint_price,-4986.5695
2025-09-23,132,22:00,22:10,0.3997,0.44485,0.414557589286,563.7647325,553.441566667,1431.69233583,833.333333333,0,1200,1950,598.3590025,0,44.9174358333,572.247426633,0,572.247426633,joint_price,21.83887
2025-09-23,133,22:10,22:20,0.4421,0.48615,0.454437946429,567.5070025,582.678566667,605.0540075,0,0,1950,1950,605.0540075,0,22.3754408333,267.494376716,0,267.494376716,joint_price,8.99085
2025-09-23,134,22:20,22:30,0.4839,0.4418,0.40641875,561.00025,647.206666667,1422.81975,833.333333333,0,1950,2700,589.486416667,57.72025,0,688.502477025,139.654144875,828.1566219,joint_price,0
2025-09-23,135,22:30,22:40,0.4396,0.456775,0.42519375,584.503711667,596.69985,1452.06719,833.333333333,0,2700,3450,618.733856667,0,22.0340066667,638.328736724,0,638.328736724,joint_price,4.72374
2025-09-23,136,22:40,22:50,0.4292,0.469425,0.439331696429,598.356905,555.352283333,632.407825833,0,0,3450,3450,632.407825833,0,77.0555425,271.429438848,0,271.429438848,joint_price,-4984.88118
2025-09-23,137,22:50,23:00,0.4608,0.458575,0.426662053571,582.01025,569.35,1454.93758333,833.333333333,0,3450,4200,621.60425,0,52.25425,670.4352384,0,670.4352384,joint_price,10.3855
2025-09-23,138,23:00,23:10,0.4279,0.473475,0.445090625,556.0441575,564.655866667,582.206428333,0,0,4200,4200,582.206428333,0,17.5505616667,249.126130684,0,249.126130684,joint_price,-3995.751005
2025-09-23,139,23:10,23:20,0.4124,0.4668,0.439717410714,543.995703333,576.501566667,573.861685833,0,0,4200,4200,573.861685833,2.63988083333,0,236.660559238,5.44343427833,242.103993516,joint_price,-4950.50065
2025-09-23,140,23:20,23:30,0.4355,0.4456,0.414631696429,550.603416667,610.325,1418.86116667,833.333333333,0,4200,4950,585.527833333,24.7971666667,0,617.914038083,53.9958304167,671.9098685,joint_price,5.541
2025-09-23,141,23:30,23:40,0.4312,0.467425,0.432691517857,561.700081667,617.0673,597.999934167,0,0,4950,4950,597.999934167,19.0673658333,0,257.857571613,41.1092407367,298.966812349,joint_price,-4929.8424
2025-09-23,142,23:40,23:50,0.4204,0.475675,0.440295982143,564.61672,568.298083333,593.192696667,0,0,4950,4950,593.192696667,0,24.8946133333,249.378209679,0,249.378209679,joint_price,2.48764
2025-09-23,143,23:50,24:00,0.4259,0.464325,0.432105803571,564.014916667,524.601666667,1264.32466667,666.666666667,0,4950,5550,597.658,0,73.0563333333,538.475875533,0,538.475875533,joint_price,4007.036
2025-12-21,0,00:00,00:10,0.4264,0.399575,0.399866964286,586.5524,596.017716667,1271.78894917,666.666666667,0,10200,10800,605.1222825,0,9.10456583333,542.290807925,0,542.290807925,joint_price,-981.952865
2025-12-21,1,00:10,00:20,0.4293,0.405875,0.409725892857,575.9855425,589.645166667,596.683778333,0,0,10800,10800,596.683778333,0,7.03861166667,256.156346039,0,256.156346039,joint_price,-5000
2025-12-21,2,00:20,00:30,0.4388,0.474125,0.482677232143,594.034333333,578.683333333,615.144583333,0,0,10800,10800,615.144583333,0,36.46125,269.925443167,0,269.925443167,joint_price,7.9225
2025-12-21,3,00:30,00:40,0.4138,0.466375,0.473157589286,628.2823925,564.710033333,647.6133075,0,0,10800,10800,647.6133075,0,82.9032741667,267.982386644,0,267.982386644,joint_price,6.745235
2025-12-21,4,00:40,00:50,0.41,0.437475,0.443088839286,641.826124167,549.903883333,662.246505833,0,0,10800,10800,662.246505833,0,112.3426225,271.521067392,0,271.521067392,joint_price,4.88742
2025-12-21,5,00:50,01:00,0.4471,0.428925,0.436790625,619.14375,558.21,638.803083333,0,0,10800,10800,638.803083333,0,80.5930833333,285.608858558,0,285.608858558,joint_price,9.1095
2025-12-21,6,01:00,01:10,0.4797,0.4238,0.432828125,582.65715,610.348516667,600.4488925,0,0,10800,10800,600.4488925,9.89962416667,0,288.035333732,23.7442485638,311.779582296,joint_price,4.8379
2025-12-21,7,01:10,01:20,0.4466,0.4275,0.435108035714,594.816416667,633.23595,616.3026225,0,0,10800,10800,616.3026225,16.9333275,0,275.240751209,37.8121203075,313.052871516,joint_price,8.455355
2025-12-21,8,01:20,01:30,0.3961,0.436925,0.440886607143,633.062583333,622.696666667,658.048916667,0,0,10800,10800,658.048916667,0,35.35225,260.653175892,0,260.653175892,joint_price,5.388
2025-12-21,9,01:30,01:40,0.4368,0.43805,0.439035714286,619.343074167,637.489266667,642.565723333,0,0,10800,10800,642.565723333,0,5.07645666667,280.672707952,0,280.672707952,joint_price,13.48762
2025-12-21,10,01:40,01:50,0.475,0.43165,0.438421428571,627.6921625,622.368,648.0837125,0,0,10800,10800,648.0837125,0,25.7157125,307.839763437,0,307.839763437,joint_price,0.726629999999
2025-12-21,11,01:50,02:00,0.4651,0.421625,0.436623214286,661.527166667,597.858333333,685.719083333,0,0,10800,10800,685.719083333,0,87.86075,318.927945658,0,318.927945658,joint_price,1.3235
2025-12-21,12,02:00,02:10,0.455,0.413825,0.424040625,646.228268333,642.746233333,661.7217475,0,0,10800,10800,661.7217475,0,18.9755141667,301.083395112,0,301.083395112,joint_price,1.1306
2025-12-21,13,02:10,02:20,0.4629,0.4235,0.426350892857,631.052563333,653.869116667,653.893145833,0,0,10800,10800,653.893145833,0,0.0240291666667,302.687137206,0,302.687137206,joint_price,3.777595
2025-12-21,14,02:20,02:30,0.4713,0.45095,0.452293303571,636.174416667,621.75,659.575583333,0,0,10800,10800,659.575583333,0,37.8255833333,310.857972425,0,310.857972425,joint_price,10.553
2025-12-21,15,02:30,02:40,0.4513,0.47605,0.480582589286,631.607351667,636.643333333,647.648925,0,0,10800,10800,647.648925,0,11.0055916667,292.283959852,0,292.283959852,joint_price,0
2025-12-21,16,02:40,02:50,0.4352,0.4672,0.474776339286,631.031465833,631.910733333,648.459130833,0,0,10800,10800,648.459130833,0,16.5483975,282.209413739,0,282.209413739,joint_price,29.5853
2025-12-21,17,02:50,03:00,0.4577,0.4425,0.450607142857,643.36675,625.288333333,672.985083333,0,0,10800,10800,672.985083333,0,47.69675,308.025272642,0,308.025272642,joint_price,4.771
2025-12-21,18,03:00,03:10,0.5147,0.45335,0.461302232143,659.633109167,696.757683333,683.201630833,0,0,10800,10800,683.201630833,13.5560525,0,351.64387939,34.8865011087,386.530380499,joint_price,10.953875
2025-12-21,19,03:10,03:20,0.5083,0.475475,0.487392857143,665.101346667,685.888783333,689.722994167,0,0,10800,10800,689.722994167,0,3.83421083333,350.586197935,0,350.586197935,joint_price,4.307475
2025-12-21,20,03:20,03:30,0.4686,0.477625,0.492938839286,654.0535,624.79,680.191833333,0,0,10800,10800,680.191833333,0,55.4018333333,318.7378931,0,318.7378931,joint_price,0.1525
2025-12-21,21,03:30,03:40,0.5119,0.455,0.464102232143,637.550793333,703.4143,662.097865833,0,0,10800,10800,662.097865833,41.3164341667,0,338.92789752,105.74941325,444.67731077,joint_price,12.653985
2025-12-21,22,03:40,03:50,0.5023,0.45585,0.462778571429,650.142451667,737.32095,674.817339167,0,0,10800,10800,674.817339167,62.5036108333,0,338.960749463,156.977818608,495.938568071,joint_price,14.963675
2025-12-21,23,03:50,04:00,0.4324,0.473575,0.485922321429,674.047666667,679.858333333,701.595,0,0,10800,10800,701.595,0,21.7366666667,303.369678,0,303.369678,joint_price,5.634
2025-12-21,24,04:00,04:10,0.4412,0.4603,0.475445089286,661.465631667,673.157066667,684.589028333,0,0,10800,10800,684.589028333,0,11.4319616667,302.040679301,0,302.040679301,joint_price,6.208905
2025-12-21,25,04:10,04:20,0.4805,0.4702,0.483954017857,672.979968333,680.399233333,698.137489711,0,0,10800,10800,698.137489711,0,17.7382563776,335.455063806,0,335.455063806,joint_price,15.7382832653
2025-12-21,26,04:20,04:30,0.5015,0.500325,0.512016517857,708.364416667,677.478333333,734.4435,0,0,10800,10800,734.4435,0,56.9651666667,368.32341525,0,368.32341525,joint_price,25.744
2025-12-21,27,04:30,04:40,0.5024,0.49045,0.503417410714,701.5742775,686.979733333,718.927691667,0,0,10800,10800,718.927691667,0,31.9479583333,361.189272293,0,361.189272293,joint_price,10.486135
2025-12-21,28,04:40,04:50,0.4798,0.48365,0.496445982143,677.190815935,680.602566667,696.834807721,0,0,10800,10800,696.834807721,0,16.2322410544,334.341340745,0,334.341340745,joint_price,4.77441459184
2025-12-21,29,04:50,05:00,0.4753,0.494475,0.505902678571,677.111833333,672.051666667,706.509583333,0,0,10800,10800,706.509583333,0,34.4579166667,335.804004958,0,335.804004958,joint_price,46.0915
2025-12-21,30,05:00,05:10,0.535,0.4931,0.507021428571,714.736679354,702.989983333,730.933953486,0,0,10800,10800,730.933953486,0,27.9439701531,391.049665115,0,391.049665115,joint_price,7.61644979592
2025-12-21,31,05:10,05:20,0.5436,0.490525,0.506186607143,718.666563622,708.874733333,738.92494131,0,0,10800,10800,738.92494131,0,30.0502079762,401.679598096,0,401.679598096,joint_price,14.7409832653
2025-12-21,32,05:20,05:30,0.468,0.461875,0.476224107143,686.008333333,677.763333333,716.668916667,0,0,10800,10800,716.668916667,0,38.9055833333,335.401053,0,335.401053,joint_price,1.642
2025-12-21,33,05:30,05:40,0.4338,0.4144,0.427304910714,694.169117738,679.624416667,715.116847262,0,0,10800,10800,715.116847262,0,35.4924305952,310.217688342,0,310.217688342,joint_price,-4995.82547337
2025-12-21,34,05:40,05:50,0.6915,0.647625,0.6632125,779.458715901,786.285766667,797.940610969,0,0,10800,10800,797.940610969,0,11.6548443027,551.775932485,0,551.775932485,joint_price,1.74197142857
2025-12-21,35,05:50,06:00,1.0594,1.0175,1.03636383929,880.945833333,915.108333333,910.31475,0,0,10800,10800,910.31475,4.79358333333,0,964.38744615,25.3916109167,989.779057067,joint_price,19.486
2025-12-21,36,06:00,06:10,1.081,1.047275,1.06282053571,893.360374949,906.479566667,912.192160901,0,0,10800,10800,912.192160901,0,5.71259423469,986.079725934,0,986.079725934,joint_price,4050
2025-12-21,37,06:10,06:20,1.0359,0.986375,1.001953125,876.035997228,901.305416667,898.892892517,0,0,10800,10800,898.892892517,2.41252414966,0,931.163147358,12.4956688332,943.658816192,joint_price,0
2025-12-21,38,06:20,06:30,1.0597,1.004725,1.02623035714,877.946583333,931.175,899.194416667,0,0,10800,10800,899.194416667,31.9805833333,0,952.876323342,169.449120792,1122.32544413,joint_price,40.3154821429
2025-12-21,39,06:30,06:40,1.0176,1.0244,1.05106428571,893.402221633,890.858333333,915.968184116,0,0,10800,10800,915.968184116,0,25.1098507823,932.089224156,0,932.089224156,joint_price,7.36689908163
2025-12-21,40,06:40,06:50,1.0168,1.04,1.07430357143,912.290292789,872.208166667,937.806973027,0,0,10800,10800,937.806973027,0,65.5988063605,953.562130174,0,953.562130174,joint_price,2.66382897959
2025-12-21,41,06:50,07:00,1.0595,1.0425,1.08527321429,917.473862245,895.7,939.553120748,0,0,10800,10800,939.553120748,0,43.8531207483,995.456531433,0,995.456531433,joint_price,3.10452040816
2025-12-21,42,07:00,07:10,1.0282,1.0121,1.057690625,871.451274847,864.683533333,883.885635612,0,0,10800,10800,883.885635612,0,19.2021022789,908.811210537,0,908.811210537,joint_price,0
2025-12-21,43,07:10,07:20,0.9987,0.981975,1.02864955357,818.867078707,816.879,840.767749252,0,0,10800,10800,840.767749252,0,23.8887492517,839.674751178,0,839.674751178,joint_price,2.20065306122
2025-12-21,44,07:20,07:30,0.9724,0.929525,0.977613392857,769.106166667,756.840833333,790.557424745,0,0,10800,10800,790.557424745,0,33.7165914116,768.738039822,0,768.738039822,joint_price,1.21789540816
2025-12-21,45,07:30,07:40,0.9109,0.84645,0.894970535714,717.818422466,678.191166667,741.220191514,0,0,10800,10800,741.220191514,0,63.0290248469,675.17747245,0,675.17747245,joint_price,-4997.65078908
2025-12-21,46,07:40,07:50,1.0903,1.037375,1.088821875,796.245774847,768.73535,824.410159269,0,0,10800,10800,824.410159269,0,55.6748092687,898.854396651,0,898.854396651,joint_price,9.5463955102
2025-12-21,47,07:50,08:00,1.4063,1.379925,1.43531607143,942.881178997,940.154583333,141.53120068,0,833.333333333,10800,9874.07407407,974.864534014,0,34.7099506803,199.035327517,0,199.035327517,joint_price,25.3196683673
2025-12-21,48,08:00,08:10,1.4458,1.41325,1.46842589286,942.208170289,899.032816667,137.758708112,0,833.333333333,9874.07407407,8948.14814815,971.092041446,0,72.0592247789,199.171540189,0,199.171540189,joint_price,-6.8212102633e-13
2025-12-21,49,08:10,08:20,1.3908,1.336525,1.39149017857,868.321835935,823.545816667,66.3073086735,0,833.333333333,8948.14814815,8022.22222222,899.640642007,0,76.0948253401,92.2202049031,0,92.2202049031,joint_price,-6.8212102633e-13
2025-12-21,50,08:20,08:30,1.3742,1.30775,1.36439910714,798.738142857,797.8975,3.9769630102,0,833.333333333,8022.22222222,7096.2962963,837.310296344,0,39.4127963435,5.46514256862,0,5.46514256862,joint_price,1.76575
2025-12-21,51,08:30,08:40,1.345,1.28515,1.34319017857,738.249766548,729.992316667,0,0,771.169927976,7096.2962963,6239.44082077,771.169927976,0,41.1776113095,0,0,0,joint_price,0
2025-12-21,52,08:40,08:50,1.3284,1.275,1.33458303571,686.74783182,680.076133333,0,0,721.913052551,6239.44082077,5437.31520682,721.913052551,0,41.8369192177,0,0,0,joint_price,0
2025-12-21,53,08:50,09:00,1.3231,1.262375,1.32242678571,645.424665816,652.34375,0,0,680.33247534,5437.31520682,4681.39023422,680.33247534,0,27.9887253401,0,0,0,joint_price,0
2025-12-21,54,09:00,09:10,1.2929,1.2198,1.27807946429,615.310914422,584.00365,632.618060918,0,26.9769536905,4681.39023422,4651.41584123,659.595014609,0,75.5913646088,817.911890961,0,817.911890961,joint_price,3795.70836551
2025-12-21,55,09:10,09:20,1.2522,1.2081,1.27033928571,589.660946633,527.685366667,636.519820408,0,0,4651.41584123,4651.41584123,636.519820408,0,108.834453741,797.050119115,0,797.050119115,joint_price,3819.11892245
2025-12-21,56,09:20,09:30,1.2211,1.218775,1.28562008929,556.015027636,505.665,0,0,593.056704082,4651.41584123,3992.46394781,593.056704082,0,87.3917040816,0,0,0,joint_price,0
2025-12-21,57,09:30,09:40,1.2184,1.188325,1.25194732143,504.457278673,481.458866667,554.194687517,0,0,3992.46394781,3992.46394781,554.194687517,0,72.7358208503,675.230807271,0,675.230807271,joint_price,39.9472134694
2025-12-21,58,09:40,09:50,1.2822,1.195775,1.28524821429,450.222866259,426.60045,0,0,502.445761973,3992.46394781,3434.19087895,502.445761973,0,75.8453119728,0,0,0,joint_price,-2982.81692337
2025-12-21,59,09:50,10:00,1.3753,1.252775,1.38517723214,414.23017517,360.307083333,0,0,481.289873724,3434.19087895,2899.42435259,481.289873724,0,120.982790391,0,0,0,joint_price,0
2025-12-21,60,10:00,10:10,1.4027,1.27735,1.41620580357,401.229878605,331.193616667,0,0,462.042173963,2899.42435259,2386.0441593,462.042173963,0,130.848557296,0,0,0,joint_price,0
2025-12-21,61,10:10,10:20,1.3591,1.233,1.362578125,357.168719677,326.093433333,0,0,418.623615952,2386.0441593,1920.90680824,418.623615952,0,92.530182619,0,0,0,joint_price,-2319.92611224
2025-12-21,62,10:20,10:30,1.3321,1.18945,1.31763705357,288.004930272,331.784583333,0,0,343.051883503,1920.90680824,1539.73804879,343.051883503,0,11.2673001701,0,0,0,joint_price,-2054.26453061
2025-12-21,63,10:30,10:40,1.3769,1.21925,1.35227767857,258.298608452,349.0795,0,0,305.764243912,1539.73804879,1200,305.764243912,43.3152560884,0,0,298.203880541,298.203880541,joint_price,0
2025-12-21,64,10:40,10:50,1.1651,1.051075,1.16032723214,267.195371037,371.06075,324.352816582,0,0,1200,1200,324.352816582,46.7079334184,0,377.903466599,272.097066129,650.000532728,joint_price,33.9781336735
2025-12-21,65,10:50,11:00,0.8057,0.745525,0.815517410714,273.909730867,381.234583333,1182.09348724,833.333333333,0,1200,1950,348.760153912,32.4744294218,0,952.412722673,130.823238926,1083.2359616,joint_price,21.8911913265
2025-12-21,66,11:00,11:10,0.7611,0.66095,0.726316964286,237.957342823,362.097633333,1125.55553969,833.333333333,0,1950,2700,292.222206361,69.8754269728,0,856.660321261,265.910937345,1122.57125861,joint_price,3.14808234694
2025-12-21,67,11:10,11:20,0.7807,0.676125,0.746719196429,209.070055238,322.25115,1091.11104551,833.333333333,0,2700,3450,257.777712177,64.4734378231,0,851.83039323,251.672064543,1103.50245777,joint_price,12.8632578571
2025-12-21,68,11:20,11:30,0.7378,0.678075,0.74724375,213.949830782,282.970416667,1113.34605272,833.333333333,0,3450,4200,280.012719388,2.95769727891,0,821.426717698,10.9109452619,832.33766296,joint_price,0.8132627551
2025-12-21,69,11:30,11:40,0.7527,0.6794,0.749596428571,226.526918895,252.008733333,1121.4855594,833.333333333,0,4200,4950,288.152226071,0,36.1434927381,844.142180564,0,844.142180564,joint_price,36.9571044898
2025-12-21,70,11:40,11:50,0.7117,0.665475,0.74009375,195.889565731,164.707416667,1087.8528432,833.333333333,0,4950,5700,254.519509864,0,89.8120931973,774.224868504,0,774.224868504,joint_price,4.92152081633
2025-12-21,71,11:50,12:00,0.6418,0.636925,0.713457142857,131.584686224,73.35,1039.66452976,833.333333333,0,5700,6450,206.331196429,0,132.981196429,667.256695201,0,667.256695201,joint_price,5.76401275511
2025-12-21,72,12:00,12:10,0.6936,0.61925,0.689756696429,96.4895609524,99.4947,993.189532619,833.333333333,0,6450,7200,159.856199286,0,60.3614992857,688.876259825,0,688.876259825,joint_price,19.5554403061
2025-12-21,73,12:10,12:20,0.7105,0.638475,0.708684375,100.903440748,108.694983333,1022.9352324,833.333333333,0,7200,7950,189.601899065,0,80.9069157313,726.795482619,0,726.795482619,joint_price,117.401274694
2025-12-21,74,12:20,12:30,0.6294,0.634175,0.708171428571,113.105639456,68.1016666667,1026.00091922,833.333333333,0,7950,8700,192.667585884,0,124.565919218,645.764978556,0,645.764978556,joint_price,1.09414285714
2025-12-21,75,12:30,12:40,0.5829,0.555175,0.622117410714,99.9887946429,85.3317666667,1010.79018781,833.333333333,0,8700,9450,177.456854473,0,92.1250878061,589.189600472,0,589.189600472,joint_price,54.7986663265
2025-12-21,76,12:40,12:50,0.7799,0.7117,0.772890625,130.929624643,160.4821,1040.55909209,833.333333333,0,9450,10200,207.225758759,0,46.7436587585,811.532035922,0,811.532035922,joint_price,33.2485246939
2025-12-21,77,12:50,13:00,1.0833,1.0137,1.07598571429,197.433622449,241.000416667,261.716545493,0,0,10200,10200,261.716545493,0,20.7161288265,283.517533733,0,283.517533733,joint_price,26.4760867347
2025-12-21,78,13:00,13:10,1.1248,1.043325,1.10732366071,219.530514541,264.312483333,280.533747806,0,0,10200,10200,280.533747806,0,16.2212644728,315.544359532,0,315.544359532,joint_price,35.7057231633
2025-12-21,79,13:10,13:20,1.0564,1.0237,1.09036607143,243.438083248,225.386166667,297.588039218,0,0,10200,10200,297.588039218,0,72.201872551,314.37200463,0,314.37200463,joint_price,39.8892197959
2025-12-21,80,13:20,13:30,1.0304,1.055975,1.12046473214,277.191536565,177.021666667,329.888063776,0,0,10200,10200,329.888063776,0,152.866397109,339.916660914,0,339.916660914,joint_price,29.9539923469
2025-12-21,81,13:30,13:40,1.0675,1.023875,1.07894776786,279.52863051,192.5097,333.399494048,0,0,10200,10200,333.399494048,0,140.889794048,355.903959896,0,355.903959896,joint_price,18.4990261224
2025-12-21,82,13:40,13:50,1.1926,1.081175,1.16003214286,293.085163759,253.624116667,349.082335238,0,0,10200,10200,349.082335238,0,95.4582185714,416.315593005,0,416.315593005,joint_price,0.352513877549
2025-12-21,83,13:50,14:00,1.3352,1.21655,1.33816517857,327.80163648,301.882916667,0,0,383.458358844,10200,9773.93515684,383.458358844,0,81.5754421769,0,0,0,joint_price,0
2025-12-21,84,14:00,14:10,1.3689,1.2436,1.36887946429,354.545307313,294.896583333,0,0,413.445433724,9773.93515684,9314.55134159,413.445433724,0,118.548850391,0,0,0,joint_price,0
2025-12-21,85,14:10,14:20,1.3382,1.21755,1.334625,402.626197738,317.71575,0,0,455.09705898,9314.55134159,8808.88794272,455.09705898,0,137.38130898,0,0,0,joint_price,0
2025-12-21,86,14:20,14:30,1.3596,1.235425,1.355346875,446.973848214,384.197083333,0,0,492.470364796,8808.88794272,8261.69864851,492.470364796,0,108.273281463,0,0,0,joint_price,0
2025-12-21,87,14:30,14:40,1.4656,1.301125,1.42478883929,434.924159235,430.384333333,0,0,496.316596514,8261.69864851,7710.23576349,496.316596514,0,65.9322631803,0,0,0,joint_price,0
2025-12-21,88,14:40,14:50,1.2648,1.149675,1.24342857143,475.18019665,491.03275,0,0,531.749121071,7710.23576349,7119.40340675,531.749121071,0,40.7163710714,0,0,0,joint_price,0
2025-12-21,89,14:50,15:00,0.8874,0.873525,0.923216964286,567.033281463,558.540416667,1461.42100085,833.333333333,0,7119.40340675,7869.40340675,628.087667517,0,69.5472508503,1296.86499615,0,1296.86499615,joint_price,34.1659005102
2025-12-21,90,15:00,15:10,0.882,0.8506,0.898371428571,599.711489354,586.453583333,1480.9671657,833.333333333,0,7869.40340675,8619.40340675,647.633832364,0,61.1802490306,1306.21304014,0,1306.21304014,joint_price,60.0313369388
2025-12-21,91,15:10,15:20,0.9712,0.910325,0.964039285714,621.753074864,640.806083333,1495.96288784,833.333333333,0,8619.40340675,9369.40340675,662.629554507,0,21.8234711735,1452.87915667,0,1452.87915667,joint_price,33.0887505102
2025-12-21,92,15:20,15:30,0.9596,0.92465,0.972451785714,666.072500425,707.687916667,1529.49815774,833.333333333,0,9369.40340675,10119.4034067,696.164824405,11.5230922619,0,1467.70643217,55.2877966726,1522.99422884,joint_price,9.41602806122
2025-12-21,93,15:30,15:40,0.9392,0.93925,0.983814285714,712.236238316,708.694566667,1500.48281363,756.218436949,0,10119.4034067,10800,744.264376684,0,35.569810017,1409.25345856,0,1409.25345856,joint_price,94.2702453313
2025-12-21,94,15:40,15:50,0.9693,0.959175,1.00316696429,754.982937534,736.84515,785.563388741,0,0,10800,10800,785.563388741,0,48.7182387415,761.446592707,0,761.446592707,joint_price,2.98326122449
2025-12-21,95,15:50,16:00,1.0104,0.980675,1.02371785714,796.710496173,795.930416667,832.775317602,0,0,10800,10800,832.775317602,0,36.8449009354,841.436180905,0,841.436180905,joint_price,13.5137346939
2025-12-21,96,16:00,16:10,0.98,1.00345,1.04342633929,839.435293724,801.381866667,863.816896327,0,0,10800,10800,863.816896327,0,62.4350296599,846.5405584,0,846.5405584,joint_price,0
2025-12-21,97,16:10,16:20,0.9673,1.027275,1.06159419643,872.075357381,842.64315,896.945681871,0,0,10800,10800,896.945681871,0,54.3025318707,867.615558074,0,867.615558074,joint_price,0
2025-12-21,98,16:20,16:30,1.0182,1.050575,1.081028125,911.686268707,925.109166667,932.907855017,0,0,10800,10800,932.907855017,0,7.79868835034,949.886777978,0,949.886777978,joint_price,1.32030612245
2025-12-21,99,16:30,16:40,1.0861,1.0727,1.10591205357,984.519439286,959.7928,1007.09715922,0,0,10800,10800,1007.09715922,0,47.3043592177,1093.80822463,0,1093.80822463,joint_price,0
2025-12-21,100,16:40,16:50,1.1066,1.101125,1.13272991071,1030.77695692,992.864183333,1053.37815548,0,0,10800,10800,1053.37815548,0,60.5139721429,1165.66826685,0,1165.66826685,joint_price,0
2025-12-21,101,16:50,17:00,1.0879,1.1195,1.14446205357,1036.10647109,1028.79666667,1048.44635077,0,0,10800,10800,1048.44635077,0,19.6496840986,1140.604785,0,1140.604785,joint_price,0
2025-12-21,102,17:00,17:10,1.0972,1.1043,1.12702276786,1037.96428315,1018.6957,1048.93122731,0,0,10800,10800,1048.93122731,0,30.2355273129,1150.88734261,0,1150.88734261,joint_price,0
2025-12-21,103,17:10,17:20,1.1283,1.10505,1.12295178571,1037.65399068,1025.7503,1051.90003689,0,0,10800,10800,1051.90003689,0,26.1497368878,1186.85881162,0,1186.85881162,joint_price,0
2025-12-21,104,17:20,17:30,1.1382,1.115825,1.12463035714,1044.51758333,1056.46166667,1060.09808333,0,0,10800,10800,1060.09808333,0,3.63641666667,1206.60363845,0,1206.60363845,joint_price,0
2025-12-21,105,17:30,17:40,1.103,1.097025,1.09940133929,1069.73590121,1048.34913333,1083.15172711,0,0,10800,10800,1083.15172711,0,34.8025937755,1194.716355,0,1194.716355,joint_price,2.23500346939
2025-12-21,106,17:40,17:50,1.1407,1.1599,1.16155089286,931.528150408,898.743433333,954.069055459,0,0,10800,10800,954.069055459,0,55.3256221259,1088.30657156,0,1088.30657156,joint_price,1.34694479592
2025-12-21,107,17:50,18:00,1.2479,1.279,1.28147232143,713.916833333,712.633333333,727.613333333,0,0,10800,10800,727.613333333,0,14.98,907.988678667,0,907.988678667,joint_price,0
2025-12-21,108,18:00,18:10,1.2957,1.3051,1.30393839286,703.417868844,715.41445,719.767649184,0,0,10800,10800,719.767649184,0,4.35319918367,932.602943047,0,932.602943047,joint_price,0
2025-12-21,109,18:10,18:20,1.2826,1.292375,1.29330625,740.991814371,748.267933333,758.326160204,0,0,10800,10800,758.326160204,0,10.0582268707,972.629133078,0,972.629133078,joint_price,0
2025-12-21,110,18:20,18:30,1.238,1.284975,1.29025044643,730.342666667,730.008333333,746.845833333,0,0,10800,10800,746.845833333,0,16.8375,924.595141667,0,924.595141667,joint_price,0
2025-12-21,111,18:30,18:40,1.2107,1.27965,1.28187589286,732.722707517,734.344383333,748.247087653,0,0,10800,10800,748.247087653,0,13.9027043197,905.902749022,0,905.902749022,joint_price,0
2025-12-21,112,18:40,18:50,1.3293,1.32835,1.3543875,730.312754456,750.083216667,317.541671769,0,430.723599456,10800,10321.4182228,748.265271224,1.81794544218,0,422.108144282,12.0829743814,434.191118664,joint_price,1.66590999999
2025-12-21,113,18:50,19:00,1.5214,1.3984,1.46224017857,717.533916667,748.46,0,0,742.126166667,10321.4182228,9496.8335932,742.126166667,6.33383333333,0,0,48.1814701667,48.1814701667,joint_price,0
2025-12-21,114,19:00,19:10,1.5659,1.398025,1.46344598214,717.290099269,722.483233333,0,0,734.135548895,9496.8335932,8681.12742776,734.135548895,0,11.6523155612,0,0,0,joint_price,0
2025-12-21,115,19:10,19:20,1.5266,1.394325,1.45700089286,730.056335833,726.165516667,0,0,744.853297483,8681.12742776,7853.51265278,744.853297483,0,18.6877808163,0,0,0,joint_price,0
2025-12-21,116,19:20,19:30,1.4847,1.41345,1.48207321429,739.120833333,744.431666667,0,0,759.287,7853.51265278,7009.86043056,759.287,0,14.8553333333,0,0,0,joint_price,0
2025-12-21,117,19:30,19:40,1.4671,1.41215,1.475946875,725.810391667,716.9287,0,0,743.833775833,7009.86043056,6183.37845741,743.833775833,0,26.9050758333,0,0,0,joint_price,0
2025-12-21,118,19:40,19:50,1.5039,1.395,1.45338258929,708.084944167,733.1195,0,0,727.043715833,6183.37845741,5375.55210648,727.043715833,6.07578416667,0,0,45.6868590412,45.6868590412,joint_price,0
2025-12-21,119,19:50,20:00,1.5483,1.387325,1.44822946429,705.39225,780.268333333,0,0,727.29375,5375.55210648,4567.44793981,727.29375,52.9745833333,0,0,410.102736875,410.102736875,joint_price,0
2025-12-21,120,20:00,20:10,1.5137,1.405175,1.47276339286,721.923391667,747.5859,0,0,742.873784167,4567.44793981,3742.03262407,742.873784167,4.71211583333,0,0,35.6636486846,35.6636486846,joint_price,0
2025-12-21,121,20:10,20:20,1.4654,1.400425,1.465215625,733.268435,692.8171,0,0,753.468086667,3742.03262407,2904.84586111,753.468086667,0,60.6509866667,0,0,0,joint_price,0
2025-12-21,122,20:20,20:30,1.488,1.4052,1.46532053571,736.421333333,681.751666667,0,0,764.618833333,2904.84586111,2055.26937963,764.618833333,0,82.8671666667,0,0,0,joint_price,0
2025-12-21,123,20:30,20:40,1.5616,1.4582,1.52697455357,746.181671667,720.3711,0,0,769.742441667,2055.26937963,1200,769.742441667,0,49.3713416667,0,0,0,joint_price,0
2025-12-21,124,20:40,20:50,1.3465,1.262475,1.30770044643,736.775943333,722.800166667,758.370088333,0,0,1200,1200,758.370088333,0,35.5699216667,1021.14532394,0,1021.14532394,joint_price,29.856095
2025-12-21,125,20:50,21:00,0.9601,0.936825,0.936626339286,719.2565,690.743333333,742.756666667,0,0,1200,1200,742.756666667,0,52.0133333333,713.120675667,0,713.120675667,joint_price,17.9765
2025-12-21,126,21:00,21:10,0.8829,0.92085,0.913495535714,732.01414,704.5435,754.342486667,0,0,1200,1200,754.342486667,0,49.7989866667,666.008981478,0,666.008981478,joint_price,5.362525
2025-12-21,127,21:10,21:20,0.9151,0.9495,0.948566071429,736.309564167,721.160716667,760.815363333,0,0,1200,1200,760.815363333,0,39.6546466667,696.222138986,0,696.222138986,joint_price,7.145505
2025-12-21,128,21:20,21:30,0.9345,0.922475,0.922796428571,733.75475,726.305,764.075333333,0,0,1200,1200,764.075333333,0,37.7703333333,714.028399,0,714.028399,joint_price,0
2025-12-21,129,21:30,21:40,0.9815,0.967675,0.970801785714,749.935745,739.519033333,769.178476667,0,0,1200,1200,769.178476667,0,29.6594433333,754.948674848,0,754.948674848,joint_price,0
2025-12-21,130,21:40,21:50,0.7546,0.7626,0.767047767857,674.2650975,678.499233333,697.398606667,0,0,1200,1200,697.398606667,0,18.8993733333,526.256988591,0,526.256988591,joint_price,11.822315
2025-12-21,131,21:50,22:00,0.4001,0.42025,0.425267857143,555.823,572.4,1414.10216667,833.333333333,0,1200,1950,580.768833333,0,8.36883333333,565.782276883,0,565.782276883,joint_price,30.5745
2025-12-21,132,22:00,22:10,0.4032,0.4117,0.420285267857,564.623498333,545.092316667,1417.8557225,833.333333333,0,1950,2700,584.522389167,0,39.4300725,571.679427312,0,571.679427312,joint_price,14.170295
2025-12-21,133,22:10,22:20,0.4747,0.4499,0.455388839286,583.0415875,550.836133333,603.407663333,0,0,2700,2700,603.407663333,0,52.57153,286.437617784,0,286.437617784,joint_price,10.26066
2025-12-21,134,22:20,22:30,0.4323,0.390925,0.38910625,558.4875,542.6,1415.26775,833.333333333,0,2700,3450,581.934416667,0,39.3344166667,611.820248325,0,611.820248325,joint_price,11.517
2025-12-21,135,22:30,22:40,0.3905,0.3866,0.386643303571,556.661663333,525.919,1408.1443825,833.333333333,0,3450,4200,574.811049167,0,48.8920491667,549.880381366,0,549.880381366,joint_price,6.09376
2025-12-21,136,22:40,22:50,0.4205,0.4188,0.425019196429,561.510226667,543.393916667,1414.27859667,833.333333333,0,4200,4950,580.945263333,0,37.5513466667,594.704149898,0,594.704149898,joint_price,0
2025-12-21,137,22:50,23:00,0.4738,0.434975,0.443472321429,567.059166667,584.828333333,594.03475,0,0,4950,4950,594.03475,0,9.20641666667,281.45366455,0,281.45366455,joint_price,-4993.383
2025-12-21,138,23:00,23:10,0.4471,0.416125,0.419655357143,587.326498333,592.452566667,1440.9864125,833.333333333,0,4950,5700,607.653079167,0,15.2005125,644.265025029,0,644.265025029,joint_price,1001.65645
2025-12-21,139,23:10,23:20,0.4314,0.42475,0.425766964286,590.055709167,565.9438,1445.8196725,833.333333333,0,5700,6450,612.486339167,0,46.5425391667,623.726606716,0,623.726606716,joint_price,5.480095
2025-12-21,140,23:20,23:30,0.4502,0.452125,0.455985267857,575.301666667,550.931666667,599.0775,0,0,6450,6450,599.0775,0,48.1458333333,269.7046905,0,269.7046905,joint_price,-4984.4765
2025-12-21,141,23:30,23:40,0.4334,0.4298,0.435648214286,576.604219167,589.960216667,1434.3776825,833.333333333,0,6450,7200,601.044349167,0,11.0841325,621.659287596,0,621.659287596,joint_price,0
2025-12-21,142,23:40,23:50,0.406,0.413525,0.418075892857,585.064606667,595.331833333,1439.96648833,833.333333333,0,7200,7950,606.633155,0,11.3013216667,584.626394263,0,584.626394263,joint_price,5000
2025-12-21,143,23:50,24:00,0.4032,0.4314,0.432953125,593.205416667,577.4,1450.32591667,833.333333333,0,7950,8700,616.992583333,0,39.5925833333,584.7714096,0,584.7714096,joint_price,5005.8415
