date,planned_cost_yuan,increase_cost_yuan,cancellation_refund_yuan,breach_cost_yuan,adjustment_net_yuan,emergency_cost_yuan,total_cost_yuan,original_kwh,adjusted_kwh,increase_kwh,decrease_kwh,emergency_kwh,dump_kwh,charge_kwh,discharge_kwh,energy_start_kwh,energy_end_kwh,lp_eq_max,lp_ineq_max,max_tree_nodes,raw_simultaneous_slots
2025-02-01,25768.299900888534,0.0,231.08151329123726,115.54075664561863,-115.54075664561863,388.314265000095,26041.073409243014,49829.39626815445,49327.806789163325,0.0,501.5894789911227,93.3262272098919,8303.636295753435,23534.36285848135,16795.042071194894,6000.0,8519.76871575,1.8189894035458565e-12,1.1368683772161603e-13,7,0
2025-02-02,57961.04394388662,37.146213725459994,447.48899619965334,223.74449809982667,-186.59828437436667,270.7977770843039,58045.24343659657,91856.04805749668,91110.47772481944,28.957037150651672,774.5273698278909,43.227814653032624,8069.429162069526,24749.586461857656,20021.588034454704,8519.76871575,8548.18760425,1.8189894035458565e-12,1.1368683772161603e-13,7,0
2025-02-03,56987.61136561292,0.0,429.2433804667237,214.62169023336185,-214.62169023336185,1014.6706362525265,57787.660311632084,90506.24615490522,89907.52032750813,0.0,598.7258273971025,263.1004432087932,5258.238185349091,24633.2687745675,19937.802689199678,8548.18760425,8565.015402250001,1.8189894035458565e-12,1.1368683772161603e-13,7,0
2025-02-04,57249.88246879465,0.0,57.7585825518879,28.87929127594395,-28.87929127594395,1623.4313746703708,58844.434552189065,90700.26737570402,90575.04268980166,0.0,125.22468590237293,445.1589139686802,5060.03197882909,24999.482781796007,20234.177106854764,8565.015402250001,8582.130898250001,1.8189894035458565e-12,2.2737367544323206e-13,7,0
2025-02-05,55389.974841401716,255.77825227330393,0.0,0.0,255.77825227330393,1993.5237662015834,57639.276859876605,88059.4749132021,88411.7268767325,352.25196353040883,0.0,532.8579971328527,3587.4808974267617,24386.929021475025,19778.252028369763,8582.130898250001,8554.531430500001,1.8189894035458565e-12,1.1368683772161603e-13,7,0
2025-02-06,56103.7761846128,0.0,755.1329485375985,377.56647426879925,-377.56647426879925,1447.6154683812433,57173.82517872524,88885.4354383793,87858.10454287741,0.0,1027.3308955018815,310.494243959095,4010.7881245616063,23850.71985346433,19963.966407856104,8554.531430500001,7837.994401000001,1.8189894035458565e-12,1.1368683772161603e-13,7,0
2025-02-07,22108.0769371571,0.0,746.6462754872216,373.3231377436108,-373.3231377436108,966.1897857430238,22700.943585156514,42799.84138425496,41205.35764563399,0.0,1594.4837386209758,236.70073568037668,5914.741787938588,20558.235031586628,16836.59810487752,7837.994401000001,7633.074701786275,1.8189894035458565e-12,1.1368683772161603e-13,7,0
2025-02-08,21062.16091289115,19.968238872004356,0.0,0.0,19.968238872004356,1073.9625854236278,22156.091737186784,40754.70578937116,40772.41872623042,17.712936859252693,0.0,257.7481179343921,4646.266137396783,20716.543069521078,15909.80507941972,7633.074701786275,8600.402265,9.094947017729282e-13,1.1368683772161603e-13,7,0
2025-02-09,54493.11749335366,191.36178947567774,0.19402496650087492,0.09701248325043746,191.2647769924273,1582.0120795322514,56266.394349878334,86764.63528567998,87041.53886842198,277.1848191045282,0.2812363625175749,500.0306653912451,3373.126704892381,24341.173449890393,19728.146587636216,8600.402265,8587.29549475,1.8189894035458565e-12,1.1368683772161603e-13,7,0
2025-02-10,54061.25982346729,0.0,1275.8790324641247,637.9395162320624,-637.9395162320624,501.5919677703108,53924.91227500553,86245.97788472928,84239.69178785241,0.0,2006.2860968768587,153.13746254654922,5522.661862209214,23865.516674244267,19321.98686938786,8587.29549475,8597.38620225,9.094947017729282e-13,1.1368683772161603e-13,7,0
2025-02-11,53570.89212844946,0.0,1264.6909152642806,632.3454576321403,-632.3454576321403,728.5279680757958,53667.074638893115,85591.67917892084,83875.8413755684,0.0,1715.8378033524332,168.67320947891727,4290.142658477045,23676.1381565102,19142.36336327326,8597.38620225,8636.61791725,9.094947017729282e-13,1.1368683772161603e-13,6,0
2025-02-12,53311.595701448234,0.0,986.324486385654,493.162243192827,-493.162243192827,1469.123201526988,54287.55665978239,85208.68052255975,83634.26963681138,0.0,1574.410885748357,348.69563569507113,4205.851447460393,23632.685447303906,19122.30775559117,8636.61791725,8659.026202499997,1.8189894035458565e-12,1.1368683772161603e-13,6,0
2025-02-13,51359.0716393904,0.0,1092.5996841421916,546.2998420710958,-546.2998420710958,674.4794472691585,51487.251244588464,81858.2582515107,80269.31847275065,0.0,1588.9397787600708,242.65738210802783,6052.103219371133,22011.860212894324,18881.46659407345,8659.026202499997,7490.293067356613,1.8189894035458565e-12,1.1368683772161603e-13,6,0
2025-02-14,19252.89450542878,282.8640662335531,52.43605355331374,26.21802677665687,256.64603945689623,1801.7807888367688,21311.321333722444,37032.526436934786,37137.68899759927,232.6511421216061,127.48858145712069,514.3493883983473,4804.647900293032,18501.91212335338,15456.323454315458,7490.293067356613,6968.321251357476,1.8189894035458565e-12,1.1368683772161603e-13,7,0
2025-02-15,20067.613688826073,6.687725662573264,0.0,0.0,6.687725662573264,1627.5816428505864,21701.883057339233,38705.37929310542,38711.29711069906,5.9178175936406205,0.0,410.93000287963116,4462.23954442678,20395.182969992857,15015.286500840944,6968.321251357476,8640.33425675,9.094947017729282e-13,1.1368683772161603e-13,7,0
2025-02-16,51435.66028403533,0.0,981.5962301398082,490.7981150699041,-490.7981150699041,3822.6286912129144,54767.49086017834,82603.19393076151,81225.34383325509,0.0,1377.8500975063998,1029.5607911175402,2516.412292986616,22982.403405584373,18621.290174198344,8640.33425675,8634.174906,1.8189894035458565e-12,1.1368683772161603e-13,7,0
2025-02-17,51157.99738355947,0.0,1645.5387590435228,822.7693795217614,-822.7693795217614,533.6844794816709,50868.91248351938,82478.33162295751,79920.07110482897,0.0,2558.26051812856,186.1403898246188,4697.714323586404,22494.96618592376,18270.332181523245,8634.174906,8579.27538275,1.8189894035458565e-12,1.1368683772161603e-13,7,0
2025-02-18,49110.70376188983,92.43250018752471,0.0,0.0,92.43250018752471,2659.880990360303,51863.01725243766,79444.3656343974,79548.10335029176,103.73771589434196,0.0,661.8119342550835,3713.3118680823613,23254.435170295437,18849.2195371643,8579.27538275,8564.6897725,9.094947017729282e-13,1.1368683772161603e-13,7,0
2025-02-19,49222.298336872,607.8369530009712,152.73853321119225,76.36926660559612,531.467686395375,2771.004996882448,52524.77102014982,79579.66694663707,79808.70348396056,559.777440672623,330.74090334914115,737.6999713253125,3165.358392103226,23700.22344907524,19198.505769225943,8564.6897725,8563.21779975,1.8189894035458565e-12,1.1368683772161603e-13,7,0
2025-02-20,48992.72628565303,0.0,534.1594784340919,267.0797392170459,-267.0797392170459,1820.4122672832993,50546.05881371928,78597.75078816037,77754.20781102311,0.0,843.5429771372445,442.52662817493865,4999.713021088777,20702.292666268324,18498.40498149237,8563.21779975,6641.49788662219,9.094947017729282e-13,1.1368683772161603e-13,7,0
2025-02-21,18829.11822746801,0.0,1.9445182348975378,0.9722591174487689,-0.9722591174487689,1070.229169315313,19898.375137665877,36152.668248107104,36150.385681802494,0.0,2.2825663046103273,283.8893611896662,7684.244514866039,18106.446454839595,14916.677960046807,6641.49788662219,6363.213073703607,9.094947017729282e-13,1.1368683772161603e-13,7,0
2025-02-22,19668.97314246499,116.57002396268707,0.0,0.0,116.57002396268707,2055.4816533506787,21841.02481977836,38240.86553077879,38339.5684656111,98.70293483230549,0.0,502.82977489487837,5121.495435233965,20403.267181167983,14527.127259229303,6363.213073703607,8584.9010265,1.8189894035458565e-12,1.1368683772161603e-13,7,0
2025-02-23,48631.2616624934,2.0766755897832265,399.4293922050307,199.71469610251535,-197.6380205127321,3735.6669698115343,52169.290611792196,78896.11576743767,78331.13903624997,1.736641235811362,566.7133724235132,1117.0426127987585,3526.9759345506577,23095.164426656476,18705.812395491746,8584.9010265,8586.3130155,1.8189894035458565e-12,1.1368683772161603e-13,7,0
2025-02-24,48074.03708831692,149.99469846487005,18.49534919935376,9.24767459967688,140.74702386519317,955.315714943051,49170.09982712517,77987.33552559704,78178.83907368698,218.4502724141896,26.946724324234992,199.81118139435284,5796.0347576853965,23057.923344627776,18678.341463898498,8586.3130155,8584.731288,1.8189894035458565e-12,1.1368683772161603e-13,7,0
2025-02-25,48277.5332707598,0.0,1686.573007205278,843.286503602639,-843.286503602639,1439.4368121934995,48873.68357935066,78460.2293133205,75812.5839765763,0.0,2647.645336744203,361.5687820251912,6129.310178204949,22234.85372138531,18011.334374322105,8584.731288,8583.505888,9.094947017729282e-13,1.1368683772161603e-13,7,0
2025-02-26,46518.753617523005,766.0581708833603,6.4916810289334705,3.2458405144667353,762.8123303688935,1707.9014590206784,48989.46740691258,75947.68870157859,76687.02450582343,753.9830989852175,14.647294740373354,447.4525254551441,3920.9379426382056,23169.831773194936,18771.140717887898,8583.505888,8579.531464,1.8189894035458565e-12,1.1368683772161603e-13,7,0
2025-02-27,45831.085413658,5.334480491194047,289.4559200282155,144.72796001410774,-139.39347952291368,1923.697785245629,47615.389719380706,73779.04148820399,73163.72283571467,4.652433709396519,619.9710861987205,397.44589431055675,4783.470685179527,20605.853866194215,18784.74002134852,8579.531464,6252.866586520879,9.094947017729282e-13,1.1368683772161603e-13,7,0
2025-02-28,18251.87216697004,0.0,0.0,0.0,0.0,757.7401631216862,19009.612330091724,34979.779747525485,34979.779747525485,0.0,0.0,228.26973750830115,8871.991338321117,17442.082907729604,14398.618311016931,6252.866586520879,5952.27641345871,1.8189894035458565e-12,1.1368683772161603e-13,7,0
2025-03-01,19451.636928688393,2.8526419128604066,0.0,0.0,2.8526419128604066,898.163877431486,20352.65344803274,37893.976272726984,37896.408101610985,2.4318288839998434,0.0,255.30436397362655,8198.821862265591,20636.691995123834,14342.567325138145,5952.27641345871,8589.11329225,1.8189894035458565e-12,1.1368683772161603e-13,7,0
2025-03-02,46689.85888243044,4105.536261430903,0.0,0.0,4105.536261430903,3761.2035701395853,54556.598714000924,76110.89772142889,80067.5005160712,3956.60279464232,0.0,984.8900065104996,4172.274301608877,24043.0317320061,19521.22257769994,8589.11329225,8537.594542499999,1.8189894035458565e-12,1.1368683772161603e-13,7,0
2025-03-03,47799.63916812536,1215.3004885515945,111.16376050086183,55.58188025043091,1159.7186083011636,4288.55149397803,53247.90927040456,77740.23160444273,78605.3140902386,1099.5959684985796,234.51348270270012,1037.1597561924784,3132.6499052911195,23599.97889200852,19107.301584201898,8537.594542499999,8547.24045175,9.094947017729282e-13,1.1368683772161603e-13,7,0
2025-03-04,46621.40309749001,302.2518832219572,10.796490374563957,5.3982451872819786,296.85363803467527,2374.9962306289262,49293.25296615361,75774.98464884324,76055.82336361869,297.39012918954205,16.551414414082046,815.7505558017668,3288.7388484597,23100.962529354863,18717.585391727436,8547.24045175,8540.78962625,9.094947017729282e-13,1.1368683772161603e-13,7,0
2025-03-05,47477.457423460684,0.0,1141.7686780571764,570.8843390285882,-570.8843390285882,951.6716465537154,47858.24473098581,77294.82629963517,75550.0116496025,0.0,1744.8146500326816,277.34103605978623,5309.77275786977,23021.160369609715,18634.05245848387,8540.78962625,8555.33122725,9.094947017729282e-13,1.1368683772161603e-13,7,0
2025-03-06,44402.086108377815,14.438898802389508,81.93928469733149,40.969642348665744,-26.530743546276238,828.0394417329215,45203.59480656446,71365.77685904843,71204.24710865921,11.390006531218205,172.91975692044684,210.77237279969142,4699.006671184989,19632.69483475577,18857.336157815196,8555.33122725,5272.160847624419,1.8189894035458565e-12,1.1368683772161603e-13,7,0
2025-03-07,17496.194427663446,0.0,76.86696408439963,38.43348204219981,-38.43348204219981,412.7839611374282,17870.544906758674,33151.617311523485,33055.60358094628,0.0,96.01373057720495,151.6635814788414,9569.935393856395,16134.879911673881,13419.833676438488,5272.160847624419,4882.626460977038,1.8189894035458565e-12,1.1368683772161603e-13,7,0
2025-03-08,18835.49175426371,0.0,0.0,0.0,0.0,869.5835329617682,19705.075287225474,36634.92976392851,36634.92976392851,0.0,0.0,289.7115373873338,10720.924566531005,20128.66779682894,12988.090578710773,4882.626460977038,8567.215723999998,1.8189894035458565e-12,1.1368683772161603e-13,7,0
2025-03-09,45928.777763125116,0.0,1749.9375139193853,874.9687569596927,-874.9687569596927,1000.8991429554928,46054.70814912092,75296.18926621997,72295.99874210723,0.0,3000.190524112727,286.11772217804355,4874.622243974334,22959.936907294352,18585.967736983413,8567.215723999998,8580.083677249999,9.094947017729282e-13,1.1368683772161603e-13,7,0
2025-03-10,44499.655897508695,297.1136023186718,0.0,0.0,297.1136023186718,5471.420567241612,50268.19006706898,73203.45240228088,73567.70299837337,364.2505960924985,0.0,1492.8733268037445,2799.802323109815,22361.78665219633,18143.084100129025,8580.083677249999,8546.709330750002,9.094947017729282e-13,1.1368683772161603e-13,7,0
2025-03-11,42740.047235098624,694.7679901613031,0.0,0.0,694.7679901613031,2528.8295011860523,45963.64472644598,70342.25398179117,71232.8849452316,890.6309634404245,0.0,602.1234775878395,3743.853139035193,21928.620422811808,17776.383939027568,8546.709330750002,8530.930001249999,1.8189894035458565e-12,2.2737367544323206e-13,7,0
2025-03-12,44906.978960851375,75.13603615006255,1545.4450418461788,772.7225209230894,-697.586484773027,919.2455154179804,45128.637991496325,73799.25366383226,71339.5057164216,55.47408980331363,2515.2220372139886,324.7769548776215,4933.00405868267,22229.303542411653,17933.559613128436,8530.930001249999,8611.125841500001,1.8189894035458565e-12,1.1368683772161603e-13,7,0
2025-03-13,42735.0713085662,801.2136038122023,0.0,0.0,801.2136038122023,2919.597797483906,46455.882709862315,68950.00611400002,69913.04710890689,963.0409949068629,0.0,666.0545809768537,3227.525262406029,17912.41344962556,18106.455038814514,8611.125841500001,4614.014569702431,9.094947017729282e-13,1.1368683772161603e-13,7,0
2025-03-14,16578.70956370051,187.5178937020257,0.0,0.0,187.5178937020257,540.0804361310065,17306.307893533543,31872.072927816134,32020.704364641264,148.6314368251338,0.0,162.92342886575597,13442.673374371723,15673.847558480598,12962.31912267863,4614.014569702431,4317.900569358721,9.094947017729282e-13,1.1368683772161603e-13,7,0
2025-03-15,18507.661926703793,133.26916155420133,0.0,0.0,133.26916155420133,1899.5316777430567,20540.46276600105,36474.915641278014,36576.40522496296,101.48958368494121,0.0,519.331735166104,8339.440120987902,20777.514400863205,12945.342711722044,4317.900569358721,8633.949406,1.8189894035458565e-12,1.1368683772161603e-13,7,0
2025-03-16,43480.98872189818,200.00390210438707,0.0,0.0,200.00390210438707,1724.6078046701728,45405.60042867274,71473.2513587375,71673.12590380023,199.87454506274537,0.0,486.57152572028167,4557.417957614243,22355.130359725998,18103.897821153056,8633.949406,8638.124706250002,1.8189894035458565e-12,1.1368683772161603e-13,7,0
2025-03-17,42219.96564850103,130.05221092920004,1809.6651135740126,904.8325567870063,-774.7803458578064,1319.2987283555753,42764.48403099879,70120.02434637539,67066.28074856906,96.84680176106895,3150.5903995674025,329.4360783104521,5424.686337234689,21647.277309534118,17534.37825322264,8638.124706250002,8638.03178125,9.094947017729282e-13,1.1368683772161603e-13,7,0
2025-03-18,44351.539335465,0.0,1128.5384298635122,564.2692149317561,-564.2692149317561,1040.1867130815851,44827.45683361483,72935.76860842318,71015.540654677,0.0,1920.227953746199,231.9596601028867,6029.0386951820765,21768.539041611264,17676.03578868013,8638.03178125,8589.677153499999,1.8189894035458565e-12,1.1368683772161603e-13,7,0
2025-03-19,41046.727216506355,621.5139638033775,37.998883566057614,18.999441783028807,602.5145220203485,1201.2899612457331,42850.53169977243,67753.51729031718,68278.17416568942,603.1150995247128,78.45822415246369,309.0481114991642,4953.724503499983,21945.840064413715,17777.81274072511,8589.677153499999,8587.807944000002,9.094947017729282e-13,1.1368683772161603e-13,7,0
2025-03-20,40062.07355084297,35.03099558535138,392.24230254144913,196.12115127072457,-161.0901556853732,3382.5579291219256,43283.541324279526,64727.627351068106,64114.00146812056,24.789432147816456,638.4153150953634,872.0675297497335,3420.6620887746294,17107.591706874915,17751.146614445926,8587.807944000002,4261.144241914171,1.8189894035458565e-12,1.1368683772161603e-13,7,0
2025-03-21,15685.421019181225,0.0,133.41998738132264,66.70999369066132,-66.70999369066132,896.4650672871,16515.176092777663,30397.663438356507,30240.75875527685,0.0,156.90468307965747,246.91815753429444,15891.479159863504,14942.27731750646,12379.54408122549,4261.144241914171,3954.144848530558,9.094947017729282e-13,1.1368683772161603e-13,7,0
2025-03-22,18274.676752537966,33.742265772734335,0.0,0.0,33.742265772734335,714.76693843267,19023.18595674337,36118.07467228353,36146.001231996124,27.926559712587903,0.0,285.65227638119455,12533.331647883035,20283.337542570796,12266.215415409844,3954.144848530558,8580.020397499999,1.8189894035458565e-12,1.1368683772161603e-13,7,0
2025-03-23,41601.912369802056,0.0,502.0310452203912,251.0155226101956,-251.0155226101956,1174.598393325801,42525.49524051766,68666.10518633126,68015.50551517105,0.0,650.5996711602072,320.0272066600396,5500.731969136899,21349.07719817121,17283.996562143682,8580.020397499999,8589.74925125,9.094947017729282e-13,1.1368683772161603e-13,7,0
2025-03-24,40510.1488364894,922.6069119990439,349.7416714786894,174.8708357393447,747.7360762596992,1305.6607560710504,42563.54566882015,67126.00711195247,67200.79744486517,839.3699802286859,764.5796473159821,421.49737861071935,5520.698868850239,21609.981111933303,17506.882240640974,8589.74925125,8586.640873499999,1.8189894035458565e-12,1.1368683772161603e-13,7,0
2025-03-25,42025.90728414481,49.521066648972734,711.3688568584311,355.68442842921553,-306.16336178024284,1800.0143444636612,43519.75826682823,69580.92588425303,68380.65913214635,35.32303848268907,1235.589790589356,506.789230237379,3832.0977861292117,21621.524809541337,17516.29894995348,8586.640873499999,8583.458813250001,1.8189894035458565e-12,1.1368683772161603e-13,7,0
2025-03-26,39861.336863137185,192.86545579903998,461.6631900506433,230.83159502532166,-37.96613922628168,901.692877873633,40725.063601784546,66012.8967380284,65386.39977852958,164.84321897150306,791.3401784703234,274.5497937119087,5939.347608624088,21643.180848819688,17514.13375186895,8583.458813250001,8602.172964,9.094947017729282e-13,1.1368683772161603e-13,7,0
2025-03-27,38482.77358568714,118.79975382855403,291.7191621162492,145.8595810581246,-27.059827229570573,2172.003950039244,40627.717708496806,61929.23133460311,61433.80650064479,88.34104139976517,583.7658753580886,629.7232199279914,4573.526143571604,15780.343933745875,17007.3297567447,8602.172964,3907.4494413216216,9.094947017729282e-13,1.1368683772161603e-13,7,0
2025-03-28,15558.156427689559,60.98838377666515,0.0,0.0,60.98838377666515,816.6314780959185,16435.77628956214,30431.15060527966,30475.50572615784,44.35512087818218,0.0,210.75987816220567,17236.519412203652,15091.175753834023,12463.310328384288,3907.4494413216216,3641.385032678588,9.094947017729282e-13,1.1368683772161603e-13,7,0
2025-03-29,17671.288044160123,220.45488333141572,0.0,0.0,220.45488333141572,964.3027921719677,18856.04571966351,35573.97598404378,35741.71164181871,167.73565777493226,0.0,225.43265432661258,19946.929365444106,20300.53106396634,11987.525316598465,3641.385032678588,8592.39041625,9.094947017729282e-13,1.1368683772161603e-13,7,0
2025-03-30,39280.23146279734,0.0,1230.0065342075952,615.0032671037976,-615.0032671037976,2787.716440448223,41452.944636141765,65311.793959579416,63147.4089680326,0.0,2164.38499154682,699.2580847409625,4433.747485478307,21427.34707550136,17360.047208206106,8592.39041625,8588.06144175,9.094947017729282e-13,1.1368683772161603e-13,7,0
2025-03-31,37157.240243467386,1937.6448357498193,0.0,0.0,1937.6448357498193,2887.984281540703,41982.869360757904,61765.817551559194,64364.419760492514,2598.602208933312,0.0,734.4905513918249,4081.689012321476,21407.595394365897,17341.76357813637,8588.06144175,8586.27109875,1.8189894035458565e-12,1.1368683772161603e-13,7,0
2025-04-01,39364.06015170294,1130.8630110016366,0.0,0.0,1130.8630110016366,2490.181664805458,42985.10482751003,66102.44659237374,67533.66142218518,1431.2148298114403,0.0,631.9422111020797,3969.405897380288,20973.66122626474,16986.315007024437,8586.27109875,8588.88286125,1.8189894035458565e-12,1.1368683772161603e-13,7,0
2025-04-02,39345.952001037826,1932.4193954294835,0.0,0.0,1932.4193954294835,1206.0716788341392,42484.44307530145,65728.56714415355,67859.39122321473,2130.8240790611762,0.0,285.49992946847345,3656.212073106932,21421.295001848768,17367.951322272507,8588.88286125,8570.324671499999,1.8189894035458565e-12,1.1368683772161603e-13,7,0
2025-04-03,37603.3376544606,0.0,170.52299557810585,85.26149778905292,-85.26149778905292,616.8970242687058,38134.97318094025,60715.705594434825,60339.876274636554,0.0,375.8293197982632,169.2600283357964,6226.429761494809,16099.663594790767,17680.48731997989,8570.324671499999,3415.035995722921,1.8189894035458565e-12,1.1368683772161603e-13,7,0
2025-04-04,15012.764547789908,0.0,0.0,0.0,0.0,629.1204538662914,15641.885001656197,29603.361675689914,29603.361675689914,0.0,0.0,150.62391387144282,20606.443655088777,14511.753432384301,11795.013747911722,3415.035995722921,3370.0432538557716,9.094947017729282e-13,1.1368683772161603e-13,7,0
2025-04-05,17502.624687894586,0.0,0.0,0.0,0.0,1458.933672515216,18961.558360409803,35472.80535747523,35472.80535747523,0.0,0.0,384.70927442576306,15305.71399790923,20099.946511861166,11592.260861202742,3370.0432538557716,8579.705268749996,1.8189894035458565e-12,1.1368683772161603e-13,7,0
2025-04-06,38719.219053704175,664.4439079112375,233.82606685729672,116.91303342864836,547.5308744825892,564.8469498903319,39831.59687807709,65158.21173655784,65170.30370206166,525.0992208405381,513.0072553367137,140.05417405859532,6801.227626349579,21582.13381778426,17483.079834680248,8579.705268749996,8577.981444000001,1.8189894035458565e-12,1.1368683772161603e-13,7,0
2025-04-07,36988.60955098372,391.8340973280926,2.041212038929449,1.0206060194647244,390.8134913086279,417.17817947704845,37796.60122176939,62151.50203760906,62527.781741991595,380.65810858443916,4.37840420190787,135.87128162778345,5484.096807890739,20699.84400852792,16763.007076132613,8577.981444000001,8582.277633750002,1.8189894035458565e-12,1.1368683772161603e-13,7,0
2025-04-08,38474.03271189144,280.902013436433,470.7564554434449,235.37822772172245,45.52378571471044,1272.0229215050113,39791.57941911116,64467.84530458762,63862.91599783416,200.69548565513185,805.6247924085919,292.0060332303223,5746.190251824579,21402.175534201237,17346.637371628,8582.277633750002,8570.194090500001,1.8189894035458565e-12,1.1368683772161603e-13,7,0
2025-04-09,37863.102456575856,2652.3149314988286,0.0,0.0,2652.3149314988286,1550.2135102666443,42065.63089834133,63449.607891631356,66950.7545293846,3501.1466377532506,0.0,430.7694642503799,4116.970712904082,21758.94023652232,17628.69797245808,8570.194090500001,8565.798111750002,1.8189894035458565e-12,1.1368683772161603e-13,7,0
2025-04-10,35529.71500849516,999.7627847095442,264.53772541250214,132.26886270625107,867.4939220032932,1887.1435218429529,38284.35245234141,57476.46891103448,58332.62305582668,1355.2419660547196,499.08782126251106,432.2065985668819,6199.024984125432,15287.886145724673,17182.719375456538,8565.798111750002,3232.985225728274,1.8189894035458565e-12,1.1368683772161603e-13,7,0
2025-04-11,14292.626611154414,0.0,49.45629480920394,24.72814740460197,-24.72814740460197,1352.1956887435517,15620.094152493362,28503.237439443412,28448.551244185663,0.0,54.68619525774932,315.33124732281453,20869.738130694357,13934.760218151147,11357.266024003693,3232.985225728274,3155.0849509490913,1.8189894035458565e-12,1.1368683772161603e-13,7,0
2025-04-12,17430.178472078544,0.0,89.0810597640824,44.5405298820412,-44.5405298820412,495.69621083365496,17881.334153030155,35445.418789145166,35342.68647461657,0.0,102.73231452860118,131.5258894285106,17742.645924526176,20115.981713542536,11409.575824023643,3155.0849509490913,8582.162022,1.8189894035458565e-12,1.1368683772161603e-13,7,0
2025-04-13,37063.77776928612,118.4288255903128,0.0,0.0,118.4288255903128,1051.5381416735502,38233.74473654998,62372.4716293395,62458.333631552596,85.86200221310048,0.0,273.9666953120482,4425.483979987341,21192.525239441988,17162.067375898012,8582.162022,8586.4709865,1.8189894035458565e-12,1.1368683772161603e-13,7,0
2025-04-14,37432.83652349938,0.0,1821.6848596055706,910.8424298027853,-910.8424298027853,2163.187630737738,38685.18172443433,62786.49164677324,60286.03887139914,0.0,2500.452775374104,588.3078170556702,4340.095105830333,21059.576400918304,17053.356618293827,8586.4709865,8591.915727,1.8189894035458565e-12,1.1368683772161603e-13,7,0
2025-04-15,36067.94426496312,171.739261459266,141.72812219621343,70.86406109810672,100.87520036115929,1104.3573081406328,37273.176773464904,60684.09877992311,60528.05813958157,160.1983281325719,316.23896847410464,261.9873345823389,6774.207373880089,20393.86129566048,16517.45202870999,8591.915727,8593.666416749998,1.8189894035458565e-12,1.1368683772161603e-13,7,0
2025-04-16,37006.65530491007,534.8040460062639,0.0,0.0,534.8040460062639,1950.4077292984261,39491.86708021476,62655.9059751278,63129.45189560462,473.545920476825,0.0,515.6703284648743,4000.8756019663406,20413.852615806092,16549.197943702937,8593.666416749998,8578.13605575,1.8189894035458565e-12,1.1368683772161603e-13,7,0
2025-04-17,33271.8328235771,720.2273997575626,0.0,0.0,720.2273997575626,1287.8698340976848,35279.93005743234,53752.255379727,54757.746636321,1005.4912565939932,0.0,279.1365906219004,4667.186880382704,13867.210605731554,16365.856609171364,8578.13605575,2874.340479606885,1.8189894035458565e-12,1.1368683772161603e-13,7,0
2025-04-18,13932.606193857056,0.0,10.350254580301906,5.175127290150953,-5.175127290150953,576.9303649957957,14504.361431562702,27925.041824464224,27913.343718504664,0.0,11.698105959557427,188.58475680911243,19255.535555270733,13674.627869877995,11182.352133168282,2874.340479606885,2756.6698589767666,9.094947017729282e-13,1.1368683772161603e-13,7,0
2025-04-19,16572.20064280167,182.69787508485922,0.0,0.0,182.69787508485922,604.5359518743863,17359.43446976092,34462.504208010316,34600.654998362195,138.15079035186926,0.0,216.30837737968358,18933.655727703488,20280.116658118277,11181.488260079896,2756.6698589767666,8584.89900675,9.094947017729282e-13,1.1368683772161603e-13,7,0
2025-04-20,35965.30148657711,623.6284735573961,44.19593421576834,22.09796710788417,601.530506449512,538.823331017335,37105.65532404395,60736.173785839404,61111.99364478189,471.39381808595414,95.57395914347569,165.25862633295404,5372.742825104815,20779.24357435103,16832.479011674335,8584.89900675,8583.46376625,1.8189894035458565e-12,1.1368683772161603e-13,7,0
2025-04-21,36024.75392870764,0.0,2437.3952732454145,1218.6976366227073,-1218.6976366227073,2047.9803571765397,36854.03664926148,61175.19192519766,56411.1114755117,0.0,4764.080449685961,557.7680461210821,4798.515881224089,19212.082259738727,15558.62900266337,8583.46376625,8586.972241500003,1.8189894035458565e-12,1.1368683772161603e-13,7,0
2025-04-22,35072.43662486246,374.1232741688565,0.0,0.0,374.1232741688565,2589.776492771342,38036.33639180266,59110.942295683395,59597.298153928255,486.35585824486066,0.0,721.3057092034525,4369.978362705373,19988.198292682453,16192.502108922787,8586.972241500003,8584.681695000003,1.8189894035458565e-12,1.1368683772161603e-13,7,0
2025-04-23,34469.051509966055,1077.7857684533433,0.0,0.0,1077.7857684533433,1167.6686127789173,36714.50589119832,58216.198949579804,59792.463604926605,1576.264655346808,0.0,326.6184126077002,4927.245152666243,19877.867301849474,16085.94715364808,8584.681695000003,8601.487651499998,1.8189894035458565e-12,1.1368683772161603e-13,7,0
2025-04-24,31916.634708795616,528.7214600596939,544.7164736880916,272.3582368440458,256.363223215648,802.78467397636,32975.782605987624,52056.89410627248,51303.25961626741,388.23284419137764,1141.8673341964407,146.88307951578656,7470.927085715182,12704.063223605051,15814.954313537037,8601.487651499998,2462.973093258945,1.8189894035458565e-12,1.1368683772161603e-13,7,0
2025-04-25,13301.887740332373,0.0,47.67626938244208,23.83813469122104,-23.83813469122104,709.2306460660398,13987.280251707194,27046.257970912815,26993.688513178244,0.0,52.56945773457228,164.6654334056845,22754.789035492555,13083.440593744554,10680.23333265318,2462.973093258945,2371.143702458839,9.094947017729282e-13,1.1368683772161603e-13,7,0
2025-04-26,16073.825689333558,310.37595503500734,0.0,0.0,310.37595503500734,839.1944430962076,17223.396087464775,33483.99747337605,33710.153554942466,226.15608156642213,0.0,203.15765600183704,25039.20956800072,19350.177082784667,10546.269073174408,2371.143702458839,8068.226328993474,1.8189894035458565e-12,1.1368683772161603e-13,7,0
2025-04-27,33068.10055204287,1638.2286027629023,28.821472965936398,14.410736482968199,1623.817866279934,3191.7350236719467,37883.65344199474,55718.63985237973,57672.69346367843,2019.39360895441,65.33999765571616,779.6490128028049,6197.933671786207,20409.319852793433,16728.38223143174,8068.226328993474,7849.522828250076,9.094947017729282e-13,1.1368683772161603e-13,7,0
2025-04-28,34713.55025628273,3873.973769247858,0.0,0.0,3873.973769247858,1661.4916075588017,40249.015633089395,58666.082734829164,63589.06761435019,4922.984879521027,0.0,392.3365055961169,3868.850530995645,19884.2335393991,16393.647267115106,7849.522828250076,7530.169383581374,2.5011104298755527e-12,1.1368683772161603e-13,7,0
2025-04-29,34068.356115654,1028.9507320152475,103.78008613661586,51.89004306830793,977.0606889469395,781.9561384925452,35827.37294309349,57265.52535880845,57873.47899478293,845.5954768833012,237.64184090882878,177.08046325043728,6512.138218687882,19705.78306277392,15600.57554009511,7530.169383581374,7931.401317750001,1.8189894035458565e-12,1.1368683772161603e-13,7,0
2025-04-30,33334.55929849375,0.0,515.6135967751881,257.80679838759403,-257.80679838759403,4278.610074305241,37355.362574411396,55653.8223640366,55058.97959870688,0.0,594.8427653297097,1208.924077089854,4442.150621228917,18856.628349786788,15287.729728552302,7931.401317750001,7916.000467500002,1.8189894035458565e-12,1.1368683772161603e-13,7,0
2025-05-01,30790.763200677764,558.2198207079234,0.0,0.0,558.2198207079234,11671.204231261061,43020.18725264675,49465.16937910751,50170.269700471086,705.1003213635727,0.0,2517.7552443614377,4116.162109124672,14690.674949140564,17130.190913432714,7916.000467500002,2104.062462356826,1.8189894035458565e-12,1.1368683772161603e-13,7,0
2025-05-02,13896.523394976153,281.670762128178,0.0,0.0,281.670762128178,7144.600376079667,21322.794533184,27604.192245283095,27810.52005550826,206.32781022516565,0.0,1547.3645832292202,12626.822440746044,13171.336145811796,10730.594031153694,2104.062462356826,2035.3827367500003,1.8189894035458565e-12,1.1368683772161603e-13,7,0
2025-05-03,17152.54275492725,0.0,0.0,0.0,0.0,5531.060836232049,22683.6035911593,34833.592163331356,34833.592163331356,0.0,0.0,1102.4416007519678,17994.21814033487,19791.788812623476,10717.14483887502,2035.3827367500003,7940.053958250001,9.094947017729282e-13,1.1368683772161603e-13,7,0
2025-05-04,37150.56529686533,0.0,2266.2993572970054,1133.1496786485027,-1133.1496786485027,5936.096863024516,41953.51248124134,61849.19548091399,57909.130399311456,0.0,3940.0650816025345,1648.0413169071194,3874.3553683316154,18694.39391147462,14746.244896920993,7940.053958250001,8380.291926442727,9.094947017729282e-13,1.1368683772161603e-13,7,0
2025-05-05,38300.56293751218,0.0,637.5156408158136,318.7578204079068,-318.7578204079068,2858.4666434167866,40840.27176052106,63236.96103561417,62470.13579062932,0.0,766.8252449848519,719.8144998196708,4413.407755901304,20575.09514215309,16874.559407605404,8380.291926442727,8148.367101485615,1.8189894035458565e-12,1.1368683772161603e-13,7,0
2025-05-06,36883.85375372798,345.46000265259335,264.41790050359936,132.20895025179968,213.25105240079367,3911.6998884285713,41008.804694557344,60143.855057541616,60237.153698272174,494.836384887508,401.53774415695096,1002.734105630039,4563.723286593677,20347.638312220522,16541.55616157865,8148.367101485615,8081.734736285582,1.8189894035458565e-12,1.1368683772161603e-13,7,0
2025-05-07,37913.800623142066,851.1726065750247,0.0,0.0,851.1726065750247,2442.35197557867,41207.325205295754,62156.73885165261,63313.43677566292,1156.6979240103192,0.0,513.622150566305,4482.815762452023,20444.824670832364,16168.427457055153,8081.734736285582,8517.157543306766,1.8189894035458565e-12,1.1368683772161603e-13,7,0
2025-05-08,36979.10035592,29.3595573911652,0.0,0.0,29.3595573911652,1949.036772223811,38957.49668553498,58546.58277833747,58594.171006542616,47.588228205146606,0.0,464.44773155578883,6321.210416833708,13201.673036893939,16290.777115629244,8517.157543306766,2297.7998147010435,1.8189894035458565e-12,1.1368683772161603e-13,7,0
2025-05-09,16267.289041505252,0.0,0.0,0.0,0.0,768.1969222797405,17035.485963784995,30265.285060041086,30265.285060041086,0.0,0.0,201.036484192036,19633.24383238869,13023.98311457693,10690.291252732495,2297.7998147010435,2141.2832258952835,9.094947017729282e-13,1.1368683772161603e-13,7,0
2025-05-10,18978.118437735786,77.30774566682436,0.0,0.0,77.30774566682436,777.2303413871581,19832.656524789763,37072.846669082384,37130.87364877532,58.02697969293584,0.0,214.19825501105169,15605.388800299703,20257.559526889985,10638.921706736648,2141.2832258952835,8552.0626815,9.094947017729282e-13,1.1368683772161603e-13,7,0
2025-05-11,38788.63792609556,0.0,457.9116089239311,228.95580446196556,-228.95580446196556,2041.171216066447,40600.85333770004,64329.50612399266,63309.7307921146,0.0,1019.7753318780613,539.6305868203493,4533.471892870969,19829.010387529685,15997.199984799041,8552.0626815,8623.505380500003,1.8189894035458565e-12,1.1368683772161603e-13,7,0
2025-05-12,37607.481808736076,251.36155667541567,126.92111156054376,63.46055578027188,187.90100089514382,1639.846169760449,39435.22897939167,61886.84230175337,61829.67992553952,188.89873447315097,246.0611106869965,437.8362531558259,7035.062384412859,17721.666115916603,14420.407554967449,8623.505380500003,8550.32982375,1.8189894035458565e-12,1.1368683772161603e-13,7,0
2025-05-13,39192.60497388026,0.0,1279.4711793014408,639.7355896507204,-639.7355896507204,1489.7381455137595,40042.6075297433,65326.30300567239,62698.12870122317,0.0,2628.1743044492123,352.348504234264,6235.177744356237,19392.495347155447,15706.408652720911,8550.32982375,8552.010466500002,1.8189894035458565e-12,1.1368683772161603e-13,7,0
2025-05-14,38748.56461537887,416.55348574391417,1359.5362719888517,679.7681359944258,-263.2146502505117,977.3423949301333,39462.692360058485,63877.53810507063,62151.418905858955,591.2672930878392,2317.3864922995112,324.48800541935475,5878.666893369707,18826.176910790917,15243.085676215644,8552.010466500002,8558.807823749996,1.8189894035458565e-12,1.1368683772161603e-13,7,0
2025-05-15,35826.63185477906,8.295655304944157,292.75833687631365,146.37916843815682,-138.08351313321268,1023.4629419979643,36712.011283643806,55872.192584510136,55333.90078942995,12.47842254052972,550.7702176207156,302.0878081385289,6486.627173597364,12037.482459795252,15653.179319157476,8558.807823749996,2000.1205718351953,1.8189894035458565e-12,1.1368683772161603e-13,7,0
2025-05-16,15592.497287457209,0.0,219.1983400827956,109.5991700413978,-109.5991700413978,988.1221993828347,16471.020316798647,29085.67283194414,28849.28992972145,0.0,236.38290222268915,302.1158361810915,24011.264724029374,12604.918882108284,10180.284373568455,2000.1205718351953,2033.1204839899233,1.8189894035458565e-12,1.1368683772161603e-13,7,0
2025-05-17,18366.747557889772,0.0,30.27740934716246,15.13870467358123,-15.13870467358123,2326.9638120972977,20678.572665313484,36099.891038010705,36065.555644112304,0.0,34.335393898399026,542.3069304936973,16494.806584211536,19848.51950898656,10184.262601925428,2033.1204839899233,8580.940706605132,9.094947017729282e-13,1.1368683772161603e-13,7,0
2025-05-18,38513.05240643602,0.0,334.193378208691,167.0966891043455,-167.0966891043455,959.8091585078105,39305.764875839486,63979.14269378793,63559.90882447486,0.0,419.2338693130623,331.65879015785026,6545.532097672386,19388.647215978737,15718.779799018415,8580.940706605132,8565.412313187759,9.094947017729282e-13,1.1368683772161603e-13,7,0
2025-05-19,37050.30612925246,62.24272983654152,984.7117329545252,492.3558664772626,-430.1131366407211,1316.580742505232,37936.77373511697,61647.471508700284,59559.97602545282,51.70506306197399,2139.200546309433,220.1771881955341,8805.348020911812,18640.868420002796,15181.279777266247,8565.412313187759,8474.105249783337,1.8189894035458565e-12,1.1368683772161603e-13,7,0
2025-05-20,36478.09760704679,724.1840692070214,0.0,0.0,724.1840692070214,2715.3946225013133,39917.67629875512,60491.425162856845,61420.675542273304,929.2503794164567,0.0,596.1679256558938,4212.609074597625,18268.036888479743,14991.197311814838,8474.105249783337,8258.452547398623,1.8189894035458565e-12,1.1368683772161603e-13,7,0
2025-05-21,36140.84235005795,1029.0821385034153,55.08254411261352,27.54127205630676,1001.5408664471086,1582.29630232279,38724.679518827856,59445.164277515534,60329.06977537668,1014.2110888276422,130.30559096648898,440.77306480233017,5911.591288537102,18533.722864099305,15038.08659579073,8258.452547398623,8229.81801865385,1.8189894035458565e-12,1.1368683772161603e-13,7,0
2025-05-22,34362.79150714105,0.0,40.34560744799126,20.17280372399563,-20.17280372399563,476.69753216792867,34819.31623558499,53603.41969142339,53562.775979896825,0.0,40.64371152656827,138.45805798584217,6648.49729606992,11202.963739115829,14966.857813969744,8229.81801865385,1682.6433683361593,1.8189894035458565e-12,1.1368683772161603e-13,7,0
2025-05-23,15065.192871510451,557.8310744383094,0.0,0.0,557.8310744383094,494.9110957246984,16117.935041673456,28456.23525631844,28870.034520374153,413.7992640557092,0.0,181.10144953013247,20220.759928185907,12493.448704429939,10084.021546044894,1682.6433683361593,1722.2788178287742,1.8189894035458565e-12,1.1368683772161603e-13,7,0
2025-05-24,18198.01106458009,0.0,147.29972340201613,73.64986170100806,-73.64986170100806,673.2350635052003,18797.596266384284,35546.18459227905,35394.829470463395,0.0,151.35512181565207,204.2447240272133,22549.835601024795,19282.750207145804,9988.012997013317,1722.2788178287742,7978.961785356312,1.8189894035458565e-12,1.1368683772161603e-13,7,0
2025-05-25,37112.98371638375,2.783641339577088,968.2024569168638,484.1012284584319,-481.3175871188548,1275.4371542973583,37907.10328356225,61384.337454765075,59428.38248322958,2.3038620646199774,1958.2588336001165,311.8504505949193,7784.326872198979,18196.526800988748,14785.63092269656,7978.961785356312,7927.3571032499985,1.8189894035458565e-12,1.1368683772161603e-13,7,0
2025-05-26,36336.028857744765,2037.5903519956262,0.0,0.0,2037.5903519956262,2131.267973528249,40504.887183268635,59778.997512467184,62611.300092317455,2832.3025798502667,0.0,675.6510166508453,5054.929377807026,19373.52171966457,15721.3329385033,7927.3571032499985,7895.3789415,1.8189894035458565e-12,1.1368683772161603e-13,7,0
2025-05-27,35760.07845760754,0.0,185.13523248116496,92.56761624058248,-92.56761624058248,1734.5385008069152,37402.04934217388,58794.93180519161,58522.492754724866,0.0,272.43905046675013,491.9646685343426,6165.718356008825,18082.08125973882,14623.709492488439,7895.3789415,7920.6859724999995,1.8189894035458565e-12,1.1368683772161603e-13,7,0
2025-05-28,37479.32199603054,144.64097534082055,296.8990055982473,148.44950279912365,-3.8085274583031037,1103.7511858370608,38579.2646544093,62385.674344365114,61980.21305826897,104.02608945050224,509.487375546644,348.61540176925166,6280.6960111909375,19875.68350419624,16101.375155348953,7920.6859724999995,7918.384287000001,1.8189894035458565e-12,1.1368683772161603e-13,7,0
2025-05-29,34659.78191617608,444.6601521945651,204.24709373455156,102.12354686727578,342.53660532728935,2693.9496002877886,37696.26812179116,55220.94751233986,55515.39195771193,624.6883070971586,330.24386172507855,628.5847559072834,5207.059843597777,12814.898422620437,15988.105052598998,7918.384287000001,1687.2316978039494,1.8189894035458565e-12,1.1368683772161603e-13,7,0
2025-05-30,15165.032153065424,229.96959524617148,0.0,0.0,229.96959524617148,930.0785762913736,16325.08032460297,28528.619010303748,28698.38319436262,169.7641840588724,0.0,304.14364394687794,19981.772201783508,12515.955552601099,10091.434182741774,1687.2316978039494,1738.8870476540837,9.094947017729282e-13,1.1368683772161603e-13,7,0
2025-05-31,18720.690294313965,0.0,270.7582611123614,135.3791305561807,-135.3791305561807,1059.936843024835,19645.24800678262,36545.35199062119,36244.92690119677,0.0,300.4250894244169,417.4667404730591,18787.63202558513,19977.09805843181,10491.517992347115,1738.8870476540837,8061.033086523698,9.094947017729282e-13,1.1368683772161603e-13,7,0
2025-06-01,41527.013331573515,849.8606676136565,0.0,0.0,849.8606676136565,26905.753723444,69282.62772263118,69460.78482018586,70567.42772082282,1106.642900636952,0.0,6747.504070362569,1453.1950399156926,22124.056337321163,17487.14588605147,8061.033086523698,8542.521694500001,9.094947017729282e-13,1.1368683772161603e-13,7,0
2025-06-02,43525.42482332417,344.56695019750885,1473.6326699130627,736.8163349565314,-392.2493847590225,20469.423301511186,63602.59874007633,72063.23945752182,69741.13438687977,287.8572129501389,2609.9622835921828,5096.650827831483,1841.3710972575593,22570.16674778264,18214.56008032894,8542.521694500001,8617.271678249997,1.8189894035458565e-12,1.1368683772161603e-13,7,0
2025-06-03,44398.31712262982,147.36985721352238,42.86040879649694,21.43020439824847,125.93965281527392,11499.6876228403,56023.9443982854,72709.34022223552,72825.9423759026,203.37481872523153,86.77266505816442,2776.3510649223194,3174.2433611541774,22247.476764407387,18011.793518069986,8617.271678249997,8626.89685725,4.547473508864641e-13,1.1368683772161603e-13,7,0
2025-06-04,49671.09351770151,0.0,2660.7490573566774,1330.3745286783387,-1330.3745286783387,5731.077377764252,54071.796366787436,80418.90705193633,76524.83290317468,0.0,3894.0741487616524,1784.7605414295808,4428.553131328558,22502.788348731792,18267.00885212275,8626.89685725,8582.729868749999,1.8189894035458565e-12,1.1368683772161603e-13,7,0
2025-06-05,44380.28912514936,284.4667364359111,111.87337920360957,55.93668960180479,228.53004683410634,4489.9183543463605,49098.73752632983,69972.63438515145,69961.4515071963,232.43544788772635,243.61832584287652,1207.942418033971,3039.1637479364576,14992.922737906078,18012.010577278925,8582.729868749999,2063.015247,1.8189894035458565e-12,1.1368683772161603e-13,7,0
2025-06-06,21795.97596085882,0.0,0.0,0.0,0.0,2233.7618226860336,24029.737783544853,37537.6479655258,37537.6479655258,0.0,0.0,638.5760889971245,4647.264221395197,13589.350224487429,10915.385791359704,2063.015247,2165.224014194579,1.8189894035458565e-12,1.1368683772161603e-13,7,0
2025-06-07,26286.435449637847,113.01116646906726,232.60902775989868,116.30451387994934,-3.293347410882106,867.1178880186762,27150.259990245642,48184.20519500729,47780.09806217645,80.69412199266986,484.80125482351696,241.492867602292,7111.222202086698,20809.26115131838,11025.405590293007,2165.224014194579,8643.108394500001,9.094947017729282e-13,1.1368683772161603e-13,7,0
2025-06-08,52818.312496386345,0.0,2882.5888990587628,1441.2944495293814,-1441.2944495293814,98.55107348830221,51475.569120345266,84365.44061216542,80089.96811746682,0.0,4275.472494698597,41.80262758472937,10779.675526508578,21894.910618691116,17727.738666814803,8643.108394500001,8651.040543750001,9.094947017729282e-13,2.2737367544323206e-13,7,0
2025-06-09,54734.78925007502,0.0,2328.210361990549,1164.1051809952744,-1164.1051809952744,712.7034587616199,54283.38752784136,86852.22211413713,83421.03655773154,0.0,3431.1855564055927,260.6064292859219,8356.487234062623,22987.910810244735,18595.46779062324,8651.040543750001,8678.529394500001,2.2737367544323206e-12,2.2737367544323206e-13,7,0
2025-06-10,52707.51225215717,31.32741520639898,266.1074925304296,133.0537462652148,-101.72633105881582,1198.3851556774928,53804.17107677585,83990.3160595121,83472.91006427645,23.745506943609826,541.1515021792518,424.18523403513706,7888.346323244817,23168.592283991784,18778.28754225834,8678.529394500001,8665.498514250003,1.8189894035458565e-12,2.2737367544323206e-13,7,0
2025-06-11,54474.801432239256,394.67747278285555,110.32728248846203,55.163641244231016,339.5138315386245,1931.4104618146894,56745.725725592565,86232.76311714336,86352.98714485922,313.51074612917574,193.286718413323,462.361935735168,6144.717426137744,24374.7819873157,19788.59664952572,8665.498514250003,8615.472692250001,9.094947017729282e-13,1.1368683772161603e-13,7,0
2025-06-12,51126.497473581054,0.0,1149.0870125109077,574.5435062554538,-574.5435062554538,936.483108765541,51488.43707609114,78939.95403695336,77454.88525051485,0.0,1485.068786438505,266.04555677905336,7474.299563943038,16603.445087474767,18809.205277457226,8615.472692250001,2659.4562960248154,9.094947017729282e-13,1.1368683772161603e-13,7,0
2025-06-13,22739.412361010138,0.0,581.2586445479387,290.62932227396936,-290.62932227396936,813.4426791752767,23262.22571791145,39398.905321046535,38270.61921769343,0.0,1128.2861033531155,178.56354514906357,7536.825920445697,14151.20684111929,11584.163698722503,2659.4562960248154,2524.2494544516126,1.8189894035458565e-12,1.1368683772161603e-13,7,0
2025-06-14,25992.747794768336,0.0,989.2522214074158,494.6261107037079,-494.6261107037079,350.301073212268,25848.422757276898,46844.22632613622,45252.86864438803,0.0,1591.3576817481896,145.6587413821707,9776.765759156544,20727.94746181636,11299.528585202705,2524.2494544516126,8624.370408750001,1.8189894035458565e-12,1.1368683772161603e-13,7,0
2025-06-15,52741.12211503013,94.92763940770055,247.8418995668332,123.9209497834166,-28.99331037571605,611.4825596213628,53323.61136427578,83928.60523124854,83776.78893483672,134.95077791775918,286.76707432958335,161.99861124953964,8778.788391016102,23852.86443769387,19319.83961595704,8624.370408750001,8625.4599405,9.094947017729282e-13,1.1368683772161603e-13,7,0
2025-06-16,53632.041295186566,0.0,884.6277934466646,442.3138967233323,-442.3138967233323,1157.289729412866,54347.01712787609,85095.018040692,83933.57767884343,0.0,1161.4403618485583,347.96398368041406,7140.1330755164145,23455.95488758298,19008.599117242215,8625.4599405,8615.153653500001,9.094947017729282e-13,1.1368683772161603e-13,7,0
2025-06-17,54119.71837095888,0.0,218.24310946706152,109.12155473353076,-109.12155473353076,1802.3134305485773,55812.91024677393,86033.67833966084,85688.14423946833,0.0,345.53410019250543,504.020252531469,6985.75935466936,24105.655364414553,19536.261443750787,8615.153653500001,8603.286321750002,1.8189894035458565e-12,1.1368683772161603e-13,7,0
2025-06-18,53931.33167841639,0.0,1528.5579728246335,764.2789864123167,-764.2789864123167,911.710288672401,54078.762980676474,86003.90791735891,83885.9062699753,0.0,2118.0016473836254,246.67829766201427,8945.489124966523,22444.261010767244,18185.556468096467,8603.286321750002,8596.947378000003,9.094947017729282e-13,1.1368683772161603e-13,7,0
2025-06-19,48998.44386914999,52.1339510301319,2576.9443262066793,1288.4721631033397,-1236.3382120732078,1693.2208072077797,49455.32646428456,76107.9271768915,72358.09462400206,44.65934491660744,3794.4918978060673,462.87219204619936,7033.066361996687,15797.489460725836,18269.09320667428,8596.947378000003,2515.695440792941,1.8189894035458565e-12,1.1368683772161603e-13,7,0
2025-06-20,21672.44222698816,0.0,419.0077627933327,209.50388139666634,-209.50388139666634,483.8606501877295,21946.798995779223,37211.00719701951,36447.66298881207,0.0,763.3442082074334,219.48396125853043,11600.978918967618,13860.197058977492,11194.609877874504,2515.695440792941,2551.4173740121278,1.8189894035458565e-12,1.1368683772161603e-13,7,0
2025-06-21,24013.316640471705,0.0,211.49500607360392,105.74750303680196,-105.74750303680196,1159.5400203911367,25067.10915782604,43313.96149510305,43064.504255571046,0.0,249.45723953200547,339.0241113923144,14723.06570208446,20681.9977494201,11336.275484541196,2551.4173740121278,8569.353699000003,9.094947017729282e-13,1.1368683772161603e-13,7,0
2025-06-22,50774.33400512389,173.6937729949876,1753.7789758572783,876.8894879286391,-703.1957149336515,1406.8070303595061,51477.945320549756,81645.1721979869,79099.94021715336,168.39267151773063,2713.6246523512837,348.4486857527737,7796.735695612232,22119.019271678364,17924.707164384476,8569.353699000003,8560.129749750002,1.8189894035458565e-12,1.1368683772161603e-13,7,0
2025-06-23,50715.99786300419,0.0,826.7718389080972,413.3859194540486,-413.3859194540486,712.7752287327756,51015.38717228292,80957.00241536098,79758.65086931286,0.0,1198.3515460481367,202.30922330600845,8589.354336413493,22679.359048712467,18369.0392925071,8560.129749750002,8561.50923525,9.094947017729282e-13,1.1368683772161603e-13,7,0
2025-06-24,53873.05795997658,281.5600710306589,352.57539488052726,176.28769744026363,105.27237359039526,3319.0271290666337,57297.357462633605,85804.01955182632,85569.90142508593,257.4180387903104,491.53616553070935,860.3667393848044,5506.438821729201,24335.73964245546,19680.702549713922,8561.50923525,8596.227636000001,9.094947017729282e-13,1.1368683772161603e-13,7,0
2025-06-25,50232.60510190559,119.95376599021897,6.114817897697803,3.0574089488489014,116.89635704137007,1934.3637037235667,52283.865162670525,81255.20895196893,81334.27659182498,92.93029661799761,13.862656761953758,422.1464021705052,7041.890836243829,22511.704847815745,18234.594056730755,8596.227636000001,8596.101936000001,1.8189894035458565e-12,1.1368683772161603e-13,7,0
2025-06-26,46405.88384863529,0.0,105.9511324943619,52.97556624718095,-52.97556624718095,630.0314681093428,46982.939750497455,71884.18888880388,71762.12958570596,0.0,122.059303097917,141.90475092774778,7308.441089105586,15210.708675236745,18162.499261041958,8596.101936000001,2105.185009222012,9.094947017729282e-13,1.1368683772161603e-13,7,0
2025-06-27,20688.10391947461,0.0,757.1611352369557,378.58056761847786,-378.58056761847786,665.0325206260914,20974.555872482226,35987.21946934942,35098.27937815955,0.0,888.9400911898703,223.1115336000164,12545.000094357445,15146.245215508812,12141.500264773362,2105.185009222012,2246.249853431763,1.8189894035458565e-12,1.1368683772161603e-13,7,0
2025-06-28,23064.411108030505,9.779932940581187,0.0,0.0,9.779932940581187,861.7980093629284,23935.989050334014,42219.35793530311,42228.80851552302,9.450580219917077,0.0,273.54385385406437,11116.948788494872,20379.57571081128,10771.098246595728,2246.249853431763,8619.9810525,9.094947017729282e-13,1.1368683772161603e-13,7,0
2025-06-29,48866.24645989178,693.4641459071338,311.5803828794845,155.79019143974224,537.6739544673916,2176.56066977085,51580.48108413002,78789.20234025015,78873.89787578248,593.9692621609588,509.27372662861933,726.4966601721244,6184.025805861937,22007.648549259706,17859.04835250036,8619.9810525,8583.4776885,9.094947017729282e-13,1.1368683772161603e-13,7,0
2025-06-30,50812.24080622101,19.381981752956236,425.3471973482971,212.67359867414854,-193.29161692119231,2226.828338640996,52845.77752794081,81371.75302938983,80737.7634266335,13.783561112108032,647.7731638684576,580.9208994125648,7110.264298383538,22700.488690153587,18369.752645824403,8583.4776885,8603.0812365,1.8189894035458565e-12,1.1368683772161603e-13,7,0
2025-07-01,47000.65134841041,0.0,778.2544634972937,389.12723174864686,-389.12723174864686,32105.8724899347,78717.39660659646,76120.10422164452,74914.53570501637,0.0,1205.5685166281476,8924.696795019623,851.449034133125,21573.538256023836,17452.298823454308,8603.0812365,8627.822529750001,9.094947017729282e-13,1.1368683772161603e-13,7,0
2025-07-02,46972.03793828281,0.0,2270.4702992352063,1135.2351496176032,-1135.2351496176032,20886.077550360427,66722.88033902564,76015.674316583,72122.02983040671,0.0,3893.6444861762757,5678.570250813172,1121.936790985805,20023.586996275895,16249.69007270848,8627.822529750001,8593.8396345,9.094947017729282e-13,1.1368683772161603e-13,7,0
2025-07-03,48354.60109249574,72.53265285446518,171.0441507142311,85.52207535711555,-12.98942250265037,15332.443990307356,63674.055660300444,75329.4957038111,75209.38824290136,98.59757420591495,218.70503511567034,4078.1673916463387,2035.259965961966,15898.782044506417,18406.90530925403,8593.8396345,2450.6264642735105,1.8189894035458565e-12,1.1368683772161603e-13,7,0
2025-07-04,23509.62165328342,0.0,0.0,0.0,0.0,7045.177596840599,30554.799250124022,40271.922748475816,40271.922748475816,0.0,0.0,1998.8550062596291,10515.478924089402,13861.302785868513,10986.871421889135,2450.6264642735105,2718.164058345032,1.8189894035458565e-12,1.1368683772161603e-13,7,0
2025-07-05,27992.498235492054,0.0,0.0,0.0,0.0,3868.964344657102,31861.462580149153,49488.24241407734,49488.24241407734,0.0,0.0,1025.631625579883,12557.530486864842,20420.66109084857,11254.397504722865,2718.164058345032,8591.872923750001,1.8189894035458565e-12,1.1368683772161603e-13,7,0
2025-07-06,54488.38419826987,4009.456608875748,0.0,0.0,4009.456608875748,2114.730676531863,60612.571483677486,86293.4460606057,90107.77122711678,3814.3251665110774,0.0,532.761789474087,6340.4656577645865,23784.303338559344,19278.21752973307,8591.872923750001,8577.50422875,1.8189894035458565e-12,1.1368683772161603e-13,7,0
2025-07-07,54562.425463231804,28.81321896907119,912.0240449617281,456.01202248086406,-427.1988035117929,1605.345202604134,55740.57186232414,86642.79644683773,85195.28510177266,20.81267269827265,1468.3240177633393,462.5094099915616,8128.367148692523,21707.74497897387,17587.800382568832,8577.50422875,8572.474284750002,1.8189894035458565e-12,2.2737367544323206e-13,7,0
2025-07-08,58023.25895432505,475.6414522844936,931.7813421174437,465.89067105872186,9.750781225771675,186.47239675097646,58219.4821323018,91282.6682212784,90085.56287973493,366.8514056579147,1563.9567472013737,78.87486485780391,10293.382360319854,22658.287335822228,18358.618968216004,8572.474284750002,8566.467366750003,1.8189894035458565e-12,2.2737367544323206e-13,7,0
2025-07-09,57198.64911875258,44.21915511380751,996.4088111813103,498.20440559065514,-453.98525047684757,527.3452311417323,57272.00909941747,90371.03321092855,88973.83238733228,31.00729607521157,1428.208119671489,92.73321616749541,10866.088517219305,21896.477393756883,17754.72532414308,8566.467366750003,8545.824438750002,1.8189894035458565e-12,1.1368683772161603e-13,7,0
2025-07-10,51917.95000153228,304.3029800751479,394.1165347865117,197.05826739325585,107.24471268189208,642.6128572724725,52667.807571486635,79678.84575891047,79200.4983407048,268.3022169099608,746.649635115639,232.89626000951452,8711.768573726684,16483.924186902004,18615.921543247707,8545.824438750002,2696.998936686579,1.8189894035458565e-12,2.2737367544323206e-13,7,0
2025-07-11,27805.431890349675,0.0,361.97857466699145,180.98928733349572,-180.98928733349572,754.9895973105686,28379.432200326744,46166.00258297491,45731.71012554573,0.0,434.2924574291727,237.25242021318246,10733.026545940204,14179.534280831576,11462.375431012864,2696.998936686579,2722.6070883095936,9.094947017729282e-13,1.1368683772161603e-13,7,0
2025-07-12,29606.163814575397,542.1315337952021,0.0,0.0,542.1315337952021,297.349821891496,30445.645170262098,51705.47813637499,52145.51394995098,440.0358135759991,0.0,99.33307764894813,12020.736749474385,20395.223647083425,11255.356702291208,2722.6070883095936,8572.35647925,9.094947017729282e-13,1.1368683772161603e-13,7,0
2025-07-13,54846.6463407097,0.0,3184.933187248162,1592.466593624081,-1592.466593624081,922.8840282089964,54177.06377529461,86270.25450532624,81815.55986432271,0.0,4454.69464100353,196.55938374475016,8584.42632739156,21974.726174873176,17814.753654197273,8572.35647925,8555.439309750001,1.8189894035458565e-12,2.2737367544323206e-13,7,0
2025-07-14,52319.2057708478,7.286655083094913,939.6680926003202,469.8340463001601,-462.5473912170652,1507.006230604927,53363.664610235675,83509.28693519202,81853.61621340647,6.030751155054759,1661.7014729405973,334.88347109008373,6288.240405633618,21616.85428326988,17524.274221073607,8555.439309750001,8539.192363500002,9.094947017729282e-13,2.2737367544323206e-13,7,0
2025-07-15,56201.68509870465,0.0,1288.7172307597957,644.3586153798979,-644.3586153798979,357.1336397044022,55914.46012302916,88952.49756283648,87026.91760671041,0.0,1925.5799561260649,123.94941065466483,10166.96801915702,22209.503696709053,17974.655281834333,8539.192363500002,8555.906488500003,9.094947017729282e-13,2.2737367544323206e-13,7,0
2025-07-16,54450.30155497274,0.0,473.5040694653041,236.75203473265205,-236.75203473265205,1189.4035937249423,55402.95311396503,85741.87991156545,85056.41190875124,0.0,685.4680028142072,392.9300908228337,9141.957233770143,21985.223863003193,17812.40248053259,8555.906488500003,8551.0496535,1.8189894035458565e-12,1.1368683772161603e-13,7,0
2025-07-17,50578.98713439766,995.4974753630928,165.6825115493507,82.84125577467535,912.6562195884175,1873.5660831711502,53365.20943715723,77652.0884112679,78220.05864800271,875.6029609101026,307.63272417529845,483.4339199886462,8281.880504776404,15561.070218950092,17859.874222401806,8551.0496535,2711.7081589975205,1.8189894035458565e-12,2.2737367544323206e-13,7,0
2025-07-18,27352.31926594182,0.0,638.8258724926435,319.41293624632175,-319.41293624632175,417.90736930209795,27450.813698997597,45406.93234310778,44592.71505108193,0.0,814.2172920258553,106.53660639881426,10905.220192991825,13653.009972651937,11133.226608163019,2711.7081589975205,2629.165347536463,9.094947017729282e-13,1.1368683772161603e-13,7,0
2025-07-19,29886.597298990324,0.0,170.61540537786476,85.30770268893238,-85.30770268893238,790.8128604169588,30592.102456718352,51674.87653823836,51458.955663376735,0.0,215.9208748616188,253.91094457056127,15410.401056504972,19915.439533553385,10795.793032111062,2629.165347536463,8557.7353365,9.094947017729282e-13,1.1368683772161603e-13,7,0
2025-07-20,52739.88841638283,54.33353472815986,302.58185747868873,151.29092873934437,-96.95739401118453,1278.7754409618055,53921.70646333345,84424.92540229678,83894.01171844214,42.48834543096251,573.4020292856048,288.60541542634223,7833.666594311559,22030.943104553975,17771.97078166372,8557.7353365,8638.949928750002,9.094947017729282e-13,2.2737367544323206e-13,7,0
2025-07-21,53516.34479150923,587.4010146812637,140.24259297518773,70.12129648759387,517.2797181936699,1250.7189164973865,55284.343426200285,85142.75433573822,85425.98947544982,571.1440229545508,287.9088832429603,363.01192443001844,7519.27824352724,22460.55745856635,18180.58365221374,8638.949928750002,8652.803139000001,1.8189894035458565e-12,2.2737367544323206e-13,7,0
2025-07-22,54521.28656144685,1463.9315091667204,5.132948254915598,2.566474127457799,1461.3650350392625,838.3369678194096,56820.98856430552,86304.06755043691,87940.45656859287,1648.025717895062,11.636699739096798,199.67813078691069,10066.082510161184,22743.26070764178,18464.35313508985,8652.803139000001,8605.789848000002,9.094947017729282e-13,2.2737367544323206e-13,7,0
2025-07-23,57624.65608025585,0.0,2427.7237235747243,1213.8618617873622,-1213.8618617873622,1085.3623959724775,57496.15661444097,90718.1634865099,87128.670756381,0.0,3589.492730128912,318.3073176366558,8895.954041435249,22793.496158503844,18459.019242588114,8605.789848000002,8609.915010000002,1.8189894035458565e-12,2.2737367544323206e-13,7,0
2025-07-24,54207.77407932532,0.0,1036.2062595076068,518.1031297538034,-518.1031297538034,272.69465517827183,53962.36560474979,83075.55526145408,81513.46043860952,0.0,1562.0948228445511,74.7442905104133,10086.6246035712,16331.682905853751,18446.574780305014,8609.915010000002,2812.235424929474,4.547473508864641e-13,2.2737367544323206e-13,7,0
2025-07-25,26310.33035189094,0.0,105.83620637200902,52.91810318600451,-52.91810318600451,734.9768130134264,26992.389061718364,43965.91006903159,43832.67290913826,0.0,133.23715989333272,176.15837546399837,14814.527079015576,14632.953369584817,11943.968730664803,2812.235424929474,2710.8170901504755,1.8189894035458565e-12,1.1368683772161603e-13,7,0
2025-07-26,28724.861896049122,0.0,1.400164326968771,0.7000821634843855,-0.7000821634843855,517.8721388889612,29242.033952774596,50354.17693045091,50352.31846970366,0.0,1.858460747237551,200.77348778928797,12920.701987090371,20243.49427998077,11080.195876244848,2710.8170901504755,8618.633190749999,9.094947017729282e-13,1.1368683772161603e-13,7,0
2025-07-27,52550.59664486654,216.95124109035083,177.73201095215967,88.86600547607983,128.085235614271,1856.3815624200406,54535.06344290085,83668.01014748,83472.1666642986,179.76378904959074,375.60727223102003,574.940648257408,6164.098440062027,22108.087088915592,17910.26801642163,8618.633190749999,8615.61377475,3.637978807091713e-12,2.2737367544323206e-13,7,0
2025-07-28,53109.9352169201,977.1640095340355,0.0,0.0,977.1640095340355,4632.174674976157,58719.273901430286,84595.26029106443,85592.7352651881,997.4749741236617,0.0,1190.2045965541474,4583.025023540384,22504.43242470275,18259.39481983423,8615.61377475,8581.3864905,1.8189894035458565e-12,2.2737367544323206e-13,7,0
2025-07-29,54931.532416924,3027.322280636144,0.0,0.0,3027.322280636144,417.31390824871863,58376.16860580886,87110.70729472328,90255.75361641878,3145.046321695491,0.0,73.0207512085909,9906.56872515539,22841.210449063045,18488.250756591067,8581.3864905,8595.975054000004,1.8189894035458565e-12,1.1368683772161603e-13,7,0
2025-07-30,52452.180625897934,3831.166699326195,0.0,0.0,3831.166699326195,335.21009624500476,56618.55742146913,83271.26003792146,86976.6260463178,3705.3660083963623,0.0,104.62633013581785,8650.040228745978,22786.370437671823,18458.412339964176,8595.975054000004,8594.3614035,1.8189894035458565e-12,1.1368683772161603e-13,7,0
2025-07-31,50409.56722770915,1284.7033364866986,0.0,0.0,1284.7033364866986,1857.286598737722,53551.557162933575,78063.17414455974,79336.82837888756,1273.6542343278275,0.0,450.58187192492915,7151.4232072913355,16624.309489430514,18683.318712576023,8594.3614035,2796.9969300141047,1.8189894035458565e-12,1.1368683772161603e-13,7,0
2025-08-01,25613.770374553842,0.0,506.541288386186,253.270644193093,-253.270644193093,824.993853937491,26185.493584298238,42916.253925003584,42343.2366190995,0.0,573.0173059040834,261.9418346147673,19008.58867227505,13192.588647177101,10847.358532404556,2796.9969300141047,2617.7061209128824,9.094947017729282e-13,1.1368683772161603e-13,7,0
2025-08-02,28572.294654960926,0.0,95.04749167695817,47.52374583847909,-47.52374583847909,460.8149669642458,28985.58587608669,49794.93002328956,49673.196445287016,0.0,121.73357800254882,109.44328209786818,19670.13236706442,20054.288826493248,10868.80639950612,2617.7061209128824,8590.114509750001,9.094947017729282e-13,1.1368683772161603e-13,7,0
2025-08-03,47932.38496828737,0.0,1810.491415791856,905.245707895928,-905.245707895928,3220.99852268406,50248.13778307551,75870.78546943692,72442.45706723398,0.0,3428.3284022029375,880.5527975153843,6770.326612740986,19417.28718973704,15704.083921062,8590.114509750001,8616.690846,9.094947017729282e-13,2.2737367544323206e-13,7,0
2025-08-04,49182.52055332316,0.0,1402.1416876445423,701.0708438222712,-701.0708438222712,1692.2709713903419,50173.720680891216,77764.54190463052,75570.14860977596,0.0,2194.3932948545544,487.2245904176008,6802.664052820935,19843.564283101525,16004.510219062235,8616.690846,8693.1095685,1.8189894035458565e-12,2.2737367544323206e-13,7,0
2025-08-05,48094.82879186235,0.0,43.548450165125395,21.774225082562698,-21.774225082562698,1694.9544968765338,49768.00906365632,75993.14060553754,75947.44037355622,0.0,45.700231981312754,444.9734672302231,7399.342341624011,20292.903489758435,16452.14172392933,8693.1095685,8676.56523825,9.094947017729282e-13,2.2737367544323206e-13,7,0
2025-08-06,49630.69303159267,222.1297203107115,0.0,0.0,222.1297203107115,1648.7170242345535,51501.53977613794,78031.03695362638,78304.63486522046,273.5979115940723,0.0,529.7429287813303,6737.15237520821,20937.703110404807,16954.876958277895,8676.56523825,8681.74586175,9.094947017729282e-13,1.1368683772161603e-13,7,0
2025-08-07,46525.752530080186,437.6410294995099,2568.6719268475426,1284.3359634237713,-846.6949339242615,1649.5666151697442,47328.624211325674,72273.03058810612,67279.00916369265,323.1356416354365,5317.157066048898,525.1230941082481,7593.551273306599,13382.467669443737,16559.871934949428,8681.74586175,2326.1090587499993,9.094947017729282e-13,2.2737367544323206e-13,7,0
2025-08-08,24075.159235043302,0.0,37.601196124713326,18.800598062356663,-18.800598062356663,676.556233458926,24732.914870439872,41219.68822722116,41173.82247875187,0.0,45.865748469292924,146.77652123406295,23064.904072278587,13535.302117344181,11054.778439636842,2326.1090587499993,2224.79380920771,9.094947017729282e-13,1.1368683772161603e-13,7,0
2025-08-09,26805.743443631512,48.23541959576753,0.0,0.0,48.23541959576753,1808.3941070479466,28662.372970275224,47439.733297803585,47475.368211807545,35.63491400396538,0.0,437.94755490212174,20176.319443343033,19710.937086838636,10895.869763472001,2224.79380920771,7858.115227949147,1.8189894035458565e-12,1.1368683772161603e-13,7,0
2025-08-10,46638.15683406368,0.0,27.809198869735162,13.904599434867581,-13.904599434867581,2304.633341763486,48928.8855763923,73404.57399360364,73341.82760626217,0.0,62.746387341460206,682.6654381621493,4961.874403809059,19669.89670997102,15911.897119355759,7858.115227949147,7881.136578750001,1.8189894035458565e-12,1.1368683772161603e-13,7,0
2025-08-11,46879.960292843294,476.37892440005146,0.0,0.0,476.37892440005146,2271.8772119660734,49628.21642920943,74483.80385561447,74939.51443615198,455.71058053751693,0.0,557.7130139708989,7032.8918130270995,20528.028107960243,16624.945804197796,7881.136578750001,7884.199871250001,9.094947017729282e-13,1.1368683772161603e-13,7,0
2025-08-12,48322.902335332896,1096.2107123563421,142.1576214874687,71.07881074373435,1025.131901612608,2181.475860925611,51529.51009787112,77178.02078608729,77841.1728890567,980.9502808783016,317.7981779088908,556.1938525666133,6517.34633742754,20532.790075148878,16413.313320953108,7884.199871250001,8126.696137824981,9.094947017729282e-13,1.1368683772161603e-13,7,0
2025-08-13,46957.71490356486,282.3114820817997,0.6819890533729478,0.3409945266864739,281.9704875551132,2977.1920739969173,50216.87746511689,74418.4144504167,74804.25468998727,387.3790235357498,1.5387839651916693,690.1807325172276,5587.148612469496,19776.765243364498,15990.457883329498,8126.696137824981,8158.609430931368,1.8189894035458565e-12,2.2737367544323206e-13,7,0
2025-08-14,44407.400266601115,1237.1654277162966,0.0,0.0,1237.1654277162966,1780.6529074987404,47425.21860181615,67852.87028695692,69598.69717351816,1745.8268865612445,0.0,466.9380074793067,6612.268962373986,14729.355989120515,17202.280753830368,8158.609430931368,2301.3845391060795,1.8189894035458565e-12,1.1368683772161603e-13,7,0
2025-08-15,24585.760913019534,0.0,115.69162618698299,57.84581309349149,-57.84581309349149,1276.0950960010873,25804.010195927127,41535.46421714306,41409.45611599079,0.0,126.00810115227543,386.21977751983957,22027.845943124783,13656.153421520557,11048.050354468052,2301.3845391060795,2316.3111135100826,1.8189894035458565e-12,1.1368683772161603e-13,7,0
2025-08-16,28041.908208875317,0.0,414.6268784417775,207.31343922088874,-207.31343922088874,1544.6131426588345,29379.20791231326,48875.30980223466,48394.701129369605,0.0,480.60867286505936,381.44759509313354,22418.258173168946,20165.24077330726,10736.630588680138,2316.3111135100826,8535.438266508683,1.8189894035458565e-12,1.1368683772161603e-13,7,0
2025-08-17,48258.537701599394,89.75133156038584,820.5666404824901,410.28332024124506,-320.5319886808592,1426.4146232576622,49364.42033617619,76625.52635636984,74888.77254690192,64.14213283601964,1800.8959423039475,341.4228302022698,8415.115401245603,20210.524179080043,16560.837819888136,8535.438266508683,8323.979116693901,1.8189894035458565e-12,2.2737367544323206e-13,7,0
2025-08-18,47374.16394278971,0.0,69.9543772488045,34.97718862440225,-34.97718862440225,1942.586334296681,49281.77308846198,74673.57546262235,74519.12111015443,0.0,154.45435246791936,481.0299400795959,7045.933864298378,20498.062753386806,16937.961184117823,8323.979116693901,7952.278723500001,1.8189894035458565e-12,1.1368683772161603e-13,7,0
2025-08-19,47262.94117393284,331.9794802423865,0.0,0.0,331.9794802423865,2057.787362333043,49652.708016508266,74439.41931469429,74757.18660935838,317.7672946641043,0.0,443.95096249724645,7143.200914039297,19593.21475455967,15852.93814674333,7952.278723500001,7971.796284000002,1.8189894035458565e-12,1.1368683772161603e-13,7,0
2025-08-20,49018.539661100855,876.4509501649263,29.139263456513167,14.569631728256583,861.8813184366697,3009.205300448384,52889.6262799859,78162.64394797295,78871.97706721362,770.8914428190609,61.558323578407,714.0483754107731,4907.0064137010795,21726.401077008646,17698.073114752013,7971.796284000002,7861.03157025,1.8189894035458565e-12,2.2737367544323206e-13,7,0
2025-08-21,45908.95822077817,9.033881841029384,180.1745803374358,90.0872901687179,-81.05340832768852,1671.8579735930377,47499.76278604352,70954.62471833566,70592.95700135073,8.259153077153144,369.92687006206614,410.4750337012608,6830.681019116313,15434.744867191015,17106.412334588662,7861.03157025,2745.1771345122875,1.8189894035458565e-12,1.1368683772161603e-13,7,0
2025-08-22,24632.91836212022,0.0,0.0,0.0,0.0,2515.554577220327,27148.472939340543,41458.47397011041,41458.47397011041,0.0,0.0,669.0643834755172,18420.558792058793,13550.758143232673,11074.347981705536,2745.1771345122875,2636.028372637769,1.8189894035458565e-12,1.1368683772161603e-13,7,0
2025-08-23,27339.150202141776,280.1706895135795,0.0,0.0,280.1706895135795,1118.3731473333733,28737.694038988724,48105.005901684504,48320.56126933727,215.55536765276625,0.0,409.7435821559885,17215.47440192974,20340.31080583752,11355.486506274,2636.028372637769,8325.1008686982,1.8189894035458565e-12,1.1368683772161603e-13,7,0
2025-08-24,48377.51259764537,409.3379338901824,284.61284976489554,142.30642488244777,267.0315090077346,616.1005508288844,49260.644657481986,76024.04935467275,75726.89987142781,340.4048459805539,637.5543292254786,173.83118008148494,7665.6919506110635,22043.92753009629,17542.47791253138,8325.1008686982,8672.99352075,9.094947017729282e-13,2.2737367544323206e-13,7,0
2025-08-25,53483.62129227769,15.200911887306358,1866.9396000172646,933.4698000086323,-918.268888121326,490.25886500100034,53055.611269157365,85004.94518837705,82031.13216714299,12.954034588015134,2986.7670558220843,147.4228630024279,7185.212051425113,22468.858731334898,18248.602769281264,8672.99352075,8618.74107975,1.8189894035458565e-12,1.1368683772161603e-13,7,0
2025-08-26,48815.652620922425,128.4745673390516,97.88586969636422,48.94293484818211,79.53163249086948,845.7599551861551,49740.944208599445,76742.5856078562,76629.64390416695,103.24110515208474,216.18280884134134,263.46734233381994,7339.041270230988,21201.261609928682,17176.010016992233,8618.74107975,8615.420954250001,1.8189894035458565e-12,2.2737367544323206e-13,7,0
2025-08-27,49379.67895100587,1724.223262454997,125.02517761000581,62.512588805002906,1661.710673649994,639.7795926130229,51681.169217268885,77814.20078380723,79465.21211774256,1925.731565994247,274.72023205890093,153.52283969507056,7606.266208213805,21736.025098327158,17637.705215769998,8615.420954250001,8580.393303,1.8189894035458565e-12,2.2737367544323206e-13,7,0
2025-08-28,46069.826620629974,815.6350028645988,0.0,0.0,815.6350028645988,5297.258387593446,52182.72001108802,70945.50556574478,71874.20869519003,928.7031294452422,0.0,1449.8476738360828,4658.013224259392,15415.286180550884,17517.038019117506,8580.393303,2990.77528869856,1.8189894035458565e-12,1.1368683772161603e-13,7,0
2025-08-29,25322.51148113614,0.0,28.627934975907834,14.313967487953917,-14.313967487953917,1199.4944043167889,26507.691917964978,42596.38066399407,42561.948424134185,0.0,34.43223985987905,325.603551220448,17512.086302083673,14648.972336946661,11828.7270136757,2990.77528869856,3031.820376755334,1.8189894035458565e-12,1.1368683772161603e-13,7,0
2025-08-30,27425.726733015246,0.0,102.76889986350514,51.38444993175257,-51.38444993175257,2128.807422355742,29503.14970543923,47966.94366569929,47846.22524602522,0.0,120.71841967406655,717.9949711180211,21048.18811823218,20599.20614648696,11595.893880909238,3031.820376755334,8686.77937425,1.8189894035458565e-12,1.1368683772161603e-13,7,0
2025-08-31,48738.09935067559,49.395499042291206,90.97165139244342,45.48582569622171,3.9096733460694963,2353.8809045554385,51095.889928577104,76412.49445043545,76391.56773763387,74.30129218154514,95.2280049831295,639.7133121753484,6546.174275599307,20682.357483560943,16843.87379268436,8686.77937425,8585.485784249999,9.094947017729282e-13,1.1368683772161603e-13,7,0
2025-09-01,51040.14509097796,0.0,1709.705811897105,854.8529059485525,-854.8529059485525,0.0,50185.29218502941,81039.2850016222,78424.58237323278,0.0,2614.7026283894033,0.0,20745.955215614013,21608.11820992332,17503.625585637885,8585.485784249999,8584.319300250001,9.094947017729282e-13,1.1368683772161603e-13,7,0
2025-09-02,46756.657861945234,113.31369992609976,538.2946224499198,269.1473112249599,-155.83361129886012,150.93199347986973,46751.75624412624,74381.73371379272,73609.41635923009,166.25581607982292,938.57317064247,28.94189711982162,15568.42229121266,21109.375585459176,17097.195470321938,8584.319300250001,8585.873471250003,1.8189894035458565e-12,1.1368683772161603e-13,7,0
2025-09-03,45756.10156572114,317.8578915850715,522.2070831340143,261.10354156700714,56.75435001806433,26.30242687499997,45839.1583426142,73284.84114121931,72426.33577775813,266.858148465212,1125.3635119263922,11.969249999999988,12946.418089998544,20530.123455445195,16585.953767685605,8585.873471250003,8634.147061500002,1.8189894035458565e-12,1.1368683772161603e-13,7,0
2025-09-04,41150.9606600892,354.4629921044656,927.8097035860833,463.90485179304164,-109.44185968857602,225.95671593315555,41267.47551633378,63732.42212543806,62180.54678683043,283.0309732442835,1834.9063118519114,99.90517220149286,10373.013443850126,14827.966579877047,16846.093614695244,8634.147061500002,3261.435189283512,1.8189894035458565e-12,1.1368683772161603e-13,7,0
2025-09-05,19175.83198122782,0.0,413.4401846939478,206.7200923469739,-206.7200923469739,722.3410709992038,19691.45295988005,34153.757358209354,33706.02933992797,0.0,447.72801828138745,153.7699164658968,24433.28907473124,14184.863021911358,11582.614506915397,3261.435189283512,3158.240234653295,9.094947017729282e-13,1.1368683772161603e-13,7,0
2025-09-06,20250.781993254663,0.0,225.18028990123253,112.59014495061626,-112.59014495061626,1151.0788785216548,21289.2707268257,38010.006970231145,37762.00036878398,0.0,248.00660144716852,301.2209675776269,22132.113396172543,20744.00823514222,12533.983994953162,3158.240234653295,7901.198763000003,1.8189894035458565e-12,1.1368683772161603e-13,7,0
2025-09-07,39516.814584200096,923.8273045562569,68.73036876736055,34.36518438368027,889.4621201725766,1884.865293835133,42291.1419982078,63487.15853981629,64702.741168682514,1316.078551939177,100.49592307295771,519.445518194245,6355.132695268388,20519.382314035298,16613.31193909359,7901.198763000003,7909.407357750002,1.8189894035458565e-12,1.1368683772161603e-13,7,0
2025-09-08,38970.16849544848,1422.6542467444983,14.079127470952985,7.039563735476492,1415.6146830090217,6421.543017247964,46807.326195705464,64053.99005995631,65395.04620310388,1371.2559017725189,30.19975862495278,1580.7146246691104,3486.0697097241073,21471.872454555523,17377.750869839972,7909.407357750002,7925.480489250001,1.8189894035458565e-12,1.1368683772161603e-13,7,0
2025-09-09,37972.0911552357,300.33348915913916,559.7423475681796,279.8711737840898,20.462315375049386,6319.2422136152345,44311.79568422599,61581.244928924105,60595.71512343853,283.8585209086761,1269.3883263942462,1551.941019236421,4917.958555223156,20408.2130400421,16281.34971925697,7925.480489250001,8202.483648335698,1.8189894035458565e-12,1.1368683772161603e-13,7,0
2025-09-10,40731.80886834238,449.30928998511746,50.85691633817405,25.428458169087026,423.8808318160304,5327.249573539786,46482.9392736982,66475.29506860174,66855.54447828296,491.17557729277274,110.92616761156285,1427.6891081924566,3007.2346873171764,21735.731587983744,17775.731338825506,8202.483648335698,8013.829478826067,1.8189894035458565e-12,1.1368683772161603e-13,7,0
2025-09-11,39332.55368096682,0.0,2367.196244830753,1183.5981224153766,-1183.5981224153766,2335.235322248175,40484.190880799615,62259.04472713956,57670.75322541459,0.0,4588.291501724958,605.8900541028194,5776.956884898181,16327.417923956005,17323.817312670104,8013.829478826067,3459.819707419691,9.094947017729282e-13,2.2737367544323206e-13,7,0
2025-09-12,18288.80313650733,37.96668962944723,0.0,0.0,37.96668962944723,1378.2772196995377,19705.047045836312,33327.97231370822,33359.19685215383,31.22453844561445,0.0,409.029044044752,19426.157362080707,14910.472767807998,12120.060433690127,3459.819707419691,3412.511383235639,1.8189894035458565e-12,1.1368683772161603e-13,7,0
2025-09-13,21347.359161021075,0.0,0.0,0.0,0.0,1366.3888899457902,22713.748050966868,39976.70640180279,39976.70640180279,0.0,0.0,326.83799049387164,23488.652807526876,21744.11138341326,12936.321281976816,3412.511383235639,8608.521315000002,1.8189894035458565e-12,1.1368683772161603e-13,7,0
2025-09-14,44122.294836470624,0.0,503.42207879986216,251.71103939993108,-251.71103939993108,1627.2617271310642,45497.84552420176,70826.87333474524,70215.22886344332,0.0,611.644471301914,456.81323700225386,6509.477151177007,21464.681257992415,17401.441058723853,8608.521315000002,8591.799937500002,1.8189894035458565e-12,1.1368683772161603e-13,7,0
2025-09-15,38720.44874201502,0.0,489.9884586044091,244.99422930220456,-244.99422930220456,5315.1147824623,43790.56929517511,62694.82935970141,61617.78063046123,0.0,1077.048729240188,1229.112806953209,3702.0543289523034,21482.211085809475,17404.402610680674,8591.799937500002,8587.564791750003,1.8189894035458565e-12,1.1368683772161603e-13,7,0
2025-09-16,41855.74838444323,0.0,748.3233384675372,374.1616692337686,-374.1616692337686,5079.096675762975,46560.68339097244,68150.83649305635,67052.38323071238,0.0,1098.453262343964,1359.4024709594032,4858.85117322224,21341.837840348533,17280.673295232315,8587.564791750003,8594.470742250003,9.094947017729282e-13,1.1368683772161603e-13,7,0
2025-09-17,42152.539262200524,0.0,654.5708190206225,327.28540951031124,-327.28540951031124,2405.326835346271,44230.58068803648,67913.80924566148,67007.57785618157,0.0,906.2313894799134,730.1188527923605,3687.292264371721,21465.42202790638,17375.135983304168,8594.470742250003,8607.643919250004,1.8189894035458565e-12,1.1368683772161603e-13,7,0
2025-09-18,38670.77847048339,1771.6056548347922,0.0,0.0,1771.6056548347922,2075.1672227813556,42517.551348099536,60320.81759767851,62739.79280785596,2418.9752101774457,0.0,442.4400801210061,5446.62933702398,16271.5044725332,17491.952038246884,8607.643919250004,3816.495679811122,1.8189894035458565e-12,1.1368683772161603e-13,7,0
2025-09-19,19340.205107971276,0.0,0.0,0.0,0.0,880.1030729852498,20220.308180956526,34714.60467942859,34714.60467942859,0.0,0.0,309.22324186480773,15966.347069397736,15308.968027499577,12352.839492270588,3816.495679811122,3869.1896909267507,9.094947017729282e-13,1.1368683772161603e-13,7,0
2025-09-20,21962.65923927172,0.0,131.51957022634832,65.75978511317416,-65.75978511317416,948.0850756064285,22844.984529764977,40616.00092275938,40467.70407388755,0.0,148.29684887181963,251.15675661456152,16861.576968716607,20862.420106638165,12650.56997818599,3869.1896909267507,8589.178922250001,1.8189894035458565e-12,1.1368683772161603e-13,7,0
2025-09-21,44733.514228543536,0.0,1020.9568001225143,510.47840006125716,-510.47840006125716,538.8030985765099,44761.838927058794,71822.6216277242,70009.27879249216,0.0,1813.3428352320439,146.405660345275,8043.782999407951,20104.81784603236,16280.40387593621,8589.178922250001,8594.17734375,9.094947017729282e-13,1.1368683772161603e-13,7,0
2025-09-22,42779.55272496112,0.0,1397.9010818025456,698.9505409012728,-698.9505409012728,5159.784110396889,47240.38629445674,69275.57114828647,66952.19239839923,0.0,2323.378749887245,1456.8983253077758,3702.0849491941235,21504.208208971275,17411.222317791733,8594.17734375,8602.1621565,1.8189894035458565e-12,1.1368683772161603e-13,7,0
2025-09-23,43566.01106522637,0.0,311.5232709478153,155.76163547390766,-155.76163547390766,4039.279489974351,47449.52891972681,70251.84861047883,69569.34393834727,0.0,682.50467213155,919.6467074368379,4309.463221795973,21516.37055463063,17453.45871397581,8602.1621565,8574.163751250002,9.094947017729282e-13,1.1368683772161603e-13,7,0
2025-09-24,42230.08934938243,110.65990632340714,0.0,0.0,110.65990632340714,2559.960286188084,44900.70954189392,67575.73799704754,67746.7977207457,171.05972369815402,0.0,808.4844282752229,3440.012881977692,21248.166590359182,17196.122423315945,8574.163751250002,8590.710990000001,9.094947017729282e-13,1.1368683772161603e-13,7,0
2025-09-25,42119.54389219283,229.77345511600944,0.0,0.0,229.77345511600944,2689.5413141090585,45038.85866141789,65854.05805255348,66102.6871496858,248.6290971323146,0.0,729.1028543995404,7239.254916973374,16706.20868815796,17449.122501046004,8590.710990000001,4238.384919291046,1.8189894035458565e-12,1.1368683772161603e-13,7,0
2025-09-26,19925.912189362098,0.0,222.4398549587307,111.21992747936535,-111.21992747936535,83.40742962979878,19898.099691512536,35599.51906308906,35339.35667354945,0.0,260.16238953960675,22.264637340834895,14682.065669771282,15721.867901678408,12736.555760559408,4238.384919291046,4236.337407957831,9.094947017729282e-13,1.1368683772161603e-13,7,0
2025-09-27,22129.049121740885,182.9806271083631,0.0,0.0,182.9806271083631,974.5041352760335,23286.533884125285,40741.17270645834,40891.89514641755,150.7224399592073,0.0,274.4863487268534,15535.330236414535,20510.664921799525,12680.915913069663,4236.337407957831,8606.0292675,1.8189894035458565e-12,1.1368683772161603e-13,7,0
2025-09-28,45472.93671925851,684.1908488887184,6.03821961988133,3.019109809940665,681.1717390787777,1242.741969640416,47396.8504279777,72788.76488638713,73741.3422169456,966.0018959888284,13.42456543035837,322.0012003104496,6441.939025967851,21734.50079800806,17600.72557338653,8606.0292675,8610.7182375,1.8189894035458565e-12,1.1368683772161603e-13,7,0
2025-09-29,44314.176060374506,0.0,1911.3028709800665,955.6514354900332,-955.6514354900332,5873.096220504603,49231.62084538907,71560.81052059126,68574.7002899769,0.0,2986.110230614355,1342.829062654455,3068.8650828198142,21540.135487429212,17451.362817617664,8610.7182375,8606.4370455,1.8189894035458565e-12,1.1368683772161603e-13,7,0
2025-09-30,44928.966684788174,307.4758696427783,15.036258839266164,7.518129419633082,299.9577402231452,3845.120123518292,49074.044548529615,71930.17805506784,72248.26515780504,352.57568663496045,34.48858389776109,913.4338076141835,3467.44176409198,22459.653438081965,18187.57100342139,8606.4370455,8611.712913750001,1.8189894035458565e-12,1.1368683772161603e-13,7,0
2025-10-01,44468.9886283324,0.0,2637.0180107348624,1318.5090053674312,-1318.5090053674312,135.17444327040528,43285.65406623537,71759.26218095607,67136.52997420426,0.0,4622.732206751814,62.0017442790637,13428.574165384525,21648.16788323925,17539.73186347379,8611.712913750001,8606.473049250002,9.094947017729282e-13,1.1368683772161603e-13,7,0
2025-10-02,43726.33727816662,0.0,4014.97684468184,2007.48842234092,-2007.48842234092,236.67371847172362,41955.52257429742,68722.24061379749,62407.493132451964,0.0,6314.74748134552,93.08778093910985,11173.741224395948,16915.647115332144,17319.59054300368,8606.473049250002,4586.565960822613,1.8189894035458565e-12,1.1368683772161603e-13,7,0
2025-10-03,18174.322287969982,0.0,109.24584874664356,54.62292437332178,-54.62292437332178,27.47321938701385,18147.172582983676,33617.84206304942,33492.93961455971,0.0,124.90244848970467,12.962648740632005,22910.29062470842,15883.813536866353,13105.35559827443,4586.565960822613,4320.491923697406,1.8189894035458565e-12,1.1368683772161603e-13,7,0
2025-10-04,20613.11354619044,0.0,73.63158122770689,36.815790613853444,-36.815790613853444,136.16892410738694,20712.466679683974,39308.66258542922,39231.46042751325,0.0,77.20215791597596,34.080244893390045,18344.559933293473,20931.533171881558,13106.534866101727,4320.491923697406,8596.055260500003,1.8189894035458565e-12,1.1368683772161603e-13,7,0
2025-10-05,43529.26887003977,0.0,2546.988360420534,1273.494180210267,-1273.494180210267,355.7432825331785,42611.51797236269,70971.84611492854,66684.69956962705,0.0,4287.146545301515,129.1467160160954,7969.684031709992,21626.289378244637,17518.088190978153,8596.055260500003,8595.173266500004,1.8189894035458565e-12,1.1368683772161603e-13,7,0
2025-10-06,40306.509409506114,0.0,0.0,0.0,0.0,1352.3062424188608,41658.815651924975,65679.08894477478,65679.08894477478,0.0,0.0,424.69506417981256,4332.373680814588,21406.99318192104,17368.692103781043,8595.173266500004,8562.920348250002,1.8189894035458565e-12,1.1368683772161603e-13,7,0
2025-10-07,41515.58093056765,69.03840833513104,0.0,0.0,69.03840833513104,347.19031402153416,41931.80965292431,67730.0933033006,67836.81578056389,106.72247726329283,0.0,80.79244118098597,6017.094301416491,21672.99125080729,17544.040330478907,8562.920348250002,8575.234329000003,1.8189894035458565e-12,1.1368683772161603e-13,7,0
2025-10-08,39646.97065136449,0.0,244.790440632563,122.3952203162815,-122.3952203162815,1510.008575050271,41034.58400609848,65441.73582254492,65095.584675939135,0.0,346.15114660578513,307.750968517823,4826.8550853071065,21423.81179701681,17325.82690453362,8575.234329000003,8605.7461635,9.094947017729282e-13,1.1368683772161603e-13,7,0
2025-10-09,40035.25873765158,0.0,2225.351686801977,1112.6758434009885,-1112.6758434009885,1044.1644376604445,39966.747331911036,64309.447555730636,60348.74196618734,0.0,3960.705589543293,208.0374080595858,5030.537304602476,17103.28696273384,17337.026576422722,8605.7461635,4735.341567268545,1.8189894035458565e-12,1.1368683772161603e-13,7,0
2025-10-10,17125.340069715858,0.0,10.479843094161357,5.239921547080678,-5.239921547080678,1153.8120104203392,18273.912158589115,33035.641875448804,33022.72050938904,0.0,12.921366059767674,299.5821656220365,20416.735793589243,18014.596945468358,14452.640980713195,4735.341567268545,4889.988839619851,1.8189894035458565e-12,1.1368683772161603e-13,7,0
2025-10-11,19377.607381657795,0.0,0.0,0.0,0.0,418.42118254585216,19796.028564203647,37804.09009507193,37804.09009507193,0.0,0.0,97.74585888745008,16563.965797086115,20649.190180777918,13417.633607237984,4889.988839619851,8565.7782165,9.094947017729282e-13,1.1368683772161603e-13,7,0
2025-10-12,41776.87909160287,0.0,351.9913240759597,175.99566203797986,-175.99566203797986,1104.5728622859879,42705.456291850875,68084.06134708234,67636.33049335814,0.0,447.7308537242039,282.2421375315399,5493.9254001462305,20561.949933211217,16652.25868580109,8565.7782165,8569.023505500001,1.8189894035458565e-12,2.2737367544323206e-13,7,0
2025-10-13,42532.980188466696,0.0,1192.896694355665,596.4483471778325,-596.4483471778325,1342.960185407435,43279.4920266963,69141.78004515596,66918.19998582973,0.0,2223.580059326204,376.446496981139,6176.635854784303,21431.605651587284,17340.9903235607,8569.023505500001,8589.701565750001,1.8189894035458565e-12,1.1368683772161603e-13,7,0
2025-10-14,43185.751162303015,100.67008946431622,796.0893998854071,398.0446999427036,-297.37461047838735,1749.2969717983808,44637.673523623016,70049.6685374975,68554.68948881447,127.91901012667682,1622.8980588097054,527.1516466676079,4212.432746522118,21599.859333298067,17504.280227671432,8589.701565750001,8580.374712750001,1.8189894035458565e-12,2.2737367544323206e-13,7,0
2025-10-15,42747.033024756834,80.71231054660203,98.4262082094213,49.21310410471065,31.499206441891374,1245.3950990522299,44023.927330250954,69928.64763544718,69840.85820919555,125.20338777998165,212.9928140316186,371.5473545988779,4147.564419308367,21816.38937979505,17671.571885308997,8580.374712750001,8580.045282000001,9.094947017729282e-13,1.1368683772161603e-13,7,0
2025-10-16,40964.7820443337,1160.8513790298448,0.0,0.0,1160.8513790298448,2497.158783191191,44622.79220655473,65409.90644316496,66624.4910140649,1214.5845708999545,0.0,612.3077829832558,3847.0343348226775,18370.703253240616,17947.41174101513,8580.045282000001,5172.109608788629,1.8189894035458565e-12,2.2737367544323206e-13,7,0
2025-10-17,17502.545096222526,9.7770696506079,0.0,0.0,9.7770696506079,766.2506019334812,18278.572767806614,33536.702779245636,33545.0346806054,8.331901359757893,0.0,193.89970926909308,14400.451663946638,16690.850665387905,13356.567256126722,5172.109608788629,5353.244923052493,1.8189894035458565e-12,1.1368683772161603e-13,7,0
2025-10-18,19770.144024691122,0.0,29.908855908571603,14.954427954285801,-14.954427954285801,286.09421606970807,20041.283812806545,38035.422220304754,37999.17418216575,0.0,36.248038139006766,107.06070435694636,15047.635011152488,21312.20878974095,14330.20218103741,5353.244923052493,8611.785966000001,1.8189894035458565e-12,1.1368683772161603e-13,7,0
2025-10-19,44464.80396543445,212.31774835783932,283.54026206630977,141.77013103315488,70.54761732468441,1536.3683735493898,46071.719956308516,72135.7236454474,71766.99411411754,186.35413261226927,555.0836639421318,347.90417907917515,3998.0751577709043,22146.838610749895,17915.73800865742,8611.785966000001,8637.5651505,1.8189894035458565e-12,1.1368683772161603e-13,7,0
2025-10-20,46422.129187821374,0.0,340.72167040928946,170.36083520464473,-170.36083520464473,663.88505855112,46915.65341116785,74855.12681931855,74396.83443764824,0.0,458.29238167029723,153.77479664791971,5823.671104082545,22866.638922615602,18580.483159068637,8637.5651505,8572.558893,9.094947017729282e-13,1.1368683772161603e-13,7,0
2025-10-21,46207.43089578381,309.19646649665293,8.01422049083668,4.00711024541834,305.1893562512346,983.3490703523963,47495.96932238744,74662.04077531029,75110.00497299692,460.1069560060805,12.142758319449513,257.4788775650155,4566.964233915563,22769.55784129672,18431.619574650347,8572.558893,8585.583644999999,1.8189894035458565e-12,2.2737367544323206e-13,7,0
2025-10-22,45564.385833291875,0.0,350.4317798615442,175.2158899307721,-175.2158899307721,2848.557439441108,48237.72738280221,74216.13866524806,73694.75926312074,0.0,521.3794021273327,564.4664181805036,4399.071076194856,22732.560084375713,18427.302179269325,8585.583644999999,8570.107521750002,9.094947017729282e-13,1.1368683772161603e-13,7,0
2025-10-23,46748.57873245244,0.0,3219.332564635928,1609.666282317964,-1609.666282317964,1253.599282493219,46392.511732627696,74610.35194229185,69578.71058188984,0.0,5031.641360402018,290.18960936439476,5476.730909020036,19571.66544216932,18558.99319326846,8570.107521750002,5563.502871626325,1.8189894035458565e-12,1.1368683772161603e-13,7,0
2025-10-24,18166.951419285964,56.46743148917574,0.0,0.0,56.46743148917574,1424.7556762343127,19648.174527009454,34633.944170996045,34681.43715245278,47.492981456734825,0.0,321.2984573271467,13103.956877741053,17417.689651930952,13938.961636558748,5563.502871626325,5751.688406632241,1.8189894035458565e-12,1.1368683772161603e-13,7,0
2025-10-25,19947.527863040727,8.094199431907578,0.0,0.0,8.094199431907578,639.8059636083265,20595.428026080957,38378.25177947238,38384.48808477263,6.236305300245959,0.0,163.25177343170958,12707.784883520495,20509.55292062911,14068.030679278594,5751.688406632241,8579.140836,9.094947017729282e-13,1.1368683772161603e-13,7,0
2025-10-26,47770.92228259373,12.799598295792599,1881.9961491579902,940.9980745789951,-928.1984762832026,500.64518466989983,47343.36899098043,76917.73945128155,74181.04215017454,9.706592572549653,2746.4038936795573,184.70610510586909,5434.998409430354,23093.551321359948,18707.113492176555,8579.140836,8577.655367250003,9.094947017729282e-13,1.1368683772161603e-13,7,0
2025-10-27,46978.36209891088,940.1795907228152,372.5080057582479,186.25400287912396,753.9255878436911,206.1959580979488,47938.483644852524,75473.56056269183,75587.69460251491,822.3620706992995,708.2280308762058,42.32716073072885,7726.440378929559,22843.336914339045,18492.337196689634,8577.655367250003,8589.617260500001,9.094947017729282e-13,2.2737367544323206e-13,7,0
2025-10-28,46923.15179740702,52.97018076389997,0.0,0.0,52.97018076389997,292.6650382590019,47268.787016429924,75440.31089545661,75495.78500713,55.47411167338976,0.0,86.09481453666073,5278.982493922762,22713.589060494185,18383.113432750288,8589.617260500001,8606.165823000001,9.094947017729282e-13,1.1368683772161603e-13,7,0
2025-10-29,47091.251642753545,632.0696138691783,0.0,0.0,632.0696138691783,1287.998142386593,49011.31939900931,76157.70464707832,76827.6706137699,669.9659666915705,0.0,335.1725336797216,3408.330498785073,23410.713277181814,18968.45742851727,8606.165823000001,8599.743963,1.8189894035458565e-12,1.1368683772161603e-13,7,0
2025-10-30,45341.18446175142,104.13305523854832,748.4685832011905,374.23429160059527,-270.10123636204696,936.1191161939536,46007.202341583325,72131.15698207886,71059.55403218922,84.56060284787065,1156.163552737516,251.73112549823122,5143.069612956544,20051.941951425302,18671.544056694387,8599.743963,5900.331656289004,1.8189894035458565e-12,1.1368683772161603e-13,7,0
2025-10-31,19190.177472632386,0.0,0.0,0.0,0.0,583.9914262367245,19774.16889886911,36040.82023469688,36040.82023469688,0.0,0.0,129.46651114067924,8679.493911349895,17909.3429098192,14322.842141998193,5900.331656289004,6104.471228461622,1.8189894035458565e-12,1.1368683772161603e-13,7,0
2025-11-01,20459.82973750851,0.0,14.94176467055897,7.470882335279485,-7.470882335279485,423.8226672715576,20876.181522444786,38932.63471773569,38912.345681736886,0.0,20.28903599879967,162.47416333014377,10388.8938997863,20538.185404409753,14396.297892462355,6104.471228461622,8592.95154525,9.094947017729282e-13,1.1368683772161603e-13,7,0
2025-11-02,49258.0060425455,162.85786890860936,253.6610176521946,126.8305088260973,36.02736008251206,1135.1880289795745,50429.221431607584,78839.82334166646,78718.35934707275,227.20478468321915,348.6687792769184,273.37734705120766,5631.8175882270625,23953.96512678189,19390.42995421833,8592.95154525,8606.597988000001,1.8189894035458565e-12,1.1368683772161603e-13,7,0
2025-11-03,50714.67212625139,0.0,876.4772140234654,438.2386070117327,-438.2386070117327,348.18316718840936,50624.61668642806,80934.96124774736,79700.78965376622,0.0,1234.1715939811415,135.32459903199685,5990.984506831023,22832.67764544138,18492.478182807517,8606.597988000001,8608.809888000002,1.8189894035458565e-12,1.1368683772161603e-13,7,0
2025-11-04,49952.37619496933,0.0,887.8608176738792,443.9304088369396,-443.9304088369396,670.7445579627788,50179.190344095165,80042.08680901991,78596.98986093455,0.0,1445.096948085344,157.1111742005619,6693.942679362443,23250.345932838638,18770.2596103993,8608.809888000002,8678.277216,9.094947017729282e-13,1.1368683772161603e-13,7,0
2025-11-05,50975.33994916025,0.0,1229.667523067444,614.833761533722,-614.833761533722,495.6342183355164,50856.140405962055,81348.69077166729,79543.03116658208,0.0,1805.6596050852013,164.35285734103354,5739.738519797106,23065.8655905755,18776.240153116156,8678.277216,8575.067188500001,9.094947017729282e-13,1.1368683772161603e-13,7,0
2025-11-06,49124.58290783792,12.79582537056246,5.620589184409992,2.810294592204996,9.985530778357464,1738.9353890068267,50873.50382762309,77665.85061658797,77674.31079176627,16.976219397097793,8.516044218803017,433.1738429611497,4708.382267442061,21020.7790810159,18991.26126373055,8575.067188500001,6392.366957269256,9.094947017729282e-13,1.1368683772161603e-13,7,0
2025-11-07,19907.281245393504,0.0,108.87625577028597,54.43812788514298,-54.43812788514298,213.4583047972248,20066.301422305587,37106.01603301971,36964.32165397486,0.0,141.69437904485034,63.71730092879483,10295.46512739172,18396.39856332536,14982.286519146759,6392.366957269256,6302.140642987906,1.8189894035458565e-12,1.1368683772161603e-13,7,0
2025-11-08,20892.195522240767,0.0,4.893832894601024,2.446916447300512,-2.446916447300512,293.60030118314455,21183.348906976607,39698.09279086797,39691.83709242159,0.0,6.25569844637738,102.70886218711286,9983.42166398307,20944.78598941972,14924.868798794085,6302.140642987906,8569.26047925,9.094947017729282e-13,1.1368683772161603e-13,7,0
2025-11-09,51185.54824936841,129.15542595641668,174.23162358786269,87.11581179393134,42.039614162485336,264.70354471110693,51492.291408242,81493.20548153413,81279.0483715698,126.53591023157514,340.69302019588247,94.90671019181498,5612.071814595664,23213.66328727697,18798.597203444348,8569.26047925,8574.227211750002,1.8189894035458565e-12,1.1368683772161603e-13,7,0
2025-11-10,51503.88334148782,824.7352844031893,0.0,0.0,824.7352844031893,854.1479959066761,53182.76662179769,81964.56976892173,82936.32606448347,971.7562955617473,0.0,240.30597328629608,4800.945593992258,23673.32086317115,19156.077519393628,8574.227211750002,8595.6854115,9.094947017729282e-13,1.1368683772161603e-13,7,0
2025-11-11,52412.33013354927,0.0,669.5859928299959,334.79299641499796,-334.79299641499796,62.85209845188589,52140.38923558616,83167.13065182255,82118.24500990173,0.0,1048.8856419208112,25.42893712930379,6206.285375677799,22980.26005953462,18601.891154848043,8595.6854115,8609.151515250001,1.8189894035458565e-12,1.1368683772161603e-13,7,0
2025-11-12,51885.111815057164,4.4309655152648375,268.7911375273569,134.39556876367845,-129.96460324841362,245.15914485405142,52000.3063566628,82356.66853483143,81868.13887675354,6.2041686937957365,494.7338267716833,63.00643111437114,6568.17654018844,23368.39231949726,18961.41130181778,8609.151515250001,8572.469823,1.8189894035458565e-12,1.1368683772161603e-13,7,0
2025-11-13,50891.63165462244,0.0,315.26132169983003,157.63066084991502,-157.63066084991502,1360.3980406058977,52094.39903437841,80123.17957988495,79695.67018634488,0.0,427.5093935400587,408.49241840908485,5064.80877269626,21379.83882332668,18736.356307935635,8572.469823,6996.151088509976,9.094947017729282e-13,1.1368683772161603e-13,7,0
2025-11-14,20150.933787924783,0.0,0.0,0.0,0.0,274.658795832045,20425.592583756825,37255.26670702218,37255.26670702218,0.0,0.0,85.16469626344721,6514.823824126774,18362.654657202373,15135.502378043522,6996.151088509976,6705.315415499314,1.8189894035458565e-12,1.1368683772161603e-13,7,0
2025-11-15,21382.3164888054,0.0,207.5430383917674,103.7715191958837,-103.7715191958837,562.2279153543024,21840.77288496382,40379.48983977177,39932.54333897207,0.0,446.946500799695,162.0112116864474,6209.576282206455,20949.677845183094,15276.586493397694,6705.315415499314,8586.0404835,9.094947017729282e-13,1.1368683772161603e-13,7,0
2025-11-16,52745.94605027602,28.677849777180473,133.13486696589752,66.56743348294876,-37.88958370576828,1207.127691342626,53915.18415791287,83517.47598368023,83273.16853674066,38.26324837223024,282.5706953117992,285.18892043024806,4598.31382766179,23860.488041056768,19334.98879488098,8586.0404835,8577.158837250001,1.8189894035458565e-12,1.1368683772161603e-13,7,0
2025-11-17,52613.84919032723,283.10759384897966,35.92234359098449,17.961171795492245,265.1464220534874,344.189045716097,53223.18465809681,83226.7165953396,83507.47457745165,361.85916735181155,81.10118523976746,123.51128320158352,6448.52706301081,23601.38212925838,19114.67766494929,8577.158837250001,8579.87201475,9.094947017729282e-13,1.1368683772161603e-13,7,0
2025-11-18,52610.29134985808,140.64355171799227,3.9434596282806806,1.9717298141403403,138.67182190385194,1278.9339890057172,54027.89716076764,83367.69324294396,83572.88148932037,213.56801349036675,8.379767113968683,398.2698540060688,4539.573035842202,23845.973216583654,19304.946742432763,8579.87201475,8591.30708475,1.8189894035458565e-12,1.1368683772161603e-13,7,0
2025-11-19,52753.10882265046,715.9940218434817,23.049463417337762,11.524731708668881,704.4692901348129,1066.159948231264,54523.73806101654,83554.5008888263,84255.76590658151,748.139203742831,46.87418598762497,318.5384633443748,4619.918448463201,24129.03547046149,19542.96114899881,8591.30708475,8593.0377315,1.8189894035458565e-12,1.1368683772161603e-13,7,0
2025-11-20,51997.420825344765,150.86578018447227,6.46954858026855,3.234774290134275,147.631005894338,1153.4970634235037,53298.54889466261,81865.97452486811,81980.97456701097,127.70258735794275,12.702545215090936,304.86796714136415,4703.874146037333,21941.348070693508,19152.455715911845,8593.0377315,7059.744644110993,9.094947017729282e-13,1.1368683772161603e-13,7,0
2025-11-21,20577.515731490697,0.0,0.0,0.0,0.0,655.1230638503049,21232.638795341,38305.331374720496,38305.331374720496,0.0,0.0,254.7537466214927,6138.843439494931,18918.8358363645,15361.978221184103,7059.744644110993,7017.832206634487,1.8189894035458565e-12,1.1368683772161603e-13,7,0
2025-11-22,21960.847627776682,0.0,242.3415433589172,121.1707716794586,-121.1707716794586,741.6838479672055,22581.360704064427,41842.185590237044,41332.99073545407,0.0,509.1948547829722,227.96972744633223,5928.520635140107,20968.596244857883,15555.985900430926,7017.832206634487,8605.140048750001,1.8189894035458565e-12,1.1368683772161603e-13,7,0
2025-11-23,53474.18256633187,595.4336612180051,618.9599208918087,309.47996044590434,285.9537007721008,821.8970631368762,54582.033330240854,84728.49820701992,84307.98169540596,451.8984456393337,872.4149572532808,237.55172154242342,4740.1167891692585,24067.04110879367,19493.72076434787,8605.140048750001,8605.787308500001,1.8189894035458565e-12,1.1368683772161603e-13,7,0
2025-11-24,53210.3875641934,0.5104151349372971,397.02047505146874,198.51023752573437,-197.99982239079708,866.5982258259614,53878.98596762857,84421.12083598552,83726.86014213508,0.45165484022413693,694.7123486906853,243.37025326230406,5294.718750034085,23734.572360859467,19221.00441549618,8605.787308500001,8610.230860499998,1.8189894035458565e-12,1.1368683772161603e-13,7,0
2025-11-25,54808.67708891908,0.0,612.1302511428404,306.0651255714202,-306.0651255714202,744.1304135892262,55246.74237693689,86686.32880438134,85774.72763413498,0.0,911.6011702463683,210.64305949058922,5205.093571005856,24387.329128568672,19775.712472615625,8610.230860499998,8585.813217750001,1.8189894035458565e-12,1.1368683772161603e-13,7,0
2025-11-26,53919.69696806733,362.30926372312894,0.0,0.0,362.30926372312894,1166.7583468536477,55448.76457864411,85541.51933355504,85879.24219708066,337.7228635256083,0.0,283.8442166616271,4730.633672259985,24591.20142223136,19916.415564082396,8585.813217750001,8588.543871000002,9.094947017729282e-13,1.1368683772161603e-13,7,0
2025-11-27,53368.957784176266,78.26815403905873,13.093706290605898,6.546853145302949,71.7213008937558,1107.291938851697,54547.97102392172,84125.3893227783,84167.0043696101,73.03478626160518,31.419739429783817,288.9100138300997,5176.452405792468,23201.878813150695,19703.30956883629,8588.543871000002,7577.66861523975,1.8189894035458565e-12,2.2737367544323206e-13,7,0
2025-11-28,21145.333405686157,0.0,137.19685115817134,68.59842557908567,-68.59842557908567,664.0296495911381,21740.764629698213,39818.61295335134,39547.77780847063,0.0,270.83514488070693,180.94549721199326,5088.826506041272,19516.187088880484,15797.528839239134,7577.66861523975,7589.427173855364,9.094947017729282e-13,1.1368683772161603e-13,7,0
2025-11-29,22830.98402021451,383.2419181891332,0.0,0.0,383.2419181891332,609.0568713524626,23823.282809756107,43670.509903685845,44182.9845100299,512.4746063440602,0.0,248.88888406749007,4622.879581539466,20865.211519882927,15985.667807325002,7589.427173855364,8606.264422499999,9.094947017729282e-13,1.1368683772161603e-13,7,0
2025-11-30,55427.169950893825,519.9841234705734,0.0,0.0,519.9841234705734,1222.408135943077,57169.56221030748,87478.73880994681,87993.14923163489,514.4104216880928,0.0,324.0764087724441,3419.57670369067,24621.24738039478,19968.42656034477,8606.264422499999,8578.246442250002,1.8189894035458565e-12,2.2737367544323206e-13,7,0
2025-12-01,56435.827951314124,0.0,506.6182593589174,253.3091296794587,-253.3091296794587,16392.574527882793,72575.09334951747,88782.42941331188,87988.78560548516,0.0,793.6438078267072,4518.8928239722045,1502.0348323961682,24698.017756330846,19991.30189260298,8578.246442250002,8593.9047645,9.094947017729282e-13,1.1368683772161603e-13,7,0
2025-12-02,58401.01158194274,4.832100092196618,138.89499460016748,69.44749730008374,-64.61539720788711,12407.647376656032,70744.04356139088,91603.20880911675,91387.26068193634,2.773005131672903,218.72113231208647,3302.6291421138058,1328.8356409893051,24939.164480188607,20215.920247127768,8593.9047645,8577.01918875,9.094947017729282e-13,1.1368683772161603e-13,7,0
2025-12-03,58463.16963760357,914.3027658276119,0.0,0.0,914.3027658276119,5061.051050030547,64438.52345346172,91572.68108862737,92545.95056392482,973.269475297463,0.0,1618.7809755121405,2258.5075885845827,24921.989271240534,20178.513887054825,8577.01918875,8586.23854725,1.8189894035458565e-12,1.1368683772161603e-13,7,0
2025-12-04,60937.30496418402,0.0,1158.5859469260063,579.2929734630031,-579.2929734630031,4825.501289161624,65183.51327988264,95033.10101514097,93464.77695237941,0.0,1568.32406276155,1295.5351630438347,3220.6222021078065,25116.091811923405,20347.610648607955,8586.23854725,8582.264901749999,1.8189894035458565e-12,1.1368683772161603e-13,7,0
2025-12-05,26652.393859207696,0.0,119.91263137252874,59.95631568626437,-59.95631568626437,1369.8150126684216,27962.25255618985,50604.6135945898,50335.51980963438,0.0,269.0937849554132,401.484331104993,5291.805290964105,21579.3842014049,17445.813034962965,8582.264901749999,8619.4739775,9.094947017729282e-13,1.1368683772161603e-13,7,0
2025-12-06,28087.733893766756,0.0,159.53876178304193,79.76938089152097,-79.76938089152097,1017.2760817338147,29025.240594609048,53098.42644579685,52863.78116580977,0.0,234.6452799870755,250.6039266554353,5422.1167046642495,21419.140801101537,17391.503229967246,8619.4739775,8572.80822075,9.094947017729282e-13,1.1368683772161603e-13,7,0
2025-12-07,64214.96750952916,0.0,1098.6976086680363,549.3488043340182,-549.3488043340182,1140.707110782495,64806.325815977645,99694.16149525886,97983.41576559495,0.0,1710.7457296638986,274.39547400202576,5840.748322532233,25113.933102314448,20349.551435249698,8572.80822075,8564.735307000003,9.094947017729282e-13,1.1368683772161603e-13,7,0
2025-12-08,65206.80169469319,36.15185234845373,253.37514916871967,126.68757458435984,-90.5357222359061,339.9771026348025,65456.24307509209,101176.74455975354,100891.17096048253,52.51584954682198,338.0894488178167,63.98247148332109,8304.100298019217,25253.034406210412,20449.192388930438,8564.735307000003,8571.141396,1.8189894035458565e-12,1.1368683772161603e-13,7,0
2025-12-09,64862.103323458374,0.0,946.3144632172325,473.15723160861626,-473.15723160861626,628.9767725827522,65017.92286443251,100682.14063161558,99237.27058018111,0.0,1444.8700514344573,142.47349184882128,7199.903978202508,25207.25620821456,20415.870381053803,8571.141396,8573.37156,1.8189894035458565e-12,2.2737367544323206e-13,7,0
2025-12-10,63411.21138497099,30.91374254006973,27.961308307105813,13.980654153552907,16.933088386516822,297.17259874443937,63725.31707210194,98663.64221443658,98670.99278678,41.26248119738182,33.91190885397458,80.85485936767498,5525.577574844913,25490.747188216235,20652.09558358015,8573.37156,8568.27115875,1.8189894035458565e-12,1.1368683772161603e-13,7,0
2025-12-11,63898.84830853757,0.0,1369.5171681371226,684.7585840685613,-684.7585840685613,765.0496410286717,63979.139365497686,99254.47117698981,97447.20228539551,0.0,1807.268891594287,224.2165017444034,6934.39473857674,25102.670454674677,20326.901106111487,8568.27115875,8575.2288945,1.8189894035458565e-12,1.1368683772161603e-13,7,0
2025-12-12,27545.445964990995,221.20862391695445,0.0,0.0,221.20862391695445,905.0606645674824,28671.715253475435,52276.102260033564,52582.46646773873,306.36420770516435,0.0,273.3927225326991,5080.16619813799,21428.237018158427,17366.957509358326,8575.2288945,8564.022756000002,9.094947017729282e-13,1.1368683772161603e-13,7,0
2025-12-13,27623.7620734071,0.0,121.8577841000995,60.92889205004975,-60.92889205004975,933.3537561016833,28496.186937458733,52511.69876383505,52255.248325244145,0.0,256.4504385909032,211.74340254803303,4636.70119075977,21245.226828284627,17213.469674585554,8564.022756000002,8558.64948525,1.8189894035458565e-12,1.1368683772161603e-13,7,0
2025-12-14,62654.50672736054,72.51638147365114,0.0,0.0,72.51638147365114,1345.6712893624606,64072.69439819665,97539.35299761366,97639.35990668625,100.0069090725815,0.0,322.4142714081487,4364.679305871208,25340.0119461747,20521.63887395151,8558.64948525,8562.839265749999,1.8189894035458565e-12,2.2737367544323206e-13,7,0
2025-12-15,63555.653074524045,242.189304015565,0.0,0.0,242.189304015565,911.8691058523506,64709.711484391955,99031.09649895981,99351.70231826199,320.6058193021766,0.0,255.69609551692872,5329.37561088761,25307.709664340186,20499.244828115545,8562.839265749999,8562.839265749999,1.8189894035458565e-12,1.1368683772161603e-13,7,0
2025-12-16,64504.612247608595,0.0,670.469795816276,335.234897908138,-335.234897908138,450.8570204809689,64620.23437018143,100135.47544819259,99241.23204906851,0.0,894.2433991240773,143.54372145104924,5152.785375956305,25300.05714923641,20486.158088006494,8562.839265749999,8570.4928245,1.8189894035458565e-12,1.1368683772161603e-13,7,0
2025-12-17,64202.2208656524,0.0,1067.0399473082634,533.5199736541317,-533.5199736541317,1133.382102939484,64802.08299493776,99991.23815635731,98430.18483930628,0.0,1561.053317051031,299.62303735672356,5801.865220419522,24917.248120799035,20181.15253122222,8570.4928245,8572.513320750002,9.094947017729282e-13,1.1368683772161603e-13,7,0
2025-12-18,63321.839511457874,0.0,587.6719991548862,293.8359995774431,-293.8359995774431,540.1509108728145,63568.15442275324,98377.402587406,97375.23451547368,0.0,1002.1680719323188,215.07440817592305,5430.84308267897,25226.522654231434,20433.323779927465,8572.513320750002,8572.69062075,9.094947017729282e-13,1.1368683772161603e-13,7,0
2025-12-19,27486.86786591244,0.0,99.59450810342531,49.797254051712656,-49.797254051712656,1329.4243395715075,28766.49495143224,52132.554062568364,52009.20550709925,0.0,123.34855546911263,315.3017649924986,5297.936354367631,21569.251636442743,17451.07201871862,8572.69062075,8594.937072749997,1.8189894035458565e-12,1.1368683772161603e-13,7,0
2025-12-20,27697.20394047418,0.0,456.27235203717186,228.13617601858593,-228.13617601858593,485.9764752226202,27955.044239678216,52535.444401056375,51770.41227600667,0.0,765.0321250497036,141.17766191370544,4997.592283718994,21443.21389803358,17385.568493832197,8594.937072749997,8576.531254500002,9.094947017729282e-13,1.1368683772161603e-13,7,0
2025-12-21,63182.14952458168,0.0,151.49437792644034,75.74718896322017,-75.74718896322017,1987.658470209395,65094.060805827845,98343.73520381904,98019.92817506802,0.0,323.8070287510177,612.5261090148954,4839.132399891179,25093.19357078989,20337.653553264812,8576.531254500002,8563.012631249998,1.8189894035458565e-12,1.1368683772161603e-13,7,0
2025-12-22,63963.79643779477,0.0,70.63919224594014,35.31959612297007,-35.31959612297007,876.8105749771494,64805.28741664895,99461.4821171388,99357.59703006416,0.0,103.88508707464581,215.1191522241067,5838.615612900922,25235.00813238959,20438.334646335574,8563.012631249998,8565.25923225,1.8189894035458565e-12,1.1368683772161603e-13,7,0
2025-12-23,64315.07608212279,0.0,972.6280813518232,486.3140406759116,-486.3140406759116,271.5720869446963,64100.33412839158,99926.15882396857,98444.46447536863,0.0,1481.694348599943,59.39485875305934,6514.348703883237,24898.53489765851,20167.116800753392,8565.25923225,8566.03308375,1.8189894035458565e-12,1.1368683772161603e-13,7,0
2025-12-24,63218.90411143034,0.0,208.3783667654041,104.18918338270205,-104.18918338270205,608.5031851892277,63723.218113236864,98412.49660781174,98072.85439187089,0.0,339.64221594086735,175.33598246444762,5538.781988221637,25501.340713405436,20646.49164395841,8566.03308375,8576.69345475,9.094947017729282e-13,1.1368683772161603e-13,7,0
2025-12-25,62207.06660967613,70.39471186442907,15.400084914631096,7.700042457315548,62.69466940711352,957.1381035426472,63226.899382625896,96879.49344058767,96955.3208797407,106.87303943811469,31.04560028507649,351.7582463502767,4699.267235850375,25156.394175433044,20361.03081852577,8576.69345475,8594.080636499999,1.8189894035458565e-12,1.1368683772161603e-13,7,0
2025-12-26,26999.284495237916,0.0,42.949867976030276,21.474933988015138,-21.474933988015138,1017.896273617723,27995.705834867626,51221.5416457021,51131.639956545936,0.0,89.90168915616096,279.08803351882136,4355.617190614603,21449.24227745698,17401.75391134015,8594.080636499999,8563.116562500001,1.8189894035458565e-12,1.1368683772161603e-13,7,0
2025-12-27,26928.531448212325,0.0,22.1671302889214,11.0835651444607,-11.0835651444607,1119.512637396635,28036.960520464498,51410.280028155044,51360.54391991078,0.0,49.736108244273396,268.07231052713735,4160.847354176134,21624.69520076372,17495.735391168608,8563.116562500001,8585.636252999999,9.094947017729282e-13,1.1368683772161603e-13,7,0
2025-12-28,62300.92518822317,0.0,790.978536986823,395.4892684934115,-395.4892684934115,1029.643778887682,62935.07969861744,97034.01315741875,95989.3747447186,0.0,1044.6384127001477,299.5381506053576,4746.461605879902,24893.42110720554,20160.22456776149,8585.636252999999,8589.465729749998,1.8189894035458565e-12,1.1368683772161603e-13,7,0
2025-12-29,62725.035447726565,349.45934429298893,0.0,0.0,349.45934429298893,878.8555083750393,63953.35030039459,97981.08526863265,98312.6169039056,331.53163527293947,0.0,207.58280608434933,6246.316285370256,24995.872436594844,20245.755278641824,8589.465729749998,8590.46727975,9.094947017729282e-13,1.1368683772161603e-13,7,0
2025-12-30,62703.892333588024,0.0,1158.4958035936559,579.2479017968279,-579.2479017968279,764.4650608902905,62889.109492681484,97775.0383364131,96117.84335318308,0.0,1657.1949832300065,211.3114979256907,5369.42948536097,24908.285196567434,20172.962430819625,8590.46727975,8593.521255749998,9.094947017729282e-13,1.1368683772161603e-13,7,0
2025-12-31,60908.84022373168,0.0,23.036675826647574,11.518337913323787,-11.518337913323787,2043.5088756991368,62940.83076151749,94417.59458291325,94367.1493446168,0.0,50.44523829645709,492.5796325195724,4311.965779291901,22292.15470887436,20390.814444363223,8593.521255749998,6000.0,9.094947017729282e-13,2.2737367544323206e-13,7,0
