date,interval,emergency_kwh,start_period,end_period
2025-02-01,14:20-14:30,24.622752976190554,87,87
2025-02-01,15:10-15:40,85.75816471861435,92,94
2025-02-01,21:10-21:20,12.32296250000013,128,128
2025-02-02,18:20-18:40,16.589172283272433,111,112
2025-02-03,3:10-3:20,3.913951388888904,20,20
2025-02-03,9:10-9:20,5.7991082875458915,56,56
2025-02-03,10:30-10:40,16.9574241605618,64,64
2025-02-03,11:20-11:30,6.057509157509003,69,69
2025-02-03,12:30-12:50,26.603924175824318,76,77
2025-02-03,13:20-13:30,13.480135836385443,81,81
2025-02-03,18:20-18:30,10.813750000000027,111,111
2025-02-03,22:30-22:40,3.6995638888888607,136,136
2025-02-04,9:20-9:40,56.3629000066594,57,58
2025-02-04,13:00-15:20,550.5448536630031,79,92
2025-02-04,18:20-18:30,0.8883333333333212,111,111
2025-02-04,19:50-20:00,11.256805555555502,120,120
2025-02-04,22:10-22:30,51.83228888888891,134,135
2025-02-05,0:10-0:20,3.0548166666667385,2,2
2025-02-05,2:20-2:30,3.5518055555556884,15,15
2025-02-05,7:10-7:20,10.304063873626546,44,44
2025-02-05,9:20-9:50,59.58011546758746,57,59
2025-02-05,10:00-10:20,25.628076724663856,61,62
2025-02-05,10:50-11:00,24.977600732600536,66,66
2025-02-05,11:30-11:50,167.1142695906874,70,71
2025-02-05,18:00-18:20,25.848956959706925,109,110
2025-02-06,0:10-0:20,11.643812499999967,2,2
2025-02-06,7:50-8:20,42.305971504884724,48,50
2025-02-06,14:40-14:50,7.405696993284323,89,89
2025-02-06,19:00-19:10,3.529072161171939,115,115
2025-02-06,21:10-21:20,1.231595833333131,128,128
2025-02-06,23:00-23:10,0.1539708333332328,139,139
2025-02-07,3:30-3:40,5.015695833333382,22,22
2025-02-07,8:30-8:40,2.9299502594629985,52,52
2025-02-07,18:30-18:40,1.168662500000039,112,112
2025-02-07,20:40-20:50,15.359312500000044,125,125
2025-02-08,14:20-14:30,7.922335164834976,87,87
2025-02-08,16:00-16:10,3.6428306318682075,97,97
2025-02-08,19:00-19:20,21.68780000000021,115,116
2025-02-08,20:30-20:40,12.195495833333382,124,124
2025-02-09,4:00-4:10,2.0037750000000187,25,25
2025-02-09,10:40-11:20,331.7160049297919,65,68
2025-02-09,11:30-12:00,127.87098006715473,70,72
2025-02-09,12:20-13:20,291.7723113705739,75,80
2025-02-09,19:10-19:20,2.876012499999888,116,116
2025-02-10,18:50-19:00,18.6862500000002,114,114
2025-02-11,19:30-19:40,0.9120874999998705,118,118
2025-02-11,20:10-20:20,4.689883333333455,122,122
2025-02-11,20:50-21:00,1.1612499999999955,126,126
2025-02-11,21:20-21:30,13.847361111111127,129,129
2025-02-12,6:10-6:20,3.2186656135532985,38,38
2025-02-12,15:30-15:50,64.72374128510421,94,95
2025-02-12,16:10-16:20,1.6715042124542379,98,98
2025-02-12,18:10-18:30,25.451934508546856,110,111
2025-02-12,19:50-20:00,6.2604166666667425,120,120
2025-02-12,21:30-21:40,0.6973333333332903,130,130
2025-02-12,23:10-23:20,7.049166666666679,140,140
2025-02-13,0:00-0:20,15.867441666666537,1,2
2025-02-13,3:10-3:20,0.046566666666649326,20,20
2025-02-13,3:40-3:50,2.9052083333333485,23,23
2025-02-13,19:10-19:20,10.523856547618948,116,116
2025-02-13,19:30-19:50,10.567129166666518,118,119
2025-02-14,0:00-0:10,17.418883333333383,1,1
2025-02-14,5:40-5:50,5.317932203907276,35,35
2025-02-14,10:30-11:50,604.7883107448092,64,71
2025-02-14,12:20-12:30,22.871684981685007,75,75
2025-02-14,15:50-16:20,42.058080173992835,96,98
2025-02-14,17:00-17:20,41.04980619658096,103,104
2025-02-14,17:40-18:10,35.3182079670334,107,109
2025-02-14,23:10-23:20,2.3347583333334114,140,140
2025-02-15,2:30-2:40,0.24844166666662204,16,16
2025-02-15,5:50-6:00,8.139583333333348,36,36
2025-02-15,11:10-11:30,102.03099004883984,68,69
2025-02-15,14:50-15:30,47.09715984432205,90,93
2025-02-15,15:40-16:10,96.68568739316254,95,97
2025-02-15,16:40-17:10,16.056562820512966,101,103
2025-02-15,17:20-17:30,3.0858333333335395,105,105
2025-02-15,18:00-18:10,2.2797120879121735,109,109
2025-02-15,19:30-19:50,61.40282083333335,118,119
2025-02-15,21:00-21:20,17.082595833333187,127,128
2025-02-15,21:30-21:40,5.123508333333291,130,130
2025-02-15,22:30-22:40,10.614187500000071,136,136
2025-02-15,23:00-23:20,22.84208194444477,139,140
2025-02-16,1:30-1:40,6.623758333333171,10,10
2025-02-16,2:30-2:50,23.251600000000053,16,17
2025-02-16,3:30-3:40,6.6272833333333665,22,22
2025-02-16,4:10-4:30,1.2731222222221277,26,27
2025-02-16,4:50-5:00,22.836666666666815,30,30
2025-02-16,5:50-6:00,9.856250000000045,36,36
2025-02-16,8:10-8:20,20.35884629120892,50,50
2025-02-16,9:30-12:00,582.2173092643455,58,72
2025-02-16,12:20-12:50,53.582537683150804,75,77
2025-02-16,13:00-13:10,4.6528355616615045,79,79
2025-02-16,16:40-17:10,62.77994117826643,101,103
2025-02-16,17:40-17:50,18.500333577533866,107,107
2025-02-16,18:50-19:20,53.5581411630036,114,116
2025-02-16,19:50-20:10,17.91702499999974,120,121
2025-02-16,21:30-21:50,13.302519444444442,130,131
2025-02-16,22:50-23:00,5.16944444444448,138,138
2025-02-16,23:30-23:40,25.493165277777734,142,142
2025-02-17,0:10-0:20,4.710412500000075,2,2
2025-02-17,2:10-2:20,1.9715333333333547,14,14
2025-02-17,12:10-12:30,43.010545360195465,74,75
2025-02-17,16:30-16:40,2.4832304945055057,100,100
2025-02-17,16:50-17:10,17.950728113553055,102,103
2025-02-17,18:50-19:20,56.252803388278494,114,116
2025-02-17,20:00-20:20,14.426216666666505,121,122
2025-02-17,21:30-21:40,4.228474999999889,130,130
2025-02-17,22:50-23:30,51.60274027777791,138,141
2025-02-18,3:40-4:00,14.179863888888804,23,24
2025-02-18,4:50-5:00,12.756250000000136,30,30
2025-02-18,8:20-8:40,50.64927857142891,51,52
2025-02-18,12:40-13:00,44.61323795787598,77,78
2025-02-18,13:20-14:10,163.9557857600737,81,85
2025-02-18,14:30-15:10,80.62323104395682,88,91
2025-02-18,16:30-16:40,1.393969322344219,100,100
2025-02-18,18:30-18:40,0.06371307997551412,112,112
2025-02-18,19:00-19:20,6.169263904151762,115,116
2025-02-18,20:00-20:40,28.35237638888907,121,124
2025-02-18,22:00-22:10,5.324687499999982,133,133
2025-02-18,22:50-23:00,2.4815277777777283,138,138
2025-02-18,23:20-23:30,8.742083333333312,141,141
2025-02-19,1:10-1:30,5.95679999999993,8,9
2025-02-19,1:50-2:10,52.868238888888754,12,13
2025-02-19,2:30-3:00,17.589679166666315,16,18
2025-02-19,3:20-3:30,0.3874999999999318,21,21
2025-02-19,4:40-5:00,42.28606249999996,29,30
2025-02-19,6:20-6:30,45.02847222222215,39,39
2025-02-19,6:50-7:10,23.302389560439565,42,43
2025-02-19,8:20-9:30,156.87110045787642,51,57
2025-02-19,9:40-10:00,86.90689394078152,59,60
2025-02-19,13:20-13:30,5.355364774114605,81,81
2025-02-19,14:00-15:30,305.0956810439559,85,93
2025-02-19,16:00-16:10,19.456472985348114,97,97
2025-02-19,17:20-17:30,0.10625000000004547,105,105
2025-02-19,18:10-18:20,4.108083836996229,110,110
2025-02-19,19:50-20:10,38.044454166666924,120,121
2025-02-19,20:30-21:20,32.979600000000346,124,128
2025-02-19,22:20-22:40,12.56190277777796,135,136
2025-02-19,23:30-24:00,90.44436944444465,142,144
2025-02-20,1:00-1:10,8.683462500000019,7,7
2025-02-20,3:40-3:50,0.6964125000000649,23,23
2025-02-20,4:00-4:10,2.1909458333333305,25,25
2025-02-20,7:10-7:30,38.51032472527504,44,45
2025-02-20,7:40-8:10,21.74805799755802,47,49
2025-02-20,8:20-8:40,38.43799033882806,51,52
2025-02-20,10:10-10:40,105.89123827838853,62,64
2025-02-20,11:50-12:00,24.774784798535165,72,72
2025-02-20,17:00-17:20,34.81588025030533,103,104
2025-02-20,18:20-18:40,35.12495416666661,111,112
2025-02-20,20:00-20:20,16.209504166666648,121,122
2025-02-20,20:50-21:10,39.591122222222,126,127
2025-02-20,22:10-22:20,4.425487499999917,134,134
2025-02-20,22:50-23:10,56.93234583333333,138,139
2025-02-21,0:40-1:00,14.323988888888834,5,6
2025-02-21,1:20-1:30,3.2933333333333508,9,9
2025-02-21,1:50-2:10,39.95301250000011,12,13
2025-02-21,3:50-4:00,2.250972222222117,24,24
2025-02-21,5:20-5:40,11.872535210622232,33,34
2025-02-21,7:20-7:50,42.80671565934102,45,47
2025-02-21,16:30-16:50,19.11987706043965,100,101
2025-02-21,17:30-18:00,64.10772739621513,106,108
2025-02-21,18:10-18:30,32.80654897741152,110,111
2025-02-21,19:20-19:40,45.796629166666605,117,118
2025-02-21,20:50-21:10,41.22310000000016,126,127
2025-02-21,21:40-22:00,27.38039027777785,131,132
2025-02-21,22:40-23:20,40.723299999999824,137,140
2025-02-21,23:40-24:00,31.473687500000153,143,144
2025-02-22,0:50-1:20,6.638237500000116,6,8
2025-02-22,1:50-2:10,66.94062638888875,12,13
2025-02-22,2:40-2:50,8.156341666666663,17,17
2025-02-22,3:10-4:10,48.58183194444433,20,25
2025-02-22,5:00-5:20,30.234074084249244,31,32
2025-02-22,8:00-8:10,11.45632142857147,49,49
2025-02-22,13:40-14:50,204.07608833943698,83,89
2025-02-22,15:30-16:10,170.01011315628796,94,97
2025-02-22,16:20-16:50,27.392115934066055,99,101
2025-02-22,17:00-17:20,65.16581340048833,103,104
2025-02-22,17:30-18:00,115.85861964285746,106,108
2025-02-22,19:10-19:40,5.96214867216122,116,118
2025-02-22,20:40-20:50,7.256166666666672,125,125
2025-02-22,21:20-21:30,12.135833333333323,129,129
2025-02-22,21:40-22:00,24.53325555555557,131,132
2025-02-22,22:50-23:10,15.604500000000144,138,139
2025-02-22,23:40-24:00,43.7293375000001,143,144
2025-02-23,0:00-0:30,31.769654166666783,1,3
2025-02-23,1:10-1:40,16.108804166666914,8,10
2025-02-23,3:00-3:20,47.44736111111115,19,20
2025-02-23,4:30-4:40,25.65874702380961,28,28
2025-02-23,5:10-5:30,96.88797499999998,32,33
2025-02-23,5:50-6:10,6.7884758394384335,36,37
2025-02-23,6:40-6:50,11.713942902930398,41,41
2025-02-23,7:30-7:50,31.921107783882917,46,47
2025-02-23,8:00-8:20,29.16445387667909,49,50
2025-02-23,9:50-10:20,62.07665673077088,60,62
2025-02-23,12:00-12:50,310.47545683760666,73,77
2025-02-23,13:40-14:00,74.73463054029332,83,84
2025-02-23,15:20-15:40,32.50595847069576,93,94
2025-02-23,19:20-19:40,31.00244583333324,117,118
2025-02-23,20:10-20:40,41.83032500000036,122,124
2025-02-23,21:00-21:20,51.834494444444545,127,128
2025-02-23,21:30-22:00,25.241331944444596,130,132
2025-02-23,22:10-22:30,30.39049583333326,134,135
2025-02-23,23:10-23:40,29.098816666666607,140,142
2025-02-24,0:30-0:50,52.69512500000019,4,5
2025-02-24,1:00-1:20,15.962291666666488,7,8
2025-02-24,3:00-3:10,9.169954166666685,19,19
2025-02-24,6:00-6:10,22.940812591575195,37,37
2025-02-24,6:30-6:50,43.379107692307684,40,41
2025-02-24,15:30-17:40,298.8731319749696,94,106
2025-02-24,18:40-18:50,8.258604075091625,113,113
2025-02-24,20:10-21:00,122.84978611111137,122,126
2025-02-24,21:30-21:50,24.8267708333334,130,131
2025-02-24,22:00-22:20,14.912050000000022,133,134
2025-02-24,23:20-23:30,10.361250000000155,141,141
2025-02-25,0:00-0:10,15.797241666666423,1,1
2025-02-25,0:40-0:50,5.5849708333333865,5,5
2025-02-25,1:00-1:20,35.21458750000011,7,8
2025-02-25,2:00-2:20,44.10617083333341,13,14
2025-02-25,3:00-3:20,16.037194444444594,19,20
2025-02-25,5:00-5:10,2.2628994505492983,31,31
2025-02-25,5:40-6:00,72.39753333333317,35,36
2025-02-25,6:20-6:30,23.642811355311323,39,39
2025-02-25,6:50-7:10,38.59210879120906,42,43
2025-02-25,15:50-16:30,28.463612042124055,96,99
2025-02-25,18:40-19:10,58.279242948717865,113,115
2025-02-25,20:40-20:50,13.608779166666864,125,125
2025-02-25,21:00-21:30,40.2185708333335,127,129
2025-02-25,21:50-22:20,41.95312916666626,132,134
2025-02-25,23:10-23:40,59.073262500000055,140,142
2025-02-26,1:00-1:40,38.55638749999969,7,10
2025-02-26,2:10-2:20,4.380462499999908,14,14
2025-02-26,2:30-2:40,6.741766666666763,16,16
2025-02-26,3:00-3:30,58.22877777777785,19,21
2025-02-26,4:20-4:30,2.2841666666666924,27,27
2025-02-26,5:00-5:20,14.790249725274748,31,32
2025-02-26,6:20-7:00,14.515879990842905,39,42
2025-02-26,8:50-9:00,2.325902014652115,54,54
2025-02-26,10:50-11:00,1.7188369963373589,66,66
2025-02-26,12:50-13:00,28.298782051281933,78,78
2025-02-26,13:40-14:10,62.4939169413916,83,85
2025-02-26,14:30-16:40,447.02141016483677,88,100
2025-02-26,16:50-17:10,17.019670467032938,102,103
2025-02-26,17:40-17:50,13.57646520146534,107,107
2025-02-26,18:20-18:30,22.48208333333332,111,111
2025-02-26,18:50-19:10,24.211024267398898,114,115
2025-02-26,19:40-20:00,19.53440000000046,119,120
2025-02-26,20:40-20:50,5.459224999999947,125,125
2025-02-26,22:20-22:30,26.920416666666597,135,135
2025-02-26,23:10-23:30,15.5227541666668,140,141
2025-02-27,1:00-1:20,19.495083333333127,7,8
2025-02-27,2:20-2:30,7.352083333333212,15,15
2025-02-27,3:20-3:30,8.096250000000055,21,21
2025-02-27,4:10-4:20,8.722099999999955,26,26
2025-02-27,6:00-6:10,2.8188101648353268,37,37
2025-02-27,6:30-6:50,31.94832243589758,40,41
2025-02-27,7:10-7:50,39.452294963369695,44,47
2025-02-27,8:00-8:30,47.77712728937752,49,51
2025-02-27,8:40-10:00,361.82070119047546,53,60
2025-02-27,16:20-16:30,3.800897435897582,99,99
2025-02-27,17:30-17:50,16.59260375457893,106,107
2025-02-27,18:10-18:40,33.00804546703273,110,112
2025-02-27,20:30-20:50,7.396458333333385,124,125
2025-02-27,21:10-21:30,29.58840416666692,128,129
2025-02-28,0:20-0:40,15.968254166666782,3,4
2025-02-28,1:00-1:20,52.72949583333343,7,8
2025-02-28,1:30-1:40,8.04852916666664,10,10
2025-02-28,2:20-2:40,7.345983333333493,15,16
2025-02-28,4:30-5:20,95.04989065934069,28,32
2025-02-28,5:40-5:50,0.5099829212454097,35,35
2025-02-28,7:20-7:40,88.68411510989006,45,46
2025-02-28,11:20-12:00,231.8468411172163,69,72
2025-02-28,13:10-13:20,30.41252440476194,80,80
2025-02-28,16:30-17:00,48.27204894688674,100,102
2025-02-28,17:20-17:30,1.913214285714389,105,105
2025-02-28,18:30-18:40,0.6650780677657053,112,112
2025-02-28,19:20-19:30,17.39166666666665,117,117
2025-02-28,20:20-20:30,24.88666666666677,123,123
2025-02-28,20:50-21:10,42.144483333333255,126,127
2025-02-28,21:30-21:50,34.327758333333406,130,131
2025-02-28,22:00-22:20,6.891150000000039,133,134
2025-02-28,23:00-23:30,27.199899999999957,139,141
2025-02-28,23:50-24:00,7.592083333333335,144,144
2025-03-01,0:00-0:20,46.09601249999986,1,2
2025-03-01,0:30-0:50,6.505720833333555,4,5
2025-03-01,1:20-1:40,20.019450000000063,9,10
2025-03-01,7:50-8:00,3.6820329670331375,48,48
2025-03-01,8:50-9:00,16.44333333333327,54,54
2025-03-01,10:50-11:40,212.37051282051334,66,70
2025-03-01,15:40-16:40,161.57513250915855,95,100
2025-03-01,16:50-17:20,92.25983191391919,102,104
2025-03-01,18:10-18:30,45.94126570512833,110,111
2025-03-01,19:00-19:20,4.833231135531321,115,116
2025-03-01,20:20-20:30,11.412916666666717,123,123
2025-03-01,20:50-21:10,34.14517083333328,126,127
2025-03-01,21:40-22:00,27.13645416666685,131,132
2025-03-01,22:20-22:40,5.078862500000014,135,136
2025-03-01,23:10-23:20,7.519470833333116,140,140
2025-03-02,0:20-0:30,5.3950000000000955,3,3
2025-03-02,1:10-1:30,11.46493333333342,8,9
2025-03-02,2:30-2:40,13.073762500000043,16,16
2025-03-02,9:50-10:10,27.838176053113102,60,61
2025-03-02,10:20-16:00,4156.197458195971,63,96
2025-03-02,16:30-16:50,49.00369821428569,100,101
2025-03-02,17:00-18:20,184.4759347069595,103,110
2025-03-02,19:20-19:40,9.584999999999923,117,118
2025-03-02,20:20-20:30,6.259166666666715,123,123
2025-03-02,20:40-21:40,121.28698333333375,125,130
2025-03-02,23:00-23:20,31.57448333333332,139,140
2025-03-02,23:30-23:50,55.676562500000045,142,143
2025-03-03,0:00-0:20,21.91893749999963,1,2
2025-03-03,0:30-0:40,20.670837499999948,4,4
2025-03-03,1:10-1:20,1.4301583333332246,8,8
2025-03-03,1:30-2:00,69.7739541666665,10,12
2025-03-03,2:40-2:50,2.9058791666667503,17,17
2025-03-03,3:20-3:30,0.21291666666661513,21,21
2025-03-03,7:50-8:10,5.567628571428145,48,49
2025-03-03,8:40-9:00,24.81609496336978,53,54
2025-03-03,9:10-10:30,524.4124398809539,56,63
2025-03-03,11:20-11:30,56.00607600732633,69,69
2025-03-03,11:50-12:00,30.687069597069808,72,72
2025-03-03,14:10-16:50,999.3676306776538,86,101
2025-03-03,17:00-17:20,6.391637454212628,103,104
2025-03-03,17:40-17:50,1.6411708333333763,107,107
2025-03-03,18:50-19:10,19.322428205128062,114,115
2025-03-03,20:30-21:00,107.59489166666685,124,126
2025-03-03,21:10-21:40,54.03292916666692,128,130
2025-03-03,22:10-22:40,35.06120416666613,134,136
2025-03-03,23:30-23:50,37.15327500000012,142,143
2025-03-04,0:10-1:20,63.201754166666774,2,8
2025-03-04,1:40-2:00,79.06759999999974,11,12
2025-03-04,3:20-3:30,7.028333333333308,21,21
2025-03-04,4:00-4:10,15.409708333333242,25,25
2025-03-04,7:50-8:20,70.08099688644643,48,50
2025-03-04,11:20-11:30,12.99391025640989,69,69
2025-03-04,15:30-15:40,6.936557829670164,94,94
2025-03-04,15:50-16:00,1.807756410256843,96,96
2025-03-04,16:10-16:20,2.081035027472467,98,98
2025-03-04,17:10-17:30,12.87310160256402,104,105
2025-03-04,19:30-19:40,5.275702976190587,118,118
2025-03-04,20:10-21:00,35.185245833333624,122,126
2025-03-04,21:20-21:50,19.984712499999887,129,131
2025-03-04,22:20-22:30,5.59375,135,135
2025-03-04,23:00-23:20,39.94274166666651,139,140
2025-03-04,23:30-24:00,103.26245416666666,142,144
2025-03-05,0:30-1:00,33.20102500000007,4,6
2025-03-05,13:20-13:30,0.40665293040297,81,81
2025-03-05,17:30-17:40,0.464068772894052,106,106
2025-03-05,19:40-19:50,6.570016666666675,119,119
2025-03-05,20:00-20:50,57.84979583333336,121,125
2025-03-05,21:10-21:20,1.2317458333333207,128,128
2025-03-05,22:10-22:20,1.7494958333332988,134,134
2025-03-05,22:30-22:50,12.774337499999774,136,137
2025-03-05,23:40-24:00,39.126724999999965,143,144
2025-03-06,0:20-0:30,19.307083333333367,3,3
2025-03-06,1:50-2:10,27.418095833333382,12,13
2025-03-06,2:30-2:50,23.1180333333333,16,17
2025-03-06,16:10-16:20,10.367190979853149,98,98
2025-03-06,16:30-16:50,0.9788412545791516,100,101
2025-03-06,17:20-18:10,81.7125443681316,105,109
2025-03-06,18:40-18:50,6.996424999999817,113,113
2025-03-06,20:40-21:00,26.399133333333225,125,126
2025-03-06,22:10-22:20,2.4592208333333474,134,134
2025-03-06,22:30-23:20,63.11871666666684,136,140
2025-03-06,23:50-24:00,30.831666666666592,144,144
2025-03-07,0:00-0:20,34.16893749999997,1,2
2025-03-07,1:00-1:20,43.67088333333339,7,8
2025-03-07,5:10-5:20,2.320937545787501,32,32
2025-03-07,15:10-15:20,11.629301236263814,92,92
2025-03-07,15:50-16:00,2.8619184981685635,96,96
2025-03-07,16:50-17:10,12.136495650183406,102,103
2025-03-07,21:30-22:00,54.05445833333334,130,132
2025-03-07,22:10-22:30,43.18525833333314,134,135
2025-03-07,23:20-23:30,7.012499999999818,141,141
2025-03-08,0:00-0:20,21.29140416666661,1,2
2025-03-08,1:40-2:10,34.553600000000074,11,13
2025-03-08,2:30-2:50,31.709212500000035,16,17
2025-03-08,4:30-4:40,7.706502380952372,28,28
2025-03-08,16:30-16:50,37.864517628204794,100,101
2025-03-08,17:50-18:00,8.415000000000134,108,108
2025-03-08,21:20-21:50,31.942416666666873,129,131
2025-03-08,22:00-22:20,20.660641666666663,133,134
2025-03-08,22:30-22:50,45.8342958333335,136,137
2025-03-09,1:50-2:20,51.82472916666677,12,14
2025-03-09,2:50-3:10,24.891750000000116,18,19
2025-03-09,3:40-4:00,30.29361250000011,23,24
2025-03-09,7:50-8:00,1.3210393772891393,48,48
2025-03-09,18:30-18:50,71.69128974358978,112,113
2025-03-09,20:10-20:30,21.476325000000088,122,123
2025-03-09,20:50-21:00,18.755833333333385,126,126
2025-03-09,21:40-22:10,20.154537499999833,131,133
2025-03-09,22:30-22:40,0.7851416666667319,136,136
2025-03-10,0:00-0:30,20.82882083333368,1,3
2025-03-10,0:40-1:10,79.40117083333325,5,7
2025-03-10,1:30-1:40,0.05511666666666315,10,10
2025-03-10,2:10-2:30,26.225504166666724,14,15
2025-03-10,3:20-3:30,0.39583333333337123,21,21
2025-03-10,7:20-7:30,40.83738553113551,45,45
2025-03-10,10:50-11:00,24.206813186813633,66,66
2025-03-10,11:50-13:00,659.8454269688649,72,78
2025-03-10,16:50-17:10,40.93520673076932,102,103
2025-03-10,17:50-18:00,13.280833333333248,108,108
2025-03-10,18:20-18:30,7.386250000000132,111,111
2025-03-10,19:20-20:00,94.77526300366321,117,120
2025-03-10,21:10-21:20,16.173287499999788,128,128
2025-03-10,21:50-22:00,9.189166666666551,132,132
2025-03-10,22:20-23:00,60.22330833333331,135,138
2025-03-11,0:10-0:40,47.16484999999989,2,4
2025-03-11,1:00-1:20,43.246200000000044,7,8
2025-03-11,2:50-3:00,1.5920833333332212,18,18
2025-03-11,4:10-4:20,7.8985703754578935,26,26
2025-03-11,5:10-5:30,3.6339826923078817,32,33
2025-03-11,15:20-15:40,80.23377669413969,93,94
2025-03-11,15:50-16:30,159.3093734432232,96,99
2025-03-11,16:40-17:00,33.88321987179461,101,102
2025-03-11,18:00-18:20,13.023221382783618,109,110
2025-03-11,19:20-19:30,23.385000000000105,117,117
2025-03-11,21:10-21:30,24.418512499999792,128,129
2025-03-11,22:00-22:20,17.35227916666679,133,134
2025-03-11,22:30-22:50,49.40256249999993,136,137
2025-03-12,0:10-0:40,67.54774583333324,2,4
2025-03-12,1:30-1:50,52.65085833333319,10,11
2025-03-12,2:00-2:20,9.058666666666795,13,14
2025-03-12,2:50-3:10,46.28247083333338,18,19
2025-03-12,3:40-3:50,20.097299999999905,23,23
2025-03-12,5:30-5:50,21.78488942307706,34,35
2025-03-12,6:30-6:40,4.609888232600838,40,40
2025-03-12,15:50-16:00,17.344207875458096,96,96
2025-03-12,16:20-17:00,115.89890938644658,99,102
2025-03-12,17:20-17:30,24.7359523809522,105,105
2025-03-12,17:50-18:10,18.737490842490956,108,109
2025-03-12,20:00-20:20,12.921383333333438,121,122
2025-03-12,22:00-22:20,37.92326249999985,133,134
2025-03-12,22:30-23:00,80.1284416666665,136,138
2025-03-12,23:20-23:30,3.218333333333021,141,141
2025-03-12,23:50-24:00,7.644999999999982,144,144
2025-03-13,0:00-0:40,66.54057499999976,1,4
2025-03-13,1:50-2:00,8.859166666666738,12,12
2025-03-13,2:30-3:00,51.46072083333354,16,18
2025-03-13,5:50-6:00,3.731249999999932,36,36
2025-03-13,9:30-13:40,1643.5434042124562,58,82
2025-03-13,16:30-17:20,98.63106185897357,100,104
2025-03-13,18:00-18:10,7.053455586080531,109,109
2025-03-13,19:00-19:20,16.534776968864776,115,116
2025-03-13,19:30-20:10,97.54135641025641,118,121
2025-03-13,20:40-20:50,15.27252083333326,125,125
2025-03-13,22:00-22:20,45.76678750000019,133,134
2025-03-13,23:00-23:50,34.09147083333306,139,143
2025-03-14,0:50-1:00,11.63374999999985,6,6
2025-03-14,1:30-2:00,39.476741666666726,10,12
2025-03-14,2:50-3:10,52.99473333333333,18,19
2025-03-14,4:00-4:10,12.1359833333334,25,25
2025-03-14,4:30-4:50,19.352234157509088,28,29
2025-03-14,15:30-15:50,21.31725398351648,94,95
2025-03-14,16:20-16:30,31.06550366300354,99,99
2025-03-14,17:20-17:30,37.35239010989005,105,105
2025-03-14,19:40-20:10,41.367541666666625,119,121
2025-03-14,20:30-20:50,7.184574999999882,124,125
2025-03-14,23:20-23:40,20.158566666666843,141,142
2025-03-15,0:10-0:40,67.61985833333318,2,4
2025-03-15,1:10-1:20,10.933824999999956,8,8
2025-03-15,2:20-2:50,60.765858333333256,15,17
2025-03-15,4:20-4:40,50.38449207875482,27,28
2025-03-15,5:00-5:20,41.88667115384612,31,32
2025-03-15,6:20-6:30,4.167426739926725,39,39
2025-03-15,6:50-7:50,101.6405977380948,42,47
2025-03-15,9:40-10:00,47.22093951465229,59,60
2025-03-15,11:40-11:50,28.201787316849504,71,71
2025-03-15,17:20-17:30,1.8046932234431097,105,105
2025-03-15,18:00-18:40,51.197685164835036,109,112
2025-03-15,20:30-21:00,89.2579291666666,124,126
2025-03-15,21:20-21:40,22.38996249999991,129,130
2025-03-15,22:00-22:20,11.943870833333051,133,134
2025-03-15,22:40-22:50,22.99697500000002,137,137
2025-03-15,23:20-24:00,66.81189999999981,141,144
2025-03-16,0:20-0:30,6.271250000000009,3,3
2025-03-16,0:50-1:20,50.92997083333296,6,8
2025-03-16,2:00-2:10,0.9956875000000309,13,13
2025-03-16,2:50-3:20,29.498420833333512,18,20
2025-03-16,3:40-3:50,10.158937500000093,23,23
2025-03-16,4:30-4:40,0.33269029304017295,28,28
2025-03-16,5:40-6:20,17.94063099816833,35,38
2025-03-16,6:50-8:00,341.8618964743593,42,48
2025-03-16,8:20-8:30,1.1149404761897586,51,51
2025-03-16,12:20-12:50,108.24216158424838,75,77
2025-03-16,13:00-14:30,422.3360491300367,79,87
2025-03-16,15:20-15:40,42.17178905677633,93,94
2025-03-16,15:50-16:00,0.9049130036627275,96,96
2025-03-16,16:30-17:00,23.12198063186804,100,102
2025-03-16,17:20-17:30,14.877449633699712,105,105
2025-03-16,17:50-18:10,19.061316666666357,108,109
2025-03-16,20:50-21:00,8.584999999999923,126,126
2025-03-16,22:10-22:20,0.3842458333333525,134,134
2025-03-16,22:30-22:50,25.941404166666644,136,137
2025-03-16,23:50-24:00,18.034583333333444,144,144
2025-03-17,0:20-0:30,15.97291666666672,3,3
2025-03-17,2:20-2:50,10.393541666667033,15,17
2025-03-17,3:50-4:00,28.3183333333335,24,24
2025-03-17,4:30-4:50,23.431228434065815,28,29
2025-03-17,5:20-5:30,10.03541666666672,33,33
2025-03-17,16:10-16:40,22.88849871794855,98,100
2025-03-17,18:00-18:10,8.714749999999867,109,109
2025-03-17,19:40-20:00,61.874572619047626,119,120
2025-03-17,20:20-20:40,20.15256249999993,123,124
2025-03-18,0:20-0:30,23.771249999999895,3,3
2025-03-18,1:30-1:40,8.561224999999922,10,10
2025-03-18,2:10-2:20,6.628741666666656,14,14
2025-03-18,4:20-4:40,36.772181684982,27,28
2025-03-18,5:10-5:20,0.9495666666665556,32,32
2025-03-18,7:40-9:30,623.1573902930407,47,57
2025-03-18,9:40-9:50,0.022567994505834577,59,59
2025-03-18,17:10-17:20,1.8485004120882422,104,104
2025-03-18,17:30-17:40,0.8843973443223376,106,106
2025-03-18,18:10-18:30,8.264442902930341,110,111
2025-03-18,19:10-19:20,6.136255036630132,116,116
2025-03-18,21:40-21:50,6.822245833333227,131,131
2025-03-18,22:10-22:30,14.180024999999887,134,135
2025-03-18,22:50-23:00,24.300416666666706,138,138
2025-03-18,23:40-23:50,15.004404166666518,143,143
2025-03-19,0:40-0:50,0.7602666666666664,5,5
2025-03-19,1:50-2:10,30.406316666666612,12,13
2025-03-19,3:30-3:40,11.55910833333337,22,22
2025-03-19,5:30-5:50,7.66983699633704,34,35
2025-03-19,6:00-6:10,1.5699450549451512,37,37
2025-03-19,8:10-9:30,172.41574793956033,50,57
2025-03-19,15:20-15:30,2.5090476190478057,93,93
2025-03-19,17:30-17:50,7.139574862637346,106,107
2025-03-19,18:40-19:00,27.999987087911677,113,114
2025-03-19,21:40-21:50,2.0204791666666324,131,131
2025-03-20,0:20-0:30,25.552500000000123,3,3
2025-03-20,1:10-1:50,56.50530000000015,8,11
2025-03-20,2:30-2:40,7.218783333333363,16,16
2025-03-20,3:00-3:40,71.9308541666669,19,22
2025-03-20,4:50-5:20,14.779124038461873,30,32
2025-03-20,5:50-6:00,5.487083333333203,36,36
2025-03-20,11:00-11:20,100.04614853479711,67,68
2025-03-20,12:30-12:40,12.403148855311429,76,76
2025-03-20,13:30-13:40,13.148313186813539,82,82
2025-03-20,14:50-16:50,357.22126446886443,90,101
2025-03-20,17:00-17:10,7.4698852564102936,103,103
2025-03-20,18:00-18:10,2.6743016483516158,109,109
2025-03-20,18:40-19:10,86.2643570054945,113,115
2025-03-20,19:50-20:20,23.967104166666786,120,122
2025-03-20,21:20-21:30,15.281666666666979,129,129
2025-03-20,23:30-23:50,50.895650000000046,142,143
2025-03-21,0:10-0:40,2.890958333333458,2,4
2025-03-21,1:10-1:40,25.46981666666653,8,10
2025-03-21,2:10-3:00,81.33918333333304,14,18
2025-03-21,3:20-3:50,32.56144583333355,21,23
2025-03-21,4:20-4:30,0.38083333333338487,27,27
2025-03-21,5:10-5:20,10.291254166666704,32,32
2025-03-21,6:30-7:00,59.35586556776559,40,42
2025-03-21,18:40-19:00,25.895612912087813,113,114
2025-03-21,19:30-20:00,34.78623163919417,118,120
2025-03-21,20:20-20:40,24.25320416666642,123,124
2025-03-21,22:10-22:30,61.077545833333204,134,135
2025-03-21,22:50-23:00,0.9145833333332689,138,138
2025-03-21,23:20-23:30,20.262500000000045,141,141
2025-03-22,1:30-1:50,40.120304166666585,10,11
2025-03-22,2:40-3:00,15.048845833333303,17,18
2025-03-22,4:10-4:20,6.798104166666576,26,26
2025-03-22,4:30-5:50,135.71342078754577,28,35
2025-03-22,6:50-7:10,10.202251419413983,42,43
2025-03-22,15:50-16:20,75.19983695054947,96,98
2025-03-22,22:20-22:30,4.534166666666579,135,135
2025-03-22,23:10-23:30,32.39053333333368,140,141
2025-03-23,0:30-0:50,19.706579166666643,4,5
2025-03-23,2:20-2:50,39.895954166666684,15,17
2025-03-23,3:20-3:40,43.08251249999978,21,22
2025-03-23,4:00-4:20,52.659089010988964,25,26
2025-03-23,4:40-5:30,32.56675315934092,29,33
2025-03-23,6:00-7:00,173.44529230769183,37,42
2025-03-23,7:30-8:00,37.40958800366252,46,48
2025-03-23,9:30-9:40,16.229634661171872,58,58
2025-03-23,10:40-11:30,219.1189352564104,65,69
2025-03-23,12:20-12:30,39.26809523809561,75,75
2025-03-23,12:50-13:00,10.452266483516269,78,78
2025-03-23,17:20-17:50,17.27875682234435,105,107
2025-03-23,19:10-19:30,11.191458928571365,116,117
2025-03-23,19:50-20:00,10.82958333333329,120,120
2025-03-23,20:20-20:30,17.015416666666624,123,123
2025-03-23,20:50-21:00,9.726250000000164,126,126
2025-03-23,21:50-22:10,11.812645833333363,132,133
2025-03-23,22:30-22:40,6.3941666666669335,136,136
2025-03-24,0:00-0:10,9.748154166666609,1,1
2025-03-24,2:20-2:30,22.206249999999955,15,15
2025-03-24,2:50-3:00,6.1695833333332075,18,18
2025-03-24,3:20-3:50,31.126191666666614,21,23
2025-03-24,4:10-4:30,13.037371016483576,26,27
2025-03-24,5:00-5:50,126.52532742673998,31,35
2025-03-24,6:00-6:40,50.320975686812744,37,40
2025-03-24,7:00-7:20,29.2334183608055,43,44
2025-03-24,7:50-8:00,19.64246336996314,48,48
2025-03-24,12:10-12:20,9.09986597985312,74,74
2025-03-24,13:50-15:30,463.12647220695885,84,93
2025-03-24,15:50-16:00,14.135622710622897,96,96
2025-03-24,16:20-16:40,5.560100641025656,99,100
2025-03-24,17:20-17:30,9.306625457875612,105,105
2025-03-24,17:50-18:20,38.79641364468898,108,110
2025-03-24,22:50-23:10,65.42657500000041,138,139
2025-03-24,23:30-23:50,76.67310000000009,142,143
2025-03-25,0:50-1:00,24.13166666666666,6,6
2025-03-25,1:20-1:40,13.42814583333336,9,10
2025-03-25,2:00-2:10,17.29856666666649,13,13
2025-03-25,2:30-2:50,8.74703749999992,16,17
2025-03-25,3:00-3:20,39.31246666666664,19,20
2025-03-25,3:40-4:10,110.64954940476161,23,25
2025-03-25,5:10-5:50,47.73302010073269,32,35
2025-03-25,6:00-7:10,179.57274871794812,37,43
2025-03-25,9:50-11:10,555.8493831959705,60,67
2025-03-25,11:20-12:20,317.59660384615404,69,74
2025-03-25,14:50-15:20,52.26016726190369,90,92
2025-03-25,15:30-15:40,10.296575503663007,94,94
2025-03-25,15:50-16:50,171.63139386446903,96,101
2025-03-25,19:10-19:30,26.43342467948719,116,117
2025-03-25,20:00-20:20,10.486808333333556,121,122
2025-03-25,22:30-22:50,42.728058333333365,136,137
2025-03-25,23:10-23:30,12.016029166666613,140,141
2025-03-26,0:30-0:40,3.347358333333432,4,4
2025-03-26,1:40-1:50,16.46564583333327,11,11
2025-03-26,2:20-2:30,5.927500000000009,15,15
2025-03-26,3:30-4:00,50.96962916666644,22,24
2025-03-26,4:20-4:40,19.463650412087986,27,28
2025-03-26,5:20-5:50,73.41689418498152,33,35
2025-03-26,7:30-7:50,51.7531943681318,46,47
2025-03-26,13:30-13:50,53.73478525641053,82,83
2025-03-26,17:50-18:00,4.61350274725271,108,108
2025-03-26,18:50-19:00,0.7945833333333212,114,114
2025-03-26,22:00-22:20,52.73947083333326,133,134
2025-03-26,23:20-23:40,10.26021250000008,141,142
2025-03-27,1:10-1:30,36.74389999999994,8,9
2025-03-27,2:00-2:50,143.45117499999992,13,17
2025-03-27,3:50-4:00,37.28416666666658,24,24
2025-03-27,4:20-5:10,96.72358786630025,27,31
2025-03-27,5:30-5:40,0.987112408424764,34,34
2025-03-27,6:20-6:40,10.534183836996249,39,40
2025-03-27,10:40-11:00,72.26297435897459,65,66
2025-03-27,12:50-13:50,239.6404809981684,78,83
2025-03-27,14:10-14:30,12.888291163003714,86,87
2025-03-27,15:40-17:10,304.0194740842488,95,103
2025-03-27,18:50-19:10,7.175737499999968,114,115
2025-03-27,19:50-20:00,0.16541666666671517,120,120
2025-03-27,21:30-21:50,59.969641666666575,130,131
2025-03-27,22:50-23:20,29.98529999999994,138,140
2025-03-28,0:40-0:50,7.280316666666636,5,5
2025-03-28,1:00-1:20,28.464599999999848,7,8
2025-03-28,1:40-2:30,43.42910416666638,11,15
2025-03-28,3:00-3:20,54.32613333333336,19,20
2025-03-28,3:50-4:00,4.35333333333341,24,24
2025-03-28,5:20-5:40,33.855944276556784,33,34
2025-03-28,7:00-7:50,185.40420041208796,43,47
2025-03-28,17:30-17:50,9.461216391941264,106,107
2025-03-28,18:00-18:10,0.682762728937746,109,109
2025-03-28,19:10-19:30,11.24922060439593,116,117
2025-03-28,21:00-21:20,33.98964166666656,127,128
2025-03-28,22:40-22:50,7.307258333333323,137,137
2025-03-28,23:40-24:00,13.055258333333256,143,144
2025-03-29,0:50-1:00,13.733749999999986,6,6
2025-03-29,1:20-1:30,22.08624999999995,9,9
2025-03-29,2:50-3:40,50.1290249999999,18,22
2025-03-29,4:00-5:10,112.35404510073238,25,31
2025-03-29,5:20-5:40,8.1051250000001,33,34
2025-03-29,6:40-7:10,39.927812500000044,41,43
2025-03-29,16:00-16:40,80.1205976648348,97,100
2025-03-29,17:10-17:20,2.3728072344320594,104,104
2025-03-29,18:00-18:10,3.8402219780221003,109,109
2025-03-29,19:50-20:10,28.096741666666276,120,121
2025-03-29,22:20-22:30,1.2254166666666606,135,135
2025-03-29,22:50-23:00,3.913333333333185,138,138
2025-03-30,0:00-0:20,29.84405416666641,1,2
2025-03-30,1:40-2:20,89.44515833333321,11,14
2025-03-30,2:50-3:00,13.133333333333212,18,18
2025-03-30,3:30-4:20,155.84898960622672,22,26
2025-03-30,4:40-5:40,154.24460581501774,29,34
2025-03-30,6:00-6:20,49.08706662087877,37,38
2025-03-30,7:10-7:20,0.9596948717951364,44,44
2025-03-30,12:00-12:10,9.677328937728817,73,73
2025-03-30,14:00-14:50,309.05860879120917,85,89
2025-03-30,18:10-18:20,17.453205494505596,110,110
2025-03-30,19:00-19:20,23.596237362637225,115,116
2025-03-30,22:10-22:20,17.6948583333334,134,134
2025-03-31,0:00-0:20,9.291479166666932,1,2
2025-03-31,0:40-1:00,22.929283333333387,5,6
2025-03-31,2:20-2:30,0.5516666666667334,15,15
2025-03-31,3:00-3:20,1.379316666666682,19,20
2025-03-31,4:00-4:10,6.233575000000087,25,25
2025-03-31,4:40-5:00,68.47015311355301,29,30
2025-03-31,5:20-6:00,117.51421543040283,33,36
2025-03-31,11:40-13:20,504.41982252747187,71,80
2025-03-31,13:30-15:20,745.5684073260078,82,92
2025-03-31,15:30-15:50,53.65086602564065,94,95
2025-03-31,16:20-17:00,132.0802522893773,99,102
2025-03-31,17:20-17:40,7.718317811355291,105,106
2025-03-31,19:20-19:30,2.1762500000000955,117,117
2025-03-31,20:00-20:20,0.9656208333331051,121,122
2025-03-31,21:20-21:30,1.3912500000000136,129,129
2025-03-31,23:20-23:30,2.7820833333332757,141,141
2025-04-01,0:00-0:10,4.983974999999873,1,1
2025-04-01,0:40-0:50,21.726537499999836,5,5
2025-04-01,1:20-1:30,27.081666666666592,9,9
2025-04-01,2:00-3:50,227.90220416666637,13,23
2025-04-01,4:20-5:50,236.5699445970696,27,35
2025-04-01,6:00-6:10,2.910933562270884,37,37
2025-04-01,6:40-6:50,8.411749084249209,41,41
2025-04-01,9:10-10:00,116.86887142857131,56,60
2025-04-01,10:40-13:10,2682.217259111722,65,79
2025-04-01,13:20-13:50,80.19444917582405,81,83
2025-04-01,14:30-14:50,33.968339514652484,88,89
2025-04-01,15:00-15:20,36.13684162087907,91,92
2025-04-01,17:00-17:10,11.322142490842452,103,103
2025-04-01,17:30-18:00,85.19113168498177,106,108
2025-04-01,19:00-19:10,6.611642490842314,115,115
2025-04-01,19:30-19:40,0.5972245421245361,118,118
2025-04-01,20:00-20:20,59.167866666666555,121,122
2025-04-01,20:40-20:50,8.787154166666483,125,125
2025-04-01,21:30-21:50,41.13594999999998,130,131
2025-04-02,0:00-0:20,25.26599166666665,1,2
2025-04-02,1:20-1:30,4.317916666666633,9,9
2025-04-02,2:00-2:20,17.074962499999742,13,14
2025-04-02,2:30-2:50,25.464091666666604,16,17
2025-04-02,3:10-6:40,415.4077038919406,20,40
2025-04-02,7:00-12:10,2913.423328800365,43,73
2025-04-02,12:30-12:50,68.42758374542143,76,77
2025-04-02,17:50-18:10,12.538915384615166,108,109
2025-04-02,19:20-19:50,35.38562184065938,117,119
2025-04-02,20:20-20:40,40.27162916666646,123,124
2025-04-02,23:00-23:10,21.91267916666675,139,139
2025-04-02,23:30-23:40,0.19946249999975407,142,142
2025-04-03,0:10-0:20,7.443158333333486,2,2
2025-04-03,1:20-1:40,18.604237500000067,9,10
2025-04-03,2:00-2:20,55.464108333333115,13,14
2025-04-03,3:00-3:20,39.47157500000003,19,20
2025-04-03,3:40-4:30,74.74976423992689,23,27
2025-04-03,5:00-5:30,81.75126163003665,31,33
2025-04-03,5:50-8:50,464.4126858974365,36,53
2025-04-03,9:00-9:20,75.78058383699704,55,56
2025-04-03,13:50-14:10,37.79673809523797,84,85
2025-04-03,15:00-15:10,1.8587783424902682,91,91
2025-04-03,16:10-16:30,17.09459674908385,98,99
2025-04-03,18:20-18:30,1.7125000000002046,111,111
2025-04-03,18:50-19:20,27.447730219780283,114,116
2025-04-03,20:20-20:30,19.3900000000001,123,123
2025-04-03,23:00-23:10,0.5293916666665837,139,139
2025-04-03,23:30-23:50,61.94796250000002,142,143
2025-04-04,0:10-0:20,3.432195833333253,2,2
2025-04-04,1:20-1:40,22.62467083333331,9,10
2025-04-04,2:10-2:40,47.79293333333328,14,16
2025-04-04,3:30-4:50,141.94733640109922,22,29
2025-04-04,5:10-5:30,8.91536900183155,32,33
2025-04-04,6:20-7:10,112.4262471611722,39,43
2025-04-04,18:20-18:40,12.781177655677538,111,112
2025-04-04,19:50-20:10,31.75986955128201,120,121
2025-04-04,22:40-23:00,14.617133333333413,137,138
2025-04-05,0:20-0:40,14.20963333333333,3,4
2025-04-05,1:00-1:40,66.96805416666672,7,10
2025-04-05,2:10-2:30,36.80442916666652,14,15
2025-04-05,3:10-3:20,3.461800000000096,20,20
2025-04-05,3:30-4:40,84.62119473443272,22,28
2025-04-05,5:30-5:40,1.3950666666664802,34,34
2025-04-05,14:20-14:30,1.293731684981708,87,87
2025-04-05,15:10-15:50,245.30372243589773,92,95
2025-04-05,17:10-17:50,92.48757326007296,104,107
2025-04-05,19:30-19:40,11.748520238095296,118,118
2025-04-05,20:30-20:50,12.732087499999864,124,125
2025-04-05,23:00-23:30,31.630479166666873,139,141
2025-04-06,1:40-2:00,14.380229166666709,11,12
2025-04-06,2:30-2:40,2.5195499999998674,16,16
2025-04-06,3:10-3:20,5.07230416666664,20,20
2025-04-06,4:10-4:40,62.7475367673992,26,28
2025-04-06,4:50-5:10,42.36802184065937,30,31
2025-04-06,5:30-5:40,1.9249916666665285,34,34
2025-04-06,6:00-6:10,0.43591465201473056,37,37
2025-04-06,6:40-7:00,47.61126858974376,41,42
2025-04-06,7:20-8:00,56.31148864468946,45,48
2025-04-06,14:50-15:20,38.25337037545728,90,92
2025-04-06,17:20-17:30,0.6110256410256625,105,105
2025-04-06,18:50-19:00,24.979166666666515,114,114
2025-04-06,20:00-20:10,0.7886335164834009,121,121
2025-04-06,20:50-21:00,7.548333333333289,126,126
2025-04-06,21:30-21:40,14.917670833333432,130,130
2025-04-07,1:00-1:20,31.777758333333622,7,8
2025-04-07,2:40-3:20,31.751100000000065,17,20
2025-04-07,3:30-3:40,10.723845833333371,22,22
2025-04-07,4:00-4:40,74.50883997252731,25,28
2025-04-07,5:00-5:20,8.4532933150183,31,32
2025-04-07,12:30-13:10,57.0609913919418,76,79
2025-04-07,14:50-15:00,33.16592490842504,90,90
2025-04-07,20:00-20:20,14.605344734432038,121,122
2025-04-07,21:00-21:10,17.14483333333328,127,127
2025-04-07,21:40-21:50,21.459504166666648,131,131
2025-04-07,22:10-22:20,6.929333333333261,134,134
2025-04-07,22:50-23:30,28.68785416666674,138,141
2025-04-08,0:00-0:10,4.570749999999862,1,1
2025-04-08,1:50-2:00,4.1412499999999,12,12
2025-04-08,3:10-3:30,19.50963749999994,20,21
2025-04-08,4:20-4:40,31.962420695970536,27,28
2025-04-08,5:40-6:50,267.0641718406598,35,41
2025-04-08,7:00-7:40,74.1919805860806,43,46
2025-04-08,8:10-8:50,130.44952934981768,50,53
2025-04-08,9:30-9:40,1.1532999999999447,58,58
2025-04-08,16:30-18:10,217.54129372710577,100,109
2025-04-08,18:20-18:50,23.928491620878958,111,113
2025-04-08,19:50-20:00,10.557083333333253,120,120
2025-04-08,20:30-20:40,7.054529166666612,124,124
2025-04-08,21:00-21:20,16.895549999999957,127,128
2025-04-08,22:10-22:20,1.1587749999998778,134,134
2025-04-08,22:50-23:10,39.645958333333056,138,139
2025-04-08,23:50-24:00,12.71208333333334,144,144
2025-04-09,0:20-0:30,4.2354166666666515,3,3
2025-04-09,1:10-1:30,18.34792499999992,8,9
2025-04-09,3:50-4:40,54.02042348901091,24,28
2025-04-09,6:10-7:20,130.1661122710621,38,44
2025-04-09,7:50-8:00,15.02137820512803,48,48
2025-04-09,11:00-11:50,280.3847704212453,67,71
2025-04-09,12:40-13:20,353.92200032051323,77,80
2025-04-09,13:50-14:20,108.04319395604341,84,86
2025-04-09,14:50-16:00,171.47403182234484,90,96
2025-04-09,18:10-18:20,16.76360833333331,110,110
2025-04-09,20:40-20:50,13.087508333333517,125,125
2025-04-09,21:50-22:00,25.534166666666806,132,132
2025-04-09,22:20-22:40,42.32305833333339,135,136
2025-04-09,23:30-23:40,7.586404166666625,142,142
2025-04-10,0:30-1:00,34.692008333333206,4,6
2025-04-10,1:30-1:40,13.477174999999875,10,10
2025-04-10,3:00-3:40,40.24507499999993,19,22
2025-04-10,4:50-5:10,16.021616666666432,30,31
2025-04-10,6:00-6:10,7.363796382783903,37,37
2025-04-10,6:30-6:50,22.442987454212357,40,41
2025-04-10,7:00-7:20,22.215374404761747,43,44
2025-04-10,9:10-9:50,99.883418498168,56,59
2025-04-10,15:50-16:30,246.32880686813132,96,99
2025-04-10,16:50-17:20,27.510913919413838,102,104
2025-04-10,17:50-18:10,28.8561827838829,108,109
2025-04-10,18:30-18:40,0.2277886904761317,112,112
2025-04-10,19:10-19:20,22.570620833333123,116,116
2025-04-10,20:40-20:50,5.723433333333446,125,125
2025-04-10,21:30-21:50,43.57471249999992,130,131
2025-04-10,23:20-23:30,1.1258333333333894,141,141
2025-04-11,1:00-1:30,59.88164999999998,7,9
2025-04-11,3:10-3:40,41.205749999999966,20,22
2025-04-11,3:50-4:10,23.619579166666938,24,25
2025-04-11,4:50-5:20,36.240731593406394,30,32
2025-04-11,5:50-6:30,82.66320409339954,36,39
2025-04-11,18:30-19:00,71.43621872710611,112,114
2025-04-11,19:20-19:30,24.12833333333333,117,117
2025-04-11,21:10-21:30,8.084079166666754,128,129
2025-04-11,21:50-22:00,9.414583333333326,132,132
2025-04-11,22:10-22:40,52.7722499999997,134,136
2025-04-11,23:00-23:20,32.421599999999955,139,140
2025-04-12,0:30-0:50,35.449137500000006,4,5
2025-04-12,3:10-3:50,51.509169551282355,20,23
2025-04-12,5:20-5:30,3.9679166666667243,33,33
2025-04-12,16:30-16:50,42.120698214285824,100,101
2025-04-12,17:30-18:00,87.788646153846,106,108
2025-04-12,22:40-22:50,9.707691666666506,137,137
2025-04-13,2:20-2:40,30.83742499999994,15,16
2025-04-13,5:00-5:10,21.133800000000065,31,31
2025-04-13,5:50-6:10,20.24707582417625,36,37
2025-04-13,6:30-7:10,78.19932733516458,40,43
2025-04-13,11:30-11:40,31.843391666666776,70,70
2025-04-13,16:30-17:20,146.31282119963362,100,104
2025-04-13,17:40-17:50,4.826841529304147,107,107
2025-04-13,19:10-19:30,23.83876666666663,116,117
2025-04-13,20:00-20:10,4.558747481684918,121,121
2025-04-13,20:30-21:20,73.4260374999999,124,128
2025-04-13,22:50-23:00,6.59166666666647,138,138
2025-04-14,0:30-0:50,77.91677083333343,4,5
2025-04-14,1:00-1:20,30.99164583333345,7,8
2025-04-14,2:10-2:20,6.113166666666643,14,14
2025-04-14,2:40-3:10,38.60538333333352,17,19
2025-04-14,3:40-3:50,2.0094419413919695,23,23
2025-04-14,4:40-5:10,45.66730265567787,29,31
2025-04-14,5:40-6:10,43.09145819597029,35,37
2025-04-14,6:40-7:10,51.75879610805879,41,43
2025-04-14,7:30-7:40,0.9253554029303359,46,46
2025-04-14,12:00-12:30,191.87642605311237,73,75
2025-04-14,18:30-18:50,67.23096085164832,112,113
2025-04-14,19:00-19:20,5.543339056776517,115,116
2025-04-14,19:30-19:50,31.784708516483306,118,119
2025-04-14,20:30-20:40,11.43056249999995,124,124
2025-04-14,21:30-21:50,10.769133333333457,130,131
2025-04-14,22:10-22:20,2.2159750000000713,134,134
2025-04-14,23:00-23:10,5.369112499999801,139,139
2025-04-15,2:20-2:30,6.799166666666679,15,15
2025-04-15,3:00-3:10,3.0587833333331673,19,19
2025-04-15,7:40-7:50,2.011621520146832,47,47
2025-04-15,13:20-13:30,0.9114377289379263,81,81
2025-04-15,13:40-14:00,28.59681053113559,83,84
2025-04-15,15:10-15:40,31.22739130036655,92,94
2025-04-15,16:50-17:00,0.5091666666666015,102,102
2025-04-15,19:30-19:50,34.56411831501816,118,119
2025-04-15,20:30-20:50,8.531787499999837,124,125
2025-04-15,21:00-21:10,8.420337500000187,127,127
2025-04-15,21:40-21:50,24.270899999999983,131,131
2025-04-16,0:40-1:10,48.744904166666515,5,7
2025-04-16,1:30-2:00,42.69121666666683,10,12
2025-04-16,2:20-2:30,6.61749999999995,15,15
2025-04-16,3:50-4:00,32.82541666666657,24,24
2025-04-16,7:00-7:20,56.075258608058846,43,44
2025-04-16,7:30-7:50,42.02295796703265,46,47
2025-04-16,8:10-9:00,200.26004967948745,50,54
2025-04-16,9:30-10:30,294.01059674908333,58,63
2025-04-16,11:00-11:20,104.51276080586103,67,68
2025-04-16,11:30-12:40,338.9485449633688,70,76
2025-04-16,14:40-14:50,3.5869054029301424,89,89
2025-04-16,15:00-15:20,52.96224523809565,91,92
2025-04-16,18:30-18:50,30.79078777472523,112,113
2025-04-16,21:00-21:20,35.77772083333343,127,128
2025-04-16,22:40-23:00,16.921458333333476,137,138
2025-04-16,23:30-23:50,11.738816666666821,142,143
2025-04-17,0:50-1:10,15.9140083333333,6,7
2025-04-17,2:50-3:00,8.813750000000027,18,18
2025-04-17,3:50-4:00,1.9537500000000136,24,24
2025-04-17,5:30-5:40,1.9042631868132958,34,34
2025-04-17,7:00-7:20,23.22663420329667,43,44
2025-04-17,8:00-8:40,72.92736474359015,49,52
2025-04-17,16:20-16:30,20.021808608058564,99,99
2025-04-17,17:00-17:20,15.496837225274476,103,104
2025-04-17,17:50-18:10,32.92145874542098,108,109
2025-04-17,21:20-21:30,7.419166666666456,129,129
2025-04-18,0:10-0:20,4.1244833333332735,2,2
2025-04-18,1:50-2:00,12.888333333333321,12,12
2025-04-18,2:20-3:00,55.1548916666668,15,18
2025-04-18,3:20-3:30,11.145416666666677,21,21
2025-04-18,4:00-4:20,4.231429212454145,25,26
2025-04-18,18:20-18:40,40.27594056776553,111,112
2025-04-18,21:40-21:50,9.509504166666659,131,131
2025-04-18,23:00-23:10,12.13503333333324,139,139
2025-04-19,0:00-0:20,22.173625000000015,1,2
2025-04-19,1:50-2:20,78.88893750000017,12,14
2025-04-19,3:40-3:50,1.6838083333332747,23,23
2025-04-19,4:00-4:10,0.37729345238085443,25,25
2025-04-19,5:30-5:40,4.257050274725543,34,34
2025-04-19,7:20-7:30,26.935416666666697,45,45
2025-04-19,19:00-19:20,30.665153067765516,115,116
2025-04-19,22:00-22:20,56.51656666666662,133,134
2025-04-20,0:30-0:40,7.962341666666703,4,4
2025-04-20,1:10-1:20,1.459845833333361,8,8
2025-04-20,2:10-2:20,5.827091666666547,14,14
2025-04-20,4:40-5:00,25.682400915751032,29,30
2025-04-20,5:20-5:40,11.694802930403057,33,34
2025-04-20,6:20-6:40,13.67094143772863,39,40
2025-04-20,7:30-7:50,67.53692788461524,46,47
2025-04-20,8:20-8:50,120.22512248168539,51,53
2025-04-20,14:10-14:30,15.370977197802176,86,87
2025-04-20,16:20-16:30,24.959120879120974,99,99
2025-04-20,17:00-17:20,15.090374679487127,103,104
2025-04-20,17:40-18:00,14.426319230769195,107,108
2025-04-20,21:20-21:30,1.7812500000002274,129,129
2025-04-20,23:50-24:00,22.645833333333485,144,144
2025-04-21,0:20-0:50,27.12767916666678,3,5
2025-04-21,1:20-1:30,10.020833333333258,9,9
2025-04-21,2:30-2:40,3.9479875000000675,16,16
2025-04-21,3:00-3:30,49.24016666666671,19,21
2025-04-21,4:00-4:20,16.24093855311355,25,26
2025-04-21,4:40-5:00,14.527338415750933,29,30
2025-04-21,5:10-5:40,33.93786643772876,32,34
2025-04-21,6:10-6:30,31.059315293040072,38,39
2025-04-21,18:00-18:10,19.82331515567762,109,109
2025-04-21,18:40-18:50,7.3998923534798,113,113
2025-04-21,20:00-20:40,34.25902655677612,121,124
2025-04-21,21:00-21:30,30.363112500000625,127,129
2025-04-21,22:00-22:10,1.0132708333333085,133,133
2025-04-21,22:30-22:50,73.30433749999975,136,137
2025-04-22,0:30-0:50,28.27754166666682,4,5
2025-04-22,3:20-3:50,34.40701034798542,21,23
2025-04-22,4:10-4:30,4.7431499999999005,26,27
2025-04-22,4:50-5:10,31.17444748168498,30,31
2025-04-22,6:50-7:10,40.268845146520334,42,43
2025-04-22,7:20-7:40,18.99339652014669,45,46
2025-04-22,11:50-12:00,49.84503205128226,72,72
2025-04-22,12:10-13:00,151.57820865384622,74,78
2025-04-22,14:20-15:00,74.23782074175767,87,90
2025-04-22,15:10-15:30,152.6872919413919,92,93
2025-04-22,18:20-18:40,30.884840567765536,111,112
2025-04-22,21:20-21:40,50.64664999999991,129,130
2025-04-22,22:20-22:30,8.676666666666733,135,135
2025-04-22,23:50-24:00,32.28458333333333,144,144
2025-04-23,0:00-1:10,99.72363749999988,1,7
2025-04-23,1:40-2:00,5.008879166666816,11,12
2025-04-23,3:20-3:40,10.330562774725422,21,22
2025-04-23,5:00-5:10,5.870224175824205,31,31
2025-04-23,5:30-5:50,36.19693800366326,34,35
2025-04-23,7:10-7:30,57.77021089743624,44,45
2025-04-23,11:10-12:00,153.53745210622787,68,72
2025-04-23,12:50-13:10,29.58565453296694,78,79
2025-04-23,14:50-15:00,2.682440476190777,90,90
2025-04-23,18:20-18:40,27.613836401099093,111,112
2025-04-23,20:00-20:10,0.5096583333331637,121,121
2025-04-23,21:10-21:50,30.180949999999825,128,131
2025-04-23,23:50-24:00,2.5945833333333894,144,144
2025-04-24,0:00-0:10,7.25498749999997,1,1
2025-04-24,0:30-0:40,2.347570833333293,4,4
2025-04-24,1:10-1:20,0.01973333333330629,8,8
2025-04-24,1:50-2:00,1.8899999999999864,12,12
2025-04-24,5:30-5:50,19.755833470695848,34,35
2025-04-24,6:00-6:30,45.36266121794881,37,39
2025-04-24,17:00-17:20,26.261280036630183,103,104
2025-04-24,17:30-17:50,37.58856355311366,106,107
2025-04-24,18:10-18:30,45.9370752289376,110,111
2025-04-24,19:30-19:40,5.03648869047629,118,118
2025-04-24,20:20-20:30,10.960000000000036,123,123
2025-04-24,21:10-21:40,22.654654166666433,128,130
2025-04-24,23:50-24:00,10.908750000000055,144,144
2025-04-25,0:30-0:50,27.077899999999943,4,5
2025-04-25,4:00-4:20,20.156652976190514,25,26
2025-04-25,6:30-6:40,1.0555885073260356,40,40
2025-04-25,18:30-18:50,26.139436813186876,112,113
2025-04-25,20:10-20:30,19.4432440018316,122,123
2025-04-25,20:50-21:00,3.3983333333331416,126,126
2025-04-25,22:00-22:10,12.310775000000149,133,133
2025-04-25,22:40-23:00,18.366770833333135,137,138
2025-04-25,23:30-23:40,19.29513333333341,142,142
2025-04-26,0:40-1:10,13.290208333333283,5,7
2025-04-26,2:30-2:50,11.870937500000025,16,17
2025-04-26,4:20-4:30,17.243333333333396,27,27
2025-04-26,5:00-5:10,13.330550503663176,31,31
2025-04-26,5:40-6:10,40.78008470695937,35,37
2025-04-26,15:00-15:10,2.831195833333595,91,91
2025-04-26,16:20-17:50,155.10458324175787,99,107
2025-04-26,18:20-19:00,59.49269555860809,111,114
2025-04-26,20:50-21:00,16.48416666666651,126,126
2025-04-26,22:20-22:40,54.125870833333465,135,136
2025-04-26,23:30-23:40,2.6812083333331884,142,142
2025-04-27,0:20-0:40,82.85755000000006,3,4
2025-04-27,1:00-1:10,4.098408333333282,7,7
2025-04-27,3:30-3:50,36.31663177655685,22,23
2025-04-27,5:50-6:00,17.16336080586052,36,36
2025-04-27,6:20-6:30,24.899945054944965,39,39
2025-04-27,7:00-7:40,120.77497138278375,43,46
2025-04-27,8:00-8:20,72.02605018315069,49,50
2025-04-27,9:00-9:10,0.41613846153836676,55,55
2025-04-27,14:50-17:40,774.8132893077596,90,106
2025-04-27,17:50-18:10,60.6913143772897,108,109
2025-04-27,18:40-18:50,3.4861154304027195,113,113
2025-04-27,19:30-19:50,17.317569734432254,118,119
2025-04-27,22:20-22:30,8.409583333333558,135,135
2025-04-27,23:00-23:20,29.672362499999963,139,140
2025-04-27,23:50-24:00,28.866249999999923,144,144
2025-04-28,1:00-1:10,19.851325000000088,7,7
2025-04-28,1:40-2:00,57.994045833333075,11,12
2025-04-28,3:20-3:30,2.9508333333332075,21,21
2025-04-28,4:20-4:30,9.184583333333308,27,27
2025-04-28,5:50-6:00,1.6719047619046705,36,36
2025-04-28,8:20-8:30,60.34941391941436,51,51
2025-04-28,8:50-12:50,3716.426842353478,54,77
2025-04-28,13:00-14:00,359.4120256868125,79,84
2025-04-28,14:10-16:20,735.6941783882758,86,98
2025-04-28,16:50-17:00,2.09971153846152,102,102
2025-04-28,17:50-18:00,8.183814102564156,108,108
2025-04-28,19:00-19:10,3.5805374999999913,115,115
2025-04-28,20:40-21:00,42.5391708333334,125,126
2025-04-28,21:50-22:10,12.34922083333322,132,133
2025-04-28,23:50-24:00,1.9645833333332803,144,144
2025-04-29,3:50-4:00,7.647499999999923,24,24
2025-04-29,14:40-16:40,517.1126777472534,89,100
2025-04-29,18:00-18:20,14.49656634615394,109,110
2025-04-29,20:10-20:30,14.071495421245459,122,123
2025-04-29,22:20-22:40,14.780849999999873,135,136
2025-04-29,23:30-23:40,2.0078000000000884,142,142
2025-04-30,1:10-1:20,0.9173708333332797,8,8
2025-04-30,2:10-2:40,35.55716666666672,14,16
2025-04-30,6:00-6:10,12.497676648351558,37,37
2025-04-30,6:40-6:50,1.416769139194173,41,41
2025-04-30,7:00-7:20,31.208742902930283,43,44
2025-04-30,10:10-10:40,156.92019015567894,62,64
2025-04-30,11:00-11:20,96.89408791208803,67,68
2025-04-30,11:30-11:50,61.30172023809541,70,71
2025-04-30,12:00-13:00,283.26256584249165,73,78
2025-04-30,19:10-19:30,14.157033562271295,116,117
2025-04-30,19:50-20:00,1.4249999999998408,120,120
2025-04-30,20:40-21:20,56.39009583333336,125,128
2025-04-30,22:10-22:20,0.8341416666668238,134,134
2025-04-30,23:40-24:00,60.90926250000007,143,144
2025-05-01,0:00-0:10,13.650954166666907,1,1
2025-05-01,2:10-2:20,6.018033333333278,14,14
2025-05-01,3:10-3:30,18.948312500000043,20,21
2025-05-01,3:40-4:00,21.32661639194123,23,24
2025-05-01,4:30-4:40,28.018897573260006,28,28
2025-05-01,6:20-6:50,75.7498896520147,39,41
2025-05-01,7:00-8:10,149.56009065934097,43,49
2025-05-01,8:20-8:40,1.1189152014654837,51,52
2025-05-01,15:50-16:00,10.753905677655666,96,96
2025-05-01,16:30-18:50,757.7698442765576,100,113
2025-05-01,19:00-24:00,1496.569663369963,115,144
2025-05-02,0:00-0:10,8.503387500000088,1,1
2025-05-02,1:30-1:50,17.91734166666663,10,11
2025-05-02,2:50-3:00,20.117083333333426,18,18
2025-05-02,4:20-4:40,14.826792857142777,27,28
2025-05-02,5:10-5:30,14.238294230769156,32,33
2025-05-02,5:50-6:30,59.09273585164823,36,39
2025-05-02,6:50-7:30,63.58356222527499,42,45
2025-05-02,12:30-13:00,171.2179604395601,76,78
2025-05-02,13:30-13:40,19.983652014652307,82,82
2025-05-02,14:10-14:50,163.4776231684989,86,89
2025-05-02,15:00-15:20,168.9637627747245,91,92
2025-05-02,16:10-18:40,983.663431501832,98,112
2025-05-02,19:00-23:20,1195.6659590201455,115,140
2025-05-02,23:30-24:00,107.74038750000005,142,144
2025-05-03,1:10-1:50,113.1764291666666,8,11
2025-05-03,4:20-4:30,2.3287500000000136,27,27
2025-05-03,5:30-5:50,12.916377472527472,34,35
2025-05-03,7:10-7:20,3.797350091575254,44,44
2025-05-03,16:10-16:20,27.020483333333345,98,98
2025-05-03,17:10-17:40,45.42021332417542,104,106
2025-05-03,18:10-18:40,159.32536291208788,110,112
2025-05-03,18:50-22:00,1149.2842275641021,114,132
2025-05-03,22:10-22:40,93.67495416666691,134,136
2025-05-03,23:00-23:40,82.2955999999997,139,142
2025-05-03,23:50-24:00,2.7758333333333667,144,144
2025-05-04,0:00-0:50,104.39740416666689,1,5
2025-05-04,1:00-1:20,31.0396333333332,7,8
2025-05-04,2:50-3:20,40.22543333333351,18,20
2025-05-04,4:00-4:20,19.92857147435916,25,26
2025-05-04,5:10-5:20,8.805548946886347,32,32
2025-05-04,5:30-5:50,21.71401854395606,34,35
2025-05-04,17:20-18:20,148.0129784798538,105,110
2025-05-04,18:30-22:50,1411.2857300366306,112,137
2025-05-04,23:00-23:50,94.35548333333304,139,143
2025-05-05,0:00-0:30,128.7031249999999,1,3
2025-05-05,0:50-1:00,12.913333333333412,6,6
2025-05-05,1:30-1:40,1.4045458333333727,10,10
2025-05-05,2:00-2:20,90.00030416666652,13,14
2025-05-05,4:50-5:00,9.728333333333353,30,30
2025-05-05,5:20-5:40,31.423672527472604,33,34
2025-05-05,6:30-6:50,35.77306826923069,40,41
2025-05-05,7:00-8:20,423.04783644688627,43,50
2025-05-05,9:10-9:30,44.80858928571365,56,57
2025-05-05,13:30-13:40,8.020166620879536,82,82
2025-05-05,16:30-17:50,275.72696130952374,100,107
2025-05-05,18:00-21:30,936.9699923076919,109,129
2025-05-05,21:50-22:20,131.62750833333348,132,134
2025-05-05,22:30-22:50,37.068370833333574,136,137
2025-05-05,23:10-23:50,137.73923333333323,140,143
2025-05-06,0:20-1:00,103.65291249999973,3,6
2025-05-06,2:00-2:40,39.091204166666444,13,16
2025-05-06,3:00-3:20,24.035154166666757,19,20
2025-05-06,4:00-4:50,122.23877431318681,25,29
2025-05-06,5:10-5:30,11.999813827838807,32,33
2025-05-06,6:30-6:40,1.2623005036629138,40,40
2025-05-06,7:20-7:30,23.376671245421107,45,45
2025-05-06,8:00-8:30,96.95753319597088,49,51
2025-05-06,9:20-9:50,108.09416657509087,57,59
2025-05-06,17:30-19:40,468.8544735347982,106,118
2025-05-06,19:50-23:00,919.0903472069605,120,138
2025-05-06,23:20-23:30,16.725416666666433,141,141
2025-05-06,23:50-24:00,0.7679166666665651,144,144
2025-05-07,0:20-0:50,82.58270416666664,3,5
2025-05-07,2:20-2:30,1.6200000000000045,15,15
2025-05-07,3:00-3:10,4.193125000000009,19,19
2025-05-07,5:00-5:30,33.53875041208778,31,33
2025-05-07,6:30-6:40,5.7636620421244515,40,40
2025-05-07,8:50-9:00,13.568772893772916,54,54
2025-05-07,10:50-11:10,17.522753663003414,66,67
2025-05-07,14:30-14:40,3.1180666666664365,88,88
2025-05-07,14:50-15:00,8.521172161171421,90,90
2025-05-07,16:20-16:50,28.90377179487143,99,101
2025-05-07,17:10-18:20,440.1063641941397,104,110
2025-05-07,18:40-23:20,1029.913981272894,113,140
2025-05-08,0:10-0:30,85.36441250000007,2,3
2025-05-08,2:30-2:50,10.440487500000245,16,17
2025-05-08,4:50-5:20,63.61109455128212,30,32
2025-05-08,10:40-11:10,209.7553037545781,65,67
2025-05-08,11:50-12:20,54.35297435897462,72,74
2025-05-08,14:20-14:50,159.32149267399257,87,89
2025-05-08,17:40-18:00,53.22065045787565,107,108
2025-05-08,18:40-19:00,48.59563200549428,113,114
2025-05-08,19:20-19:40,31.90674844322359,117,118
2025-05-08,19:50-20:30,287.91309574175807,120,123
2025-05-08,21:00-22:00,166.17871666666645,127,132
2025-05-08,22:20-22:50,63.68417499999998,135,137
2025-05-08,23:30-24:00,68.78591666666671,142,144
2025-05-09,0:00-0:10,2.982716666666647,1,1
2025-05-09,0:30-1:10,75.76438749999983,4,7
2025-05-09,1:40-1:50,10.730237500000044,11,11
2025-05-09,2:30-3:10,35.34095416666662,16,19
2025-05-09,16:50-17:20,92.37881689560413,102,104
2025-05-09,18:00-18:10,7.777314194139194,109,109
2025-05-09,19:10-19:30,23.85730416666695,116,117
2025-05-09,19:50-21:00,176.7617374084249,120,126
2025-05-09,21:10-21:40,74.50483749999972,128,130
2025-05-10,3:00-3:20,25.22056538461544,19,20
2025-05-10,4:00-4:20,26.46720457875466,25,26
2025-05-10,4:40-4:50,1.2163704212454718,29,29
2025-05-10,5:20-5:40,35.50807770146508,33,34
2025-05-10,7:30-7:50,19.203629624542373,46,47
2025-05-10,13:20-13:40,52.493424771063246,81,82
2025-05-10,16:00-17:00,137.1885779304027,97,102
2025-05-10,18:00-18:10,3.1437621336995676,109,109
2025-05-10,18:20-18:50,50.446323076923136,111,113
2025-05-10,19:20-19:50,59.26595347985335,117,119
2025-05-10,20:40-22:00,163.38385416666654,125,132
2025-05-10,22:20-22:30,2.5529166666667606,135,135
2025-05-10,22:50-23:30,151.01712916666634,138,141
2025-05-11,0:50-1:00,14.64208333333329,6,6
2025-05-11,1:20-1:40,53.18628333333322,9,10
2025-05-11,1:50-2:20,43.45744583333317,12,14
2025-05-11,2:30-2:50,18.716362499999832,16,17
2025-05-11,3:10-3:30,6.625928891941271,20,21
2025-05-11,3:50-4:00,9.431666666666615,24,24
2025-05-11,4:20-4:50,33.76141227106223,27,29
2025-05-11,11:00-11:30,57.31269615384633,67,69
2025-05-11,14:20-14:30,2.689130036630104,87,87
2025-05-11,17:30-17:40,10.455752197801985,106,106
2025-05-11,18:10-19:00,219.22912358058613,110,114
2025-05-11,19:10-19:30,126.91097499999967,116,117
2025-05-11,19:50-20:00,13.066666666666606,120,120
2025-05-11,20:10-20:30,31.79400000000021,122,123
2025-05-11,21:40-21:50,2.610316666666563,131,131
2025-05-11,22:20-22:30,15.553333333333285,135,135
2025-05-11,22:50-24:00,170.88519583333346,138,144
2025-05-12,0:50-1:00,4.989166666666733,6,6
2025-05-12,1:30-1:50,60.20036249999987,10,11
2025-05-12,2:50-3:10,25.908270833333404,18,19
2025-05-12,4:20-4:30,0.4620833333332257,27,27
2025-05-12,11:30-12:00,126.80448759157468,70,72
2025-05-12,12:10-12:50,467.97881781135527,74,77
2025-05-12,16:10-18:00,208.41614780219766,98,108
2025-05-12,18:10-18:40,63.508057829670065,110,112
2025-05-12,19:00-19:30,100.29565077838811,115,117
2025-05-12,20:50-21:00,15.67041666666637,126,126
2025-05-12,21:40-22:00,10.986908333333417,131,132
2025-05-12,22:50-23:00,14.537916666666433,138,138
2025-05-13,0:50-1:10,14.178554166666572,6,7
2025-05-13,4:10-4:30,30.035003571428547,26,27
2025-05-13,5:40-6:00,24.84621295787565,35,36
2025-05-13,11:40-12:00,29.947922161172528,71,72
2025-05-13,16:10-16:20,3.160164697802429,98,98
2025-05-13,18:50-19:10,52.150353983516425,114,115
2025-05-13,19:40-20:00,20.81829999999991,119,120
2025-05-13,20:20-20:30,9.562916666666638,123,123
2025-05-13,20:50-21:10,13.684579166666595,126,127
2025-05-13,23:10-23:30,14.236545833333366,140,141
2025-05-14,3:20-4:00,44.267805219780485,21,24
2025-05-14,4:40-5:00,38.53684464285709,29,30
2025-05-14,5:40-6:00,13.437409569597207,35,36
2025-05-14,6:20-6:50,103.65943992673988,39,41
2025-05-14,17:00-17:20,57.876742170329976,103,104
2025-05-14,17:30-17:50,35.55339642857166,106,107
2025-05-14,18:00-18:10,8.204769871794724,109,109
2025-05-14,18:50-19:10,25.60779812271096,114,115
2025-05-14,19:50-20:00,14.792083333333267,120,120
2025-05-14,22:30-22:50,37.99577083333338,136,137
2025-05-14,23:00-23:20,18.931829166667058,139,140
2025-05-14,23:40-23:50,18.047966666666525,143,143
2025-05-15,1:50-2:10,27.239508333333333,12,13
2025-05-15,2:40-2:50,22.570341666666536,17,17
2025-05-15,4:20-4:50,32.017785347985296,27,29
2025-05-15,5:50-6:00,14.21001831501826,36,36
2025-05-15,6:50-7:00,40.902536630036366,42,42
2025-05-15,7:20-7:50,89.25111881868139,45,47
2025-05-15,14:50-15:20,44.13920228937718,90,92
2025-05-15,15:50-16:50,364.6400604395609,96,101
2025-05-15,17:20-17:30,12.948008241758316,105,105
2025-05-15,18:50-19:00,0.0825000000000955,114,114
2025-05-15,21:00-21:20,10.8823041666667,127,128
2025-05-16,0:20-0:30,25.885000000000105,3,3
2025-05-16,1:20-1:40,22.759066666666627,9,10
2025-05-16,2:00-2:10,0.887716666666563,13,13
2025-05-16,4:40-4:50,2.8149819139193824,29,29
2025-05-16,5:00-5:10,0.4108619047619868,31,31
2025-05-16,20:10-20:20,14.6570416666666,122,122
2025-05-16,21:00-21:50,106.91413750000004,127,131
2025-05-16,22:50-23:10,16.787804166666604,138,139
2025-05-16,23:30-23:50,77.71105000000006,142,143
2025-05-17,0:10-0:20,9.421066666666718,2,2
2025-05-17,1:20-1:40,19.06149583333331,9,10
2025-05-17,2:10-2:20,0.5848458333334179,14,14
2025-05-17,3:20-3:50,66.56338438644701,21,23
2025-05-17,5:00-5:10,2.778651739926829,31,31
2025-05-17,14:00-14:10,36.70532820512835,85,85
2025-05-17,14:40-15:00,21.530347710622436,89,90
2025-05-17,16:40-17:10,153.5044608974353,101,103
2025-05-17,18:10-18:20,9.3715936813187,110,110
2025-05-17,18:30-18:40,12.54924139194145,112,112
2025-05-17,19:20-19:50,48.339483608058686,117,119
2025-05-17,20:10-20:30,25.386829166666644,122,123
2025-05-17,22:40-23:00,57.159304166666516,137,138
2025-05-18,1:20-1:50,78.05365416666655,9,11
2025-05-18,2:00-2:30,46.758520833333364,13,15
2025-05-18,2:50-3:10,21.01476249999996,18,19
2025-05-18,3:30-4:00,25.11126767399253,22,24
2025-05-18,4:20-4:30,7.026666666666642,27,27
2025-05-18,5:20-5:50,13.033583608058507,33,35
2025-05-18,6:40-7:00,37.608398031135266,41,42
2025-05-18,7:30-8:40,192.83467445055044,46,52
2025-05-18,11:50-12:40,510.37279148351604,72,76
2025-05-18,20:20-20:30,12.432083333333367,123,123
2025-05-18,21:10-21:20,8.455666666666616,128,128
2025-05-18,22:10-22:20,2.988820833333534,134,134
2025-05-18,23:10-23:20,0.6549791666666351,140,140
2025-05-19,1:50-2:00,2.492083333333312,12,12
2025-05-19,3:00-3:10,1.058545833333369,19,19
2025-05-19,6:20-6:30,2.038461538461604,39,39
2025-05-19,17:50-18:00,17.289940476190395,108,108
2025-05-19,20:10-20:40,115.26605714285688,122,124
2025-05-19,21:20-21:30,10.075416666666797,129,129
2025-05-19,23:10-23:20,3.609366666666574,140,140
2025-05-19,23:50-24:00,0.9358333333333348,144,144
2025-05-20,0:10-0:20,6.5792499999997744,2,2
2025-05-20,2:20-2:30,4.431666666666729,15,15
2025-05-20,6:30-6:50,12.300787774725677,40,41
2025-05-20,7:20-7:30,6.234697802197729,45,45
2025-05-20,12:00-12:20,50.13383727106202,73,74
2025-05-20,12:30-12:40,3.211703846153682,76,76
2025-05-20,13:30-13:40,27.155684890109796,82,82
2025-05-20,13:50-14:10,17.30557637362608,84,85
2025-05-20,14:40-14:50,5.1319433608052805,89,89
2025-05-20,15:20-15:50,126.03327179487133,93,95
2025-05-20,18:00-18:10,8.865307463370073,109,109
2025-05-20,18:40-19:00,32.348596291208764,113,114
2025-05-20,19:20-19:30,9.218333333333476,117,117
2025-05-20,20:00-20:20,12.88466712454192,121,122
2025-05-20,22:00-22:10,1.639587499999834,133,133
2025-05-20,22:40-22:50,2.732633333333297,137,137
2025-05-20,23:30-23:50,8.715720833333307,142,143
2025-05-21,2:40-3:00,78.2085708333334,17,18
2025-05-21,4:30-4:50,32.527625183150235,28,29
2025-05-21,9:00-9:10,5.14062119963387,55,55
2025-05-21,14:40-16:20,375.45603818681263,89,98
2025-05-21,18:20-18:30,11.449532967033065,111,111
2025-05-21,19:20-19:40,11.033348489011019,117,118
2025-05-21,23:20-23:50,89.5064958333337,141,143
2025-05-22,1:10-1:20,7.874620833333552,8,8
2025-05-22,4:00-4:10,16.646473626373677,25,25
2025-05-22,4:30-4:50,12.51754180402952,28,29
2025-05-22,5:30-5:50,32.87885274725272,34,35
2025-05-22,6:40-7:00,19.442300503662693,41,42
2025-05-22,10:00-10:10,1.8224204670329982,61,61
2025-05-22,16:10-16:30,16.447810347985865,98,99
2025-05-22,18:10-18:20,8.596525732600753,110,110
2025-05-23,0:20-0:30,1.740000000000009,3,3
2025-05-23,1:00-1:20,18.848104166666815,7,8
2025-05-23,1:50-2:00,5.903749999999889,12,12
2025-05-23,2:20-2:30,10.515416666666567,15,15
2025-05-23,3:00-3:40,79.46617353479871,19,22
2025-05-24,0:00-0:20,7.381708333333393,1,2
2025-05-24,0:50-1:10,4.68333333333328,6,7
2025-05-24,2:00-2:50,55.883070833333136,13,17
2025-05-24,3:50-4:10,26.197931089743577,24,25
2025-05-24,4:30-4:50,32.407254395604525,28,29
2025-05-24,19:10-19:20,0.23599807692323793,116,116
2025-05-25,0:10-0:20,9.92018333333317,2,2
2025-05-25,1:20-1:30,5.866666666666674,9,9
2025-05-25,2:40-2:50,0.6325458333333245,17,17
2025-05-25,4:00-4:10,9.708900778388397,25,25
2025-05-25,4:40-4:50,10.292258333333393,29,29
2025-05-25,5:30-5:50,3.602108424908579,34,35
2025-05-25,6:00-6:10,17.421843131868286,37,37
2025-05-25,6:40-6:50,31.66411964285726,41,41
2025-05-25,17:30-17:40,3.2239655219782435,106,106
2025-05-25,20:50-21:00,20.202499999999873,126,126
2025-05-26,1:20-1:30,39.3508333333333,9,9
2025-05-26,2:00-2:10,6.678166666666698,13,13
2025-05-26,4:50-5:20,39.848413690476264,30,32
2025-05-26,6:40-7:40,231.89045128205134,41,46
2025-05-26,8:10-8:20,31.366947161171993,50,50
2025-05-26,10:00-12:00,1274.4993903388267,61,72
2025-05-26,12:10-12:40,150.0540803113554,74,76
2025-05-26,12:50-13:00,2.9555723443222632,78,78
2025-05-26,22:40-23:00,16.030279166666787,137,138
2025-05-27,0:00-0:20,15.591329166666355,1,2
2025-05-27,2:40-3:00,26.660558333333142,17,18
2025-05-27,3:20-4:00,39.82361071428613,21,24
2025-05-27,4:30-4:40,3.656004487179416,28,28
2025-05-28,0:10-0:30,29.455195833333505,2,3
2025-05-28,1:00-1:20,4.1636291666663965,7,8
2025-05-28,2:00-2:10,1.7936333333333323,13,13
2025-05-28,2:50-3:10,14.925583333333407,18,19
2025-05-28,3:30-3:50,23.662035027472598,22,23
2025-05-28,5:50-6:00,13.781098901098972,36,36
2025-05-28,6:40-7:20,79.26238896520186,41,44
2025-05-28,7:50-8:00,3.2788003663005156,48,48
2025-05-28,9:40-10:10,52.36209212454287,59,61
2025-05-28,10:50-12:10,764.598679532967,66,73
2025-05-28,12:20-12:30,34.84223901098892,75,75
2025-05-28,16:50-17:00,57.228168498168316,102,102
2025-05-29,0:10-0:20,3.4335333333333438,2,2
2025-05-29,0:40-0:50,8.23793333333333,5,5
2025-05-29,1:20-1:30,14.654583333333221,9,9
2025-05-29,2:40-3:00,36.555633333333276,17,18
2025-05-29,4:10-4:30,30.252687500000093,26,27
2025-05-29,4:50-5:00,22.570416666666574,30,30
2025-05-29,5:20-5:50,17.34946167582416,33,35
2025-05-29,6:10-6:20,11.977789285714039,38,38
2025-05-29,6:50-7:10,16.427318543956233,42,43
2025-05-29,7:30-8:30,195.34391547618986,46,51
2025-05-29,10:50-11:00,24.286355311355692,66,66
2025-05-29,11:20-11:50,263.00891410256395,69,71
2025-05-29,14:00-14:20,8.596399267398965,85,86
2025-05-29,17:30-17:40,9.959584203296572,106,106
2025-05-30,2:00-2:10,2.519616666666707,13,13
2025-05-30,3:20-3:50,127.30627367216101,21,23
2025-05-30,4:50-5:00,3.702916666666681,30,30
2025-05-30,5:40-6:10,19.87564981684983,35,37
2025-05-30,13:10-13:20,45.71042628205112,80,80
2025-05-30,16:10-16:20,20.96343612637338,98,98
2025-05-30,16:50-17:00,18.7711263736266,102,102
2025-05-30,17:20-17:40,48.84497751831498,105,106
2025-05-31,0:40-1:00,49.83675833333348,5,6
2025-05-31,2:30-2:50,50.89543749999996,16,17
2025-05-31,3:10-3:30,16.866404166666598,20,21
2025-05-31,3:50-4:20,12.29742142857117,24,26
2025-05-31,5:00-5:20,20.135450778388417,31,32
2025-05-31,6:10-6:30,6.428601373626179,38,39
2025-05-31,13:10-13:20,25.32322939560413,80,80
2025-05-31,14:40-14:50,24.307312087912578,89,89
2025-05-31,23:40-24:00,83.97605833333341,143,144
2025-06-01,0:00-3:30,1041.5902788919407,1,21
2025-06-01,4:20-4:30,3.1725000000001273,27,27
2025-06-01,5:20-5:30,2.5019780219780614,33,33
2025-06-01,6:00-6:10,13.046520970695951,37,37
2025-06-01,8:30-18:00,7949.363428021972,52,108
2025-06-01,18:20-22:50,885.7284000000006,111,137
2025-06-01,23:00-24:00,401.80796666666686,139,144
2025-06-02,0:00-2:50,933.6861708333329,1,17
2025-06-02,3:00-3:40,81.76642390109919,19,22
2025-06-02,4:10-4:50,96.50451222527477,26,29
2025-06-02,5:10-5:30,13.891243956043922,32,33
2025-06-02,5:40-6:10,96.58390865384615,35,37
2025-06-02,6:30-6:50,9.398060347985506,40,41
2025-06-02,7:00-7:10,25.9560544413917,43,43
2025-06-02,7:50-8:50,168.51826369047615,48,53
2025-06-02,12:10-18:40,4458.944751694136,74,112
2025-06-02,19:10-20:40,320.674312362637,116,124
2025-06-02,20:50-24:00,894.6147583333332,126,144
2025-06-03,0:00-3:50,980.8595437271065,1,23
2025-06-03,4:00-4:10,7.502417399267301,25,25
2025-06-03,4:40-4:50,11.264042078754642,29,29
2025-06-03,5:10-5:30,79.97786565934075,32,33
2025-06-03,5:40-6:10,66.26743260073249,35,37
2025-06-03,8:30-8:50,70.92709326923091,52,53
2025-06-03,9:30-10:20,133.9121294871792,58,62
2025-06-03,11:10-11:30,36.25251886446881,68,69
2025-06-03,14:10-14:20,0.17882934981662402,86,86
2025-06-03,14:30-15:00,101.55302344322331,88,90
2025-06-03,15:10-16:10,358.1158000915751,92,97
2025-06-03,16:20-16:30,18.762161172161086,99,99
2025-06-03,16:50-19:10,669.2067980311365,102,115
2025-06-03,19:30-19:50,144.85461891025614,118,119
2025-06-03,20:20-20:40,52.8507791666666,123,124
2025-06-03,20:50-22:20,345.85239583333396,126,134
2025-06-03,22:50-24:00,384.2143125000001,138,144
2025-06-04,0:00-2:30,1142.391629166667,1,15
2025-06-04,3:00-3:50,86.82417760988994,19,23
2025-06-04,4:00-4:30,94.08872261904753,25,27
2025-06-04,4:40-5:30,152.4370350732603,29,33
2025-06-04,7:00-7:10,1.133893772893714,43,43
2025-06-04,11:50-13:20,457.37448099816606,72,80
2025-06-04,13:30-13:50,96.49736900183098,82,83
2025-06-04,14:20-14:40,138.10078699633584,87,88
2025-06-04,14:50-15:00,31.169102564102445,90,90
2025-06-04,15:10-15:30,134.72039464285706,92,93
2025-06-04,15:50-16:00,17.502499999999827,96,96
2025-06-04,16:50-17:10,55.98497591575051,102,103
2025-06-04,17:20-18:20,223.92652683150197,105,110
2025-06-04,18:30-19:20,175.1490211996338,112,116
2025-06-04,19:30-19:50,38.75354844322317,118,119
2025-06-04,20:00-20:50,118.00786043956066,121,125
2025-06-04,21:00-21:40,115.37739583333348,127,130
2025-06-04,22:10-24:00,565.116116666667,134,144
2025-06-05,0:00-3:30,1020.0897295787549,1,21
2025-06-05,3:40-4:20,60.592512957875215,23,26
2025-06-05,4:50-5:50,104.71796909340674,30,35
2025-06-05,6:10-7:20,167.91074381868128,38,44
2025-06-05,14:10-14:30,87.09080663919428,86,87
2025-06-05,14:40-16:00,837.2170653846159,89,96
2025-06-05,16:20-16:40,58.18188159340673,99,100
2025-06-05,17:30-17:50,34.163405769230394,106,107
2025-06-05,18:00-20:20,476.1212545329673,109,122
2025-06-05,20:30-20:50,105.34759780219792,124,125
2025-06-05,21:20-24:00,821.4790958333333,129,144
2025-06-06,0:00-2:10,778.8041791666665,1,13
2025-06-06,2:50-3:10,57.44682820512827,18,19
2025-06-06,4:00-4:20,29.761331410256332,25,26
2025-06-06,5:20-5:50,45.461052701465405,33,35
2025-06-06,6:10-6:40,32.97267152014618,38,40
2025-06-06,10:20-10:30,11.488040293040171,63,63
2025-06-06,12:30-12:50,113.34664299450549,76,77
2025-06-06,13:30-20:30,2902.4228124084234,82,123
2025-06-06,21:00-21:20,73.22851666666679,127,128
2025-06-06,21:40-24:00,575.848575,131,144
2025-06-07,0:00-2:20,602.8948458333332,1,14
2025-06-07,3:10-3:20,3.6737458333334416,20,20
2025-06-07,3:30-3:50,53.30893763736265,22,23
2025-06-07,4:10-4:20,8.788862042124606,26,26
2025-06-07,5:30-5:50,74.36936895604401,34,35
2025-06-07,9:00-10:00,118.47422994505507,55,60
2025-06-07,10:10-10:30,47.542029990842934,62,63
2025-06-07,12:00-12:20,29.156196978021285,73,74
2025-06-07,16:00-16:20,78.4935210622711,97,98
2025-06-07,16:50-19:10,439.5150162087909,102,115
2025-06-07,19:40-20:50,199.0185727106226,119,125
2025-06-07,21:40-23:00,255.4427958333327,131,138
2025-06-07,23:20-23:50,128.55617500000017,141,143
2025-06-08,0:10-0:30,39.000383333333275,2,3
2025-06-08,0:50-1:10,45.3586958333334,6,7
2025-06-08,1:40-1:50,2.2942500000000337,11,11
2025-06-08,2:20-2:40,26.716774999999984,15,16
2025-06-08,2:50-3:00,1.7112500000001774,18,18
2025-06-08,4:00-4:20,28.173344001831538,25,26
2025-06-08,6:20-6:30,0.7488324175822072,39,39
2025-06-08,17:50-18:00,16.95776098901115,108,108
2025-06-08,19:00-19:10,32.159950000000094,115,115
2025-06-08,19:20-19:30,2.9445833333332985,117,117
2025-06-08,19:50-20:20,53.964222664835006,120,122
2025-06-08,20:50-21:10,23.594554166666853,126,127
2025-06-08,21:30-22:00,69.24075000000005,130,132
2025-06-08,22:20-23:10,94.20583749999946,135,139
2025-06-08,23:20-23:50,45.17335000000003,141,143
2025-06-09,0:30-1:20,124.76205833333324,4,8
2025-06-09,2:50-3:00,8.761666666666656,18,18
2025-06-09,3:20-4:10,189.28219015567777,21,25
2025-06-09,4:30-4:50,32.91137985347984,28,29
2025-06-09,6:30-6:40,8.41474468864476,40,40
2025-06-09,11:00-11:10,24.61633429487256,67,67
2025-06-09,16:20-18:00,271.0044412087908,99,108
2025-06-09,18:40-19:00,12.837824084248723,113,114
2025-06-09,19:30-20:50,109.20349276556738,118,125
2025-06-09,21:30-21:40,1.390158333333261,130,130
2025-06-09,22:50-23:00,26.290416666666715,138,138
2025-06-09,23:20-24:00,130.92573333333348,141,144
2025-06-10,0:00-0:10,11.281487499999912,1,1
2025-06-10,1:00-1:20,52.25599583333337,7,8
2025-06-10,1:40-1:50,30.305908333333264,11,11
2025-06-10,2:10-2:40,59.80885416666695,14,16
2025-06-10,3:10-3:20,11.885508333333405,20,20
2025-06-10,3:40-4:00,22.1801499999998,23,24
2025-06-10,4:30-5:00,85.82235792124527,28,30
2025-06-10,15:50-16:00,4.64840201465222,96,96
2025-06-10,16:40-16:50,12.457799496336747,101,101
2025-06-10,18:30-18:40,13.24150824175831,112,112
2025-06-10,20:40-21:10,63.90360755494555,125,127
2025-06-10,21:40-22:00,46.524650000000065,131,132
2025-06-10,22:30-22:50,39.591249999999945,136,137
2025-06-10,23:00-23:20,15.194683333333387,139,140
2025-06-10,23:50-24:00,11.69250000000011,144,144
2025-06-11,0:00-0:30,18.482391666666558,1,3
2025-06-11,1:10-1:40,48.34362083333315,8,10
2025-06-11,2:00-2:20,29.463712500000042,13,14
2025-06-11,6:10-6:30,23.658902243589864,38,39
2025-06-11,9:00-10:40,740.4925875915759,55,64
2025-06-11,17:00-17:20,74.0613343864469,103,104
2025-06-11,19:10-19:30,9.417139926739765,116,117
2025-06-11,20:40-20:50,2.845088736264074,125,125
2025-06-11,21:30-21:40,6.819825000000151,130,130
2025-06-11,22:10-22:40,74.11452083333347,134,136
2025-06-12,0:20-0:50,66.43056249999995,3,5
2025-06-12,2:20-2:30,20.825416666666683,15,15
2025-06-12,3:10-3:50,83.99629716117238,20,23
2025-06-12,14:30-14:40,13.618989423076869,88,88
2025-06-12,18:00-18:10,8.79453131868138,109,109
2025-06-12,20:40-21:00,19.01645760073245,125,126
2025-06-12,21:20-21:40,12.950920833333498,129,130
2025-06-12,22:20-22:30,33.061249999999745,135,135
2025-06-12,23:30-23:40,27.584116666666887,142,142
2025-06-13,1:30-1:40,19.350850000000094,10,10
2025-06-13,3:00-3:10,16.72987307692307,19,19
2025-06-13,4:20-4:30,4.422500000000014,27,27
2025-06-13,8:50-9:10,100.11796739926683,54,55
2025-06-13,17:10-17:40,74.67650384615422,104,106
2025-06-13,19:20-20:00,74.51544441391945,117,120
2025-06-13,20:30-21:00,82.5348484890111,124,126
2025-06-13,22:20-22:30,8.839583333333394,135,135
2025-06-13,23:20-23:30,38.09750000000008,141,141
2025-06-14,0:50-1:00,12.476666666666688,6,6
2025-06-14,2:10-2:20,16.492408333333287,14,14
2025-06-14,3:40-3:50,5.850512500000036,23,23
2025-06-14,4:20-4:30,8.489999999999952,27,27
2025-06-14,19:00-19:10,1.5881458333332148,115,115
2025-06-14,20:30-21:00,60.15403553113572,124,126
2025-06-14,22:10-23:00,107.2538416666664,134,138
2025-06-15,10:40-10:50,20.72225380036616,65,65
2025-06-15,22:40-22:50,5.014991666666674,137,137
2025-06-16,2:30-2:40,9.744195833333265,16,16
2025-06-16,4:10-4:20,5.64726666666661,26,26
2025-06-16,5:00-5:10,1.244924771062415,31,31
2025-06-16,5:30-6:30,175.54121414835174,34,39
2025-06-16,12:30-12:50,65.30713049450537,76,77
2025-06-17,0:40-1:00,25.129120833333445,5,6
2025-06-17,4:50-5:20,49.2232594780221,30,32
2025-06-17,6:00-6:20,21.71425842490828,37,38
2025-06-17,12:20-13:50,594.1574673076932,75,83
2025-06-17,15:50-16:10,50.20062344322321,96,97
2025-06-17,16:20-16:30,7.178850732600836,99,99
2025-06-17,18:20-18:30,19.649606227106005,111,111
2025-06-17,19:20-19:30,11.688750000000141,117,117
2025-06-17,21:10-21:20,21.63176250000015,128,128
2025-06-18,2:30-2:40,20.699816666666493,16,16
2025-06-18,6:10-6:40,47.30425572344325,38,40
2025-06-18,12:00-12:20,12.091645512820378,73,74
2025-06-18,16:40-16:50,8.457035393773026,101,101
2025-06-19,4:40-5:10,36.260413598901096,29,31
2025-06-19,6:00-6:30,71.07145737179496,37,39
2025-06-19,8:30-8:50,23.98276387362671,52,53
2025-06-19,15:50-16:20,54.9591645604396,96,98
2025-06-19,19:20-19:30,27.42750000000001,117,117
2025-06-19,20:50-21:00,4.890416666666624,126,126
2025-06-19,23:00-23:10,0.22927916666662895,139,139
2025-06-19,23:50-24:00,17.182916666666642,144,144
2025-06-20,1:10-1:20,0.5487166666667918,8,8
2025-06-20,1:30-1:40,3.1291083333333063,10,10
2025-06-20,16:40-16:50,15.313354578754684,101,101
2025-06-21,0:20-0:30,7.620416666666529,3,3
2025-06-21,1:20-1:30,6.237916666666706,9,9
2025-06-21,2:50-3:30,7.680292765567799,18,21
2025-06-21,6:00-6:10,13.7405793956043,37,37
2025-06-22,2:40-2:50,25.272666666666623,17,17
2025-06-22,14:00-14:20,56.012970650182865,85,86
2025-06-23,2:20-2:30,6.508749999999964,15,15
2025-06-23,3:50-4:00,3.6679166666665424,24,24
2025-06-23,4:50-5:00,1.2275915750914237,30,30
2025-06-23,13:50-14:10,45.61380947801956,84,85
2025-06-23,16:20-16:40,7.0420949175824035,99,100
2025-06-24,1:50-2:00,0.3291666666666515,12,12
2025-06-24,5:40-5:50,8.631327472527346,35,35
2025-06-24,6:30-12:40,4078.8094652014665,40,76
2025-06-24,13:10-13:40,86.00070975274764,80,82
2025-06-24,14:50-15:50,98.16586451465093,90,95
2025-06-24,16:10-16:30,44.407799404762045,98,99
2025-06-25,2:40-2:50,0.5700874999999996,17,17
2025-06-25,6:20-7:00,118.9362339743592,39,42
2025-06-25,7:20-7:40,15.034766437728763,45,46
2025-06-25,9:50-11:40,1020.6527800366312,60,70
2025-06-25,12:50-13:00,34.433750000000146,78,78
2025-06-25,14:30-14:40,9.154079761904427,88,88
2025-06-26,6:50-7:20,48.449576190475966,42,44
2025-06-26,8:50-9:10,56.2859513736272,54,55
2025-06-26,10:50-11:00,0.553869047619628,66,66
2025-06-27,4:30-4:40,0.7413202838828852,28,28
2025-06-28,4:40-5:00,53.238124450549435,29,30
2025-06-28,7:30-7:50,109.61814079670285,46,47
2025-06-28,16:20-16:30,4.398356227106035,99,99
2025-06-29,4:20-4:40,26.510599450549535,27,28
2025-06-29,6:50-7:50,122.2160264194141,42,47
2025-06-29,11:10-13:00,906.6734781593395,68,78
2025-06-30,4:30-4:40,5.06167948717939,28,28
2025-06-30,6:00-6:20,32.505224404761975,37,38
2025-06-30,6:40-7:50,464.9227875000002,41,47
2025-06-30,10:20-10:50,118.85810554029331,63,65
2025-06-30,11:40-12:00,92.10609798534779,71,72
2025-06-30,12:20-12:30,9.202271062270938,75,75
2025-06-30,15:40-15:50,19.368980494505763,95,95
2025-06-30,23:50-24:00,46.691666666666606,144,144
2025-07-01,0:00-0:30,108.36622083333361,1,3
2025-07-01,1:20-2:20,290.2193708333333,9,14
2025-07-01,2:30-5:50,1355.4310494505498,16,35
2025-07-01,6:00-6:10,7.491507875457728,37,37
2025-07-01,6:40-7:00,25.187317490842474,41,42
2025-07-01,7:20-7:30,36.73775641025634,45,45
2025-07-01,10:50-12:00,307.8977074175814,66,72
2025-07-01,14:50-15:20,128.482639331501,90,92
2025-07-01,16:40-16:50,4.578950961538567,101,101
2025-07-01,18:30-18:50,41.78133246336972,112,113
2025-07-01,19:30-20:40,153.3381646520147,118,124
2025-07-01,20:50-21:20,77.88100833333363,126,128
2025-07-01,21:30-21:50,103.97983333333343,130,131
2025-07-01,22:10-22:40,137.98083333333363,134,136
2025-07-01,23:20-24:00,71.1542166666668,141,144
2025-07-02,0:00-0:20,26.330249999999978,1,2
2025-07-02,0:40-1:10,40.7730416666667,5,7
2025-07-02,1:20-6:10,1830.5644989468865,9,37
2025-07-02,15:50-16:20,155.5837414377288,96,98
2025-07-02,16:30-16:50,67.44637751831533,100,101
2025-07-02,18:00-18:20,41.85374661172159,109,110
2025-07-02,18:50-19:30,133.2425113095237,114,117
2025-07-02,19:40-21:10,334.5491270604398,119,127
2025-07-02,21:30-21:40,13.3592083333333,130,130
2025-07-02,22:00-22:20,181.51930000000027,133,134
2025-07-02,22:30-23:00,76.44885,136,138
2025-07-02,23:20-23:40,42.02947916666699,141,142
2025-07-03,0:00-1:50,417.36373750000064,1,11
2025-07-03,2:00-6:00,1533.965767536631,13,36
2025-07-03,7:20-8:10,366.94365215201503,45,49
2025-07-03,9:10-9:40,87.83908850732644,56,58
2025-07-03,10:50-12:00,579.9798259157501,66,72
2025-07-03,13:30-14:30,411.62166112637476,82,87
2025-07-03,14:50-15:30,118.06716790292955,90,93
2025-07-03,15:50-17:10,230.15409519230877,96,103
2025-07-03,17:20-18:10,228.22987234432276,105,109
2025-07-03,18:20-19:00,228.61472976190453,111,114
2025-07-03,19:30-20:00,20.720905402930498,118,120
2025-07-03,20:10-20:50,152.9698476190481,122,125
2025-07-03,21:00-22:30,507.57989583333324,127,135
2025-07-03,22:40-23:30,89.27192916666638,137,141
2025-07-04,0:00-0:10,7.113183333333268,1,1
2025-07-04,0:30-6:50,2071.0108938186813,4,41
2025-07-04,15:30-16:00,67.72547596153879,94,96
2025-07-04,16:40-16:50,5.2402249084249775,101,101
2025-07-04,17:10-17:30,34.17937573260053,104,105
2025-07-04,17:50-18:10,59.43160961538456,108,109
2025-07-04,18:30-19:00,195.27049967948744,112,114
2025-07-04,19:30-22:00,549.0974252289384,118,132
2025-07-04,22:10-24:00,342.1884166666666,134,144
2025-07-05,0:00-1:40,262.115041666667,1,10
2025-07-05,1:50-3:20,451.040498168498,12,20
2025-07-05,3:40-6:40,1103.8426787087913,23,40
2025-07-05,7:10-7:20,5.693232554945155,44,44
2025-07-05,15:40-16:00,49.96590119047619,95,96
2025-07-05,16:20-18:40,831.654425503664,99,112
2025-07-05,19:30-20:50,200.59415549450546,118,125
2025-07-05,21:00-21:50,239.07600416666673,127,131
2025-07-05,22:10-22:30,43.95675416666677,134,135
2025-07-05,22:50-24:00,240.83745833333296,138,144
2025-07-06,0:20-2:20,386.44751250000013,3,14
2025-07-06,2:30-6:40,1494.3558432692312,16,40
2025-07-06,8:00-8:20,70.55103095238121,49,50
2025-07-06,9:10-9:30,27.968496108058957,56,57
2025-07-06,9:50-10:10,162.09490453296644,60,61
2025-07-06,10:40-11:40,526.8602893315021,65,70
2025-07-06,12:00-19:10,5218.2392225274725,73,115
2025-07-06,19:20-19:50,93.91756978021988,117,119
2025-07-06,20:00-21:00,302.51771112637357,121,126
2025-07-06,21:10-21:30,33.51957083333332,128,129
2025-07-06,21:50-22:50,290.5052333333339,132,137
2025-07-06,23:20-23:30,51.99958333333325,141,141
2025-07-06,23:40-24:00,34.13082083333336,143,144
2025-07-07,0:20-1:20,316.8942666666667,3,8
2025-07-07,1:30-3:50,888.5804496336993,10,23
2025-07-07,4:00-5:50,502.6028672161167,25,35
2025-07-07,6:10-6:30,22.14435238095234,38,39
2025-07-07,8:10-8:20,24.027656501831643,50,50
2025-07-07,8:30-8:40,17.516444184981538,52,52
2025-07-07,9:40-9:50,6.690945604394756,59,59
2025-07-07,10:30-11:50,806.2795688644717,64,71
2025-07-07,12:00-13:20,389.9647822802185,73,80
2025-07-07,13:30-13:40,17.742348763737027,82,82
2025-07-07,16:20-17:20,143.88712554945107,99,104
2025-07-07,17:50-19:20,197.24065151098932,108,116
2025-07-07,19:30-20:50,169.0193352564106,118,125
2025-07-07,21:00-22:40,508.29690833333404,127,136
2025-07-07,23:00-23:20,36.18973333333315,139,140
2025-07-07,23:40-23:50,13.036737499999958,143,143
2025-07-08,0:20-0:40,52.46358750000013,3,4
2025-07-08,1:00-1:20,31.046966666666435,7,8
2025-07-08,1:30-1:50,28.350545833333513,10,11
2025-07-08,2:40-3:10,160.0946265109891,17,19
2025-07-08,4:40-5:50,251.6709778388281,29,35
2025-07-08,6:00-9:00,1160.577597802199,37,54
2025-07-08,9:30-10:30,292.1642639652016,58,63
2025-07-08,10:50-11:40,246.461978754578,66,70
2025-07-08,14:10-14:50,242.07657165751004,86,89
2025-07-08,15:30-17:20,537.0126919413909,94,104
2025-07-08,17:30-18:30,279.8238499999993,106,111
2025-07-08,18:40-19:00,43.64828672161195,113,114
2025-07-08,20:00-20:10,0.1310916666666344,121,121
2025-07-08,20:30-20:40,26.966708333333372,124,124
2025-07-08,21:20-21:50,64.94763750000016,129,131
2025-07-08,22:50-23:10,24.720820833333164,138,139
2025-07-08,23:40-23:50,8.86619166666685,143,143
2025-07-09,1:00-1:20,53.103304166666476,7,8
2025-07-09,1:50-2:00,17.31666666666672,12,12
2025-07-09,2:20-2:30,20.25416666666672,15,15
2025-07-09,2:40-3:10,108.02377770146518,17,19
2025-07-09,3:30-3:50,10.636927335164728,22,23
2025-07-09,5:10-5:50,56.099839377289754,32,35
2025-07-09,6:00-8:30,598.1773652472539,37,51
2025-07-09,10:40-11:20,403.54791364468883,65,68
2025-07-09,11:30-12:50,699.3707718864496,70,77
2025-07-09,13:00-13:40,104.46614702380907,79,82
2025-07-09,14:00-14:20,183.7744456501839,85,86
2025-07-09,17:30-18:30,242.21123795787582,106,111
2025-07-09,19:20-19:40,65.86387916666649,117,118
2025-07-09,20:40-21:00,18.558928388278105,125,126
2025-07-09,21:20-21:30,7.352500000000077,129,129
2025-07-09,23:10-23:20,2.154408333333322,140,140
2025-07-10,0:20-0:30,21.73416666666685,3,3
2025-07-10,1:50-2:10,48.610725,12,13
2025-07-10,3:20-3:40,57.436786950549276,21,22
2025-07-10,4:10-4:40,92.71742435897454,26,28
2025-07-10,5:00-5:20,45.49502518315012,31,32
2025-07-10,5:40-5:50,4.799724130036452,35,35
2025-07-10,6:20-6:40,36.11963786630042,39,40
2025-07-10,7:00-7:20,34.835833333333255,43,44
2025-07-10,7:30-7:50,83.20892902930416,46,47
2025-07-10,8:40-9:10,132.22113905677634,53,55
2025-07-10,9:20-9:50,108.72772692307694,57,59
2025-07-10,12:10-12:40,236.51186891025714,74,76
2025-07-10,15:00-15:10,11.445606043956104,91,91
2025-07-10,15:30-16:00,144.79278818681325,94,96
2025-07-10,17:00-17:30,56.4233609890116,103,105
2025-07-10,18:50-19:00,38.831249999999955,114,114
2025-07-10,19:20-19:30,1.9929166666664742,117,117
2025-07-10,20:20-20:30,45.2662499999999,123,123
2025-07-10,20:50-21:00,31.905000000000086,126,126
2025-07-10,21:50-22:10,150.8309875,132,133
2025-07-10,22:30-22:50,84.10985000000028,136,137
2025-07-11,1:00-1:10,5.157262500000115,7,7
2025-07-11,1:50-2:10,20.105783333333306,12,13
2025-07-11,2:20-2:30,2.5441666666666833,15,15
2025-07-11,3:10-3:40,119.48503337912086,20,22
2025-07-11,4:00-4:20,63.719876282051246,25,26
2025-07-11,5:00-5:20,119.66836694139181,31,32
2025-07-11,5:50-6:00,0.5655677655677778,36,36
2025-07-11,6:20-7:40,425.63657692307646,39,46
2025-07-11,10:20-10:40,42.88848406593297,63,64
2025-07-11,11:10-13:10,642.9265332875462,68,79
2025-07-11,16:30-16:40,13.317169871794704,100,100
2025-07-11,17:40-18:00,33.87249336080589,107,108
2025-07-11,19:00-19:20,24.14048447802179,115,116
2025-07-11,19:30-19:50,15.561881043956078,118,119
2025-07-11,20:50-21:20,38.9691458333333,126,128
2025-07-11,21:50-22:10,38.686149999999884,132,133
2025-07-11,23:40-24:00,28.31487083333343,143,144
2025-07-12,0:40-0:50,3.340316666666695,5,5
2025-07-12,1:20-1:30,8.284999999999968,9,9
2025-07-12,1:50-2:00,26.56499999999994,12,12
2025-07-12,2:20-2:40,44.75104583333348,15,16
2025-07-12,3:10-3:20,7.257370833333312,20,20
2025-07-12,6:40-7:10,53.174681135530705,41,43
2025-07-12,7:20-7:40,54.83381172161182,45,46
2025-07-12,10:50-11:10,14.727982051282424,66,67
2025-07-12,15:30-15:50,95.03535086996328,94,95
2025-07-12,16:00-16:30,105.85843356227156,97,99
2025-07-12,17:00-17:10,38.934744917582634,103,103
2025-07-12,17:30-18:00,43.62075096153876,106,108
2025-07-12,18:40-18:50,0.5589596153845378,113,113
2025-07-12,19:10-19:40,21.183886034798547,116,118
2025-07-12,21:20-21:30,1.676666666666506,129,129
2025-07-12,21:40-22:00,82.00797916666659,131,132
2025-07-12,23:30-23:40,7.258654166666702,142,142
2025-07-13,1:50-2:00,3.343333333333476,12,12
2025-07-13,3:20-3:50,14.29428246337045,21,23
2025-07-13,4:40-5:00,21.278158333333295,29,30
2025-07-13,6:50-7:00,18.984729853479394,42,42
2025-07-13,7:30-7:50,23.870150686813417,46,47
2025-07-13,15:00-15:20,73.96731781135475,91,92
2025-07-13,18:00-18:30,52.975799496337345,109,111
2025-07-13,19:00-19:30,105.08575929487199,115,117
2025-07-13,19:50-20:00,18.34458333333339,120,120
2025-07-13,20:40-20:50,15.06886167582445,125,125
2025-07-13,23:20-23:50,51.3743833333333,141,143
2025-07-14,0:40-0:50,5.65887083333314,5,5
2025-07-14,1:40-1:50,7.703650000000039,11,11
2025-07-14,2:50-3:50,83.54824812271113,18,23
2025-07-14,5:10-5:20,17.17755558608053,32,32
2025-07-14,12:00-12:10,6.953590659340762,73,73
2025-07-14,13:10-13:40,120.87191817765643,80,82
2025-07-14,13:50-14:00,4.374880952381318,84,84
2025-07-14,17:40-18:10,98.86335984432162,107,109
2025-07-14,18:40-19:00,55.6909114010989,113,114
2025-07-14,19:30-20:00,20.11221900183193,118,120
2025-07-15,2:20-2:30,16.88750000000016,15,15
2025-07-15,3:10-3:30,5.873233333333474,20,21
2025-07-15,6:00-6:10,9.882472985348045,37,37
2025-07-15,7:00-7:10,18.386846520146662,43,43
2025-07-15,11:30-14:00,1269.6506842490835,70,84
2025-07-16,5:50-6:10,104.72415970695965,36,37
2025-07-16,7:20-7:30,6.3373168498172845,45,45
2025-07-16,12:00-12:10,53.15679038461553,73,73
2025-07-16,14:50-15:40,294.2047234890098,90,94
2025-07-16,16:10-16:20,4.023205082417576,98,98
2025-07-16,20:10-20:20,8.743650412088073,122,122
2025-07-16,21:50-22:00,9.07416666666677,132,132
2025-07-16,22:20-22:30,37.13124999999991,135,135
2025-07-17,0:50-1:00,0.9375,6,6
2025-07-17,3:40-3:50,4.421899999999823,23,23
2025-07-17,4:40-5:00,12.127212500000155,29,30
2025-07-17,8:20-9:40,549.7516231227107,51,58
2025-07-17,14:20-14:30,18.11728021978047,87,87
2025-07-17,16:10-17:00,290.9777645604405,98,102
2025-07-17,23:30-23:50,51.95757500000036,142,143
2025-07-18,9:00-9:10,0.566174679487176,55,55
2025-07-18,15:40-16:00,89.80194349816816,95,96
2025-07-19,2:20-2:30,16.191249999999968,15,15
2025-07-19,19:20-19:40,27.790266666666525,117,118
2025-07-19,23:40-23:50,17.590533333333497,143,143
2025-07-20,6:20-6:50,42.38845718864462,39,41
2025-07-20,11:20-11:30,22.96252289377253,69,69
2025-07-20,13:30-13:40,38.06031172161147,82,82
2025-07-21,1:10-1:20,9.26225833333342,8,8
2025-07-21,1:50-2:10,13.124216666666484,12,13
2025-07-21,5:40-5:50,1.234021611721687,35,35
2025-07-21,6:20-6:30,46.6062545787546,39,39
2025-07-21,7:40-7:50,16.7930342490846,47,47
2025-07-21,15:50-16:10,99.70118081501766,96,97
2025-07-21,17:20-17:30,19.614977106227457,105,105
2025-07-21,17:50-18:00,5.267138278388188,108,108
2025-07-22,13:20-14:00,336.3201907509151,81,84
2025-07-23,7:00-7:20,124.46841085164834,43,44
2025-07-23,7:50-8:00,15.515132783882336,48,48
2025-07-23,8:20-8:30,34.26713369963363,51,51
2025-07-23,15:40-15:50,14.779050869963271,95,95
2025-07-24,12:50-13:10,126.28229999999985,78,79
2025-07-24,13:30-13:50,46.708654670329,82,83
2025-07-24,15:50-16:00,27.30934065934025,96,96
2025-07-25,7:30-7:50,78.79675902014651,46,47
2025-07-26,无,0.0,0,0
2025-07-27,1:20-1:30,23.433750000000146,9,9
2025-07-27,6:20-6:30,14.120705128205145,39,39
2025-07-27,7:30-7:40,7.35949349816849,46,46
2025-07-27,8:10-9:20,197.25913113553077,50,56
2025-07-28,8:20-8:30,66.44618589743595,51,51
2025-07-28,9:10-9:30,59.05236991758193,56,57
2025-07-28,12:00-12:50,380.82546588827813,73,77
2025-07-29,10:50-11:00,54.206639194139484,66,66
2025-07-29,11:50-12:00,9.6270879120882,72,72
2025-07-30,无,0.0,0,0
2025-07-31,9:40-9:50,14.972332600732784,59,59
2025-08-01,无,0.0,0,0
2025-08-02,无,0.0,0,0
2025-08-03,无,0.0,0,0
2025-08-04,无,0.0,0,0
2025-08-05,10:20-10:30,3.6869184981687795,63,63
2025-08-06,13:00-13:20,90.70455805860797,79,80
2025-08-06,13:30-14:10,111.35349638278285,82,85
2025-08-06,14:20-16:10,741.5288936355313,87,97
2025-08-06,23:50-24:00,8.552916666666647,144,144
2025-08-07,7:20-7:30,19.203919413919266,45,45
2025-08-08,6:40-6:50,2.7599952838828017,41,41
2025-08-09,7:00-7:20,70.74843841575085,43,44
2025-08-10,9:40-9:50,54.80570480769211,59,59
2025-08-10,11:40-14:00,1086.8030305402929,71,84
2025-08-10,16:30-16:50,26.91229152930407,100,101
2025-08-10,17:20-17:30,0.8942857142857292,105,105
2025-08-11,0:20-0:30,14.22416666666686,3,3
2025-08-11,7:20-7:40,40.565257875458315,45,46
2025-08-11,8:30-10:10,560.9938988553118,52,61
2025-08-11,11:50-12:00,24.630636446886456,72,72
2025-08-11,12:20-12:40,52.75401717032946,75,76
2025-08-11,12:50-13:00,4.061813186813197,78,78
2025-08-11,19:20-19:30,1.8600000000000136,117,117
2025-08-11,22:00-22:20,28.652879166666935,133,134
2025-08-12,0:10-0:20,0.3541041666667297,2,2
2025-08-12,4:50-5:00,19.002083333333303,30,30
2025-08-12,9:30-11:20,1142.7142255036622,58,68
2025-08-12,11:30-11:40,6.275953159341043,70,70
2025-08-12,14:00-14:50,229.13766030219722,85,89
2025-08-12,15:00-15:40,162.9178528388278,91,94
2025-08-12,16:10-16:40,95.93811808608007,98,100
2025-08-13,0:50-1:00,27.864166666666847,6,6
2025-08-13,1:20-1:30,2.379166666666606,9,9
2025-08-13,2:40-3:00,4.666358333333164,17,18
2025-08-13,10:10-11:50,566.2769491300357,62,71
2025-08-13,14:00-14:20,149.18788571428558,85,86
2025-08-13,20:40-20:50,13.811995833333413,125,125
2025-08-14,6:50-7:10,16.305718040292845,42,43
2025-08-14,7:30-7:40,12.313567307692324,46,46
2025-08-14,8:00-8:20,243.63856817765532,49,50
2025-08-14,8:30-8:50,73.87743118131948,52,53
2025-08-14,18:50-19:10,15.981925000000047,114,115
2025-08-14,20:40-21:00,25.03921249999985,125,126
2025-08-14,22:40-22:50,5.228370833333543,137,137
2025-08-15,4:00-4:10,19.38649006410253,25,25
2025-08-15,6:30-6:50,13.836648351648478,40,41
2025-08-15,7:00-7:10,4.455275641025878,43,43
2025-08-15,23:50-24:00,2.250416666666638,144,144
2025-08-16,1:40-1:50,6.038058333333311,11,11
2025-08-16,4:50-5:00,2.0170833333332894,30,30
2025-08-16,18:30-18:50,9.32884940476174,112,113
2025-08-16,20:10-20:30,17.614508333332992,122,123
2025-08-17,2:10-2:30,15.54533333333336,14,15
2025-08-17,7:00-7:20,85.07109647435897,43,44
2025-08-17,16:10-16:20,1.9476853937730993,98,98
2025-08-17,18:20-18:40,52.049060485348264,111,112
2025-08-17,19:10-19:20,18.84957206959689,116,116
2025-08-17,19:30-19:40,5.544608333333372,118,118
2025-08-18,0:00-0:10,11.254945833333295,1,1
2025-08-18,1:20-1:40,69.92616666666675,9,10
2025-08-18,2:10-2:20,6.1232583333334105,14,14
2025-08-18,3:50-4:00,13.419999999999959,24,24
2025-08-18,5:50-6:10,21.704292857142946,36,37
2025-08-18,8:20-8:40,44.87908974358993,51,52
2025-08-18,9:00-9:10,6.586145833333376,55,55
2025-08-18,14:20-14:30,8.03125,87,87
2025-08-18,15:40-15:50,9.517350961538568,95,95
2025-08-18,17:20-17:30,52.958182234432,105,105
2025-08-18,19:00-19:20,37.39146900183141,115,116
2025-08-18,19:50-20:00,11.327916666666624,120,120
2025-08-18,20:20-20:30,23.731250000000045,123,123
2025-08-18,22:50-23:00,3.78583333333313,138,138
2025-08-19,1:50-2:00,34.23333333333335,12,12
2025-08-19,2:20-3:00,24.41199999999992,15,18
2025-08-19,4:30-4:40,10.927910576923068,28,28
2025-08-19,11:00-11:10,4.2159728937731415,67,67
2025-08-19,11:20-11:40,90.71355499084189,69,70
2025-08-19,14:40-15:10,82.39142032967015,89,91
2025-08-19,15:40-16:00,62.44084436813182,95,96
2025-08-19,18:20-18:30,9.370000000000232,111,111
2025-08-19,19:20-19:40,47.24670416666663,117,118
2025-08-19,20:00-20:10,13.84240833333331,121,121
2025-08-19,20:50-21:00,2.356250000000159,126,126
2025-08-19,21:20-21:40,92.92577916666676,129,130
2025-08-20,0:20-0:30,19.099583333333385,3,3
2025-08-20,1:50-2:10,10.294516666666823,12,13
2025-08-20,2:50-3:00,2.298750000000041,18,18
2025-08-20,5:20-5:40,13.263896016483386,33,34
2025-08-20,6:40-9:30,995.6352308150192,41,57
2025-08-20,10:40-12:20,753.4215478479836,65,74
2025-08-20,14:10-14:20,4.78666433150147,86,86
2025-08-20,14:30-15:00,116.05038727106216,88,90
2025-08-20,15:20-15:30,11.162967032967458,93,93
2025-08-20,17:10-17:20,20.83330407509152,104,104
2025-08-20,17:50-18:00,39.45016025641007,108,108
2025-08-20,19:10-19:20,0.6921147435896273,116,116
2025-08-20,19:50-20:10,40.4833583333334,120,121
2025-08-20,20:50-21:00,26.91458333333344,126,126
2025-08-20,23:00-23:30,20.791912499999853,139,141
2025-08-21,0:00-0:20,9.157754166667019,1,2
2025-08-21,2:40-3:00,45.10771250000005,17,18
2025-08-21,4:50-5:00,5.659166666666692,30,30
2025-08-21,15:10-15:30,74.17250164835139,92,93
2025-08-21,18:00-18:20,79.0234446886443,109,110
2025-08-21,18:40-18:50,2.171887728937577,113,113
2025-08-21,20:50-21:00,2.7987500000001546,126,126
2025-08-22,1:30-1:50,76.70428333333325,10,11
2025-08-22,2:40-3:10,49.57487916666685,17,19
2025-08-22,3:40-4:10,68.27896332417572,23,25
2025-08-22,5:20-5:40,32.47740398351641,33,34
2025-08-22,15:50-16:50,159.0450123168497,96,101
2025-08-22,17:00-17:20,14.478216391941658,103,104
2025-08-22,18:10-18:20,12.802002152014666,110,110
2025-08-22,18:50-19:10,87.36788557692273,114,115
2025-08-22,19:50-20:00,3.4558333333333167,120,120
2025-08-22,20:20-20:40,68.01714999999979,123,124
2025-08-22,21:00-21:20,31.292737499999816,127,128
2025-08-22,22:00-22:30,62.08999166666649,133,135
2025-08-23,0:10-0:30,26.15270833333318,2,3
2025-08-23,1:40-1:50,13.452395833333185,11,11
2025-08-23,3:00-3:10,30.681362499999977,19,19
2025-08-23,3:40-3:50,2.110108333333301,23,23
2025-08-23,4:10-4:20,18.946362500000134,26,26
2025-08-23,4:50-5:10,13.073370421245158,30,31
2025-08-23,15:50-16:00,14.918333333333408,96,96
2025-08-23,21:30-21:50,108.31365416666665,130,131
2025-08-23,22:50-23:00,18.819583333333412,138,138
2025-08-23,23:30-23:40,15.60889166666675,142,142
2025-08-24,0:10-0:20,12.810625000000073,2,2
2025-08-24,1:00-1:10,4.350770833333286,7,7
2025-08-24,2:00-2:30,21.666437500000484,13,15
2025-08-24,3:20-3:30,7.747916666666924,21,21
2025-08-24,6:00-6:10,0.4449158424909001,37,37
2025-08-24,7:30-7:40,6.755826785714248,46,46
2025-08-24,15:20-15:30,10.495183150183152,93,93
2025-08-24,16:10-16:30,22.592522161171814,98,99
2025-08-24,17:20-17:30,23.18569139194085,105,105
2025-08-24,18:00-18:20,35.30694294871796,109,110
2025-08-24,18:30-18:40,2.5344565934067305,112,112
2025-08-24,21:20-21:30,26.19166666666672,129,129
2025-08-24,23:00-23:20,46.285108333333255,139,140
2025-08-25,3:50-4:10,63.06495100732616,24,25
2025-08-25,4:50-5:00,2.5266666666666424,30,30
2025-08-25,5:20-5:30,11.779120879120796,33,33
2025-08-25,6:10-6:40,29.218215750915647,38,40
2025-08-25,7:10-7:20,10.648703983516384,44,44
2025-08-25,11:40-13:30,608.4090633241788,71,81
2025-08-25,14:30-14:40,15.635832554944955,88,88
2025-08-25,14:50-16:10,464.6796629120864,90,97
2025-08-25,16:20-17:00,83.6656517399266,99,102
2025-08-25,19:20-19:40,11.70518750000008,117,118
2025-08-25,21:50-22:00,11.486250000000382,132,132
2025-08-25,22:40-23:10,26.280437500000062,137,139
2025-08-26,1:00-1:20,46.375129166666625,7,8
2025-08-26,2:20-3:00,55.78206249999937,15,18
2025-08-26,3:30-3:40,0.7871094780221028,22,22
2025-08-26,4:10-4:30,46.372086904761886,26,27
2025-08-26,16:00-16:20,42.966032967032675,97,98
2025-08-26,16:40-17:20,111.3460215201469,101,104
2025-08-26,19:40-19:50,3.084503342490734,119,119
2025-08-26,20:40-20:50,3.871095833333129,125,125
2025-08-26,21:10-21:30,7.9442875000002005,128,129
2025-08-27,1:10-1:20,21.959354166666458,8,8
2025-08-27,2:10-2:30,22.17499583333347,14,15
2025-08-27,5:10-5:30,29.2753708791206,32,33
2025-08-27,6:00-6:10,9.224985622710733,37,37
2025-08-27,7:50-8:10,38.48149697802228,48,49
2025-08-27,8:40-9:00,100.86163681318612,53,54
2025-08-27,11:30-11:40,12.907049496336867,70,70
2025-08-27,18:20-18:30,23.110833333333062,111,111
2025-08-27,18:50-19:00,17.064583333333303,114,114
2025-08-27,19:20-19:30,8.549166666666906,117,117
2025-08-27,19:50-20:00,5.522083333333285,120,120
2025-08-27,23:10-23:20,6.078724999999849,140,140
2025-08-27,23:30-23:40,1.5915500000000975,142,142
2025-08-28,1:00-1:20,54.3804916666669,7,8
2025-08-28,1:30-1:40,4.737412500000005,10,10
2025-08-28,2:10-2:20,6.266091666666739,14,14
2025-08-28,2:40-3:20,36.82546140109878,17,20
2025-08-28,4:30-4:40,4.527426831501884,28,28
2025-08-28,6:00-6:10,4.66751309523795,37,37
2025-08-28,7:40-7:50,10.886734706959714,47,47
2025-08-28,9:00-11:20,1474.8203203296703,55,68
2025-08-28,11:40-12:20,154.08358974358907,71,74
2025-08-28,12:30-12:40,31.295589194138984,76,76
2025-08-28,17:00-17:20,73.40066391941446,103,104
2025-08-28,18:10-18:30,11.806609432234154,110,111
2025-08-28,18:50-19:00,35.108749999999986,114,114
2025-08-28,19:50-20:10,34.617170833333034,120,121
2025-08-28,21:20-21:50,75.7366874999999,129,131
2025-08-28,22:50-23:10,77.91250833333334,138,139
2025-08-28,23:20-23:30,16.751666666666665,141,141
2025-08-29,4:00-4:10,7.098708882783967,25,25
2025-08-29,5:20-5:30,2.5270833333332803,33,33
2025-08-29,6:00-6:30,49.224555769230676,37,39
2025-08-29,6:50-7:40,90.46427751831516,42,46
2025-08-29,16:50-17:00,5.393127289377276,102,102
2025-08-29,19:50-20:20,49.72595883699603,120,122
2025-08-29,20:40-20:50,16.196154166666474,125,125
2025-08-29,21:50-22:10,32.0546875,132,133
2025-08-29,22:30-22:50,4.207491666667124,136,137
2025-08-29,23:20-23:40,32.99695416666657,141,142
2025-08-30,0:00-0:20,24.59120416666667,1,2
2025-08-30,0:40-1:00,67.14052916666651,5,6
2025-08-30,1:30-1:50,44.52358333333325,10,11
2025-08-30,2:20-2:30,1.9395833333334167,15,15
2025-08-30,4:00-4:40,56.31543411172174,25,28
2025-08-30,5:10-5:40,53.39220082417569,32,34
2025-08-30,17:40-17:50,5.035703388278421,107,107
2025-08-30,18:00-18:20,15.530058928571293,109,110
2025-08-30,19:10-19:20,9.8281833333333,116,116
2025-08-30,19:30-19:40,4.301754166666797,118,118
2025-08-30,20:00-20:10,0.4227416666667523,121,121
2025-08-30,20:30-20:50,57.80740178571443,124,125
2025-08-30,21:30-22:00,52.04156666666677,130,132
2025-08-30,22:30-22:50,55.88062499999978,136,137
2025-08-30,23:10-23:40,106.68863749999991,140,142
2025-08-31,1:40-2:00,23.738866666666695,11,12
2025-08-31,4:20-4:30,12.479166666666515,27,27
2025-08-31,6:10-6:20,3.9847763736264596,38,38
2025-08-31,7:00-7:20,27.718700824175755,43,44
2025-08-31,7:30-7:40,39.86775370879127,46,46
2025-08-31,12:40-12:50,33.12368388278446,77,77
2025-08-31,18:00-18:20,23.43933333333348,109,110
2025-08-31,20:00-20:10,11.207454166666594,121,121
2025-08-31,20:30-20:50,18.26772500000004,124,125
2025-08-31,22:50-23:10,15.348974999999655,138,139
2025-08-31,23:20-23:30,3.931666666666615,141,141
2025-09-01,10:00-10:10,3.967006639193869,61,61
2025-09-01,11:40-11:50,18.534304395603385,71,71
2025-09-02,无,0.0,0,0
2025-09-03,无,0.0,0,0
2025-09-04,无,0.0,0,0
2025-09-05,无,0.0,0,0
2025-09-06,7:30-7:40,2.593849999999975,46,46
2025-09-07,5:10-5:20,1.3246571886447782,32,32
2025-09-07,8:00-8:20,52.831576648352325,49,50
2025-09-07,12:30-12:40,8.796197939560557,76,76
2025-09-07,13:00-13:10,38.620525641025324,79,79
2025-09-08,5:00-5:20,17.830919139194293,31,32
2025-09-08,13:00-13:30,56.53450215201474,79,81
2025-09-08,13:40-14:00,44.6956772893775,83,84
2025-09-08,14:10-15:40,565.0088008241756,86,94
2025-09-09,无,0.0,0,0
2025-09-10,6:10-6:40,67.56421428571491,38,40
2025-09-10,6:50-7:50,137.8144540293045,42,47
2025-09-10,8:00-9:40,462.4920019230756,49,58
2025-09-10,10:10-10:20,12.069940293040418,62,62
2025-09-10,10:50-11:00,25.164693223442782,66,66
2025-09-10,12:00-12:10,4.679238095237679,73,73
2025-09-10,12:30-13:30,465.7054344780213,76,81
2025-09-10,13:40-14:10,34.59250773809504,83,85
2025-09-11,8:20-8:40,101.53637394688667,51,52
2025-09-12,5:00-5:10,8.366549999999961,31,31
2025-09-12,7:20-7:40,39.005059020146234,45,46
2025-09-13,17:00-17:10,8.243616071428335,103,103
2025-09-14,4:00-4:10,5.599329166666848,25,25
2025-09-14,4:40-4:50,8.799923809523762,29,29
2025-09-14,5:20-5:30,6.584999999999923,33,33
2025-09-14,6:20-6:30,11.560421245421026,39,39
2025-09-14,9:40-10:20,99.52486039377322,59,62
2025-09-14,10:50-13:00,755.9730778388275,66,78
2025-09-15,0:40-0:50,6.641441666666765,5,5
2025-09-15,5:30-5:50,19.27281767399245,34,35
2025-09-15,6:20-6:40,13.164146108058503,39,40
2025-09-15,17:50-18:00,22.81657967032959,108,108
2025-09-16,4:00-4:20,22.251983333333214,25,26
2025-09-16,10:40-12:10,737.2324500915761,65,73
2025-09-16,12:20-12:30,15.798461538461424,75,75
2025-09-16,20:20-20:30,0.8637500000000955,123,123
2025-09-16,23:50-24:00,22.25125000000014,144,144
2025-09-17,3:20-3:30,15.148333333333426,21,21
2025-09-17,4:50-5:00,18.397499999999923,30,30
2025-09-17,5:50-6:00,8.748946886446674,36,36
2025-09-17,9:30-10:30,163.66918168498069,58,63
2025-09-17,10:50-11:40,315.4129733974369,66,70
2025-09-17,15:50-16:00,21.00609432234478,96,96
2025-09-17,22:40-22:50,15.67908333333321,137,137
2025-09-18,4:50-5:00,0.4420833333333576,30,30
2025-09-18,5:10-5:30,24.82643749999977,32,33
2025-09-18,9:50-10:00,7.269652014651456,60,60
2025-09-18,12:40-13:00,29.00611749084294,77,78
2025-09-18,21:30-21:40,12.690837500000157,130,130
2025-09-19,1:40-2:00,37.506795833333456,11,12
2025-09-19,2:50-3:00,0.9500000000000455,18,18
2025-09-19,4:30-5:00,31.901724725274676,28,30
2025-09-19,7:40-7:50,6.582252930403001,47,47
2025-09-19,15:50-16:10,47.273115201465544,96,97
2025-09-20,3:10-3:40,76.03354999999982,20,22
2025-09-20,4:50-5:00,5.504999999999939,30,30
2025-09-20,6:50-7:00,6.85290293040282,42,42
2025-09-20,19:00-19:10,3.318395833333284,115,115
2025-09-20,20:50-21:00,13.415000000000077,126,126
2025-09-21,3:00-3:20,35.727958333333504,19,20
2025-09-21,3:50-4:00,6.873333333333335,24,24
2025-09-21,4:30-4:50,13.21937261904759,28,29
2025-09-21,5:30-5:50,26.975484752747093,34,35
2025-09-21,11:00-11:50,54.96280489926721,67,71
2025-09-21,12:20-12:30,5.062948717949098,75,75
2025-09-21,17:10-17:20,14.028458195970416,104,104
2025-09-22,0:00-0:20,60.6011458333337,1,2
2025-09-22,0:30-0:50,90.4639125000001,4,5
2025-09-22,1:20-2:10,95.03369999999973,9,13
2025-09-22,2:30-3:50,180.20777916666668,16,23
2025-09-22,4:10-4:20,6.677595833333385,26,26
2025-09-22,5:00-5:20,16.337291666666943,31,32
2025-09-22,5:30-5:40,5.520323901098891,34,34
2025-09-22,12:20-12:30,31.512010073260512,75,75
2025-09-22,14:30-14:40,15.02243333333331,88,88
2025-09-22,15:10-16:40,257.65109029304074,92,100
2025-09-22,17:00-17:30,102.05702582417518,103,105
2025-09-22,18:20-18:30,1.1875000000001137,111,111
2025-09-22,18:50-19:00,0.7279166666664878,114,114
2025-09-22,19:30-20:20,87.2864583333336,118,122
2025-09-22,21:00-21:30,92.59423749999985,127,129
2025-09-22,21:40-21:50,29.684450000000083,131,131
2025-09-22,22:50-23:00,37.51791666666668,138,138
2025-09-22,23:20-23:40,29.665458333333163,141,142
2025-09-23,0:30-1:10,69.68806666666683,4,7
2025-09-23,1:40-2:30,87.43392499999982,11,15
2025-09-23,3:10-3:20,16.027029166666807,20,20
2025-09-23,3:40-4:00,29.036058333333585,23,24
2025-09-23,4:50-5:20,66.4817750000002,30,32
2025-09-23,5:30-5:50,25.189007783882744,34,35
2025-09-23,6:10-6:30,17.15688099816839,38,39
2025-09-23,6:50-7:00,23.976648351648123,42,42
2025-09-23,9:40-9:50,6.293501007325858,59,59
2025-09-23,10:50-11:00,18.686749084249413,66,66
2025-09-23,14:20-15:20,480.43664803113586,87,92
2025-09-23,15:50-16:50,232.8780286172165,96,101
2025-09-23,17:10-17:40,50.93876927655651,104,106
2025-09-23,18:10-18:50,79.70736904761952,110,113
2025-09-23,19:20-19:30,2.6158333333333985,117,117
2025-09-23,20:10-20:30,111.05429583333353,122,123
2025-09-23,20:50-21:30,156.16371250000043,126,129
2025-09-23,21:40-22:00,16.11630833333345,131,132
2025-09-23,22:20-22:30,66.9375,135,135
2025-09-23,23:30-23:40,11.608395833333589,142,142
2025-09-24,0:10-0:20,1.3107750000001488,2,2
2025-09-24,1:20-1:40,37.15951249999978,9,10
2025-09-24,1:50-3:50,283.1397625000002,12,23
2025-09-24,4:10-5:40,150.23201776556755,26,34
2025-09-24,6:10-7:20,133.24433937728958,38,44
2025-09-24,7:30-7:50,14.695284752747341,46,47
2025-09-24,8:20-8:30,13.887678571428864,51,51
2025-09-24,8:50-9:10,15.863941483516555,54,55
2025-09-24,12:10-12:50,100.29908754578662,74,77
2025-09-24,17:10-17:20,3.1695285714286,104,104
2025-09-24,17:40-17:50,9.653110760072991,107,107
2025-09-24,18:00-18:30,77.33755554029301,109,111
2025-09-24,19:00-19:10,11.480624999999918,115,115
2025-09-24,19:40-20:00,61.6121840201464,119,120
2025-09-24,20:20-20:30,25.277083333333394,123,123
2025-09-24,21:10-21:30,20.477212500000064,128,129
2025-09-24,22:30-22:40,13.10444583333333,136,136
2025-09-24,23:40-24:00,65.34702916666652,143,144
2025-09-25,0:10-1:00,228.31780000000015,2,6
2025-09-25,1:10-1:40,64.41470416666664,8,10
2025-09-25,2:00-2:20,40.0008375000001,13,14
2025-09-25,2:50-3:40,108.02747916666681,18,22
2025-09-25,4:00-4:10,2.286145833333194,25,25
2025-09-25,4:30-5:10,84.03469610805871,28,31
2025-09-25,6:30-6:40,18.03729679487151,40,40
2025-09-25,15:40-16:00,69.81756881868148,95,96
2025-09-25,16:10-16:50,93.89229093406561,98,101
2025-09-25,17:10-17:20,0.177414331501609,104,104
2025-09-25,17:40-18:00,66.69171259157508,107,108
2025-09-25,18:30-19:10,188.99933218864476,112,115
2025-09-25,20:20-20:30,15.616666666666902,123,123
2025-09-25,20:50-21:30,208.6798958333335,126,129
2025-09-25,22:30-23:20,179.78201249999984,136,140
2025-09-25,23:40-24:00,50.103891666666755,143,144
2025-09-26,0:20-0:40,46.590575,3,4
2025-09-26,1:20-1:30,2.1812499999998636,9,9
2025-09-26,1:50-2:10,41.29620833333337,12,13
2025-09-26,2:20-3:00,54.75290416666678,15,18
2025-09-26,3:20-3:40,28.284262500000068,21,22
2025-09-26,4:00-4:20,10.740135897435948,25,26
2025-09-26,4:40-5:20,64.76133333333308,29,32
2025-09-26,5:30-5:40,18.511387957875286,34,34
2025-09-26,16:10-16:20,7.561688049450424,98,98
2025-09-26,16:30-16:50,32.566073397435446,100,101
2025-09-26,17:20-17:30,10.218072344322252,105,105
2025-09-26,18:40-18:50,3.1599354395603996,113,113
2025-09-26,19:10-19:30,51.31816868131858,116,117
2025-09-26,19:40-20:00,26.249245833333475,119,120
2025-09-26,20:50-21:10,6.32918750000033,126,127
2025-09-26,21:40-22:00,67.02373333333333,131,132
2025-09-26,22:50-23:00,9.444166666666547,138,138
2025-09-26,23:30-24:00,51.752924999999834,142,144
2025-09-27,0:20-0:40,57.68409583333323,3,4
2025-09-27,1:00-1:20,107.50821666666673,7,8
2025-09-27,2:10-2:30,13.206212500000163,14,15
2025-09-27,2:50-3:30,99.33305416666678,18,21
2025-09-27,3:40-4:00,60.47009166666669,23,24
2025-09-27,4:20-4:40,47.63394198717958,27,28
2025-09-27,5:00-5:20,6.318553708791114,31,32
2025-09-27,5:30-5:50,53.46906717032965,34,35
2025-09-27,6:00-6:20,14.35263003663016,37,38
2025-09-27,6:30-7:00,104.74209363553132,40,42
2025-09-27,15:40-17:00,288.0043314560444,95,102
2025-09-27,17:30-17:50,63.40196259157477,106,107
2025-09-27,18:10-19:40,276.6941419871792,110,118
2025-09-27,20:00-20:10,1.3293791666663992,121,121
2025-09-27,20:20-20:30,0.927916666666647,123,123
2025-09-27,21:00-21:20,65.76366666666684,127,128
2025-09-27,21:30-21:50,24.14919999999995,130,131
2025-09-27,22:40-22:50,3.0763041666666595,137,137
2025-09-27,23:00-24:00,164.13491249999993,139,144
2025-09-28,0:00-0:30,62.220062500000154,1,3
2025-09-28,0:50-1:10,27.043154166666795,6,7
2025-09-28,1:20-1:50,16.291329166666515,9,11
2025-09-28,2:00-2:50,157.00014583333325,13,17
2025-09-28,3:10-4:00,78.74200000000008,20,24
2025-09-28,4:20-4:30,5.639583333333462,27,27
2025-09-28,4:50-5:00,18.728333333333353,30,30
2025-09-28,5:50-6:00,2.7695833333332303,36,36
2025-09-28,6:20-7:10,37.876818131868276,39,43
2025-09-28,10:20-10:30,40.91713896520075,63,63
2025-09-28,12:40-13:20,87.21716355311412,77,80
2025-09-28,13:30-13:50,52.851976831501815,82,83
2025-09-28,14:10-14:30,37.4694368131868,86,87
2025-09-28,17:10-17:50,174.98873933150105,104,107
2025-09-28,19:10-19:50,140.59532774725244,116,119
2025-09-28,20:00-20:10,1.1524791666665806,121,121
2025-09-28,20:30-20:50,9.332745833333433,124,125
2025-09-28,21:00-21:20,26.89320416666692,127,128
2025-09-28,21:40-22:30,156.90356250000002,131,135
2025-09-28,23:00-23:20,81.44015416666639,139,140
2025-09-28,23:30-24:00,139.88860416666648,142,144
2025-09-29,0:00-1:40,418.42161666666664,1,10
2025-09-29,2:00-3:20,364.1433041666671,13,20
2025-09-29,3:40-5:00,182.62204967948753,23,30
2025-09-29,5:10-6:20,101.30376190476181,32,38
2025-09-29,6:50-7:00,2.2939560439559727,42,42
2025-09-29,14:20-14:30,9.31884615384638,87,87
2025-09-29,15:10-15:30,24.56462211538428,92,93
2025-09-29,15:50-16:10,46.92283832417627,96,97
2025-09-29,16:50-21:00,1102.4310803113544,102,126
2025-09-29,21:20-21:50,118.9510541666665,129,131
2025-09-29,22:10-24:00,499.5382791666666,134,144
2025-09-30,0:00-1:40,505.9057916666666,1,10
2025-09-30,2:10-5:20,545.2695278388276,14,32
2025-09-30,6:40-7:10,103.1109667582416,41,43
2025-09-30,7:30-7:50,39.53866982600749,46,47
2025-09-30,9:00-9:20,80.08578223443271,55,56
2025-09-30,10:00-10:20,20.71892170329602,61,62
2025-09-30,10:30-10:40,16.029081227106076,64,64
2025-09-30,11:30-11:40,1.4563795329672757,70,70
2025-09-30,13:30-16:20,927.9497243589755,82,98
2025-09-30,16:30-18:40,373.4021700091573,100,112
2025-09-30,18:50-21:40,667.3046230769237,114,130
2025-09-30,21:50-22:20,104.1258375000001,132,134
2025-09-30,22:30-24:00,373.39125416666684,136,144
2025-10-01,0:00-0:10,0.6621249999998327,1,1
2025-10-01,0:20-0:50,48.732566666666344,3,5
2025-10-01,1:00-1:20,44.472737499999994,7,8
2025-10-01,1:40-3:00,209.33165416666634,11,18
2025-10-01,3:20-4:40,231.76416272893778,21,28
2025-10-01,5:00-5:20,26.16711666666697,31,32
2025-10-01,17:40-17:50,3.4699336996335433,107,107
2025-10-01,22:10-22:30,44.820154166667066,134,135
2025-10-01,23:30-24:00,59.87698750000004,142,144
2025-10-02,0:00-0:30,68.8710833333331,1,3
2025-10-02,0:50-3:10,455.43468333333374,6,19
2025-10-02,3:20-4:00,77.01734999999996,21,24
2025-10-02,4:20-4:40,51.5087874999997,27,28
2025-10-02,5:30-6:00,76.74822765567762,34,36
2025-10-02,22:00-22:30,31.83129999999983,133,135
2025-10-03,0:00-0:10,5.424654166666642,1,1
2025-10-03,0:40-2:00,184.0002916666669,5,12
2025-10-03,2:20-2:50,57.61304166666673,15,17
2025-10-03,3:10-4:30,109.41077916666643,20,27
2025-10-03,5:30-6:00,64.13400059523804,34,36
2025-10-03,17:10-17:30,4.5124186355310485,104,105
2025-10-03,23:10-23:40,35.22340833333317,140,142
2025-10-04,0:00-0:30,34.35485833333354,1,3
2025-10-04,0:50-1:10,16.38730416666658,6,7
2025-10-04,1:20-1:50,57.15588749999989,9,11
2025-10-04,2:20-2:50,56.42272916666673,15,17
2025-10-04,3:30-3:40,0.2921333333332541,22,22
2025-10-04,4:00-5:30,141.82971195054932,25,33
2025-10-04,5:50-6:20,88.38649029304025,36,38
2025-10-04,7:00-7:30,92.39679473443243,43,45
2025-10-04,15:30-15:50,62.21160045787542,94,95
2025-10-04,16:40-16:50,0.8642756868130732,101,101
2025-10-04,22:10-22:20,14.695541666666657,134,134
2025-10-04,22:50-23:20,40.655574999999544,138,140
2025-10-04,23:30-24:00,12.148279166666441,142,144
2025-10-05,0:00-1:30,275.0599666666669,1,9
2025-10-05,1:50-2:00,20.720833333333417,12,12
2025-10-05,2:20-3:00,135.82301250000023,15,18
2025-10-05,3:20-3:40,21.43559583333331,21,22
2025-10-05,3:50-4:20,21.256312499999922,24,26
2025-10-05,4:40-5:10,58.085688965201484,29,31
2025-10-05,6:00-6:20,28.890261675824263,37,38
2025-10-05,12:10-12:20,0.5966943223444332,74,74
2025-10-05,15:10-15:20,12.332898397436452,92,92
2025-10-05,22:20-22:50,69.85107500000004,135,137
2025-10-06,0:10-0:30,42.73067499999979,2,3
2025-10-06,0:50-1:10,18.04160833333333,6,7
2025-10-06,1:40-3:00,160.2884750000003,11,18
2025-10-06,3:20-3:30,0.8025000000000091,21,21
2025-10-06,3:50-4:00,15.818333333333271,24,24
2025-10-06,4:50-5:20,32.93077500000038,30,32
2025-10-06,6:20-6:40,22.562932051282132,39,40
2025-10-06,7:00-7:10,2.6744864010989886,43,43
2025-10-06,10:50-11:00,3.013489010989133,66,66
2025-10-06,11:30-13:30,760.3262059981674,70,81
2025-10-06,14:40-15:10,46.57390480769266,89,91
2025-10-06,15:30-15:50,36.90031304945012,94,95
2025-10-06,16:00-16:30,71.75218933150165,97,99
2025-10-06,16:40-17:30,57.4327270146523,101,105
2025-10-06,19:20-19:30,1.985833333333403,117,117
2025-10-06,22:00-22:20,44.59186666666642,133,134
2025-10-06,23:10-23:20,8.729308333333393,140,140
2025-10-06,23:30-23:40,5.254424999999856,142,142
2025-10-07,0:10-0:30,4.305312500000014,2,3
2025-10-07,0:50-2:00,130.61401666666632,6,12
2025-10-07,2:30-3:00,56.811741666666535,16,18
2025-10-07,5:00-6:00,57.45754652014716,31,36
2025-10-07,6:20-6:30,3.933246336996376,39,39
2025-10-07,7:10-7:30,23.741701602564433,44,45
2025-10-07,7:50-9:20,317.174037454213,48,56
2025-10-07,9:30-9:40,15.302966666666634,58,58
2025-10-07,10:30-11:20,176.55204871794876,64,68
2025-10-07,11:30-12:20,262.7692384157515,70,74
2025-10-07,12:30-13:00,41.9308112179483,76,78
2025-10-07,14:40-15:00,50.454115705128174,89,90
2025-10-07,15:20-16:00,75.52540567765516,93,96
2025-10-07,22:00-22:20,6.531829166666739,133,134
2025-10-07,22:50-23:10,29.80460416666665,138,139
2025-10-07,23:50-24:00,8.755833333333385,144,144
2025-10-08,0:00-0:10,13.228370833333429,1,1
2025-10-08,0:50-1:00,19.935416666666697,6,6
2025-10-08,1:30-1:40,3.7835666666666157,10,10
2025-10-08,2:30-3:00,54.56397916666651,16,18
2025-10-08,3:10-3:30,14.248295833333145,20,21
2025-10-08,3:40-4:10,16.207945833333383,23,25
2025-10-08,4:40-5:00,14.27956039377284,29,30
2025-10-08,5:30-5:40,2.483400000000074,34,34
2025-10-08,6:10-8:20,379.7683139194146,38,50
2025-10-08,11:00-11:10,1.782921886446502,67,67
2025-10-08,11:30-13:00,788.1596962912104,70,78
2025-10-08,15:30-15:40,10.222687683149957,94,94
2025-10-08,17:40-18:20,80.93201158424915,107,110
2025-10-08,20:30-20:50,8.124187500000176,124,125
2025-10-08,22:00-22:30,69.51953750000018,133,135
2025-10-08,23:20-23:30,5.264166666666597,141,141
2025-10-09,0:20-0:30,9.594583333333276,3,3
2025-10-09,0:50-1:40,35.213220833333594,6,10
2025-10-09,1:50-2:20,47.656900000000064,12,14
2025-10-09,3:00-3:20,11.047337499999912,19,20
2025-10-09,3:30-3:50,25.63430833333325,22,23
2025-10-09,4:10-4:30,7.596828663003748,26,27
2025-10-09,4:40-5:00,15.253676877289308,29,30
2025-10-09,5:30-5:40,39.14429583333367,34,34
2025-10-09,6:00-6:20,11.028652014652039,37,38
2025-10-09,6:40-6:50,5.027550641025641,41,41
2025-10-09,7:00-8:10,146.1907773809544,43,49
2025-10-09,10:30-10:50,20.92925389194147,64,65
2025-10-09,11:00-11:20,68.24614070512757,67,68
2025-10-09,14:30-15:20,163.27801671245368,88,92
2025-10-09,15:30-15:50,9.561178891941609,94,95
2025-10-09,16:10-16:50,99.45343621794882,98,101
2025-10-09,17:10-18:10,84.8471690934058,104,109
2025-10-09,19:20-19:30,12.309999999999832,117,117
2025-10-09,20:30-20:50,28.19271666666691,124,125
2025-10-09,22:00-22:30,15.853349999999864,133,135
2025-10-09,22:50-23:00,13.01083333333338,138,138
2025-10-09,23:50-24:00,1.7024999999999864,144,144
2025-10-10,0:00-0:20,91.43860833333343,1,2
2025-10-10,0:40-1:40,109.28694583333322,5,10
2025-10-10,2:00-2:20,27.139508333333367,13,14
2025-10-10,3:10-3:20,8.522462500000017,20,20
2025-10-10,3:30-3:50,43.10110000000003,22,23
2025-10-10,4:40-4:50,0.12399624542132415,29,29
2025-10-10,5:00-5:20,22.3376018772895,31,32
2025-10-10,5:40-5:50,3.3173251373627863,35,35
2025-10-10,6:20-6:30,1.570961538461404,39,39
2025-10-10,7:00-7:20,109.7949773351649,43,44
2025-10-10,15:50-16:50,208.0847620421245,96,101
2025-10-10,17:00-17:50,128.3318643772896,103,107
2025-10-10,20:40-21:00,34.614924999999744,125,126
2025-10-10,22:00-22:30,50.880725000000155,133,135
2025-10-10,22:50-23:00,20.04833333333329,138,138
2025-10-10,23:20-23:30,10.210416666666788,141,141
2025-10-10,23:50-24:00,52.32291666666663,144,144
2025-10-11,0:00-0:10,15.34266250000013,1,1
2025-10-11,1:20-1:40,30.975683333333393,9,10
2025-10-11,2:00-2:50,40.06602499999997,13,17
2025-10-11,3:30-3:50,29.53292916666669,22,23
2025-10-11,4:00-4:20,7.470720512820662,25,26
2025-10-11,5:10-5:20,11.001990613553119,32,32
2025-10-11,6:50-7:10,37.25710627289385,42,43
2025-10-11,12:30-12:40,24.447655036630863,76,76
2025-10-11,13:10-13:50,188.57890929487212,80,83
2025-10-11,16:00-16:30,32.398408836996396,97,99
2025-10-11,17:20-17:40,35.167331776556466,105,106
2025-10-11,18:50-19:00,4.5862500000001205,114,114
2025-10-11,19:10-19:30,6.124216666666484,116,117
2025-10-11,20:00-20:10,14.410345833333508,121,121
2025-10-11,21:20-21:30,5.994166666666672,129,129
2025-10-11,22:20-22:30,31.238749999999982,135,135
2025-10-11,22:50-23:00,7.71875,138,138
2025-10-11,23:30-24:00,46.43918333333335,142,144
2025-10-12,1:00-1:10,0.9230000000000018,7,7
2025-10-12,1:40-2:00,67.24307083333338,11,12
2025-10-12,2:20-2:50,48.18151666666677,15,17
2025-10-12,3:30-3:50,11.815345833333481,22,23
2025-10-12,5:00-5:20,33.98260654761896,31,32
2025-10-12,6:00-6:20,57.418512728937685,37,38
2025-10-12,6:40-6:50,2.8968505036626766,41,41
2025-10-12,11:00-11:20,20.387227930402787,67,68
2025-10-12,11:50-12:00,36.257303113552325,72,72
2025-10-12,12:20-14:40,1217.2443050824188,75,88
2025-10-12,16:50-17:00,3.160260989010908,102,102
2025-10-12,18:00-18:20,42.35989519230759,109,110
2025-10-12,18:50-19:00,5.450833333333321,114,114
2025-10-12,20:00-20:10,19.019483333333255,121,121
2025-10-12,22:00-22:10,14.733708333333425,133,133
2025-10-12,22:30-22:50,66.53810833333318,136,137
2025-10-12,23:10-23:50,23.8747125000001,140,143
2025-10-13,0:50-1:00,5.277499999999918,6,6
2025-10-13,1:20-1:30,5.517916666666679,9,9
2025-10-13,1:50-2:10,45.20775000000003,12,13
2025-10-13,4:20-5:10,85.4878964743591,27,31
2025-10-13,12:40-12:50,3.980360805860755,77,77
2025-10-13,13:50-14:00,7.039761904761008,84,84
2025-10-13,14:30-14:50,87.61127779304036,88,89
2025-10-13,15:50-16:10,21.900315018314586,96,97
2025-10-13,16:40-16:50,23.823073855311577,101,101
2025-10-13,19:20-19:40,33.35265599816864,117,118
2025-10-13,21:40-22:20,42.14816250000047,131,134
2025-10-14,0:50-1:10,10.981708333333358,6,7
2025-10-14,1:30-1:50,18.625175000000127,10,11
2025-10-14,2:00-2:20,49.706020833333355,13,14
2025-10-14,3:10-3:30,24.727191666666613,20,21
2025-10-14,4:30-4:50,6.394687591575121,28,29
2025-10-14,5:20-5:40,28.108915247252867,33,34
2025-10-14,6:10-6:30,16.75462765567761,38,39
2025-10-14,7:10-8:00,122.0167353479855,44,48
2025-10-14,8:30-8:50,78.64838841575113,52,53
2025-10-14,9:30-9:40,17.98463021978023,58,58
2025-10-14,10:20-10:40,34.48808461538374,63,64
2025-10-14,13:00-14:10,303.50573447802003,79,85
2025-10-14,14:40-16:00,140.452208836997,89,96
2025-10-14,16:40-16:50,12.312411996337005,101,101
2025-10-14,18:00-18:10,13.438100228937515,109,109
2025-10-14,19:00-19:10,2.366216575091471,115,115
2025-10-14,21:30-21:40,1.7689208333333681,130,130
2025-10-14,22:00-22:20,67.25447083333324,133,134
2025-10-14,23:20-23:40,7.807079166666426,141,142
2025-10-15,0:00-0:10,18.108812500000113,1,1
2025-10-15,0:30-0:50,46.76538749999986,4,5
2025-10-15,1:10-1:20,9.376116666666576,8,8
2025-10-15,1:40-2:00,47.71021666666684,11,12
2025-10-15,2:20-2:40,16.101033333333476,15,16
2025-10-15,2:50-3:10,16.969858333333264,18,19
2025-10-15,4:00-4:20,45.7025583333334,25,26
2025-10-15,4:30-4:50,18.980400824175945,28,29
2025-10-15,5:30-5:40,3.9971360805861877,34,34
2025-10-15,12:30-12:40,15.20835778388323,76,76
2025-10-15,13:00-15:10,755.9642832875458,79,91
2025-10-15,17:30-18:10,78.36437857142846,106,109
2025-10-15,18:40-19:00,31.08749958791202,113,114
2025-10-15,19:20-19:50,35.37168223443234,117,119
2025-10-15,20:40-21:10,37.52606666666691,125,127
2025-10-15,21:40-21:50,4.336675000000014,131,131
2025-10-15,22:00-22:20,48.19525833333353,133,134
2025-10-15,23:00-23:20,21.665129166666702,139,140
2025-10-16,0:10-0:30,25.847595833333344,2,3
2025-10-16,0:50-1:20,44.69296666666651,6,8
2025-10-16,1:40-2:00,24.193083333333334,11,12
2025-10-16,2:20-2:40,52.5773291666668,15,16
2025-10-16,4:10-4:30,6.887883333332979,26,27
2025-10-16,5:00-5:20,47.09937060439563,31,32
2025-10-16,5:30-5:50,6.358437499999809,34,35
2025-10-16,13:00-13:10,2.216354990842774,79,79
2025-10-16,14:00-16:30,1145.4934161630033,85,99
2025-10-16,16:40-17:00,44.29221547619045,101,102
2025-10-16,17:20-17:40,18.34671831501805,105,106
2025-10-16,18:00-18:10,30.807611126373786,109,109
2025-10-16,18:30-18:50,25.29804304029301,112,113
2025-10-16,19:10-20:10,92.08222660256422,116,121
2025-10-16,20:40-20:50,6.816041666666592,125,125
2025-10-16,21:40-21:50,18.757966666666675,131,131
2025-10-16,22:30-22:50,15.302908333333335,136,137
2025-10-16,23:50-24:00,33.72125,144,144
2025-10-17,0:00-0:10,17.03769166666666,1,1
2025-10-17,1:00-1:20,17.311033333333228,7,8
2025-10-17,1:30-1:40,8.374387500000012,10,10
2025-10-17,2:10-2:30,25.591670833333183,14,15
2025-10-17,3:10-3:30,26.504004166666675,20,21
2025-10-17,16:40-16:50,1.152622756410608,101,101
2025-10-17,17:30-17:50,6.374241666666762,106,107
2025-10-17,18:00-18:10,7.24829445970704,109,109
2025-10-17,18:30-18:50,28.692640521977978,112,113
2025-10-17,19:10-19:20,19.44562499999995,116,116
2025-10-17,19:40-20:10,22.347641666666732,119,121
2025-10-17,20:30-20:50,53.90350416666672,124,125
2025-10-17,21:20-21:50,28.457345833333363,129,131
2025-10-17,22:30-23:50,138.4803916666662,136,143
2025-10-18,0:20-1:00,67.51172083333319,3,6
2025-10-18,1:50-2:00,6.052500000000123,12,12
2025-10-18,2:40-3:00,39.3093125000002,17,18
2025-10-18,3:20-3:30,11.898750000000007,21,21
2025-10-18,4:40-5:00,15.598053250915711,29,30
2025-10-18,5:20-5:30,15.39958333333334,33,33
2025-10-18,16:20-17:00,37.81803177655638,99,102
2025-10-18,17:20-17:40,17.763137500000084,105,106
2025-10-18,21:30-22:00,46.86730000000006,130,132
2025-10-18,22:10-22:50,47.023762499999975,134,137
2025-10-18,23:10-23:30,21.50920416666645,140,141
2025-10-19,0:20-0:30,8.87583333333339,3,3
2025-10-19,1:00-1:20,56.225733333333324,7,8
2025-10-19,2:30-2:40,3.875499999999988,16,16
2025-10-19,3:00-3:10,4.384745833333227,19,19
2025-10-19,3:40-3:50,11.529104166666684,23,23
2025-10-19,4:20-4:30,12.119166666666843,27,27
2025-10-19,4:50-5:00,4.3604166666666515,30,30
2025-10-19,5:40-6:00,13.655174999999872,35,36
2025-10-19,6:20-6:30,13.77379578754585,39,39
2025-10-19,14:40-16:00,360.97921964285695,89,96
2025-10-19,16:20-16:50,10.611401419413824,99,101
2025-10-19,18:00-18:40,68.41662261904776,109,112
2025-10-19,19:00-19:20,34.349874999999884,115,116
2025-10-19,19:40-20:20,21.404758333333575,119,122
2025-10-19,21:20-21:30,27.669583333333435,129,129
2025-10-19,22:30-22:40,8.320137499999873,136,136
2025-10-19,23:00-23:30,46.877970833333166,139,141
2025-10-19,23:50-24:00,11.547500000000014,144,144
2025-10-20,1:00-1:20,34.91837083333337,7,8
2025-10-20,2:20-2:40,16.709287500000187,15,16
2025-10-20,3:20-3:30,1.1137499999999818,21,21
2025-10-20,5:30-5:50,28.129662957875098,34,35
2025-10-20,7:50-8:00,11.551153846153738,48,48
2025-10-20,8:20-10:30,708.5349198717968,51,63
2025-10-20,11:50-12:00,20.62709706959663,72,72
2025-10-20,17:30-17:40,0.2813372710625117,106,106
2025-10-20,18:30-18:40,1.8220041666667157,112,112
2025-10-20,19:00-19:20,25.311494642857156,115,116
2025-10-20,19:40-19:50,0.5717124999999896,119,119
2025-10-20,20:10-20:20,13.945483333333414,122,122
2025-10-20,21:10-21:30,10.766925000000015,128,129
2025-10-20,21:50-22:10,50.75552916666652,132,133
2025-10-20,22:30-22:50,5.193037499999946,136,137
2025-10-20,23:40-24:00,35.442591666666885,143,144
2025-10-21,1:30-1:50,9.695508333333464,10,11
2025-10-21,3:30-3:40,10.523079166666662,22,22
2025-10-21,4:30-4:40,1.5645416666667415,28,28
2025-10-21,5:10-6:00,139.60039065934063,32,36
2025-10-21,6:20-6:30,32.194583333333185,39,39
2025-10-21,6:50-7:30,37.04121053113488,42,45
2025-10-21,8:30-8:40,5.588929899267214,52,52
2025-10-21,9:40-11:10,150.40624523809402,59,67
2025-10-21,11:20-12:20,311.75119445970734,69,74
2025-10-21,17:20-17:40,15.495562683150183,105,106
2025-10-21,17:50-18:10,13.584508333333247,108,109
2025-10-21,22:00-22:10,8.490725000000111,133,133
2025-10-21,22:40-22:50,27.150412499999902,137,137
2025-10-21,23:00-23:30,72.43850416666714,139,141
2025-10-21,23:50-24:00,22.47749999999985,144,144
2025-10-22,0:00-0:10,6.6253541666665114,1,1
2025-10-22,0:40-1:00,6.08659166666655,5,6
2025-10-22,1:20-1:50,73.31429166666646,9,11
2025-10-22,3:30-3:40,1.6541208333331952,22,22
2025-10-22,5:30-6:10,14.295496291208792,34,37
2025-10-22,7:10-7:30,54.89369125457847,44,45
2025-10-22,8:00-8:10,6.999476968864201,49,49
2025-10-22,8:40-10:20,387.4898888736261,53,62
2025-10-22,11:50-12:00,14.80310439560435,72,72
2025-10-22,16:40-16:50,3.4791156135530628,101,101
2025-10-22,17:20-17:40,14.024639102564493,105,106
2025-10-22,17:50-19:00,218.50185416666693,108,114
2025-10-22,19:10-19:50,92.93471666666676,116,119
2025-10-22,20:30-21:00,111.20473333333348,124,126
2025-10-22,21:20-22:00,80.55484999999965,129,132
2025-10-22,22:50-23:30,99.54425833333289,138,141
2025-10-23,0:00-0:20,14.280008333333171,1,2
2025-10-23,1:30-2:10,28.828299999999786,10,13
2025-10-23,2:30-2:50,5.426104166666619,16,17
2025-10-23,3:30-3:40,19.972137499999917,22,22
2025-10-23,4:10-4:20,12.572687500000029,26,26
2025-10-23,5:20-5:40,16.0522684981687,33,34
2025-10-23,6:00-6:20,3.0458290293038317,37,38
2025-10-23,6:40-6:50,6.526328983516464,41,41
2025-10-23,16:50-18:20,114.87611781135502,102,110
2025-10-23,19:00-19:20,46.219154166666726,115,116
2025-10-23,19:30-20:30,175.79083333333335,118,123
2025-10-23,21:00-21:10,7.243174999999837,127,127
2025-10-23,21:30-21:50,12.860383333333289,130,131
2025-10-23,22:00-22:20,78.06374583333331,133,134
2025-10-23,23:00-23:20,14.130949999999984,139,140
2025-10-23,23:50-24:00,10.2175000000002,144,144
2025-10-24,2:20-2:40,0.8991333333334524,15,16
2025-10-24,3:00-3:10,11.956337500000018,19,19
2025-10-24,3:30-3:50,7.126866666666615,22,23
2025-10-24,5:20-6:00,77.15480517399271,33,36
2025-10-24,7:30-7:40,7.071141300366264,46,46
2025-10-24,15:40-15:50,1.210238369963463,95,95
2025-10-24,16:30-18:40,260.82285054945027,100,112
2025-10-24,18:50-19:20,46.088403708791134,114,116
2025-10-24,19:30-19:50,70.59361250000006,118,119
2025-10-24,20:00-20:30,116.61484583333316,121,123
2025-10-24,20:50-21:30,151.7832958333331,126,129
2025-10-24,21:50-22:30,48.17006249999997,132,135
2025-10-24,22:50-23:10,84.81205000000023,138,139
2025-10-25,0:20-0:30,3.084166666666704,3,3
2025-10-25,1:20-1:50,94.75567499999966,9,11
2025-10-25,2:20-2:30,0.8520833333334394,15,15
2025-10-25,3:30-3:40,6.5766916666666475,22,22
2025-10-25,5:30-5:50,45.082670833333395,34,35
2025-10-25,16:10-16:20,1.5283105769229337,98,98
2025-10-25,17:00-17:20,67.71278452380938,103,104
2025-10-25,17:30-18:20,39.64455219780194,106,110
2025-10-25,18:50-19:20,39.29683452380948,114,116
2025-10-25,20:00-21:20,204.4474749999996,121,128
2025-10-25,21:30-22:30,96.15760416666706,130,135
2025-10-25,22:50-23:20,63.4136708333333,138,140
2025-10-26,0:00-0:20,26.81870416666675,1,2
2025-10-26,0:40-0:50,1.375004166666713,5,5
2025-10-26,1:20-1:50,42.68926666666641,9,11
2025-10-26,2:20-2:30,7.127499999999941,15,15
2025-10-26,3:20-3:30,1.082083333333344,21,21
2025-10-26,5:20-5:30,31.768333333333317,33,33
2025-10-26,6:20-6:30,6.216249999999945,39,39
2025-10-26,12:10-12:30,42.86266565933977,74,75
2025-10-26,16:50-18:10,131.69585961538576,102,109
2025-10-26,18:20-18:40,30.189975000000004,111,112
2025-10-26,20:00-21:00,81.14658750000024,121,126
2025-10-26,21:30-21:40,4.8659791666664205,130,130
2025-10-26,22:30-23:00,32.262525000000096,136,138
2025-10-26,23:30-23:40,1.1124874999998156,142,142
2025-10-27,0:10-0:30,16.3434708333333,2,3
2025-10-27,1:40-2:00,18.11660000000029,11,12
2025-10-27,3:10-3:20,2.753300000000195,20,20
2025-10-27,3:40-3:50,9.437979166666764,23,23
2025-10-27,4:10-4:20,3.322366666666767,26,26
2025-10-27,6:00-6:20,26.96380760073248,37,38
2025-10-27,14:50-15:20,106.66869652014645,90,92
2025-10-27,15:30-17:20,274.3057840201475,94,104
2025-10-27,17:30-17:40,14.20492083333329,106,106
2025-10-27,18:30-19:10,36.71486547618997,112,115
2025-10-27,19:30-20:00,71.16358750000052,118,120
2025-10-27,20:50-21:30,58.584150000000136,126,129
2025-10-27,22:00-22:50,62.919979166666394,133,137
2025-10-27,23:00-23:20,37.920424999999796,139,140
2025-10-28,0:10-0:20,22.415366666666614,2,2
2025-10-28,1:10-1:30,10.473545833333446,8,9
2025-10-28,1:40-1:50,0.09632083333326591,11,11
2025-10-28,2:40-3:00,2.211779166666588,17,18
2025-10-28,3:40-3:50,2.8860833333334313,23,23
2025-10-28,5:50-6:10,1.7108967490844407,36,37
2025-10-28,7:50-8:10,63.364473763735305,48,49
2025-10-28,12:40-13:20,177.84210810439527,77,80
2025-10-28,14:50-15:00,3.327678571428578,90,90
2025-10-28,16:00-16:20,36.21749194139181,97,98
2025-10-28,16:40-17:10,21.136873901098852,101,103
2025-10-28,18:00-18:10,6.826483333333272,109,109
2025-10-28,18:40-18:50,26.0516093864469,113,113
2025-10-28,19:20-19:30,13.727083333333553,117,117
2025-10-28,19:50-20:00,9.694583333333298,120,120
2025-10-28,20:20-20:50,42.36972083333319,123,125
2025-10-28,21:00-21:40,25.26419583333336,127,130
2025-10-28,22:10-23:00,75.62409583333329,134,138
2025-10-28,23:50-24:00,1.4762500000001637,144,144
2025-10-29,2:30-2:40,9.731116666666708,16,16
2025-10-29,4:10-4:40,60.168434981685095,26,28
2025-10-29,5:10-5:40,23.27143653846167,32,34
2025-10-29,6:10-6:20,10.414779853479786,38,38
2025-10-29,9:10-9:20,5.47503356227071,56,56
2025-10-29,9:30-12:10,1243.1969362637378,58,73
2025-10-29,13:20-13:30,9.068456959706737,81,81
2025-10-29,14:30-14:40,1.0465566391939092,88,88
2025-10-29,14:50-15:10,41.22842000915739,90,91
2025-10-29,16:30-16:50,38.790228434066194,100,101
2025-10-29,17:10-21:40,746.1383624542123,104,130
2025-10-29,21:50-23:00,110.85955833333378,132,138
2025-10-29,23:40-24:00,15.201062500000035,143,144
2025-10-30,0:00-0:10,4.666533333333064,1,1
2025-10-30,0:40-1:00,21.891437500000052,5,6
2025-10-30,3:00-3:30,42.40784166666663,19,21
2025-10-30,3:50-4:10,44.03722500000015,24,25
2025-10-30,6:00-6:10,16.383215979853276,37,37
2025-10-30,6:30-6:40,4.835291346153667,40,40
2025-10-30,15:40-17:10,105.09310476190456,95,103
2025-10-30,17:20-18:00,92.17767023809506,105,108
2025-10-30,18:20-20:30,285.7223957875457,111,123
2025-10-30,20:40-22:10,248.11539166666648,125,133
2025-10-30,22:30-23:50,137.422275,136,143
2025-10-31,0:10-0:40,16.82748749999996,2,4
2025-10-31,0:50-1:00,11.083333333333314,6,6
2025-10-31,3:00-3:10,10.271441666666647,19,19
2025-10-31,3:50-4:10,7.2806708333333745,24,25
2025-10-31,4:30-4:40,5.197215155677611,28,28
2025-10-31,5:10-5:30,34.643490384615234,32,33
2025-10-31,6:20-6:30,2.69795329670319,39,39
2025-10-31,15:20-15:40,34.92486153846153,93,94
2025-10-31,16:00-17:00,139.52933191391912,97,102
2025-10-31,17:20-17:30,32.311121794871895,105,105
2025-10-31,17:50-19:00,193.45755238095245,108,114
2025-10-31,19:20-19:50,106.79612083333325,117,119
2025-10-31,20:00-20:20,52.27427083333333,121,122
2025-10-31,20:40-22:20,242.16917499999983,125,134
2025-10-31,22:30-22:40,9.247337499999958,136,136
2025-10-31,23:40-23:50,10.973612500000002,143,143
2025-11-01,1:50-2:10,31.275820833333455,12,13
2025-11-01,2:40-3:40,145.72638333333327,17,22
2025-11-01,4:30-4:40,1.4045614926739631,28,28
2025-11-01,5:10-5:20,2.222119551281992,32,32
2025-11-01,16:00-16:20,25.78686428571416,97,98
2025-11-01,16:40-17:30,100.81795370879126,101,105
2025-11-01,18:00-19:00,35.731673992673905,109,114
2025-11-01,19:30-19:40,15.43222916666673,118,118
2025-11-01,20:00-20:10,5.016116666666505,121,121
2025-11-01,20:30-21:00,83.60512083333305,124,126
2025-11-01,21:10-22:10,126.30214166666684,128,133
2025-11-01,22:40-23:00,22.4161124999996,137,138
2025-11-01,23:10-23:30,7.025320833333353,140,141
2025-11-02,0:00-0:10,2.3609791666663114,1,1
2025-11-02,0:30-0:50,6.901983333333305,4,5
2025-11-02,2:00-2:20,22.82884166666679,13,14
2025-11-02,2:50-3:10,21.670745833333513,18,19
2025-11-02,4:50-5:10,29.909851236263876,30,31
2025-11-02,7:20-7:30,8.306140109890293,45,45
2025-11-02,9:30-9:50,56.295803205128436,58,59
2025-11-02,13:20-13:50,65.58201987179484,81,83
2025-11-02,16:20-16:30,1.3050228937725024,99,99
2025-11-02,16:50-17:10,20.071445421245016,102,103
2025-11-02,18:10-20:00,303.94159816849856,110,120
2025-11-02,20:10-21:00,161.97534166666662,122,126
2025-11-02,21:30-22:10,77.39560416666654,130,133
2025-11-02,22:50-23:00,21.07374999999979,138,138
2025-11-02,23:30-23:40,2.864191666666784,142,142
2025-11-03,0:10-0:30,9.611120833333302,2,3
2025-11-03,0:50-1:00,5.734583333333376,6,6
2025-11-03,1:20-1:50,15.860908333333441,9,11
2025-11-03,2:20-2:30,18.297083333333262,15,15
2025-11-03,2:50-3:20,11.604924999999866,18,20
2025-11-03,3:50-4:10,31.947349999999915,24,25
2025-11-03,5:00-5:20,52.923904120879,31,32
2025-11-03,6:40-6:50,12.249839972527411,41,41
2025-11-03,10:10-10:20,0.1888044413917669,62,62
2025-11-03,10:30-10:50,69.8040211538464,64,65
2025-11-03,11:20-11:30,2.656277472527563,69,69
2025-11-03,12:20-12:50,55.42333782051321,75,77
2025-11-03,17:00-17:20,22.848328479852967,103,104
2025-11-03,17:30-18:30,115.76598191391952,106,111
2025-11-03,18:50-19:10,8.766429166666512,114,115
2025-11-03,19:40-19:50,4.3317916666663905,119,119
2025-11-03,20:30-20:50,26.10870416666694,124,125
2025-11-03,21:00-21:20,13.424533333333216,127,128
2025-11-03,21:50-22:10,17.503162499999917,132,133
2025-11-03,22:20-23:00,25.840654166667264,135,138
2025-11-03,23:30-24:00,73.68018333333328,142,144
2025-11-04,0:00-0:20,30.911337499999945,1,2
2025-11-04,0:30-0:50,49.12786249999999,4,5
2025-11-04,3:20-4:10,59.37594166666679,21,25
2025-11-04,5:50-6:20,65.16842152014613,36,38
2025-11-04,6:30-6:50,8.629443635531175,40,41
2025-11-04,17:00-20:30,503.5922814560445,103,123
2025-11-04,20:50-21:20,79.00533333333317,126,128
2025-11-04,22:00-22:20,41.9647833333338,133,134
2025-11-04,23:30-23:50,21.742550000000165,142,143
2025-11-05,0:10-0:40,59.0762041666668,2,4
2025-11-05,1:10-1:30,41.87806666666654,8,9
2025-11-05,3:50-4:00,2.748333333333335,24,24
2025-11-05,4:50-5:10,23.333574999999996,30,31
2025-11-05,6:30-7:00,68.65344739010982,40,42
2025-11-05,7:40-7:50,12.617224816849898,47,47
2025-11-05,16:30-16:50,56.280183058607804,100,101
2025-11-05,17:10-17:30,37.53893658424897,104,105
2025-11-05,17:50-18:10,48.911111309523676,108,109
2025-11-05,18:30-18:50,47.487385119047644,112,113
2025-11-05,19:10-19:20,9.011770833333458,116,116
2025-11-05,19:30-19:40,3.1409333333334644,118,118
2025-11-05,20:20-20:30,16.302083333333485,123,123
2025-11-05,20:50-21:10,20.27025833333323,126,127
2025-11-05,21:40-23:00,144.3074250000002,131,138
2025-11-05,23:20-23:40,5.883683333333238,141,142
2025-11-06,0:10-0:40,18.744116666666514,2,4
2025-11-06,1:30-1:50,30.09132083333327,10,11
2025-11-06,2:40-3:00,11.566850000000159,17,18
2025-11-06,3:40-3:50,2.253920833333268,23,23
2025-11-06,5:20-5:50,37.44831011904762,33,35
2025-11-06,6:30-6:50,18.57363218864475,40,41
2025-11-06,7:30-9:10,388.358013324176,46,55
2025-11-06,9:30-9:50,24.47338168498152,58,59
2025-11-06,10:10-10:30,52.80750325091526,62,63
2025-11-06,12:00-12:10,8.240337774725162,73,73
2025-11-06,16:50-17:00,3.4529258241756224,102,102
2025-11-06,17:30-17:50,29.754273443223383,106,107
2025-11-06,18:00-19:00,72.84212358058642,109,114
2025-11-06,20:10-21:50,196.2073541666673,122,131
2025-11-06,22:10-22:30,36.46994583333321,134,135
2025-11-06,22:50-23:40,109.14610833333313,138,142
2025-11-07,0:30-0:40,11.888099999999895,4,4
2025-11-07,1:10-2:00,38.33422499999966,8,12
2025-11-07,2:20-2:40,20.303133333333278,15,16
2025-11-07,3:40-3:50,1.5415208333333226,23,23
2025-11-07,6:10-6:30,23.03094084249068,38,39
2025-11-07,6:50-7:00,5.4843956043956155,42,42
2025-11-07,7:30-7:50,39.797479761904526,46,47
2025-11-07,8:10-8:30,42.27263960622673,50,51
2025-11-07,17:00-17:50,112.56406634615388,103,107
2025-11-07,18:10-18:20,3.5300874999999223,110,110
2025-11-07,18:50-19:00,7.659166666666636,114,114
2025-11-07,19:30-20:00,40.19458750000018,118,120
2025-11-07,20:20-20:40,61.138504166666564,123,124
2025-11-07,21:00-21:10,1.9956916666668008,127,127
2025-11-07,22:30-23:10,26.205129166666495,136,139
2025-11-07,23:50-24:00,9.241666666666617,144,144
2025-11-08,0:00-0:20,71.02130416666677,1,2
2025-11-08,1:00-1:20,41.15203333333335,7,8
2025-11-08,2:10-2:30,14.619816666666793,14,15
2025-11-08,3:00-3:10,11.984216666666725,19,19
2025-11-08,4:20-4:40,8.886295833333293,27,28
2025-11-08,6:00-6:20,4.003687820512823,37,38
2025-11-08,16:20-16:30,23.098141025641326,99,99
2025-11-08,17:00-17:10,6.44721900183157,103,103
2025-11-08,17:20-17:40,3.485810989010872,105,106
2025-11-08,18:40-19:40,70.60844880952334,113,118
2025-11-08,20:30-20:50,32.32030833333329,124,125
2025-11-08,21:20-21:40,26.548620833333416,129,130
2025-11-08,22:00-22:20,28.327908333333426,133,134
2025-11-09,0:20-0:30,16.474166666666747,3,3
2025-11-09,1:10-1:30,35.97981249999998,8,9
2025-11-09,2:00-2:20,15.470558333333315,13,14
2025-11-09,3:10-3:30,16.352054166666676,20,21
2025-11-09,4:00-4:20,11.80092083333318,25,26
2025-11-09,5:10-5:20,3.7864671703296153,32,32
2025-11-09,6:50-7:10,32.1874736263735,42,43
2025-11-09,14:00-15:50,491.7044693681329,85,95
2025-11-09,16:20-16:30,9.096543040293227,99,99
2025-11-09,16:50-17:00,0.5607875457874343,102,102
2025-11-09,17:10-17:20,0.06971675824183876,104,104
2025-11-09,18:30-18:50,26.27814743589738,112,113
2025-11-09,19:30-20:00,20.07799583333349,118,120
2025-11-09,20:20-20:30,1.6208333333331666,123,123
2025-11-09,20:40-21:10,54.046087499999885,125,127
2025-11-09,22:10-22:40,19.111795833333417,134,136
2025-11-09,23:50-24:00,3.1724999999999,144,144
2025-11-10,0:20-0:40,39.7598416666666,3,4
2025-11-10,1:10-1:30,48.85646250000002,8,9
2025-11-10,3:50-4:20,78.44217083333342,24,26
2025-11-10,6:40-7:10,26.424053296702937,41,43
2025-11-10,7:30-7:50,36.34464496337023,46,47
2025-11-10,8:00-8:20,49.56148855311335,49,50
2025-11-10,8:30-8:40,7.287318635531619,52,52
2025-11-10,11:50-12:50,180.2013365842496,72,77
2025-11-10,13:40-13:50,6.9662778846153515,83,83
2025-11-10,14:10-14:40,69.68896126373636,86,88
2025-11-10,15:00-16:40,396.31777426739905,91,100
2025-11-10,17:00-17:20,27.736720421245423,103,104
2025-11-10,17:30-17:50,23.204874816849724,106,107
2025-11-10,18:00-18:20,71.73973402014644,109,110
2025-11-10,18:30-19:00,37.26943791208805,112,114
2025-11-10,19:10-19:30,13.018862499999727,116,117
2025-11-10,19:50-20:10,30.550012499999866,120,121
2025-11-10,20:50-21:00,37.28583333333336,126,126
2025-11-10,21:20-22:00,75.43027499999994,129,132
2025-11-10,23:20-23:40,15.641587499999787,141,142
2025-11-11,0:00-0:20,17.358166666666875,1,2
2025-11-11,0:50-1:10,5.5677916666667215,6,7
2025-11-11,1:40-2:00,9.005087499999718,11,12
2025-11-11,3:30-3:40,1.0667166666667072,22,22
2025-11-11,6:20-6:30,3.3079166666666424,39,39
2025-11-11,6:50-7:10,29.901291437728787,42,43
2025-11-11,9:20-9:30,12.118415750915347,57,57
2025-11-11,15:20-15:40,30.46379267399209,93,94
2025-11-11,15:50-16:10,9.902392216117391,96,97
2025-11-11,16:20-16:40,21.209192307691865,99,100
2025-11-11,17:10-17:30,37.97312916666692,104,105
2025-11-11,17:50-18:10,8.593604532966879,108,109
2025-11-11,18:20-18:40,7.822771886446617,111,112
2025-11-11,19:10-19:20,14.764170833333424,116,116
2025-11-11,19:40-20:00,29.675770833333218,119,120
2025-11-11,21:20-21:50,27.697829166666565,129,131
2025-11-11,22:10-22:30,15.23566249999999,134,135
2025-11-11,23:00-23:30,29.538250000000517,139,141
2025-11-11,23:50-24:00,11.150416666666615,144,144
2025-11-12,0:20-0:30,1.1112499999999272,3,3
2025-11-12,4:30-4:50,1.623413141025594,28,29
2025-11-12,6:10-6:30,50.26669391025621,38,39
2025-11-12,6:50-7:00,16.666945970695906,42,42
2025-11-12,8:10-8:20,0.9954951465201702,50,50
2025-11-12,13:30-14:00,111.44494940476193,82,84
2025-11-12,16:00-16:20,4.439423031135334,97,98
2025-11-12,16:40-17:00,38.34852321428559,101,102
2025-11-12,17:20-17:30,3.954583333333403,105,105
2025-11-12,18:20-18:40,10.363640750915692,111,112
2025-11-12,19:10-19:20,10.252895833333355,116,116
2025-11-12,19:40-20:30,93.55614166666669,119,123
2025-11-12,21:40-21:50,10.737675000000081,131,131
2025-11-12,22:30-22:50,40.02657916666681,136,137
2025-11-13,0:20-0:30,3.655833333333362,3,3
2025-11-13,1:00-1:10,14.546741666666662,7,7
2025-11-13,1:50-2:10,18.721520833333216,12,13
2025-11-13,2:50-3:00,7.137916666666683,18,18
2025-11-13,3:50-4:10,30.500095833333262,24,25
2025-11-13,4:40-5:10,17.817247298534767,29,31
2025-11-13,6:50-7:00,29.113534798534715,42,42
2025-11-13,12:10-12:50,340.046087408425,74,77
2025-11-13,13:20-14:20,157.3449345695966,81,86
2025-11-13,14:30-14:50,27.801154670329765,88,89
2025-11-13,15:00-15:20,7.122704945055375,91,92
2025-11-13,16:30-17:40,99.20842683150204,100,106
2025-11-13,18:40-19:40,64.96483608058611,113,118
2025-11-13,19:50-20:40,47.99393750000013,120,124
2025-11-13,21:10-21:20,0.1691083333332699,128,128
2025-11-13,22:00-22:10,10.03276249999999,133,133
2025-11-13,22:30-22:50,8.67880416666685,136,137
2025-11-13,23:00-23:10,6.698349999999891,139,139
2025-11-14,0:10-0:30,32.335104166666724,2,3
2025-11-14,1:50-2:10,42.856279166666695,12,13
2025-11-14,3:00-3:10,1.435345833333372,19,19
2025-11-14,4:20-4:30,20.09458333333339,27,27
2025-11-14,5:00-5:10,0.29243392857136996,31,31
2025-11-14,10:50-11:00,3.1467032967035493,66,66
2025-11-14,12:20-12:30,16.8962774725278,75,75
2025-11-14,15:30-15:50,42.63665943223441,94,95
2025-11-14,16:10-16:30,40.993338415751,98,99
2025-11-14,18:40-19:00,20.275537499999984,113,114
2025-11-14,19:50-20:10,9.555804166666746,120,121
2025-11-14,21:10-21:20,8.061295833333247,128,128
2025-11-14,23:40-23:50,3.728941666666742,143,143
2025-11-15,3:10-3:20,3.2460874999998737,20,20
2025-11-15,3:50-4:20,75.58100416666662,24,26
2025-11-15,5:10-5:20,0.020482554944919684,32,32
2025-11-15,7:00-7:20,37.92387770146513,43,44
2025-11-15,13:10-13:30,73.58398576007255,80,81
2025-11-15,15:50-16:00,19.784725274725474,96,96
2025-11-15,18:10-18:20,2.5293874999999275,110,110
2025-11-15,19:50-20:40,68.06147916666657,120,124
2025-11-15,22:50-23:10,21.046966666666776,138,139
2025-11-16,0:00-0:20,13.465529166666329,1,2
2025-11-16,0:40-1:00,28.239629166666646,5,6
2025-11-16,1:50-2:00,21.214583333333394,12,12
2025-11-16,3:10-3:30,12.125858333333099,20,21
2025-11-16,4:00-4:10,12.947037499999851,25,25
2025-11-16,5:10-5:30,22.10983507326,32,33
2025-11-16,5:50-6:00,6.25416666666672,36,36
2025-11-16,6:30-6:50,45.92810714285724,40,41
2025-11-16,8:20-8:30,1.8723397435895777,51,51
2025-11-16,9:50-11:40,353.55951016483573,60,70
2025-11-16,15:50-16:00,0.9329487179488751,96,96
2025-11-16,16:40-17:00,67.66029377289362,101,102
2025-11-16,17:40-18:00,47.61619999999971,107,108
2025-11-16,19:30-19:40,8.817724999999996,118,118
2025-11-16,20:20-20:50,57.47147083333334,123,125
2025-11-16,21:20-21:30,0.7966666666666242,129,129
2025-11-16,22:20-22:30,5.949583333333294,135,135
2025-11-16,23:50-24:00,27.842499999999973,144,144
2025-11-17,0:50-1:10,87.82272499999999,6,7
2025-11-17,1:50-2:10,29.580095833333417,12,13
2025-11-17,2:50-3:00,9.821249999999964,18,18
2025-11-17,4:30-4:40,3.721795833333431,28,28
2025-11-17,5:00-5:20,50.8161761904762,31,32
2025-11-17,6:30-6:40,5.322939148351679,40,40
2025-11-17,7:40-7:50,4.478173397435853,47,47
2025-11-17,8:00-8:10,11.492589239926701,49,49
2025-11-17,9:20-9:40,35.77856753663002,57,58
2025-11-17,16:30-17:00,38.899267124542234,100,102
2025-11-17,19:10-19:30,6.970758333332924,116,117
2025-11-17,20:30-20:50,11.942962500000135,124,125
2025-11-17,21:30-22:00,6.14898333333349,130,132
2025-11-17,23:10-23:20,1.6110625000001164,140,140
2025-11-18,0:10-0:20,14.697233333333315,2,2
2025-11-18,0:50-1:20,42.740016666666634,6,8
2025-11-18,2:00-2:10,1.5264000000000806,13,13
2025-11-18,3:10-3:20,15.900145833333227,20,20
2025-11-18,4:00-4:20,28.525125000000003,25,26
2025-11-18,4:30-4:50,9.906922298534823,28,29
2025-11-18,11:40-12:30,167.65731483516652,71,75
2025-11-18,12:50-13:00,13.49188644688661,78,78
2025-11-18,14:00-14:20,44.118096703296715,85,86
2025-11-18,14:40-14:50,13.227290705128098,89,89
2025-11-18,15:10-15:20,4.833381868131937,92,92
2025-11-18,16:10-16:20,3.97451767399275,98,98
2025-11-18,16:50-17:20,19.679350503663272,102,104
2025-11-18,18:50-19:20,8.262128388278143,114,116
2025-11-18,20:40-21:00,34.8678041666667,125,126
2025-11-18,21:50-22:00,8.137916666666797,132,132
2025-11-18,22:20-22:30,31.56583333333333,135,135
2025-11-18,22:40-23:00,33.11704583333335,137,138
2025-11-18,23:30-23:40,12.790850000000091,142,142
2025-11-19,0:10-0:20,1.0156583333334765,2,2
2025-11-19,0:40-1:00,37.287908333333235,5,6
2025-11-19,1:50-2:00,4.480833333333294,12,12
2025-11-19,2:10-2:30,2.717079166666622,14,15
2025-11-19,3:00-3:30,65.81846666666638,19,21
2025-11-19,3:50-4:00,11.304583333333312,24,24
2025-11-19,4:50-5:10,9.238750000000095,30,31
2025-11-19,5:40-6:00,40.775022206959875,35,36
2025-11-19,6:30-6:40,0.7883896520147573,40,40
2025-11-19,7:00-7:20,13.089259569596834,43,44
2025-11-19,8:30-8:40,5.834441849816471,52,52
2025-11-19,8:50-9:00,0.02383699633719516,54,54
2025-11-19,9:10-9:30,96.12067664835172,56,57
2025-11-19,9:50-10:00,13.568168498168689,60,60
2025-11-19,11:20-11:30,18.43674908424896,69,69
2025-11-19,16:20-16:30,13.35513278388271,99,99
2025-11-19,19:00-19:10,13.012641804029386,115,115
2025-11-19,19:40-19:50,0.06999166666662404,119,119
2025-11-19,20:10-20:20,6.477462499999888,122,122
2025-11-19,20:40-21:10,73.30482916666665,125,127
2025-11-19,22:20-23:10,44.1558,135,139
2025-11-19,23:40-24:00,27.09757083333352,143,144
2025-11-20,0:00-0:10,1.3622041666667428,1,1
2025-11-20,0:50-1:10,32.86850000000004,6,7
2025-11-20,2:30-2:50,11.989124999999945,16,17
2025-11-20,3:30-3:50,8.557866666666655,22,23
2025-11-20,4:30-4:50,32.443423717948804,28,29
2025-11-20,7:00-7:10,0.8204681318682105,43,43
2025-11-20,8:00-8:10,0.5029374084250549,49,49
2025-11-20,13:00-13:20,41.328335073260405,79,80
2025-11-20,14:00-14:20,25.734444368131335,85,86
2025-11-20,16:50-17:00,37.34155677655701,102,102
2025-11-20,17:20-17:30,3.2629166666665697,105,105
2025-11-20,18:00-18:20,29.207300228937925,109,110
2025-11-20,18:50-19:20,46.16037605311374,114,116
2025-11-20,20:30-20:50,19.51872083333342,124,125
2025-11-20,21:00-21:20,33.88910416666681,127,128
2025-11-20,22:30-22:40,9.793295833333332,136,136
2025-11-20,23:20-23:50,68.18652083333325,141,143
2025-11-21,0:10-0:20,1.6357166666666672,2,2
2025-11-21,1:30-1:50,22.01356666666652,10,11
2025-11-21,2:00-2:20,16.153520833333175,13,14
2025-11-21,2:40-3:00,40.472712500000114,17,18
2025-11-21,3:20-4:00,105.91794166666676,21,24
2025-11-21,4:30-4:50,12.983134844322478,28,29
2025-11-21,7:10-7:40,32.94338869047601,44,46
2025-11-21,15:50-16:00,16.849487179487255,96,96
2025-11-21,17:00-17:10,3.3184239926739565,103,103
2025-11-21,17:40-18:00,10.045829166666636,107,108
2025-11-21,21:10-21:20,1.550020833333349,128,128
2025-11-21,21:30-21:50,33.08679166666656,130,131
2025-11-21,22:30-22:50,24.553170833332842,136,137
2025-11-21,23:30-23:40,18.19058333333328,142,142
2025-11-22,0:00-0:20,28.21824166666653,1,2
2025-11-22,0:40-0:50,8.236233333333303,5,5
2025-11-22,2:10-2:30,17.36487499999987,14,15
2025-11-22,2:50-3:10,42.26543333333342,18,19
2025-11-22,3:30-4:50,51.933216666667136,22,29
2025-11-22,5:00-5:20,8.229751236263667,31,32
2025-11-22,5:50-6:10,6.045124999999928,36,37
2025-11-22,6:20-6:30,1.4670833333333348,39,39
2025-11-22,6:40-6:50,0.9931946886446781,41,41
2025-11-22,7:30-7:40,0.36225338827841824,46,46
2025-11-22,16:10-16:30,9.562687774725418,98,99
2025-11-22,16:40-16:50,4.397595695970665,101,101
2025-11-22,18:30-18:50,20.043723397436054,112,113
2025-11-22,19:50-20:10,14.404058333333523,120,121
2025-11-22,22:20-22:30,17.860000000000127,135,135
2025-11-22,23:00-23:10,10.862454166666566,139,139
2025-11-23,0:30-0:50,54.91352499999982,4,5
2025-11-23,2:50-3:00,5.862083333333317,18,18
2025-11-23,3:20-3:40,6.577791666666599,21,22
2025-11-23,4:10-4:30,20.417141666666907,26,27
2025-11-23,4:40-5:00,36.72557083333322,29,30
2025-11-23,5:30-5:50,32.65722280219779,34,35
2025-11-23,7:20-8:20,129.5202826007329,45,50
2025-11-23,8:50-9:00,1.5227380952378553,54,54
2025-11-23,9:30-10:50,238.83633800366397,58,65
2025-11-23,11:10-11:30,48.85807719780155,68,69
2025-11-23,17:00-17:10,3.0926102564105804,103,103
2025-11-23,18:10-18:30,21.8746500000002,110,111
2025-11-23,18:50-19:10,14.609387500000025,114,115
2025-11-23,20:30-20:50,5.066391666666618,124,125
2025-11-23,21:00-21:20,50.05835833333322,127,128
2025-11-23,22:10-22:30,7.404074999999921,134,135
2025-11-24,0:00-0:20,34.68870416666664,1,2
2025-11-24,1:00-1:20,5.699558333333584,7,8
2025-11-24,3:10-3:20,0.29634583333336195,20,20
2025-11-24,5:20-5:30,15.992500000000177,33,33
2025-11-24,5:50-6:10,19.198262499999714,36,37
2025-11-24,13:10-13:30,43.880613598900595,80,81
2025-11-24,15:30-16:10,53.95599949633697,94,97
2025-11-24,17:30-17:40,1.6146657051283455,106,106
2025-11-24,18:50-19:00,21.220833333333303,114,114
2025-11-24,19:50-20:20,36.794420833333675,120,122
2025-11-24,20:40-21:00,7.877508333333253,125,126
2025-11-24,21:50-22:00,2.4691666666667516,132,132
2025-11-24,22:40-23:20,85.20937499999968,137,140
2025-11-24,23:40-24:00,9.967258333333461,143,144
2025-11-25,2:10-2:30,34.41165000000001,14,15
2025-11-25,3:10-3:20,2.2913624999997637,20,20
2025-11-25,3:50-4:20,41.218391666666776,24,26
2025-11-25,4:40-5:00,39.939095833333226,29,30
2025-11-25,7:40-7:50,11.87629757326033,47,47
2025-11-25,8:50-9:10,32.27794226190451,54,55
2025-11-25,11:10-11:20,16.33375082417615,68,68
2025-11-25,13:10-13:30,67.07802939560372,80,81
2025-11-25,16:30-16:50,2.0025672161173134,100,101
2025-11-25,17:30-17:40,3.3828580586082353,106,106
2025-11-25,18:50-19:00,0.9512499999999591,114,114
2025-11-25,19:20-19:30,3.840416666666556,117,117
2025-11-25,21:20-22:00,71.05907083333364,129,132
2025-11-25,23:20-23:50,47.07156250000003,141,143
2025-11-26,0:50-1:00,11.110000000000014,6,6
2025-11-26,2:10-2:40,44.27295416666652,14,16
2025-11-26,5:50-6:20,53.00912500000004,36,38
2025-11-26,7:00-7:20,21.806492536630117,43,44
2025-11-26,8:20-8:30,7.443763736263691,51,51
2025-11-26,11:50-12:00,2.6712637362642226,72,72
2025-11-26,12:20-12:30,5.951630036630377,75,75
2025-11-26,12:50-13:30,78.48358351648324,78,81
2025-11-26,13:50-14:20,55.748636675823946,84,86
2025-11-26,15:50-16:10,31.353087362637098,96,97
2025-11-26,20:10-20:20,2.517562500000281,122,122
2025-11-26,23:00-23:30,51.37887916666705,139,141
2025-11-26,23:40-23:50,3.518920833333368,143,143
2025-11-27,0:30-0:40,0.012916666666797028,4,4
2025-11-27,1:30-1:40,8.558233333333419,10,10
2025-11-27,4:40-5:00,20.424183333333303,29,30
2025-11-27,5:40-6:00,11.680669413919304,35,36
2025-11-27,6:20-6:30,9.785416666666833,39,39
2025-11-27,13:00-13:10,7.161824084249247,79,79
2025-11-27,13:40-14:00,25.668869734432178,83,84
2025-11-27,14:40-14:50,5.91130911172138,89,89
2025-11-27,15:10-15:50,144.39038154761943,92,95
2025-11-27,16:00-16:30,56.92516840659323,97,99
2025-11-27,18:20-18:30,0.9612500000000637,111,111
2025-11-27,20:20-20:30,21.390416666666738,123,123
2025-11-28,0:20-0:40,8.614400000000046,3,4
2025-11-28,4:00-4:30,67.47634166666649,25,27
2025-11-28,4:50-5:00,31.473333333333244,30,30
2025-11-28,5:50-6:00,7.970416666666608,36,36
2025-11-28,7:40-8:00,26.337009340658994,47,48
2025-11-28,15:00-15:10,10.72175645604375,91,91
2025-11-28,17:00-17:10,2.2745384157510102,103,103
2025-11-28,18:20-18:30,16.404166666666697,111,111
2025-11-28,18:50-19:10,30.619962499999815,114,115
2025-11-28,19:20-19:50,34.28840833333322,117,119
2025-11-28,23:50-24:00,4.160833333333301,144,144
2025-11-29,1:50-2:00,12.599583333333271,12,12
2025-11-29,2:20-2:30,7.082916666666733,15,15
2025-11-29,3:30-3:50,21.127004166666552,22,23
2025-11-29,4:20-4:30,50.45916666666659,27,27
2025-11-29,6:10-6:40,28.36097738095242,38,40
2025-11-29,7:20-7:30,16.304372710622488,45,45
2025-11-29,7:50-8:00,6.383282967032983,48,48
2025-11-29,10:30-13:30,1222.7956502289367,64,81
2025-11-29,13:40-13:50,1.458086858974525,83,83
2025-11-29,14:00-14:20,17.727641437729176,85,86
2025-11-29,14:40-15:30,126.33442802197806,89,93
2025-11-29,19:50-20:10,21.26527499999986,120,121
2025-11-29,22:40-23:00,35.19896666666659,137,138
2025-11-29,23:30-24:00,84.30094583333334,142,144
2025-11-30,0:00-0:10,2.430262500000026,1,1
2025-11-30,1:30-1:40,11.027570833333357,10,10
2025-11-30,3:30-4:00,47.12341249999997,22,24
2025-11-30,4:20-4:30,11.550416666666706,27,27
2025-11-30,5:30-5:40,27.72794175824174,34,34
2025-11-30,6:00-6:20,22.214977884615337,37,38
2025-11-30,6:40-7:00,36.97163846153853,41,42
2025-11-30,8:00-8:20,62.53981858974362,49,50
2025-11-30,9:00-9:20,37.019073031135235,55,56
2025-11-30,11:00-11:50,32.9197614926735,67,71
2025-11-30,12:00-12:20,25.895587683149984,73,74
2025-11-30,12:40-13:10,81.97059931318574,77,79
2025-11-30,13:50-14:00,11.006684981685112,84,84
2025-11-30,14:20-15:00,108.8427288003661,87,90
2025-11-30,15:20-15:30,5.4669230769231945,93,93
2025-11-30,16:00-16:10,10.817674633699767,97,97
2025-11-30,18:50-19:30,32.10361666666665,114,117
2025-11-30,21:10-21:40,26.870733333333305,128,130
2025-11-30,22:40-22:50,6.52668749999998,137,137
2025-11-30,23:00-23:30,35.35237916666665,139,141
2025-12-01,0:00-0:20,113.88940000000002,1,2
2025-12-01,0:30-1:00,23.5785208333333,4,6
2025-12-01,1:20-10:50,3579.219479532967,9,65
2025-12-01,12:50-14:20,455.6605291666666,78,86
2025-12-01,14:40-15:40,109.17019478021916,89,94
2025-12-01,17:50-18:00,4.8700000000000045,108,108
2025-12-01,18:20-18:30,0.8270833333331211,111,111
2025-12-01,18:50-19:00,5.412916666666661,114,114
2025-12-01,20:00-20:20,18.12045833333309,121,122
2025-12-01,21:10-21:20,6.532545833333529,128,128
2025-12-01,21:30-21:40,5.895862499999907,130,130
2025-12-01,22:00-22:10,1.6262416666668287,133,133
2025-12-01,22:40-22:50,12.193912500000124,137,137
2025-12-01,23:40-24:00,79.2059958333333,143,144
2025-12-02,0:00-0:10,20.453850000000102,1,1
2025-12-02,0:20-11:50,4873.2425013736265,3,71
2025-12-02,12:10-13:10,111.83030833333214,74,79
2025-12-02,13:30-13:50,22.11240009157575,82,83
2025-12-02,14:00-15:40,201.48544665750956,85,94
2025-12-02,16:00-16:20,51.159353113553266,97,98
2025-12-02,16:50-17:30,48.982874267399325,102,105
2025-12-02,18:00-19:00,101.92940315934084,109,114
2025-12-02,19:20-19:40,14.016350000000102,117,118
2025-12-02,19:50-20:00,15.584999999999809,120,120
2025-12-02,21:10-22:00,58.15309166666657,128,132
2025-12-02,22:20-22:40,8.474291666666431,135,136
2025-12-02,23:10-23:40,39.262554166666405,140,142
2025-12-03,0:00-0:50,95.67199166666637,1,5
2025-12-03,1:00-8:30,2209.671507600732,7,51
2025-12-03,8:40-9:50,290.4654971153856,53,59
2025-12-03,11:10-12:20,478.47389812271206,68,74
2025-12-03,12:30-13:00,250.50113782051312,76,78
2025-12-03,13:20-13:50,117.8738478479853,81,83
2025-12-03,14:10-15:00,93.29418250915865,86,90
2025-12-03,16:10-16:40,58.947690750915854,98,100
2025-12-03,17:40-17:50,5.3614696886444335,107,107
2025-12-03,18:10-18:30,19.784099450549434,110,111
2025-12-03,19:00-19:20,1.6677166666665926,115,116
2025-12-03,20:50-21:00,1.826249999999959,126,126
2025-12-03,21:30-21:50,32.48574999999994,130,131
2025-12-03,23:10-24:00,103.50267916666655,140,144
2025-12-04,0:00-0:20,48.43285833333334,1,2
2025-12-04,0:40-1:00,73.27999583333337,5,6
2025-12-04,1:20-7:40,2349.8946125457874,9,46
2025-12-04,7:50-10:10,792.0270335622715,48,61
2025-12-04,11:10-11:20,12.100308608058754,68,68
2025-12-04,15:40-16:10,33.56002261904791,95,97
2025-12-04,16:30-16:50,38.54447852564124,100,101
2025-12-04,17:00-17:20,42.154620100732586,103,104
2025-12-04,17:40-18:00,56.913686630036636,107,108
2025-12-04,19:50-20:00,29.43333333333328,120,120
2025-12-04,20:30-20:50,47.823125000000005,124,125
2025-12-04,21:50-22:10,10.837237499999901,132,133
2025-12-04,22:40-23:00,25.223720833333573,137,138
2025-12-04,23:20-23:40,37.26230416666681,141,142
2025-12-05,0:00-0:30,31.134854166666685,1,3
2025-12-05,1:00-1:20,52.11224583333342,7,8
2025-12-05,1:40-8:00,1622.7142048992675,11,48
2025-12-05,8:20-8:50,109.17206568497838,51,53
2025-12-05,9:10-9:30,32.180066025640826,56,57
2025-12-05,13:20-13:40,13.107036538462012,81,82
2025-12-05,14:10-14:40,10.912081410256178,86,88
2025-12-05,17:00-17:30,57.0643767857141,103,105
2025-12-05,17:50-18:00,9.544583333333264,108,108
2025-12-05,18:30-18:40,3.8592458333333184,112,112
2025-12-05,19:30-19:50,26.601141666666535,118,119
2025-12-05,21:30-22:00,61.9494541666669,130,132
2025-12-05,22:20-22:40,44.65329583333346,135,136
2025-12-05,23:20-23:40,69.62003749999963,141,142
2025-12-05,23:50-24:00,26.745833333333337,144,144
2025-12-06,0:00-0:40,75.44134166666703,1,4
2025-12-06,0:50-2:20,268.39073333333346,6,14
2025-12-06,2:30-6:30,961.7472112179489,16,39
2025-12-06,6:40-7:50,262.8689489926741,41,47
2025-12-06,8:10-8:30,74.52392390109907,50,51
2025-12-06,8:50-12:10,1342.8080547161153,54,73
2025-12-06,15:10-15:20,9.828994597069595,92,92
2025-12-06,16:00-16:20,54.169499450549154,97,98
2025-12-06,16:30-16:50,56.8316228937727,100,101
2025-12-06,17:10-17:20,3.1101266483515815,104,104
2025-12-06,17:50-18:10,43.108182967032974,108,109
2025-12-06,18:20-18:30,20.289999999999907,111,111
2025-12-06,19:00-19:40,49.672250000000304,115,118
2025-12-06,20:10-20:20,11.296262500000068,122,122
2025-12-06,21:00-21:20,63.0862791666666,127,128
2025-12-06,21:50-22:10,44.17452083333319,132,133
2025-12-06,22:30-22:50,2.7812666666666246,136,137
2025-12-06,23:30-24:00,61.106400000000065,142,144
2025-12-07,0:10-1:50,232.53616250000016,2,11
2025-12-07,2:00-3:20,298.6836125000003,13,20
2025-12-07,3:40-8:10,1018.7835075549461,23,49
2025-12-07,10:40-11:10,43.92759665750873,65,67
2025-12-07,12:50-13:00,1.4828800366301493,78,78
2025-12-07,15:30-15:50,9.202149908424872,94,95
2025-12-07,16:30-16:50,20.691487271062215,100,101
2025-12-07,17:30-17:50,22.503085897435994,106,107
2025-12-07,18:00-18:50,75.72060480769278,109,113
2025-12-07,19:10-19:30,43.853437500000496,116,117
2025-12-07,20:10-20:30,43.80032500000016,122,123
2025-12-07,22:00-22:30,19.004862499999945,133,135
2025-12-07,23:00-23:50,90.21493333333353,139,143
2025-12-08,0:40-1:10,23.138750000000073,5,7
2025-12-08,1:30-1:40,15.28177083333344,10,10
2025-12-08,2:00-2:50,135.98822083333357,13,17
2025-12-08,3:10-3:20,1.309875000000261,20,20
2025-12-08,3:30-3:50,36.15688750000015,22,23
2025-12-08,4:40-6:00,186.70505778388292,29,36
2025-12-08,6:20-6:50,82.53726483516482,39,41
2025-12-08,7:40-7:50,4.088000641025474,47,47
2025-12-08,11:00-11:20,29.917153754577612,67,68
2025-12-08,13:00-13:50,143.87679793956113,79,83
2025-12-08,16:50-17:00,1.1916666666663787,102,102
2025-12-08,20:30-20:40,40.92100416666665,124,124
2025-12-08,22:10-22:30,31.029520833333436,134,135
2025-12-08,23:40-23:50,5.728720833333455,143,143
2025-12-09,0:20-1:10,81.0904916666666,3,7
2025-12-09,3:00-3:30,105.95811666666646,19,21
2025-12-09,4:10-4:20,2.4859083333333274,26,26
2025-12-09,5:10-5:30,36.34076666666692,32,33
2025-12-09,6:10-6:40,36.71945242673996,38,40
2025-12-09,7:20-7:30,18.084674908425086,45,45
2025-12-09,7:50-8:20,107.5326118589744,48,50
2025-12-09,8:30-9:10,132.1204497710621,52,55
2025-12-09,14:50-15:00,3.9746016483513813,90,90
2025-12-09,17:00-17:20,8.796978846153479,103,104
2025-12-09,17:30-17:50,56.816258012820185,106,107
2025-12-09,18:10-18:50,26.61040682234409,110,113
2025-12-09,19:20-19:50,57.49983333333296,117,119
2025-12-09,20:20-20:40,24.873791666666875,123,124
2025-12-09,21:00-21:10,8.277470833333268,127,127
2025-12-09,22:30-22:50,23.6775875000003,136,137
2025-12-10,0:10-0:40,50.27297083333326,2,4
2025-12-10,1:10-1:30,27.34508333333349,8,9
2025-12-10,2:00-2:10,17.722699999999918,13,13
2025-12-10,3:10-3:30,67.89830416666655,20,21
2025-12-10,4:10-4:20,10.070316666666713,26,26
2025-12-10,4:50-5:20,30.828426831501815,30,32
2025-12-10,6:00-6:20,64.86078173076908,37,38
2025-12-10,10:30-10:50,60.79021561355421,64,65
2025-12-10,11:00-11:20,44.26375860805956,67,68
2025-12-10,12:00-13:00,259.78991323260107,73,78
2025-12-10,15:30-16:00,41.18628296703355,94,96
2025-12-10,16:20-16:50,52.636259386446795,99,101
2025-12-10,17:30-17:40,5.265287499999886,106,106
2025-12-10,18:00-18:10,12.107928800366267,109,109
2025-12-10,18:50-19:20,25.63289166666675,114,116
2025-12-10,21:50-23:00,45.40465416666689,132,138
2025-12-10,23:50-24:00,5.179583333333312,144,144
2025-12-11,0:00-0:20,51.27150833333326,1,2
2025-12-11,0:40-0:50,8.764341666666837,5,5
2025-12-11,1:30-1:50,24.4916208333334,10,11
2025-12-11,2:50-3:00,9.897083333333171,18,18
2025-12-11,3:30-3:40,1.8955625000000964,22,22
2025-12-11,5:10-5:30,26.752995833333216,32,33
2025-12-11,5:50-6:10,14.190333333333228,36,37
2025-12-11,8:30-8:50,44.67998292124537,52,53
2025-12-11,11:40-12:10,161.71070654761968,71,73
2025-12-11,17:20-17:30,3.8299999999999272,105,105
2025-12-11,18:00-18:10,7.978737499999966,109,109
2025-12-11,19:10-19:30,54.34290000000021,116,117
2025-12-11,21:40-22:00,19.59088333333318,131,132
2025-12-11,22:10-22:30,67.18096250000008,134,135
2025-12-11,22:50-23:00,18.152500000000146,138,138
2025-12-12,1:10-1:50,55.95679166666656,8,11
2025-12-12,4:10-4:40,36.894666666666694,26,28
2025-12-12,5:10-5:20,19.22409583333331,32,32
2025-12-12,7:00-7:20,24.273676877289176,43,44
2025-12-12,8:30-8:40,2.045239514651996,52,52
2025-12-12,9:30-10:00,96.4659125000004,58,60
2025-12-12,10:30-13:10,998.7409341117225,64,79
2025-12-12,16:50-17:10,18.424345512820196,102,103
2025-12-12,18:00-18:20,16.17932884615368,109,110
2025-12-12,20:10-20:20,24.39414583333331,122,122
2025-12-12,20:40-21:00,29.959200000000124,125,126
2025-12-12,21:50-22:30,82.22192916666665,132,135
2025-12-12,22:50-23:10,25.466716666666343,138,139
2025-12-12,23:50-24:00,0.35166666666674473,144,144
2025-12-13,0:20-0:50,41.73263750000007,3,5
2025-12-13,1:00-1:40,33.948941666666656,7,10
2025-12-13,5:50-6:20,75.39462206959695,36,38
2025-12-13,8:30-8:50,12.328457738094926,52,53
2025-12-13,9:10-9:20,4.15348617216091,56,56
2025-12-13,9:30-9:50,21.166773397436373,58,59
2025-12-13,10:00-10:30,68.61364500915715,61,63
2025-12-13,10:50-11:10,21.737777518315056,66,67
2025-12-13,11:30-11:50,19.685101831502493,70,71
2025-12-13,12:40-13:10,93.84597321428532,77,79
2025-12-13,13:30-14:30,157.2655259157508,82,87
2025-12-13,16:40-17:00,20.267726923076793,101,102
2025-12-13,18:00-18:20,59.904497115384686,109,110
2025-12-13,20:50-21:00,10.269583333333344,126,126
2025-12-13,21:20-21:40,16.30476666666658,129,130
2025-12-13,23:20-23:30,8.101250000000164,141,141
2025-12-14,2:40-3:00,5.30981666666662,17,18
2025-12-14,4:30-4:50,10.616487500000062,28,29
2025-12-14,5:30-5:40,7.305339468864304,34,34
2025-12-14,6:50-7:00,2.937083333333362,42,42
2025-12-14,8:40-8:50,13.433272939560425,53,53
2025-12-14,10:10-11:10,280.78242142857107,62,67
2025-12-14,14:20-14:30,16.433237179486923,87,87
2025-12-14,15:30-15:50,63.41165984432246,94,95
2025-12-14,16:20-16:40,23.513702472527143,99,100
2025-12-14,17:10-17:30,32.92905050366289,104,105
2025-12-14,19:10-19:20,4.415895833333252,116,116
2025-12-14,19:50-20:10,49.549999999999955,120,121
2025-12-14,21:40-22:00,13.820783333333111,131,132
2025-12-15,1:50-2:00,0.8949999999999818,12,12
2025-12-15,3:30-3:40,3.2945958333333465,22,22
2025-12-15,9:20-9:40,16.93567335164846,57,58
2025-12-15,10:00-10:20,86.0553374542128,61,62
2025-12-15,11:00-11:20,76.5251653846151,67,68
2025-12-15,11:50-12:00,28.41720695970662,72,72
2025-12-15,15:00-15:10,2.896243727106139,91,91
2025-12-15,17:10-17:40,72.99967289377253,104,106
2025-12-15,22:20-22:40,11.927925000000187,135,136
2025-12-15,23:20-23:30,11.39958333333334,141,141
2025-12-16,4:20-4:30,3.6154166666665333,27,27
2025-12-16,9:10-9:20,14.90449519230765,56,56
2025-12-16,10:40-10:50,0.30924084249045336,65,65
2025-12-16,11:20-11:50,81.66086744505583,69,71
2025-12-16,17:10-17:50,37.96910645604419,104,107
2025-12-16,18:00-18:20,16.579649496337083,109,110
2025-12-16,19:30-19:40,8.068724999999858,118,118
2025-12-16,22:00-22:10,9.462204166666652,133,133
2025-12-16,23:00-23:20,25.316212499999892,139,140
2025-12-16,23:50-24:00,17.273750000000177,144,144
2025-12-17,0:00-0:10,5.541487499999903,1,1
2025-12-17,1:50-2:00,5.09708333333333,12,12
2025-12-17,5:10-5:20,19.409600000000182,32,32
2025-12-17,5:30-5:50,29.625751510989517,34,35
2025-12-17,6:40-7:00,20.335879166666473,41,42
2025-12-17,16:40-17:00,12.760316208791437,101,102
2025-12-17,17:30-17:50,11.614059569597089,106,107
2025-12-17,18:20-18:40,26.78123749999986,111,112
2025-12-17,20:30-20:40,22.085279166666623,124,124
2025-12-17,21:10-21:30,43.7344999999998,128,129
2025-12-17,23:30-23:40,6.072104166666577,142,142
2025-12-18,0:30-0:40,15.355366666666782,4,4
2025-12-18,1:40-2:00,65.56825416666652,11,12
2025-12-18,2:50-3:10,41.46732499999996,18,19
2025-12-18,4:20-4:30,6.044583333333435,27,27
2025-12-18,5:30-5:40,14.352974908424812,34,34
2025-12-18,7:20-7:30,7.301712454212293,45,45
2025-12-18,10:00-10:20,29.673240293040294,61,62
2025-12-18,16:40-16:50,1.14018786630038,101,101
2025-12-18,17:10-17:20,2.5806294871795217,104,104
2025-12-18,19:30-19:40,7.434045833333357,118,118
2025-12-18,20:50-21:00,0.31541666666646506,126,126
2025-12-18,22:00-22:20,32.24696249999977,133,134
2025-12-18,22:40-23:00,9.219645833333516,137,138
2025-12-19,0:40-0:50,6.758945833333485,5,5
2025-12-19,1:50-2:00,26.87166666666667,12,12
2025-12-19,7:40-7:50,22.51352765567765,47,47
2025-12-19,12:30-12:40,5.391200274725293,76,76
2025-12-19,13:50-14:30,133.58960805860704,84,87
2025-12-19,14:50-15:30,91.87709615384611,90,93
2025-12-19,16:20-16:30,0.05494047619038156,99,99
2025-12-19,16:40-16:50,14.133046703296714,101,101
2025-12-19,18:30-18:50,41.38258946886441,112,113
2025-12-19,20:20-20:40,45.24629166666659,123,124
2025-12-19,21:10-21:30,13.284462499999904,128,129
2025-12-19,22:20-22:30,3.609166666666397,135,135
2025-12-19,23:00-23:10,14.512095833333433,139,139
2025-12-19,23:40-23:50,9.337162500000034,143,143
2025-12-20,0:50-1:00,6.934583333333364,6,6
2025-12-20,1:30-1:50,30.617749999999887,10,11
2025-12-20,14:30-14:40,0.4338968406593722,88,88
2025-12-20,15:50-16:00,3.369967948717772,96,96
2025-12-20,16:20-16:30,0.23331501831518153,99,99
2025-12-20,17:10-17:40,24.257025686813392,104,106
2025-12-20,19:00-19:10,3.8287291666667898,115,115
2025-12-20,19:40-19:50,2.4942333333331135,119,119
2025-12-20,21:40-21:50,9.530683333333286,131,131
2025-12-20,22:00-22:20,4.194937500000151,133,134
2025-12-20,22:30-22:50,11.526841666666769,136,137
2025-12-21,3:00-3:10,21.865466666666748,19,19
2025-12-21,3:30-3:50,46.43972083333358,22,23
2025-12-21,10:30-11:30,392.3616133699643,64,69
2025-12-21,13:00-13:10,4.470152060438977,79,79
2025-12-21,15:10-15:30,24.653121382783866,92,93
2025-12-21,16:20-16:30,5.228228021978111,99,99
2025-12-21,17:20-17:30,8.747916666666924,105,105
2025-12-21,18:40-18:50,6.864517673992509,113,113
2025-12-21,19:40-20:00,59.125654166666436,119,120
2025-12-22,1:00-1:10,6.773533333333376,7,7
2025-12-22,2:20-2:30,6.721666666666579,15,15
2025-12-22,13:10-13:20,14.29987518314988,80,80
2025-12-22,17:00-17:20,20.87189162087907,103,104
2025-12-22,17:50-18:10,27.400687500000004,108,109
2025-12-22,19:10-19:20,8.487374999999929,116,116
2025-12-22,19:30-20:00,18.15655416666641,118,120
2025-12-22,20:50-21:20,18.425666666666643,126,128
2025-12-23,17:30-17:50,16.042412271062403,106,107
2025-12-23,19:30-19:50,15.405808333333425,118,119
2025-12-23,20:10-20:20,4.308370833333356,122,122
2025-12-23,21:40-21:50,7.689141666666615,131,131
2025-12-24,0:00-0:20,30.03351666666663,1,2
2025-12-24,13:00-13:20,13.916247710623338,79,80
2025-12-24,13:30-13:50,11.565505219780107,82,83
2025-12-24,16:50-17:10,42.642487500000016,102,103
2025-12-24,17:50-18:00,7.446666666666488,108,108
2025-12-24,18:40-19:00,18.408016163003367,113,114
2025-12-24,19:30-19:50,20.359937499999887,118,119
2025-12-24,22:30-23:00,23.042208333333065,136,138
2025-12-25,1:00-1:20,33.06219583333325,7,8
2025-12-25,11:50-12:20,118.191523992675,72,74
2025-12-25,17:50-18:00,6.024999999999864,108,108
2025-12-25,19:30-20:00,56.08726250000029,118,120
2025-12-25,20:40-20:50,0.4237708333333785,125,125
2025-12-25,23:20-23:50,25.54812500000014,141,143
2025-12-26,3:20-3:30,15.188750000000027,21,21
2025-12-26,12:20-12:50,132.73143443223444,75,77
2025-12-26,14:20-14:40,19.932154304029268,87,88
2025-12-26,16:00-16:10,2.1820321886445413,97,97
2025-12-26,18:00-18:20,6.1669859432234375,109,110
2025-12-26,22:30-22:40,9.612379166666642,136,136
2025-12-27,3:20-3:30,0.8679166666667015,21,21
2025-12-27,10:50-11:00,10.879858058608306,66,66
2025-12-27,12:20-12:30,11.643369963369878,75,75
2025-12-27,13:50-14:00,24.86776556776556,84,84
2025-12-27,16:50-17:00,14.627500000000282,102,102
2025-12-27,17:10-17:30,22.391244597069488,104,105
2025-12-27,17:50-18:00,18.355833333333294,108,108
2025-12-27,18:30-18:50,36.681925595238,112,113
2025-12-27,20:20-20:40,9.892262499999958,123,124
2025-12-27,22:20-22:40,48.56961666666666,135,136
2025-12-28,0:00-0:20,22.609141666666346,1,2
2025-12-28,17:30-18:00,39.60888182234453,106,108
2025-12-28,18:20-18:40,18.438224999999875,111,112
2025-12-28,20:20-20:30,10.004583333333358,123,123
2025-12-29,16:20-16:30,30.965879120879208,99,99
2025-12-29,16:50-17:00,5.269999999999982,102,102
2025-12-29,19:50-20:10,15.710104166666497,120,121
2025-12-29,20:50-21:00,4.289999999999964,126,126
2025-12-29,21:20-21:30,19.444999999999936,129,129
2025-12-29,22:30-22:40,14.91936666666652,136,136
2025-12-30,15:50-16:00,11.226478937728643,96,96
2025-12-30,19:50-20:00,2.1533333333333076,120,120
2025-12-30,21:30-21:40,1.4354375000001482,130,130
2025-12-30,22:10-22:20,1.5855124999999362,134,134
2025-12-31,1:40-1:50,5.493133333333276,11,11
2025-12-31,9:40-9:50,11.001597893772896,59,59
2025-12-31,10:50-11:00,0.4150045787553154,66,66
2025-12-31,14:40-14:50,4.042543956043801,89,89
2025-12-31,16:00-16:10,7.902221428571352,97,97
2025-12-31,18:20-18:30,3.711666666666815,111,111
2025-12-31,19:20-19:40,26.133691666666778,117,118
2025-12-31,20:00-20:10,13.624725000000012,121,121
2025-12-31,21:00-21:20,30.31332083333325,127,128
2025-12-31,22:00-22:10,12.332408333333206,133,133
2025-12-31,23:40-24:00,39.72958749999998,143,144
