date,issue_hour,alpha_next_6h,history_mae_kw,external_mae_kw,fusion_mae_kw
2025-02-01,0,0.0,0.001127749433106577,0.008297222222222221,0.0017867429802264486
2025-02-01,6,0.5476248144434348,84.41744920138886,234.45636249999995,160.08507303061708
2025-02-01,12,0.8716801028875095,145.42120670304226,96.1012421296296,88.97505001230779
2025-02-01,18,0.0,0.0009786706349206372,0.008883333333333333,0.0016411269157809154
2025-02-02,0,0.0,0.001864597505668933,0.007894444444444445,0.00254011838873105
2025-02-02,6,0.555852746620449,103.37625374456735,113.27016527777778,95.38949968357211
2025-02-02,12,0.8697064179045859,178.93502645927816,141.54024583333327,123.54641431720034
2025-02-02,18,0.0,0.002539880952380955,0.007677777777777779,0.003255757273230529
2025-02-03,0,0.0,0.004357454648526079,0.005586111111111111,0.004986737831173614
2025-02-03,6,0.5357041391166869,163.6769960364701,118.41655601851848,123.07931831334736
2025-02-03,12,0.8666955592952389,156.5360136092215,103.29035185185194,108.61686166336962
2025-02-03,18,0.0,0.004636663832199548,0.005691666666666667,0.005309090231106297
2025-02-04,0,0.0,0.007156164965986395,0.002461111111111111,0.007723101131426019
2025-02-04,6,0.5353654290981769,210.41118200585797,177.79101111111106,103.13615464249536
2025-02-04,12,0.8681370639776824,287.20425902305374,120.07469027777782,141.44797770817178
2025-02-04,18,0.0,0.0074864087301587294,0.0024805555555555557,0.008078527445283286
2025-02-05,0,0.0,0.007251757369614511,0.0013499999999999999,0.007698586442030582
2025-02-05,6,0.5387139708153712,283.5869039824263,95.64501203703698,145.8982497797464
2025-02-05,12,0.8695538993306864,130.4706405470522,120.83161203703705,100.24498589781442
2025-02-05,18,0.0,0.0074317176870748285,0.0013916666666666667,0.007896305120557333
2025-02-06,0,0.05419245337419177,0.00750174319727891,0.00038333333333333334,0.0075103339611718245
2025-02-06,6,0.5401946522632091,134.20766887755124,158.84507361111122,93.53446174242934
2025-02-06,12,0.8829792756007497,124.96799837018138,101.03896620370375,96.56708430831182
2025-02-06,18,0.05394967917457727,0.007816184807256236,0.0002722222222222222,0.007817154673785399
2025-02-07,0,0.12822075762704827,0.006657950680272108,0.0011111111111111111,0.006360436535318737
2025-02-07,6,0.5608405063295151,217.56628017290245,201.07849861111117,164.7719381634963
2025-02-07,12,0.8785004781905555,358.8692813775511,141.84188888888886,151.91177815858316
2025-02-07,18,0.1262931474533403,0.007331250000000001,0.0014583333333333334,0.0070148885742593575
2025-02-08,0,0.18092018110167024,0.006108857709750567,0.0023583333333333334,0.005842371921090565
2025-02-08,6,0.5571345622105187,240.62464719387765,110.58140416666667,122.20991330929269
2025-02-08,12,0.8773119080819345,166.1617050878685,117.4933694444444,96.82361800336449
2025-02-08,18,0.1812794860405691,0.00607280328798186,0.0022833333333333334,0.005808812066177984
2025-02-09,0,0.2099358674187486,0.0056864795918367345,0.0036777777777777776,0.00561830179661884
2025-02-09,6,0.5566580479747593,249.3177759353741,206.46609305555563,86.20016597423916
2025-02-09,12,0.8997519624038165,219.90735795068034,165.01474861111106,123.30644600049173
2025-02-09,18,0.21137471942865832,0.005337244897959184,0.003361111111111111,0.005276078745661184
2025-02-10,0,0.22337947795904736,0.004580498866213151,0.004441666666666667,0.004815303787021582
2025-02-10,6,0.5729880623853463,464.7327785289116,147.954112037037,165.85990957243519
2025-02-10,12,0.8957200268287292,194.20422354024933,120.52306342592591,100.49367251178884
2025-02-10,18,0.22426642798274035,0.004770748299319729,0.004572222222222222,0.004995931055691641
2025-02-11,0,0.22717708267246314,0.004358319160997733,0.005833333333333334,0.0048521510816049015
2025-02-11,6,0.5720784643062046,180.06427227891157,133.36272685185176,63.42464768432271
2025-02-11,12,0.8787938089477063,187.3491953089568,97.68487037037035,86.26977362500158
2025-02-11,18,0.22789673902066077,0.0038922619047619044,0.005358333333333333,0.004396155726790718
2025-02-12,0,0.22395079577297022,0.003947165532879818,0.006783333333333333,0.004634645840430256
2025-02-12,6,0.599469756107426,221.42249131235812,145.51124907407407,87.5068767924832
2025-02-12,12,0.8826961967409594,146.7950955924036,118.68238888888894,118.2903340609085
2025-02-12,18,0.2248821285615231,0.0037166241496598643,0.006475,0.004396632362552857
2025-02-13,0,0.21457036993564643,0.003792630385487528,0.007955555555555556,0.004617943050582605
2025-02-13,6,0.6003732030391314,449.2139775793651,113.61117500000013,122.16162508603419
2025-02-13,12,0.8824957996778009,276.7499236252834,150.28194583333328,146.81401632481754
2025-02-13,18,0.21714883936971377,0.005064640022675736,0.009083333333333332,0.005889496925771687
2025-02-14,0,0.19993248528481516,0.0030253968253968247,0.008433333333333333,0.003913840954070259
2025-02-14,6,0.603201402282878,298.2972578089569,87.1904050925926,162.53661764725138
2025-02-14,12,0.8823002093646699,118.33529054705213,133.1979638888889,102.02370573926426
2025-02-14,18,0.20463464988429989,0.003236805555555556,0.008722222222222221,0.004194947697209
2025-02-15,0,0.17919503584566648,0.0032674036281179148,0.00986111111111111,0.004122229607738185
2025-02-15,6,0.6269860589628881,165.11409044784597,135.27680833333343,150.84689071064005
2025-02-15,12,0.8882344901284547,161.2403750141724,97.50677407407393,93.21483871899218
2025-02-15,18,0.1808862649607964,0.003028528911564625,0.0097,0.0039025377697590974
2025-02-16,0,0.15665832806223767,0.002888151927437641,0.010705555555555557,0.0036677404516081234
2025-02-16,6,0.6406172663053281,326.1627148667801,251.03847916666655,296.7891026450896
2025-02-16,12,0.8845190076603558,111.99044009353743,171.93972777777773,146.7927493188371
2025-02-16,18,0.1583202820681176,0.0031187074829931963,0.010994444444444444,0.003907908846859998
2025-02-17,0,0.12837082878196068,0.003774900793650794,0.01273888888888889,0.004369003920195926
2025-02-17,6,0.6428966647599009,222.30726483843537,122.02392916666668,117.6973763797477
2025-02-17,12,0.881298592740734,137.38437556689328,153.7090111111112,133.73071182458105
2025-02-17,18,0.13294342612079882,0.003628982426303856,0.012747222222222222,0.0042683141066513506
2025-02-18,0,0.09975832990598464,0.004085204081632652,0.01441388888888889,0.004515085363352061
2025-02-18,6,0.6522317215116741,176.3211506519274,259.37279444444425,186.50269760377387
2025-02-18,12,0.868657716189334,118.41601421485282,123.53002777777789,98.73026523535741
2025-02-18,18,0.10406329823331174,0.004280442176870748,0.014741666666666669,0.004747656362755621
2025-02-19,0,0.06317047809367905,0.0019569869614512484,0.013708333333333333,0.002053286913231299
2025-02-19,6,0.6550543511709995,230.0293343112247,167.5395203703705,125.29576986752883
2025-02-19,12,0.8618452746169123,199.90139550736976,115.15157916666655,79.99318345768062
2025-02-19,18,0.0698221613074101,0.0036103174603174604,0.015616666666666668,0.0037819587080723488
2025-02-20,0,0.024030712280085697,0.0014074121315192755,0.01146111111111111,0.0017801885852756867
2025-02-20,6,0.6509281871412905,169.52155568310653,154.20521759259248,155.37279790993048
2025-02-20,12,0.8568735165093666,171.6486085742629,127.11626666666666,102.40700212814171
2025-02-20,18,0.030349791858615305,0.002800325963718821,0.010700000000000001,0.0030972533050876833
2025-02-21,0,0.005079178614280021,0.004642729591836735,0.00873888888888889,0.005262550770091926
2025-02-21,6,0.6512561235123657,134.27316604308365,245.51854722222228,138.52337040102623
2025-02-21,12,0.8504439335945961,103.59634460034019,104.02574305555547,78.89142427440986
2025-02-21,18,0.0,0.006669288548752834,0.007027777777777778,0.00739849879805551
2025-02-22,0,0.01619301589227005,0.008522463151927439,0.0048000000000000004,0.008974409257325693
2025-02-22,6,0.6511869204143033,165.3942017857143,106.61557037037043,120.3798677800921
2025-02-22,12,0.8500964079793157,267.56642559523794,110.02686851851854,117.61421501174183
2025-02-22,18,0.021006950263584016,0.009178613945578232,0.004102777777777778,0.009596518846280766
2025-02-23,0,0.05037119173362534,0.010487740929705214,0.0018666666666666669,0.010499530182160106
2025-02-23,6,0.6433819354850556,174.28306435657586,110.4852129629629,120.4944760007367
2025-02-23,12,0.8466445361796796,220.6305698979592,213.32452546296298,193.22242581974427
2025-02-23,18,0.06847009562645662,0.011842913832199549,0.00036944444444444443,0.011658096932892412
2025-02-24,0,0.10496476648752986,0.020776062925170067,0.010008333333333334,0.020233482100626032
2025-02-24,6,0.6448061414989315,220.68747969104328,326.8283611111111,248.94088423095167
2025-02-24,12,0.8497712915673991,176.91470598072576,117.81002175925934,101.44577596101834
2025-02-24,18,0.12275875857899263,0.02374251700680272,0.013422222222222223,0.02307403215532726
2025-02-25,0,0.15998550759742086,0.029928330498866212,0.022280555555555557,0.029184614047998873
2025-02-25,6,0.6456748175154523,468.93322049319715,255.75523750000016,282.206806266349
2025-02-25,12,0.8480734140032572,221.58665017006803,116.55481388888887,91.60129148478478
2025-02-25,18,0.18092638315949322,0.02929866780045352,0.02265,0.028526098471036446
2025-02-26,0,0.20472124939928638,0.033230753968253965,0.031747222222222225,0.033090253978041106
2025-02-26,6,0.6346340032350388,220.12205898526074,125.70079861111117,106.8287151224932
2025-02-26,12,0.8489646835629605,204.52271018990925,160.29367685185193,123.55097984353193
2025-02-26,18,0.2193490872004961,0.04005836167800453,0.03963888888888888,0.040033181959131296
2025-02-27,0,0.22175401414944604,0.03315256519274376,0.039186111111111116,0.034202432119523514
2025-02-27,6,0.643998105167852,327.58896190476185,116.98629166666667,163.63657817926835
2025-02-27,12,0.8475407484139286,161.9981441893425,104.64021666666665,74.13371852495098
2025-02-27,18,0.22771725939051274,0.03303615362811792,0.04184722222222223,0.03466652644232131
2025-02-28,0,0.177127566355869,0.0439375425170068,0.05832222222222223,0.04568291620819615
2025-02-28,6,0.6458454337775537,234.58926513605445,219.85833518518507,151.29421029029345
2025-02-28,12,0.8417590004945898,177.58516354875297,139.4921916666666,130.25188963970902
2025-02-28,18,0.15926157809455554,0.04732886904761904,0.06475833333333333,0.049109022564516214
2025-03-01,0,0.054499236728978835,0.04271068594104308,0.06822222222222223,0.04278315342083163
2025-03-01,6,0.6557099688484201,687.6669911989794,304.03790416666664,435.1717076069403
2025-03-01,12,0.8395713889552251,163.14330143140603,116.4799412037036,84.36218966824094
2025-03-01,18,0.012930821386353208,0.036649305555555546,0.06596666666666667,0.035536662131909556
2025-03-02,0,0.0,0.04304606009070295,0.08063055555555555,0.04108259447565364
2025-03-02,6,0.6541649601948687,506.8810920634921,169.55882638888895,153.87071409509056
2025-03-02,12,0.8400684610528257,828.6744312216554,141.19209629629623,206.2493954409423
2025-03-02,18,0.0,0.03349248866213153,0.07425555555555556,0.03152945722927242
2025-03-03,0,0.0,0.03674502551020409,0.08785277777777778,0.03445897666570702
2025-03-03,6,0.6858685013915031,689.3332942176871,187.979600462963,357.5211820658785
2025-03-03,12,0.8368723999756628,415.4436620890024,86.8812162037037,95.08373397898623
2025-03-03,18,0.0,0.04190215419501134,0.09475555555555555,0.0394851683627848
2025-03-04,0,0.0,0.04316519274376417,0.10705833333333334,0.040283793593825695
2025-03-04,6,0.6993085999506045,353.36566434240353,196.91395000000003,188.85684873573086
2025-03-04,12,0.8711109136914342,153.7478231434241,153.90906527777773,136.03004661130902
2025-03-04,18,0.0,0.03174234693877552,0.09807222222222223,0.02886917228108586
2025-03-05,0,0.0,0.043377225056689325,0.12143888888888887,0.04000504871312381
2025-03-05,6,0.7283459150123754,219.95322219387762,124.8256898148148,112.46828443340348
2025-03-05,12,0.8734376393207448,233.48902318594097,194.02947546296315,162.4418355279261
2025-03-05,18,0.0,0.042503585600907036,0.12127500000000002,0.039064773558618524
2025-03-06,0,0.0,0.04783958333333332,0.14086388888888887,0.043841824486235
2025-03-06,6,0.7311841578777649,227.85055819160982,170.08156388888904,143.52921572293573
2025-03-06,12,0.869230004802803,121.81604012188215,91.15977777777778,73.25473107517129
2025-03-06,18,0.0,0.04061607142857144,0.13316666666666666,0.03671722537267748
2025-03-07,0,0.0,0.011686309523809503,0.121625,0.007059895241106978
2025-03-07,6,0.7354578251371088,228.7846282454649,120.09070509259254,103.47212060161408
2025-03-07,12,0.8656170382072359,147.36332019557824,159.04277592592595,149.8717362708204
2025-03-07,18,0.0,0.016755328798185937,0.1244888888888889,0.012240488748075935
2025-03-08,0,0.0,0.019792120181405914,0.100325,0.025111861758794433
2025-03-08,6,0.7318988706553617,223.24908798185956,104.74501527777787,87.46874871281835
2025-03-08,12,0.8616730692761814,319.8341710884353,108.77502083333323,120.65799000107353
2025-03-08,18,0.0,0.0014390164399092989,0.11614999999999998,0.0065391254768410855
2025-03-09,0,0.0,0.04618188775510204,0.07852222222222222,0.051670996137183435
2025-03-09,6,0.7366312049369232,123.26258418367343,155.26364861111117,112.97433585118544
2025-03-09,12,0.8613790579505344,490.1915482284581,131.85795879629637,144.04064755079935
2025-03-09,18,0.0,0.034289441609977336,0.09110555555555555,0.03963575122859108
2025-03-10,0,0.0,0.09838011621315193,0.02503888888888889,0.10358238227376367
2025-03-10,6,0.7617236843977382,287.9737934098639,131.78728703703698,136.9145920320174
2025-03-10,12,0.868267577192756,299.740883914399,158.90551805555555,148.87107278046298
2025-03-10,18,0.0,0.07955806405895689,0.047697222222222224,0.08488369254279787
2025-03-11,0,0.0,0.1116637046485261,0.00014166666666666668,0.11619666798804941
2025-03-11,6,0.7725359769918898,236.85451788548755,146.34687592592587,129.6954968510422
2025-03-11,12,0.8714130737639335,261.649687712585,196.79520555555555,181.79481662527567
2025-03-11,18,0.0,0.11852704081632653,0.00021666666666666666,0.12335177562143998
2025-03-12,0,0.03872738151386498,0.11454383503401361,0.021841666666666665,0.114617029121674
2025-03-12,6,0.7751364652888099,272.77173055555545,127.52780416666668,94.02223852378783
2025-03-12,12,0.8797199777607213,221.28946301020397,87.59209722222224,63.07576373508063
2025-03-12,18,0.0,0.12146312358276644,0.020877777777777776,0.12513050185025676
2025-03-13,0,0.16321085709569844,0.10228697562358276,0.03319166666666666,0.09500860081565364
2025-03-13,6,0.7790999288829445,494.84598681972795,116.7341097222221,121.92759846913674
2025-03-13,12,0.8777477137792418,335.6138047902494,149.57570185185202,131.96875153188333
2025-03-13,18,0.12219404054874654,0.11176043083900226,0.03486111111111111,0.10630693978134403
2025-03-14,0,0.23194032691260288,0.09135840419501134,0.05042222222222222,0.08544516184379837
2025-03-14,6,0.7811981926034895,371.5447058673469,356.89603472222257,217.1093971048582
2025-03-14,12,0.8806039576212361,220.96289888038555,133.19899027777788,119.1551078779343
2025-03-14,18,0.20372203084244564,0.1113123299319728,0.06196666666666668,0.10488520384023145
2025-03-15,0,0.2676363221786089,0.07745116213151926,0.06413611111111112,0.07677566648099667
2025-03-15,6,0.7888796399073333,449.25331035997726,203.9179166666668,106.622329438884
2025-03-15,12,0.880919129172124,239.04712845804977,188.06656527777773,171.47228658834905
2025-03-15,18,0.24706557710903831,0.09408806689342405,0.07509722222222222,0.09233926946245534
2025-03-16,0,0.2803584083098606,0.05432929421768709,0.06715,0.05983183133463236
2025-03-16,6,0.7705836220231518,387.0998813917232,226.75307361111115,236.04272714508312
2025-03-16,12,0.8817176941005918,189.2001758503401,154.63055694444435,129.8075856039039
2025-03-16,18,0.26447645602352965,0.06950671768707482,0.081075,0.07436114119530066
2025-03-17,0,0.27845382087461307,0.08506488095238098,0.1206138888888889,0.0957442455939759
2025-03-17,6,0.7686202145892035,558.8771232568027,226.68337361111116,166.3493887410664
2025-03-17,12,0.8782912654917283,386.67644905045347,93.2959560185186,98.04787315083564
2025-03-17,18,0.26371866300300134,0.08561982709750568,0.12425277777777777,0.09627132376594981
2025-03-18,0,0.26846079832339464,0.07300436507936509,0.13240833333333335,0.0886978497644666
2025-03-18,6,0.7748716550565644,314.3798909297051,126.61986620370352,147.56896505452607
2025-03-18,12,0.8774254097158148,217.59286873582766,116.54661666666668,97.81707931988556
2025-03-18,18,0.25118557489665555,0.04033982426303855,0.10664444444444444,0.05616140179878374
2025-03-19,0,0.23755242604422566,0.06641775793650795,0.147425,0.08351442871643533
2025-03-19,6,0.7641996880674826,289.039395068027,231.7474208333331,190.08946509927284
2025-03-19,12,0.8798945356174285,317.9336361111109,239.1792902777777,225.18310699045773
2025-03-19,18,0.2184297872748332,0.09043360260770973,0.17351388888888888,0.1057801069168251
2025-03-20,0,0.19440098726170538,0.05580267857142856,0.1573888888888889,0.07145679394587948
2025-03-20,6,0.7700705069546272,153.8056131944444,296.2433638888889,240.45032722667372
2025-03-20,12,0.8842665752201866,198.42342969104305,156.95860370370386,158.48055072580374
2025-03-20,18,0.19023879186414341,0.05858937074829932,0.16690833333333333,0.075118809153371
2025-03-21,0,0.1417814655387283,0.06270212585034013,0.1845,0.07391860022621624
2025-03-21,6,0.7608190224172521,325.2026566609978,144.66293842592574,125.51768042077245
2025-03-21,12,0.8870108727629363,347.24700626417246,110.38002731481482,110.57889018721337
2025-03-21,18,0.12520826044305403,0.049681618480725616,0.17950555555555556,0.059387174270006296
2025-03-22,0,0.08965105633941386,0.07429314058956912,0.21816388888888888,0.0802211023260666
2025-03-22,6,0.7514531072119934,194.99293317743775,173.83524166666658,144.43416161330867
2025-03-22,12,0.884574496072656,252.64408613945565,172.85100787037035,161.56856186193733
2025-03-22,18,0.07222878703151202,0.07051978458049886,0.21969166666666667,0.0740925104782148
2025-03-23,0,0.030524261318377786,0.3520485119047619,0.7006472222222223,0.3676470596052747
2025-03-23,6,0.7585322123155545,251.0492245181405,255.64266203703696,177.3175037506508
2025-03-23,12,0.8810940719797987,423.3615942743763,165.83726388888874,164.20247048028955
2025-03-23,18,0.025595972426478313,0.019858744331065725,0.7280791666666666,0.02326931721933432
2025-03-24,0,0.0,0.8597220379818594,2.008433333333334,0.8680453420256993
2025-03-24,6,0.7571893542230037,188.5526904903628,130.2237736111112,134.49626959543144
2025-03-24,12,0.8788658242752305,240.71628295068032,181.80163240740734,155.28634478743385
2025-03-24,18,0.0,0.05493303571428569,1.8416569444444444,0.06333971047356139
2025-03-25,0,0.26235900204349627,1.1671420351473922,3.2334763888888887,1.6946883327697917
2025-03-25,6,0.7495793733194929,349.8554145691611,120.99154120370379,164.7210634205337
2025-03-25,12,0.8880107216731753,182.11928768424042,105.31206944444443,118.85939312303799
2025-03-25,18,0.0,0.10728001700680273,2.9784277777777777,0.11597449965493446
2025-03-26,0,0.37423284448929667,1.4104835175736963,4.782533333333333,2.527666349387435
2025-03-26,6,0.751969869360431,467.27471566043073,130.91415740740734,197.95338529381266
2025-03-26,12,0.8833583792436064,225.72147630385496,193.64509166666664,207.10213729188456
2025-03-26,18,0.0,0.18106376133786845,4.650956944444443,0.18896211303361923
2025-03-27,0,0.3286890720102426,2.0303619614512467,5.4587972222222225,2.8172280021637017
2025-03-27,6,0.7608494484541455,144.75377560941055,176.37882962962962,135.34971790169752
2025-03-27,12,0.8946005218618717,275.67840633503397,141.3672439814813,167.78579441209934
2025-03-27,18,0.0,0.3545985260770975,5.698915277777778,0.36170147700384503
2025-03-28,0,0.27844246889748286,2.3951500850340137,6.737933333333334,2.982337826524994
2025-03-28,6,0.7728111814282485,213.3138693027212,76.52157592592603,82.24787869851566
2025-03-28,12,0.8920512511488707,166.38722062074845,94.18429305555554,101.02868478207863
2025-03-28,18,0.0,0.48985804988662135,7.232220833333334,0.4963996099526767
2025-03-29,0,0.28339337053429997,2.5656129251700674,8.351613888888888,3.454171481533076
2025-03-29,6,0.771822023983338,379.51341884920646,100.60789537037057,156.39926273795493
2025-03-29,12,0.8963587903945277,432.89433816609994,113.362225925926,127.8113816761088
2025-03-29,18,0.0,0.6239082908163265,8.549931944444445,0.6253497623566334
2025-03-30,0,0.2789656620048038,2.294250155895692,10.71203472222222,3.532476759124294
2025-03-30,6,0.7786420578162747,169.99204255952384,140.01816481481467,119.56059849876235
2025-03-30,12,0.8978411180623292,265.9352572420635,209.92275972222225,200.78929467032302
2025-03-30,18,0.018954699893718476,0.610369246031746,9.641668055555556,0.6201929669521481
2025-03-31,0,0.25958140556390424,2.633520280612245,12.054555555555554,3.938253135167919
2025-03-31,6,0.7843454859488188,270.34625215419504,90.28126435185182,122.36358480274829
2025-03-31,12,0.905303063040035,538.1902522959184,162.18082361111112,182.06296339914059
2025-03-31,18,0.03718052114210681,0.5375213718820862,9.756723611111111,0.6019119926927107
2025-04-01,0,0.22438588203840273,2.823293948412699,13.418652777777776,3.8388805670563406
2025-04-01,6,0.7830881808365928,563.6955776218821,174.5083425925926,136.25162591394627
2025-04-01,12,0.9041309357941472,469.0734536848074,128.59422962962958,114.84625690316365
2025-04-01,18,0.04562018954193951,0.7205239370748299,11.850965277777778,0.8230419175428134
2025-04-02,0,0.2033590042313977,1.9360385062358278,12.57573611111111,3.0259423523394995
2025-04-02,6,0.7887113530152043,828.1247495890022,155.60985601851846,85.75163450314466
2025-04-02,12,0.9108948947928247,345.64264835600915,156.00904166666672,112.39044499994256
2025-04-02,18,0.0487665593472358,0.7579061366213152,14.410701388888887,0.9143083566490202
2025-04-03,0,0.18784765711109866,1.819853911564626,13.30759722222222,2.774313134717355
2025-04-03,6,0.7926354425212515,290.33037658730166,135.94298518518534,121.38530238537507
2025-04-03,12,0.9117946509599394,293.72030051020414,119.83610416666653,116.03624660470048
2025-04-03,18,0.05430231991688451,0.5509246315192744,15.158761111111112,0.7745494914403064
2025-04-04,0,0.16972868599777002,2.190837344104308,16.724955555555557,3.15567757350262
2025-04-04,6,0.7995150357003952,142.8127978458049,224.38248472222196,174.83225194859594
2025-04-04,12,0.9078742640217919,449.0316038265306,157.4668199074074,191.75244022475067
2025-04-04,18,0.056329610339509756,0.8070022675736962,18.25263055555555,1.0742358151311273
2025-04-05,0,0.15404309713208766,2.586100850340137,20.618275,3.7323326213381804
2025-04-05,6,0.8016950506416297,274.4781363945578,120.66715833333322,146.1406747247421
2025-04-05,12,0.900251907428553,305.7698833475058,253.3757458333333,247.57125493139515
2025-04-05,18,0.05310677385455799,0.5317759353741496,17.580886111111116,0.7940457173401754
2025-04-06,0,0.13867096416381283,2.330126516439909,19.997297222222223,3.1580289404117745
2025-04-06,6,0.7938809538362982,157.92777526927458,123.99538101851843,122.83195279901052
2025-04-06,12,0.9127479426268829,158.69635110544218,147.07200555555542,159.53418443795067
2025-04-06,18,0.05265632946990042,0.5161399092970522,18.605187500000003,0.7908245122644905
2025-04-07,0,0.12521443942483415,3.994638747165533,22.99738194444445,4.415167583296549
2025-04-07,6,0.8020722308058439,481.646417531179,148.18229907407405,148.57131999925844
2025-04-07,12,0.9232132592503622,247.06387745181394,109.54535972222223,103.80807771393307
2025-04-07,18,0.04928524950186379,0.43496784297052127,19.467466666666667,0.7504991116660289
2025-04-08,0,0.11476002955546045,1.2018492205215416,18.63429027777778,1.758863786468062
2025-04-08,6,0.8025456570475926,289.388642346939,182.71862638888882,183.8926303226211
2025-04-08,12,0.9198647978720151,286.59159169501146,157.0033875000001,167.55393602952165
2025-04-08,18,0.04621696788425199,0.7111970663265303,19.490648611111112,1.0157268658064362
2025-04-09,0,0.11318901526766653,2.212443126417233,22.45233888888889,2.7403073670402915
2025-04-09,6,0.8100165683807372,415.96154448696166,121.23767731481479,170.23973985860204
2025-04-09,12,0.9177758766138118,542.1156735969389,175.56781620370367,166.8933629841935
2025-04-09,18,0.0430254638678041,1.4036404336734696,23.40452916666667,1.7494499541535056
2025-04-10,0,0.10590986917613532,2.3592254960317476,21.944116666666666,2.2354107790122404
2025-04-10,6,0.8131045066218477,345.3843619047618,330.28159351851843,304.0497188910649
2025-04-10,12,0.920452409284657,218.3756183390023,167.86706944444438,155.78478497269444
2025-04-10,18,0.04240663769087483,1.4571218253968252,21.71717361111111,1.27017471994728
2025-04-11,0,0.09987069966743956,2.6664997874149665,25.311070833333336,2.382751340313353
2025-04-11,6,0.8177906941865434,156.17792106009063,219.21921064814808,186.16918389917848
2025-04-11,12,0.9062883574154872,464.9079570436509,149.5097999999998,121.06064050682431
2025-04-11,18,0.04607884290608682,2.736514441609977,26.073069444444442,2.4870215472152335
2025-04-12,0,0.09756283738382107,6.318326218820862,27.410313888888894,5.280770689037364
2025-04-12,6,0.809208518383854,352.2470524518141,138.7177379629629,129.75779360526795
2025-04-12,12,0.9082437930680075,294.1619863378686,133.3392421296295,134.40374672670868
2025-04-12,18,0.048771931383301804,1.7530747307256236,22.094787500000002,1.5301209001452012
2025-04-13,0,0.0954813318475978,3.2884178571428566,21.604343055555553,3.5912849374139193
2025-04-13,6,0.8059265833778578,233.16239686791383,100.57910277777785,106.59538273758055
2025-04-13,12,0.9095971439455822,284.5915017148525,163.50164675925933,147.50027217414194
2025-04-13,18,0.058454586393526534,2.5009834183673476,23.204731944444443,2.2023983399401286
2025-04-14,0,0.10468039116712215,3.143838123582768,23.047075,2.452937533143471
2025-04-14,6,0.8038828608342835,131.66190069444437,143.36942222222225,147.58207681244832
2025-04-14,12,0.9146672505329895,282.5104046910433,195.3421861111108,159.1754249225966
2025-04-14,18,0.060436986197795875,3.7846614370748295,28.781847222222225,3.4006704092097446
2025-04-15,0,0.10316572923147029,4.688594274376417,27.097920833333333,3.7779577755192957
2025-04-15,6,0.804986843789213,556.4265547335602,162.03630277777773,229.66516713916118
2025-04-15,12,0.9183885587096289,298.8582401360544,158.4333194444445,138.065641021854
2025-04-15,18,0.06523888341195036,4.052000694444444,29.53191666666667,3.6529305736997184
2025-04-16,0,0.10394145500347428,5.250829237528346,26.95934861111111,4.401648896385128
2025-04-16,6,0.8067640942613203,364.33220406746017,165.07723055555553,178.38070193213366
2025-04-16,12,0.9152314352297302,213.71877236394553,99.64064074074071,104.89721305919687
2025-04-16,18,0.07462643649634512,3.134507341269841,26.88114305555556,2.760425992280665
2025-04-17,0,0.1055556307912337,4.670055243764172,29.396313888888894,3.7132063147531795
2025-04-17,6,0.8190623101156742,206.12719539399092,135.77739351851864,142.2415345623592
2025-04-17,12,0.9195085347984429,215.21849162414966,179.60992916666666,162.88020381097041
2025-04-17,18,0.08238584462764593,1.962709396258504,26.2532875,1.6728452787888535
2025-04-18,0,0.10835628554492094,2.968428160430838,26.80649583333333,3.784166545149483
2025-04-18,6,0.8217308199709346,173.65334349489797,158.91542222222222,128.8987673539011
2025-04-18,12,0.9188128791013129,233.9495701105442,212.54781435185174,218.29105442525758
2025-04-18,18,0.08531251586627822,2.49635602324263,29.33076944444445,2.1495005577706503
2025-04-19,0,0.10938625416340216,5.733429024943309,28.060644444444446,4.936256017622899
2025-04-19,6,0.825881806328307,309.9198102040817,229.42553194444463,182.31990303179583
2025-04-19,12,0.9211765661978852,203.1020910289117,130.943822685185,141.1613585257486
2025-04-19,18,0.08435164724961447,3.383276856575964,30.45508611111111,3.032519405961743
2025-04-20,0,0.10603402889544644,2.4600156462585048,32.208819444444444,2.20570558990498
2025-04-20,6,0.8243357918502896,306.15396000566915,125.65188055555573,155.0473631279598
2025-04-20,12,0.9173832025087378,270.96361248582775,178.82850740740744,196.54538187566425
2025-04-20,18,0.08420949720061904,1.159806264172336,24.655866666666675,1.7895779869750537
2025-04-21,0,0.10825814864037481,6.383613066893423,35.878558333333324,5.266008451528187
2025-04-21,6,0.8196145682993261,198.49128759920643,244.8987115740739,185.9977386808046
2025-04-21,12,0.9192096783872271,495.1483187641722,89.30082175925924,101.1580109915257
2025-04-21,18,0.08586547181260881,4.48301733276644,31.998616666666674,4.117813357048694
2025-04-22,0,0.1048104117654929,2.3790535714285714,26.369220833333333,2.648847996243001
2025-04-22,6,0.8281681050301998,218.63407616213155,187.20474351851854,178.75865621879706
2025-04-22,12,0.9194182253937832,323.1451959041948,169.03220555555552,200.0700297215242
2025-04-22,18,0.08405469823570832,2.075240731292518,28.921701388888884,1.9215767371520012
2025-04-23,0,0.10698682155451625,2.8803184523809477,34.91152916666667,2.6543600368556146
2025-04-23,6,0.8209005327208734,269.5638494189343,223.19274166666656,228.3787946549963
2025-04-23,12,0.9259152407565906,274.0415608418367,78.01675787037038,88.07652703213492
2025-04-23,18,0.08755032468808625,2.5793033871882094,31.048156944444447,2.248516610551265
2025-04-24,0,0.10476322980304838,2.009502494331063,30.011094444444453,2.627529674392699
2025-04-24,6,0.8200049890880535,190.65478025793666,272.8609958333332,222.6722499127532
2025-04-24,12,0.9326486095710256,449.7646372448979,306.68617500000016,320.9183617685213
2025-04-24,18,0.0860233932897005,2.928442205215418,32.331968055555556,2.030795799374614
2025-04-25,0,0.10079431624134647,4.549773242630385,36.88980833333332,2.496525239643627
2025-04-25,6,0.8189497296452776,168.39381004818583,243.74682314814814,189.7767203604132
2025-04-25,12,0.9345741891111221,322.98940172902496,122.47420324074074,134.39191301134724
2025-04-25,18,0.08504330579216421,3.6066064909297046,33.93344305555556,2.060386972987572
2025-04-26,0,0.09775742869140543,5.274788024376412,35.8278375,2.880041846804673
2025-04-26,6,0.8170880707887282,612.6144535147394,224.49268750000002,288.27694229044783
2025-04-26,12,0.9406929698909177,455.2603832624718,161.46475509259267,156.019855809601
2025-04-26,18,0.08457248555817436,2.8377845946712017,29.695388888888886,1.7625036637565217
2025-04-27,0,0.09826594633002943,3.93768904478458,28.117236111111115,4.038142281468335
2025-04-27,6,0.7990321982380238,249.55777239229025,351.4207856481482,302.0406387155276
2025-04-27,12,0.9443717677917115,367.83277247732417,174.21337870370346,174.41578367639852
2025-04-27,18,0.08516652518190104,3.1047144416099783,27.16835833333334,3.975324958558357
2025-04-28,0,0.0997624512840136,5.507789455782307,26.052008333333337,5.290379636857101
2025-04-28,6,0.8108130042957631,875.5483571428572,235.46540092592588,166.28156977872965
2025-04-28,12,0.9390471888611797,663.3753035005669,99.69254583333333,67.22598656059397
2025-04-28,18,0.0854296374485402,2.4364630527210895,29.036718055555564,2.0478732173339362
2025-04-29,0,0.09962959506446152,5.186117375283443,30.83468055555555,2.8958916465252336
2025-04-29,6,0.7864737442305086,371.90501598639446,228.8365208333332,253.63676267993313
2025-04-29,12,0.9457907755343885,342.8416424036284,106.8013064814815,107.11540888309835
2025-04-29,18,0.0833574001525858,3.6572901643990923,26.939579166666665,4.094926860795083
2025-04-30,0,0.10020426283083286,5.132894118480726,38.55730555555556,2.7000567904165726
2025-04-30,6,0.78733918428748,418.1644147534014,267.81398888888896,289.59034017785524
2025-04-30,12,0.9440816825455625,368.02842807539656,143.69467083333333,149.09250541430845
2025-04-30,18,0.08350424190457337,4.2886001984126985,29.66894166666667,2.5600270533636893
2025-05-01,0,0.10118268286023047,3.665151218820855,29.013316666666665,3.1551828233101396
2025-05-01,6,0.7893410628602425,342.53925761054404,277.16420972222215,200.86639441575275
2025-05-01,12,0.9484951400935637,215.9053062641722,156.09886574074068,143.40481417806703
2025-05-01,18,0.08205008764136915,2.762406079931971,28.118361111111106,2.2137162679333167
2025-05-02,0,0.10264398123037988,6.078594387755095,22.796727777777775,5.8474031082619975
2025-05-02,6,0.7921158543042747,691.8808182539684,307.6358287037036,133.03652251040083
2025-05-02,12,0.9518545287655573,840.753082015306,103.41077453703699,103.89911614072366
2025-05-02,18,0.08431691672213582,4.627097477324262,21.203769444444447,4.556753409330962
2025-05-03,0,0.10245602802439448,4.218272959183671,25.094098611111107,4.315796571551988
2025-05-03,6,0.7864664749788536,206.3974726190475,147.2031361111108,125.05288490402206
2025-05-03,12,0.9503021648484223,275.2633673469387,179.45869027777783,158.75965339525177
2025-05-03,18,0.08398324002828707,5.3461923894557835,25.520297222222226,3.5219825430053735
2025-05-04,0,0.10379864736869741,8.68129061791383,30.396252777777768,5.471660662087838
2025-05-04,6,0.7771402464652837,278.79289518140587,364.984277777778,263.46937719539727
2025-05-04,12,0.9496688363267743,413.3437507794784,152.63243611111113,132.6319511793813
2025-05-04,18,0.08409362682177043,6.088942063492061,23.744608333333336,4.401501398076217
2025-05-05,0,0.10347508516344817,9.186488633786844,21.87580694444444,8.924122579049525
2025-05-05,6,0.7784892389023742,550.1719238662131,88.23907407407397,128.19836094740742
2025-05-05,12,0.9414683102069311,325.67083589852604,134.97279074074075,125.98374609176
2025-05-05,18,0.08723336928159377,1.7645746598639418,25.69105555555555,1.3723412670685835
2025-05-06,0,0.10718919511251192,1.8939606150793606,33.99420138888888,3.360146185203018
2025-05-06,6,0.765677917630667,517.5027377267573,187.86113935185173,235.6046405051591
2025-05-06,12,0.9348173498892597,319.73763075396835,102.92494583333318,92.62815184236754
2025-05-06,18,0.09058467357793927,1.52275695861678,27.459336111111107,1.8004470729584279
2025-05-07,0,0.10912430676835765,5.207410019841272,21.816463888888883,5.395892431547957
2025-05-07,6,0.7686251873777494,146.74896105442193,95.92234398148155,93.60027232657929
2025-05-07,12,0.9357105776635127,333.08824499716536,153.22121990740737,136.4045278267183
2025-05-07,18,0.09003336105574061,5.234727848639458,23.82128472222222,6.367748605471631
2025-05-08,0,0.10627449271305991,3.9196415249433048,23.53622916666667,3.4168722616442966
2025-05-08,6,0.7739114577740537,291.79788697562356,183.15509722222217,119.14168961292437
2025-05-08,12,0.9373894995158539,432.2185060515873,101.6463810185186,98.78704397843669
2025-05-08,18,0.08911568297427705,2.8051033163265333,28.3878375,1.2020781258755555
2025-05-09,0,0.10646176421455197,4.1574446853741485,24.859409722222225,4.694351236755965
2025-05-09,6,0.7683326153912394,275.64878486394554,134.86238472222212,103.92111979380154
2025-05-09,12,0.9384833228724438,234.2642570578231,142.5286898148148,134.5885731923273
2025-05-09,18,0.08702142018063933,1.9257309240362805,23.13605972222222,1.854801415046889
2025-05-10,0,0.10681010130808366,7.558004421768711,26.097155555555563,5.255062066143779
2025-05-10,6,0.7776091412783659,455.6370486111112,141.94607500000004,148.2861945986325
2025-05-10,12,0.941333472937533,356.4666401077098,126.54679722222221,135.0723089019448
2025-05-10,18,0.08697595419770894,2.426496967120185,23.823511111111117,1.950322292836904
2025-05-11,0,0.10569416567577017,7.985330116213152,30.537025000000003,5.310138425974475
2025-05-11,6,0.778653211966841,333.9831204931972,163.37224629629625,184.24143955461747
2025-05-11,12,0.9437319256723292,279.36072035147396,90.5274180555555,101.25509229032653
2025-05-11,18,0.0864031223580166,8.614905966553287,22.719424999999994,6.8248212626208415
2025-05-12,0,0.10727568681835731,7.396274489795908,23.303336111111115,5.771222508194921
2025-05-12,6,0.7790547698022786,729.9719138180272,186.58008009259268,252.84943478473835
2025-05-12,12,0.947321503387874,418.0410997023808,131.95439999999996,145.32414990832638
2025-05-12,18,0.08604608682956011,0.8108767715419513,24.18970972222222,1.1915821430702735
2025-05-13,0,0.10960025968029162,7.232570762471653,24.867949999999986,4.762255230005355
2025-05-13,6,0.782582267880786,137.59491346371905,208.9503263888891,186.32290655459684
2025-05-13,12,0.9442664075771251,174.50459536564622,161.99724907407415,159.0293811741582
2025-05-13,18,0.09085188108570247,5.2555639739229045,30.253655555555554,3.109538760740561
2025-05-14,0,0.11017159589206602,7.921781746031742,18.19238101851852,7.229370726073373
2025-05-14,6,0.7914846447747963,244.95248833616773,245.43718935185188,215.6061215389187
2025-05-14,12,0.9501169957615441,275.8434202522677,165.60555509259254,163.1151883847984
2025-05-14,18,0.08969958721593742,1.8077849631519298,23.72147222222223,1.85306574275175
2025-05-15,0,0.11187226868631762,4.220493650793647,21.398786111111118,4.250269031130076
2025-05-15,6,0.7956076152500332,380.89442196712037,179.6777569444444,190.14179861166198
2025-05-15,12,0.9462166413981632,236.05630223922904,112.61783009259254,115.87321102342928
2025-05-15,18,0.09124947356745056,3.776167715419498,16.923376388888883,3.575180460614619
2025-05-16,0,0.11404293153693243,4.513153004535153,27.952877777777775,2.5188959664635724
2025-05-16,6,0.7987424487966712,568.0671074546485,120.34338981481467,107.07588310591785
2025-05-16,12,0.945241249020843,341.20144017857154,131.46517361111123,128.57960356811515
2025-05-16,18,0.0903984969097291,5.000561819727896,23.918437499999985,2.887147312205766
2025-05-17,0,0.11361481068917229,5.48221598639455,27.214368055555564,6.073631247287929
2025-05-17,6,0.8015004587731324,336.5156257227893,277.89332731481477,218.9344470924603
2025-05-17,12,0.9457621848368283,424.25572171201816,199.6372101851852,178.9662647492196
2025-05-17,18,0.09089335100958787,6.481191879251693,22.861256944444456,6.512197033877497
2025-05-18,0,0.11342147344779185,6.991626403061218,23.445783333333328,7.20142426865011
2025-05-18,6,0.8081506274076357,300.6198659297053,266.40813564814835,230.5668964618474
2025-05-18,12,0.9490805779522505,322.7358182256236,111.03470648148146,120.81656385674601
2025-05-18,18,0.0923167187567052,6.917452210884353,19.373775000000006,6.779443385161144
2025-05-19,0,0.11124411025554777,7.774303032879812,20.613038888888887,7.220874465882089
2025-05-19,6,0.8071444930834035,329.20279420351477,164.17435648148142,182.25614675747926
2025-05-19,12,0.9420820696129023,648.1528085034014,235.03426990740732,243.1044550426314
2025-05-19,18,0.09129560432705495,2.4173465419501117,24.122188888888903,2.032143652474345
2025-05-20,0,0.10984285185161283,2.7918865787981884,18.51453888888889,2.7259919594452198
2025-05-20,6,0.8040407880077916,173.51381203231256,150.50511435185183,120.67174364064441
2025-05-20,12,0.9485914577784571,451.98008662131537,152.29072638888888,154.61140854793763
2025-05-20,18,0.09128555595016212,3.528200793650798,22.499333333333333,4.224394447333583
2025-05-21,0,0.11006324846812977,5.9905718962584995,19.1824375,3.8934199344289215
2025-05-21,6,0.804580348631017,348.05240420918386,197.8706120370371,152.18085366707314
2025-05-21,12,0.9582400024314118,571.0734448270973,99.90327222222226,110.48893184273084
2025-05-21,18,0.09091290998771753,5.519358276643991,18.135776388888885,5.333452385214567
2025-05-22,0,0.10941599719722997,2.507028032879809,19.342791666666667,2.3180461845875033
2025-05-22,6,0.7963479783083696,154.4526267857142,206.23266944444444,183.8047148688578
2025-05-22,12,0.9584587789673304,218.13571950113362,149.3903092592592,147.63186055689974
2025-05-22,18,0.08915458248808283,3.044559736394556,17.28224027777779,3.0170160559069736
2025-05-23,0,0.11053306013808972,5.338465093537419,20.0339375,5.305889647657783
2025-05-23,6,0.7972105638032153,168.12097875566894,242.7858125,202.8932885530054
2025-05-23,12,0.9603994636697133,229.4099196145124,408.1234513888889,384.33648234365114
2025-05-23,18,0.08845364613237268,5.335601431405897,23.429827777777778,3.4063842850757045
2025-05-24,0,0.10963492571913322,3.5227774376417234,20.556312499999994,2.798338437337276
2025-05-24,6,0.7940554263001682,430.13989189342396,110.64263657407422,135.83246469962654
2025-05-24,12,0.9616971791631745,391.7582759637187,225.5578375000001,229.6001530870917
2025-05-24,18,0.08819905501354526,5.960575779478463,21.645711111111112,4.157405648112955
2025-05-25,0,0.10822400995235504,3.259235799319717,16.173448611111112,2.6493057304770335
2025-05-25,6,0.7888358195296045,290.95453370181406,275.3021166666666,248.70151258355892
2025-05-25,12,0.9357969649227903,283.9542777777778,201.37509583333323,189.24181768449003
2025-05-25,18,0.0899118983856622,3.4577987244897974,17.183244444444433,2.286031946493507
2025-05-26,0,0.10808869706699838,1.6254600340136034,23.51794861111112,2.619959036321738
2025-05-26,6,0.7939127444040757,661.5723303571428,208.4055935185185,178.05034443006758
2025-05-26,12,0.939773558661132,268.9761060657598,153.23605370370376,160.22411135765756
2025-05-26,18,0.09198291868028986,4.388695748299319,13.646422222222206,4.119212221165776
2025-05-27,0,0.10776886291684433,3.567477806122444,17.17308750000001,2.1032729309508493
2025-05-27,6,0.7917614288194889,276.1487007794787,239.70053379629644,245.7268004979441
2025-05-27,12,0.9281064711266673,264.5306215986392,166.8502717592594,148.9792631238545
2025-05-27,18,0.09254393432417306,6.344981462585031,14.069731944444436,5.0477940741634235
2025-05-28,0,0.10617241180929664,14.88743024376417,11.217169444444446,13.235103884037539
2025-05-28,6,0.7904088567626202,491.4600013180273,220.3694453703702,168.31831145095327
2025-05-28,12,0.9305903338597367,477.61314679705237,161.5237430555555,168.34404630817795
2025-05-28,18,0.09271222119979589,8.035207582199549,14.537377777777778,7.588856206618157
2025-05-29,0,0.10657078557592109,6.25940042517007,24.96324305555556,6.954487244979747
2025-05-29,6,0.7848337589857624,473.1896451530612,284.84980740740735,172.57883995317826
2025-05-29,12,0.9340858811566713,207.6114056122451,144.65965000000003,146.9683604097395
2025-05-29,18,0.09460971714118777,3.4941676870748264,13.869134722222231,3.3987988741080404
2025-05-30,0,0.11167899851061089,6.696586876417238,17.808575000000012,6.577359650947691
2025-05-30,6,0.7840530061126703,335.0866965561224,278.9333268518519,262.32796968491493
2025-05-30,12,0.9399961981203372,464.9963630810657,165.6645847222222,165.53965381755475
2025-05-30,18,0.09513769247335459,11.464531703514739,10.693506944444444,10.613401806716531
2025-05-31,0,0.10890866688746718,2.97487664399093,14.192253240740744,2.9665971695806306
2025-05-31,6,0.7807706074337011,301.83449832766445,190.72074675925916,180.3040024935742
2025-05-31,12,0.9326655606846036,354.05443812358266,193.92176805555562,169.33314516079565
2025-05-31,18,0.09507830103258663,2.1457132936507923,14.834818055555555,1.7054533602487643
2025-06-01,0,0.10849193566738748,11.47539202097506,26.433638888888886,11.86287118661506
2025-06-01,6,0.7810047152350275,942.736338293651,234.90422268518523,174.82182986211185
2025-06-01,12,0.9281148871583169,903.7511708758506,230.5407296296297,246.79098534107476
2025-06-01,18,0.09848421516499065,7.650319671201817,10.787606944444454,7.021696377849116
2025-06-02,0,0.10823258007122778,22.379040348639457,10.36987638888889,19.80159692675934
2025-06-02,6,0.7795784433133053,498.78103034297044,166.15971805555554,169.68995128350946
2025-06-02,12,0.9235621240102704,912.1309238803855,206.12901296296292,229.3333826344068
2025-06-02,18,0.09884674254111607,17.690880116213155,13.525990277777785,16.341418169397457
2025-06-03,0,0.10538072468358557,24.029500963718824,12.381850462962962,20.468253084075016
2025-06-03,6,0.7825522261508596,546.9030374007939,421.5106513888889,237.4520804581997
2025-06-03,12,0.9251782993041272,242.42167297335618,130.0671856481481,124.6348934526909
2025-06-03,18,0.09953863047548922,16.399595719954654,14.819229166666666,15.196757765072512
2025-06-04,0,0.11464123322793149,4.739700070861675,13.299238888888894,3.6530300356187064
2025-06-04,6,0.781245922245061,191.48651167800463,129.61850185185187,148.65224300267244
2025-06-04,12,0.9281230835848514,523.2873874716553,181.1994416666666,166.71778795263845
2025-06-04,18,0.10399152956799133,1.480526884920633,9.318619444444458,0.8869374649176192
2025-06-05,0,0.12687460349216997,7.843116241496585,11.357673611111117,5.383786632991211
2025-06-05,6,0.7617823430666553,346.18979152494313,173.28798564814815,120.18656730531809
2025-06-05,12,0.9356429669820523,426.5626774234693,137.55696851851854,163.6737697562033
2025-06-05,18,0.10685155483425465,3.084705938208627,15.091634722222206,3.0060471240588225
2025-06-06,0,0.1268332137314177,19.955660941043092,9.420011111111119,16.150761779487787
2025-06-06,6,0.7660151504106226,466.74692454648516,213.11681296296285,290.9989418605425
2025-06-06,12,0.9310141167448691,859.8367415674604,160.38995324074074,195.68938882474654
2025-06-06,18,0.10708378377644698,10.848857242063499,9.912022222222218,9.09284097009644
2025-06-07,0,0.12847545325904944,8.377624674036277,8.902445833333337,5.427108917164667
2025-06-07,6,0.7672201272653103,574.6066765447846,121.17050555555551,220.4052984652413
2025-06-07,12,0.9356347763981009,329.17245222505653,143.98847037037038,147.351621397522
2025-06-07,18,0.10575817627410788,8.11512857142857,13.733179166666666,7.022986492634613
2025-06-08,0,0.135222600490927,1.5652689767573682,11.512176388888893,1.1447266925480166
2025-06-08,6,0.7714849036462171,927.8258909297051,180.40013611111098,312.04580684819103
2025-06-08,12,0.9433151689796418,449.71394845521536,163.3256277777779,166.5725672585265
2025-06-08,18,0.10735297007922605,3.1855174036281153,14.18398888888889,3.23210424463043
2025-06-09,0,0.13703357541522473,1.8351868622448997,10.354058333333334,2.278484199412765
2025-06-09,6,0.7762527896006147,314.47903660714314,130.71143009259256,141.3259002952238
2025-06-09,12,0.9430745131327766,333.16985348639463,174.72443888888884,174.60417790806923
2025-06-09,18,0.10661620556034478,7.525664795918368,9.705438888888883,5.792201547371507
2025-06-10,0,0.13681928812132044,9.162236479591838,16.267427777777787,8.825008585884829
2025-06-10,6,0.7938612257890378,369.9629202522676,268.5841032407408,293.18201165373426
2025-06-10,12,0.9456047223494651,174.75064484126972,130.65304629629625,113.91513948825734
2025-06-10,18,0.10555223711023122,3.5520444019274304,7.774102777777772,2.6770728918265596
2025-06-11,0,0.13715768479259968,4.693309594671209,5.85840555555556,5.6345605335690045
2025-06-11,6,0.7879669657907504,423.1527120039683,204.3957893518518,196.7134800479996
2025-06-11,12,0.9471161161077072,265.55394445861674,123.95740092592602,109.16214810709296
2025-06-11,18,0.10499769854045916,1.7278564058956902,8.067836111111118,1.1455100386917216
2025-06-12,0,0.14077654750861698,0.5507741354875176,7.327455555555558,2.684744134294581
2025-06-12,6,0.785907180597467,240.80763265306118,135.77067407407395,136.61290604643253
2025-06-12,12,0.9469791952462517,181.44553347505658,144.64777175925923,143.15841908007158
2025-06-12,18,0.10463676474705007,3.781929010770982,6.110205555555549,3.187050176659642
2025-06-13,0,0.14193011470315217,3.9904315759637083,15.480280092592592,3.6806320425857586
2025-06-13,6,0.7873960652171695,419.91451883503396,146.37391250000002,162.24799624859818
2025-06-13,12,0.944030120798313,321.42390389739245,161.64663472222225,152.68356136833918
2025-06-13,18,0.10500084684562866,14.036858120748299,4.622680555555553,14.327627965145886
2025-06-14,0,0.1435550533393761,13.823452239229018,12.712946759259259,13.160687458285645
2025-06-14,6,0.7892449886054401,498.2360036422902,210.60886203703694,251.94774368100076
2025-06-14,12,0.9464598820579995,195.45500729875295,251.00074861111105,254.800626214763
2025-06-14,18,0.1058412857503261,4.099649546485264,2.245972685185186,5.721005394466267
2025-06-15,0,0.14259606855374318,9.308619288548748,6.168790740740745,10.370744121783455
2025-06-15,6,0.7942367957902107,243.6950018707484,98.79928287037046,122.07290593195818
2025-06-15,12,0.9447489741684963,366.9474661706349,195.6585509259259,194.76607026582917
2025-06-15,18,0.11325375221547163,15.111383049886623,6.523737500000004,14.86329299064846
2025-06-16,0,0.1518121756791497,22.632073554421776,9.023665740740737,17.233043786349715
2025-06-16,6,0.7963856291224324,273.43143385770975,211.35111250000008,191.8942593474679
2025-06-16,12,0.939976393869732,223.16413839285713,228.77606435185174,227.96572632051553
2025-06-16,18,0.11528701158393936,3.3811799178004565,7.0779555555555635,1.733250433898942
2025-06-17,0,0.1557169496616156,4.9917766156462555,12.3719111111111,4.286350526699983
2025-06-17,6,0.8012302276045845,280.5486628684806,159.6816356481482,161.05404399012903
2025-06-17,12,0.9401516058881432,429.6748122590702,174.62020092592584,193.89415453973277
2025-06-17,18,0.12518375696083797,3.729303089569162,5.149250000000003,2.0539529174122197
2025-06-18,0,0.16711583994497742,11.929528004535138,10.003298611111104,11.892431100099197
2025-06-18,6,0.8035925401618558,316.12747847222204,329.6315819444443,273.7750943331079
2025-06-18,12,0.9364504509608746,320.5757535997731,104.43927453703695,98.3016500845349
2025-06-18,18,0.12695265954718304,5.218037174036282,9.148956944444441,4.584578462464833
2025-06-19,0,0.17078725259746866,8.852887599206348,5.898940277777772,10.857425725370614
2025-06-19,6,0.8037986932285287,387.7551476190477,216.19473981481465,153.5317683924262
2025-06-19,12,0.9403816477768395,701.6249511479592,304.69426898148134,299.36172520439254
2025-06-19,18,0.12926032140671426,1.8571975765306112,7.578265277777779,1.8037736005569078
2025-06-20,0,0.17980818422092001,11.217755966553284,6.511562499999993,12.784052141720032
2025-06-20,6,0.8045069570520793,468.4413446145124,191.3564944444444,207.33598178493315
2025-06-20,12,0.9380658281712486,384.6508291383219,126.98297638888874,124.95546098682027
2025-06-20,18,0.13097390372988185,7.24360688775511,10.476244444444458,5.412739513111565
2025-06-21,0,0.18552433446465824,16.585059552154203,4.221280555555557,10.240953728582301
2025-06-21,6,0.8056942515763396,514.5370895549888,183.8627245370371,203.07625781374338
2025-06-21,12,0.9499565294401807,836.8493448979593,299.95667083333336,306.2996363071978
2025-06-21,18,0.1328153886292551,2.98328633786848,6.437877777777779,3.0080060054277293
2025-06-22,0,0.19210435255199806,17.072334070294787,15.967405555555551,14.251662033729325
2025-06-22,6,0.8004973608636562,494.21112242063464,198.12747361111116,160.48574298804954
2025-06-22,12,0.9489739182568827,292.6591417375285,154.517925,160.7044878502428
2025-06-22,18,0.1338354935063797,3.8465514030612247,6.199980555555554,5.009125695982282
2025-06-23,0,0.20368042010206217,6.816927522675744,7.192299999999995,10.009319612317212
2025-06-23,6,0.8150056892689035,456.0777844387755,233.3429680555557,233.72368803642823
2025-06-23,12,0.9621446656013798,257.8348355017005,155.0219291666666,163.66481158565963
2025-06-23,18,0.1369212431783839,7.6119083049886616,8.05449583333333,5.2850815376609885
2025-06-24,0,0.21899835459448472,9.472979917800435,13.761655555555551,6.8843816761995
2025-06-24,6,0.8152196270091708,747.6442945294787,145.28481805555555,209.04900306653948
2025-06-24,12,0.9656382633583416,280.80543905895706,240.23874444444448,232.22480670994784
2025-06-24,18,0.14034567944084944,8.1538210600907,16.57339861111111,6.972531020164671
2025-06-25,0,0.2233353192713906,9.188106887755104,9.60428935185186,11.441088301009664
2025-06-25,6,0.8174772874049313,381.9793347647392,218.76619074074085,135.79446221138664
2025-06-25,12,0.9618829723024231,291.6840660289116,187.53634722222236,184.67309793834528
2025-06-25,18,0.14435111660039027,5.814206349206354,10.539780555555534,5.929105799612657
2025-06-26,0,0.22899491013347287,5.823742261904762,8.678371296296294,2.0463374471372098
2025-06-26,6,0.8242871212264614,282.47636122448984,329.5901083333333,261.09772796819834
2025-06-26,12,0.9580918477098079,467.2411895975057,106.23665694444452,111.52039743691068
2025-06-26,18,0.14165448028607402,4.715190263605444,12.13542962962962,4.959327482822578
2025-06-27,0,0.23588129917268472,10.18009761904762,8.887682407407413,3.0309843710654123
2025-06-27,6,0.8252507008209053,388.2235477465986,233.06212361111128,188.11327857034172
2025-06-27,12,0.9598202800249857,291.2814712443312,212.86362083333327,216.99883868141592
2025-06-27,18,0.14790545743407335,2.74796965702948,5.022499537037031,4.002498430309091
2025-06-28,0,0.2391839341084865,1.9201230442176849,13.64463055555555,2.1543031289321584
2025-06-28,6,0.8325259307066142,362.1571614229025,171.1044865740741,135.31083599474616
2025-06-28,12,0.9596750530842781,390.43713646541966,123.73720740740737,116.74866009608816
2025-06-28,18,0.15167235968902382,10.631697179705217,5.133915740740729,10.793448278226688
2025-06-29,0,0.2471839548377513,2.2542290107709784,7.59131342592592,3.855284951611246
2025-06-29,6,0.8288204596923653,315.8765211167798,215.10992037037042,230.0407280885336
2025-06-29,12,0.9591315129215097,345.95719550736953,126.23034583333326,128.0034736776101
2025-06-29,18,0.15115951735777527,4.514448384353742,2.543928703703695,5.841247628978049
2025-06-30,0,0.24989381827023488,9.765128358843532,6.115873611111117,5.251799839481896
2025-06-30,6,0.8407341169273342,347.50923632369614,265.79884768518514,267.68344360069364
2025-06-30,12,0.9632296635647373,247.73825518707469,140.60669722222212,146.15383137928453
2025-06-30,18,0.1565278569447185,3.7105473781179166,9.367393981481474,4.0932852819796315
2025-07-01,0,0.25075621904016093,11.927850992063485,14.848595833333333,8.72027271616475
2025-07-01,6,0.8379320714639079,428.5632748015874,248.63474444444444,251.87469173810436
2025-07-01,12,0.9643566120524598,660.9642439909298,141.39901018518515,137.02755727876905
2025-07-01,18,0.1619202520392677,10.72441887755102,10.090438888888887,9.807884581334648
2025-07-02,0,0.2648996984792861,8.111933489229038,10.673084722222228,7.230957235240303
2025-07-02,6,0.8337158549316527,852.3679529336735,139.26890277777787,104.89877628760944
2025-07-02,12,0.9654318749546864,834.4328962726757,131.91085879629634,134.94157394238206
2025-07-02,18,0.16866152292803502,9.002566383219957,6.628441666666664,8.821759955969172
2025-07-03,0,0.2759814719362766,10.399335728458052,11.957759259259259,10.184617680605623
2025-07-03,6,0.8349210170018891,265.6661902210887,277.67417037037035,206.78524251482645
2025-07-03,12,0.9653029095865896,208.04194873866214,149.26783749999998,154.77012369136415
2025-07-03,18,0.1857627212023886,2.0745312358276653,5.853259722222237,2.7391984490788226
2025-07-04,0,0.2844276200656514,5.913986607142864,12.437863888888895,4.930528567130769
2025-07-04,6,0.8411537677735135,592.2577231009071,229.18974166666672,234.42859598612313
2025-07-04,12,0.9656361438080722,402.7065566326534,179.89511249999998,184.62217327513986
2025-07-04,18,0.19855060668634725,3.0911120181405902,15.221452777777777,2.326893268836673
2025-07-05,0,0.29500599084621154,9.39891863662131,3.72579722222222,5.284874842363054
2025-07-05,6,0.8388877926426206,562.8852972647392,179.05938379629632,178.97221350779796
2025-07-05,12,0.9660940068244422,273.9440307114512,221.57678379629635,228.77558221794828
2025-07-05,18,0.20444540591285001,2.6211918083900247,9.942233333333332,1.7237695522669165
2025-07-06,0,0.30079482308322836,4.106237967687077,5.772077314814812,2.1860922191093852
2025-07-06,6,0.8472546445036295,231.93498983843554,330.0657458333334,243.37843133222265
2025-07-06,12,0.9697901041286249,604.6761767148527,117.68609722222224,113.75313367400089
2025-07-06,18,0.2090989756809863,10.379499716553287,8.452566666666666,7.549846689882056
2025-07-07,0,0.3150600707593912,7.845973285147398,11.959977777777778,6.002087442096601
2025-07-07,6,0.8501445415484488,401.9016845379819,170.85314027777784,155.12235726391495
2025-07-07,12,0.9622829333253438,284.9557539682541,257.6023111111114,243.20733675683363
2025-07-07,18,0.20387809866842876,4.2083405470521456,11.826145833333324,4.011388846991709
2025-07-08,0,0.3220594360772367,24.741382001133783,16.077001388888892,18.31892696622937
2025-07-08,6,0.8379673684245613,278.7283903769839,143.56215138888888,150.3052890599755
2025-07-08,12,0.9568668990427193,449.4134393849206,155.75770648148156,153.87675923763416
2025-07-08,18,0.21610599703733738,16.5603423185941,2.8728458333333324,10.640079125621808
2025-07-09,0,0.3319490584192362,8.682786975623584,12.383468055555559,6.292712960780904
2025-07-09,6,0.8383838663338163,327.05361200396834,254.31687222222232,174.25594269096416
2025-07-09,12,0.9582061286036966,303.06149013605443,128.1987624999999,130.89842327601525
2025-07-09,18,0.22084764841539256,7.4735981434240335,11.30227777777778,5.587506466022264
2025-07-10,0,0.3457554633695919,2.362801346371879,16.658559722222225,2.614971950383641
2025-07-10,6,0.8406155556516061,243.3333121315191,174.08891666666648,155.93712372802312
2025-07-10,12,0.9607770576415865,159.17280443594095,139.7001486111111,152.6925741475496
2025-07-10,18,0.2575313658568406,4.958360359977331,9.901094444444446,3.078448750169291
2025-07-11,0,0.3541829783799178,11.229401558956907,9.750782870370374,5.325722640218522
2025-07-11,6,0.8350796929520371,743.5041769132654,183.4808800925926,287.27126453623345
2025-07-11,12,0.9605781833177237,424.439785898526,139.6086819444445,130.30380188850626
2025-07-11,18,0.259602807300654,7.403174759070298,10.569123611111113,4.995181627529766
2025-07-12,0,0.3640844425906295,1.7856127551020404,8.540858796296293,3.146307791785697
2025-07-12,6,0.8298589412370639,344.9406027210884,204.70909166666672,118.0450302198106
2025-07-12,12,0.9589256564533302,246.7821649234696,237.54064212962965,205.55853106723958
2025-07-12,18,0.26509160492748185,8.885264115646255,15.792986111111112,7.3959724840039325
2025-07-13,0,0.38337790827575324,7.307614611678007,8.986062962962961,7.197475231556818
2025-07-13,6,0.8455910309535529,280.5708943168936,117.39669768518519,108.97139059037795
2025-07-13,12,0.9565764906872434,489.68859933390036,190.71925092592593,188.65310961417126
2025-07-13,18,0.2749122421731862,5.66678176020408,16.35686805555557,5.222993255170347
2025-07-14,0,0.3951816417969784,4.198844005102039,17.722636111111097,4.467064131602232
2025-07-14,6,0.8442616650949721,181.40711962868485,146.02045694444442,167.8397378373405
2025-07-14,12,0.9497321203792362,308.0352896116781,153.45370000000005,138.52575789997792
2025-07-14,18,0.27525209575521326,6.5635485544217715,12.689626388888886,4.838724151782611
2025-07-15,0,0.40384397682800893,8.872653429705217,15.828487499999994,7.773420443562265
2025-07-15,6,0.8422154651183916,468.77789399092967,205.99630601851854,221.90557337079645
2025-07-15,12,0.9450143683856812,464.91498983843513,257.51726249999996,280.03172002301733
2025-07-15,18,0.28084852039145713,4.953562670068026,17.690086111111107,5.237187378325909
2025-07-16,0,0.4058704572839536,15.469152919501141,12.237413888888888,9.202440930075133
2025-07-16,6,0.8425681155850546,260.21367491496596,157.73296620370377,156.0674509115253
2025-07-16,12,0.9458127493639638,282.1808533588434,144.17583888888896,130.09775960071832
2025-07-16,18,0.29461894826036206,2.600045677437645,17.995002777777774,3.646112539381198
2025-07-17,0,0.40938751773332455,1.376280598072566,19.014865277777773,4.096960365425931
2025-07-17,6,0.8468922585481882,272.15626566043096,119.23507500000005,166.24244006210725
2025-07-17,12,0.946449938421881,279.62098509070313,120.29891342592583,122.7738146166695
2025-07-17,18,0.2925382490399943,5.189875368480727,11.78974861111111,3.5520038921419754
2025-07-18,0,0.42571377635733737,3.6115320578231263,13.79485555555555,4.269996616301679
2025-07-18,6,0.8486878380828636,678.9471182397959,140.12660694444446,135.50136482971854
2025-07-18,12,0.94473181596198,375.87816581632666,275.4000541666666,296.48108454445617
2025-07-18,18,0.2896195086701688,2.8893806831065807,10.286113888888883,1.7233247392342292
2025-07-19,0,0.4268916168810041,3.046874674036271,24.20181111111112,7.893895825969128
2025-07-19,6,0.8510900928217974,310.9700604875284,380.8888249999998,411.9826575851496
2025-07-19,12,0.9628966221677394,177.34397403628125,120.06189259259268,118.91252233276731
2025-07-19,18,0.29688823622961835,7.378924263038552,14.765859722222224,5.910095379312446
2025-07-20,0,0.43232741403825564,7.90714231859411,10.785398148148143,3.6052340551619935
2025-07-20,6,0.8514411831294085,336.3755053287984,198.4422888888889,173.45535177846853
2025-07-20,12,0.9616619450067496,162.25188592687053,126.9388166666667,129.0955294540041
2025-07-20,18,0.30086932951504425,1.593277976190481,17.512123611111107,2.379927422181014
2025-07-21,0,0.423728458178405,9.180497746598649,22.030511111111114,10.41650436012888
2025-07-21,6,0.8453123966896469,253.09311187641717,153.8187986111111,152.91017497542558
2025-07-21,12,0.966193451507815,450.1437536139455,130.4650282407407,127.3140591027658
2025-07-21,18,0.30361408595640244,4.86601743197279,15.172075,4.158702900215115
2025-07-22,0,0.4390883399919485,13.081789739229029,22.170755555555548,12.823778041529708
2025-07-22,6,0.8442549747847939,338.81716591553266,436.27762870370384,350.3033596030333
2025-07-22,12,0.9641328697117735,417.5642202664397,157.67865879629633,150.7312024519218
2025-07-22,18,0.2961020024927182,1.5901318594104337,15.349319444444454,2.8066292928543533
2025-07-23,0,0.4353945560537813,8.453826998299327,14.532244444444444,5.488527495246858
2025-07-23,6,0.8443548482137438,345.90545994897934,265.78565,287.8694174519226
2025-07-23,12,0.9625954413725749,332.54391621315193,171.74731666666662,170.62673453732845
2025-07-23,18,0.2866253751805,2.365364569160998,14.823119444444451,3.6536912871085243
2025-07-24,0,0.4162751525341085,3.4718292233560053,16.893337500000005,5.722904720008194
2025-07-24,6,0.828636273588994,311.19168594104303,107.45039629629618,113.38183661385497
2025-07-24,12,0.9597634698434617,512.8641747590704,136.6605527777778,128.38887403684646
2025-07-24,18,0.27783208049399655,4.9484693452381,22.40641388888889,6.0806716581939115
2025-07-25,0,0.430446650341635,3.999956746031751,25.210691666666676,6.617446694886823
2025-07-25,6,0.8370704140202352,246.61884420351478,212.49133009259245,213.4480249452281
2025-07-25,12,0.9594892656046716,172.55575898526084,127.84049861111112,117.72532140178954
2025-07-25,18,0.2728158918141126,5.5718303004535175,16.401348611111118,4.830939097995645
2025-07-26,0,0.42721878785847006,13.731756547619051,18.635638888888884,11.571435743985845
2025-07-26,6,0.8368557937445369,375.38807687074825,170.96215694444436,180.0943472225954
2025-07-26,12,0.9606500541151628,261.6145320578231,134.4488597222223,133.32357937941993
2025-07-26,18,0.23595081316116484,3.5823028202947875,18.913125,3.7600413665861208
2025-07-27,0,0.41358266502959756,10.835049971655334,16.293779166666667,7.781596003749808
2025-07-27,6,0.837905120629782,489.2572646400228,147.1234013888888,162.06642711556776
2025-07-27,12,0.9650849439657931,140.0557974773243,124.88782870370363,123.64782577313917
2025-07-27,18,0.2299749437901905,0.7865172193877538,20.863647222222216,2.0067294621474137
2025-07-28,0,0.4242262066501569,3.236945351473916,19.688372222222213,5.099834646395912
2025-07-28,6,0.8407279428980516,528.2877856859409,170.66473703703718,246.13400120318067
2025-07-28,12,0.9681873605742164,466.5763949263039,163.08592499999997,170.96953256367686
2025-07-28,18,0.21662979941344665,6.243247647392284,21.182205555555562,6.104019934681101
2025-07-29,0,0.4012568197838133,11.078505031179134,27.099652777777777,8.359876235753568
2025-07-29,6,0.8440940838757962,538.7217894274376,301.61939722222223,149.266485939184
2025-07-29,12,0.966178614901073,220.32473431122443,177.38481944444447,173.87163656194502
2025-07-29,18,0.18375245853277156,2.1878866071428607,24.857131944444447,2.9217496037573714
2025-07-30,0,0.36445641781935106,5.916762358276637,25.817062499999995,9.384240681487421
2025-07-30,6,0.8731736129950882,311.3758968962586,137.90303055555543,116.51620800743227
2025-07-30,12,0.9717945105235556,370.675281802721,311.7684166666668,299.6637741148825
2025-07-30,18,0.15884152801117116,1.8345027919501153,22.500995833333334,2.420060435381375
2025-07-31,0,0.35886884368082045,5.347469260204079,33.05979583333335,11.60099011303245
2025-07-31,6,0.8582657269897395,260.82683689058945,128.02805555555554,135.99060381764733
2025-07-31,12,0.9765072560584193,229.36074302721076,158.20894583333327,150.18589375581348
2025-07-31,18,0.15037106013834642,1.2034829506802684,24.4017375,1.5954831151422855
2025-08-01,0,0.3417584898758826,14.946309183673476,33.40800138888889,11.878671971513196
2025-08-01,6,0.8586856041088406,590.1177696286845,339.7157847222224,273.4672187123108
2025-08-01,12,0.9716100975069621,684.2951194302722,165.1803425925925,162.5554105676552
2025-08-01,18,0.14550191811698873,5.164133815192745,26.862362499999985,4.59195052343134
2025-08-02,0,0.29904297908182004,4.164423922902493,28.584405555555552,4.058054035913998
2025-08-02,6,0.8543138576895469,629.209278925737,178.30820879629619,181.85906584117936
2025-08-02,12,0.962471120982333,405.3771416099772,309.1335087962962,303.96221263009926
2025-08-02,18,0.13242664310709104,2.784585430839001,26.426726388888884,2.3172669302961326
2025-08-03,0,0.296442756018627,1.751758234126979,33.40842916666667,6.048214908884827
2025-08-03,6,0.8336231215845148,764.9054285289116,135.51904722222216,114.0645662703999
2025-08-03,12,0.9724005633408769,857.5658008645125,194.60224444444464,193.28743480929325
2025-08-03,18,0.1365099018419241,6.4108393424036265,27.072695833333324,4.6933875086250865
2025-08-04,0,0.28718802029405516,6.651803500566888,25.09284722222222,8.271557406108002
2025-08-04,6,0.823992298437538,601.937149362245,277.44333981481464,295.2665172883287
2025-08-04,12,0.9628041962116466,334.0138516014741,226.35460000000018,219.40325072128223
2025-08-04,18,0.13358062113037183,1.070659424603172,29.600813888888883,1.1777537980017618
2025-08-05,0,0.2717541388927722,12.223702054988662,23.421365277777774,11.864906146341902
2025-08-05,6,0.8279350203029634,253.02382648809518,193.33006388888876,187.0373260738917
2025-08-05,12,0.948679117468047,251.91505827664392,92.51398888888892,85.05661596644646
2025-08-05,18,0.13645396184926578,0.913367020975056,27.997768055555557,1.348196809195184
2025-08-06,0,0.258463534217381,4.532870379818594,28.1696625,6.8618132588434975
2025-08-06,6,0.835175062104153,216.1140544501133,115.35391527777766,116.85644187307692
2025-08-06,12,0.9440320142912634,564.7796719246031,137.25320185185197,121.74837928198498
2025-08-06,18,0.12921522861255552,1.3267009070294875,28.134302777777773,1.9574329659488034
2025-08-07,0,0.2548722011138148,4.123888477891163,33.31294305555555,5.708512036279483
2025-08-07,6,0.8345408256636122,227.40439047619037,159.24425833333342,141.42950788008895
2025-08-07,12,0.9464205530085081,254.04761873582754,136.55374212962948,136.7991890029377
2025-08-07,18,0.12313091953276845,2.451950042517001,28.804852777777782,2.9641433095751966
2025-08-08,0,0.24375647098165723,6.969035955215416,24.29992361111111,6.5618591406642635
2025-08-08,6,0.8334369047875069,313.5476366496599,169.45003657407426,152.04979674543378
2025-08-08,12,0.9458726939957741,408.24334386337875,160.29932638888894,155.8052724083845
2025-08-08,18,0.1164495145950085,4.031063407029478,30.79597222222223,4.533187145187765
2025-08-09,0,0.2347018847172015,7.035150255102035,26.09524166666667,7.639405811510926
2025-08-09,6,0.8316600513174729,225.55766570294782,253.7597069444446,257.5224941381787
2025-08-09,12,0.9465648967242534,417.90568177437643,208.21721342592596,196.85297143772289
2025-08-09,18,0.09354179890205215,5.370350566893425,27.267681944444448,5.235077754832703
2025-08-10,0,0.2198865405401456,2.791233205782305,29.377250000000004,4.159447793770586
2025-08-10,6,0.8242513738105842,278.0876983276643,161.48521250000013,181.5787737657935
2025-08-10,12,0.9535009844418474,450.92687882653064,88.22448101851849,100.36950043738979
2025-08-10,18,0.08359340117052255,3.677761507936511,31.253608333333332,3.7816289345542478
2025-08-11,0,0.20820661452699504,1.339710005668937,27.933556944444447,2.0755478324552157
2025-08-11,6,0.820912954275456,317.76648745748315,264.5700634259258,221.64900311312235
2025-08-11,12,0.9485346736333485,210.6432272817461,174.83288333333343,153.01349875734186
2025-08-11,18,0.05590266447275574,3.5321152210884335,30.205704166666667,3.2563507256035145
2025-08-12,0,0.18586587044598119,4.618301686507932,38.50600833333333,4.619306399368641
2025-08-12,6,0.8199748641840942,494.7618109552155,145.99042222222226,155.9194369102093
2025-08-12,12,0.952403396953074,386.47828681972794,127.71335231481498,101.2077816403703
2025-08-12,18,0.04955756145778558,4.578516156462585,29.955443055555563,4.205130106136731
2025-08-13,0,0.18171330792439788,4.428862074829932,26.61213194444445,4.313989189849796
2025-08-13,6,0.8146461703943001,324.39811105442186,106.62527222222225,134.9798075922987
2025-08-13,12,0.9469942558943312,281.1271998582767,207.6873032407407,189.3695839256799
2025-08-13,18,0.044190283514140664,1.8985005952380898,33.72378611111112,1.8212381235922845
2025-08-14,0,0.16701101140198682,14.20791327947846,25.29621805555556,12.689400760989816
2025-08-14,6,0.8199451185447555,347.64268334750574,265.5051000000001,196.73870881257739
2025-08-14,12,0.9427132846685466,220.844224829932,136.82270231481482,119.53692618604902
2025-08-14,18,0.03923180708650192,5.544981193310657,30.295805555555553,4.972561502664809
2025-08-15,0,0.15978446339042404,4.014597945011336,34.45732916666667,5.4637121858643845
2025-08-15,6,0.8272662921814856,267.40497500000015,276.2147351851852,241.61596095648486
2025-08-15,12,0.92617023885042,219.5891042942177,199.32162222222232,197.32268927451585
2025-08-15,18,0.03554946357409844,1.4751215986394604,33.023902777777785,1.6221153278556533
2025-08-16,0,0.15703486302102743,2.34998365929705,44.16353750000001,4.780100766387738
2025-08-16,6,0.8191819503403869,354.91007216553305,106.3842740740741,128.86111643757715
2025-08-16,12,0.9248685511322201,218.18079213435362,106.70792361111094,90.9218047953133
2025-08-16,18,0.030886268546699982,1.9440128117913866,32.53618611111111,1.4190145862924308
2025-08-17,0,0.13810148941118316,9.020499022108837,25.975938888888884,7.722563737588388
2025-08-17,6,0.8090012885601804,260.7817460600904,177.17176388888865,179.7292294520562
2025-08-17,12,0.9058327405325521,248.05644987244918,126.17361851851845,139.94530778173174
2025-08-17,18,0.0302154863723098,2.382866737528344,31.51276944444444,1.8330225471793016
2025-08-18,0,0.11094028222899187,2.159557397959177,30.380987500000003,2.120691570603829
2025-08-18,6,0.8134062766893165,256.93531988378686,200.83124351851868,168.51087665465423
2025-08-18,12,0.9054882780587035,255.10344924886638,100.8826745370372,120.49612272528933
2025-08-18,18,0.025155071659448348,3.238632312925173,29.624680555555553,2.5001098890457643
2025-08-19,0,0.10956520445615127,6.794490575396828,38.8971875,6.785705642422456
2025-08-19,6,0.8080996443779294,275.3393542658727,205.3862333333332,164.56660049941112
2025-08-19,12,0.909459582309327,259.75406325113363,138.29819444444445,127.3835615173605
2025-08-19,18,0.021350978439608388,1.257253557256237,33.884340277777774,0.6380978905597536
2025-08-20,0,0.10572118776515362,8.04158735827664,25.38480138888889,6.756655692010414
2025-08-20,6,0.7974224055410208,953.885340462018,122.80645231481486,223.97555888757785
2025-08-20,12,0.9128931576402227,425.7860305839004,163.2869050925928,199.8530960932051
2025-08-20,18,0.021006657582456137,1.6139090277777781,30.809252777777786,1.1116166058453885
2025-08-21,0,0.10367750179011258,1.557720606575964,28.68788472222222,0.9338525151272079
2025-08-21,6,0.7979004325353105,296.78354554988647,182.58517361111132,191.24245717960082
2025-08-21,12,0.911420275475488,434.3616336592971,121.71867685185182,142.14957648017528
2025-08-21,18,0.015003464025964725,2.7452534722222217,30.533069444444443,2.1734784993414085
2025-08-22,0,0.10159147521357786,0.4251867205215394,34.04430138888889,0.8602035059957149
2025-08-22,6,0.8139517724778619,249.87658418367334,255.1762361111112,228.37403900467325
2025-08-22,12,0.9162741454806681,452.8974954648526,116.697837037037,123.39777394757682
2025-08-22,18,0.010381615654546898,0.2752981009070318,33.23130972222223,0.7099699375887607
2025-08-23,0,0.09415448002868967,0.8367770549886657,29.48277638888889,1.35918042987973
2025-08-23,6,0.820071971169206,485.1184803571428,264.8465430555556,304.57782114772107
2025-08-23,12,0.9257353226131506,228.97365470521567,91.39993888888894,94.26760706255762
2025-08-23,18,0.007583939501792795,0.7826653486394554,31.52951666666666,0.7740777914043371
2025-08-24,0,0.09056388821182294,1.4943225340136088,32.429825,1.1920001662542097
2025-08-24,6,0.8150820567680392,331.9349488662131,136.06388148148147,117.53973128797891
2025-08-24,12,0.9263954447550051,434.77080979308386,147.21714351851847,131.09034090351292
2025-08-24,18,0.0011320545359103428,1.2759086026077109,28.234913888888897,1.3275526090357517
2025-08-25,0,0.08806115680088096,5.423827990362818,28.927787499999997,4.596713106438735
2025-08-25,6,0.8207310998728548,358.82221625566893,154.69573842592592,163.74653049958874
2025-08-25,12,0.9255530477171774,705.0603009070295,144.78397268518518,140.2782869321469
2025-08-25,18,0.0,1.9185118905895697,29.090915277777786,1.236297968221106
2025-08-26,0,0.0832581152974124,3.598978939909296,30.28366388888889,3.035773775389522
2025-08-26,6,0.8195115146141128,268.7920683956916,165.30874027777787,187.31363800980918
2025-08-26,12,0.9252547685711964,242.9330219104307,156.12270000000007,153.730337569361
2025-08-26,18,0.0,0.7792739654194999,30.67235138888889,0.7887589994331076
2025-08-27,0,0.0729913794212092,3.2692964427437596,24.311623611111113,2.28395054671086
2025-08-27,6,0.8194877371199658,317.64066659580476,236.4929157407409,186.97753903908415
2025-08-27,12,0.9233472583921061,323.7245519982994,180.48932592592612,169.5136666811276
2025-08-27,18,0.0,2.0740209183673453,24.665041666666664,1.6543134974037927
2025-08-28,0,0.06766461919522838,3.163612655895693,28.0766875,2.4306270281983995
2025-08-28,6,0.8176303585311125,785.3920874858276,195.1601467592592,252.38967319011155
2025-08-28,12,0.9178505365069098,287.46005109127,159.80242314814816,180.55683366949958
2025-08-28,18,0.0,1.235505810657596,26.539369444444446,1.0920884885717586
2025-08-29,0,0.0640789384589705,3.6874612386621326,22.86400833333333,2.4430332742582377
2025-08-29,6,0.8150328959992678,361.67117498582763,186.13406296296296,189.22286900339836
2025-08-29,12,0.9181113990992703,173.4353531320861,129.15562499999993,108.81031701304192
2025-08-29,18,0.0,1.2662057681405898,25.831887499999997,1.1494630023990275
2025-08-30,0,0.06113410723192232,1.6964779761904747,26.295918055555553,2.97297154874885
2025-08-30,6,0.8186336167530596,593.1039146541948,171.27753333333328,222.6049314244709
2025-08-30,12,0.9125327617385699,220.73077165532857,97.8090629629629,95.14279424222327
2025-08-30,18,0.0,0.8539038123582752,26.05163888888889,1.0843714201501886
2025-08-31,0,0.05622557598971349,0.6740398809523787,27.141986111111116,1.7929203879346411
2025-08-31,6,0.8147404294187013,308.39333183106555,223.94522314814822,194.01342094685708
2025-08-31,12,0.9181497255156219,198.3144007227889,147.7520523148147,132.8105231578431
2025-08-31,18,0.0,0.7964459608843528,25.272266666666663,1.0981397852377677
2025-09-01,0,0.05515959116835623,2.6919381094104313,26.130765277777773,3.5710518575660806
2025-09-01,6,0.8266900565828535,400.6123202806125,275.46761018518544,255.01066140479492
2025-09-01,12,0.917468389482997,279.23536845238107,96.64991712962973,96.05799749043211
2025-09-01,18,0.0,0.9939258503401361,22.932875,0.697398136851359
2025-09-02,0,0.05178218865278289,0.6332246740362826,24.739818055555556,1.6723200784321384
2025-09-02,6,0.8239651260930955,250.90542461734697,232.14126898148163,209.64052767182426
2025-09-02,12,0.9158239829092163,295.98327426303854,127.29726990740745,123.51767872376942
2025-09-02,18,0.0,0.2992284013605444,26.024930555555557,0.9329858301291531
2025-09-03,0,0.04493729404184927,0.9613972080498859,24.66032638888889,1.840872872976414
2025-09-03,6,0.822002140137716,310.8380206349209,157.7802351851853,166.7737572005959
2025-09-03,12,0.9139774154062732,341.0325422052155,138.43254907407416,146.3502129272462
2025-09-03,18,0.0,0.9280211876417235,19.189566666666664,0.3238479300174178
2025-09-04,0,0.0440919839725681,1.1183917942176878,21.62224444444444,0.4245215846620703
2025-09-04,6,0.8225102415853192,442.56814968820856,212.92488333333338,179.88833009445847
2025-09-04,12,0.9129935441852558,273.00789386337874,134.04076990740734,143.1223916648361
2025-09-04,18,0.0,0.5705941043083895,17.902084722222227,0.18339721996286495
2025-09-05,0,0.044029324460322365,1.5313530470521561,19.70254166666667,0.7741587119609811
2025-09-05,6,0.826783780988207,136.13755378401382,162.64963518518505,131.5743953990368
2025-09-05,12,0.9162025624324552,344.4528315617915,188.7621736111111,182.81857279517376
2025-09-05,18,0.0,0.4057171626984127,21.57732777777778,0.9439092574106938
2025-09-06,0,0.0412458703329223,1.2032913407029493,20.090575,1.0265693805648999
2025-09-06,6,0.8146611291363242,476.9731885629252,173.99307916666646,175.21945081173476
2025-09-06,12,0.9199107835704979,516.8881498299316,76.11836898148152,82.28496862914125
2025-09-06,18,0.0,0.6248672193877557,19.038240277777774,1.1470901590587934
2025-09-07,0,0.04072464923476377,1.0425647108843519,19.90393611111111,1.1800040986040246
2025-09-07,6,0.8153937827475224,153.86555398242638,197.03870879629628,180.58663171884578
2025-09-07,12,0.925185467918438,284.02692090419504,123.20589305555548,134.10893208162332
2025-09-07,18,0.0,0.840039569160998,16.299158333333335,1.331029200967827
2025-09-08,0,0.03913156832225016,1.3029502976190486,18.221431944444443,2.2257418976575236
2025-09-08,6,0.8151704248060153,280.26955891439917,158.79805555555566,145.49026650738034
2025-09-08,12,0.9261425004552972,598.2699481150793,146.9804328703702,92.99699529532127
2025-09-08,18,0.0,1.2998522392290246,16.363036111111107,1.693325
2025-09-09,0,0.03903912656569223,1.4118703514739208,15.366994444444446,1.9427192413400922
2025-09-09,6,0.8120772219887085,391.0065684807257,138.69648333333333,133.13095745544624
2025-09-09,12,0.9275813052009736,339.3287617630385,176.04656064814807,169.47652832436594
2025-09-09,18,0.0,1.4422728174603179,15.340416666666666,1.495338888888889
2025-09-10,0,0.040191780030699065,1.8122053571428585,12.316352777777777,1.2366786993282624
2025-09-10,6,0.8089389723140794,507.7695176445581,92.50178148148153,159.33008516462098
2025-09-10,12,0.9155351011564568,510.0255901785713,141.23196990740732,123.04520553701246
2025-09-10,18,0.0,1.1521889455782313,13.069005555555556,1.164073656092872
2025-09-11,0,0.03680865369618962,1.301008418367349,13.307023611111111,1.8177817327428276
2025-09-11,6,0.8107330920578011,171.81627729591824,101.2763583333333,90.03717178655793
2025-09-11,12,0.9202055498925547,412.8746624007938,92.66880277777769,91.90758248626068
2025-09-11,18,0.0,1.0695010487528345,11.49586388888889,1.100062500205396
2025-09-12,0,0.037865773821764925,1.4471607568027207,9.41961527777778,0.936976155149466
2025-09-12,6,0.814420870401786,242.9899981150795,355.58733611111114,326.29714586747946
2025-09-12,12,0.9195909749098621,209.94406632653047,222.54234398148162,229.34561073772522
2025-09-12,18,0.0,0.7943409297052155,10.347029166666667,0.822007498603306
2025-09-13,0,0.03807081333588434,1.0602467970521527,9.009779166666668,0.6733014718810382
2025-09-13,6,0.8091989309412714,538.5128491354875,322.2724888888889,345.5125679933569
2025-09-13,12,0.9194308546473999,238.60623700396835,114.49739629629646,111.77130039878482
2025-09-13,18,0.0,0.6218220379818594,9.203866666666668,0.6096080874741201
2025-09-14,0,0.039893629170303826,0.8620359410430842,6.921579166666667,0.5720136726920322
2025-09-14,6,0.8104262999593703,325.80963412698407,175.82246898148162,110.96214372749088
2025-09-14,12,0.9187940370157325,300.68389132653056,140.43466203703701,119.23159321298552
2025-09-14,18,0.0,0.5368325255102041,8.048234722222224,0.5262255060961583
2025-09-15,0,0.03840809454889096,0.37793126417233547,6.572506944444445,0.7212857365135787
2025-09-15,6,0.8204235275250757,466.31046619897967,182.2272791666665,142.84485640739402
2025-09-15,12,0.9196765283184485,164.3624634778913,97.88185092592593,98.73863930255892
2025-09-15,18,0.0,0.2450321145124717,5.816301388888889,0.23949709898452134
2025-09-16,0,0.04054630158598052,0.4821669075963723,5.771006944444444,0.8955007625276475
2025-09-16,6,0.8180867302609452,308.16984200680275,205.64586944444454,136.78350689716663
2025-09-16,12,0.917244075389845,228.36092240646258,122.55174166666653,92.53071519097203
2025-09-16,18,0.0,0.14801038832199545,5.309009722222223,0.1524718321748989
2025-09-17,0,0.042143187945142914,0.3210685374149666,3.994498611111112,0.6934462382049027
2025-09-17,6,0.8387163016614363,404.27806782879827,186.89161481481474,183.7157538784098
2025-09-17,12,0.9147946821278237,151.5139120323129,103.64936527777773,93.67686938629976
2025-09-17,18,0.0,0.08194455782312925,3.780743055555555,0.09270847012718131
2025-09-18,0,0.04190282087257625,0.4482835742630389,2.6063263888888892,0.792998126941495
2025-09-18,6,0.835900222512901,228.33390697278912,246.75374305555547,184.36779007300953
2025-09-18,12,0.9110678749989827,193.32728210034028,147.83616898148162,105.14216681035947
2025-09-18,18,0.0,0.14688560090702948,2.867011111111111,0.16942605717407738
2025-09-19,0,0.04272986100355265,0.5713737953514743,1.2741138888888888,0.732058742032534
2025-09-19,6,0.8368537051738854,414.50918555839,109.90826203703702,156.30042686107626
2025-09-19,12,0.9104861249784271,164.80828767006804,107.5651111111112,96.70604178876283
2025-09-19,18,0.0,0.15963829365079366,1.3086666666666666,0.1941383051529791
2025-09-20,0,0.043521546593632096,0.36416016156462583,0.38098564814814817,0.35305277777777777
2025-09-20,6,0.830160692256225,292.1735002409297,250.64170740740732,243.50016330809345
2025-09-20,12,0.9070772764601046,196.43646751700683,200.51077083333328,187.84054466972646
2025-09-20,18,0.0,0.20348302154195008,0.34630277777777774,0.2531083220365441
2025-09-21,0,0.042612824255329446,0.20301937358276645,0.1970888888888889,0.1969409670433066
2025-09-21,6,0.8307508919568459,391.36406172052153,343.9709958333333,295.9715718805394
2025-09-21,12,0.9064986571162376,269.37336224489815,155.36041898148153,144.33966872685448
2025-09-21,18,0.0,0.20872407879818594,0.20272777777777778,0.2683378877879654
2025-09-22,0,0.040921696375659546,0.1707501558956916,0.1684027777777778,0.16814318972825762
2025-09-22,6,0.8271849736283589,146.5608794784579,243.34154583333327,211.68556901593817
2025-09-22,12,0.9065854374892818,135.31330182823118,92.63428518518509,86.73356158344356
2025-09-22,18,0.0,0.18662261904761906,0.18508333333333335,0.24802471306155313
2025-09-23,0,0.04086138944497887,0.15580012755102043,0.15549722222222223,0.15521276629306044
2025-09-23,6,0.8122532905590868,239.61552473072547,92.98303333333328,86.65857561019286
2025-09-23,12,0.8991323946048538,192.87249557823125,120.79264861111112,114.67214642366258
2025-09-23,18,0.0,0.13263731575963716,0.13237222222222222,0.19638741866311746
2025-09-24,0,0.03389082601397239,0.14271388888888892,0.14271388888888892,0.14242768424872818
2025-09-24,6,0.818090642301893,199.6045301020408,132.97648194444452,121.6406285037624
2025-09-24,12,0.9004462122471509,204.43514722222235,99.64316296296299,96.33482699452463
2025-09-24,18,0.0,0.13570000000000002,0.13570000000000002,0.2035438212724704
2025-09-25,0,0.03608064934092126,0.10496111111111112,0.10496111111111112,0.10465996865261046
2025-09-25,6,0.8202044635446356,192.53004083049856,399.6829402777777,340.0364761425803
2025-09-25,12,0.9011051552051857,157.8075236111111,161.56594074074084,148.11837465416568
2025-09-25,18,0.0,0.10024444444444444,0.10024444444444444,0.17721690061290218
2025-09-26,0,0.04005343280247132,0.10724444444444443,0.10724444444444443,0.10692653493481612
2025-09-26,6,0.8181380031120142,400.8571406887756,190.1361365740741,169.78856092603672
2025-09-26,12,0.9032892179955735,142.99461948696168,144.0330652777776,149.61922265153697
2025-09-26,18,0.0,0.0925155612244898,0.09254166666666667,0.17207452799960568
2025-09-27,0,0.025448959048381598,0.08360653344671201,0.08546944444444443,0.08503672561422118
2025-09-27,6,0.8265342250626528,309.01921140873014,84.15370509259259,90.70430260940975
2025-09-27,12,0.8891567755261007,412.6832419784581,80.0179421296296,106.11554458987992
2025-09-27,18,0.0,0.06990053854875283,0.07166388888888889,0.15532635766867134
2025-09-28,0,0.02338623359623705,0.04649981575963719,0.04950555555555555,0.04955482679708803
2025-09-28,6,0.8155155974121221,215.70138453798188,334.91256018518527,227.85801995034296
2025-09-28,12,0.8983400422702987,227.29433119331077,117.63214537037041,102.63220245161611
2025-09-28,18,0.0,0.05627379535147392,0.05876666666666666,0.1427994059942818
2025-09-29,0,0.023817007986719617,0.03616224489795919,0.03793333333333333,0.03813883849185766
2025-09-29,6,0.8110945175926354,105.9265789257372,393.42571666666663,335.643000365945
2025-09-29,12,0.909572205111087,175.2414822420635,91.40584583333333,88.60142638735773
2025-09-29,18,0.0,0.04303177437641723,0.04611111111111112,0.12543555428209935
2025-09-30,0,0.024695551369644925,0.026566794217687078,0.026194444444444447,0.026543162073618922
2025-09-30,6,0.7880250459210183,192.90465114795907,164.76335000000012,177.55938425587468
2025-09-30,12,0.9156416608094745,317.9659223356009,207.77855416666662,171.74041445382292
2025-09-30,18,0.0,0.022928429705215417,0.022719444444444445,0.09877895613559436
2025-10-01,0,0.022191685272814832,0.012044912131519274,0.009274999999999999,0.009777899274233826
2025-10-01,6,0.7751106573471611,1135.188277876984,431.2638425925927,554.2379887604727
2025-10-01,12,0.9163613463359253,700.2664674886621,199.46343240740737,218.12077745751807
2025-10-01,18,0.0,0.01456581632653061,0.012750000000000001,0.08455193544809231
2025-10-02,0,0.023974866235472216,0.030382780612244895,0.026838888888888888,0.02739151735876286
2025-10-02,6,0.7753480284533703,443.1888161564624,273.0555578703704,292.2854959910979
2025-10-02,12,0.9110806027649384,805.2657962159865,192.14099305555555,213.91446693106786
2025-10-02,18,0.0,0.039913846371882084,0.03666944444444445,0.09608931981004966
2025-10-03,0,0.02275990816113194,0.0585592828798186,0.055586111111111114,0.056093967055759836
2025-10-03,6,0.8113231330338183,373.18705195578247,177.46755462962963,160.8438368440619
2025-10-03,12,0.9297424757302926,415.2689133361678,143.1798958333335,126.36804419882316
2025-10-03,18,0.0,0.07065096371882086,0.06790555555555554,0.11466986078247728
2025-10-04,0,0.021683931323163454,0.11041302437641724,0.10528888888888889,0.10573085430062809
2025-10-04,6,0.8174479307196431,164.2447313492063,139.34963518518512,153.08855995735183
2025-10-04,12,0.9402925578741745,143.17083408446706,170.01421250000004,167.83950816714764
2025-10-04,18,0.0,0.11858251133786848,0.10996944444444443,0.14422243357487924
2025-10-05,0,0.022942902837574733,0.15636662414965985,0.1504388888888889,0.1508245236280146
2025-10-05,6,0.8206537359888962,230.3348022534012,202.7282226851852,182.2037578334466
2025-10-05,12,0.9398972868102645,232.91347569444432,141.1245041666666,129.18723586692033
2025-10-05,18,0.0,0.15082644557823127,0.13973055555555555,0.16484474719839626
2025-10-06,0,0.022850111653298134,0.1840925311791383,0.17801944444444442,0.1783695467914601
2025-10-06,6,0.8202944422799457,125.41628500566883,137.23641805555548,132.4294518157268
2025-10-06,12,0.93272029448489,214.06019411848067,164.43749861111124,159.91554533449445
2025-10-06,18,0.0,0.1626599489795918,0.15350555555555553,0.1711281094925893
2025-10-07,0,0.022383315524432085,0.14969631519274376,0.1456361111111111,0.14595730412227836
2025-10-07,6,0.824034127137764,284.89587335600896,141.0338388888889,93.38087872322963
2025-10-07,12,0.9355505414897832,144.78932638888884,148.3833625,118.31178248507803
2025-10-07,18,0.0,0.15116159297052156,0.14613333333333334,0.1585037979805449
2025-10-08,0,0.01902502763050101,0.12466121031746032,0.1232888888888889,0.12358572829655717
2025-10-08,6,0.8204718565164278,202.36411713435388,143.31945370370366,156.4600802909494
2025-10-08,12,0.9384986144153936,308.2939916808389,117.7622537037036,126.91735508009927
2025-10-08,18,0.0,0.13805592403628117,0.13616944444444445,0.1454747009431792
2025-10-09,0,0.019771740481748047,0.11551111111111112,0.11551111111111112,0.11580232404608608
2025-10-09,6,0.8154979148021553,215.8323605017005,215.31103472222216,207.53641705024205
2025-10-09,12,0.9401282441684923,220.53280320294795,132.57978472222214,120.13736418508853
2025-10-09,18,0.0,0.13181944444444443,0.13181944444444443,0.13719264681718096
2025-10-10,0,0.014899147487495384,0.09411388888888889,0.09411388888888889,0.09439728161584346
2025-10-10,6,0.8215270263034924,174.58328239795912,255.85214722222204,220.74685624632437
2025-10-10,12,0.9428282449059284,381.41206302437644,167.56287546296295,155.82252230297166
2025-10-10,18,0.0,0.09917499999999999,0.09917499999999999,0.1064265626540471
2025-10-11,0,0.018886149019217674,0.07715731292517007,0.07724166666666667,0.07753138184199813
2025-10-11,6,0.8211021171369458,345.0620915249432,182.34574027777776,167.9796592643321
2025-10-11,12,0.9424308241609031,173.21251432823124,123.39033796296306,115.79388563509653
2025-10-11,18,0.0,0.08982144274376416,0.089975,0.09822039173157186
2025-10-12,0,0.022222111776155237,0.06695800736961452,0.06852777777777778,0.06865805496283425
2025-10-12,6,0.8147006790693356,160.76926081349205,257.4530203703703,201.02484208377913
2025-10-12,12,0.9438626742240936,289.49332293083904,246.47620138888897,215.2994450663792
2025-10-12,18,0.0,0.06914895124716552,0.070775,0.08247757813270236
2025-10-13,0,0.021242912429470313,0.04976291099773241,0.060102777777777776,0.060199653755857355
2025-10-13,6,0.815459508239111,266.1262525226756,160.73822499999997,153.8574152623461
2025-10-13,12,0.9411249054443592,186.8961834325396,276.03505,265.90725920865236
2025-10-13,18,0.0,0.046962329931972795,0.05545833333333333,0.06886923473495678
2025-10-14,0,0.024325600936950173,0.026746102607709724,0.04556944444444445,0.04588710984379188
2025-10-14,6,0.8113848038726238,198.95995249433105,350.13941805555544,309.50490157372434
2025-10-14,12,0.9329950168601036,259.02250367063505,175.153762037037,142.58694405784684
2025-10-14,18,0.0,0.01945155895691612,0.04223611111111111,0.06599175108449187
2025-10-15,0,0.016159449121206405,0.004074858276643983,0.030072222222222222,0.030631704875670754
2025-10-15,6,0.8164426196119262,234.2248524518142,283.3493125000001,272.70883889106653
2025-10-15,12,0.9299147087671104,448.46660364229024,120.7371430555555,113.95130934916853
2025-10-15,18,0.0,0.0026668367346938783,0.03005277777777778,0.06121437095369561
2025-10-16,0,0.01288616438809122,0.021199149659863928,0.014458333333333332,0.018024068455472893
2025-10-16,6,0.7907358456211465,143.03410592403628,164.2699472222223,135.77869672204346
2025-10-16,12,0.9177171081126857,550.8826631944446,148.0106472222223,137.08236005955573
2025-10-16,18,0.0,0.022766893424036275,0.01615277777777778,0.050210603371783624
2025-10-17,0,0.014413536470187024,0.03478975340136055,0.0012777777777777779,0.01227209025056507
2025-10-17,6,0.7856920832285637,214.57434608843525,241.75994722222217,230.77192340226898
2025-10-17,12,0.913786414341467,213.817232086168,158.68878379629643,112.94592192833989
2025-10-17,18,0.0025467789819287124,0.028371782879818588,0.00948611111111111,0.03848121876734989
2025-10-18,0,0.015334606231961105,0.035946315192743765,0.0037444444444444443,0.007013210961781014
2025-10-18,6,0.7885014778041881,188.7912375566894,237.2543226851853,182.56162744026676
2025-10-18,12,0.9118093613559206,199.7048147392289,106.7332986111111,100.48818198310535
2025-10-18,18,0.002756577326910047,0.03664203514739229,0.0014055555555555555,0.044885947600220015
2025-10-19,0,0.015791226898277493,0.032842970521541955,0.005758333333333333,0.00841796665045465
2025-10-19,6,0.7775487871280086,174.29699373582767,133.94739305555538,124.9684653136777
2025-10-19,12,0.9063716029114429,312.64282335600893,132.97313287037025,134.39009257910914
2025-10-19,18,0.003782254595819971,0.035255073696145126,0.006844444444444445,0.03714680841435132
2025-10-20,0,0.019205627278160317,0.029782242063492066,0.009266666666666666,0.013072437903615872
2025-10-20,6,0.7720036500195673,405.82822875566916,146.26698750000003,171.17791798353062
2025-10-20,12,0.904734566952726,142.90432195294807,163.69286342592594,134.55901851869754
2025-10-20,18,0.004882549468042806,0.031992842970521546,0.010472222222222223,0.034835236285222775
2025-10-21,0,0.022642180187060264,0.02627558106575964,0.013030555555555554,0.03677875755838302
2025-10-21,6,0.7695034362236101,382.87710055272123,100.49384444444435,151.35303077205057
2025-10-21,12,0.90519087573924,249.6867029761905,143.07225462962953,104.17184608119861
2025-10-21,18,0.009524486914916797,0.029096017573696138,0.014680555555555554,0.0337611255821449
2025-10-22,0,0.027262277394837837,0.023192346938775504,0.016327777777777778,0.050756100468510715
2025-10-22,6,0.7694716548707711,367.277909197846,106.38533194444437,124.34892436574546
2025-10-22,12,0.9044591350642647,232.76994946145118,121.3851513888888,107.2680533848078
2025-10-22,18,0.012740787896922878,0.027827636054421772,0.019408333333333336,0.03656265802405517
2025-10-23,0,0.029600383453864683,0.01636537698412698,0.014030555555555555,0.06147968647263383
2025-10-23,6,0.7804900388514457,266.83288860544206,265.817675,194.80730631762265
2025-10-23,12,0.900469651574582,146.28182419217677,119.92831990740741,118.0751968584983
2025-10-23,18,0.017433109077257605,0.018789129818594104,0.014947222222222223,0.051474209939118935
2025-10-24,0,0.03417902158236674,0.014994614512471654,0.014805555555555556,0.07314880846417841
2025-10-24,6,0.7615571724076533,152.00527959183657,179.56914490740738,123.76112987368964
2025-10-24,12,0.898289841677226,148.05119744897956,132.90946527777774,104.98593243901323
2025-10-24,18,0.022431731260304198,0.01552577947845805,0.014122222222222222,0.06396063526743113
2025-10-25,0,0.03675832340829091,0.013497222222222223,0.013497222222222223,0.0896031723273936
2025-10-25,6,0.752529562598537,210.34576979875283,117.88199166666658,115.52122492823926
2025-10-25,12,0.8999673947653607,112.13318472222223,141.42125555555552,126.0503914295171
2025-10-25,18,0.02831278167164749,0.012538888888888888,0.012538888888888888,0.07770240571858684
2025-10-26,0,0.038390038730509765,0.012172222222222221,0.012172222222222221,0.08597465966810443
2025-10-26,6,0.7359862329538486,162.21290568310664,265.7667791666669,189.40720116761733
2025-10-26,12,0.8995194525838076,144.45338687641717,139.09585324074067,126.27354936984749
2025-10-26,18,0.03225601592707613,0.012158333333333333,0.012158333333333333,0.08255537846107688
2025-10-27,0,0.041222904885879645,0.008942006802721086,0.0103,0.08450032191720006
2025-10-27,6,0.7408351065820323,454.76634379251686,362.24400416666657,361.31684729743563
2025-10-27,12,0.8993754760901675,274.8719430980726,107.6095763888888,71.33028216583415
2025-10-27,18,0.03702594159675597,0.006607227891156465,0.009569444444444445,0.08390893707861931
2025-10-28,0,0.03947465132014224,0.004375226757369611,0.008569444444444444,0.0816732276399143
2025-10-28,6,0.7337599176352372,124.31955453514735,147.84398796296307,101.15418564714594
2025-10-28,12,0.8978714974786369,163.9628315617914,154.8881708333333,119.26835441087403
2025-10-28,18,0.040873304191646226,0.0035607426303854877,0.008547222222222223,0.08853429180552724
2025-10-29,0,0.043554391158445664,0.001328784013605446,0.007261111111111111,0.07961817368268019
2025-10-29,6,0.7433229224271805,491.29841969954646,121.27428055555553,95.96906196075747
2025-10-29,12,0.8980992934832226,203.2880553996596,141.41062499999992,101.14224206418808
2025-10-29,18,0.04768843652312265,0.0022777919501133777,0.008636111111111112,0.08420568509913234
2025-10-30,0,0.049693163917726976,0.0015861394557823117,0.005347222222222222,0.07369643381925489
2025-10-30,6,0.7392625559639192,172.50899053287966,255.7293777777778,166.49033192984825
2025-10-30,12,0.8918240878994224,121.77369000850366,84.52719166666662,67.78240981798267
2025-10-30,18,0.05796707762189655,0.0014681972789115654,0.005430555555555556,0.08733513719659615
2025-10-31,0,0.05914621554166474,0.0030927579365079383,0.0045249999999999995,0.0729335181794745
2025-10-31,6,0.7430069898262551,279.4248907029478,138.75165555555552,141.74359188705955
2025-10-31,12,0.8860803994027407,266.179383659297,92.50281898148154,100.40914376964301
2025-10-31,18,0.06763468439099407,0.0033706632653061233,0.004016666666666667,0.08849440172579562
2025-11-01,0,0.06906546609512179,0.003984141156462584,0.0035694444444444445,0.07336189088150173
2025-11-01,6,0.7398052229905866,70.95905392573701,130.0287055555555,90.91794725800673
2025-11-01,12,0.886228108271251,117.24430513038546,118.82099907407402,92.69873501788261
2025-11-01,18,0.07932007330460547,0.004078557256235829,0.0031999999999999997,0.08178107292343295
2025-11-02,0,0.08076280102027862,0.004961153628117913,0.00205,0.06879878997065192
2025-11-02,6,0.7380285572948961,118.73153082482986,147.59319629629624,100.89993713874037
2025-11-02,12,0.8828631978628555,175.12880038265314,118.3819856481482,107.3053635761214
2025-11-02,18,0.0896441783422042,0.004768594104308389,0.002061111111111111,0.07355788496719867
2025-11-03,0,0.0929376418183788,0.004743083900226758,0.0012583333333333333,0.06014879793954267
2025-11-03,6,0.7405842998879383,298.3022140306123,147.43403055555552,129.02812078556283
2025-11-03,12,0.8777873613373122,214.77828815192743,153.73818796296305,148.4636797541986
2025-11-03,18,0.09649748247544447,0.004741638321995465,0.001172222222222222,0.06495039103391649
2025-11-04,0,0.09922753518699871,0.0047335034013605455,0.00018333333333333334,0.04879208479141731
2025-11-04,6,0.7373179911122835,188.47533391439924,189.28954074074056,134.92567444328924
2025-11-04,12,0.8815799559588605,297.18680316043094,140.00407361111112,106.63087967970968
2025-11-04,18,0.097604134221228,0.006246924603174603,0.0012861111111111111,0.05259665865575044
2025-11-05,0,0.09981445442165275,0.0067095521541950115,0.0029694444444444443,0.03656153875430212
2025-11-05,6,0.7346912395574654,91.50382529761907,158.56136064814814,111.20490957101826
2025-11-05,12,0.8767816687635345,121.22274873866205,117.31841805555551,81.91101856734294
2025-11-05,18,0.09205510630570499,0.005532610544217687,0.0017805555555555556,0.04243743837994505
2025-11-06,0,0.09243637001253231,0.006698908730158731,0.004072222222222223,0.03136758881548532
2025-11-06,6,0.7221121877732283,332.6948144416099,104.1215310185184,139.85694335942446
2025-11-06,12,0.8765340092918092,225.6748327947846,150.23676111111118,125.68069579185635
2025-11-06,18,0.08640666226016215,0.0068194019274376416,0.004361111111111111,0.03552262595134328
2025-11-07,0,0.08783057518369243,0.00726529195011338,0.005488888888888889,0.02804669904855045
2025-11-07,6,0.7201531263944275,232.85572287414976,344.4737217592591,238.94290603954383
2025-11-07,12,0.8697287488088226,471.688945096372,82.93418240740748,97.66732308910227
2025-11-07,18,0.07510239095060037,0.008351473922902494,0.00675,0.03205249332235948
2025-11-08,0,0.07525416524570538,0.011193083900226757,0.010122222222222222,0.031205663672837208
2025-11-08,6,0.7338961742284696,163.16936884920653,114.88110972222213,86.85349253020325
2025-11-08,12,0.8732153651467414,137.32596326530614,104.58405324074084,89.9198811786106
2025-11-08,18,0.06462331550812157,0.00878268140589569,0.007808333333333334,0.029930051732137516
2025-11-09,0,0.06731272437100821,0.011238803854875284,0.01071388888888889,0.03668552568151844
2025-11-09,6,0.7073537977077826,176.70536011904767,151.2427314814814,143.96891686310457
2025-11-09,12,0.8802976150904223,154.26248604024957,105.68284398148144,75.04746411104671
2025-11-09,18,0.053607673862921174,0.01266215986394558,0.012177777777777779,0.025302134165188728
2025-11-10,0,0.05414906554643426,0.010505909863945577,0.010291666666666666,0.04337288237070073
2025-11-10,6,0.7073761947966402,172.2494897250566,295.4067592592593,213.2213439554768
2025-11-10,12,0.8849042864998643,220.8265716128118,81.98266111111118,68.26131381826113
2025-11-10,18,0.031868621847208185,0.0104484410430839,0.010275,0.027684384072115938
2025-11-11,0,0.05450396374150431,0.01009934807256236,0.010072222222222222,0.043883958868838745
2025-11-11,6,0.7016598251403617,149.33669022108833,94.49478009259255,88.16249391873964
2025-11-11,12,0.8856145122325035,99.22490908446701,80.35334027777775,50.806199992208846
2025-11-11,18,0.02515617680857833,0.01040277777777778,0.01040277777777778,0.027399121608700835
2025-11-12,0,0.08052835515419429,0.009458333333333334,0.009458333333333332,0.03898809143611872
2025-11-12,6,0.6898109783531482,175.45075089285714,263.8566981481482,221.23570696855597
2025-11-12,12,0.891470104399987,204.11869583333333,144.0075138888888,116.02174898933279
2025-11-12,18,0.028335421407878397,0.008638888888888889,0.008638888888888889,0.028609735108305057
2025-11-13,0,0.1621363245572574,0.007767573696145126,0.009597222222222222,0.03556198344888419
2025-11-13,6,0.6831888084154163,280.43452076247144,115.45766527777772,149.36368438494156
2025-11-13,12,0.8901107272784103,233.99307528344676,169.9886277777777,168.63521265635725
2025-11-13,18,0.05532413200864818,0.0074100198412698414,0.009102777777777777,0.029097270981362514
2025-11-14,0,0.3578064636941953,0.002945365646258504,0.007588888888888889,0.033190384782422
2025-11-14,6,0.6860657999715626,169.91339250283443,272.9766208333333,187.35206918105595
2025-11-14,12,0.8984833018129275,167.6735043650794,103.66367777777779,96.04500310775715
2025-11-14,18,0.12814623546430254,0.0028427437641723374,0.007302777777777779,0.031446488692679714
2025-11-15,0,0.6499814834060815,4.223356009072114e-06,0.006827777777777777,0.03166318533075538
2025-11-15,6,0.6793985690041769,87.38534450113373,111.63209398148149,86.50821834128925
2025-11-15,12,0.9034636188059321,87.67517521258492,105.75876249999996,80.59917980529457
2025-11-15,18,0.5217916912968527,0.001280839002267572,0.007469444444444445,0.03113280435990988
2025-11-16,0,0.5437095663023149,0.0016227607709750555,0.0061444444444444446,0.03276311334783591
2025-11-16,6,0.6748933715095609,181.6493648951247,129.8539319444445,93.6530125287921
2025-11-16,12,0.9032110291457361,156.02525918367354,99.70738472222226,73.14252516251457
2025-11-16,18,0.5510577744417149,0.0011381802721088443,0.006536111111111111,0.032419915204038995
2025-11-17,0,0.5374075409235857,0.0034075821995464845,0.0047194444444444445,0.031607641090719556
2025-11-17,6,0.6821578121830552,106.83078738662135,184.8379638888888,137.26514302778946
2025-11-17,12,0.9038736734568095,167.82681697845814,110.62972083333341,87.09871535514796
2025-11-17,18,0.5453162000502617,0.0021508219954648523,0.005761111111111111,0.030483541142737627
2025-11-18,0,0.5340299947806054,0.0028580498866213164,0.005108333333333334,0.02876572563025712
2025-11-18,6,0.6896541189746959,181.49136465419494,117.11031481481486,101.1550717687465
2025-11-18,12,0.9055362545553266,227.41145999149663,94.20159120370374,90.19520129246354
2025-11-18,18,0.5422297796542674,0.003136805555555554,0.004813888888888889,0.028827163810083094
2025-11-19,0,0.5328637198881672,0.002983871882086169,0.004644444444444444,0.026836709935182553
2025-11-19,6,0.6830469938689268,155.37242993197287,289.09352083333334,144.71778791536846
2025-11-19,12,0.9073081496898308,93.61818297902506,75.41709953703705,50.77982797475122
2025-11-19,18,0.5400799052664236,0.0030810232426303845,0.004461111111111111,0.027110890513489073
2025-11-20,0,0.531199342044475,0.0027434948979591835,0.004344444444444445,0.024838750209549378
2025-11-20,6,0.6831369604645351,203.42443973922897,86.24995509259257,79.50574468212804
2025-11-20,12,0.9090993587119589,139.62303150510206,62.24114999999992,44.904817383852816
2025-11-20,18,0.538915810071306,0.0031105867346938776,0.004024999999999999,0.025411496151308055
2025-11-21,0,0.5299809309026293,0.0034563917233560097,0.002888888888888889,0.02444138083609691
2025-11-21,6,0.6816703107161648,182.2980023951249,253.7714166666666,199.7257245609975
2025-11-21,12,0.9121832499072118,81.10627271825393,62.66580648148148,65.75036219761756
2025-11-21,18,0.5379850232790464,0.0034139880952380962,0.0030388888888888887,0.02464461478428297
2025-11-22,0,0.5289176308919175,0.0033076388888888886,0.002275,0.023157264010883527
2025-11-22,6,0.6796780506633239,132.36574906462593,159.56853611111117,108.26121322250462
2025-11-22,12,0.912310461414315,89.77682603458044,71.35046435185178,52.06399716593838
2025-11-22,18,0.5373562121521792,0.0033086026077097496,0.0024861111111111112,0.023562875407586795
2025-11-23,0,0.530424808648357,0.0028504535147392297,0.001986111111111111,0.021869030626369024
2025-11-23,6,0.666753854204725,215.64711591553305,83.66513101851857,87.53699473499572
2025-11-23,12,0.9077850958876803,313.220970521542,81.77187870370375,70.94422629743916
2025-11-23,18,0.538245765503255,0.002973497732426304,0.002013888888888889,0.022636752712959184
2025-11-24,0,0.531636582056694,0.0025764172335600915,0.0015833333333333333,0.02125402786888257
2025-11-24,6,0.6819090278873937,339.44569720805,120.21022499999997,109.40879741681017
2025-11-24,12,0.9083443784343189,116.91156534863954,93.81414999999998,91.09229408262262
2025-11-24,18,0.5393110721569566,0.0026489370748299314,0.0016055555555555556,0.021871125858487744
2025-11-25,0,0.5323652083593877,0.0027274659863945586,0.0009083333333333334,0.02115605141286107
2025-11-25,6,0.7034004812423637,109.03159922052161,70.09789861111102,51.07279072295993
2025-11-25,12,0.9098198924815017,115.57142046485258,74.86713564814816,59.5286273575083
2025-11-25,18,0.5401921295052062,0.0024074688208616784,0.0011749999999999998,0.021342708700535177
2025-11-26,0,0.5325567400808292,0.0022350907029478465,0.0007166666666666667,0.020671310277870905
2025-11-26,6,0.7072160686484139,92.61577382369614,223.0002805555556,148.50598905578093
2025-11-26,12,0.9140880267375051,124.05563030045361,75.92518888888891,56.35318729040827
2025-11-26,18,0.5403907257104482,0.00228452380952381,0.0007055555555555555,0.021229055716375487
2025-11-27,0,0.5322346240335017,0.002226743197278912,9.444444444444444e-05,0.020879440450361168
2025-11-27,6,0.6254761825460879,166.68266130952384,212.32395277777766,178.9564002846322
2025-11-27,12,0.8864554940382086,173.2040412414966,101.71954074074077,92.05012476464928
2025-11-27,18,0.5402596213849984,0.0017133786848072558,0.0006694444444444444,0.02081812825117701
2025-11-28,0,0.531668088467749,0.001684070294784581,4.1666666666666665e-05,0.020237719635358403
2025-11-28,6,0.6110187005239778,94.53570256519274,149.27933425925931,102.95164664747502
2025-11-28,12,0.8554980012757025,115.97299726473915,61.323293055555496,50.51698742917662
2025-11-28,18,0.5399129902994398,0.0017811366213151929,6.944444444444444e-05,0.02065234239222282
2025-11-29,0,0.5314009876387865,0.0012319302721088441,5.555555555555556e-05,0.01920449198600513
2025-11-29,6,0.5996931116364095,178.6327038973921,92.86216620370377,54.75820562395843
2025-11-29,12,0.85795349784813,418.4350823270976,107.32953333333332,72.16079118715749
2025-11-29,18,0.539612981141006,0.0015469671201814063,0.00017777777777777779,0.019349014790207737
2025-11-30,0,0.5305688664072229,0.0010655612244897964,0.00025277777777777777,0.017331097180133814
2025-11-30,6,0.5947583836822119,132.19328972505656,84.0483666666667,54.75623109994666
2025-11-30,12,0.8631992120484836,241.1476943452381,83.12699166666671,84.35338391087714
2025-11-30,18,0.5367847172827462,0.0012611819727891156,0.0002916666666666667,0.01748864421460482
2025-12-01,0,0.5288646747675347,0.0007937358276643995,0.0002916666666666667,0.014990411004278023
2025-12-01,6,0.5992162306822105,168.45972440476191,124.53969768518515,129.62306675135417
2025-12-01,12,0.8616634033634889,152.63203269557843,86.2415634259259,79.99462012992414
2025-12-01,18,0.5306560439779925,0.0010166524943310657,0.00036666666666666667,0.01527516571235651
2025-12-02,0,0.5266542972048566,0.000700694444444445,0.0004416666666666667,0.012173718830842475
2025-12-02,6,0.6004559870981855,226.22941038832198,121.06569722222227,98.59567026987405
2025-12-02,12,0.8636086534192303,106.00873038548757,78.78851481481475,56.68794285337585
2025-12-02,18,0.5260359211121259,0.0009685090702947844,0.0005694444444444444,0.012764117176009478
2025-12-03,0,0.5255789892552726,0.0006732709750566898,0.0005527777777777777,0.009909178574884301
2025-12-03,6,0.5980439229152025,164.42594672619038,103.28409120370371,116.70194545586929
2025-12-03,12,0.870267797921381,128.42794648526078,103.80453657407416,76.67597652949398
2025-12-03,18,0.5245723315112749,0.0006663548752834468,0.0004944444444444445,0.010640592020461822
2025-12-04,0,0.5254530200925019,0.0005528202947845806,0.0006277777777777779,0.008039149820855553
2025-12-04,6,0.598370681336312,117.12230232426307,71.38088194444445,68.24269798404296
2025-12-04,12,0.8657455401518194,204.1725687358278,78.57612361111119,84.11366048666622
2025-12-04,18,0.5243699447120143,0.000522137188208617,0.00065,0.00851466378124192
2025-12-05,0,0.5254540563155263,0.00040328798185941046,0.0006666666666666666,0.006422789598925122
2025-12-05,6,0.6028318020072626,118.5877829790249,197.8809500000001,153.6218623127571
2025-12-05,12,0.8612733503603991,166.39867069160996,60.617455555555516,59.33963050006821
2025-12-05,18,0.5243717395124231,0.0005165816326530612,0.0008388888888888888,0.00650712225731959
2025-12-06,0,0.5254470885130309,0.00040651927437641725,0.0008305555555555556,0.004979778339466606
2025-12-06,6,0.608285618458815,204.12152828798185,138.57567222222224,59.80864710351337
2025-12-06,12,0.8586884044663261,132.40520790816328,94.65885277777787,77.82632250015428
2025-12-06,18,0.5243611828945459,0.00024869614512471657,0.0007611111111111112,0.005246386954984419
2025-12-07,0,0.5254943506387573,0.0004198554421768706,0.0010055555555555555,0.003770718841582546
2025-12-07,6,0.5981669231186741,202.1879958758505,143.76382083333323,109.51943619824789
2025-12-07,12,0.8603847383381353,78.94203935657603,67.5782861111111,59.95456984644154
2025-12-07,18,0.5244554154694292,0.0002476473922902493,0.0008861111111111111,0.003889118228808131
2025-12-08,0,0.52641938389091,0.0002578373015873014,0.000986111111111111,0.002889015792685967
2025-12-08,6,0.6069316673074235,183.82892671485249,322.45306388888883,236.39453226211637
2025-12-08,12,0.8697206121495611,116.41623426870761,59.096830555555506,50.2628396260655
2025-12-08,18,0.5253064547422652,0.00022096088435374155,0.0009722222222222223,0.0028540312416758216
2025-12-09,0,0.5980350646287448,6.08134920634921e-05,0.0009083333333333334,0.0025573529638637893
2025-12-09,6,0.5972940104647738,233.18179964569157,97.80693148148151,147.18737855057944
2025-12-09,12,0.8778225624934102,124.70222154195007,84.37646481481477,77.57208494929858
2025-12-09,18,0.5696963100810297,0.00015038265306122439,0.0010055555555555555,0.0023504940990775186
2025-12-10,0,0.7018154792977742,0.00026184807256235843,0.0011833333333333333,0.0022054175567836503
2025-12-10,6,0.5939476074284947,154.5399937641723,87.79048379629626,75.23842835189336
2025-12-10,12,0.8836897060099866,134.26350412414965,45.32487638888896,59.99732110798337
2025-12-10,18,0.6644720600672275,1.5887188208616835e-05,0.000911111111111111,0.0024428860649251607
2025-12-11,0,0.805483878579713,7.964852607709996e-06,0.0010333333333333334,0.0024636795758820737
2025-12-11,6,0.6046201186212558,86.15396561791385,115.75947777777782,71.22233077380027
2025-12-11,12,0.8774318977172729,325.6498676303853,79.73449722222225,66.78668715472956
2025-12-11,18,0.7590562352253828,0.00011788548752834475,0.0011083333333333333,0.0023769333009250825
2025-12-12,0,0.8645512320486086,0.00011075680272108849,0.000977777777777778,0.002621066821913936
2025-12-12,6,0.6073738628079498,112.0116015447847,266.045010185185,112.81614253078695
2025-12-12,12,0.8695357672355406,251.29500649092986,105.23441805555552,106.6215733927445
2025-12-12,18,0.8117562387839338,4.2545351473922896e-05,0.0010222222222222221,0.002569296536399136
2025-12-13,0,0.8258272854286325,4.526643990929693e-05,0.0010888888888888888,0.0024821756775764256
2025-12-13,6,0.6113616701842027,92.02738971088426,61.581568518518566,73.46723589320169
2025-12-13,12,0.8827321939571121,171.39050454931967,81.38828240740752,67.44151785919153
2025-12-13,18,0.8367910923043068,5.272108843537396e-05,0.0010416666666666669,0.0026043538878760967
2025-12-14,0,0.7466618531578212,0.0002718395691609979,0.0009027777777777778,0.002549864763976278
2025-12-14,6,0.602918085396026,105.20072943594096,87.79387083333336,61.145616851802565
2025-12-14,12,0.8848337178023495,103.59685425170069,103.22231388888892,86.0030324274199
2025-12-14,18,0.754467356584203,0.00022098922902494316,0.0009166666666666668,0.0026265773988702894
2025-12-15,0,0.6256410876332035,0.0002805272108843537,0.000875,0.0023930460081577265
2025-12-15,6,0.602823815753181,150.39259247448985,110.84541851851857,82.0390621420394
2025-12-15,12,0.8794594096188775,135.1469478458049,72.64443148148145,56.426858877760054
2025-12-15,18,0.633891190469014,0.00016709183673469397,0.0009722222222222223,0.0023613501992415884
2025-12-16,0,0.48383699611196457,0.0001320011337868481,0.0010027777777777778,0.0020350475390579505
2025-12-16,6,0.5886094701707564,93.17735024092975,93.09907083333331,64.94999552152677
2025-12-16,12,0.8842793850363553,149.1423745606576,74.76470740740746,66.89676209691159
2025-12-16,18,0.4896913511960941,0.00018843537414965997,0.0009499999999999999,0.002128474808194448
2025-12-17,0,0.38668128717085076,0.00017630385487528335,0.0009722222222222223,0.001864070035137572
2025-12-17,6,0.5753716707544819,182.11398096655336,89.72176944444439,89.37522382498074
2025-12-17,12,0.8929129806871835,131.84524644274367,71.83120138888899,67.35887047767768
2025-12-17,18,0.3796973417776327,0.00014549319727891145,0.0009833333333333335,0.0018386603807813452
2025-12-18,0,0.3536234388941268,5.3160430839002366e-05,0.001063888888888889,0.0015418145290021976
2025-12-18,6,0.5578150605791491,199.23742317176882,82.97307592592591,112.23693130554089
2025-12-18,12,0.8935831946488683,267.4961069869616,43.46669722222221,44.15902381581175
2025-12-18,18,0.3302399893201975,0.00021950113378684815,0.0009194444444444444,0.0016445502584763246
2025-12-19,0,0.34931652017100856,0.0002800028344671203,0.0008444444444444445,0.0015827824815076443
2025-12-19,6,0.5639719643242858,226.50820389739235,112.46320416666674,133.14527600747252
2025-12-19,12,0.8915977103736478,106.33325963718836,95.80804583333325,99.22631138792177
2025-12-19,18,0.31872951768260904,0.0001591128117913834,0.0009499999999999999,0.0014036025529003927
2025-12-20,0,0.3488603194400659,0.0002532171201814061,0.0008472222222222222,0.0013559179930813237
2025-12-20,6,0.5751948412641543,181.35751889172323,99.72443657407406,112.06237183872798
2025-12-20,12,0.8996008462286276,128.53227687074826,80.62759398148152,76.01814396549224
2025-12-20,18,0.31701718032803855,0.00014244614512471683,0.0009555555555555555,0.0011995950015613857
2025-12-21,0,0.34871476886153446,0.00012006802721088443,0.0009416666666666666,0.0010421001441937524
2025-12-21,6,0.5787412510958021,204.70287012471658,161.2682458333333,154.37864369016893
2025-12-21,12,0.9009173991027191,121.36572386621303,106.4631462962962,87.05623598990266
2025-12-21,18,0.3167730840281287,0.00013269557823129255,0.0009527777777777777,0.0010145693719378719
2025-12-22,0,0.34854960119048856,0.0001843820861678005,0.0008833333333333334,0.000996372956591695
2025-12-22,6,0.5914589713680076,129.8855984126983,88.39073240740755,79.40445249110596
2025-12-22,12,0.9042991836391199,79.92396731859414,57.02973657407394,60.59232281232338
2025-12-22,18,0.3165151939096565,0.00017685657596371867,0.0009138888888888889,0.0010191591445408454
2025-12-23,0,0.36271437050563465,0.0001114937641723357,0.0009555555555555555,0.0012183965417817872
2025-12-23,6,0.5800168531091991,174.73565719954638,73.10325185185181,75.10623522635623
2025-12-23,12,0.9040521814874403,146.643855782313,61.769895833333266,63.30218560473855
2025-12-23,18,0.341783175800543,0.00016984126984126975,0.000911111111111111,0.0011599424013852772
2025-12-24,0,0.3909614023765802,7.209467120181404e-05,0.000988888888888889,0.0013730965153790622
2025-12-24,6,0.5830361184873702,214.46513142006802,136.55954212962968,130.1004697886376
2025-12-24,12,0.9115449442560197,108.04833829365069,95.1063041666667,89.39110780466822
2025-12-24,18,0.3723506931894576,0.00011302437641723337,0.0009611111111111113,0.0013266251996854066
2025-12-25,0,0.4165263168008587,0.00013769841269841294,0.0009277777777777778,0.0013913682646298072
2025-12-25,6,0.5560088343928866,144.20745362811778,149.20725277777765,117.71034184488518
2025-12-25,12,0.9253415161806308,131.94644219104305,74.86909722222211,63.24410215514584
2025-12-25,18,0.4083932163836691,2.1683673469387522e-05,0.00105,0.0015294443576026914
2025-12-26,0,0.42772393142508847,0.00013476473922902516,0.000911111111111111,0.0014155275744363153
2025-12-26,6,0.5675792429414832,151.70980528628127,80.35252962962952,56.941598498523895
2025-12-26,12,0.9261631999975422,113.44714350907024,84.45512638888894,92.13997847394559
2025-12-26,18,0.4203159542836733,7.490079365079361e-05,0.0010194444444444446,0.0015180039492819419
2025-12-27,0,0.42918770615675117,8.718820861678003e-05,0.0009666666666666666,0.00146676538569222
2025-12-27,6,0.5533242776096077,123.23195337301594,85.37805277777775,106.07542621714464
2025-12-27,12,0.9219075084529127,89.31524277210897,98.00094768518515,85.27179847300384
2025-12-27,18,0.4170770407638922,0.00015096371882086172,0.0009555555555555555,0.0014321906671376523
2025-12-28,0,0.4205054726742692,0.0002124007936507938,0.0008583333333333333,0.0013197758750968834
2025-12-28,6,0.5611935926508832,73.68289359410424,62.702061111111135,65.29880238537379
2025-12-28,12,0.9257771776377833,257.19985089285706,73.45117916666666,69.06473266682173
2025-12-28,18,0.4050666549332101,6.923185941043092e-05,0.0010305555555555556,0.0014709388518364935
2025-12-29,0,0.3973491165809352,8.314909297052165e-05,0.0011305555555555557,0.00153273169714665
2025-12-29,6,0.5630320561731519,203.3854178571429,118.56137638888893,84.92519979563777
2025-12-29,12,0.9256978734306206,75.1028900510203,128.11062916666654,108.271233197946
2025-12-29,18,0.3822973305098699,0.00020646258503401375,0.0008972222222222221,0.0012627201240552528
2025-12-30,0,0.3729299679430222,2.579365079365081e-05,0.0010555555555555555,0.0013568326302392094
2025-12-30,6,0.5548987401017229,123.66388290816333,162.82271111111098,133.36166896677435
2025-12-30,12,0.9260383009167967,301.6134527636055,125.05939583333331,117.22260250669456
2025-12-30,18,0.35632791095979266,8.218537414965984e-05,0.0010055555555555555,0.001293636779706944
2025-12-31,0,0.34687763698980395,3.645124716553291e-05,0.00105,0.0012514730288497608
2025-12-31,6,0.5581423238022576,138.57792212301592,57.95734814814816,98.26588290200934
2025-12-31,12,0.9131478757155398,93.97288680555559,72.93950416666668,60.32458863592953
2025-12-31,18,0.3274125062696011,2.7636054421768918e-05,0.001113888888888889,0.0012822128323812841
