日期,0:00-0:10,0:10-0:20,0:20-0:30,0:30-0:40,0:40-0:50,0:50-1:00,1:00-1:10,1:10-1:20,1:20-1:30,1:30-1:40,1:40-1:50,1:50-2:00,2:00-2:10,2:10-2:20,2:20-2:30,2:30-2:40,2:40-2:50,2:50-3:00,3:00-3:10,3:10-3:20,3:20-3:30,3:30-3:40,3:40-3:50,3:50-4:00,4:00-4:10,4:10-4:20,4:20-4:30,4:30-4:40,4:40-4:50,4:50-5:00,5:00-5:10,5:10-5:20,5:20-5:30,5:30-5:40,5:40-5:50,5:50-6:00,6:00-6:10,6:10-6:20,6:20-6:30,6:30-6:40,6:40-6:50,6:50-7:00,7:00-7:10,7:10-7:20,7:20-7:30,7:30-7:40,7:40-7:50,7:50-8:00,8:00-8:10,8:10-8:20,8:20-8:30,8:30-8:40,8:40-8:50,8:50-9:00,9:00-9:10,9:10-9:20,9:20-9:30,9:30-9:40,9:40-9:50,9:50-10:00,10:00-10:10,10:10-10:20,10:20-10:30,10:30-10:40,10:40-10:50,10:50-11:00,11:00-11:10,11:10-11:20,11:20-11:30,11:30-11:40,11:40-11:50,11:50-12:00,12:00-12:10,12:10-12:20,12:20-12:30,12:30-12:40,12:40-12:50,12:50-13:00,13:00-13:10,13:10-13:20,13:20-13:30,13:30-13:40,13:40-13:50,13:50-14:00,14:00-14:10,14:10-14:20,14:20-14:30,14:30-14:40,14:40-14:50,14:50-15:00,15:00-15:10,15:10-15:20,15:20-15:30,15:30-15:40,15:40-15:50,15:50-16:00,16:00-16:10,16:10-16:20,16:20-16:30,16:30-16:40,16:40-16:50,16:50-17:00,17:00-17:10,17:10-17:20,17:20-17:30,17:30-17:40,17:40-17:50,17:50-18:00,18:00-18:10,18:10-18:20,18:20-18:30,18:30-18:40,18:40-18:50,18:50-19:00,19:00-19:10,19:10-19:20,19:20-19:30,19:30-19:40,19:40-19:50,19:50-20:00,20:00-20:10,20:10-20:20,20:20-20:30,20:30-20:40,20:40-20:50,20:50-21:00,21:00-21:10,21:10-21:20,21:20-21:30,21:30-21:40,21:40-21:50,21:50-22:00,22:00-22:10,22:10-22:20,22:20-22:30,22:30-22:40,22:40-22:50,22:50-23:00,23:00-23:10,23:10-23:20,23:20-23:30,23:30-23:40,23:40-23:50,23:50-0:00+1
2025-02-01,1307.4716513665337,1292.930173737625,1315.0439328422226,1332.2868695700213,1327.8150454744896,496.95161421244126,505.92856958615823,485.87495636856676,813.8218081706987,496.9757664222181,509.7718900196335,510.5622673245413,519.4879663267292,521.9221092122291,520.701977102292,508.18626661753393,519.0919375892652,543.7054044273443,526.972627101657,529.7323851164789,538.6914311765258,538.1815806441334,529.0292007941458,562.5043125185307,539.341296166225,524.6089773531129,547.558677161187,568.2532951705729,563.8211943331785,572.228054944475,562.0372045928939,559.3861409525965,579.5569828547815,1416.3170461888699,582.7943881865723,0.0,0.0,0.0,0.0,0.0,0.0,0.0,0.0,0.0,120.6291095220663,470.35706885512616,0.0,0.0,0.0,0.0,0.0,0.0,0.0,0.0,0.0,0.0,0.0,0.0,0.0,0.0,0.0,0.0,0.0,0.0,0.0,180.45856991669118,619.259849805756,598.5277945945352,579.1894100964502,624.1338916282332,588.5254813254792,556.7595768639233,558.5485175166204,552.3257292246885,566.2464391060669,552.2062262039201,0.0,0.0,0.0,0.0,0.0,0.0,0.0,0.0,0.0,0.0,0.0,0.0,0.0,169.9816413287994,339.4982553238535,195.62235240598176,199.78668850729628,244.87780398841454,318.1274978944414,352.45376562083436,365.42808745893984,400.20538132162363,475.0053703246237,527.1301116421712,506.3733246462345,445.31456483887945,463.49309642942,479.7262910852214,476.18499891680335,489.1758926036665,468.0716224657181,0.0,0.0,0.0,0.0,0.0,0.0,0.0,0.0,0.0,0.0,0.0,0.0,0.0,0.0,0.0,0.0,0.0,185.9182632696042,546.7251254570275,514.4666724306617,488.7998469518501,506.15706329985005,511.9644197131944,502.05474988416574,423.5895244560573,437.49080927093246,447.12947624437436,453.9696789317463,444.5580292085048,433.42414981264676,421.4842103334618,432.84581530687905,442.10725227286173,462.12559053580486,431.550716816358,506.80158911764977,634.2730247506814
2025-02-02,1482.0183170599198,1457.5943042598956,1458.3631072568396,1483.3482373658653,1473.9613474641424,1490.25727676195,1312.663599987,1490.9705448641912,1496.5453164819785,675.9002583059251,656.1879709783864,1502.9429807852257,1527.542964525009,705.618655854518,699.3861216605948,687.9177103046272,701.612119443865,671.4580403325263,670.7140753182174,693.0115079947831,703.0900915717281,684.4387061654976,711.7320100344763,734.0473787468536,715.7378946417057,693.2658449226922,701.8328738797734,717.1716159885107,711.5961150802327,709.2576767510237,726.6974588839646,746.4484396662285,1573.2994501970793,1540.8922482478567,789.9105888112049,915.5477307101669,248.89858237034537,914.4371083947727,942.8889009983749,915.0744915050036,906.6394371939735,906.108966509338,869.5095988886695,841.8182210631231,802.9156653733821,1564.0591965980516,800.3511044375131,134.2917620275441,86.68280044627613,4.071026390805628,0.0,0.0,0.0,0.0,0.0,0.0,0.0,471.2445682676669,463.264236063889,0.0,0.0,148.54927497332278,420.8456387301587,0.0,269.4112326942459,1092.0876478743312,1061.0417423136264,1082.44566550402,1134.533348126909,1124.0636135835352,1034.351950034434,991.1326797324496,981.7160551816936,1003.7968183117944,993.7514597605435,1028.419952353686,1074.0564018802206,263.5373787119179,233.33768012229245,212.2138743998368,246.4323543224082,306.97039434926137,366.343395807234,0.0,0.0,0.0,0.0,0.0,0.0,1427.341651873326,1417.6283946197912,1439.410036358856,1464.9109770921468,1452.2854724527724,769.5519016881485,788.0892325469036,828.9304786199804,875.4259530827414,920.1026385172547,978.570584955063,1019.8300863917561,1035.0244451128046,1035.1972692679112,1043.8388062717268,1063.3817806817408,1077.2362697177675,958.656385990513,757.4480911143694,731.3680963909171,757.9333433895987,750.4776149549486,768.5041594171619,435.08961738586504,0.0,0.0,0.0,0.0,0.0,0.0,0.0,0.0,0.0,0.0,0.0,747.2432058684298,761.5332697418754,748.8845194805261,750.0567935512157,762.5121319770171,767.2215632480777,724.1159629449717,591.2361620897369,584.9774530257025,600.3037019263302,607.9021778596627,605.5928088511127,595.8624076001669,609.1743706677972,610.682021439108,612.0176764226316,603.2594657095735,604.690993776273,610.3747796666555,633.8947668609792
2025-02-03,1452.2631183418887,1445.8391768125578,1456.1244249593967,1457.5456988871547,1450.8519689922232,1472.3081190046407,1322.3897038965908,1499.2131448415773,1490.720486114666,689.426770589395,670.3851095355062,1506.2576897875228,1513.8697861317164,676.8231639263321,684.3093256941947,689.2957967442056,701.6429375095297,695.5940877960356,675.5822929475269,689.7801749021817,677.4128213651527,699.9720985103468,724.7093588149708,729.6217441273737,721.4888926654695,712.8220391563998,725.7028107197841,719.5741512203664,715.0171921931299,725.8127909803943,725.811519209375,731.778797099249,1547.5036832403014,1546.7933325084919,776.962924630204,903.0185851181835,253.27911571179584,930.4895795652284,946.6061126513126,925.7754459592541,911.9857678751675,894.310890399767,887.6010295466557,841.4684502739498,789.7797455418979,1533.2437144086152,766.1702426563211,115.25468077690391,79.34026515423568,0.0,0.0,0.0,0.0,0.0,0.0,0.0,0.0,459.8882339656435,420.00996573487123,0.0,0.0,57.223586732388114,392.47319519603093,0.0,247.20368271052155,1095.8812039353704,1072.6767027870906,1057.1807012405584,1069.0534011048755,1097.529937946929,1041.7245622303521,924.6934997671339,882.9261614355948,919.7216104711481,910.6020864353696,919.3995483904674,988.1713657402545,187.0716131686731,177.145957301123,160.0293364237466,182.34463416560698,252.7766462301276,303.5047397506306,0.0,0.0,0.0,0.0,0.0,0.0,1425.1250364102157,1403.9293806447567,1439.1602106889097,1445.8012590295639,1301.9863204506355,741.7183912017467,779.8967333312418,834.05757278281,905.7541960142722,916.2846128843286,951.5150852468751,991.4579817750582,1034.3432586115355,1032.6561392211042,1020.8906459278292,1053.6961988256528,1074.7988719205944,954.0305599371411,745.8650715658758,731.9573306277828,761.0175642817281,728.8124536732162,752.519432588256,453.68769835929754,0.0,0.0,0.0,0.0,0.0,0.0,0.0,0.0,0.0,0.0,0.0,751.3747698506271,745.5434359584593,767.8790746154281,767.6344238931604,792.1173110236809,788.7753452344951,737.3052121635556,614.9342867871943,584.4581784316354,595.6926741797482,579.3801373102204,594.3848159065332,585.6705919163322,575.5129038234451,603.1490191276727,625.8329641036551,627.330269623242,627.8144244775832,617.43999313236,613.0833073104249
2025-02-04,1463.5449551382408,1472.28074375399,1456.1611916404154,1452.7722380109449,1468.7208483432519,1495.623809963838,1320.4290415211085,1493.4719415548407,1500.616127844039,652.0497387537885,665.9247123379577,1549.3796841867838,1507.984760359267,673.8369724488875,683.0691571281576,688.8249242974996,668.0053494457397,690.368187278594,681.7799750883892,680.3402836953477,723.4817359937177,702.613132052981,694.3536352281142,713.9441898276957,735.3016648371017,736.6461632960546,720.0326128495714,712.0337700318416,714.9532225720721,734.0836695738783,741.7453084638626,746.7490143514634,1580.3029922059245,1546.7611083929503,780.0555659163488,926.1975378196506,253.23399420335807,901.0611518105275,926.2959346078951,942.0453615002724,939.0657954294179,897.0131266516544,854.7167249196987,834.7983655764394,767.8077975362145,1521.933964157241,782.1328562115624,130.00539478065753,62.94229374702263,0.0,0.0,0.0,0.0,0.0,0.0,0.0,0.0,470.3976535490483,280.4771274942814,0.0,0.0,0.0,359.5086522901422,0.0,253.07393525698473,1065.7798805201687,1058.7975256497614,1014.8327662046396,1000.2270018753777,1038.1660430709096,989.7106204769452,916.6400437302484,967.9199484778941,951.2120870151563,914.9140105670347,940.1531765219577,980.6372342631328,179.09234488602874,188.3105703858408,216.39295076115394,246.53515316428107,252.9665504045036,295.781957055939,0.0,0.0,0.0,0.0,0.0,0.0,1346.666920965512,1398.3976115197502,1439.8168678822772,1454.349641793507,1324.961573349145,780.2156330561183,811.2889331384548,826.7797784743434,895.5360786282706,938.5499734054935,963.1893958037545,997.4303515035529,1023.5071504424548,1032.5146762031827,1035.0134314777602,1070.74748412739,1102.8576978322903,966.499363821932,750.8848233286247,718.4071759881257,741.5983685301533,723.5079136763188,742.3325034713117,500.49674822163234,0.0,0.0,0.0,0.0,0.0,0.0,0.0,0.0,0.0,0.0,0.0,742.8746991845892,764.2414333247037,767.2192153988019,753.2695108498066,740.0488471014686,792.1847535694089,699.4642635278389,568.5179643870542,566.9554541854033,581.8955826132091,569.344526915089,591.3193644423035,587.2116876539028,606.8625088833609,601.4940851470044,622.2899280266379,604.4666341611427,632.8488312590422,627.2424499452578,608.2323659379792
2025-02-05,1406.686818584336,1416.440480490789,1443.3062709664557,1418.6817026684314,1416.7956459887291,1471.3095098956476,1293.245357859799,1450.2580480131587,1467.4951628421218,619.8622778606076,609.7798199831409,1489.2174664365216,1460.4770085471587,642.9255577425039,642.4546179229085,629.8429914702775,661.0141282340078,671.6674055096057,659.8216868777249,662.6560118954835,672.0076671674524,668.0809659112377,667.6620126596534,708.2915164934345,722.8826495692854,706.911108636367,693.2095043900979,696.1679865320604,687.5410884626242,673.099424085265,698.1683196533847,694.7685872645687,1556.325112249051,1545.8343631149778,750.1198841437188,714.0985830190672,45.5655147158576,863.1814682876408,862.1127528265599,876.9442785040629,882.3235860707711,831.6735445910199,758.7308545563653,762.3697973505458,716.6317827752331,1501.7447525794526,734.419141694901,0.0,0.0,0.0,0.0,0.0,0.0,0.0,0.0,0.0,0.0,0.0,0.0,0.0,0.0,0.0,0.0,0.0,148.53361499917577,961.1579060823175,908.6050074124139,846.1064054331588,866.0125261434737,942.2858713021318,949.5575785815633,886.8075216492192,889.3238169711623,836.4629382839113,838.0715392941447,822.9232990048143,902.9768639125648,49.64902957305334,78.60233648555187,102.99837493904987,167.6608661572282,157.57408326158858,0.0,0.0,0.0,0.0,0.0,0.0,0.0,1215.0204149771835,1298.0694886355511,1310.8007011350119,1025.4387255307886,599.8028967088618,650.4035898728621,720.0676533529311,730.3073156354094,780.4709264097387,828.3780259794491,841.3889267117165,876.3583155401982,970.5828674706755,1008.4398547013795,1018.7797484952565,1035.3944526057376,1017.1111935177437,897.6880560170272,728.0281734677174,708.8134577097611,720.7325879972989,724.5426274833725,737.0777195972466,114.41422731048624,0.0,0.0,0.0,0.0,0.0,0.0,0.0,0.0,0.0,0.0,0.0,730.5823782551454,720.1715582394592,725.502621406398,719.8133420397954,718.0870166266237,777.3591687105906,692.8385235645626,560.3587617667853,575.7019391455705,573.4025790645168,570.9659620797463,558.1508317500321,561.2659483277653,583.9998992720027,566.8441917686009,558.686590243902,562.9252753673194,576.8856412606249,584.8269452048479,570.7372294549386
2025-02-06,1405.549273978923,1398.1465333762944,1424.826153858011,1451.5175603103824,1475.443472810367,1480.6285883467376,1308.2791507451343,1467.680475224371,1489.6314238922212,627.6267195887083,630.6557011385391,1524.4181709257437,1474.868717918329,624.6235898773577,625.3407573889738,619.9436120722117,637.0732733314536,685.1527759450523,676.5126772476171,667.9159505244837,685.1916268909397,667.5013546663178,656.2291121606429,672.6266531291263,693.5001895397662,661.6860774854704,670.9305755307217,696.9092470319376,673.3334305366635,690.6370358350765,689.4540547291895,722.7938782517647,1544.2487942404455,1522.8430425227084,734.0602922331315,855.0562601908141,53.67698682973548,888.9889730331531,894.699005393911,871.4622979322024,824.7017910150794,842.9952501486292,781.7099477157592,758.9167025778328,703.7153054971599,1535.9022186408606,754.9262090954137,0.33745231163027256,0.0,0.0,0.0,0.0,0.0,0.0,0.0,0.0,0.0,0.0,0.0,0.0,0.0,0.0,0.0,0.0,133.578005097299,933.320629962154,957.6421982072358,979.7604807562104,904.8514827570514,876.8365979917753,890.380607850401,900.2556027783052,813.5118247267782,814.4658129635212,881.3028908599636,865.7724004827381,904.7663238188385,29.60507787980941,111.65847346918716,117.10191998430099,137.13711304871185,164.1778394013102,18.687394955834037,0.0,0.0,0.0,0.0,0.0,0.0,1290.2883967966918,1317.0719634070845,1329.6664479504384,1397.531124186113,615.4462947303984,650.3248360159174,698.4866746460228,733.8603463450777,801.0054014165935,838.4130122217422,851.2523708888127,896.917772972179,974.6714413903295,1011.2099181307417,1019.6498799059755,1028.7957422764323,1038.8762018814377,915.4471377208033,734.4753723913893,718.9567816282976,728.8541836718498,734.6490321994905,725.7539272342635,240.34997406603287,0.0,0.0,0.0,0.0,0.0,0.0,0.0,0.0,0.0,0.0,0.0,715.7025981441212,722.4049114847587,729.9225898368649,725.7497108951002,718.9633757699794,720.4342005533016,682.4839036699082,568.0252755176001,568.700693752231,589.228609253232,586.4148833448351,563.955881269856,554.9411894544521,572.8227602302056,562.4487182338173,577.7738398656924,584.4585995727424,601.4081216296673,569.0476843766925,457.20885903967906
2025-02-07,1259.504223164536,1295.2870903272744,1293.5501099215767,1288.982044735271,1299.365364870454,1298.2007983722103,1164.9419049135279,1320.8906712917799,1314.59622796758,485.28871681308027,491.2789365873514,1353.5752075100027,1332.4433573269007,496.16646910840547,495.651389126037,499.4673660746108,558.4026876933352,562.6646486873391,550.7231848006027,553.1148858136689,533.8550455536611,496.7271958320353,481.9016217926122,547.3447241110522,558.7906881790037,586.7224265451026,524.5615506536458,565.5482658406453,546.6531170721715,544.3771091465991,577.4274424529287,596.6179751339798,1430.414409036041,1416.4958825888925,537.9333775704238,0.0,0.0,0.0,0.0,0.0,0.0,0.0,0.0,0.0,0.0,0.0,0.0,0.0,0.0,0.0,0.0,0.0,0.0,0.0,0.0,0.0,0.0,0.0,0.0,0.0,0.0,0.0,0.0,0.0,0.0,0.0,554.979175004562,357.9674977962377,609.3867099065699,617.5674433563856,582.0487266065087,584.4010208114125,624.4966881720552,674.1781991985533,659.3401357226039,624.5054736679313,0.0,0.0,0.0,0.0,0.0,0.0,0.0,0.0,0.0,0.0,0.0,0.0,0.0,24.1479890670936,40.191809272609994,81.77621477808276,143.87875653407238,175.24618029272003,185.05521860563962,271.23538398599277,275.058629453422,326.0522686962676,394.86853222686744,429.13350484028183,435.3457282892025,451.31630403440715,469.9767067239574,500.3842641306042,514.4218883773965,519.2721104636868,480.5362021993574,0.0,0.0,0.0,0.0,0.0,0.0,0.0,0.0,0.0,0.0,0.0,0.0,0.0,0.0,0.0,0.0,0.0,108.71033276351079,492.0618998581397,480.4759850338734,520.8622922181654,506.4436701172002,503.37012062163905,465.9312558201606,435.4452860724843,412.8508580603683,446.618970034314,433.8140428781724,422.426732451984,408.82750657894917,428.7705835807235,434.80570816966656,439.6095326235415,417.0005003328874,441.58060681724555,427.65668210803153,423.9611943372777
2025-02-08,1243.1657728166722,1261.9720975037317,1273.4951313824383,1272.9628315380207,1274.9365784367137,1257.714127087498,1134.873785301902,1296.4419160377422,1276.6368308365354,453.06604108804237,482.3171314844371,1324.7443148204684,1316.4920126723696,487.5289500915757,483.1148703375728,485.26517756700633,500.618566405557,484.24110400070214,490.6253953378763,489.70874402658086,536.0951821107894,512.3750783403791,494.2907321331835,483.59174631502617,495.4378252693878,492.2157910175852,507.6201200086246,512.622640623005,500.62071136932985,514.3655806152786,491.2531820709262,493.8610841846766,1390.4569991689877,1384.3518090186299,569.5855684185055,0.0,0.0,0.0,0.0,0.0,0.0,0.0,0.0,0.0,0.0,0.0,0.0,0.0,0.0,0.0,0.0,0.0,0.0,0.0,0.0,0.0,0.0,0.0,0.0,0.0,0.0,0.0,0.0,0.0,0.0,0.0,44.755042476682775,0.0,0.0,0.0,546.3182707808038,548.338578421276,590.801593994513,604.2657027352147,590.5600985448475,557.1458838752978,0.0,0.0,0.0,0.0,0.0,0.0,0.0,0.0,0.0,0.0,0.0,0.0,0.0,40.09270099013418,36.48725676477588,108.49576583793811,162.44848326634764,160.03653431028314,159.2991128151328,180.66451176666163,247.85399871953558,310.8307326162056,337.40699539992556,444.1748776274691,411.6447071748187,387.04626569568,450.4976213814432,451.9777339079275,481.18072900500135,492.59802495911174,259.54780336579756,0.0,0.0,0.0,0.0,0.0,0.0,0.0,0.0,0.0,0.0,0.0,0.0,0.0,0.0,0.0,0.0,0.0,0.0,475.49263961542937,473.7906592449059,482.15159539786686,432.8262214172805,486.0749968821786,478.9743863245077,397.3163262883174,394.853859542873,415.16470463881205,454.79887941398374,392.664831767875,417.6021142261522,425.3917343970925,402.2207812221027,416.2105199470884,417.3998357768355,433.717904563313,482.34240938753146,569.9030685834367
2025-02-09,1413.5215915090205,1416.6452443183448,1404.7634402819137,1397.3261914581242,1415.656985073342,1432.775477620783,1262.6750246015163,1437.256678086162,1441.4091738034824,595.3832536477252,609.1438494262586,1468.9863961483693,1461.3887895731148,616.1659083083555,641.1351997282256,635.8460001365884,644.7862308680182,641.3798092463337,640.7762876236332,637.7558247405215,685.6848062634548,675.5444600670493,655.2790436064806,660.4794672183621,674.4162057397017,676.0230845339335,659.734293527304,657.6476324350795,670.019091637567,666.6306366026375,688.0750626086619,690.3281097539814,1526.6615948028086,1477.792034076566,726.4880300219578,525.9137546243472,15.323190651569234,831.895269430829,845.0727719460627,860.8303722730784,875.7438489789753,802.3410445867664,762.8085350658083,727.7292285102005,653.5491827711596,1414.4555986385167,722.852059215655,0.0,0.0,0.0,0.0,0.0,0.0,0.0,0.0,0.0,0.0,0.0,0.0,0.0,0.0,0.0,0.0,0.0,139.51453954330736,974.8193778406361,941.0789376774253,917.9797029084939,898.0007444410946,940.5473595902874,836.0778526729295,827.3425776667708,896.8966047369487,926.6181806257978,898.5525564397357,852.0653037723744,837.5673664807897,77.93898863454918,110.79483126024542,70.72753713604189,100.56829337228032,153.5028446409408,0.0,0.0,0.0,0.0,0.0,0.0,0.0,1271.1372373638987,1265.6303008406294,1309.0252529783402,1190.0100627086522,602.2823308066615,637.174332769619,664.7040832548345,679.7332013577607,751.3117839620859,819.2926987734019,847.0099614660511,874.389312387684,940.238119706536,974.8270705435516,981.9541959742863,1008.5619788280052,1013.9198765131406,844.6032114159585,699.3265587433067,692.6939232867776,733.4556248532475,742.844740490513,747.9768383007697,114.94873430106372,0.0,0.0,0.0,0.0,0.0,0.0,0.0,0.0,0.0,0.0,0.0,728.9455254034875,709.6360818057187,731.5465763971207,727.0220388350384,705.1449449620402,715.3082171547615,672.4094514812826,570.6520755170958,554.4654310790402,554.3242685391737,579.284548873535,553.5388302183851,549.2299471416262,570.5560099560338,560.3670248063954,563.8248880290465,563.0503881783577,562.0650811894488,571.7454389178356,588.8306402233787
2025-02-10,1386.896045015615,1389.1976060696043,1408.0092614025662,1395.1539988778854,1409.4713566331438,1435.5895622503015,1263.3109604593678,1454.356078483187,1466.1865969730952,608.1396071399051,604.272448923314,1480.386967006559,1459.8409932869145,633.3148435822353,633.1992822117121,625.5403638523713,623.5955478198517,670.6980764176964,637.6470396744662,653.0538476924535,659.5087001526848,672.5503687160272,658.2405699337761,672.4584984827271,684.7072931171255,681.7457500066007,666.7112690642259,676.8962896755093,661.9514227349044,655.9410977672097,676.9015847387731,690.3490970900087,1512.4003526076026,1478.198264606232,733.2001015686388,5.810144123417558,13.538276879825162,836.9696528222523,836.0687536716924,843.7066810168826,841.909060825879,807.0803141269082,765.7494761612542,722.5869014158756,674.9384394804716,1419.4094465753542,625.3624934261408,0.0,0.0,0.0,0.0,0.0,0.0,0.0,0.0,0.0,0.0,0.0,0.0,0.0,0.0,0.0,0.0,0.0,107.80899208106678,961.1695432969711,908.5269480451238,937.9076444143399,930.7158861618418,894.3069442014915,840.3904962940711,785.7572291101385,803.6367110109958,868.3130123187238,867.7419554961706,877.742867108862,873.5978715932799,65.13718769519289,62.56054667279048,69.63527229130403,123.52086344978242,130.67660565938348,0.0,0.0,0.0,0.0,0.0,0.0,0.0,1267.5449405545346,1245.9006279387997,1298.340339949525,1080.0848576304238,607.5701088551575,628.5338166850023,615.3222640072963,670.0271588392405,743.8620299276199,794.4278766101154,827.0062474254723,856.7553610337449,928.1970761183047,960.9211456981266,999.561439116876,1020.4796468844776,1023.9719243039829,847.3417725070019,725.3126814402497,707.2384261335511,736.559837356599,729.2150550349365,723.3400872099506,76.50840814144192,0.0,0.0,0.0,0.0,0.0,0.0,0.0,0.0,0.0,0.0,0.0,718.117423115491,718.2562658349943,728.420784745334,741.5005147723982,739.017397880519,739.0630896649549,674.1938876547002,564.1376121540542,558.0482764702307,555.4906137163699,544.0443922355039,562.5856618277795,581.1800053824154,578.9724790983433,558.6641624035256,571.6372426556674,563.2779573781426,571.3983616056554,598.941566320649,580.3148570188536
2025-02-11,1398.9980728422838,1416.1434380474375,1414.0546241428801,1410.8091859091494,1415.102852439836,1452.7717020922378,1290.0101466768485,1443.6451253426765,1463.310540479379,609.5879786460678,632.3892582582369,1475.4187844807625,1444.5734417140911,618.7722264126419,654.735940860814,633.6694937292317,676.6375189163376,686.5611417532882,629.4464213295726,638.1811805722537,673.9205862804258,663.3761637507486,661.748022742862,670.9015499786505,670.2098977871293,665.0096945303072,661.1881076426826,682.6845755170759,721.5286711000356,670.4954010390562,675.0725446539834,677.6425921324659,1533.3437958626482,1518.1933445505083,719.929950794625,443.0202612943862,7.245420239278587,833.871159300593,832.574498671655,849.0242385205406,829.2762574634577,781.6515466784743,767.0834192698034,770.3114344709444,695.6120639862411,1457.0984351100901,687.4142707046783,2.7053773561417582,0.0,0.0,0.0,0.0,0.0,0.0,0.0,0.0,0.0,0.0,0.0,0.0,0.0,0.0,0.0,0.0,131.6735023537758,988.1387925531792,951.7294494550954,973.3030855545818,971.4094100170848,964.5600986355522,902.9549763720445,882.3674610812161,939.3552376262528,941.6920751608614,882.8468520331156,872.0549468080699,940.6080030330446,119.72725531780216,99.81500727834148,111.50772205186877,156.70465869479756,195.26762485909143,158.670418910266,0.0,0.0,0.0,0.0,0.0,0.0,1272.8351916102322,1370.0206060422574,1390.182377013255,1429.5143364140445,609.5103974398061,619.3770748582828,628.2407854313046,703.3230182210622,742.1031456953712,808.5317556815876,830.9417731013839,875.7975963873187,905.1068755684737,981.1122571709141,1011.3004076471169,1009.5456747579972,1034.565497818498,871.054992533071,731.3899918693894,695.2693202057777,736.2708770197211,731.7893949316588,751.2505376314318,194.13784793733907,0.0,0.0,0.0,0.0,0.0,0.0,0.0,0.0,0.0,0.0,0.0,745.1868959288496,726.0941689661784,723.4921038834161,717.2393919876482,739.0610726200194,745.4229321283228,680.0717186855251,560.9732655436492,564.7177532386538,560.8779673826914,581.9329766842241,555.6647997872128,564.2673380979719,589.4678816038823,552.3204313460687,559.7165051041278,571.6307288943951,579.1301040106978,586.8860627740207,581.3218775275365
2025-02-12,1400.767522106246,1417.3145758145474,1428.385648279675,1420.3176004335278,1402.3675621883253,1431.7248595000688,1297.8073175986633,1446.4753653303637,1456.270788288106,604.7179927443511,613.0013952282561,1445.0329844554208,1443.239536349705,650.4608074708701,652.5318378600571,632.9342783967744,634.1540181113587,671.1716428612887,623.9960785412133,636.790642282063,688.698169390017,639.6689612934896,665.9004718174692,694.9994797135578,700.0775102444233,678.7283457287706,675.0217285231641,673.3667396964437,688.739176116943,669.9958434577242,681.9718092351018,687.1312193475763,1545.3092163714134,1503.023604241806,726.6837396717204,807.2212026974546,2.5689754857418166,800.8956047400283,819.433216094477,871.2722302405379,873.4725533283747,778.5114219787911,749.7027245968641,760.0092984645252,693.7872795399203,1429.3831062759014,752.8245203700222,30.722811076834546,0.0,0.0,0.0,0.0,0.0,0.0,0.0,0.0,0.0,0.0,0.0,0.0,0.0,0.0,0.0,0.0,116.48764484825188,1032.7481844181057,1030.4853011506539,978.41365641782,944.8980095209225,957.1398223514269,939.1129544616538,849.7925918524913,892.1037403540427,895.3412064139294,876.1427855751568,885.7465121923217,870.2579467701464,36.93061408788402,79.97499384988502,116.48999987325567,122.5667938526941,159.7368577206875,100.81904042645499,0.0,0.0,0.0,0.0,0.0,0.0,1226.2433736518215,1225.4300692893307,1236.652877197963,1354.9964950541746,564.2276183469985,602.3027637306426,635.7435095952052,694.897501536497,717.2079650564482,762.5458223694532,816.3230612791435,880.0340147503025,912.5343535425063,971.6202253028448,1018.2824098069747,1024.5379787732347,1033.7519526082328,881.0706265286103,730.4481773736211,705.6796600712154,716.2590209258509,717.3360572386782,735.1197888885781,242.8883805636856,0.0,0.0,0.0,0.0,0.0,0.0,0.0,0.0,0.0,0.0,0.0,725.5454099624684,742.4016800515188,713.9092460618892,723.0816737129896,753.9888113957294,749.0573905141681,679.1737822841285,567.2695091918324,565.0293390887479,559.3881717202289,570.3974768305211,555.6534816605623,557.9519043115797,546.5202535771059,548.743682467433,553.1221140432963,560.3711943272325,581.8226130515686,579.6305856595063,563.0054243348403
2025-02-13,1397.751160220436,1406.1803499566445,1410.5686177980838,1416.3462004874004,1438.336086988058,1427.9117210544184,1286.1998960474468,1438.7722664793023,1447.3376141309136,641.5718494722709,632.2561176172583,1453.9680064459963,1457.3328351633531,624.3921312398311,626.3109063643618,593.002819104188,633.9258134722161,677.1235401443804,642.1643794554107,624.8535364049608,679.0490149634614,652.9181747250153,662.1627053099905,684.4502236313317,665.057915263531,657.4552172889987,677.7300558197512,684.1533114113037,684.5973291549881,667.5578766119174,682.1185212383856,688.750287895931,1524.3735664761662,1494.9794525835473,725.8235022475186,835.1123516760659,179.0242862709565,840.345598279105,831.1262613349758,869.209166161588,828.0252735956215,789.8514867457977,762.0703452902133,748.4032476491712,678.5177542471163,1377.3243029898667,643.1237514456841,9.997469798042744,0.0,0.0,0.0,0.0,0.0,0.0,0.0,0.0,0.0,76.70363635467208,0.0,0.0,0.0,0.0,0.0,0.0,133.26661668045392,1013.09023868525,982.4404894079614,957.5353201306615,931.5243319975053,960.3507212862478,947.7459328480692,892.8478958351471,919.2664214927953,952.8483779601027,912.4365575737794,811.2697106961034,826.0419831968014,68.84817670606625,68.21006546714966,55.48167512594127,62.82851028433964,120.86488226825897,0.0,0.0,0.0,0.0,0.0,0.0,0.0,1223.2673267289865,1258.6211898739664,1329.2115736915468,954.2863838221585,542.1259137446684,610.4090957127258,623.2825125094263,693.3220929104785,740.989325102951,790.5889183634547,818.4208215336247,860.9646527356015,898.0426298925811,968.5291809267425,999.2387209534828,1025.4851730853989,1024.6901515545608,856.3897660921396,736.4259434068485,704.0227004010626,729.3718188789908,730.5664045777414,718.9032844725165,250.25946734853846,0.0,0.0,0.0,0.0,0.0,0.0,0.0,0.0,0.0,0.0,0.0,720.1030246351727,705.5346814698644,712.9769457993731,733.3900443745443,730.4923143981248,739.1656352900106,677.1140138774186,571.4299640468436,564.7602318790017,571.3062798565492,568.8370286337922,567.1592922081074,565.7303833967676,551.7238334664463,568.2821350991651,568.1531003521887,570.5180039017923,585.7219625619636,564.250556685292,452.34955704164304
2025-02-14,1261.89370673745,1281.1065436457445,1321.5066316448087,1307.7141334008124,1283.2858235803242,1276.3685248309407,1119.5359686348997,1293.2820175118309,1292.2065163104219,492.0662241434461,491.1186303013448,1328.8048114691237,1315.60358965798,488.28477002978127,493.1328696748284,491.61805489434414,496.3776736841102,504.0183879468901,512.8480501236197,515.1894966402787,534.385607180998,504.39801917613295,491.8339765822439,543.3489456488029,567.8685332132696,562.488372905379,497.1592777314694,538.6808586680459,557.9880853795611,552.1249663384474,550.9956031606947,513.23790170244,1362.995932355457,1389.9317329621658,554.1045462307832,0.0,0.0,0.0,0.0,0.0,0.0,0.0,0.0,0.0,0.0,0.0,0.0,0.0,0.0,0.0,0.0,0.0,0.0,0.0,0.0,0.0,0.0,0.0,0.0,0.0,0.0,0.0,0.0,0.0,0.0,0.0,624.2861566550962,0.0,91.62768954741344,633.6983995097853,623.7334104719653,607.7821596292594,622.8632229426136,614.4060952868884,622.4315020443039,622.2565188913362,0.0,0.0,0.0,0.0,0.0,0.0,0.0,0.0,0.0,0.0,0.0,0.0,0.0,2.2793066837818756,19.68144013252672,1.4085189250770185,61.99150257554669,135.6125336130414,167.80670528248885,186.68327910736667,244.8351922596268,317.8407239519202,367.72391932597213,432.4137283510645,439.5984485581482,409.58468204243303,441.4894728503654,494.8362598673152,520.2187302044133,499.171956702722,478.54754929241403,0.0,0.0,0.0,0.0,0.0,0.0,0.0,0.0,0.0,0.0,0.0,0.0,0.0,0.0,0.0,0.0,0.0,49.39659861284969,487.0714734838979,487.1671778587151,482.7321819932239,488.99588432778717,511.57004062054955,469.0993717852625,395.39436712030346,399.1994807562289,411.4059973834293,443.1321703331218,414.56758790920793,417.1543846690636,476.2193293953356,427.0323042716675,427.9161580280422,448.69396568734925,443.46106733738486,427.28848179408146,429.46049011136955
2025-02-15,1246.1605412416275,1240.0092281868308,1275.6305330146727,1276.7322565009727,1289.0582411559108,1272.443831431434,1112.1019989592414,1256.303988415505,1265.6888882303099,466.3764640294812,440.6102700523728,1305.622851564155,1293.1638226556713,470.70245656016743,465.3050469345713,459.15523890459303,435.1009382151,489.5072005897401,486.7578214515326,488.0283615729959,473.6859539603107,453.7823094603976,470.1800361838177,471.09958503625745,500.71775228491003,509.81375122907014,529.3587755618787,510.7217966835661,491.5725378326812,499.75605147421015,508.1777100353753,505.31610164260667,1373.7795805533337,1374.6270852896705,0.0,0.0,0.0,0.0,0.0,0.0,0.0,0.0,0.0,0.0,0.0,0.0,0.0,0.0,0.0,0.0,0.0,0.0,0.0,0.0,0.0,0.0,0.0,0.0,0.0,0.0,0.0,0.0,0.0,0.0,0.0,0.0,0.0,0.0,0.0,0.0,0.0,0.0,246.55862952256314,0.0,0.0,475.63415058208835,0.0,0.0,0.0,0.0,0.0,0.0,0.0,0.0,0.0,0.0,0.0,0.0,0.0,0.0,0.0,11.871696173386908,83.53013946318012,134.2565911189536,233.2394081964266,217.82624620852434,245.72739178215463,291.3594394248992,377.3218209106814,378.2918691588362,378.5260048537473,399.46213672745836,423.1113025288795,397.53794218885446,453.7802791174899,463.4242415713947,303.1166643362376,0.0,0.0,0.0,0.0,0.0,0.0,0.0,0.0,0.0,0.0,0.0,0.0,0.0,0.0,0.0,0.0,0.0,0.0,450.105418466423,470.9832352992049,459.1640622919451,471.5187435684193,485.20881548614966,442.54500739322424,397.5627083270253,399.9450919904275,412.5131370554823,447.5470558823266,409.27094419103014,398.9929696679895,419.49712680430616,401.2376803186369,397.471850596002,395.374623670618,406.6188359014376,463.29097786161327,557.2024123717293
2025-02-16,1399.7604491438847,1414.4275287462046,1405.8008475491965,1407.6660230775046,1415.6643607644694,1413.974734768245,1244.4513354240553,1412.3013770378675,1394.8086205674363,582.4691198102829,609.2829974573867,1439.1108872052257,1450.3696055735795,609.5520748002002,632.6206441720326,592.7677935672187,596.2570718001341,644.6036805064398,630.4535320678551,614.5363809323393,641.9018744015464,604.2008880639994,628.3022120897067,660.2686922255464,650.2913152614038,667.5556920260435,624.4627914604982,639.8644343999998,671.9426340597116,664.9444110816452,661.7803698617938,650.4454344354663,1461.4106236504854,1496.6320731734527,753.7715069175372,5.38732731040875,19.008918773156097,815.575584513915,863.791757120823,842.9842775377065,772.1340907283819,764.8637524675901,742.0186607952674,730.974257117559,652.925905805481,1396.1828723896738,628.8150296098838,0.0,0.0,0.0,0.0,0.0,0.0,0.0,0.0,0.0,0.0,0.0,0.0,0.0,0.0,0.0,0.0,0.0,48.383705113271105,856.5281951522734,806.3951686420368,789.6217106942536,846.2203833530152,814.4721289947727,729.7647667426204,655.0135628732746,676.3984587472779,740.4351080808494,744.8525820563038,755.5379989488063,767.4008037494783,11.617339900071642,0.0,41.58451077036778,80.28823960210953,108.17811973064322,0.0,0.0,0.0,0.0,0.0,0.0,0.0,1247.636274231207,1225.337664062296,1224.9293232271145,1257.7729901458054,500.514062535527,561.066952502281,611.3419138029886,673.497675120836,701.2623232978859,741.8957409188948,821.4624266307629,827.396856232975,867.2054341734888,961.6005526021578,975.785409035282,992.870345896448,1005.8238104468082,869.9770021134611,733.0659550753726,717.8261114603719,740.6471573424508,731.977297443346,721.9407910412715,177.99294370215011,0.0,0.0,0.0,0.0,0.0,0.0,0.0,0.0,0.0,0.0,0.0,713.4422665407722,721.5297673807147,722.8123354076648,731.1214335839073,727.2188539751737,739.0820123444656,652.365295141956,537.9156094955149,537.5217149291378,547.8008008386051,557.5846691380436,536.3507338010284,538.7874183126208,532.128842575489,565.1390628194781,571.6067391561974,563.6064286530338,550.5339707613589,558.945326580126,578.8520543772897
2025-02-17,1416.1685635325468,1413.5000200106297,1418.8132422222384,1421.5038989752802,1418.7680793299114,1419.0691820632621,1243.0997225475396,1428.5762732647995,1420.342384962326,585.7682104293943,595.8004879952099,1445.8106418859036,1458.6611372896505,625.8707131483378,635.4251997187931,611.4919385459201,607.7711257935508,646.4076781063418,624.182916224074,637.2988545726704,644.975393534712,627.8096164772695,630.932542642849,680.9636254634912,671.7800012028072,689.1557257195093,681.6602792161457,669.9736879156064,672.738847299288,665.110369954742,675.3051214132602,656.8676201981959,1501.1349808220439,1503.2025980828016,756.3196173857731,61.41739291465149,14.706078005496806,831.4842548837261,881.5517570942737,869.1836419988073,817.2000506365141,765.7386585099068,740.1101474123109,711.1952044666422,637.1995655408191,1377.8685312232392,622.8618838360428,0.0,0.0,0.0,0.0,0.0,0.0,0.0,0.0,0.0,0.0,0.0,0.0,0.0,0.0,0.0,0.0,0.0,85.59867567750543,802.7066687554799,803.0951388694172,832.1877256524709,884.8007350124129,857.0450222751498,795.328623373428,774.5678608208261,765.8149037323204,719.8684005190164,763.7000490466875,803.0457767955182,823.3337610090073,6.413661615925001,0.0,0.0,31.011966420850353,0.0,0.0,0.0,0.0,0.0,0.0,0.0,0.0,1165.8946883073,1240.6755799359353,1285.1285229887171,1004.8451769507403,504.3515651113057,538.6549071265456,605.8530366735946,688.8082510744438,701.9236163523763,771.8305225906101,822.1016580292686,856.177043315959,879.3108042509366,909.4253006441915,972.6829332147303,1016.5073132799148,1016.2037726181461,882.1381944050028,732.630670571895,700.7944434983953,731.1888196054695,724.9841481699611,721.1676034869629,194.46828511826357,0.0,0.0,0.0,0.0,0.0,0.0,0.0,0.0,0.0,0.0,0.0,718.4321386585952,722.2494343877479,715.8097444708924,743.1186121777955,725.8404165108257,768.4818666937553,703.9377980379917,563.5569676937122,543.1963920978538,547.8631996167576,568.7970487694546,547.8036730090394,572.9018804570225,556.1102090234999,552.2047863128489,562.9031198702664,567.9656974774012,580.1069922039192,592.7515413382697,580.0473531404799
2025-02-18,1407.76512008178,1404.6154066360457,1425.2615221959643,1407.1617783359802,1408.3852883523314,1407.012167317164,1230.2251986394933,1417.635147930996,1402.9102859056366,614.942694080042,626.9262726295433,1429.0731180838457,1453.8234441224763,638.4636588119097,623.5908619355555,636.328849572199,617.299877831558,644.2808590814934,604.9723931637131,607.3758104756569,659.6250412755417,669.8199696414327,646.5643003232502,644.387472816582,650.9617999545676,661.6304055453237,651.3609073836898,659.0009430633979,669.987094940489,664.1713625111212,657.6649864138262,655.0650728512662,1498.9137599308362,1498.0996440102854,749.7428463463959,0.0,40.10389822222203,826.7969220224421,638.739731371835,864.9493043900567,820.0367413427684,782.2320506295173,744.2953296316971,731.0060994991977,660.3010293420107,1394.806128231869,632.230811866051,0.0,0.0,0.0,0.0,0.0,0.0,0.0,0.0,0.0,0.0,0.0,0.0,0.0,0.0,0.0,0.0,0.0,41.877841237023816,820.2471180920547,824.3856399905594,812.2865834755058,842.4043862766976,834.4095056458214,784.3725842945842,692.0405606167292,712.8180001153034,671.1803593250808,740.875734114838,724.9734538367134,797.220455767294,18.011186465547908,14.488567504481132,61.67608022153178,82.48058462909466,22.035708873680903,0.0,0.0,0.0,0.0,0.0,0.0,0.0,1140.3069027183803,1279.8165271264365,1217.8152801710498,474.7121684587309,478.16315850679564,553.3323281708184,598.2398020653693,646.6245018887954,708.8533676522575,770.094008629996,820.5078563856265,876.5091084287151,882.5273369298161,958.9276100835499,980.0734387806855,1002.1420957852858,1018.0275196160785,878.0110029667613,748.0237487217706,701.3168131164083,726.7470041911013,729.8894994309819,723.3836459323476,80.53061497287877,0.0,0.0,0.0,0.0,0.0,0.0,0.0,0.0,0.0,0.0,0.0,720.7395509888892,732.8099838233273,712.6012775477883,746.587976814986,801.7980991186582,768.4156953889858,671.3073910297608,546.4359451765204,526.4497700286138,559.3070017191108,566.7269258462582,559.4030173894679,552.5058847595672,558.5997824544468,575.9098552182413,581.9434478471907,557.4894493430997,570.6118838623299,583.1114129899199,557.6988464199701
2025-02-19,1383.0743463571775,1388.7783850194287,1392.1883351093247,1390.903598437315,1419.2973748373647,1417.141389651791,1264.7561317813456,1442.8378268626886,1429.6821996036642,598.3046312999559,600.1279644982482,1424.243231024429,1435.6338164313697,632.0501952298908,607.0266310453571,638.2493478785632,613.0728150968984,628.8009648334046,607.9973293715831,629.1419901314655,660.0084627440823,663.1502558690231,639.621361239569,668.4755507972886,672.9193897249636,680.4665864563889,656.0714530729093,658.637027982461,685.770754678418,682.1548557005924,661.3484915561668,678.0007898808444,1512.4269499930228,1515.5467803077454,752.8738181669289,0.0,53.736098132043594,874.7195920826475,845.1107584601757,849.1206843665512,800.0216386483098,769.7087790379813,746.8100546320452,687.4311088179713,661.414234598659,1369.692730780435,598.6359352909295,0.0,0.0,0.0,0.0,0.0,0.0,0.0,0.0,0.0,0.0,0.0,0.0,0.0,0.0,0.0,0.0,0.0,93.88523176927032,922.3641097478873,883.6089683176115,856.9411117067376,885.7032162672693,975.6421012431285,885.7177560197401,735.352188346305,706.7029023540438,743.2233861492781,742.2223383010856,799.9746672303606,836.9253244095833,7.352061654471683,0.0,0.0,0.0,90.4692713444175,95.37372980594068,0.0,0.0,0.0,0.0,0.0,0.0,1156.3991447104615,1215.5211742988613,1261.7154639108885,1281.3022376211206,525.2602673237031,549.9558959646607,609.308892477708,648.2371842415898,713.3726443239237,771.6893372723565,806.6351953792363,854.1274018339348,923.539621361884,941.3273070499044,969.8751057461753,999.6476271590885,1017.6643961537803,886.4785919203861,730.8234712871426,692.9853258297253,725.1739442333967,721.2575484349034,722.7204401912991,155.46597128710675,0.0,0.0,0.0,0.0,0.0,0.0,0.0,0.0,0.0,0.0,0.0,721.8816292421949,732.5172412185441,721.8265017996644,743.4253073475064,747.4652008932483,763.760745732823,686.9671688126909,544.6006899776338,510.7651767639601,558.7694865424301,557.8925610475521,563.1051419521029,552.606990983857,570.8780031865283,574.2588066984571,568.663577819329,559.6909307392835,568.3314580269904,570.3906975958121,558.7944462743855
2025-02-20,1409.670851905269,1405.631982078085,1402.9496125801315,1398.312707394905,1426.1487094261233,1429.766646024662,1279.1342041553685,1436.5251128354535,1412.1538708881799,624.2037055230498,609.794170584823,1442.8751779162485,1432.248196446792,600.7040021873496,605.1428723988887,611.4278158079445,605.8785412916424,607.1124461177681,625.9037697187891,633.0791851251213,658.5920692054146,659.0038928828873,650.4181121202442,658.2117399964003,643.3210238080582,637.6069438891855,660.4080681937783,654.1754674963297,670.2535924793176,664.5613053365518,668.3281206587683,702.3095047991301,1494.2973541369283,1504.9194795943004,721.5800523905363,0.0,24.08134327616426,851.1426208976856,866.3924933392328,827.4104778798907,786.8325362436225,760.9474868985253,759.184223517152,715.3954128060985,638.2172233497723,1381.6224656410093,594.0675617546798,0.0,0.0,0.0,0.0,0.0,0.0,0.0,0.0,0.0,0.0,0.0,0.0,0.0,0.0,0.0,0.0,0.0,40.21352001718843,835.6151739534872,877.8568088208532,906.283849571422,870.7286921493779,848.3414842681938,804.3546327769485,708.7570672391482,706.7887592869231,770.5031618285757,822.4777173051733,824.5065005622045,839.6510521525369,13.333770453055777,84.32850240782014,38.83414907558116,17.316272357705685,151.6054269153903,0.0,0.0,0.0,0.0,0.0,0.0,0.0,1237.927382842401,1292.3370396239388,1293.9584799487586,983.7126087377799,481.2388675462465,517.8415513007798,571.9283449907566,633.2898876673172,707.7120513655574,744.0896362812712,801.5109880222095,841.7707570328557,914.2870116678708,935.115715428819,953.8649248629309,976.9504620897698,1020.8056877184007,878.4563360510347,716.8943248426733,691.4011470845518,727.4853822817652,719.627579928461,722.6891248271378,156.60146137650622,0.0,0.0,0.0,0.0,0.0,0.0,0.0,0.0,0.0,0.0,0.0,723.7360141880113,719.7951460999922,746.9326254926331,746.3685364664273,726.0011660557934,765.2997914593562,690.1567075651825,562.9360181393791,537.8067600826042,559.9514931609783,574.9517833529753,573.359465010946,562.2172720107372,555.3237631385944,555.8696531730288,551.7803268986396,568.6899039181078,588.2658183449171,517.4263832217954,434.18040515951037
2025-02-21,1230.9603026626792,1242.2652257478771,1256.4955044679446,1250.7265420394501,1286.8132116608706,1256.8760363460317,1095.6691741355867,1266.3295454339652,1281.4439969303787,441.1285487456639,437.0006653395453,1283.579394593135,1270.9353188106911,498.66963752526,488.759246161425,490.2932484396184,483.24635025287574,481.07622584313617,490.8613380990657,531.2821531455082,537.4619453081834,546.3719303311982,488.4706424828397,482.0277523633968,473.33169959951147,503.4281513211266,495.22879130803534,504.75793135844344,557.0250084581659,493.80243645473564,510.6799175008322,514.8362246952895,1328.9813066524457,1393.4657162206486,0.0,0.0,0.0,0.0,0.0,0.0,0.0,0.0,0.0,0.0,0.0,0.0,0.0,0.0,0.0,0.0,0.0,0.0,0.0,0.0,0.0,0.0,0.0,0.0,0.0,0.0,0.0,0.0,0.0,0.0,0.0,0.0,0.0,0.0,0.0,0.0,0.0,0.0,77.37856489108998,0.0,0.0,470.88233811231134,0.0,0.0,0.0,0.0,0.0,0.0,0.0,0.0,0.0,0.0,0.0,0.0,0.0,0.0,0.0,0.0,0.0,44.1167823441063,138.63690615426992,205.54641927324934,260.92017485772277,317.34454234674234,395.4196511951703,399.3037564320734,383.3325736126486,386.21228784072366,412.35011038831226,442.7869682443237,449.45909626922196,455.5491656568878,192.46961065738094,0.0,0.0,0.0,0.0,0.0,0.0,0.0,0.0,0.0,0.0,0.0,0.0,0.0,0.0,0.0,0.0,0.0,0.0,450.4867100140411,476.3788547837723,479.3402550319314,498.2071018334189,516.0641705764899,436.38371354714036,413.36166323589134,390.07078567726273,404.6010096018929,425.6603015983606,403.09252729145516,390.51725699731395,391.72395526378716,414.8377727902125,402.97410509427783,389.2048911969002,412.0730799900664,410.41995204072595,405.6719499898904
2025-02-22,1251.9487132030808,1256.549384383366,1250.5779650457907,1273.5737952289624,1273.2968205613297,1278.5531970542447,435.05311159592446,1286.349491921757,1298.636443242369,437.4988573148899,447.7130366784131,602.6473071673148,1273.3520631955068,456.05185113736826,454.3945814459503,434.2323869070637,429.6527861079232,483.5081372765795,474.6830985841185,449.68298531934715,430.7079356924472,465.31909587918454,481.0433491647506,500.4357651461164,494.73426686307573,483.7422591236486,476.34989176907555,496.6313510959271,547.469637603675,534.3803770672104,514.1977813829021,529.3238076533746,1395.2759328374973,1368.0977675075126,0.0,0.0,0.0,0.0,0.0,0.0,0.0,0.0,0.0,0.0,0.0,0.0,0.0,0.0,0.0,0.0,0.0,0.0,0.0,0.0,0.0,0.0,0.0,0.0,0.0,0.0,0.0,0.0,0.0,0.0,0.0,0.0,0.0,0.0,0.0,0.0,0.0,0.0,0.0,0.0,0.0,475.7193528516565,0.0,0.0,0.0,0.0,0.0,0.0,0.0,0.0,0.0,0.0,0.0,0.0,0.0,0.0,0.0,0.0,12.074032793176968,17.902265714589248,33.535971296846654,113.19148912594426,206.02555381173647,280.4755201552528,338.8977433363579,386.405519268564,388.467188449797,380.4284845585126,369.00959018791116,387.36596167383476,442.6560246353009,450.46695404151853,174.55844352419984,0.0,0.0,0.0,0.0,0.0,0.0,0.0,0.0,0.0,0.0,0.0,0.0,0.0,0.0,0.0,0.0,0.0,0.0,436.14087956419695,473.02437676121104,465.671232991173,460.3203812463777,513.4571952866019,457.7143411028066,419.94276441345914,394.57674667053294,404.26086666849034,421.6436143555596,393.302061362172,391.81372891110544,414.46367079911505,400.3605592780247,393.1682467324067,391.9563919978815,392.0422001155562,441.0887716222997,546.3583636524363
2025-02-23,1409.5873101153757,1405.911226603094,1397.206092573162,1400.0460027050215,1426.4619767250458,1432.8344648321188,1245.2004466339235,1394.6331161847186,1400.0538453425277,601.3690852979099,600.9772991217742,1423.7768425710067,1424.48861953675,604.2523669914741,592.6018586366124,603.4500176447473,600.3437497520961,608.2604102373853,580.032243296871,625.560499736232,651.9380129343652,655.9571888886715,640.6142595821058,668.9559434616316,676.5316628130306,649.689193513797,621.5451969676238,663.7874738333112,691.0123827432437,674.0703731270261,665.5830807857857,653.8938964880483,1499.2937008209915,1480.016457913434,728.9669104948133,0.0,20.487195900843403,830.6329699625533,671.2446472597532,796.1283752252996,763.7818570314587,760.8164768812684,725.1204115457094,679.2504573124094,628.5721406080818,1375.2210385776314,577.2783958893339,0.0,0.0,0.0,0.0,0.0,0.0,0.0,0.0,0.0,0.0,0.0,0.0,0.0,0.0,0.0,0.0,0.0,96.54721321568752,888.2869417009734,867.5745591297323,843.6170960417371,881.3953785321086,883.5605779982163,860.1692960122804,840.2710356612317,826.9741920038299,813.7713908315189,784.6047770057181,814.1392931770051,850.0732054739622,124.43155622938133,78.8245169979026,41.073808450318694,13.73367195188294,0.0,0.0,0.0,0.0,0.0,0.0,0.0,0.0,1141.8403569759319,1232.754053658096,1259.370958002591,677.8139920180968,450.8994666791815,530.6760949281812,586.9113213023866,643.9773506469467,694.1235249256849,723.2221537376918,793.043988828354,816.9153779372896,884.6577587738634,922.2966732809214,945.6501146276919,971.5426203703815,997.40497590667,897.9184874171624,724.3755086837785,671.3564495297387,726.9715713678759,729.0795890720351,724.2735468169789,115.77686263212661,0.0,0.0,0.0,0.0,0.0,0.0,0.0,0.0,0.0,0.0,0.0,724.6523045357415,723.5544040223398,730.1914665393381,725.367218437931,716.2524073171752,747.044733098096,657.9558748882604,550.8235959750517,551.3660249365431,554.2994314010444,535.6118101981314,538.7346446134486,532.586201294872,537.7863266455144,543.8574260824413,543.0717478347633,573.2140310343212,588.7887523344518,571.4454994411452,584.005943566458
2025-02-24,1402.3719948930388,1391.4349552189826,1415.6822635682593,1394.4127037066196,1388.3581747908133,1407.4551441250674,1250.909248037523,1421.9376731630869,1416.2718289144634,608.5928178188533,606.3994710738702,1425.3530949512183,1432.0070048720286,616.1618397684571,613.3108792177795,604.8424347293449,622.1318496678642,616.1986932506537,601.2795249637261,616.193553365443,629.5928787261848,633.9703222850136,633.5176359429138,669.1635857588126,670.4310524091392,669.4590847012172,672.9373581327939,697.1907614103797,702.7972782301146,668.9793557249416,671.7709557858312,691.4695897576181,1478.332974541535,1471.6281526155806,741.2964680306229,39.322101533633486,7.423033776887678,0.0,24.469700615490638,804.7288731845404,776.0602177948973,740.186407641038,726.2283098339572,663.0190371236084,562.551191903529,1323.6068132296039,555.791417658248,0.0,0.0,0.0,0.0,0.0,0.0,0.0,0.0,0.0,0.0,0.0,0.0,0.0,0.0,0.0,0.0,0.0,0.0,803.1537134894957,801.3436048161642,751.2254057704401,740.1855855922216,721.5170642142222,717.4313108797019,702.671264484834,738.8358772341146,690.9820797567081,659.1124119315205,693.8450200628549,716.5458513479138,0.0,0.0,0.0,0.0,0.0,0.0,0.0,0.0,0.0,0.0,0.0,0.0,1123.8771885155957,1156.5939377592706,1166.5380148439667,518.1023023151084,475.5276996242253,524.5627402033806,544.9792948561998,638.3175098265252,689.1693564841206,726.7424968672652,767.2763152903519,823.8616896259566,878.4716953822524,914.0577722667626,935.465572123199,977.346577355547,1007.473557076895,876.2772697594462,691.4337630952044,684.5051285664368,724.8091355725462,721.3682231774357,734.8962315532714,150.18095401214237,0.0,0.0,0.0,0.0,0.0,0.0,0.0,0.0,0.0,0.0,0.0,720.1273563490897,715.0772591306913,728.7636687899643,736.3957115378253,747.0857035741753,774.0450654543421,695.3545318197122,563.8072277022226,522.6903927994787,550.6384671032706,556.8601212149596,552.5967298673671,548.0935217759334,554.179479663562,560.6972485748023,578.9367573650777,595.4484821720573,590.43710189159,575.4823485030946,563.8406153836429
2025-02-25,1420.4693056761707,1391.2656918418606,1419.1863695691945,1403.8718278144133,1428.7009624673906,1415.5371996595097,1252.8508137881402,1417.9217478671085,1423.7830768667518,602.0470210911985,608.5409186942401,1454.7154788098987,1438.6264270287613,599.7460803813734,604.9257675392499,613.0052373608229,608.9994609834746,601.2584748787964,637.9685343236137,655.0734653446028,651.4956607843692,640.6056859155921,641.2791525932374,649.6395663978917,657.0160153328741,664.1297673304059,649.6807110869084,685.7397087271958,697.0640513228468,664.0516676171422,658.6236178342328,668.9836278281349,1520.0316895620715,1500.0206398196556,731.2222678082236,0.0,40.0336244547733,740.7124660500705,0.0,830.0995392935855,763.9652724270876,741.2321862755742,681.7852516453361,654.1009356854195,574.185469052337,1313.7320129195,554.1647156031999,0.0,0.0,0.0,0.0,0.0,0.0,0.0,0.0,0.0,0.0,0.0,0.0,0.0,0.0,0.0,0.0,0.0,0.0,775.9056022748679,809.5081639220316,798.215744126535,818.0292206833566,871.7449852126215,809.4547238021171,756.7661983944834,846.9433467080668,821.19716463112,789.8032827372929,784.403796897326,804.697551318152,12.34487159141949,13.660085889008755,0.0,0.0,96.28393664432274,0.0,0.0,0.0,0.0,0.0,0.0,0.0,1090.44243494116,1140.1795365758244,1198.4628089285256,695.0740388615934,481.3318850059861,501.4651541504689,544.7152942035153,636.6696513993952,665.4352879919254,718.6389478722558,765.4123940666909,834.5151779937353,857.433493845376,925.3959658341137,950.454138444751,1016.5386637795242,1010.9438051923364,893.2427346208517,731.6863052392843,706.1777935312979,731.2171278093692,711.183117146936,739.5838453410903,212.12414196617988,0.0,0.0,0.0,0.0,0.0,0.0,0.0,0.0,0.0,0.0,0.0,727.6206711317172,742.1367029622177,737.7476229048816,716.5461509782104,783.0323006137488,791.3259639667085,663.0182939356976,541.4900754311739,538.5414926013137,539.0195526032246,512.2181967677998,534.6397820644612,554.7091994084898,558.459288078029,557.2695393861726,570.9512318133679,580.703393240979,578.3750985736292,564.0357837380146,564.8921768907434
2025-02-26,1407.1844498409864,1401.4562675013376,1365.6113666683732,1383.8278024047295,1411.839694962288,1449.7980290750606,1266.2790055967464,1439.0449083456167,1424.6457481644775,586.5679060785477,603.5230291247161,1436.755393363268,1435.9258620052653,609.8618783655318,592.0156614766717,606.0111276855487,630.2480824174118,617.5379414086457,604.3144971308373,630.7857667365661,656.1568386515587,638.448384657996,627.9647377861276,663.8363837012014,688.9258154374312,668.1912395408245,654.2707826460116,696.8507273253853,706.3259186970558,672.1167412067699,671.7060837677128,675.1021066619759,1479.221492456703,1467.4353237429173,718.7724491622729,7.221804982248386,0.0,116.48385740854462,12.991759964564153,813.44268657558,764.2919883652523,742.3240328121927,722.9366256824701,662.5306025192747,581.3173457861735,1305.187027540399,555.6723462185425,0.0,0.0,0.0,0.0,0.0,0.0,0.0,0.0,0.0,0.0,0.0,0.0,0.0,0.0,0.0,0.0,0.0,0.0,791.5097067657075,771.5997534071873,698.7016747148888,688.585916485833,714.3130400468243,672.7549359441127,655.0761049446787,673.1990683937187,640.1921849589293,619.1812472718091,625.9437046485341,705.5964346480281,0.0,0.0,0.0,0.0,0.0,0.0,0.0,0.0,0.0,0.0,0.0,0.0,1076.9877425635402,1089.216252388442,672.2526362620662,394.2231192653888,468.6831097909338,530.8414867931442,551.4868363976551,639.0036263799766,687.1270402762366,727.5678551252535,758.8421795876973,825.6860005775677,859.726123882908,878.5529298591345,942.5799609808861,1006.7087720201491,1006.6597247667211,877.4676067078868,726.7409669407825,707.6767547566994,723.3104608304175,711.2073843210171,737.3226434814004,223.79735941571562,0.0,0.0,0.0,0.0,0.0,0.0,0.0,0.0,0.0,0.0,0.0,733.3784459840986,747.330470554324,726.9411912140727,738.1197369002803,745.0554345552598,775.1272948872294,701.1380595878629,570.0137331666172,548.3603934904061,560.3183012893992,561.4194790847056,560.6860552228007,554.7236685271271,543.6014914639637,557.046655072474,560.471973952992,550.6728113117376,570.9759640992258,581.3076069388785,552.4821750066728
2025-02-27,1397.7656935692821,1408.4928515912104,1398.4086097808415,1420.5734536296434,1455.675916425193,1454.1942436334998,1279.974412740286,1427.9053384531403,1416.304413557753,606.0747571299787,608.5695455831728,1438.5930652448442,1453.8314533040852,595.5927666754344,616.1315779854726,616.952872004463,589.5825532554725,629.3329271586576,624.7782868447811,612.1425258530525,618.563292768997,644.1606524742783,642.2650260343241,654.4910816879701,658.1577365265069,648.7017967358449,664.5932395335126,657.8130472459726,661.4515480060079,640.8579651424822,675.27610430103,669.2069523477792,1499.1047665885196,1486.5617908743243,719.9021837528169,24.81768938091136,21.42515812230181,167.20239617051755,0.0,816.3870088303668,763.6802146769561,746.563649188563,713.6945366493915,689.0401560195828,587.1603378888831,1335.254014313089,565.2344383027977,0.0,0.0,0.0,0.0,0.0,0.0,0.0,0.0,0.0,0.0,0.0,0.0,0.0,0.0,0.0,0.0,0.0,0.0,720.870545717292,712.2229888158037,734.396383860375,701.5535176094745,636.7123538301661,636.8176148207381,629.4329698111951,610.2765593666884,582.45838329189,622.8908066430502,614.2825925737925,675.1158754723308,0.0,0.0,0.0,0.0,61.780324633322394,0.0,0.0,0.0,0.0,0.0,0.0,0.0,1128.0591173992598,1135.3656245705433,357.22108650889567,359.8967183758258,432.28534245422225,472.8207643669209,516.7492909389975,582.512192130793,650.0641497602189,731.3474765803073,766.9517336054564,814.8447019308926,855.5805164718164,919.152681740317,962.0420881115832,992.40586891823,1015.4294265126632,912.7055652037797,753.3186549715514,678.3404514900503,718.6383028503659,722.8556641841203,727.5916371187569,226.4405752690701,0.0,0.0,0.0,0.0,0.0,0.0,0.0,0.0,0.0,0.0,0.0,728.1582120941763,734.7487402808356,731.2513963809934,712.4181295896665,769.3454814268495,776.0240840860813,700.0480259112561,537.3339700264974,541.3045184797114,556.2534930545894,564.5651317368813,563.571386654569,551.0093297371955,562.1279059846871,564.2902680451192,578.1646137804731,579.335471947356,585.2236267928448,496.66398449031004,421.35096479378393
2025-02-28,1234.1078709021613,1252.926642655048,1238.3463398326107,1282.7411552322183,1289.9956121774758,1296.681538466266,420.2644568426855,1214.9336493829805,1281.6978373266275,423.69704803417983,445.24245829247496,488.30480114456776,1311.307106930385,465.8450798692498,511.030059955516,486.3057293876141,456.70566747954126,501.679807879224,465.38844917851793,472.1764522124374,509.87150776691453,499.73328270778586,498.87448033928433,472.3807253265014,493.16556809652,484.1854461176656,542.9575169095733,495.757407008041,502.0982428787656,522.145588950331,491.3990831907635,473.47864730554727,1350.2424595699026,1374.57114304186,0.0,0.0,0.0,0.0,0.0,0.0,0.0,0.0,0.0,0.0,0.0,0.0,0.0,0.0,0.0,0.0,0.0,0.0,0.0,0.0,0.0,0.0,0.0,0.0,0.0,0.0,0.0,0.0,0.0,0.0,0.0,0.0,0.0,0.0,0.0,0.0,0.0,0.0,0.0,0.0,0.0,438.2992485793219,0.0,0.0,0.0,0.0,0.0,0.0,0.0,0.0,0.0,0.0,0.0,0.0,0.0,0.0,0.0,0.0,0.0,0.0,30.71555698350567,95.97971503913311,176.42166132021254,264.7885362247004,382.43216083066994,397.773533256208,387.7918366192821,403.32417765916034,390.94907057903447,436.12809442604066,429.1977307548185,455.28570866844325,218.43150512349547,0.0,0.0,0.0,0.0,0.0,0.0,0.0,0.0,0.0,0.0,0.0,0.0,0.0,0.0,0.0,0.0,0.0,0.0,470.40144443021296,483.46477159811906,474.91071493009156,496.32739507859725,467.76436513801957,452.8633561552843,422.6121584994987,397.5782425554224,380.0097188593108,395.3166564683087,395.0380617784,391.0083158271244,390.1985022340356,390.98373239632986,398.97577394710845,397.14151375205523,395.6308157266649,447.05475005921744,434.56593253534913
2025-03-01,1250.8497538785523,1266.5172208914446,1259.0960979227007,1285.8935368733987,1288.304261969555,1305.3692023104882,450.0666418394001,446.7521324155891,1278.180104528035,451.66815588054345,437.97366522401416,478.40123193265276,1335.004439842615,473.3697828099278,480.2829094638297,483.21675308909875,487.7403906809907,481.9431366580425,501.4831686659121,513.230129828116,519.6276907534549,497.5226057187128,510.12193398717704,507.64724598278315,499.6577111448216,501.60168225534085,520.0061420901645,474.1072506740403,495.14428201228736,516.1366629271754,513.1612374482908,531.76972607935,1035.9267411772746,1374.1757616508935,0.0,0.0,0.0,0.0,0.0,0.0,0.0,0.0,0.0,0.0,0.0,0.0,0.0,0.0,0.0,0.0,0.0,0.0,0.0,0.0,0.0,0.0,0.0,0.0,0.0,0.0,0.0,0.0,0.0,0.0,0.0,0.0,0.0,0.0,0.0,0.0,0.0,0.0,0.0,0.0,0.0,0.0,0.0,0.0,0.0,0.0,0.0,0.0,0.0,0.0,0.0,0.0,0.0,0.0,0.0,0.0,0.0,0.0,19.983482097619998,56.98084309541547,69.56251201661587,172.132139726231,169.95927134941226,239.1000338968384,296.51265417067447,341.94830764744694,336.33967318797016,349.02196385835424,393.09727530405644,431.07798783461413,471.89745959196307,481.39047710275014,490.51586435655656,0.0,0.0,0.0,0.0,0.0,0.0,0.0,0.0,0.0,0.0,0.0,0.0,0.0,0.0,0.0,0.0,0.0,0.0,458.85469316027275,470.889669893053,481.12178272857176,512.87151272654,484.62174763855984,481.2671098194101,392.16512464079113,393.1586994839649,390.30975860734225,393.74540770151293,398.7024351976513,401.6787537480856,426.51726559679037,409.3753476188177,404.4766943888187,403.3099725140166,400.90896069779876,461.64067612258987,575.6508604323622
2025-03-02,1427.1160832057144,1415.8668853023964,1404.2414994130768,1419.0636960903412,1418.691607345962,1407.3050770500395,1255.9824436738538,1431.1343614603552,1451.7216247138385,624.3260899978538,616.1017011513873,1414.8912397154932,1407.7297522948822,599.3621209608706,629.3323184956731,622.7677186431733,614.700630469978,615.8574681189336,640.5816166865262,653.2626091883237,667.9627457665134,620.9344139298361,623.7235391101033,643.028255067622,645.851829638752,663.1991943546421,697.1169018637381,656.7156907422076,684.111834722273,682.8046290424335,682.5567023015099,690.189389342939,1527.9990215808937,1490.8333548573714,722.3133273890049,22.963802916406053,13.787515694455237,310.07157949590163,28.677083109062778,806.4969451673851,762.9919218300478,734.6813680133338,690.5353423055935,602.8551801492476,581.3480527534447,1380.872265249695,546.6123198301271,0.0,0.0,0.0,0.0,0.0,0.0,0.0,0.0,0.0,0.0,0.0,0.0,0.0,0.0,0.0,0.0,0.0,46.469595314514535,830.3188050854753,781.3349037677405,734.4402153669487,757.0645275508783,780.2548821243427,739.2105173472555,652.1019614612644,691.9085653266602,696.4710758751407,700.8195272451605,729.378604425534,774.1461252654962,0.0,0.0,0.0,0.0,0.0,0.0,0.0,0.0,0.0,0.0,0.0,0.0,899.8950286355914,1085.2345464974462,306.7337779091038,447.3186901451754,509.2529458693003,502.36264329072867,564.2990426442362,594.8259205194055,680.566113053528,699.7690350602454,733.9954874724588,813.6178780521013,851.8146600045076,887.3270777099445,921.8728942160974,989.8483947864895,1013.2529663885579,899.0168971470239,734.479168963475,676.5341228798065,731.9188832101926,747.4636734987375,751.833667038572,240.56601809210554,0.0,0.0,0.0,0.0,0.0,0.0,0.0,0.0,0.0,0.0,0.0,759.0911491107322,711.4462970203925,735.9961352500362,733.8278488914755,729.9705241504043,744.589031523465,682.4098230173328,574.6759270233233,553.9038473541817,571.5392383611077,565.3085968803721,517.1146822241604,514.086860637541,569.0587343369509,566.6123661146149,562.5458425449333,578.2813193661567,566.3420336605692,560.3702639175267,577.0225436654657
2025-03-03,1404.4043512407588,1397.58192210974,1413.839914058258,1411.1967864086714,1405.2999921867806,1397.1408668453205,1248.8352203905501,1432.6685924007877,1432.6267153403799,604.3842139068784,588.2809734203029,1444.050602656162,1457.7150847536036,632.1604064411282,599.0229720537855,588.1019722029145,624.8732727317421,624.8177374637336,628.857944276122,645.0058411874492,626.9542380907722,613.2268160698075,637.0937682522945,656.0920324478708,656.6989908755899,683.419693369022,670.8124008411103,652.1558342479327,648.6499534689107,648.857821581462,659.6365966309017,675.3536875759858,1445.5827424010404,1493.6353107579416,718.8231622596741,0.0,10.757832890137365,0.0,0.0,0.0,766.7469891635575,733.5042870743073,613.0449539155255,591.5982084696091,579.3772709011488,1331.8477272451764,470.0171908655883,0.0,0.0,0.0,0.0,0.0,0.0,0.0,0.0,0.0,0.0,0.0,0.0,0.0,0.0,0.0,0.0,0.0,0.0,758.6881026107817,726.2329934854738,737.1467647531642,772.0964468193122,649.0371561104571,658.1020156545575,609.8170537081975,721.8467317537767,621.6345626463395,661.5667173838922,659.5893504189676,712.8418577697286,0.0,0.0,0.0,0.0,0.0,0.0,0.0,0.0,0.0,0.0,0.0,0.0,915.6728451446854,1100.1638253361864,325.8999583327774,422.0210209067348,533.0622724461307,566.4723230747574,541.283664921019,606.3583339923924,697.6368948861023,745.2051292340626,739.7298822955552,818.0674644588951,885.7401462630803,935.1721976735411,942.3537142886091,1001.5570527490479,1023.5529813164372,915.8815375172363,728.8041948173798,704.6606159394398,738.719932323486,728.6728120967367,747.6811908640499,216.9415039560629,0.0,0.0,0.0,0.0,0.0,0.0,0.0,0.0,0.0,0.0,0.0,752.7752716852216,737.2488141922087,740.3480356454335,727.253547463127,738.0924072010649,745.109711586176,692.5258765456717,550.1348599659221,528.7061719381102,560.750178139692,549.8175792800865,565.3264386303756,559.9231900812902,555.7562119702632,575.2912213652403,575.7035108505631,572.8858742838738,575.4263545188942,570.3124793980594,581.4820698056566
2025-03-04,1404.8027807038548,1413.390123559044,1367.2108256313636,1396.2075407753255,1409.615688538724,1421.9353134687815,1265.2691113389378,1422.2431766405443,1416.6240224284475,593.2013659158101,600.8915816149016,1432.6653320221517,1455.4176910587069,605.8617643865616,613.7960901505705,616.5596354753756,628.6363281301815,639.7586207361757,611.6822516274548,639.5711055724887,658.2389814708907,635.4964182634137,621.1363254123689,632.2139345906224,654.4328484264929,649.562434372086,669.1175777451969,656.3694421004635,674.3648621054454,646.8424265242927,664.8802267361588,684.1534999432059,1493.2949717630509,1510.6695121107864,736.3208260219498,3.5663262664089643,30.208514035852772,0.0,9.299369205880225,129.13057445565164,776.545566939586,727.6278367257879,642.7043445026269,614.9010737388363,634.6662448502781,1290.3399170564626,565.8864544090403,0.0,0.0,0.0,0.0,0.0,0.0,0.0,0.0,0.0,0.0,0.0,0.0,0.0,0.0,0.0,0.0,0.0,0.0,781.6581518731938,748.0815046750099,713.2226709578563,759.77413392869,692.6340834155515,685.0760808009213,625.0674122958338,612.0272887222104,621.7421999169594,600.3766174967097,662.3394754181384,753.4048685408537,0.0,0.0,0.0,0.0,0.0,0.0,0.0,0.0,0.0,0.0,0.0,0.0,1119.3821301783332,1175.5745387645761,362.3672623851202,410.0893678369364,497.5086837139604,532.8593346571084,537.831984550392,601.9527292006417,697.5312298785481,749.5273077877505,744.6278249275578,823.3033329626869,901.100998195802,914.5934821666579,947.634553334761,982.5513022864352,1014.8750654663262,918.760241731818,745.1743617236621,699.4651431507351,735.643088977261,740.5566744107751,749.9063767338904,197.2285383144672,0.0,0.0,0.0,0.0,0.0,0.0,0.0,0.0,0.0,0.0,0.0,742.7706582195267,732.2505156926749,741.1923497981172,731.9394676935351,734.0059686365117,745.0450931340135,659.7553975785664,549.753880578237,541.0666720371869,568.0118564459237,537.710881892649,550.3075725564288,554.8745579066187,545.5848842736905,573.047017948423,575.161748074395,562.3922475772214,574.5331601596085,565.1255821441443,548.8634638364417
2025-03-05,1395.0324992374653,1433.8133813610757,1409.346869693965,1397.9942608240972,1404.547751513019,1427.7172195944713,1269.2777732356267,1440.2148945837994,1440.1569180639087,607.3675026255424,612.3198634277843,1448.1873368442593,1435.227949788554,609.684268927731,627.3952154513856,624.3995989211345,632.2041467029388,636.5229818838172,620.3219732212347,646.3612010381127,649.2453497322227,618.7471650405291,608.2123748199314,651.3700280328671,660.3639192185925,670.1859822871711,676.5864210880972,645.8753320162195,678.8112442731951,660.5222061267525,675.1901729666856,699.8452783846195,1496.1130340055065,1495.6977520488624,712.2952469951184,0.0,31.874700289243037,28.42429156063804,9.544254550536266,557.8424162195449,765.8449181423912,726.0781198093646,614.9649656456379,595.8072072904941,617.1255488376032,1281.191397518012,531.1071473307421,0.0,0.0,0.0,0.0,0.0,0.0,0.0,0.0,0.0,0.0,0.0,0.0,0.0,0.0,0.0,0.0,0.0,0.0,689.0745933846505,706.0007157470592,710.2682523261155,683.0481271495512,680.1180206046383,639.6681090100085,603.2947307055402,582.6287501065167,597.6420769745891,584.0819491507261,624.2514118233695,707.8463015501283,0.0,0.0,0.0,0.0,0.0,0.0,0.0,0.0,0.0,0.0,0.0,0.0,1080.6411952582268,1127.5443829842443,296.4001709032845,410.3474508819695,496.59809326403797,526.169564419535,553.1740059822547,623.9595668599127,707.8458310878143,728.9098057143137,731.0016613581197,807.9733247349324,895.420066068987,929.1556634926472,946.673743019191,976.9557739584887,1016.7794149596256,914.5645726093253,738.4228132346757,695.2137443712498,731.0815402160373,737.0770537103639,750.694713401649,227.52909328280646,0.0,0.0,0.0,0.0,0.0,0.0,0.0,0.0,0.0,0.0,0.0,746.8868378116545,739.8413794498127,734.5803792118282,732.1895491228,741.3875774355323,745.8699631703099,680.4603293657744,556.1022815813145,497.19908747427826,541.8892908646278,573.5725077424191,561.7784750168825,538.0142096185431,559.5288190370364,576.5685939811159,564.2393004877771,566.3809387891188,569.1095776448386,575.4123729493634,563.8641341812641
2025-03-06,1397.6760947902546,1402.7388241767294,1361.6341041050239,1402.352270460899,1429.5182301506607,1444.302349272511,1291.2078460616972,1431.4031185566287,1417.9971523862498,591.4091506411065,595.8174219656137,1406.5498653642167,1434.9822156170678,601.4103737377523,606.709578891076,591.8479864779765,631.3951806803426,621.4864176954355,612.1411847793604,615.0159112908062,625.6885762342453,641.2651407002714,639.5174410905768,649.3838833745624,653.220604505638,685.5319009465287,645.1858931070799,649.6555888141488,644.8583954516289,629.5529280030544,661.7895531422628,688.4880292789105,1503.0381317967385,1481.364913625059,701.2776923662287,0.0,24.36522185424974,27.10275262109667,0.0,645.5846848920078,739.4795223497817,719.0323334912291,652.80034964224,612.6344397488142,603.7114014197308,1338.1291525846602,538.5819406181856,0.0,0.0,0.0,0.0,0.0,0.0,0.0,0.0,0.0,0.0,0.0,0.0,0.0,0.0,0.0,0.0,0.0,0.0,793.3598674239706,736.0399620187908,648.4781896164501,649.0631324499968,616.0876637573035,643.4407647353937,644.6379462084418,598.3986381131131,572.6765599604189,574.735483098972,613.9576080888211,696.1133951341528,0.0,0.0,0.0,0.0,0.0,0.0,0.0,0.0,0.0,0.0,0.0,0.0,683.1450705582988,1068.7100718055262,338.6891578042453,374.39622692629695,448.0716610537834,469.4205709349969,489.32452446100115,562.9212541053267,639.5980876331473,715.5336502111644,726.9765984949785,786.0900435995043,862.7466012801434,900.8642525233677,957.7045278738913,1003.4148929269585,1019.8009184695392,922.0037238782378,734.4800575979469,678.5334136029979,751.2163290311225,747.120616442881,755.7908491600023,223.42731360838036,0.0,0.0,0.0,0.0,0.0,0.0,0.0,0.0,0.0,0.0,0.0,764.6752611319174,747.7146158212047,742.2349193826512,736.7649896358481,736.4640137570841,744.3074570658322,666.1406340040717,553.6893089153335,535.8608071980113,564.9167565203439,544.3957399859158,544.7846307158682,558.5437553881056,575.751195412306,558.633051986656,557.1960609883322,553.3775810265195,571.6312787486349,504.6163536061616,403.566517281729
2025-03-07,1236.7940917120127,1285.311715847806,1292.1040404801568,1271.8594673665946,1287.3209605624147,1268.9007505312386,435.569599100673,437.7766459714865,1283.049836242706,453.29688995485475,455.230309922863,449.02692084065194,1281.3681405161888,483.4529996972061,485.82886279603554,487.55179258023753,470.89821291633376,472.3868948785034,464.23126465919603,484.9527893481007,472.4438165110158,487.6844700328383,496.4164145522224,498.3980246227915,498.00937841812026,510.8399162239954,498.9367444866966,519.3349366931509,541.6506970025218,540.4614931479314,537.6914610593694,546.2470882297366,770.4376996434571,1378.1816258918602,0.0,0.0,0.0,0.0,0.0,0.0,0.0,0.0,0.0,0.0,0.0,0.0,0.0,0.0,0.0,0.0,0.0,0.0,0.0,0.0,0.0,0.0,0.0,0.0,0.0,0.0,0.0,0.0,0.0,0.0,0.0,0.0,0.0,0.0,0.0,0.0,0.0,0.0,0.0,0.0,0.0,0.0,0.0,0.0,0.0,0.0,0.0,0.0,0.0,0.0,0.0,0.0,0.0,0.0,0.0,0.0,0.0,0.0,0.0,0.0,0.0,6.579415482478552,81.75997573909177,187.8374404091967,253.41744375566748,346.93486719453955,344.5873908206956,317.7329943331788,323.3264221181943,391.92801452590896,457.93825054012933,466.2545716350687,439.5846127956315,0.0,0.0,0.0,0.0,0.0,0.0,0.0,0.0,0.0,0.0,0.0,0.0,0.0,0.0,0.0,0.0,0.0,0.0,481.2245527993359,522.946719287644,481.6739276780702,500.7073274913624,524.9090089523053,448.1285747958221,384.81822395929737,382.94851652073544,383.31741164199065,402.85498115725477,398.0213962697538,380.1052603455906,414.34037038800324,448.1147766762271,430.5457772790688,393.15568329562973,396.2347963851549,434.93202527606576,437.9372487439946
2025-03-08,1274.2489570367568,1273.2838039099288,1261.552190869103,1286.5473319798803,1287.5865028961457,1255.1277067097067,428.5232101025353,426.0197048097053,1281.9705193269556,437.6324626550286,430.0605032666659,466.2889831476374,1034.5551595979498,486.21173520516606,478.5598796633107,467.7966894531694,471.7318872276895,471.5167913930728,462.1521354229378,496.2177818281557,480.88162933847275,456.69219611702266,470.1411173444517,475.9212819609704,493.6448011184221,457.2264641106092,461.8722996199159,448.47641699915835,465.8610060787507,488.5305223509746,514.0854953900941,520.589140913972,531.7557541136404,1341.8243678717865,0.0,0.0,0.0,0.0,0.0,0.0,0.0,0.0,0.0,0.0,0.0,0.0,0.0,0.0,0.0,0.0,0.0,0.0,0.0,0.0,0.0,0.0,0.0,0.0,0.0,0.0,0.0,0.0,0.0,0.0,0.0,0.0,0.0,0.0,0.0,0.0,0.0,0.0,0.0,0.0,0.0,110.43418586172562,0.0,0.0,0.0,0.0,0.0,0.0,0.0,0.0,0.0,0.0,0.0,0.0,0.0,0.0,0.0,0.0,0.0,0.0,30.07014371676818,40.42324616186239,136.71380943625672,176.24223499652547,252.81904312130274,317.36369116563446,314.2799058347525,291.7381408224426,367.0581083892626,387.8422093547891,431.9205977657198,470.7656377687526,476.3439834308023,0.0,0.0,0.0,0.0,0.0,0.0,0.0,0.0,0.0,0.0,0.0,0.0,0.0,0.0,0.0,0.0,0.0,16.216495926030518,464.1352205701811,491.69361855166727,507.3690198948661,489.93946443846636,486.91458243640443,485.13569319755595,383.398566401468,411.7863224915419,403.1181772207177,387.66784700973443,384.8339755293407,387.85040834201567,420.89253300537945,409.0046785940115,387.06353922689044,407.52559349447233,396.15930717706715,478.3880244107894,565.4839540345235
2025-03-09,1400.4792435010065,1411.949301876341,1407.3141054263942,1401.0563627744204,1434.2448799901547,1434.193191276047,1243.8763272689691,1414.6698441871877,1439.075270322112,580.1445967109328,588.7732932337027,1404.9232172483166,1416.5818215605168,588.0406196395447,608.1686212284483,614.0373475148459,613.5844994174095,610.5795049414179,603.5239434873215,617.5019695670684,604.9383305489105,614.1516220061362,586.5251815658298,620.5128605740717,650.2308507204707,623.5298376423576,585.8973768744723,623.0378289355292,619.080159912238,633.7181848427301,624.6696217386313,643.2381652867393,1466.9149412001527,1447.5245897698728,677.058162660737,0.0,0.0,220.3824953597217,0.0,745.7198297932845,696.7604347279588,640.4389889051943,591.8205682602998,553.9301990817997,528.1984904489266,1309.955447986249,486.31097266524193,0.0,0.0,0.0,0.0,0.0,0.0,0.0,0.0,0.0,0.0,0.0,0.0,0.0,0.0,0.0,0.0,0.0,0.0,757.8077621007952,812.1550860445176,730.5389888811635,732.5419904397706,741.5419805044313,814.9498354373437,689.3462124484893,657.8767092375167,669.3638452773438,701.2206319070201,787.2378060449712,771.025231424883,7.535797604486733,0.0,32.70304047636829,12.530044676397786,43.39954884248391,0.0,0.0,0.0,0.0,0.0,0.0,0.0,1067.493171880778,1092.9973220887875,436.0049258737636,356.4381353184612,480.3480803341315,526.9207068976756,549.7677018538214,594.6691094075725,661.4663708024217,675.4277416341242,747.0881008758815,780.6190570439655,806.0811781526876,867.7230222412843,932.1827013106789,977.3910343054017,1010.0962648413059,902.9858606537102,731.0218835652058,692.0595289572725,732.1694758668389,720.423531143822,760.3921209456466,249.81641979210883,0.0,0.0,0.0,0.0,0.0,0.0,0.0,0.0,0.0,0.0,0.0,755.5035462370749,727.9665454198721,747.2864480434197,755.6716500591559,723.8485235020056,754.529064584982,677.6008780097513,548.072707226822,514.8892190855001,540.6653337139393,549.2752635631255,538.6529601383121,544.2235117424657,570.0028939979167,562.6516913680391,580.4517783653632,583.907442821445,567.0972867096935,579.7751635395053,580.1267128798046
2025-03-10,1403.8296503235167,1409.6030450285643,1399.8240568477777,1412.3444146063707,1409.5131334654752,1371.2951105889633,1231.8415508660246,1424.9615044612165,1415.972504684081,591.6720621613987,601.9466005659733,1426.485728036812,1443.7725889377161,592.464349594982,578.105265667502,601.1295758416611,613.8351779773752,605.7202919395212,603.9279043990534,611.4895678039344,620.0775998366338,616.7880545722018,614.3445164706204,607.6609947955538,608.802497317915,594.4229136263731,594.457375255671,594.3827362614983,600.282344753279,600.6346527229343,626.1377084366602,629.2868457540062,1459.6403402020487,1406.7853066386551,667.986602832105,0.0,0.0,0.0,0.0,267.54834178321636,731.7326136458134,675.8044613477244,581.4748812256512,551.144646423551,533.9536252863735,1237.5630199244904,504.0353933844606,0.0,0.0,0.0,0.0,0.0,0.0,0.0,0.0,0.0,0.0,0.0,0.0,0.0,0.0,0.0,0.0,0.0,0.0,692.0725653997526,699.4473124927324,703.457224460414,755.899009620437,711.7917977456228,670.7040113619007,595.7890193827944,563.0187738643301,579.9024361360775,595.1755761255465,616.6508342283063,649.2741589470438,0.0,0.0,0.0,0.0,0.0,0.0,0.0,0.0,0.0,0.0,0.0,0.0,652.735439489067,1159.5204965579046,370.9666675851248,423.59227112107106,502.29410970127117,551.1672118445965,551.6902021735298,592.7282642904753,670.8916859055278,708.1432338911783,720.6243621549197,771.9487054678303,809.525344687705,895.2467011112486,945.0529583778965,970.9988375670455,1022.624750476205,916.9991964198495,708.7717850671668,657.7414928598738,718.4090398825831,727.7261794356644,762.2698219343365,224.26448853542104,0.0,0.0,0.0,0.0,0.0,0.0,0.0,0.0,0.0,0.0,0.0,763.2362151603805,746.7052823282954,733.8694961702465,730.762683679036,739.0542983223837,769.4381188908718,698.9905449070975,570.0825692716022,540.6316048465036,553.870201912067,557.5907220343117,560.8045466954129,565.9048113050649,557.2718452772265,539.1089378359364,548.1985867941164,561.4517153165975,577.8953666751905,588.3033806279537,589.323611486683
2025-03-11,1400.9325558702494,1408.7868180123091,1396.858389106506,1406.2650065799162,1426.6038180997982,1427.369141536185,1264.6032343603974,1405.344777836088,1404.8630837297978,578.9670287780872,604.9089512111483,1432.6265573129717,1450.0225969528278,610.3698266432941,601.7673600995859,589.9421606724735,601.5231408893012,616.2741586893037,593.1521505324654,621.6716813108583,644.4617685955031,603.6669089127537,587.5235720630986,621.1544169719841,637.6518180701097,647.4994583027716,614.7150629448353,637.2333392907914,643.2635566713944,619.8394441185759,600.0714232684945,604.2684394253627,1457.8375064225675,1448.3336342245054,700.3295653445763,0.0,0.0,0.0,0.0,0.0,680.2713841242058,621.4235450064778,561.2592334317357,567.6768646090483,567.599312755995,1259.0294958469888,157.09413060544546,0.0,0.0,0.0,0.0,0.0,0.0,0.0,0.0,0.0,0.0,0.0,0.0,0.0,0.0,0.0,0.0,0.0,0.0,733.3991365700244,606.5523036194454,634.6136808376808,641.5431978226841,666.3506409639828,633.6405081293078,584.8158925296863,664.9272659868072,694.4140164074408,644.3677010700844,628.2120994440922,655.8255673483246,0.0,0.0,0.0,0.0,0.0,0.0,0.0,0.0,0.0,0.0,0.0,0.0,248.62296563456158,1034.0191009532375,297.41571295557594,364.0199240327846,450.6280263310795,568.2802662590059,557.0064857569874,587.5588967529534,649.2620747370916,731.5462015956272,738.6404839270288,751.0150094188153,832.4712829954668,876.4191210260861,932.2794167945995,943.1730646719873,1020.8188624421948,880.3513378946811,713.1173216412757,673.7728418648419,731.1376018443761,726.8692089061434,743.6129411195576,210.02379945440111,0.0,0.0,0.0,0.0,0.0,0.0,0.0,0.0,0.0,0.0,0.0,755.6280411298687,744.866217943638,735.394953567121,743.248544987793,725.9570949874702,755.5910053524381,687.3001726194308,557.9934926075746,515.4292995208183,556.2906743828331,565.6733669385278,541.7073343164582,555.1536846043333,547.9948308678495,570.9349075714347,566.449040246108,591.9138521371012,569.635918675224,562.4236153326987,564.420346278539
2025-03-12,1405.7417207580827,1405.261625505134,1398.1096937991042,1399.8819139275902,1420.3779175352465,1418.5485561665932,1252.890650845386,1418.1257390483584,1418.4718757402093,584.8682484468077,565.3242831592893,1407.7802237347341,1438.542355078018,619.8923557920484,587.0292758314162,609.0457179997345,617.3493697809855,613.3457759101192,613.2108244692234,622.5897078361943,628.3733888208773,588.5556689663567,574.6164947547361,615.1063669495005,644.6465598119418,659.69754388853,607.1820733306656,611.8015365139798,615.1367559125929,595.0759240119908,626.8811110562378,642.1047517571725,1441.811061759614,1417.381327961164,710.0250055335298,0.0,0.0,0.0,0.0,0.0,694.3094911465673,660.6575240990492,582.3632989750613,563.3640667217053,558.3758996097581,763.2262087249894,0.0,0.0,0.0,0.0,0.0,0.0,0.0,0.0,0.0,0.0,0.0,0.0,0.0,0.0,0.0,0.0,0.0,0.0,0.0,796.9543309779051,678.8548090999006,624.7819372053632,582.0089799900518,656.253358382963,594.2975858962225,563.7550524173912,650.0508370360768,719.4548595106123,702.9831090246826,696.6701836898317,765.8513726201962,0.0,0.0,0.0,0.0,0.0,0.0,0.0,0.0,0.0,0.0,0.0,0.0,582.8701571413445,1095.2302208028602,321.30583369545826,342.55774620566933,463.2166936844095,515.5318487229338,496.0931005706537,533.7445885005636,620.2985619148319,700.4502515132351,713.5171005393245,725.5265808433176,838.5510608691441,882.441315375241,914.7087474184043,935.7033683400842,1015.640250985058,917.1730400844912,689.5626319039536,682.1213122468982,739.573873116027,736.4008697145293,744.031315156156,207.69024036533108,0.0,0.0,0.0,0.0,0.0,0.0,0.0,0.0,0.0,0.0,0.0,750.3418698029424,749.7439273055929,736.1504884212404,727.3219193752676,744.0937687681484,761.3157461203455,668.8032067726256,543.4451875557578,532.0552322198666,558.2329728463291,556.7789527603829,568.7827580131697,551.1758018438519,542.286917841457,559.183105685195,555.2569760041882,557.3629713377666,563.392405647996,570.0646901709179,582.4863419088588
2025-03-13,1408.2548852518935,1402.4674203465104,1398.6910384598839,1417.4558597871037,1424.3302957527765,1425.019517258419,1250.5774404005642,1426.8323094948223,1401.9270565785775,584.7288011148039,583.8175150799342,1424.8449037822734,1429.4013238553111,585.6828882729703,599.9343482965045,597.8447338003588,601.2125960277762,589.7696440557012,584.7144130127577,593.3279873840111,621.3792752951465,635.7563017698931,633.0703070871866,611.4525779115709,643.2017661540309,645.0094111838546,603.3011072757365,590.6303859954636,612.8980510507447,608.9378333550592,614.8836272962496,628.466267259989,1477.8821814695007,1472.4990893466793,688.5142904413215,0.0,0.0,0.0,0.0,0.0,695.9659089828485,685.7365804284152,582.4096545435157,511.4701539171342,495.1971037256647,1253.4871311869672,28.500058620247472,0.0,0.0,0.0,0.0,0.0,0.0,0.0,0.0,0.0,0.0,0.0,0.0,0.0,0.0,0.0,0.0,0.0,0.0,710.170461130228,639.5691385680434,601.3729148200443,600.0412492885126,619.5164243766118,563.3766017809039,466.820635868289,489.25367161096113,501.3718107957744,556.5252426092134,506.5063620866941,198.51079619983432,0.0,0.0,0.0,0.0,0.0,0.0,0.0,0.0,0.0,0.0,0.0,0.0,181.43247266942262,872.7787094413271,315.93101176213156,309.90184577795645,404.29965120969916,500.8931682531918,545.949313912557,568.3310630072267,592.7636254412447,664.5338052589105,706.1023562890383,741.3373503641861,797.9787778545218,849.2710826868819,880.237512723487,952.00793633639,1016.6374024030829,916.7265884081452,728.2349077067342,689.0014550439183,738.8566997231721,732.3813643476589,743.1021248242803,198.83299719288846,0.0,0.0,0.0,0.0,0.0,0.0,0.0,0.0,0.0,0.0,0.0,731.1635290304984,746.638665786686,738.8584628545622,739.5890462609177,739.2270135562022,733.9833967165439,668.7921021459724,541.090362888902,528.0705619502922,554.3793213687097,549.8903562586107,578.3865176866606,578.9996044971757,567.6828443313904,558.9506251495467,568.9389604711837,564.3087243797818,556.5582602821105,515.2013823108286,421.0213462844793
2025-03-14,1285.1284597606464,1279.9379952759075,1235.8927890342054,1253.2726161070943,1257.2194572177757,1236.9589821722107,421.2181949719712,431.24775062925244,1222.4718063779897,423.450064700112,417.49845463821885,430.24486405365207,629.72107445372,415.18456852494506,471.3693748707385,454.5074528305588,422.3422196791548,426.287912996331,456.1477671145867,482.5129480298663,493.78441189579905,498.8710760842491,496.9094749011724,487.1228890206403,489.6232521628862,491.01193409738505,490.652363385045,474.58340106490374,486.02313520230155,481.0597051294158,496.8911024607558,498.92141800698204,512.452448021964,1347.6423147711557,0.0,0.0,0.0,0.0,0.0,0.0,0.0,0.0,0.0,0.0,0.0,0.0,0.0,0.0,0.0,0.0,0.0,0.0,0.0,0.0,0.0,0.0,0.0,0.0,0.0,0.0,0.0,0.0,0.0,0.0,0.0,0.0,0.0,0.0,0.0,0.0,0.0,0.0,0.0,0.0,0.0,0.0,0.0,0.0,0.0,0.0,0.0,0.0,0.0,0.0,0.0,0.0,0.0,0.0,0.0,0.0,0.0,0.0,0.0,0.0,40.70069573016194,50.353563370307036,125.62444881283254,208.39730194409827,265.77274800396265,315.2977677714137,322.61046415901126,320.618591504789,377.932697595295,406.0886772870013,401.16284379127814,426.24402178846043,428.02835204412287,0.0,0.0,0.0,0.0,0.0,0.0,0.0,0.0,0.0,0.0,0.0,0.0,0.0,0.0,0.0,0.0,0.0,0.0,529.9862318724706,526.1677206817383,486.0351538698686,483.88248045728807,491.59604436019066,500.792941158914,372.5227132285914,372.0194920676404,376.63656656060317,405.6259269940379,384.20285642486135,404.94888319943544,374.6826941710998,388.2039721239276,397.3528871726131,431.9764875739796,397.0066497320816,408.22226684311806,390.97031630295857
2025-03-15,1249.1058567802534,1231.98449103874,1231.6017597751277,1237.0299363064707,1240.5055044164667,1277.2674067200026,412.04528861605445,583.8737594232413,1278.275417228006,463.81186005048767,461.77186177769653,465.9998433082689,1303.4328953530166,445.1457001338939,466.95557805636616,448.5128671499325,465.34700075572425,444.5777699638353,451.04658476393246,450.66129560785106,463.40651934787525,456.92098918376166,448.36827382462997,479.2252926289875,463.3563630717391,477.9284755901212,436.4855870683647,468.20587900783204,476.62885181952146,468.49441095659336,464.40539447237256,426.2681755495091,1270.6800295105334,1311.1291616700403,0.0,0.0,0.0,0.0,0.0,0.0,0.0,0.0,0.0,0.0,0.0,0.0,0.0,0.0,0.0,0.0,0.0,0.0,0.0,0.0,0.0,0.0,0.0,0.0,0.0,0.0,0.0,0.0,0.0,0.0,0.0,0.0,0.0,0.0,0.0,0.0,0.0,0.0,0.0,0.0,0.0,459.81463650165267,0.0,0.0,0.0,0.0,0.0,0.0,0.0,0.0,0.0,0.0,0.0,0.0,0.0,0.0,0.0,0.0,9.938025718208237,38.483065317750885,22.093317306334285,52.93770160483329,126.71185778763807,142.08444778996272,210.44790941960764,316.99279144751335,319.21143543114056,247.8811732664277,307.65540983446084,320.199586225247,404.26466768187913,432.1181964520839,310.5200174632047,0.0,0.0,0.0,0.0,0.0,0.0,0.0,0.0,0.0,0.0,0.0,0.0,0.0,0.0,0.0,0.0,0.0,0.0,475.44400648451096,497.84992029276185,484.65618965691425,496.6503181981895,502.31197972811225,496.0937220751866,377.25678014410266,392.2336696991096,387.56774313968214,422.2018016856017,415.82210360048407,385.3676656274446,395.34694729265254,397.2557631477534,391.4137847677734,400.6847522796093,385.5784259595953,446.32357390730994,542.7684978576011
2025-03-16,1404.40822834768,1399.0811318418148,1411.3947383474997,1405.4666539816824,1420.7574466938468,1414.3330197883,1232.0399613956733,1415.1432872434375,1415.4450149140448,609.6182929333087,603.5305348407668,1416.6070952607479,1414.1482373463923,595.1436121133993,609.0603358029492,583.4675310819555,583.7615607451592,594.2084278574926,599.399728146032,605.5994697303181,615.4004707794434,602.779190714291,594.5971243791162,601.8026376928628,600.0886681777133,610.4130277664892,568.0088711711296,599.6411515840798,601.7074648585739,601.0391295340072,594.0414938731342,572.2872614949835,1436.519564904691,1403.0003337858793,641.8078082821166,0.0,0.0,0.0,0.0,0.0,637.1470374360738,650.0237664781447,570.8403236955752,533.6393510318037,406.2306193531507,1185.9906995509077,251.00982001217585,0.0,0.0,0.0,0.0,0.0,0.0,0.0,0.0,0.0,0.0,0.0,0.0,0.0,0.0,0.0,0.0,0.0,0.0,779.1623353368641,813.7278346991753,842.2625856352591,773.1902460336884,782.5287143073518,783.7874550785143,715.1355957944082,644.2345944658846,639.0490019182587,670.0727212960891,694.1624436858149,686.0427740260448,0.0,0.0,0.0,0.0,0.0,0.0,0.0,0.0,0.0,0.0,0.0,0.0,1037.5691203838373,1130.118079203449,326.9840384291405,315.3457136378309,376.40656297134893,440.6790617599979,457.5312869254097,510.96599437747176,553.8167356715912,644.2921578041985,683.6244341831168,733.6565102725446,755.8617454776348,863.5014306258013,864.4446839556398,913.7874973049705,989.468796493354,904.7068493328853,722.7932101159504,700.9204315011264,746.3177452582898,725.646002584564,730.9672912761733,204.73515485792757,0.0,0.0,0.0,0.0,0.0,0.0,0.0,0.0,0.0,0.0,0.0,743.7324579502183,734.564078506375,735.5636994111651,734.0438521235972,749.343712052066,743.2840445856706,685.3964196508912,540.4423778824402,541.4622603593988,541.2674484071749,545.1200969447393,552.4061033551749,535.2932786791098,549.1328237883898,562.9522264222564,583.495686788368,575.4015087513537,559.7605985798157,561.4822159018664,559.7440943810641
2025-03-17,1410.838677460434,1423.9548392335132,1412.5823236940496,1400.9841598925268,1416.1109036229764,1411.7449182038063,1258.252810167603,1420.5062664901097,1404.0874649862046,607.2695262745534,616.9273052597347,1411.3112917987855,1442.3380520092169,591.0698731270925,605.118116380997,588.6015681076886,612.4167748430193,586.2020193133858,589.1406908211538,609.9254802908092,632.3359167179373,621.0302439135472,606.6178704596524,602.8614999383594,594.6333588699812,619.6672669687989,594.1546341771684,601.0816887678915,621.4697912695933,605.5511305066019,593.3979155385779,594.5128583683047,1426.1771639616447,1420.9108270784698,646.5386078771381,0.0,0.0,0.0,0.0,0.0,663.8716075694916,668.5483905616979,546.4473281171361,544.2506222147614,500.65776392079835,1148.512440150935,219.54876860792683,0.0,0.0,0.0,0.0,0.0,0.0,0.0,0.0,0.0,0.0,0.0,0.0,0.0,0.0,0.0,0.0,0.0,21.419191477754964,854.9508386011096,898.1020972640184,886.8879531034596,860.1006847666471,868.5403951219373,876.9499938030941,900.5265386053273,891.6061485423139,836.3440757549471,794.8863465911741,829.7961613855136,851.7879820518261,33.07280622707769,0.0,13.407519957599078,0.0,0.0,0.0,0.0,0.0,0.0,0.0,0.0,0.0,1124.188345364333,1165.3510858195577,370.31309047824357,370.4119551014549,428.2311712544696,446.2221858962107,497.3077185458436,552.2609032458118,569.2216550345123,659.6581655354314,716.3253430648783,760.6110876854711,809.2413817970449,886.6544448518438,895.3342915358235,936.2788378018275,1009.8009668752115,900.1693145627023,713.0097605083415,671.04766216341,749.2526434446739,739.1025808826657,731.2328064744671,198.04725048680848,0.0,0.0,0.0,0.0,0.0,0.0,0.0,0.0,0.0,0.0,0.0,747.3138431979248,732.2374036581094,735.1863253365956,741.7332841217833,773.2514005353057,742.9927525260782,684.0415994087073,578.8794826133651,539.308784215087,553.3687728479796,579.048748989218,592.6091208132008,569.4058517786126,566.8337177687948,566.6283729428185,601.3896421246126,581.9254756668388,564.6902280707991,555.7490755283108,585.0093058919005
2025-03-18,1413.992422737435,1425.5929561163398,1416.0330282718087,1418.62731252359,1405.8981092191555,1401.7788661385644,1264.6784223171142,1451.673718108979,1417.3630657992867,604.2522290067291,614.6925648254784,1440.3361171866968,1418.82409194097,601.036183436404,603.4040345635539,584.3032494353828,607.9632264041002,595.3653097497839,584.4933786402783,593.7580720017895,621.6259091827494,609.2522326840945,594.8821477499844,582.8139312913281,627.6745784375505,637.114400898603,602.8761678209825,593.8891893349571,594.7368583119147,605.8277709629294,594.813760834423,603.710377589697,1440.4806941149363,1436.992351504688,663.6631472533454,0.0,0.0,0.0,0.0,77.02647566612313,657.039052269309,634.0382444097527,549.3702396123253,521.2196066515845,464.0268785375915,1155.8227815774362,378.8553465743887,0.0,0.0,0.0,0.0,0.0,0.0,0.0,0.0,0.0,0.0,0.0,0.0,0.0,0.0,0.0,0.0,0.0,0.0,846.3941210806713,874.8776117700829,865.6046665530693,823.7054214895095,887.2578362897825,890.1392979829584,801.6304064200065,795.5271475909306,768.5058153610316,762.6330590439178,792.1185077515246,799.2168680737442,5.2306780121053436,0.0,13.504516363132126,0.0,0.0,0.0,0.0,0.0,0.0,0.0,0.0,0.0,1083.4344752058742,1106.4710731151165,337.6291136823974,372.5763436042042,456.47151815943084,488.6446527715715,511.31443524562224,552.5250257802622,578.1775587120752,661.1937850044897,716.8954576015017,746.1222412057873,757.9775027637372,860.8201520572463,891.6354088110096,938.9717261160756,991.7791697380324,888.167269753233,742.5655587909785,698.3458941097387,737.5222944052233,739.3294284975577,728.8009431300377,221.55688740456176,0.0,0.0,0.0,0.0,0.0,0.0,0.0,0.0,0.0,0.0,0.0,740.041359529842,745.2323691279399,739.1095119041047,728.0367037079794,744.8334723095777,745.4369923300092,652.1058696231288,554.4530706460191,561.4887250828281,572.0505042738707,552.9460492687356,575.7522173290574,566.0590905408674,537.1396712433179,567.1627956179311,580.5641562198928,561.1515684035945,557.7420552287854,551.8889356400207,554.8561735889102
2025-03-19,1412.6776978242742,1420.3359596213363,1423.5261472546524,1413.3510634629781,1407.6206021279877,1417.5839938513893,1245.6247662883611,1408.694600972848,1410.9907919946413,603.4391454850866,606.0286974089876,1425.6959195222985,1431.539744284037,612.9964633237475,587.8086142384092,598.8622542749388,608.7894661458865,608.6850599107855,612.0103212031119,622.0847380259302,616.4427477801232,606.533528280615,607.5891218452116,603.2297298121883,619.5162429782039,632.6764792959675,606.8145620073682,603.397464846084,601.1004589350658,618.6952875751078,638.4111829127668,624.3342154512392,1440.279549335986,1422.3588964354303,675.0684122203015,0.0,0.0,0.0,0.0,0.0,662.618360374806,628.040595148643,526.1401188588875,509.4160582736269,517.1801792340807,1170.833602848398,91.13844058478514,0.0,0.0,0.0,0.0,0.0,0.0,0.0,0.0,0.0,0.0,0.0,0.0,0.0,0.0,0.0,0.0,0.0,0.0,817.7809621539504,757.8974545328748,765.6084625210274,785.5101752082278,791.3144352875769,776.8452577039118,725.771411593189,707.9815261358215,752.3168803116212,722.10405431633,738.7679863165298,793.536663461747,0.0,0.0,31.136593360612164,0.0,0.0,0.0,0.0,0.0,0.0,0.0,0.0,0.0,1041.967886801467,1131.8196184745723,349.82924488187234,357.90552659098444,405.1882798804189,430.99978873911834,449.01806775478815,547.0293694102166,611.0272240717367,672.4984700240129,701.0984372349499,740.9854667824882,725.8369743693029,856.9812201107261,884.7030427095432,906.9771062450103,990.1843318497383,900.546073401983,739.9809930845009,698.8363918763725,735.9220240448426,738.2097496979284,768.685135292857,250.84541018590767,0.0,0.0,0.0,0.0,0.0,0.0,0.0,0.0,0.0,0.0,0.0,762.8403950079978,754.4537054211231,734.2069647086821,730.7228330192256,733.9109688075816,748.8116164417113,679.1956006906704,574.0299930546632,559.690345566135,573.6634486046737,570.0626498359267,585.5618256104553,583.7079752004846,562.9009645585498,568.2444156126182,575.8313690630209,586.7089056520592,591.2671939612351,561.28591471453,586.420215842137
2025-03-20,1412.6057557784702,1410.6446665072217,1431.149857810709,1414.988365476269,1433.8454928848664,1424.1618526851316,1247.9714664258152,1423.395441485301,1420.898525383951,593.7174179993806,600.4993966391252,1435.590609797446,1415.0069270199083,590.443500179308,616.2871363255188,611.7748349704423,614.6629630742527,608.4629750858054,604.7325718685604,593.68939254059,606.7998379793779,627.4184590685654,623.7585010110276,615.46591045224,642.5759266620171,634.2967392308502,613.219963094207,596.0780658075433,618.5413971088466,626.0757460890032,616.7610568076793,625.787224046386,1458.8259381481685,1462.093807680372,708.5543237683798,0.0,0.0,0.0,0.0,0.0,660.3297111645603,610.6357800897587,521.9550163493311,498.03815736031714,491.3957951106041,1199.3663222099551,0.0,0.0,0.0,0.0,0.0,0.0,0.0,0.0,0.0,0.0,0.0,0.0,0.0,0.0,0.0,0.0,0.0,0.0,156.15781134709314,902.5786680463729,876.163832135049,862.9026596231206,923.9481463057404,980.2707164010808,951.1089221539862,928.0449887540693,927.4372206770519,893.9143513041432,838.6510412238506,829.2799214739177,874.6631674568156,48.895405026993956,0.0,40.90840449126014,0.0,0.0,0.0,0.0,0.0,0.0,0.0,0.0,0.0,981.6700936321508,1051.1070489016954,286.9894857979092,299.30344715049625,351.75848527040006,373.27262242100625,457.90370059899385,524.1961221058093,615.327177201383,672.7721612255565,709.4810293185174,746.4927367746119,781.8220524475643,839.9139090567467,874.355725244089,915.0359548435632,991.2618552545744,910.8990014645402,746.1646176637698,702.250953981067,739.2462280491271,728.4891441479797,773.453391670467,280.71650358707166,0.0,0.0,0.0,0.0,0.0,0.0,0.0,0.0,0.0,0.0,0.0,754.6435156677965,746.5408896859889,748.8427588210088,736.0272000031941,732.0201502273611,739.7056467941846,656.0846127476906,573.246432686055,554.9738729872408,581.7632004722881,568.5093520694348,565.5027231154903,570.6720780846739,587.9873760942749,578.5433368462986,576.4561027284839,572.0267946492901,577.6409351338756,522.8680970167794,395.2362506869124
2025-03-21,1219.7270463601703,1224.6859219920384,1250.1852424496526,1246.2042011208205,1257.0067639904544,1285.0332415319906,383.47705130913937,394.0254309327978,1279.5915864544368,443.77773318553864,460.97467525561103,490.4294627069169,532.299705993765,440.27950067854437,417.3033083748341,421.2335702075287,449.5248535597992,467.73926759302196,477.021494403026,459.9144989459022,462.8230731432593,434.6171803386891,461.26649872273185,473.5957373167784,509.52688324604645,501.6416508941604,462.6722646447451,472.12849359046027,499.4443574571715,467.5376990820166,470.7032585036693,483.70073177674783,461.21232459308936,1280.991602713293,0.0,0.0,0.0,0.0,0.0,0.0,0.0,0.0,0.0,0.0,0.0,0.0,0.0,0.0,0.0,0.0,0.0,0.0,0.0,0.0,0.0,0.0,0.0,0.0,0.0,0.0,0.0,0.0,0.0,0.0,0.0,0.0,0.0,0.0,0.0,0.0,0.0,0.0,0.0,0.0,0.0,409.6904919470993,0.0,0.0,0.0,0.0,0.0,0.0,0.0,0.0,0.0,0.0,0.0,0.0,0.0,0.0,0.0,0.0,30.83459939837863,1.4338002341114162,10.318197054427657,45.433690378689924,56.49552988876667,116.57896571823828,201.44639852268327,255.16299505165796,286.780663085008,214.0593843096718,313.4276338193926,337.0992863307012,382.683593359801,439.1727301430966,461.7012461160569,0.0,0.0,0.0,0.0,0.0,0.0,0.0,0.0,0.0,0.0,0.0,0.0,0.0,0.0,0.0,0.0,0.0,20.004687240564976,484.33652800689674,469.35895621851216,463.83453961382844,484.425870258636,486.0358075164902,468.48443072231004,410.0003092504017,393.53744833037615,406.24761895936183,401.7765520993773,395.50971577659493,395.2132346502379,402.0920631468138,396.1965576093755,386.6649407061499,436.3518745099723,423.7600359913929,438.77533537583156,424.5504986187178
2025-03-22,1252.6652249489648,1254.6773589503396,1270.8023389554883,1290.8452673975714,1284.963218733565,1242.232648291864,446.91688130742807,451.0865433931549,1302.9577869470713,437.98484690115384,441.2704759159204,474.88366302560934,1285.8799673993003,446.25271603646746,478.619657181768,479.87654769595974,480.980281990985,447.88318473193976,454.0660363820787,450.71109341438296,424.1389465597899,454.92516511159675,458.3096336428189,481.200602423432,473.005678177304,469.26929036725323,501.382965274026,476.6232644512022,444.0927281081345,440.92685697947957,489.5387931909288,507.0600239240305,1151.1969156476016,1293.9254854026105,0.0,0.0,0.0,0.0,0.0,0.0,0.0,0.0,0.0,0.0,0.0,0.0,0.0,0.0,0.0,0.0,0.0,0.0,0.0,0.0,0.0,0.0,0.0,0.0,0.0,0.0,0.0,0.0,0.0,0.0,0.0,0.0,0.0,0.0,0.0,0.0,0.0,0.0,0.0,0.0,0.0,489.6585710617144,0.0,0.0,0.0,0.0,0.0,0.0,0.0,0.0,0.0,0.0,0.0,0.0,0.0,0.0,0.0,0.0,0.0,0.0,12.85708864527632,25.772522026590167,86.572387635067,148.04519009266008,190.83193190490715,227.4362549156883,271.86913998644013,211.58971966330148,292.6136300785088,351.7551966836573,400.80913120254684,405.80784911613534,453.578524763239,0.0,0.0,0.0,0.0,0.0,0.0,0.0,0.0,0.0,0.0,0.0,0.0,0.0,0.0,0.0,0.0,0.0,70.11986551394511,480.4911834327276,494.506784957707,510.18078425277946,501.9332706597722,509.05240374485646,481.1886155774599,390.2112441478947,396.1051982599669,397.9856191664185,402.1987422040862,380.6965742622356,415.86480523731484,402.255921463926,382.87824654798385,384.59124538386277,398.31046258992785,421.3382810222823,503.2085974469723,576.455420481393
2025-03-23,1422.6292097507337,1403.4159680519529,1400.9350355929312,1390.8522797076057,1422.2043448840104,1411.9063205553439,1253.705092611811,1427.8807126030028,1418.8603785025914,608.1107815849343,589.6132603602391,1445.9718000628952,1426.9589649690288,600.7194456043388,605.8272923770005,595.857458540355,600.8938190616693,599.5666965374805,613.2361635378202,597.0696146385924,622.7252529150045,609.9151012368674,601.7554224880223,608.8388759838623,583.6633334983463,590.5684909501607,623.6799734192153,612.9011446886204,601.853121260227,583.1402761956745,590.4462694861946,592.7013898182456,1465.8736880368601,1422.1569490773636,668.8285924007131,0.0,0.0,0.0,0.0,0.0,671.6573202029688,619.7053530434891,542.9816532617156,509.1098954900338,488.94615952028266,1049.585483201397,0.0,0.0,0.0,0.0,0.0,0.0,0.0,0.0,0.0,0.0,0.0,0.0,0.0,0.0,0.0,0.0,0.0,0.0,73.11307130800517,780.3085717148645,740.6118167036296,734.1083628343104,771.7505304284155,740.5479112741971,770.9686422294798,789.369842474405,769.2174347658689,743.5466355688792,764.60710409808,805.5640867468389,805.5784570960393,2.29635818919445,0.0,64.4285588970993,0.0,0.0,0.0,0.0,0.0,0.0,0.0,0.0,0.0,977.8736651053454,1005.6210210729084,230.43250446715365,345.5604798599764,366.13131683072817,371.72949819424474,445.2096121399127,532.9442501670377,579.2484818723725,591.7492991172985,676.797372339163,724.4148070530263,769.8406041973363,859.3030931181795,849.5663418324655,921.8005106817044,972.8728210686287,899.0435245799642,739.4290120434395,688.5680776370851,729.662655188917,726.2767155015567,754.3502590960964,122.43825390285258,0.0,0.0,0.0,0.0,0.0,0.0,0.0,0.0,0.0,0.0,0.0,733.158254481285,731.2771723014423,739.7304763705837,727.2041280801592,726.6579578891016,750.6969566636631,688.1257044375437,577.020764978076,546.0526406915302,558.7194342445978,571.1921683847678,556.8604921584808,553.8933633086679,542.0598589600908,563.1833825891215,578.5005454722977,585.3641437092367,579.1186581274161,595.9097112982091,580.1663469181918
2025-03-24,1406.9304964377716,1402.2428352319507,1400.4649309750193,1406.7980750333068,1411.7288913014734,1406.7692709511543,1248.4287100175875,1439.0669723146334,1429.659554514603,585.4228016576303,583.3897513988646,1437.8697835278642,1436.7173784481956,604.6395718726043,594.1130858838317,589.1895519415104,599.9060474244238,592.6250817012096,583.7549621756792,601.4622833892562,631.3493422880587,607.2752786010697,595.3763112343121,595.1662461991394,614.2647513380521,586.1687396804108,621.5571826825876,609.933915412016,616.04443055576,584.0716183757074,586.4780787035497,587.5645122812533,1471.8500631408,1425.4145073911845,650.4096301468993,0.0,0.0,0.0,0.0,0.0,676.048349305535,609.6866401214414,507.9672546669324,473.03826565806094,453.1093396532764,508.23785735753063,0.0,0.0,0.0,0.0,0.0,0.0,0.0,0.0,0.0,0.0,0.0,0.0,0.0,0.0,0.0,0.0,0.0,0.0,50.19661227592924,833.5806521527052,749.3059931828266,715.3247749811952,768.4256835292506,730.020417656764,752.7407166172096,727.1487954872125,718.1174589648933,700.1627364326657,712.7910017744916,722.3629106954368,772.1799214610355,0.0,0.0,73.0158728827478,0.0,0.0,0.0,0.0,0.0,0.0,0.0,0.0,0.0,993.903329828797,1037.388726596398,232.84782733202832,302.3849189792508,376.18038226276326,429.9231138990328,450.9306507767242,534.7035810606025,590.8974826802538,653.5444721664926,704.0352789676662,731.1828696569261,784.7171481147991,872.8186820838914,867.5625016413474,909.4610212435431,1003.4933617510504,911.4798985994981,740.9791596139114,687.9677611748764,744.9030246418671,715.7659420947987,767.6048123021728,202.6375995917209,0.0,0.0,0.0,0.0,0.0,0.0,0.0,0.0,0.0,0.0,0.0,744.1160841861965,737.9401196781117,746.305220571086,740.9747640736143,739.0019670803981,739.4248699299225,711.8502362328477,584.2212161751286,529.201601235389,543.0305179485182,564.2581813805256,562.118539108778,545.1582100965634,536.3371862628303,535.9537538013569,578.8759345568856,586.0264431319191,572.8359363958882,571.6530287576809,572.3444019073444
2025-03-25,1409.1680349965966,1405.771057643834,1409.6365541463251,1398.1007479221716,1410.5796373003727,1406.3548180261719,1258.4979036195377,1436.9407682248298,1404.6782428314757,601.886628734456,596.0025559916274,1413.0016557287897,1432.15631158951,592.5889327949354,602.1006088968737,583.2663287504812,593.034754165097,587.0091393447144,598.3804075729286,587.1717794218927,620.8955652046599,599.0898990973411,579.8539174101134,597.752254936466,613.2419289287968,626.3792984496183,627.0350135650502,607.8530005497469,612.6705770281859,596.9626116757524,590.0101281823993,610.1664663574993,1469.0126014955974,1407.3480454905682,633.3242549183689,0.0,0.0,0.0,0.0,0.0,643.1209959529858,598.6815422415293,525.1884415077311,494.70163564681127,426.96092961438694,564.0552722744784,0.0,0.0,0.0,0.0,0.0,0.0,0.0,0.0,0.0,0.0,0.0,0.0,0.0,0.0,0.0,0.0,0.0,0.0,34.52338374091616,888.7210092929585,790.0234665327432,729.3853005122849,683.9246190637584,688.3968370103596,710.616532871785,670.5467105070994,644.7621810864616,599.1875728045281,580.1856602798448,642.6065363778197,717.4552196156493,0.0,0.0,44.72684148806835,0.0,0.0,0.0,0.0,0.0,0.0,0.0,0.0,0.0,1029.5685907252403,1014.5078960245872,305.46679763309504,311.55163428584603,364.2287104017575,399.90226054429934,425.85344513325987,518.0159276515901,605.9463639278068,657.387580737344,701.8493873562253,727.2810219885574,767.8364638687708,859.7043427142769,850.9526802264536,900.0648021302862,1004.1278723435282,896.9341884293976,744.4023352058748,696.525893964669,737.0692648513307,728.7356421481114,765.2976981976777,255.3557194121272,0.0,0.0,0.0,0.0,0.0,0.0,0.0,0.0,0.0,0.0,0.0,745.2563150005801,738.2349934404657,743.4567285522546,724.9857482731067,724.2223383321524,741.4118137180369,673.828797322032,594.8646237465305,577.1741467915926,572.118509717189,567.7412328614363,568.7006290544643,565.2951069283532,561.678207823765,577.4411290115921,568.8317405928883,561.7081396063903,552.8204355900543,572.5804039047804,563.98435070679
2025-03-26,1398.1600817447547,1406.2783946944442,1372.293373585951,1391.1033643439555,1419.7966324911754,1431.4838403345677,1270.2440000564816,1425.6783495881987,1418.070833856736,598.4641240445453,614.7344535734933,1458.1283605505173,1442.392684146656,594.7411423763555,592.4767395188005,591.5679747627008,601.3717288494411,611.2677368880785,620.7874261435676,589.6818364349657,611.0936853314336,618.6844185686247,601.2605479676944,585.165058889254,590.393314911378,609.0995231261036,602.3033970174172,623.130733963175,621.2262980897133,603.4524921141785,608.5413307781264,596.9626716086,1447.5991040300714,1413.2931076774225,680.4440753734484,0.0,0.0,0.0,0.0,0.0,573.0803278976608,556.4169846123982,514.721518390062,453.09188154821845,397.44960050414284,316.74539738573344,0.0,0.0,0.0,0.0,0.0,0.0,0.0,0.0,0.0,0.0,0.0,0.0,0.0,0.0,0.0,0.0,0.0,0.0,0.0,795.8210399601911,759.5614743303128,749.1104652644781,747.690432473864,753.461546155815,764.5418898515109,675.812225592443,571.056217135352,611.443251819552,609.8947920731871,654.5655802290141,739.6375049332496,0.0,0.0,0.0,0.0,0.0,0.0,0.0,0.0,0.0,0.0,0.0,0.0,969.0016893811,1022.5843324810775,234.2575268737171,318.04022328493664,337.6428906746409,367.73881551823973,432.61974526993174,504.8590781333395,562.0284625210835,612.1548645102931,681.5263381096736,723.5305029792783,754.9240847752943,816.0972706069944,851.4203881987861,903.9339729626371,996.1147087081486,925.7889835404827,734.633158770052,691.1858546890562,727.2805289747181,727.7222673157349,720.9611074269156,296.56415077819565,0.0,0.0,0.0,0.0,0.0,0.0,0.0,0.0,0.0,0.0,0.0,738.5070965703197,749.5922543872606,734.6977901141919,724.6312996377621,754.2407809786592,743.3334810791611,684.9729159002911,579.9038807402025,551.4512661747315,575.7812004482125,555.5008298137466,553.8387149999354,576.8701574954977,571.6284035156324,561.9102475797811,573.1059307436095,563.1965378017686,559.6391645518225,559.9799797625825,571.8547975068885
2025-03-27,1392.3732659700686,1411.7908811194366,1416.3808635722962,1403.0816531123191,1423.0870290938333,1428.3277706034646,1274.7186640699929,1450.1974834403075,1450.360539632759,604.4347437810624,604.8198537393952,1431.404507633899,1406.0989730676006,559.6292300924636,583.7446234509201,586.4362615915402,583.9292450929141,607.5464180784737,607.2770322328062,622.1058677464619,610.9785697719403,601.7805978791107,604.197958519871,615.4088026219113,599.812063108454,588.8587278363499,581.9517903023834,604.7050120761821,616.7062067904636,622.0622340243862,595.6523269306222,617.5554793593809,1449.0862345344458,1401.0130987539915,663.6382642004318,0.0,0.0,0.0,0.0,0.0,632.7128777070783,571.4437518547801,520.2443131940562,469.8003896918833,398.9168543976434,1150.4772304285275,74.2575733810834,0.0,0.0,0.0,0.0,0.0,0.0,0.0,0.0,0.0,0.0,0.0,0.0,0.0,0.0,0.0,0.0,0.0,0.0,836.7504140482017,801.8650357216293,811.8767875748357,789.8428115428425,773.8406026196925,771.9553094720652,752.384839639845,679.3137023437981,696.9117630669826,707.516164218072,743.2164820559459,741.0156052664385,0.0,0.0,135.3466220978847,0.0,0.0,0.0,0.0,0.0,0.0,0.0,0.0,0.0,970.3643301904058,987.9373732267106,228.02287489305462,347.73100912689443,375.74346289356237,404.06309591873304,478.27268876394794,523.9322094101292,558.391576113921,598.7254088196823,650.6300009286982,678.9316023699122,761.4939296961318,818.4290129135419,851.0748158859851,887.821161288147,973.9117312998959,904.6527432744284,720.3279624682394,696.5858209942909,734.5321481618371,723.9865416593263,723.2015552668573,212.75698444750617,0.0,0.0,0.0,0.0,0.0,0.0,0.0,0.0,0.0,0.0,0.0,733.6441702515958,727.395809621813,738.5142011271465,731.3512047565134,752.6985246590483,750.0546212683337,643.4644179589644,588.6412001663066,557.1294257480878,571.5943622607525,545.7402391577012,538.1385753123529,553.6400790928393,569.1200333102238,581.21477522622,557.1461441965102,547.3188752937374,577.8364559664503,531.8359066447755,409.6024893763267
2025-03-28,1231.5647403596236,1256.9877082321361,1289.0243555037682,1278.9410784566562,1212.3791684675234,442.6244208728586,408.06473027104,443.88959710969556,1133.7308354766715,450.64878876985125,458.06732833704444,446.3708413273357,424.3856201025205,431.52470753718575,455.9919963086482,451.8378101902358,473.1729572550426,471.690145221675,452.9164728474816,467.48434050551816,464.41389324054273,446.84950512635555,451.78410691072173,467.9642339231419,452.4147689639387,444.8622960217528,478.74490838385475,468.2673364656206,459.972780505319,440.16601789255236,461.12367227451597,491.30072725751194,459.1179258265388,1305.3245079510127,0.0,0.0,0.0,0.0,0.0,0.0,0.0,0.0,0.0,0.0,0.0,0.0,0.0,0.0,0.0,0.0,0.0,0.0,0.0,0.0,0.0,0.0,0.0,0.0,0.0,0.0,0.0,0.0,0.0,0.0,0.0,0.0,0.0,0.0,0.0,0.0,0.0,0.0,0.0,0.0,0.0,445.4836942534762,0.0,0.0,0.0,0.0,0.0,0.0,0.0,0.0,0.0,0.0,0.0,0.0,0.0,0.0,0.0,0.0,0.0,41.35686639934575,89.5916806863685,74.18645413219578,79.64494728574844,132.11319138375148,248.9669849007883,215.6490042110095,277.44947299703506,192.5114435183222,232.64876275088346,332.30111901046547,396.0881194168672,384.9556510995638,447.5744824882215,0.0,0.0,0.0,0.0,0.0,0.0,0.0,0.0,0.0,0.0,0.0,0.0,0.0,0.0,0.0,0.0,0.0,131.19327522052282,497.12984203193145,480.0885352901604,471.0587125512289,516.2143106443433,533.6858610733491,457.6190769804897,404.3766264513151,400.36966319607967,429.41651581881047,426.56345593932804,407.77879230008006,396.8579461128226,393.269743240357,392.35491185819154,420.7360742651758,431.5758934047047,395.19935912643626,399.05631289198095,410.83244542601676
2025-03-29,1257.8058435635523,1252.9795474697073,1264.592784990389,1137.9974732115018,1238.4574513204725,472.6602908667521,380.2947915860917,383.2450403336283,445.3580505767312,477.5905995870377,453.8245132347206,445.1096010671245,397.9935015794021,396.262245428708,461.29198580256354,446.87645597983294,476.705525789599,440.2708890742789,446.2108737184233,465.3144275035934,455.12155293069054,439.5606421426943,460.76926296673054,491.103442950244,459.49262901406223,446.9923425070108,456.67903459879034,510.8865734069424,486.7271550124728,467.7438023469947,472.11540867845696,505.0253678485919,463.5587662735129,1305.461661634867,0.0,0.0,0.0,0.0,0.0,0.0,0.0,0.0,0.0,0.0,0.0,0.0,0.0,0.0,0.0,0.0,0.0,0.0,0.0,0.0,0.0,0.0,0.0,0.0,0.0,0.0,0.0,0.0,0.0,0.0,0.0,0.0,0.0,0.0,0.0,0.0,0.0,0.0,0.0,0.0,0.0,0.0,0.0,0.0,0.0,0.0,0.0,0.0,0.0,0.0,0.0,0.0,0.0,0.0,0.0,0.0,0.0,0.0,0.0,0.0,33.95318969104076,88.48086760218587,98.28893057612994,142.49342385599837,191.71384889097124,247.83222682330222,227.13394120129334,195.30597454174682,246.31440097024347,314.43030524777015,312.03119909233766,350.7256234631766,372.61093546524813,0.0,0.0,0.0,0.0,0.0,0.0,0.0,0.0,0.0,0.0,0.0,0.0,0.0,0.0,0.0,0.0,0.0,56.33095969870743,502.886505533605,507.6867333710329,495.0553872083552,515.063397393749,513.7200247686865,455.79231143463824,391.82166162612003,394.62853464085583,396.95216501478393,423.05167323647095,440.03649408681736,394.29274305154394,389.32143110685223,425.0248105720585,446.2884751828151,454.55136485457365,394.80781673136954,501.648919460809,702.0118143236604
2025-03-30,1415.2713535091061,1405.4759935705347,1407.9648350969633,1426.8478267927276,1414.4408033906293,1421.3955549395414,1253.9257465499404,1414.258075128981,1439.732006931683,588.5265743872991,589.2351199142379,1445.5204766287507,1424.093787592179,592.5986724527222,614.8608985690138,609.5889930075161,611.3394777016231,623.2641145706402,600.7675685915099,609.8484338629668,628.3433872638415,602.0473519548352,605.1224861536957,613.5646550929368,611.6451459654943,631.2514789982424,630.7382237306616,625.6350962640018,607.0125389221898,600.5574302297715,604.5560311978809,601.2953734379303,1439.6443538915855,1425.4412473540256,662.8723519375154,0.0,0.0,0.0,0.0,0.0,0.0,0.0,533.9752329187753,471.7071186996106,364.0763197107501,289.01030880746845,0.0,0.0,0.0,0.0,0.0,0.0,0.0,0.0,0.0,0.0,0.0,0.0,0.0,0.0,0.0,0.0,0.0,0.0,0.0,727.3466632033198,789.3730464468874,796.6818366447604,651.3316694109692,628.0990662545712,654.133156460914,600.156708703414,620.6772786816628,632.1798329102471,626.4556970220583,641.8035847898393,774.3844774049901,0.0,0.0,0.0,0.0,0.0,0.0,0.0,0.0,0.0,0.0,0.0,0.0,177.02625500998676,968.6666686909763,220.77874773124915,270.28602345373616,333.8024100725884,385.6007815572064,415.2471364216225,430.35869044604044,512.5704393517657,568.1445923375452,640.2074142333473,673.9498149336019,691.0068668512329,752.9626404432861,826.3880129107771,881.5211836218124,962.8871308675207,910.0170620939807,713.1217714736971,699.2652627373739,743.4326958427874,729.1633697639851,737.6521533694211,210.47437173097944,0.0,0.0,0.0,0.0,0.0,0.0,0.0,0.0,0.0,0.0,0.0,735.6196576758022,748.7845704042568,721.6262758333725,730.3735351711925,738.9796395570258,748.4312350050725,700.1812821276732,572.3412393435033,537.8255609682175,559.996628124137,570.1172777882194,569.852040756048,546.9343747733267,548.9736194162173,556.8402103980195,565.6212713286568,557.2234747712803,572.5155125584702,601.3061716111753,584.4585068679118
2025-03-31,1418.865472058947,1418.2858114445917,1375.6295749595704,1392.8777781964477,1397.857837944558,1390.032703420211,1251.4787177575545,1417.3181709909213,1424.9075059326267,596.171757783874,596.5539718741029,1468.065591635923,1426.5610635630437,600.1086467985547,611.5372496082089,584.0308358483696,587.6640494435185,619.6972598480731,616.1761815040583,615.4678803388464,611.8687379341347,618.7754066089941,640.6965683226496,627.3191225700765,605.2814204971138,604.564185774747,596.5068353012089,631.4509572219997,608.5220403143593,628.1974741469169,621.6426255472983,626.2883340769384,1482.181160723269,1445.8484660812535,662.7049309686196,0.0,0.0,0.0,0.0,0.0,0.0,54.81807591300549,488.6356253394064,470.1743698938629,422.1656849732207,325.573723330252,0.0,0.0,0.0,0.0,0.0,0.0,0.0,0.0,0.0,0.0,0.0,0.0,0.0,0.0,0.0,0.0,0.0,0.0,0.0,701.5155185947362,652.4732948292449,645.614893494639,641.1255478346045,639.4112359613983,630.1099914542234,520.2562623612259,530.8872886706736,524.5146454202145,531.1502657881342,603.7874425642829,242.82435958098358,0.0,0.0,0.0,0.0,0.0,0.0,0.0,0.0,0.0,0.0,0.0,0.0,235.6199625282166,821.7132814383315,281.40965523803084,322.19354651564913,338.21596345111857,381.88956567404455,427.9676063484111,477.81897461523135,560.2285734009816,645.1603372806509,640.1340474407795,709.5226337151769,683.2828674466575,782.8661402549362,854.2605676357716,896.1943579212366,954.2316578317691,871.3315298651311,702.8130347490239,697.0204397081718,726.9923248757669,734.9445092928303,714.633173620151,173.36679507039946,0.0,0.0,0.0,0.0,0.0,0.0,0.0,0.0,0.0,0.0,0.0,753.0878309701862,727.5473105979856,743.6729788590534,727.4477281455015,736.4758281433285,747.4442754472815,658.4368562373916,550.0685339784052,545.9720838496982,568.5420139503711,573.4093460089771,551.4018628936178,557.1549661679439,558.7392075250455,553.0299531103067,556.9465459900431,561.7938893064351,585.3608338239649,589.106398452805,589.511461828647
2025-04-01,1414.4565959932008,1421.957153669855,1422.85189707023,1409.5487604301238,1405.4242952328168,1427.261046775592,1252.746714189296,1397.4484625741989,1422.5725278880095,614.0404801470552,615.4734079547035,1437.4923157034864,1440.9571352383539,624.082726544207,578.2200903915832,589.2579865179501,602.2268615231424,616.2750042827596,617.6320775831147,599.7116600373599,584.998090694697,588.8352096103303,591.866881631038,595.9033856750009,627.1912033087824,623.4051145503989,600.358671062292,602.7033480863053,623.3139595791479,587.2634094863758,604.2323718264763,604.527773853312,1455.2056510014122,1453.079530223777,688.3204177183767,0.0,0.0,0.0,0.0,0.0,676.3751076744192,618.6578898536116,569.401609533813,400.3601317497698,453.1311203954052,336.46536802672017,0.0,0.0,0.0,0.0,0.0,0.0,0.0,0.0,0.0,0.0,0.0,0.0,0.0,0.0,0.0,0.0,0.0,0.0,0.0,758.9780594355697,749.4821694299254,764.0301993803544,791.07763791961,773.7850216964752,701.9897452215943,638.2944569061741,520.9686130299124,562.4327981966487,592.011637514792,607.3183066623151,101.33579783467127,0.0,0.0,0.0,0.0,0.0,0.0,0.0,0.0,0.0,0.0,0.0,0.0,124.66812063629641,634.8806919999536,232.1957722293154,298.2008273696286,413.66982558317153,429.43355541624,416.24017265017034,514.0943673342155,569.404526216839,592.5900456976302,613.062025348216,716.9721379164373,725.0941285285096,803.5678256750427,867.9542906199081,876.0831940633021,949.818327545936,850.9436921558716,712.2838112763817,681.6164749763564,732.2409214941833,738.1896627943995,710.565163743153,219.14740704580322,0.0,0.0,0.0,0.0,0.0,0.0,0.0,0.0,0.0,0.0,0.0,721.5540948006992,755.0328728691373,741.211545756539,749.9158299436748,746.0916421853195,738.9278051809832,653.97880481085,570.4934384580702,558.1326770847845,575.8304693684952,578.5952989140727,564.5052583224955,569.8867823018044,557.9059654663106,575.8789303625847,584.1341863879708,589.7751002539329,581.4130013940627,573.7805314971686,566.2944367833911
2025-04-02,1410.577073912511,1397.7768023274039,1408.4740582114969,1434.9939030814016,1413.4734866332624,1434.5458536440033,1252.1887454288126,1425.3338910604293,1442.0710261768381,595.2740463211549,611.5401683008031,1433.6855423085563,1432.671161076558,618.6744589563554,609.4634652307903,590.5382450381628,584.1358514413255,616.2056052323533,605.4082445207409,614.2745961821867,604.6010058705294,605.8441351989192,611.2686629924374,620.5931115760337,613.5654472662736,625.6550696508588,652.2501225852579,637.9845136734673,616.6787120210734,612.5792755677431,601.3243365080291,674.8475685489891,1448.4847925192785,1455.0547911319468,692.4193084164724,0.0,0.0,0.0,0.0,0.0,0.0,0.0,210.17708484444762,406.3678559854298,414.1569463223714,300.3770249303226,0.0,0.0,0.0,0.0,0.0,0.0,0.0,0.0,0.0,0.0,0.0,0.0,0.0,0.0,0.0,0.0,0.0,0.0,0.0,621.7445235092471,624.1388975357577,645.0209673295499,627.1729808059606,576.2178159116154,518.3210319682854,518.177611223391,554.9200695704211,493.1231647222188,557.9431161743481,503.4212835917955,175.213800312377,0.0,0.0,0.0,0.0,0.0,0.0,0.0,0.0,0.0,0.0,0.0,0.0,161.86323315791896,671.2898716574559,201.10994932541223,267.49813504977476,313.53953711277455,301.6613641638837,334.7372901249704,440.67584091019455,485.12340322063636,546.418353965609,616.1864731697115,666.9241232829106,703.5994507365488,754.7024207561035,821.9302842540897,872.5459137262661,926.6208840219837,872.458450817451,705.1076638645259,677.5815413525504,728.9043267014306,728.7262196921706,734.7538421569383,244.4011960210794,0.0,0.0,0.0,0.0,0.0,0.0,0.0,0.0,0.0,0.0,0.0,720.8811219093146,725.3301222627795,740.9412703242444,745.6575480374981,753.4856507731087,785.962627479263,702.199770985814,529.4452425414247,565.8765593238999,572.7642705505122,597.0959813812682,576.9552141792989,579.1042961132935,554.4464550358117,571.3504824167636,557.3250780472532,588.5394626303539,580.045233486385,571.1851460128287,588.4334137155114
2025-04-03,1422.3816207513273,1398.1452326663934,1424.270809984132,1410.3880933304208,1428.306215705431,1418.5501410008928,1264.2257433891023,1427.3545281203333,1456.8004603329018,592.9140818889061,589.961840302807,1448.5160969494505,1447.5259182587663,620.6658245059818,616.4213270010409,612.6394026380552,605.3160955276543,615.7271044056199,583.8029304553324,603.8438931228641,615.8218509364129,610.4401278443664,617.1217002647292,632.2686220491169,625.298288531232,637.6526977561618,613.1784766724297,645.0723518793387,629.4020115654989,630.0359723751169,618.9075044295163,683.8808724477453,1445.2676598469714,1455.0045707916033,683.4037290470378,0.0,0.0,0.0,0.0,0.0,0.0,0.0,289.57281347308265,384.2044605745621,355.8393431523282,218.89420421796115,0.0,0.0,0.0,0.0,0.0,0.0,0.0,0.0,0.0,0.0,0.0,0.0,0.0,0.0,0.0,0.0,0.0,0.0,0.0,750.4557029491622,633.8274047558723,635.9464634716469,682.1099756870627,588.3923303907861,554.5546151549707,555.4756577813853,461.8389457014668,477.63514241126245,566.7906312327272,553.998472160479,650.8164121866705,0.0,0.0,0.0,0.0,0.0,0.0,0.0,0.0,0.0,0.0,0.0,0.0,172.2590083888682,855.9462219656812,255.2175952202012,324.7751583793608,370.6501342727158,408.17890475508705,426.99137192138653,509.7724213327013,558.0681579885129,571.2544310462617,660.1663364460956,702.0079330047975,708.4617467157004,750.7203533523748,836.3893608239448,869.0722314299526,922.3710738870171,833.5011576697802,683.4449522969935,686.4187361174276,730.4668433422472,730.5550194683907,737.8473905306931,220.4008617757122,0.0,0.0,0.0,0.0,0.0,0.0,0.0,0.0,0.0,0.0,0.0,725.6482842371045,727.2054282468811,748.2444865934891,750.9820022863,755.6832504307094,791.1373150187364,719.3514342609571,560.5532008205627,549.2968663582687,565.7045406929022,585.5904683348542,559.6880385030264,573.9183918153919,573.1778205233242,606.3870952808728,578.9979143597407,586.487750156736,587.0746949882789,523.258597858975,427.60949235010725
2025-04-04,1230.601242995011,1219.8959690228098,1225.2315204639872,481.39241019000735,1291.5384830143787,456.76553926824147,455.44468198400045,446.2666109162381,423.01568495591675,454.36034005123594,476.9422562030462,479.341057776817,446.2061636505939,464.9201451910833,454.60402533379363,442.7245741018402,448.8609590776854,449.84928024943736,468.784477915026,466.14701486411474,459.18318006166027,449.8186853049169,455.80592356143654,453.6310102293672,452.0311945455413,461.2639522261163,460.3176400051993,465.74887055831834,445.37714961633486,459.25915308412306,447.18320614014533,496.5889784200558,502.7713007275222,1312.2873102185677,0.0,0.0,0.0,0.0,0.0,0.0,0.0,0.0,0.0,0.0,0.0,0.0,0.0,0.0,0.0,0.0,0.0,0.0,0.0,0.0,0.0,0.0,0.0,0.0,0.0,0.0,0.0,0.0,0.0,0.0,0.0,0.0,0.0,0.0,0.0,0.0,0.0,0.0,0.0,0.0,0.0,0.0,0.0,0.0,0.0,0.0,0.0,0.0,0.0,0.0,0.0,0.0,0.0,0.0,0.0,0.0,0.0,0.0,0.0,0.0,0.0,0.0,0.0,41.209850748496436,128.34911614453438,193.66856682674995,178.92571063684443,174.79629176122404,206.54810082999998,248.47344672951576,287.91577648659535,361.34626698004473,383.1012829576523,0.0,0.0,0.0,0.0,0.0,0.0,0.0,0.0,0.0,0.0,0.0,0.0,0.0,0.0,0.0,0.0,0.0,0.0,465.2023625155023,502.74203110724034,522.7817617949894,490.83963767294574,513.3373158859547,481.3961042537744,392.37635440155304,381.4183482531724,386.5712657133081,400.65509669949205,437.03012322816545,446.5050364226653,386.8600192330976,390.8099919434661,397.87066141574246,465.5161755615667,458.0540050723426,451.6240816654644,462.17410761648756
2025-04-05,1290.7162179512122,1247.02149760627,1242.6320434428437,390.37597756354484,1103.5942181533173,507.4785276285797,404.26823780291545,451.8298404194684,441.25319566374816,448.4291888826643,422.96531506175296,495.5115872128618,446.95014076439185,444.74010827596703,446.2758660947934,445.8667930130792,447.5664244260504,484.2807699713677,456.7079557672433,459.4927718223976,454.26629432112765,442.03476283294395,472.6908153206045,430.7511044049315,476.92287940661623,477.55876267371093,462.0463852173506,493.3428254877715,489.48837272065464,478.7271703267935,490.8281043574428,465.09643720348305,438.0236127293775,1271.7273738952297,0.0,0.0,0.0,0.0,0.0,0.0,0.0,0.0,0.0,0.0,0.0,0.0,0.0,0.0,0.0,0.0,0.0,0.0,0.0,0.0,0.0,0.0,0.0,0.0,0.0,0.0,0.0,0.0,0.0,0.0,0.0,0.0,0.0,0.0,0.0,0.0,0.0,0.0,0.0,0.0,0.0,0.0,0.0,0.0,0.0,0.0,0.0,0.0,0.0,0.0,0.0,0.0,0.0,0.0,0.0,0.0,0.0,0.0,0.0,0.0,0.0,10.05854468028312,95.69337965877469,139.35818803686442,165.0072347319279,227.62535868067727,218.37660657142231,172.63003403496188,198.64634898860396,263.4198948018084,274.3200845891224,297.40132147624655,290.34523138593835,0.0,0.0,0.0,0.0,0.0,0.0,0.0,0.0,0.0,0.0,0.0,0.0,0.0,0.0,0.0,0.0,0.0,0.0,499.3424459246216,486.8638442938292,470.3097552123485,475.0217659213745,472.91244254190553,448.25990564056565,432.64132336572135,403.49612480271685,417.8331649339076,427.55876834827416,420.9487658641666,422.6619618629843,416.6994995371328,395.77168807827934,394.25041404157105,416.87912115861855,385.1139176165064,473.86838816533736,588.0508490172281
2025-04-06,1417.6586724854717,1424.9440555891322,1417.557129669518,1414.9088969770564,1423.2615161397543,1405.1907188110592,1235.6411647187567,1398.9517400984505,1401.6610788154521,592.9767548158562,603.965705295061,1433.1970849383974,1436.0597743786695,599.3872647110579,594.7529311183437,572.2188715148875,583.4855177883367,610.2815434439558,614.4461684764902,612.9646589527373,616.2058519527179,612.1836191561922,610.2211169707143,618.1593672025153,612.9145300648721,611.3324073972473,593.8193129567545,600.3638506833158,616.2224262190111,613.4990409513172,606.6185791275806,613.6202726833052,1444.394498115193,1442.956608271986,657.4499010811835,0.0,0.0,0.0,0.0,0.0,0.0,0.0,0.0,371.71691684707787,281.85553140775755,214.1431867900322,0.0,0.0,0.0,0.0,0.0,0.0,0.0,0.0,0.0,0.0,0.0,0.0,0.0,0.0,0.0,0.0,0.0,0.0,0.0,426.737708004503,607.9998922005448,620.3810029366557,613.6705077963502,652.4622807473163,540.6681831296,459.34256604985944,445.42820471077357,463.0167061904592,474.6142778753566,423.40348961620356,0.0,0.0,0.0,0.0,0.0,0.0,0.0,0.0,0.0,0.0,0.0,0.0,0.0,71.38644897964005,537.4064718506645,124.88844600168294,183.64641470704015,308.50504061350136,353.8589406128013,441.84176366406035,444.6716936885941,462.72937736566604,556.200515219,645.65871760296,645.4155895873553,649.2189689559963,706.8877851142291,775.3787016486338,838.7828680383013,921.341450797272,844.7929745441215,658.9700965630761,689.3540999703932,741.8218768407315,748.2992305189966,722.853132977688,233.72425564893393,0.0,0.0,0.0,0.0,0.0,0.0,0.0,0.0,0.0,0.0,0.0,726.5882979035794,727.8565223227264,746.6154786623118,749.0509618827997,734.3675623947953,736.5527178603313,672.4917324341769,566.2186089012379,566.8314045190161,574.7960104640649,566.0583418994935,553.0084850650051,550.139187213491,543.2271224879353,543.9921737233899,569.8895260569419,573.8196333874063,581.9945550779639,593.0538980506188,593.2214499432789
2025-04-07,1428.3686351854649,1419.3913961879898,1408.2351408055179,1403.1837938339577,1423.9723226128015,1430.5227583276755,1235.1252924620103,1400.199248899153,1410.4054102152654,610.3068423015068,609.3578329581833,1440.4899656921593,1439.9544571588597,604.2204736716989,596.2757402896179,589.0993261670799,653.2577557166354,588.1960136569683,598.1465694497804,601.2874956776287,606.4374987492115,605.2490357364705,598.995852332509,600.4525100823438,610.5295843071661,598.4715804324063,586.2082868073214,623.5943663791109,607.3762922461971,628.2122149993769,618.7648053817693,670.4306366943343,1474.4272393580418,1439.7055973018262,677.5655779711142,0.0,0.0,0.0,0.0,0.0,0.0,0.0,0.0,0.0,212.5094341134799,254.56783397042048,0.0,0.0,0.0,0.0,0.0,0.0,0.0,0.0,0.0,0.0,0.0,0.0,0.0,0.0,0.0,0.0,0.0,0.0,0.0,653.1435203846535,697.4661749287452,651.5876467482934,582.257692316946,642.5653939690759,613.5905780411227,539.0319580147691,550.0383291192595,621.1607227830867,647.3724209023874,603.5555536266517,385.0508242199805,0.0,0.0,0.0,0.0,0.0,0.0,0.0,0.0,0.0,0.0,0.0,0.0,283.20339116034097,1022.1898748355122,259.7081269640884,309.81856141268054,354.54531036722017,451.59570957571225,442.0986277112323,499.83818812904195,527.8437509269278,572.5577484418271,609.1358162456818,673.2002242748654,688.0128962702285,692.8543675833471,764.1969892599227,885.4012313247315,941.051142023157,826.7408478102325,660.137047753129,697.3255927560408,757.3674673814846,735.7166991093585,710.0912654266946,165.66602064885706,0.0,0.0,0.0,0.0,0.0,0.0,0.0,0.0,0.0,0.0,0.0,728.6510092329229,740.1455414126251,759.2444363244288,782.2140619548375,766.1806707965125,767.3940523941278,670.3740877613457,559.5336395736531,536.2844161687815,544.6298419622509,557.0557300098085,567.5938425862239,589.5799652153765,563.1857663172715,554.1891126475113,559.8681461995421,630.1473616244525,589.8489175595223,610.4865830599518,601.8916871838388
2025-04-08,1424.8054406364586,1414.2225980942053,1411.2917299507308,1411.272401990768,1423.2927190806017,1417.9283207483454,1264.3108155088398,1409.1092744047203,1432.732953771919,582.6251249529867,584.7839933100441,1446.342193734879,1467.5339480375021,615.8392867519917,611.3771802294834,600.2930517096728,614.7308001333162,629.6781877086232,610.6562903286132,607.4441506497523,623.1018589252462,611.807590029613,621.0529698373796,608.2561448736284,638.0219190889818,631.1677308592535,620.0025184226656,610.5100304972409,629.4951390811661,618.4227929193406,608.804462093791,639.9952811859207,1468.5597431181714,1446.6748239843816,648.0724940909121,0.0,0.0,0.0,0.0,0.0,0.0,0.0,0.0,228.7519536220594,351.6017036524193,249.98646693339856,0.0,0.0,0.0,0.0,0.0,0.0,0.0,0.0,0.0,0.0,0.0,0.0,0.0,0.0,0.0,0.0,0.0,0.0,0.0,710.8563537099827,730.7050562357559,761.628285080169,752.4324769073401,780.8416944289986,782.71488137068,666.9529915371584,665.6454609484076,686.2918204606556,706.7860879003251,706.1079056548336,524.6056934827382,0.0,0.0,0.0,0.0,0.0,0.0,0.0,0.0,0.0,0.0,0.0,0.0,166.02286116059608,421.7828090983496,268.1668637258642,334.27973299270104,355.64123575519676,383.4456550943874,470.61204039793023,503.04812257604215,566.0495541398828,549.0928786714727,604.815794121066,647.4104029218902,698.8434119166164,724.6198594104613,753.9699270969315,844.0951796403858,910.2134616746073,841.8107236269957,691.9129752203027,683.9927992605244,733.5297476875206,726.1162284094598,726.2502261677996,163.84399632988493,0.0,0.0,0.0,0.0,0.0,0.0,0.0,0.0,0.0,0.0,0.0,732.9061984796042,735.1638870039288,751.7940333857717,739.34983971394,732.2112884253761,742.5967330285032,687.2030174843397,562.0705897139247,557.9399198531324,560.8452398311346,539.1026393009412,554.88819096184,563.1048411452825,568.3111641539265,576.3139600435767,569.625253574761,570.2150251431755,556.7098701134059,550.5147073212767,587.3661391024582
2025-04-09,1424.4934130055958,1413.7044368527513,1424.0227185186145,1414.4761692227548,1410.5440444011945,1415.9728837655314,1232.60316744905,1409.7338835702549,1425.9918050139727,598.8850155976629,594.6719735880604,1421.4123046606655,1442.5149559967556,615.2167500416103,573.1076932537582,607.4800178879975,610.0266801590349,611.9157433649291,613.9302305452409,603.1040447579214,594.4606300759054,601.6311654336434,606.1489433546835,611.6234097913635,610.5413827036655,642.5622225367154,616.847087444625,625.9937450594481,618.9188894426649,616.2452891126072,615.8383871881867,645.2410420387372,1470.3169732459687,1440.2217522716837,717.4969202150003,0.0,0.0,0.0,0.0,0.0,0.0,0.0,416.45971628112414,476.06645538399954,438.7867083900306,298.9416503532312,0.0,0.0,0.0,0.0,0.0,0.0,0.0,0.0,0.0,0.0,0.0,0.0,0.0,0.0,0.0,0.0,0.0,0.0,0.0,648.1353113315309,702.9087854141494,725.4687072960002,690.0776968350365,650.2796171386549,651.0227297644543,560.4131030689667,583.265720391526,527.3988409577881,596.7895150112794,544.9173906846727,674.8994505747186,0.0,0.0,0.0,0.0,0.0,0.0,0.0,0.0,0.0,0.0,0.0,0.0,192.95852033115452,312.5277293864104,227.3442733413794,292.67762339524313,294.76055427197844,315.6207692139236,384.5033557243859,430.76423349962147,516.43908137618,532.2472870489988,601.2298638464961,655.7452378360634,678.803422598634,724.9748613657486,763.2374892965754,863.9631140108321,927.4002279664205,837.2430570145654,684.8048973508714,689.8240095584146,725.7742297171155,728.9329688058194,726.1242657472438,164.28660180777206,0.0,0.0,0.0,0.0,0.0,0.0,0.0,0.0,0.0,0.0,0.0,737.1522533122915,722.028408867737,723.9262713435595,720.8421406004292,725.928770105077,745.3876759705868,670.3925658512104,551.9263413276632,563.8183084174566,573.6394042433667,555.3492307068364,539.871316052292,541.1652897557183,552.4017252473669,574.3368452650137,574.3886165337175,554.3787779693787,584.0287189053499,586.8713507068996,582.4705932406675
2025-04-10,1432.161221209477,1422.8931886968944,1431.6109980071242,1416.0486911022542,1410.1796118975512,1419.6947180716545,1239.9735270815804,1412.0089976395075,1439.695470964124,594.1261754458069,592.2915401593289,1431.6414531127161,1442.33439774707,621.6271489653892,610.2429755574083,614.2693964055018,620.1689892958082,605.9830525382471,601.3366027244706,600.68904966536,587.9122760909153,603.3965478984752,604.9102137412615,616.3745237346245,610.5508581662606,641.4639553489516,613.3876318696804,620.2734393240378,620.8950689020307,619.1452981699395,616.1822955446872,620.9914900768158,1445.148367594049,1426.0772594717318,647.5039401739378,0.0,0.0,0.0,0.0,0.0,0.0,0.0,242.89394597117897,380.9887848476026,330.07139119113873,227.87829960825337,0.0,0.0,0.0,0.0,0.0,0.0,0.0,0.0,0.0,0.0,0.0,0.0,0.0,0.0,0.0,0.0,0.0,0.0,0.0,712.8112730093894,693.9463696035532,695.0999426795178,710.2759778029489,684.6796828892797,618.0575187923121,591.5814878166933,487.0232061964345,445.37023835880194,483.3604691365466,505.5574457393652,454.97468583204727,0.0,0.0,0.0,0.0,0.0,0.0,0.0,0.0,0.0,0.0,0.0,0.0,156.8074234361148,315.58324565392206,270.84043422875783,257.95995595396477,328.7749325712166,341.7388630373713,355.8837952865543,472.3625694978209,569.1555467381154,619.9821762657438,636.8123513806678,643.2988330249963,677.5539594743339,721.8909074349783,754.376651151367,835.7494803407563,899.0760594516989,807.076318310539,651.9084874542087,669.2090803570065,731.5079133058067,729.460778606736,704.4231261118339,194.67555497564126,0.0,0.0,0.0,0.0,0.0,0.0,0.0,0.0,0.0,0.0,0.0,734.2342616704723,728.4476787538543,752.4241976179145,735.1760626731384,729.9133829091876,766.9342030488156,707.5126803369517,554.3560640162954,552.2874924547355,557.2288099874411,541.1599833299379,561.0765706651123,579.2668756425535,588.8716911474359,586.5642109262074,583.7280063936248,562.1681267432944,587.0241073501843,557.9298948752471,393.6725674155643
2025-04-11,1248.333373595618,1289.6536590982619,1275.228869931837,407.89291962286893,1255.4865773862027,447.47241930570607,412.2140306216495,382.3461737070097,448.7113978723771,448.13934769164604,457.2285325326929,441.7251261304095,466.7029905809104,463.13250361455334,457.388885200209,487.0806689483611,469.1170288126159,429.58959439660566,452.20948442393785,455.0249071436393,458.3451572497711,484.58016555400695,502.88926849245456,519.4575708796585,517.3058334008615,462.1937331074051,511.1922260109197,494.8738812764939,521.4417021383017,490.27179888623766,458.3777083592485,493.60841075346326,470.8254586129735,1306.4251207262148,0.0,0.0,0.0,0.0,0.0,0.0,0.0,0.0,0.0,0.0,0.0,0.0,0.0,0.0,0.0,0.0,0.0,0.0,0.0,0.0,0.0,0.0,0.0,0.0,0.0,0.0,0.0,0.0,0.0,0.0,0.0,0.0,0.0,0.0,0.0,0.0,0.0,0.0,0.0,0.0,0.0,0.0,0.0,0.0,0.0,0.0,0.0,0.0,0.0,0.0,0.0,0.0,0.0,0.0,0.0,0.0,0.0,0.0,0.0,0.0,0.0,0.0,0.0,11.4440657125064,146.28788397180912,190.57543570581575,145.4679210248862,83.38787765757667,161.72570786917703,199.43292701819604,267.15649466132635,297.2226833128169,191.16215354722402,0.0,0.0,0.0,0.0,0.0,0.0,0.0,0.0,0.0,0.0,0.0,0.0,0.0,0.0,0.0,0.0,0.0,0.0,484.25909074192674,491.0091467276033,486.5853529163405,479.834768658295,499.63200758755085,480.3913283149129,359.66553029248973,372.2398043124931,396.15766504555353,397.0223200731597,420.09134751909477,436.7323952214458,468.27575086476253,397.4822707813606,394.8875921194438,474.409184381513,407.1302613529004,403.58206432746005,423.15200709686553
2025-04-12,1250.3839063914807,1245.807539401608,1307.4547890033405,443.33340245084406,861.428929356616,437.42363529438495,447.5465122817953,444.20572759424556,451.5428665971817,458.985271751441,446.2866983984823,462.77498320121856,454.19970418492267,439.43093315767686,447.7813032732233,446.20224531432154,429.32082671500825,447.49448339652133,458.8800427929337,469.00115122127977,446.86223495386287,459.87090242300155,459.4737634686363,474.55433458296955,470.6033417349039,450.9307241334449,464.1024176791085,455.8407545378062,460.78229245915696,460.0030710892526,461.0753035076582,444.3915493507792,473.3379149746844,1289.27990509279,0.0,0.0,0.0,0.0,0.0,0.0,0.0,0.0,0.0,0.0,0.0,0.0,0.0,0.0,0.0,0.0,0.0,0.0,0.0,0.0,0.0,0.0,0.0,0.0,0.0,0.0,0.0,0.0,0.0,0.0,0.0,0.0,0.0,0.0,0.0,0.0,0.0,0.0,0.0,0.0,0.0,0.0,0.0,0.0,0.0,0.0,0.0,0.0,0.0,0.0,0.0,0.0,0.0,0.0,0.0,0.0,0.0,0.0,0.0,0.0,0.0,0.0,0.8015141138664319,62.2938437117579,100.19997342910537,136.63478057339697,132.92246458789893,151.45240958810058,159.8039386028292,245.62567669856764,295.2765551289244,305.7792012213962,335.3604667776257,0.0,0.0,0.0,0.0,0.0,0.0,0.0,0.0,0.0,0.0,0.0,0.0,0.0,0.0,0.0,0.0,0.0,0.0,482.4648165780901,455.57843016088754,507.6290515094968,494.6441405610697,454.0812028744581,455.78391050893924,426.7061044624686,397.94714864486957,389.41516545499957,423.5109134530635,417.3537423903619,412.12551631932763,415.7654708247775,422.1177054432005,439.49429187920714,438.45261792282656,417.00587599190555,449.95138423537423,572.5371045639372
2025-04-13,1410.638160551466,1403.1719559222688,1388.5113141272977,1414.1375893834183,1429.0985553667604,1435.1700581122532,1248.914987100312,1426.9099827750965,1422.8019317019073,618.6387422393876,610.2437995623051,1439.161918766381,1441.9151697208372,582.8086376167809,593.9020807864972,592.7739795657794,606.2790444711827,597.3229607616402,626.9856717019042,619.5978513567198,593.1482878277696,622.1374890618707,622.5327114338395,628.6436326191854,613.1356359394713,610.1502004829482,637.0885586352954,606.6423441808477,617.1107866893699,615.18880580232,624.6589726923905,608.8815644020102,1456.3948918235233,1451.3871086678023,640.7188512847667,0.0,0.0,0.0,0.0,0.0,0.0,0.0,0.0,165.57776977515869,379.4138135729877,252.56023517212782,0.0,0.0,0.0,0.0,0.0,0.0,0.0,0.0,0.0,0.0,0.0,0.0,0.0,0.0,0.0,0.0,0.0,0.0,0.0,244.60239854631362,517.5566526082641,480.58640183750174,494.3293582794476,554.0917107530785,529.9900454835677,404.09628618322836,366.1588268540205,378.1735227788678,398.57657639350487,391.42777982439725,0.0,0.0,0.0,0.0,0.0,0.0,0.0,0.0,0.0,0.0,0.0,0.0,0.0,87.73878954061972,377.22495175200766,138.58294314459175,226.86168257999162,249.49951101585566,244.56289229586042,307.7899212471341,434.3162929626559,499.58173336951626,501.37939483077463,522.3026614924662,595.7429737203157,612.182301299958,731.5863458290614,783.4313099962839,844.1810438171807,861.3768215897301,801.5951958006154,647.4572383803699,689.4799187846527,753.3519569878945,727.7062403349764,718.1761988305404,190.1743527167646,0.0,0.0,0.0,0.0,0.0,0.0,0.0,0.0,0.0,0.0,0.0,719.1215686678879,746.0518660527433,741.4897438685022,728.2848205201987,768.7678347588416,762.3071076140596,668.1509056437133,544.3064007114157,543.6736467333023,577.5724484880185,554.4942431438343,575.9137508571021,564.2062299888082,551.7500526042392,571.3688887026158,590.9840041064333,586.8269066628732,576.8673010913056,593.8814163377477,581.1882689094056
2025-04-14,1421.8880748671697,1433.7671010286276,1419.614961659012,1414.0601717635477,1416.9573879903828,1423.7313519560703,1253.8949268310353,1417.1037126015603,1418.7019755826113,586.9956491913198,612.2867641061084,1453.062955658623,1430.7766115780782,580.9735838344878,611.0806124015592,625.2375652367244,657.0303020253855,612.0519867449315,617.3550228512859,623.0099648803916,598.364998416283,614.7241003423326,611.2225299417631,642.8040359270374,629.4930720806881,626.4309531395191,615.522946082319,625.4643293674715,607.4223726407779,614.2040675361528,615.4670620714395,626.6177694978837,1477.3358193456197,1437.7647674832135,655.9937756798015,0.0,0.0,0.0,0.0,0.0,0.0,0.0,0.0,0.0,0.0,0.0,0.0,0.0,0.0,0.0,0.0,0.0,0.0,0.0,0.0,0.0,0.0,0.0,0.0,0.0,0.0,0.0,0.0,0.0,0.0,0.0,554.3380394999388,0.0,0.0,364.0974015109837,531.6534089499061,502.84168389388435,466.83319788137356,493.3108980743558,542.4683433190218,489.28391712107424,0.0,0.0,0.0,0.0,0.0,0.0,0.0,0.0,0.0,0.0,0.0,0.0,0.0,212.75725666118745,529.770881774511,183.37748300314038,256.7058843634339,329.23226109722117,396.9697975493016,424.60322165041833,436.47168639575864,491.8304854056148,517.1341657294403,584.8765778354098,623.0112494361798,630.0584034199118,703.1549569739256,755.0016388619433,846.6537903510552,897.6793761634215,826.9661651063082,653.4615550260401,686.5462871007101,726.6425848649297,723.8922765903998,722.785720059934,95.15976822991831,0.0,0.0,0.0,0.0,0.0,0.0,0.0,0.0,0.0,0.0,0.0,726.764608469309,755.1343466511256,756.3941410152903,728.6819495209706,740.2959765167076,742.3365432196999,687.269717827312,581.752175293934,545.4931317941999,550.6124769826484,568.128486359473,573.5559196060748,572.040286541256,557.0464211858139,547.9711426842786,572.243497599511,583.7598621577226,573.8351642338143,573.1097439525734,591.9258171489504
2025-04-15,1413.5893745331343,1416.632888666516,1412.2889480385493,1415.4651476627964,1422.4722856050485,1450.0448828360175,1250.1827405078197,1424.880335412348,1425.7528181347773,605.3606645078639,602.7180933198975,1457.334179587744,1435.8393589132033,587.8567526813146,593.6521528507687,609.1982105398301,612.1931318808245,608.0269203235894,614.6462523784679,613.9089798462282,609.1767950024567,604.9956669625527,598.5039266889221,610.0974496473063,610.7789418341349,614.6497235176523,629.3429497663992,637.3209237653066,627.0937262242552,617.670186442002,605.5550654860534,615.1128278283593,1435.5722858075742,1450.4228354370964,666.7114794802994,0.0,0.0,0.0,0.0,0.0,0.0,0.0,0.0,0.0,146.41144076730177,162.90641730968144,0.0,0.0,0.0,0.0,0.0,0.0,0.0,0.0,0.0,0.0,0.0,0.0,0.0,0.0,0.0,0.0,0.0,0.0,0.0,0.0,647.485330795465,543.0760852710575,598.4659183454005,542.7870544315006,502.24470245496593,452.17697308462215,492.76491552882476,472.7996518141315,492.1905440117962,470.24742303379594,0.0,0.0,0.0,0.0,0.0,0.0,0.0,0.0,0.0,0.0,0.0,0.0,0.0,115.10618381518768,545.4077200610966,256.3836613262006,307.26018679776024,280.37728392844105,316.34228547602595,422.4624806310161,514.897360532437,514.2251191224394,523.9899032627495,532.9026123914532,586.908695155663,646.8278170096108,692.584200600467,749.8970235985157,815.2019656010096,881.738808668807,828.3509546324748,681.0690646867282,698.8997906762238,723.7964106174167,737.8071403398914,732.4038528589049,217.54535914628377,0.0,0.0,0.0,0.0,0.0,0.0,0.0,0.0,0.0,0.0,0.0,780.6724817490217,768.0254704847738,731.1912265631556,731.0805565704692,759.5495550721961,758.8788503331555,662.9639168108488,558.7018566701286,560.9004312292022,575.71449494568,555.0123642961606,557.8245499957438,570.0736114797247,566.1253518946314,584.621982222624,577.4073943980394,574.8087435341087,574.202643960777,583.8524727510204,588.0636665187026
2025-04-16,1420.0425384100913,1420.3918814090014,1419.8921432099187,1418.990374016549,1413.0565530537024,1428.8620471034021,1252.0542215024448,1419.0230091237909,1447.872104812446,593.9503289665419,596.0328411759191,1458.163036621888,1421.7834209093912,588.2250494752307,600.9071935774253,610.5919037768856,610.0891069242807,621.8094016317577,625.1349414422068,616.2682488223106,612.9673801033296,616.6518771957882,621.5823745628063,605.7036481701742,616.6207649677946,621.7786467695189,621.5279021636122,635.943822596361,628.3494243758705,624.3431891583414,603.5540198493186,596.5962694082513,1457.6550076638273,1461.0590963991249,643.6129512087011,0.0,0.0,0.0,0.0,0.0,0.0,0.0,7.587146274087615,325.8642201566413,288.67816681792635,208.50323104265306,0.0,0.0,0.0,0.0,0.0,0.0,0.0,0.0,0.0,0.0,0.0,0.0,0.0,0.0,0.0,0.0,0.0,0.0,0.0,667.3656684686937,712.9976131338602,729.3226004353357,762.9084948703864,738.9438937951157,715.5268212760595,578.3157317330008,585.76848757634,536.4482923070863,534.0500799567529,536.6652760105777,84.52799718390901,0.0,0.0,0.0,0.0,0.0,0.0,0.0,0.0,0.0,0.0,0.0,0.0,145.43640917734967,365.353697239397,107.57239211994755,295.15066455648963,275.61185126169573,294.057357693088,394.99508189120763,432.2487184782424,458.29318132071995,501.4718318027639,526.4917778049484,532.9321270632624,599.2173212373323,687.7339052480071,723.987475348475,785.5388607272558,919.8035698894857,844.6464632101506,645.5009388430758,680.9067975352293,729.2040565909784,734.4000640640198,732.5226561497333,238.9524010009162,0.0,0.0,0.0,0.0,0.0,0.0,0.0,0.0,0.0,0.0,0.0,764.2009129999005,753.8023133161169,733.0728464375989,738.5085424818166,750.58032177767,756.1541899777548,683.518265325804,576.7452234283089,574.5165863440542,574.4035056687542,567.4554110233721,543.0912407614867,550.8292159557825,541.189944668844,570.2130440793663,580.8881792273099,572.6862167886194,587.0304426320567,589.7030979289884,578.3242816801097
2025-04-17,1424.3105308283043,1421.6278476651687,1420.305806911923,1418.6823203971758,1428.4675994342579,1437.6798904357279,1256.3596709915387,1410.0613274127165,1454.2772450971097,619.3627555769892,616.0401355679328,1451.1597240633942,1436.7595264715862,588.7050316801981,589.4253388171902,608.2678103969987,614.212424404211,617.7516516955592,626.5664252662233,613.1949191583983,611.1057699865195,615.9185464610171,614.3033791375,602.165590436029,592.8444147806522,610.3730374317456,613.8897316755128,621.4837509216611,622.7305101231898,617.3273143811508,622.8925265467344,618.5588209314778,1444.4323400905014,1416.7824369139335,642.2833654744902,0.0,0.0,0.0,0.0,0.0,0.0,0.0,0.0,54.22293410237671,259.41497037049504,155.09472466958852,0.0,0.0,0.0,0.0,0.0,0.0,0.0,0.0,0.0,0.0,0.0,0.0,0.0,0.0,0.0,0.0,0.0,0.0,0.0,0.0,552.4112401964394,447.461686263244,573.412114992705,585.5653349246892,483.8667305485923,393.8717872611878,297.28132104644817,319.3959153807182,383.676446271027,455.5347111566381,0.0,0.0,0.0,0.0,0.0,0.0,0.0,0.0,0.0,0.0,0.0,0.0,0.0,80.66082865341113,115.5419146532689,117.54532248112281,212.82797013222208,260.0957094774134,288.93012344993724,407.7808423185641,505.16646171291876,542.4988588551263,524.666125722603,542.8692797703454,588.2079581505118,645.3185370866199,682.0312399186148,744.9892767246885,794.5899849745346,891.3461056343671,818.5067665467561,643.5159667269511,681.9234525810033,713.7469844876451,724.882813854306,727.34606146608,259.9012876912898,0.0,0.0,0.0,0.0,0.0,0.0,0.0,0.0,0.0,0.0,0.0,733.1566626503499,727.841623820961,727.6143937598933,719.2484556885704,734.2368109827064,773.0349315961649,685.3406738743527,584.0558950608976,567.8817104910638,570.1100499258567,535.0361520616938,555.8478603301669,555.994899495311,541.1109834156618,579.8280238672039,579.262294899174,582.2388658960016,595.0240416022499,506.11927621390146,424.8030225277836
2025-04-18,1246.0131735541836,1280.478526688712,1305.321324900595,426.7438092047721,772.5712422280528,430.35838537046783,447.14260661438266,453.20871701179794,462.5927487750872,449.2213614539166,419.9118495925291,440.9781147067115,419.0933319281761,413.5040551086896,419.0768272793342,415.2168711790829,426.6145296820714,450.8755629722048,451.0140126234023,462.9858944889132,460.30257483121,458.8355664006929,488.6347360954722,498.2991990524215,448.9561698965693,461.23647240853325,455.15996714760115,484.52627631300743,461.2654459837007,464.6913540675698,463.5059097225196,464.64208500039973,456.34342024045117,1300.7404734612676,0.0,0.0,0.0,0.0,0.0,0.0,0.0,0.0,0.0,0.0,0.0,0.0,0.0,0.0,0.0,0.0,0.0,0.0,0.0,0.0,0.0,0.0,0.0,0.0,0.0,0.0,0.0,0.0,0.0,0.0,0.0,0.0,0.0,0.0,0.0,0.0,0.0,0.0,0.0,0.0,0.0,0.0,0.0,0.0,0.0,0.0,0.0,0.0,0.0,0.0,0.0,0.0,0.0,0.0,0.0,0.0,0.0,0.0,0.0,0.0,0.0,0.0,0.0,0.0,31.801352244969536,99.02664262835494,98.65408114285606,87.53656919026056,140.03454691893802,178.31334793541077,214.37028713735083,308.8965894997191,266.84893257835273,0.0,0.0,0.0,0.0,0.0,0.0,0.0,0.0,0.0,0.0,0.0,0.0,0.0,0.0,0.0,0.0,0.0,0.0,453.57069471733723,461.3102202493028,459.845657635026,462.7592374862992,476.7950281310353,449.66668955697503,393.8848419520603,402.46969484567325,416.1429294070743,462.30041600662685,444.7100358183447,431.2053748552991,423.41888740812436,416.4855735228215,464.9052647262629,456.9707153291568,433.3440197857816,433.38922011748537,451.45555497886994
2025-04-19,1252.340827689268,1262.4706575413034,1127.3692853345697,449.9057987186708,448.8949509425106,412.97683238343825,419.0773385901409,412.97257125265963,414.0260625947081,449.7713717860185,448.06527161223033,428.8242454243368,414.1591262643782,443.7428272192968,452.4768283778849,454.50359599810474,459.85385192516287,477.6530519971059,445.43003076428346,449.81967220933853,451.79190849029555,453.91385764418,455.1230919244064,468.78235463606364,428.1797054211374,453.5294451106866,471.7547398563424,456.8477229397469,463.22116907187575,465.6136532722631,452.4310162153556,457.64620804184455,454.51874730489345,1306.8024508593755,0.0,0.0,0.0,0.0,0.0,0.0,0.0,0.0,0.0,0.0,0.0,0.0,0.0,0.0,0.0,0.0,0.0,0.0,0.0,0.0,0.0,0.0,0.0,0.0,0.0,0.0,0.0,0.0,0.0,0.0,0.0,0.0,0.0,0.0,0.0,0.0,0.0,0.0,0.0,0.0,0.0,0.0,0.0,0.0,0.0,0.0,0.0,0.0,0.0,0.0,0.0,0.0,0.0,0.0,0.0,0.0,0.0,0.0,0.0,0.0,0.0,0.0,0.0,5.157820686616674,32.09761626982308,116.23331660508256,119.34595892708052,88.29999295780723,192.7380050271499,279.1680632227016,251.5733424165486,289.9656985470079,279.4857654606808,0.0,0.0,0.0,0.0,0.0,0.0,0.0,0.0,0.0,0.0,0.0,0.0,0.0,0.0,0.0,0.0,0.0,0.0,455.10940575520345,459.9789014652385,471.11330632836035,455.00510967574496,468.18440673280577,475.535903888261,428.27522513810794,388.9875031252773,385.72525712127225,414.38538243305936,403.9774093144212,448.4052775901491,422.4502745273411,420.7705841292928,444.4504009553385,412.5995459984664,429.5200432369623,462.5003518125425,582.6124085179159
2025-04-20,1414.0592280570727,1407.2939968287187,1413.5042203834587,1409.4606839100488,1420.3805927431808,1431.8390907297048,1242.6376643766625,1415.8039552899422,1433.2184802174402,596.9265005042155,612.0068205360717,1462.2565233055502,1418.2180428816632,590.367027013066,606.6908974419011,614.2377012218338,607.2648503792426,577.5350879382087,605.5852090862728,610.6996861332367,598.1385599031079,616.9396778128431,617.2497593771717,579.5757951670389,575.8922648836189,611.1408233672372,626.3572903590193,616.9513407190137,611.5674468978341,616.3414419215204,611.298501314435,607.7488515174936,1425.5168359278182,1419.1080438584145,624.5853651242538,0.0,0.0,0.0,0.0,0.0,0.0,0.0,0.0,0.0,0.0,0.0,0.0,0.0,0.0,0.0,0.0,0.0,0.0,0.0,0.0,0.0,0.0,0.0,0.0,0.0,0.0,0.0,0.0,0.0,0.0,0.0,734.7630453509315,0.0,101.6774723681967,548.4212980775746,523.6259412670628,520.8730662927819,472.5376264029876,462.32918995426553,495.08188708839054,447.01813717522896,0.0,0.0,0.0,0.0,0.0,0.0,0.0,0.0,0.0,0.0,0.0,0.0,0.0,29.568001564107107,56.62071701854522,94.47156626515391,154.46713370944278,187.10466233577534,230.12057323862052,321.5978198182444,408.96605343563976,455.3901201748559,465.83207400457263,501.68886550156435,564.5493241309682,595.9674638980941,700.6854042810794,741.4998123745405,835.000754168225,873.0700468912739,773.9477182858207,634.6404745231646,641.2422999421432,711.6289921991257,734.0659978370545,716.3776307826078,138.66559501547465,0.0,0.0,0.0,0.0,0.0,0.0,0.0,0.0,0.0,0.0,0.0,725.9890096017161,740.4290089373013,737.8760341910081,722.0250273969623,729.1616142895452,768.7229015123669,688.411037414967,561.6238448766765,537.09255496866,554.9922171875855,567.9142894251222,567.378993830282,567.328109250478,556.4029946802181,550.2426862389394,546.2870639526958,576.1659788601951,588.8765953250221,584.3632729733787,565.800254358929
2025-04-21,1405.704395945465,1424.484996001851,1421.3370237052636,1417.4310841507786,1422.1783318758428,1424.2839896149796,1258.9766318480679,1431.9752150293216,1435.3531448739745,587.2299917823741,611.836326979706,1448.2197856083317,1434.9423904447203,598.6677671955762,608.484156639396,603.3979819809229,616.6133380385737,609.5158261640739,614.6425647710365,604.201567905176,619.4207920646028,617.0206896268003,612.4982261037276,622.9967948884307,600.8368734612657,614.4023964658634,597.0602396281322,620.7147444022561,619.487514378444,617.236167976411,615.6940855138203,612.7002179439035,1443.4232707304554,1435.9430657323155,622.183478558818,0.0,0.0,0.0,0.0,0.0,0.0,0.0,0.0,0.0,0.0,0.0,0.0,0.0,0.0,0.0,0.0,0.0,0.0,0.0,0.0,0.0,0.0,0.0,0.0,0.0,0.0,0.0,0.0,0.0,0.0,0.0,162.9894759353164,0.0,0.0,0.0,554.1132000302475,535.1898581192532,570.6868922840824,575.5065084691277,533.9059480212445,525.6472767990398,0.0,0.0,0.0,0.0,0.0,0.0,0.0,0.0,0.0,0.0,0.0,0.0,0.0,77.22965272786463,112.2205181969949,122.77362900963134,179.3805225619946,187.2397439299091,258.3682954923706,284.8424368278954,312.4020766324301,373.5157487605254,430.3227285080594,499.5052885265312,557.4150819664662,577.987741286217,667.1085066817135,724.2207489372582,767.8135138544902,882.4965395609687,771.0336115945014,624.6731410479712,647.9390902301845,708.3343176631278,720.504333611568,733.4239417268562,123.6930094467433,0.0,0.0,0.0,0.0,0.0,0.0,0.0,0.0,0.0,0.0,0.0,729.1604060317611,725.7354578996673,737.1301898822763,738.8671295674494,721.8977196682139,769.7253898852371,705.3633601882075,583.5132286346619,537.0518997311332,564.4668314946102,578.03565976899,570.7128770260904,562.4130633790646,568.5374053439216,578.4280760969514,587.9747510035186,579.8213556078839,587.3141117864343,578.7609938975472,585.517000005882
2025-04-22,1415.3113020628866,1414.0460000190055,1431.6603537587544,1411.4689822581288,1412.0725694623172,1412.9891416384514,1251.102218328609,1424.1214564733014,1437.1109748637114,598.0868174171459,610.637664019907,1446.8591140896333,1413.5795983127573,577.9922061658986,609.1467815835756,598.3373537862335,598.994460348171,616.0082608783282,622.7650371706674,620.403199056921,593.3811133080926,585.1166916489857,603.9328188211331,619.9808856983,610.2182495170019,592.4031004309678,592.9772007995964,626.7036860381064,629.0145901610035,604.6385651302944,597.7095204704863,616.0151526555157,1454.4040520880785,1432.0720229154908,605.876798324812,0.0,0.0,0.0,0.0,0.0,0.0,0.0,0.0,0.0,0.0,0.0,0.0,0.0,0.0,0.0,0.0,0.0,0.0,0.0,0.0,0.0,0.0,0.0,0.0,0.0,0.0,0.0,0.0,0.0,0.0,0.0,586.9350005346098,0.0,0.0,323.6798958949246,520.5728237261156,398.0050662429606,339.41104178213857,344.36479074572355,402.2106997706378,403.43437075296515,0.0,0.0,0.0,0.0,0.0,0.0,0.0,0.0,0.0,0.0,0.0,0.0,0.0,22.63775738900702,165.85384892432955,146.00981034281034,265.4773990017533,322.44865929874936,338.9432624415223,281.1853990468624,409.7193651457684,444.4311317995652,478.25835035090734,494.55831853625693,565.8983609361276,607.0122493181101,687.9390166367118,726.2783838318736,746.2833056281784,886.367084149448,786.7315295434531,637.6503182394564,645.2439433612925,729.8442340901596,753.1934685967246,730.734051181296,144.74896579675044,0.0,0.0,0.0,0.0,0.0,0.0,0.0,0.0,0.0,0.0,0.0,739.2403079988966,731.8700376981674,736.338354044081,748.7354879941319,732.0413953031588,762.0114970651575,677.8258400562236,570.6097780271075,564.2868557875377,562.007795996776,526.3189994741593,557.950430466198,563.4142201673823,565.1699960354653,572.1965772769505,559.4408128214482,561.4796768939274,581.953545433008,590.3645839987124,577.2958769783584
2025-04-23,1425.4273402086988,1424.416783019878,1419.511004077911,1409.5635453650234,1426.5173485599355,1425.4526560922209,1255.492844503207,1434.94229442199,1440.1913911542213,610.2776571883437,615.8073201971347,1444.3958070709841,1428.2222493116192,590.5322829193871,607.0796971207972,620.097778872812,627.1121686598028,616.3176452161529,625.4177492326484,618.7063874694811,630.0986618675438,624.1501833160884,619.7917098464629,614.797952510693,604.5689431884791,628.5626108032963,641.1368737487103,615.7366013006505,615.336989775163,629.4967014375909,626.2651845164879,615.3556856814827,1453.8703744113195,1411.6695986830161,615.496119311329,0.0,0.0,0.0,0.0,0.0,0.0,0.0,0.0,0.0,0.0,0.0,0.0,0.0,0.0,0.0,0.0,0.0,0.0,0.0,0.0,0.0,0.0,0.0,0.0,0.0,0.0,0.0,0.0,0.0,0.0,0.0,635.5336815436676,0.0,96.01346327116119,623.6758799159007,576.3572785924127,554.3475207153227,487.5053217413281,554.0679028336093,582.4314899638225,489.04851586880636,0.0,0.0,0.0,0.0,0.0,0.0,0.0,0.0,0.0,0.0,0.0,0.0,0.0,88.12226623470269,150.43927924072773,198.98727191077612,246.30086312046274,318.3131096860711,303.99951661891964,380.25378648502544,456.67232876939374,494.88422343963356,523.8752562604658,520.2159304647753,524.4877184885004,591.0467848854657,668.6527202003263,730.1857641018029,751.3885636421361,842.6442828266684,744.3795445847829,640.0790079103074,648.5560316323886,717.7402482113879,738.6079016519465,735.9828438297372,190.12679312527746,0.0,0.0,0.0,0.0,0.0,0.0,0.0,0.0,0.0,0.0,0.0,740.3285933982978,750.428981863749,726.2490486027856,738.1845785589131,730.6434205943336,752.738636753041,685.9242904257413,566.3587916498942,567.1236917977739,572.8287613137584,564.2093558901896,565.3349155204074,562.5129845821905,549.8005875578965,567.5717509937626,588.5564536351276,581.2103231306712,601.1454310070006,578.3922390030045,604.2868492140624
2025-04-24,1424.2874262624919,1420.2217128379987,1425.7683621315512,1421.4866545843463,1424.6421901781969,1431.0625314756137,1268.7574323503618,1420.2574526310543,1428.6617731370102,611.4992526411771,614.7937339206973,1440.0412902016856,1425.8677139924432,615.6138595509673,621.4015516754179,592.182032530439,605.1209129604983,638.8832215912996,608.0851837742313,589.8979173051434,619.9510727202937,614.5531269317847,612.3192513701249,620.039891788943,615.2557735142218,599.5697197865901,616.5194640465335,620.6671065313943,614.5208341668862,615.4100455580158,609.5447915803214,606.0037534089868,1446.9012886403243,1415.7756487718736,624.0627054485968,0.0,0.0,0.0,0.0,0.0,0.0,0.0,0.0,0.0,0.0,0.0,0.0,0.0,0.0,0.0,0.0,0.0,0.0,0.0,0.0,0.0,0.0,0.0,0.0,0.0,0.0,0.0,0.0,0.0,0.0,0.0,585.3859583734974,0.0,56.901486021994515,444.90469136361367,456.63187365659957,365.76087571658667,325.9911426533705,329.7223925606477,383.87420957992333,427.408965964446,0.0,0.0,0.0,0.0,0.0,0.0,0.0,0.0,0.0,0.0,0.0,0.0,0.0,64.45448168553449,115.6931799444354,92.74667254893582,137.48376358079938,218.7230711116789,279.25162609871785,318.57198409015035,436.5127636283572,465.01327200416597,520.8081626336963,533.2656334301295,609.1581619831801,604.9195345687979,715.3216225848131,759.9728319935967,778.4835578157912,852.9484692290904,761.9086332869656,652.6347281409351,656.8487860834604,713.2963723832548,735.7484628050073,732.6749825007018,164.74444658505365,0.0,0.0,0.0,0.0,0.0,0.0,0.0,0.0,0.0,0.0,0.0,741.0974504467225,747.2086823228243,729.6487380720852,729.144587577505,744.6668315064552,761.5774914731936,679.5681225299553,557.4354492084685,539.8975560817295,565.6718449577477,537.0866444231887,557.6438396631439,550.8846831942586,545.5230333580082,571.185871246471,574.3671585183479,589.555437488314,579.8335830340773,482.24066212890654,417.05641985853276
2025-04-25,1262.7415406253401,1284.3748587224861,1174.920633435589,411.8478566131262,427.79273532967363,448.0368898111084,455.90029807783554,452.6838464365706,422.1856306031666,410.639716377033,455.31254949629266,457.0051882908022,457.7443812456119,458.25159577053705,456.0100320618098,456.905672198903,464.2783213191867,467.1293087887693,446.561029312875,448.1095066144109,455.77345482926063,453.7176993750339,456.438756809353,477.7353882754004,467.0742219096253,455.192149674701,453.38141968445336,459.83539923494135,463.4026091731758,451.9775633677425,456.1666715926598,460.02536453746194,461.52847770874706,1291.251841043791,0.0,0.0,0.0,0.0,0.0,0.0,0.0,0.0,0.0,0.0,0.0,0.0,0.0,0.0,0.0,0.0,0.0,0.0,0.0,0.0,0.0,0.0,0.0,0.0,0.0,0.0,0.0,0.0,0.0,0.0,0.0,0.0,0.0,0.0,0.0,0.0,0.0,0.0,0.0,0.0,0.0,0.0,0.0,0.0,0.0,0.0,0.0,0.0,0.0,0.0,0.0,0.0,0.0,0.0,0.0,0.0,0.0,0.0,0.0,0.0,0.0,0.0,0.0,0.0,0.0,52.585251274966,46.5908803078793,17.966264372256624,90.67680664937069,121.56548981445461,203.03211191390545,248.7801526808036,287.08099886683334,0.0,0.0,0.0,0.0,0.0,0.0,0.0,0.0,0.0,0.0,0.0,0.0,0.0,0.0,0.0,0.0,0.0,0.0,456.7059863971709,459.5617979436007,463.6209234726,483.100178561999,476.3933721811099,477.3050108916871,387.35567240338054,392.06232521956406,385.87632994251277,400.13397649325935,422.09622141307005,423.01571153642095,422.8417248391671,458.4194201046937,423.04495573548996,411.69278670697474,422.598828193921,425.4573914309066,423.80446815606115
2025-04-26,1261.5746408770576,1259.0634567696447,734.4698893754016,439.138417303193,475.55127886530994,425.60506338682785,389.44691489896843,397.4574405205351,404.54139583428156,458.29485309798713,470.9323986513739,430.27693629662804,430.49009191709445,434.88260677798394,451.49362585695235,454.1926661403927,458.63587328745047,464.88305389829037,457.12542707359466,458.7980470036697,464.8611031586211,482.9355741536881,470.39570214462526,469.2900152477738,440.7737409318292,465.2819126539355,432.32164798492755,472.9898480663512,467.5538890518835,464.12884722241284,470.2089960657046,465.65317316531707,465.89488926393886,1294.4357932428554,0.0,0.0,0.0,0.0,0.0,0.0,0.0,0.0,0.0,0.0,0.0,0.0,0.0,0.0,0.0,0.0,0.0,0.0,0.0,0.0,0.0,0.0,0.0,0.0,0.0,0.0,0.0,0.0,0.0,0.0,0.0,0.0,0.0,0.0,0.0,0.0,0.0,0.0,0.0,0.0,0.0,0.0,0.0,0.0,0.0,0.0,0.0,0.0,0.0,0.0,0.0,0.0,0.0,0.0,0.0,0.0,0.0,0.0,0.0,0.0,0.0,0.0,0.0,0.0,0.0,52.41761521362878,79.06642670306817,5.645994891048076,98.98953457872845,157.00566187313925,235.9135738483642,242.43369169837604,221.27205135397793,0.0,0.0,0.0,0.0,0.0,0.0,0.0,0.0,0.0,0.0,0.0,0.0,0.0,0.0,0.0,0.0,0.0,0.0,462.14904699750105,458.95997919229995,462.8919909761955,477.5999018936314,475.6921065365361,460.57653361307115,398.9792715422684,437.072059014615,438.060011665885,400.20519924541946,400.3347088227269,423.9963627250678,385.1068271770848,396.3340337141753,402.9401366999012,360.4804082650611,403.4374050240313,467.7344877683576,577.5293738743995
2025-04-27,1419.753918924931,1394.6620144250683,1413.9332168404667,1418.5170935374379,1431.1997686779018,1410.9442040305807,1255.6499945445557,1425.457750194159,1430.0677713389225,602.2786032411905,606.099109759748,1431.3603176001016,1420.985689670283,614.7597150011725,614.682121430262,587.5566255588031,581.1817736580416,613.9635764352108,615.9581259188501,614.5334516975117,598.9345901669908,629.7800333440184,617.6203126999548,601.7931198164626,619.9535895316044,619.173452453534,615.4381210155002,610.2543063317023,607.9167961266925,623.3179854497179,637.5337390172735,627.1162684806569,1438.4261807481848,1428.5022643944944,624.6714360912005,0.0,0.0,0.0,0.0,0.0,0.0,0.0,0.0,0.0,0.0,0.0,0.0,0.0,0.0,0.0,0.0,0.0,0.0,0.0,0.0,0.0,0.0,0.0,0.0,0.0,0.0,0.0,0.0,0.0,0.0,0.0,410.67339202798036,0.0,0.0,0.0,572.3373935026843,462.2055586491687,396.91946718367717,416.25039773324727,481.9433860671657,456.02186099973255,0.0,0.0,0.0,0.0,0.0,0.0,0.0,0.0,0.0,0.0,0.0,0.0,0.0,3.668984161218333,264.3089378969054,61.50407372802836,61.39410501446014,131.92637975537704,230.3786094607618,333.5625532503556,374.4423840299852,431.8179430382031,432.05218967957023,502.9842266738504,530.0337834459285,596.9191211242907,662.4761666056652,699.161874903572,733.8528188991605,841.5095304718545,765.8311751173554,632.5867172153062,638.0876839091545,709.9440009703013,728.2487480528603,730.8221250451988,78.55452190153301,0.0,0.0,0.0,0.0,0.0,0.0,0.0,0.0,0.0,0.0,0.0,736.6802213855959,751.6043422049669,739.4667011972982,724.9305834938001,754.0193938977332,770.6414665940106,637.1495438971178,553.2184719206468,547.2180257557352,561.5618553981905,556.0387196446591,561.9711060070194,570.1986174927013,567.2484629546002,569.8001854279732,546.1815541352535,561.2216098204499,572.639859762316,584.8969672719188,572.314647980733
2025-04-28,1413.8694697973756,1411.6944595344853,1429.325371509653,1422.2651299267986,1441.4807639315268,1428.1113715273425,1255.089086038739,1426.1921228604483,1438.6309362312568,602.2201152038939,587.7856130083265,1409.868116216921,1411.4144259777427,594.5395746481585,612.7153930651224,600.4812218981941,611.2166627545018,617.8033174216134,620.8550306890579,616.8574435798771,616.2317859491052,637.893025572235,611.7947422265819,597.6450946318073,613.1584691616428,619.5176694268397,623.2983452276541,607.8316577711763,614.9853088620084,629.3299112362894,634.0830434309523,645.4040970273817,1475.9122756615952,1428.5390450523118,627.010477379422,0.0,0.0,0.0,0.0,0.0,0.0,0.0,0.0,0.0,0.0,0.0,0.0,0.0,0.0,0.0,0.0,0.0,0.0,0.0,0.0,0.0,0.0,0.0,0.0,0.0,0.0,0.0,0.0,0.0,0.0,0.0,0.0,0.0,0.0,0.0,24.76384018405115,409.4523642029694,442.4005920852712,477.6075580235423,449.46506410449354,435.90354500444244,0.0,0.0,0.0,0.0,0.0,0.0,0.0,0.0,0.0,0.0,0.0,0.0,0.0,17.663750820302766,303.02047250886653,90.57162818800947,76.42003533556009,172.9528821460016,217.46892571265082,230.94970951956185,341.5560443433175,378.76116077271257,408.96684290129264,472.68378920163013,513.7727278103007,546.8321971838765,612.6935336430354,694.6486907023933,721.5448148063609,820.9416111918766,740.5554417061006,602.4197410100924,620.1239296417235,710.6768395342347,715.8227851607286,727.5668412457406,96.61230202458864,0.0,0.0,0.0,0.0,0.0,0.0,0.0,0.0,0.0,0.0,0.0,731.0847418129273,742.6795448996154,729.1742199374208,733.7972665359847,723.0002021232272,747.3947873281729,689.2413147422434,558.6361054475818,547.3327816763905,554.2057592660825,572.1858213589379,571.8973768608082,594.0074961502762,577.6613266605614,580.0509021735742,573.8700872471364,557.6677169412932,572.0771840350577,584.249352030521,561.7239048555803
2025-04-29,1416.1374183149637,1413.9838422402086,1426.7493662658042,1418.4282300121922,1431.308533585801,1428.1113715273425,1252.8764152363387,1425.9384364738078,1430.8018476690804,609.8288705591602,615.7115528014796,1438.2566194471988,1428.4992131491895,602.7658586047881,596.6062614684898,592.6317274379217,613.3895835180404,625.4014359622648,604.5051599874193,599.3052163954967,619.2031401318724,633.9621597340645,615.8630604708559,613.0852918789927,611.9588198392876,618.2296918117498,630.1499801892461,592.1507214189847,611.3462603973625,626.9275874470691,635.6299207312316,638.6798852753775,1467.2036142984412,1419.3233979759746,624.5328109620486,0.0,0.0,0.0,0.0,0.0,0.0,0.0,0.0,0.0,0.0,0.0,0.0,0.0,0.0,0.0,0.0,0.0,0.0,0.0,0.0,0.0,0.0,0.0,0.0,0.0,0.0,0.0,0.0,0.0,0.0,0.0,112.62630929546056,0.0,0.0,0.0,645.281581630433,518.309396541559,523.3158724069762,604.9988235238176,602.6988920312441,590.7771062219326,0.0,0.0,0.0,0.0,0.0,0.0,0.0,0.0,0.0,0.0,0.0,0.0,0.0,46.724529162294104,638.563501525831,149.1339298180933,159.93105110027926,211.41574613595398,240.6108668893175,284.4860789486729,318.33072020950084,392.2254126983503,434.3462520505088,467.95712027304876,517.5776724689287,559.2112903268304,616.1646643272933,683.3591345049758,731.7184408208324,835.8208734609941,752.4304599160383,609.9100925060468,609.9613855108153,706.7658307777612,729.8949482824416,721.8278452414836,88.23422480806278,0.0,0.0,0.0,0.0,0.0,0.0,0.0,0.0,0.0,0.0,0.0,731.6451108163006,744.9934228697816,733.8550280219296,733.7972665359847,721.969811369122,754.1724392432906,706.3217893812784,559.1402284853473,554.3655521818749,558.2192444536772,548.4411019635027,553.1328321931728,581.4448364489132,572.7004318823467,582.6163672415447,568.8797101461439,556.5138477049007,563.8265056160013,581.8957876748646,574.2844202047041
2025-04-30,1457.4146091586679,1437.5690330992225,1429.3968454463566,1427.6857916350257,1444.6390434238133,1428.2002675446279,1272.9662736480896,1424.4784672804121,1424.283145552277,608.5045886899223,607.9530373782111,1449.2734170832991,1433.0916934138922,611.3457732855762,596.8269743537167,578.1248709208318,587.1804687655708,631.710019371669,610.2174128453898,633.874469548326,606.7770787103802,628.3838335307878,619.3603133773967,617.18845282581,609.5190147149797,618.7887114235743,624.291780204332,595.7322870749888,590.2857375536541,615.9525858495707,619.1903150607382,620.6212389735005,1447.0717609398178,1424.8520737643944,621.1808982056913,0.0,0.0,0.0,0.0,0.0,0.0,0.0,0.0,0.0,0.0,0.0,0.0,0.0,0.0,0.0,0.0,0.0,0.0,0.0,0.0,0.0,0.0,0.0,0.0,0.0,0.0,0.0,0.0,0.0,0.0,320.9175356781975,757.4193023939349,761.0435116552098,788.5680262894282,648.8310768615505,584.8510508585824,656.397735417878,683.1236964573085,520.6094033579126,609.1805008924844,517.4908272298514,0.0,0.0,0.0,0.0,0.0,0.0,0.0,0.0,0.0,0.0,0.0,0.0,0.0,11.91653215340662,43.21902495010654,63.40390377108733,104.988165615543,132.0288547041206,180.5292154914397,235.33685571513,327.0084558265658,359.0763594486481,379.9193084500938,445.6308405952274,515.1494394836504,546.3151359161071,632.8391089140005,689.4667285462305,725.4508197295796,794.5741794607402,735.1198067061177,594.7508034810379,614.5808999827917,708.2424490428692,721.7127378319858,720.8980390938642,245.14543143728497,0.0,0.0,0.0,0.0,0.0,0.0,0.0,0.0,0.0,0.0,0.0,737.2933765759008,725.8002612270016,738.6539229420692,730.2794081327894,730.3558339129354,756.8256241229626,704.1794890970177,576.5034190038965,547.8191087692609,555.0057436307493,545.8594009120241,554.7403413682753,583.6619388261922,576.8854934393565,583.5684446523653,574.2071148912386,561.4225320929263,558.1444816635444,576.3724429066212,594.4336697546828
2025-05-01,1423.64165413306,1418.6358094644338,1413.348843886342,1430.779545163586,1428.0696379184774,1421.8106877581856,1262.1626128566993,1430.5169638987072,1428.1488114589424,595.5979211679328,614.8604404401794,1439.8327205692572,1447.511692093342,624.6551823748795,616.680671367953,589.2859993659642,618.3331697356667,626.4860934381313,605.3706646938589,604.2704322933471,600.6450585253815,624.7990447793912,620.0375179869284,620.4165649200324,612.2436406819659,603.7616463271713,596.5059901733828,598.9142539058817,612.2349361020168,618.1245279813922,611.8752498281127,628.5925083102056,1446.669126395127,1410.7943684363845,0.0,0.0,0.0,0.0,0.0,0.0,0.0,0.0,0.0,0.0,0.0,0.0,0.0,0.0,0.0,0.0,0.0,0.0,0.0,0.0,0.0,0.0,0.0,0.0,0.0,0.0,0.0,0.0,0.0,0.0,0.0,0.0,0.0,0.0,0.0,0.0,0.0,472.4450623170296,374.0549984419365,0.0,316.23362201422765,396.96990041308175,0.0,0.0,0.0,0.0,0.0,0.0,0.0,0.0,0.0,0.0,0.0,0.0,0.0,0.0,0.0,29.260351685748986,78.53989444345609,171.77071938392083,220.27707340586858,283.5289427796098,338.5893973279494,374.784823766351,405.93914642015466,485.77694485598744,524.2803244326475,548.9837315385768,634.0874418462488,703.4384649743371,732.0415838657813,826.4239269171794,748.7913363527007,610.4964084762504,617.3432697940052,703.3683638473143,715.067643880481,718.4422855454967,104.05274854200206,0.0,0.0,0.0,0.0,0.0,0.0,0.0,0.0,0.0,0.0,0.0,734.8637519100679,744.1445858347937,740.3033306018422,730.3278750408313,728.1650502563822,759.0565196773797,682.7594174176544,540.3344014338776,518.5901566476582,553.1167669748365,516.9206202101057,565.6786172193906,568.8740545430421,568.2360563936021,567.3894073753689,567.898246793165,560.285887273085,579.3672277097008,512.6289423064331,451.16545631817627
2025-05-02,1230.3786133588208,1272.5638781377233,451.83127625681897,430.24191459404403,425.14393912214973,402.50948192234193,425.0539176884683,460.72787744487545,440.1628655427192,435.7200901962136,433.77721131296596,460.9821887069846,450.7028839194546,478.93654258989756,463.1929200980915,454.5571857240221,467.0966662500987,478.2963126938289,468.51118145589135,469.00462170880513,459.81298546867254,468.7934041131262,473.0193281786976,492.12704296906406,466.4555490767303,463.9408436565759,464.76998414891517,469.54896064843035,472.81815763930814,466.1149472422281,473.20965076750554,454.6144120903526,464.0246572738138,1290.9957211859833,0.0,0.0,0.0,0.0,0.0,0.0,0.0,0.0,0.0,0.0,0.0,0.0,0.0,0.0,0.0,0.0,0.0,0.0,0.0,0.0,0.0,0.0,0.0,0.0,0.0,0.0,0.0,0.0,0.0,0.0,0.0,0.0,0.0,0.0,0.0,0.0,0.0,0.0,0.0,0.0,0.0,0.0,0.0,0.0,0.0,0.0,0.0,0.0,0.0,0.0,0.0,0.0,0.0,0.0,0.0,0.0,0.0,0.0,0.0,0.0,0.0,0.0,0.0,0.0,0.0,0.0,0.0,0.0,41.511672534203626,111.86145437237776,152.61404024562992,234.61263177527138,0.0,0.0,0.0,0.0,0.0,0.0,0.0,0.0,0.0,0.0,0.0,0.0,0.0,0.0,0.0,0.0,0.0,0.0,0.0,471.6689672101715,464.7160788479558,465.0238985219189,455.9955186047047,381.82416078262685,463.3250328036604,376.716755526064,406.76424251765906,388.0886099994973,361.77017798579664,399.6058043553393,434.6937540852979,401.7157861297661,431.5326934563876,404.34327109084035,392.0595076432073,434.6679793753667,430.6278700052884,390.9912572523581
2025-05-03,1260.801731727444,1258.9311383175955,496.0035404364161,426.3543570558532,423.36544264085984,457.926123805948,423.23698758239476,421.0374979744269,435.0599842482378,435.82387630504587,439.8746911951132,449.79676774173475,454.7775999276732,447.90468349919354,471.851747604227,451.3451682475197,466.2217870679401,487.4797146367154,470.5250280805831,465.7595343377231,458.3175081953069,471.44504665974193,472.5225243801756,453.0160454275154,424.3245200767214,461.44890243458224,437.62585343825236,474.45866562118016,479.23543043829125,472.7534714437535,480.0332756692479,458.07166191415143,431.22925679154554,1252.3031853808066,0.0,0.0,0.0,0.0,0.0,0.0,0.0,0.0,0.0,0.0,0.0,0.0,0.0,0.0,0.0,0.0,0.0,0.0,0.0,0.0,0.0,0.0,0.0,0.0,0.0,0.0,0.0,0.0,0.0,0.0,0.0,0.0,0.0,0.0,0.0,0.0,0.0,0.0,0.0,0.0,0.0,0.0,0.0,0.0,0.0,0.0,0.0,0.0,0.0,0.0,0.0,0.0,0.0,0.0,0.0,0.0,0.0,0.0,0.0,0.0,0.0,0.0,0.0,0.0,0.0,11.662038764637515,19.167567493907967,0.0,40.79591193837075,117.34114940519879,207.85693552091266,234.96295166325464,0.0,0.0,0.0,0.0,0.0,0.0,0.0,0.0,0.0,0.0,0.0,0.0,0.0,0.0,0.0,0.0,0.0,0.0,0.0,476.24425993393254,461.29703673069287,462.1150552684358,452.6408095699147,355.6722196337914,475.43667729478705,388.4464934375231,393.12026080609144,426.95368214521585,434.3131622079786,434.5199973994181,400.1859692123618,402.0346471844121,403.50088626095965,397.51588984878913,389.4531081601673,402.8135358827511,475.87193608383745,577.5403535268266
2025-05-04,1408.18771865911,1419.5925232257496,1429.5036696007385,1442.5136217129907,1429.012207547772,1406.472360182786,1248.9760138224115,1418.5864463799478,1406.6123341473062,582.6664625365117,591.4214531998163,1394.2038391536375,1417.7426349481188,617.5511067637691,610.452200724399,592.788237627409,608.7341754665804,598.9752818943175,596.123929378421,591.9057512740435,602.0867199029775,620.8377846970801,634.0978653898346,635.6912319062159,596.0378088625333,603.4183994464512,618.7176084234782,604.0516274210195,601.1539177137274,617.8772086933917,618.2220859662592,628.8340892096924,1438.0020082789094,1373.268360434459,587.0820755964269,0.0,0.0,0.0,0.0,0.0,0.0,0.0,0.0,0.0,0.0,0.0,0.0,0.0,0.0,0.0,0.0,0.0,0.0,0.0,0.0,0.0,0.0,0.0,0.0,0.0,0.0,0.0,0.0,0.0,0.0,0.0,0.0,0.0,0.0,0.0,395.66647365545737,415.4931851046058,321.2446584125911,352.5958843716119,488.0696376606239,335.3528653230603,0.0,0.0,0.0,0.0,0.0,0.0,0.0,0.0,0.0,0.0,0.0,0.0,0.0,5.715557575288443,101.97942572503867,113.92839168391076,144.04270074957589,199.74307932517064,240.96134997858118,270.2688887196023,358.23573754893636,426.9282952945989,452.90459325515957,505.4781214245436,542.3789692273714,589.9745628997526,672.3359084576837,720.1327814149369,760.4590529270363,822.3001126909694,726.2140810055408,590.5959239774053,624.8801092107601,690.9283707831551,704.2942207174225,717.4434047805275,314.5076883798059,0.0,0.0,0.0,0.0,0.0,0.0,0.0,0.0,0.0,0.0,0.0,751.4755439740984,755.2567392711867,736.8917438230839,737.6622948928901,740.1805118503275,754.1930338220247,671.9560752639732,536.1284124866688,533.0131513091724,567.7089761510628,566.8914697887409,570.3817217587306,567.6032719978309,565.5289870691603,586.5302051287696,575.9595039602796,560.4978328418925,540.7549710299304,584.6540542467806,584.4032580704428
2025-05-05,1424.4194060363864,1423.9781646244317,1430.951700394261,1441.768316462345,1436.942352355858,1424.9167183624625,1258.676515184453,1435.1161387051907,1412.4859797560114,590.0611864466866,615.6829849237047,1430.0615825748582,1417.327368679077,588.5517921762467,611.8911361630433,594.4308368179891,626.4859062537929,619.0952351435277,617.3943882824426,610.4645038279793,604.4102324960742,610.3227488295092,593.7613182510028,626.3785525213867,607.0765834712143,611.6944495513768,615.6300868500425,627.7774720018215,616.5521122523983,604.604561618773,621.6477842207361,636.4068367724869,1429.1096874671366,1374.9109596250391,588.4505825022703,0.0,0.0,0.0,0.0,0.0,0.0,0.0,0.0,0.0,0.0,0.0,0.0,0.0,0.0,0.0,0.0,0.0,0.0,0.0,0.0,0.0,0.0,0.0,0.0,0.0,0.0,0.0,0.0,0.0,0.0,0.0,762.0935603785695,0.0,97.2499207836523,641.3948894714448,594.7651005971454,654.383055807356,481.89163160613805,472.01553842730596,528.4872426761323,425.0395310220699,0.0,0.0,0.0,0.0,0.0,0.0,0.0,0.0,0.0,0.0,0.0,0.0,0.0,45.23673130892081,199.36808729029465,101.06529068629942,126.35120563788706,173.88224899578,268.50604193965484,285.2646979800907,356.32588034127104,392.86954781136643,433.539696501214,468.60556277473563,506.2822974607111,559.5934999167392,633.1386134261012,711.303556627828,746.8310307865992,802.0619965519775,730.3874542549535,593.9158213862461,633.9231599626925,710.080318038935,705.9501228132272,736.0653849909789,262.50304883363356,0.0,0.0,0.0,0.0,0.0,0.0,0.0,0.0,0.0,0.0,0.0,754.5075565729632,760.2074825516388,748.9744210255354,747.4086002525879,719.3475466845636,758.7908231885925,700.5997467808492,576.3118720084332,555.8712499155839,568.0303656038823,562.3740768689456,572.2342596912287,571.5352538941339,566.9783290224285,566.7096961650101,562.1282883693751,572.7570400632904,558.070164310317,563.8949989540932,581.7133382413172
2025-05-06,1432.692473945221,1420.915267512767,1444.0306322442207,1424.480884478371,1419.2919772311225,1408.4587271896053,1252.6787640571356,1434.3410765266588,1430.4276584963707,601.254823901947,612.6126054718154,1430.9840461787228,1447.0486594623499,621.9663761078415,581.5840933171959,597.6440496414328,608.3566012163762,616.0899682649781,600.3700614042441,589.8053754675049,627.8305147056201,612.1031994126258,639.0383333942195,662.1670873506934,615.2186559244999,610.8838951491912,629.4863659230303,665.4117410393533,612.3548209289423,629.5945409459738,619.4969411428417,645.4419044504169,1429.0109251879792,1405.9746350252299,0.0,0.0,0.0,0.0,0.0,0.0,0.0,0.0,0.0,0.0,0.0,0.0,0.0,0.0,0.0,0.0,0.0,0.0,0.0,0.0,0.0,0.0,0.0,0.0,0.0,0.0,0.0,0.0,0.0,0.0,0.0,0.0,0.0,0.0,0.0,0.0,0.0,0.0,175.04934489933885,0.0,0.0,400.9182866749578,0.0,0.0,0.0,0.0,0.0,0.0,0.0,0.0,0.0,0.0,0.0,0.0,0.0,46.60397958457611,56.697021267477595,105.59263327368276,202.4395788750753,230.62326075659965,254.90097862092398,314.84872764976774,375.57037431547207,394.41767644475567,462.9259070370354,476.1386541577093,523.4158360177225,583.2702392217781,607.2785248699681,683.2906625034807,747.0729092547924,793.8475985865365,752.2675097396314,624.3388597945266,666.1137110609692,754.8435083452874,794.3715117844365,801.6345095424579,771.5369252159259,0.0,0.0,0.0,0.0,0.0,0.0,0.0,0.0,59.73848448306285,0.0,4.001534041975901,852.1381179071386,843.6916725736351,796.3616630751746,783.2673390451382,796.7432754520515,794.2524610652046,738.4541484752324,535.0123931039328,530.8751651429242,558.5917800997069,644.9253939298808,579.0547267889862,555.6707496421745,559.6405067179277,572.2270393589415,561.1462438594754,546.711490967101,617.9312284825487,601.8596763372897,598.5789337284435
2025-05-07,1425.581003996942,1421.0809844775445,1417.2265892602318,1433.4499952957142,1419.952951826082,1408.3221642333378,1256.4816915828628,1445.131345950326,1430.0959826139006,600.5263090257445,610.5257319726848,1422.1761944401967,1431.4366700379696,615.019581713437,610.22986078216,601.3577644355455,605.0035679910186,622.8375884438485,594.1108607678718,602.2420054692988,582.9143698303819,606.4844737492062,616.978549708596,640.1293605436255,598.0796282079117,584.9203024084558,625.8873314442891,627.742095668034,617.2049584048666,598.5043482455387,603.7185245195844,605.5152425936736,1422.6818717418223,1386.7738588886016,380.3486716687397,0.0,0.0,0.0,0.0,0.0,0.0,0.0,0.0,0.0,0.0,0.0,0.0,0.0,0.0,0.0,0.0,0.0,0.0,0.0,0.0,0.0,0.0,0.0,0.0,0.0,0.0,0.0,0.0,0.0,0.0,0.0,0.0,0.0,0.0,0.0,0.0,559.2954859388985,528.1103135182221,525.3224718807677,555.8657032190422,546.9708072334851,0.0,0.0,0.0,0.0,0.0,0.0,0.0,0.0,0.0,0.0,0.0,0.0,0.0,0.0,29.337239313907432,86.84607255623769,144.58704047358952,176.37167649165144,229.95682288442885,289.90002435430347,331.79653606012914,330.2327988220171,364.5907022186819,444.9636661162447,481.67304149816596,560.5002016989058,621.5138716842565,686.5767950757413,766.1428348402039,835.9041892581114,755.5615483357127,584.7758260259313,599.9790070606957,675.636455151759,749.1583312777984,747.1842316253966,233.34325037465794,0.0,0.0,0.0,0.0,0.0,0.0,0.0,0.0,0.0,0.0,0.0,755.0140579864495,757.6457704622081,751.0472245046976,746.4109728868825,730.8385199911158,748.2568435820424,679.8965648393771,538.4239790706947,550.1714324903163,579.8532398689387,559.6492191083894,541.199981725656,565.4439660201616,569.7387177842246,568.3497256475542,563.376762769729,571.1873707313359,587.4754864607421,595.4021139535456,599.0842157735905
2025-05-08,1446.517357703447,1439.588275897082,1458.2845141948562,1441.6689887429661,1454.8207504366046,1438.1652153132757,1304.91953956268,1456.622114054342,1407.366644940868,595.545875855778,619.1656379131771,1436.0205216406341,1439.3385021571203,621.7101149400518,611.405355349068,600.7820004773642,592.9384065842604,623.3255886027727,613.8883426147743,629.3817823021328,619.0458917694102,619.5257976320322,623.1498543297645,619.426739447091,601.9773040208269,624.6269614451207,615.4306721364421,623.4536005300981,616.3795575093596,579.3019431203255,638.2520892592522,650.1862873255341,1431.6164819328274,1332.7017607651437,0.0,0.0,0.0,0.0,0.0,0.0,0.0,0.0,0.0,0.0,0.0,0.0,0.0,0.0,0.0,0.0,0.0,0.0,0.0,0.0,0.0,0.0,0.0,0.0,0.0,0.0,0.0,0.0,0.0,0.0,0.0,0.0,0.0,0.0,0.0,0.0,0.0,440.64253221224,447.55138647128075,0.0,103.02375415591376,462.31437918281296,0.0,0.0,0.0,0.0,0.0,0.0,0.0,0.0,0.0,0.0,0.0,0.0,0.0,0.0,0.0,0.0,55.148935964097944,82.36949325850557,181.47681568942153,316.4466933832898,377.0803112374108,407.53256184233595,440.0367798627116,493.1166416267203,531.9599833417675,578.0414814157476,655.6370765204139,731.2153315802288,774.3288790517645,846.9292633116096,752.3197932437602,654.8018152211548,670.8778861402785,721.2231485894524,745.4575358743533,821.307474878267,845.5794857474604,0.0,0.0,0.0,0.0,0.0,0.0,0.0,0.0,162.8306658170544,0.0,0.0,844.0072114072489,833.9266615528959,818.8715731296336,832.6882224714515,842.5210504015738,807.361098563931,786.5302021569785,540.8821368194818,535.8804372148322,582.0355666959233,631.1843093057149,656.4349159004258,641.2478565608234,590.0419540228173,615.1334795148733,582.8108256249013,582.8095531408982,616.4575469259703,539.9596358038658,447.90710621492514
2025-05-09,1097.90202334331,1254.1165414403292,395.9049875937702,423.8779887169014,434.42250460020387,408.18641104618996,403.1150658420305,426.5177871599175,465.8707531807533,426.12802958547627,437.8322816870093,433.4997274747989,462.2866686596459,475.7106737826507,454.8300566066235,425.65346114740544,426.1373189649778,480.5547309535177,469.8408105019448,465.3039229553755,466.7634214762842,460.2069298035891,463.89123619006085,476.12272481478755,483.3335946456352,474.74418135136915,485.236540120161,477.675313886533,470.313909343508,463.8781477343722,460.66704573903024,470.7169527091834,460.6236852862889,1273.013227803929,0.0,0.0,0.0,0.0,0.0,0.0,0.0,0.0,0.0,0.0,0.0,0.0,0.0,0.0,0.0,0.0,0.0,0.0,0.0,0.0,0.0,0.0,0.0,0.0,0.0,0.0,0.0,0.0,0.0,0.0,0.0,0.0,0.0,0.0,0.0,0.0,0.0,0.0,0.0,0.0,0.0,0.0,0.0,0.0,0.0,0.0,0.0,0.0,0.0,0.0,0.0,0.0,0.0,0.0,0.0,0.0,0.0,0.0,0.0,0.0,0.0,0.0,0.0,0.0,0.0,88.99340386888903,66.57693400487119,0.0,32.177371731553364,137.3345385808898,169.1237525886189,272.9176563167666,282.1838874808479,0.0,0.0,0.0,0.0,0.0,0.0,0.0,0.0,0.0,0.0,0.0,0.0,0.0,0.0,0.0,0.0,0.0,86.89237741478576,541.6020871644689,531.1337363079117,472.3438310838144,481.73528824845613,523.3295244024328,505.0914674775489,429.38939848930215,430.43784403307274,425.801177565614,433.86865134227867,446.4447142871047,464.6374274239529,433.55804418902505,448.68929711321135,443.64931392765453,420.90306565197864,457.37207360547563,469.50743711106145,429.1371984203661
2025-05-10,1270.1161875946352,1258.752307182997,477.18798981624843,455.63025580637213,537.181607666151,472.81546415286243,485.5761317480608,473.74966324713955,472.0786361319671,463.9328029233245,474.52088867513004,485.4344356692539,479.65749176019006,451.01359412699605,474.357634753002,465.7658136804618,441.2416963530945,427.1267069785259,481.482289325994,493.06582055600234,475.45345668785484,467.7633346636017,479.1705849648963,495.21967603110664,485.2527322840509,519.2489148126291,525.5105325719064,511.0279929555272,481.71656255261536,478.87921176589333,492.3472720109619,488.0212912855631,485.4478924766589,1259.5508228942037,0.0,0.0,0.0,0.0,0.0,0.0,0.0,0.0,0.0,0.0,0.0,0.0,0.0,0.0,0.0,0.0,0.0,0.0,0.0,0.0,0.0,0.0,0.0,0.0,0.0,0.0,0.0,0.0,0.0,0.0,0.0,0.0,0.0,0.0,0.0,0.0,0.0,0.0,0.0,0.0,0.0,0.0,0.0,0.0,0.0,0.0,0.0,0.0,0.0,0.0,0.0,0.0,0.0,0.0,0.0,0.0,0.0,0.0,0.0,0.0,0.0,0.0,0.0,19.25681019091303,25.645233260849224,139.89351872900994,103.31405658206259,47.13107100441775,127.51866665658065,184.78732346664492,200.58443426278632,286.2159729771949,313.1293732055476,315.1265574158569,0.0,281.1906213895612,0.0,0.0,0.0,0.0,0.0,0.0,0.0,0.0,0.0,0.0,0.0,0.0,0.0,0.0,579.7006285105153,600.3397032937461,575.953714618608,589.276499537152,636.8370621133316,610.2029098208543,609.6157052006998,577.0807538349566,497.36577405624683,501.49967930115406,551.8890620583751,483.5219777954365,512.563734280721,472.77022383784134,498.5782938586409,487.5025877515127,473.152548530408,465.07416131840057,488.53322277372484,660.283877370863
2025-05-11,1441.7071458150745,1432.1447419846347,1453.1993165652202,1439.5909852196692,1453.2896051916073,1442.1519144762344,1285.525671658846,1467.0568927173053,1486.0926714032325,644.0434671645451,616.5514976872813,1453.209987194401,1448.76167415793,595.8255883394241,605.7650785744438,615.2628736794699,614.7364532614312,603.8222674503824,624.0273635020676,619.0502752499915,608.2336569141397,615.7257335650235,635.3968775966068,646.818119737981,636.7278820483597,630.8433360487538,629.5277165568876,613.6366165683887,609.757543633096,622.4165371052527,628.5777254830948,634.6199412325128,1449.3780166215918,1381.5704796999698,326.3061775648903,0.0,0.0,0.0,0.0,0.0,0.0,0.0,0.0,0.0,0.0,0.0,0.0,0.0,0.0,0.0,0.0,0.0,0.0,0.0,0.0,0.0,0.0,0.0,0.0,0.0,0.0,0.0,0.0,0.0,0.0,0.0,0.0,0.0,0.0,0.0,0.0,511.4089770401986,333.9578362805995,486.7986088503985,534.3566474914824,394.2365466611391,0.0,0.0,0.0,0.0,0.0,0.0,0.0,0.0,0.0,0.0,0.0,0.0,0.0,56.11698201682587,181.27021034011557,190.4758849145933,170.74960589727044,194.0140733262858,328.289178869716,417.9259907020382,452.61558674574775,486.1099433364357,532.0170964988581,552.5408442945105,555.3632970477322,608.0392423305817,657.6729726842099,721.9646911734746,770.4300140253566,850.9173642459068,787.0769560467659,632.3095201762171,657.2713216593266,728.3764170624839,801.2029472167186,836.4206891718243,821.9292681174998,17.814696161375423,21.37620389882045,8.38290307935074,1.3028497843075684,7.278484487809692,41.90824283460529,65.37825848132206,25.02992490411043,541.0369900572975,35.30366714944171,0.0,830.8620160833417,874.0403316444102,867.9422562365415,857.9510657212822,875.658748416396,899.4317223679031,789.3437083283951,606.4116935539622,602.1345778524343,622.122357454553,646.593584326879,644.4186348421083,624.4729998814297,612.0570456220904,647.3749170416893,617.2320185822321,614.4768255575642,589.7298237225928,619.7234429994098,650.899123047477
2025-05-12,1437.1798822707203,1442.744579160716,1460.7183636371724,1432.7986562497651,1453.1861240103492,1447.9799336008161,1275.9466298399993,1420.055647859865,1437.6647533483547,607.2438840365041,614.0644554949298,1443.9426347598271,1444.863871813433,628.0487091412175,615.2121636740355,608.7100556086882,611.3974187402887,602.706356772224,617.9469948081094,619.1985786092808,617.2867886473259,618.3437278315654,622.9570225457009,642.6989601516116,629.5243320096537,613.9074968953074,616.566445526087,608.6801029014152,621.8137754144001,629.9118533142156,627.4229323139955,621.3380076566447,1451.7315194935127,1398.5534997952795,570.4385647338834,0.0,0.0,0.0,0.0,0.0,0.0,0.0,0.0,13.266866320245242,332.2466387822608,235.49451138282166,0.0,0.0,0.0,0.0,0.0,0.0,0.0,0.0,0.0,0.0,0.0,0.0,0.0,0.0,0.0,0.0,0.0,0.0,0.0,588.2224629685027,583.783856598857,606.475372452194,605.9801879885274,581.1333540019145,486.3365314213979,460.074152851612,531.6694437187545,588.6456363348371,555.0889964073456,540.7384877708621,538.9974212115999,0.0,0.0,0.0,0.0,0.0,0.0,0.0,0.0,0.0,0.0,0.0,0.0,32.6409990569711,45.861980400533284,75.02883611196043,136.7157975364202,151.54662392256103,227.77098153999518,322.8632317325501,347.12210076807764,449.3540156993812,533.7027170368328,593.5004575593653,657.3995982911316,631.9102063844026,692.4703651898824,748.7070923955765,771.755841715591,903.363177036343,773.7064896104098,619.0091209538534,633.8147836846497,778.4482317550312,788.7924075102787,865.4656152483457,864.0368169403623,1.1282684157329186,0.0,10.05707634936266,0.0,8.549589544458854,0.0,2.5960543269501386,32.727327652226336,507.01711734479153,7.526335673860899,0.0,835.1808767549048,870.9814632105032,874.0101488797646,848.8707709429049,822.1247189051248,822.7347840441395,771.9765257367275,607.354028154785,610.6813152839085,617.6751819672061,639.4109906909308,635.31043303104,636.9257137043743,614.2865506186027,625.5805950449246,624.8423848398779,616.4331072787913,609.7331057353292,624.849216896176,626.4234437627483
2025-05-13,1468.474322748915,1414.3008455840038,1462.306079977726,1449.9739581192168,1460.897359546531,1465.6794334195483,1278.6542165440485,1454.467473504518,1449.1788793680976,619.3467275085806,626.8604357686808,1450.4748145364356,1441.9337052937622,627.9487798956237,621.0165055737211,613.5297318003428,611.4888628834029,596.8606316947162,610.227691358924,620.0703128749293,605.5220865679315,606.3313447164488,620.9156065756131,633.448534134539,633.5604069532868,626.9163518787765,618.3247431548364,620.2117019350809,609.7565700404062,626.0400189676195,630.6813183759753,624.7410798746049,1444.9010987262363,1399.0589436469415,574.6543690308464,0.0,0.0,0.0,0.0,0.0,0.0,0.0,0.0,0.0,0.0,0.0,0.0,0.0,0.0,0.0,0.0,0.0,0.0,0.0,0.0,0.0,0.0,0.0,0.0,0.0,0.0,0.0,0.0,0.0,0.0,0.0,455.5269820230328,0.0,4.371862027823738,527.8812869269484,482.30467727629093,512.1421994288199,503.21200979400794,497.39358916343497,524.7501719890992,480.51869892881814,0.0,0.0,0.0,0.0,0.0,0.0,0.0,0.0,0.0,0.0,0.0,0.0,0.0,11.326625265329,124.84778059347131,85.2012875771636,176.76072758799393,276.2682069580428,320.28774226131566,324.6567668664855,364.5068831738102,376.61166718255066,533.0953294544926,631.1474569252925,653.9568911549833,646.1606475971876,711.1432130337339,774.8347386358598,794.0531138334044,900.7373122344289,786.71214609652,643.3585469686122,644.1650516032641,794.478591323362,806.2671829919707,857.95521758837,853.4340141722502,0.0,0.05405713752122665,10.153874604152747,10.963415269470033,8.532726442712487,0.0,1.049300861038887,38.80841363118657,549.545806692468,7.912181004321951,0.0,841.8882934525129,870.3218491262421,874.9758610775369,851.6837817251021,824.5677862900607,825.9226006203372,762.3987356402583,636.3076590057794,600.5817424168337,612.2183705719614,656.3507558835944,632.6310833366838,635.4250055435801,631.6186224740725,620.7440924007041,618.3063865328905,616.3199969859039,610.4426209410731,620.028418930541,622.7193977390529
2025-05-14,1453.0221319556908,1432.8209885298297,1465.2329492110803,1461.2433715302275,1460.940034169565,1466.9363506588688,1278.7168469640235,1441.5717565292825,1454.5844392484887,614.6751708126783,637.2923441973494,1457.3832946959965,1445.082331958743,618.9327364708707,614.4821332796653,616.2456466733969,613.8786735655214,625.3972995180177,621.2710786397695,614.0633478829993,611.434347620795,609.1128462932865,620.6669068904897,628.341337396352,624.7130117010937,624.2515434041106,624.9932768978443,614.1350744677958,603.8809192430813,618.3364625874872,634.7061054877188,628.3580576813746,1436.1715966481377,1399.5363101995326,573.4624691566788,0.0,0.0,0.0,0.0,0.0,0.0,0.0,0.0,0.0,0.0,0.0,0.0,0.0,0.0,0.0,0.0,0.0,0.0,0.0,0.0,0.0,0.0,0.0,0.0,0.0,0.0,0.0,0.0,0.0,0.0,0.0,681.7969604420864,0.0,539.5810439475385,605.2270576604958,588.3745223004339,580.7730150423902,565.4616382384659,575.665985004918,589.1570988587396,536.9971802403372,0.0,0.0,0.0,0.0,0.0,0.0,0.0,0.0,0.0,0.0,0.0,0.0,0.0,42.10995560117664,204.01951152208767,137.6439823542508,229.19616355614625,236.13999580952543,328.365085715683,359.29214226725094,408.5315895574108,477.9262410460392,526.0375216650983,521.8322472562212,571.8675001279978,643.6885940350405,699.8438164964488,731.6621679762518,761.1281988246877,834.185855750276,788.5680417063513,645.8841900337411,666.9314744166628,713.9424395301986,758.8493805440899,811.7921133728341,782.901853878578,0.0,0.0,27.029087510457543,30.13150318530404,0.0,0.0,29.375030896465205,21.390952427070488,398.55561650383845,37.8619532708517,42.37796645189633,879.3623873245955,880.5401305765811,845.8718379909469,832.5964134555707,849.3888353902752,854.3170701478382,738.2363983497631,601.5618169267149,620.1888759438566,629.7374189227943,638.8864844858285,618.4167851831735,616.2306032100025,628.3899431634673,623.3710766117699,619.6683301249951,606.4881650540019,605.1296922142947,624.375278781642,627.7837005726611
2025-05-15,1457.860063372817,1424.4510039462496,1466.9574959232516,1454.8684575306243,1458.8807254292667,1472.9321539821997,1281.1317450825309,1441.919863782471,1454.1460578304477,615.4860858787143,631.4203162308993,1462.5038124510188,1445.1214916887245,626.9927818642442,622.5514251222969,620.3556784466399,613.9412973409014,619.7670923838559,619.2739130553764,614.8200428632156,610.8380101135069,610.7500769229952,627.1610987571497,627.323288333489,616.7644618941754,611.9576484038917,618.5617556291764,608.2867251447567,603.5231454633096,625.2440194860768,641.9675668154223,636.9963979687595,1436.0816687295464,1345.2287590563574,567.011398072618,0.0,0.0,0.0,0.0,0.0,0.0,0.0,0.0,0.0,0.0,0.0,0.0,0.0,0.0,0.0,0.0,0.0,0.0,0.0,0.0,0.0,0.0,0.0,0.0,0.0,0.0,0.0,0.0,0.0,0.0,0.0,693.6960758867838,0.0,494.56426903390843,524.7015016302628,518.7852123517213,397.41116808052374,484.01381128502896,550.7949932807068,493.5494447443491,429.7551645356714,0.0,0.0,0.0,0.0,0.0,0.0,0.0,0.0,0.0,0.0,0.0,0.0,0.0,91.78695217431058,374.3043401224272,166.74011414771044,195.22627546722597,214.22590496363657,310.0149046389413,440.3706011656001,435.7816670668842,406.19604883476603,455.37197691493924,507.6444019643047,579.2738470544355,660.4754610116937,744.8453620050086,740.6294094725602,731.2597005803872,838.1983465039566,776.5695127971128,660.2138828198435,678.9595394099531,727.2149169706928,737.7064298999256,819.0463982915436,829.8235565579995,0.0,0.0,30.324967344764673,34.06676704458016,0.0,0.0,36.62791634444329,24.207301026515665,483.6713729898445,45.04283719080183,53.8960640425928,898.7979103480536,883.393113181577,844.0712656500398,835.531389512732,850.6163879745305,852.0405725873792,791.8196193996296,614.4152387755233,615.3288216401489,628.7871674076548,612.3675989085351,628.7289261296936,632.6274228934076,633.8969666396678,620.7672452377577,621.1391195052669,618.410027772709,635.2637033321777,613.8742198147274,486.9678112325758
2025-05-16,1307.6099845445146,1319.0216262621025,809.8796092776951,480.0147652635661,465.3086990023384,473.84171122327643,467.3194262727373,467.22406455251013,470.8212197412655,488.4798467667371,486.8812404397845,484.921601162698,432.07480911334824,482.53692775086495,485.9478806335948,466.40553217105423,471.26013898917495,490.0583468093347,467.93557817242635,469.4263081976883,481.87949590645655,471.31247041012506,473.8734749007844,485.3943668956449,472.2675599506902,473.9654185883368,486.2401939932076,478.4235993320018,475.0541826658939,471.74362369156796,471.11592368131386,481.16917583725393,476.61665739064597,1268.8828066970143,0.0,0.0,0.0,0.0,0.0,0.0,0.0,0.0,0.0,0.0,0.0,0.0,0.0,0.0,0.0,0.0,0.0,0.0,0.0,0.0,0.0,0.0,0.0,0.0,0.0,0.0,0.0,0.0,0.0,0.0,0.0,0.0,0.0,0.0,0.0,0.0,0.0,0.0,0.0,0.0,0.0,0.0,0.0,0.0,0.0,0.0,0.0,0.0,0.0,0.0,0.0,0.0,0.0,0.0,0.0,0.0,0.0,0.0,0.0,0.0,0.0,50.05678866361724,14.659748281181677,8.09422649682105,73.00375456813906,104.14029250732995,152.76978690322682,179.28923970229656,177.6386209940204,260.7610241122658,260.20111037227537,287.38880786517836,329.6404452277194,370.94387507539193,0.0,227.7922362905997,0.0,0.0,0.0,0.0,0.0,0.0,0.0,0.0,0.0,0.0,0.0,0.0,0.0,0.0,669.1173664545659,668.6354566223565,614.3103050136893,569.9237616570679,589.9378424984992,638.1004457422092,558.2196038269797,482.10920367298684,489.7450536153069,497.10437545111836,453.0947221870042,452.3829039967068,447.9415772424842,492.2432868798228,492.89651455092616,489.7713747907793,438.54310013932405,445.67904847563705,458.17266278558975,452.361062472148
2025-05-17,1272.8422015801762,1269.9612815284404,806.0221571343001,479.83604044726894,494.2385393895793,429.37315436248105,438.7560392912156,472.9880443943083,475.2446880838494,444.76955299308474,510.4149839707405,486.9187306930096,430.1774719067348,432.7237452056845,458.4708806478642,470.2569523379872,467.7713075274788,493.11834627147323,488.8504229854193,479.19599783256797,466.17660959236935,428.4629984212826,453.679247781049,496.5080122989764,478.6355859996306,478.20729386958647,501.4488736248901,486.2063632563835,473.93302441906644,478.80782022253453,480.04214814696974,489.15207783538074,474.7328285689556,1264.6601130632819,0.0,0.0,0.0,0.0,0.0,0.0,0.0,0.0,0.0,0.0,0.0,0.0,0.0,0.0,0.0,0.0,0.0,0.0,0.0,0.0,0.0,0.0,0.0,0.0,0.0,0.0,0.0,0.0,0.0,0.0,0.0,0.0,0.0,0.0,0.0,0.0,0.0,0.0,0.0,0.0,0.0,0.0,0.0,0.0,0.0,0.0,0.0,0.0,0.0,0.0,0.0,0.0,0.0,0.0,0.0,0.0,0.0,0.0,0.0,0.0,0.0,44.294570333544044,24.55916772105573,21.724249375351818,45.48575053604225,108.75175779320361,100.45638396023367,85.38770668120173,114.02090828448175,128.75974718813112,243.5743867748377,248.9587242982675,289.8388380015159,352.10823499933736,0.0,247.4118293418945,0.0,0.0,0.0,0.0,0.0,0.0,0.0,0.0,0.0,0.0,0.0,0.0,0.0,0.0,633.9687558874193,649.5830540145253,619.9831997757024,619.5795966819243,659.4720481214699,655.5503068829771,579.9996227327506,476.94325690177544,474.4910762337539,479.473552244617,488.60849106167007,470.9057060925147,473.98448255052455,475.67835030919247,489.55021115839736,481.8118734168904,467.1588643914764,445.4409772462533,490.5038726044361,612.3819293021596
2025-05-18,1445.0739163598516,1429.442460281953,1451.3578220879858,1437.5807449293548,1452.764505219898,1441.5846652782557,1286.8951790536385,1434.9977198013041,1438.3690768433694,619.7284905473467,608.6747055806325,1438.7149841863256,1454.5846441011147,609.2395101901272,607.4771363237493,618.2413551939502,633.8372731650416,610.1919449730556,628.0946835705953,622.1533100364652,622.7622407047835,627.0925031355098,614.6705022170898,608.2013525540183,619.7485884805307,657.6568572621844,679.8244855934645,637.1839740445613,632.1861560295657,630.212827671689,643.9910488160278,623.2629358419683,1406.5638014421083,1345.7407299322413,542.1529580189591,0.0,0.0,0.0,0.0,0.0,0.0,0.0,0.0,0.0,0.0,0.0,0.0,0.0,0.0,0.0,0.0,0.0,0.0,0.0,0.0,0.0,0.0,0.0,0.0,0.0,0.0,0.0,0.0,0.0,0.0,0.0,685.4362730785315,0.0,85.89234205965118,643.1926550146308,526.8819222565653,673.0244593384803,654.2337850906944,633.944877313071,583.0099697316261,564.2472933562586,0.0,0.0,0.0,0.0,0.0,0.0,0.0,0.0,0.0,0.0,0.0,0.0,0.0,21.766763728997248,486.0601547291338,65.19715731057038,132.90229084174683,185.41365194579373,252.47801021824014,357.8810603426664,373.7597148588906,415.42830549244843,485.37211174659734,492.1667321731617,519.0800244728712,568.9436565685199,650.1038251085826,714.4357991928916,741.1899971488662,837.5351318794393,754.9932832347525,604.7498127167232,643.6565447256849,734.989270568836,748.200642326381,797.0991306412257,819.2798169523355,3.61741488486291,31.849589135334895,26.642933045908876,0.0,0.0,29.85714347167891,31.119022621821046,1.0066631001667474,525.5887503916756,29.822677388812053,0.0,837.85549139796,873.920655843597,860.1393799919913,834.6514960415635,829.4556540030836,828.7680976591155,771.5337583301372,622.7682350408393,603.9442040069644,613.4770089030305,640.5491432409254,634.915928340786,600.7785451149849,609.1844306305203,627.2894316772448,623.4546972511912,621.7903701681338,621.2990723330008,629.0552752120788,614.7827055218925
2025-05-19,1447.988992049731,1449.8000801351964,1448.8839051121063,1448.4945630520747,1436.3539965616565,1452.659762005177,1277.376547726562,1428.7370607208268,1435.815253508897,616.2370377022752,622.4342245700298,1467.0584750991843,1442.2083964034405,622.0365601968984,626.1437931933802,623.3529180910205,621.8948565092056,624.8365050244486,613.5749286443572,609.0421725169795,607.4186577534352,607.6603361502292,611.7842803699331,622.5405181119761,617.6559773206197,611.7180273978613,636.8992680420743,619.3681975383204,614.3159214467104,623.9451468452681,616.9196833137339,615.1709254009639,1421.5052885141545,1317.4115570376428,559.2731036346424,0.0,0.0,0.0,0.0,0.0,0.0,0.0,0.0,0.0,0.0,0.0,0.0,0.0,0.0,0.0,0.0,0.0,0.0,0.0,0.0,0.0,0.0,0.0,0.0,0.0,0.0,0.0,0.0,0.0,0.0,0.0,489.17297251596824,0.0,0.0,0.0,484.0306375442708,376.08043314702854,433.7130944433653,521.978505986822,505.85944134855197,563.882572806193,0.0,0.0,0.0,0.0,0.0,0.0,0.0,0.0,0.0,0.0,0.0,0.0,0.0,57.99639593022545,196.82844808879221,37.76389789924198,226.0936763389323,274.0884085024811,267.3283685188338,319.4176301121734,400.65811341875326,533.4503994443685,581.2448164957933,661.2249131104413,670.5617295894886,647.4038782607256,769.3914911261921,820.944088338714,826.8546753300495,867.2854118983369,788.1829248449617,626.1994643125175,681.6593980652037,762.9460353092071,743.110885343789,810.9367758536102,847.3229377199314,3.361678945570702,2.4474849017715314,19.827261752269123,35.034446611737735,17.518161202804322,14.003557666425195,16.580792188763212,20.998057865093415,562.5961639811392,56.423779980239715,47.193673205552614,853.1064289763385,850.9684138469104,884.9665560887903,880.948350867847,865.2891579219995,835.0234667416313,789.1283779727702,607.0130864099986,616.1858168681783,636.6819167945707,653.3035049823374,633.6190739158994,608.9595776052234,609.7054139709325,617.4030141174812,629.1881059591473,618.6545984669508,610.6924310901819,617.4612053658825,613.1667055393375
2025-05-20,1422.7823445468657,1423.761605707739,1434.8286143096843,1437.0636655491367,1444.4617425687281,1437.45928699322,1272.2581417937995,1434.8451920513871,1441.8196124907342,612.3209873980998,625.9082915472919,1457.169863059018,1447.2536795474548,609.5288865324089,638.7064350818775,625.7458758293316,617.8270626557158,623.5403923987526,612.363293065268,608.0006406288257,608.6104130606648,613.2492198692065,611.7502988592962,620.3293635436171,623.9639812811401,613.0336993170487,618.5516664481792,614.6076461952289,614.5824637463301,618.9319667110854,616.0182190510158,606.3300474673463,1415.6804326498795,1330.650567776177,570.3883439571613,0.0,0.0,0.0,0.0,0.0,0.0,0.0,0.0,0.0,0.0,0.0,0.0,0.0,0.0,0.0,0.0,0.0,0.0,0.0,0.0,0.0,0.0,0.0,0.0,0.0,0.0,0.0,0.0,0.0,0.0,0.0,530.8842897925956,0.0,295.97732966604394,613.1357694162299,519.7286996084381,438.5690074768638,469.78197108118707,486.5217677719835,476.337256031866,527.1746154103668,0.0,0.0,0.0,0.0,0.0,0.0,0.0,0.0,0.0,0.0,0.0,0.0,0.0,62.23057347900084,405.5564483824422,108.00171457027956,281.3860715012392,300.37812114075376,336.4939441928221,338.13872401065544,306.58190632990585,432.2175909451423,579.5289174445584,640.6843028386622,641.8964315633184,632.4826221437504,714.2327980764757,799.5618209794201,821.8471073729926,882.5137223664194,788.0702882319549,629.0332065917572,663.8523153224904,710.7867599468134,745.2648464357109,813.0017337231747,849.5301791414468,17.04473133267743,2.5878437250590878,6.9115516254901195,20.52863857717591,25.418945947663588,18.212463155740124,6.745141823367476,11.641788383666153,571.6418824948146,58.996039882832406,43.04185793460056,846.7477872887183,847.0854790530772,856.2163120542789,877.2724083069157,878.3460788608337,830.858966863238,779.3450591852811,622.7491532684875,592.7995983608371,611.3663442908469,656.702237404006,644.007276651937,639.7716699812811,631.6989389482526,622.8569189223632,629.6913795726721,628.0821311975546,610.9060247721725,615.9785100348518,610.6813178926647
2025-05-21,1430.6825434263494,1433.3211061488992,1441.1087571580351,1452.9693618319054,1447.5719916694457,1447.0891150575244,1273.3589892524387,1438.1214557633657,1435.7510994906856,605.908785900937,605.6958057429291,1451.5130604721135,1448.275366189474,613.9550770028395,617.7578741059243,606.3700630269564,613.1413331503566,610.9985342349662,603.4518680587863,610.2972674528237,631.4281765110272,613.5579743765675,627.2274641552734,621.2354268948521,618.9510740605739,619.0100987600507,633.1117500421753,617.9092891286897,622.5986661082023,641.7062376262207,631.6678083025436,615.1693338165485,1423.9738754770901,1355.3933834767977,571.0906802941322,0.0,0.0,0.0,0.0,0.0,0.0,0.0,0.0,0.0,0.0,0.0,0.0,0.0,0.0,0.0,0.0,0.0,0.0,0.0,0.0,0.0,0.0,0.0,0.0,0.0,0.0,0.0,0.0,0.0,0.0,132.1610103410752,855.1112254972577,647.2912750233539,597.3132958748956,587.4195389340616,533.4688228887376,502.3364306298735,456.5707112907794,451.9418310886732,481.36259521500085,480.961228584595,0.0,0.0,0.0,0.0,0.0,0.0,0.0,0.0,0.0,0.0,0.0,0.0,0.0,67.38605355656073,352.2981971681017,45.38047920653921,104.55696753917111,171.19889731748026,246.053821876378,309.5984469602329,387.8486259638896,431.35462005585225,448.8498489875597,490.3063365152652,512.388327773956,575.5062523834231,655.336653487644,701.3317820558392,730.0188692887908,811.1526452118319,755.3293481501566,613.113108407668,669.4844359646363,724.6915107434861,749.3645551394887,824.6763926208662,824.6281571849396,0.0,0.0,0.0,0.0,0.0,0.0,0.0,0.0,175.55960600611775,0.0,0.0,818.4372519291092,819.6545874878522,800.3942925197065,817.7256230293856,799.6084641379306,821.9670538685706,745.4655588841991,620.6994393896126,630.2165558258396,621.8329855142363,625.639973598647,626.0071752497494,631.2923925841345,621.2653984992227,608.8501858921546,633.2531816067797,610.3607814983069,611.4973328070882,620.4583313043969,624.2570779496211
2025-05-22,1452.8884253881188,1438.9110204255417,1459.6988702566357,1452.999245016591,1447.510647845669,1452.3215400653812,1266.0516278218454,1430.453302072411,1448.763894506908,607.044424545678,613.5512803725836,1461.5405643701358,1448.2372733959785,635.3702934593992,636.0745168387825,622.0348529737067,621.9304545420605,620.3904349260126,614.5228854807633,617.031054570353,627.8720620691514,618.8693698339523,622.9422193222422,618.2617309858679,629.5249452740553,615.8186873922481,627.010511257907,616.3318650272922,614.8572505503698,647.7998150988965,611.5348506741907,616.9383728956051,1427.6166886718697,1346.2942720785659,545.0207747599183,0.0,0.0,0.0,0.0,0.0,0.0,0.0,0.0,0.0,0.0,0.0,0.0,0.0,0.0,0.0,0.0,0.0,0.0,0.0,0.0,0.0,0.0,0.0,0.0,0.0,0.0,0.0,0.0,0.0,0.0,0.0,482.36307063300137,0.0,223.8478208799213,530.7545518781903,488.47083040466714,475.5508356964025,487.31636404888025,495.4145280997342,523.5584100178356,561.8757186044809,0.0,0.0,0.0,0.0,0.0,0.0,0.0,0.0,0.0,0.0,0.0,0.0,0.0,42.68819128889821,349.15408802015634,113.6501460322737,142.99443560190934,160.07826008045265,278.8724410180879,347.107377326554,404.10269072523454,447.7665953928787,492.3694545359917,496.81560996782827,513.6625257730317,556.1505961372144,624.8275050539589,673.8941274864154,685.8452958172347,817.270482011124,787.2327100201222,629.0835447319254,707.3301244645447,691.8032874510982,742.424026346733,823.0310890756932,829.2179437695469,0.0,0.0,0.0,0.0,0.0,0.0,0.0,0.0,465.9022972473964,0.0,0.0,793.7210666150705,796.113451967053,803.7721910994705,807.0709956279201,800.0795954514641,832.992070743863,760.1607806865953,609.8684967481412,603.8235049470131,620.0709609267293,627.3188158351895,628.2464034556771,605.9741178296805,591.7201695456893,615.6410269746589,618.4110014630174,607.4710799944577,627.667039510794,570.7881977362201,500.9825501064097
2025-05-23,764.4448737928473,1298.9847555227234,478.81646753911946,474.09622438069295,492.86557647333314,500.29097674450117,454.1405096916188,476.70366799043336,479.9705119148623,472.15731141641936,468.87923442525715,470.3344759374391,473.0603352057133,495.5900705077169,476.39803584028533,481.5732465462255,479.4552846421037,442.54055251645457,476.9859579675259,473.29190654518976,446.4562443974903,431.85614171863045,484.6644941657181,485.30594262286445,486.48587999968896,439.8622703975949,477.49545968441646,472.3105238925219,473.37639335582054,462.59364093589653,475.68900960289227,479.6868591927055,442.94201331658144,1201.243743836635,0.0,0.0,0.0,0.0,0.0,0.0,0.0,0.0,0.0,0.0,0.0,0.0,0.0,0.0,0.0,0.0,0.0,0.0,0.0,0.0,0.0,0.0,0.0,0.0,0.0,0.0,0.0,0.0,0.0,0.0,0.0,0.0,0.0,0.0,0.0,0.0,0.0,0.0,0.0,0.0,0.0,0.0,0.0,0.0,0.0,0.0,0.0,0.0,0.0,0.0,0.0,0.0,0.0,0.0,0.0,0.0,0.0,0.0,0.0,0.0,0.0,0.0,0.0,0.0,0.0,46.79924637065571,92.62758687355291,32.66392099319495,65.17073053796057,108.13450075512847,197.0945633162885,255.23377803877923,290.1025054964034,0.0,0.0,0.0,0.0,0.0,0.0,0.0,0.0,0.0,0.0,0.0,0.0,0.0,0.0,0.0,0.0,0.0,476.10018278659174,548.0800408077961,599.7005746276461,592.6686780521399,597.3919181586724,607.9022397507343,546.4291464941093,480.2989070368905,480.04277515199266,485.5619955665906,506.62007415661407,495.17837472987753,483.3881779925707,480.8437081094364,492.3174658536435,481.48154705068794,484.10239443220365,497.84855611239425,501.45409712606437,472.75335034168586
2025-05-24,508.11644271634725,1296.7130049009377,485.4588386234711,475.475245437635,420.4108380030181,431.46664840956157,469.9564810994329,471.9825442939749,449.69873476930866,443.7228833044653,437.8035813158106,449.16617524555534,453.68856985322185,460.6068164079199,460.9447359001534,458.94881678374134,449.34643472016944,462.4494045060643,454.7849150454275,470.20256242795455,454.9606650740658,448.5077967358277,474.7765126018845,467.0202449334792,490.4390035366059,480.70045777614087,462.40804736844905,456.9466385370572,454.981906893396,463.4629299435602,466.8677346826732,471.5859559537849,435.9353289107914,1229.5096131486946,0.0,0.0,0.0,0.0,0.0,0.0,0.0,0.0,0.0,0.0,0.0,0.0,0.0,0.0,0.0,0.0,0.0,0.0,0.0,0.0,0.0,0.0,0.0,0.0,0.0,0.0,0.0,0.0,0.0,0.0,0.0,0.0,0.0,0.0,0.0,0.0,0.0,0.0,0.0,0.0,0.0,0.0,0.0,0.0,0.0,0.0,0.0,0.0,0.0,0.0,0.0,0.0,0.0,0.0,0.0,0.0,0.0,0.0,0.0,0.0,0.0,0.0,0.0,0.0,48.974899081191566,143.04737120562987,166.3348818775748,70.80815160284894,121.34716808377637,159.44996873078856,194.57898534924914,218.65706952850798,247.10273881868414,273.8071617807762,0.0,463.7068467826559,0.0,98.49721850344167,0.0,0.0,0.0,0.0,0.0,0.0,0.0,0.0,0.0,0.0,0.0,0.0,635.2353110067912,639.9076635090213,609.1709440285885,619.8719467080234,644.9796826246978,595.5104765072448,549.8237869015163,453.7707149825988,463.32676588327564,464.5248220749071,485.35057090904627,472.6033753777156,541.0027526403683,498.64534139597066,504.6502521406756,502.09002340359837,456.26291015797693,464.32764110877105,494.60577494403077,641.162134852689
2025-05-25,1435.3777200286772,1421.646846275876,1433.2055468851272,1446.2092769271242,1441.6444854449219,1445.132112757325,1283.2777960378664,1439.0408097193226,1428.6155647156559,617.416790231719,605.2318406101393,1436.6995087830176,1444.8379883824853,636.1400425174533,623.1137711077345,610.785898559258,607.5755097236148,619.3279946670311,609.2757363877096,616.1864290881703,612.7355430358987,615.3865274122878,615.2315601416321,633.0473968621461,621.5578268412006,615.3143794931558,627.3722287334392,607.8441744480006,603.6480533857982,625.8616248588554,625.4529171171631,595.621979107182,1392.6368360396718,1313.5262386900008,545.5068820137265,0.0,0.0,0.0,0.0,0.0,0.0,0.0,0.0,0.0,0.0,0.0,0.0,0.0,0.0,0.0,0.0,0.0,0.0,0.0,0.0,0.0,0.0,0.0,0.0,0.0,0.0,0.0,0.0,0.0,0.0,0.0,596.7223596313019,581.1668161434495,666.592328011825,643.151429101953,585.7662071408663,622.8586770647257,612.964335026287,634.3696814910552,621.998873996401,625.9994072380266,0.0,0.0,0.0,0.0,0.0,0.0,0.0,0.0,0.0,0.0,0.0,0.0,0.0,78.8456930990598,505.7469078611443,114.97846945920739,126.33017698973127,150.9428105777249,231.9616051517545,294.57184458775004,311.49800397687363,349.58638136354523,371.979786765078,440.19471288395954,486.03890170487085,559.7010218331856,592.4296327651763,649.3078548197834,729.9591361742893,783.1811216864119,766.1034038792828,622.3061120512554,665.0472704346168,717.300858965609,736.9959848467192,848.7641422584556,814.8013682853375,8.141495383357778,8.944040831914776,0.0,0.0,0.0,6.085355621187091,14.516914000752422,0.0,487.17973769033813,0.5983131165496616,18.01503241041314,854.7014677941191,784.9406611773616,806.6993974393126,791.0561376514902,771.2302380991912,800.7132042257416,750.2560880306742,584.0302714504414,587.810188784847,621.6332090415302,642.2682140938476,619.7056572383019,595.8590884056089,612.9195069573206,619.3194040635472,608.8261516086615,602.5097334919877,605.6708062945291,628.6415045955243,609.2332507591229
2025-05-26,1437.5436783384869,1426.4100859511495,1434.8560348425763,1444.1980589080736,1440.2693020884208,1445.0559646963022,1287.9402860482496,1435.4382443476122,1428.4083858261258,604.0445384137429,606.9766253696399,1441.8831176805747,1443.6436963024041,628.4767596615346,613.0606408650431,603.2874305232185,600.6335943519044,622.7267011084502,610.4751527974247,616.904686491723,613.3060948232912,604.0937574587009,602.1212478769006,625.9116835944275,623.1545881896221,616.6667992857746,618.1257454286526,608.083488911961,605.0895952847463,609.8881116115675,617.9790493118054,595.6859585037326,1396.0389107368073,1316.8909402616673,541.7169130725465,0.0,0.0,0.0,0.0,0.0,0.0,0.0,0.0,0.0,0.0,0.0,0.0,0.0,0.0,0.0,0.0,0.0,0.0,0.0,0.0,0.0,0.0,0.0,0.0,0.0,0.0,0.0,0.0,0.0,0.0,0.0,613.5720033633465,10.399536847356728,716.9345239795708,639.8752180883012,562.9539646113841,590.6984092673323,537.4637534181279,559.1498761438593,568.715648194657,597.4774464465233,0.0,0.0,0.0,0.0,0.0,0.0,0.0,0.0,0.0,0.0,0.0,0.0,0.0,4.182929844566729,179.74649802375092,76.33863019108742,136.04509767434774,177.0561602687692,240.34008616433843,343.58121652049584,369.9851001867767,406.1693339942506,439.783579375462,483.0658258362548,507.6242976647963,563.8631720920405,597.9806251845847,653.4335940496871,728.3005542856039,787.9683276964357,766.9331588807765,625.5010820208597,664.8533181293797,673.5232790534076,685.4790786484931,847.6965683756896,826.9103255253829,13.763314249587893,25.157596086555486,0.0,0.0,0.0,12.412861344956013,0.0,3.6549508935289623,493.8039934417936,17.013935971718865,25.203244089295254,867.0184884362401,806.732375965763,808.2638535685539,795.9111522223014,784.338099689945,804.1011905712903,761.1003111753063,607.7726253459513,610.6784467655839,616.0773019904817,642.135198899806,629.291267847869,610.3722533243398,601.7425994493776,595.415709772215,597.8444220739967,612.2844077579936,613.8551508017619,619.1975545623701,594.638080644766
2025-05-27,1423.1081141073225,1420.672521012161,1453.7154076733816,1445.3390536994311,1436.3680695909675,1439.3773193604488,1286.7760211274835,1442.0263241310486,1434.150039531246,595.1800243315199,600.1979122394205,1442.7022253759237,1449.9778136597301,615.2440215984442,636.4590937316575,609.5972140483241,607.633165578922,617.423723571488,615.2743947848107,607.9792669065547,613.3176703726806,608.1865677992047,623.7693416403963,628.7628311865885,635.673204200083,632.8345268940216,633.6422908750225,601.1833437641167,615.4518635207497,614.354804283879,625.3365976122906,597.2808581978134,1376.9727477869353,1314.39048328368,559.0767926613969,0.0,0.0,0.0,0.0,0.0,0.0,0.0,0.0,0.0,0.0,0.0,0.0,0.0,0.0,0.0,0.0,0.0,0.0,0.0,0.0,0.0,0.0,0.0,0.0,0.0,0.0,0.0,0.0,0.0,0.0,0.0,586.8345369282022,0.0,0.0,534.3676557519232,634.3450925527754,630.6088261725379,588.0721533134721,609.0002468027966,626.6685331431098,647.7672075503477,0.0,0.0,0.0,0.0,0.0,0.0,0.0,0.0,0.0,0.0,0.0,0.0,0.0,51.75193559086344,237.54916603744482,117.39241794107305,142.96420940845405,254.16663781043115,252.45793234609405,277.8089909552871,311.3270207012967,386.3388283641209,441.96672654598905,513.9821350921327,536.3856446656957,546.5021743240337,583.5406683937109,647.8909058332656,716.9195938115035,788.3394014416664,754.4773878756555,622.6634318477181,647.2014791389381,687.8809537878946,733.827796543392,842.9598796589956,805.2733510941191,0.0,0.0,0.0,0.0,0.0,0.0,0.0,0.0,468.9138930458301,0.0,8.223155608483694,865.8926042538443,801.4930782026033,833.2358688984222,839.2609550873725,797.5193560905388,807.8283973349098,774.8653936316707,593.771880232978,609.598277411079,641.1430590602957,628.6391385986636,624.7786303084025,624.9720949143872,618.2461439658725,622.0720242554389,631.5190731670705,608.5300421798594,619.5031771409102,613.2991585472913,597.1040226878076
2025-05-28,1422.4489645164367,1417.0193728722907,1415.1673505126973,1432.829663382329,1438.952889508442,1421.5171433043954,1263.9779392317555,1440.6087785031364,1432.08038361754,606.8093060627423,610.2636007547757,1449.0571155940002,1442.2735917556179,609.0791879490148,630.2024516200124,607.2323097543357,620.5611713784228,642.4915980218929,620.6643749382904,610.479300458235,612.8357214078464,617.7902193796069,627.5620398840115,650.5315440506022,613.907171952598,606.6114206000818,625.6101936640664,612.794910842,626.7800362429886,611.062162531469,597.2133427670809,603.2990284051605,1402.116804733504,1314.8519426146274,541.8259167695909,0.0,0.0,0.0,0.0,0.0,0.0,0.0,0.0,0.0,0.0,0.0,0.0,0.0,0.0,0.0,0.0,0.0,0.0,0.0,0.0,0.0,0.0,0.0,0.0,0.0,0.0,0.0,0.0,0.0,0.0,0.0,646.5436634207808,0.0,0.0,111.34012898999737,639.7682270667237,607.8902322786059,584.3605637647731,570.5085335565024,602.7621212473073,636.1331052787285,0.0,0.0,0.0,0.0,0.0,0.0,0.0,0.0,0.0,0.0,0.0,0.0,0.0,56.319363283626494,86.89922981641135,72.32797491609114,184.56793506261346,236.92839164526634,229.25422107800887,248.43155829987325,275.23297057921593,421.35211096387917,432.33463351125624,478.3675932823912,484.0068903420997,578.4694401544963,635.639564846448,678.7465016761445,706.0949959063548,793.1387709534341,754.2682503438724,626.1130386556523,644.9010477267371,721.2059561891372,742.4965870481802,792.1415279499164,784.6550104412468,0.0,0.0,0.0,0.0,0.0,0.0,0.0,0.0,236.13517174879473,20.882495013213543,12.524163883426468,792.394917020246,815.4940052096707,861.8230239898966,861.3514049749994,809.8690680442548,808.2233508077236,762.0991305404733,596.6940398089356,590.0894309944613,644.1461553169152,634.1553634093625,617.308938264775,619.9594857041504,618.4068961517494,606.9856426394352,594.5925334507951,605.4008298987244,630.1551053440817,639.5600149179893,611.0612172647591
2025-05-29,1425.6781362936738,1432.2668435893208,1427.3517881771277,1445.573360921423,1434.1005156602191,1437.5060679952644,1284.692773802362,1436.7781408150547,1436.2866865773099,638.2378821874404,625.7627543737957,1443.7809906296993,1442.793759497802,604.1770116032941,613.4944504820339,612.9218979057908,611.3536239025071,621.2996302707654,623.1973951345038,617.9045553842875,606.6467880122755,609.727631016684,607.0111741019323,617.9296108878425,617.5926245997481,614.3371543060282,615.86245349839,614.5420215202133,611.1843896602928,594.0019620934124,590.9392363419424,588.9693483147994,1406.333927581869,1318.0688562094085,533.5247244565984,0.0,0.0,0.0,0.0,0.0,0.0,0.0,0.0,0.0,0.0,0.0,0.0,0.0,0.0,0.0,0.0,0.0,0.0,0.0,0.0,0.0,0.0,0.0,0.0,0.0,0.0,0.0,0.0,0.0,0.0,0.0,24.150660202773878,0.0,0.0,0.0,606.2232464744035,539.4648885598966,566.2968787978152,626.3639569391169,689.4303301938578,685.6638990091086,0.0,0.0,0.0,0.0,0.0,0.0,0.0,0.0,0.0,0.0,0.0,0.0,0.0,95.72148209549906,133.98221939063745,128.27934156387062,200.12976706959,201.14808031788027,282.069532617154,337.2885435079154,336.4448803184499,413.8036084159173,470.8777601155857,525.4865280278482,537.8281324976464,581.3270696142947,588.0088263528793,655.8386848238,729.5110044992762,814.436611280913,746.9242123989604,625.6989749832221,658.9014740504201,720.2339483079692,790.09695194478,802.7723422552963,809.1695531607488,0.0,31.782158829800096,17.787196590802402,24.990011229317247,10.814050316959765,0.0,0.0,0.0,383.92694132979466,0.0,0.0,850.149064703777,815.7265891144967,839.9982563374675,807.0132587063815,808.3559942311981,806.3996086230563,762.4882440105149,612.8387402426752,629.6036610511331,634.7460681687999,652.9185432711965,637.1573759639202,615.3258256774228,590.2606777506301,608.2398036159044,600.4736473456079,607.8979871046278,615.6398902291193,559.2561872406397,463.540943514791
2025-05-30,529.3767482888829,1293.2140088325943,479.33918430621,454.6708214467941,460.66293547027726,464.7715579701076,462.5849071525149,456.88139360516476,454.4963517914931,451.4441397362266,462.37758439581165,465.76941719211777,455.6627905113076,456.1240441267157,450.1830239645931,460.07274019827855,449.53006806180906,458.9259038130894,474.9107640261362,469.29235727522735,466.2258364544987,451.9075935911632,466.23260416645195,481.6682610925055,458.99916936932755,455.6224129218771,461.01266258433026,453.7158417630716,467.11449018989856,469.62380347766424,480.06241583636114,457.81930535136115,414.8061550679291,1181.7920060703536,0.0,0.0,0.0,0.0,0.0,0.0,0.0,0.0,0.0,0.0,0.0,0.0,0.0,0.0,0.0,0.0,0.0,0.0,0.0,0.0,0.0,0.0,0.0,0.0,0.0,0.0,0.0,0.0,0.0,0.0,0.0,0.0,0.0,0.0,0.0,0.0,0.0,0.0,0.0,0.0,0.0,0.0,0.0,0.0,0.0,0.0,0.0,0.0,0.0,0.0,0.0,0.0,0.0,0.0,0.0,0.0,0.0,0.0,0.0,0.0,0.0,0.0,0.0,0.0,60.71095234457525,124.47393663940959,71.97750107211536,57.22144879849715,88.10475731449642,167.4653407175216,190.83384630812975,243.02169223258613,330.08085837997817,369.44212767732955,0.0,344.7042973712822,0.0,0.0,0.0,0.0,0.0,0.0,0.0,0.0,0.0,0.0,0.0,0.0,0.0,0.0,581.6917138845938,597.7024113120812,635.845739189083,594.3256687315406,539.9203446023529,658.1857036911119,559.8448740518867,478.0611680312305,481.95056477366154,481.4009895241396,499.3571358631506,483.90283469069,468.1543461838402,474.23871936092394,479.6403448085457,462.1852721328383,428.25542895582237,491.6781585139998,485.48161375345467,479.49240879369324
2025-05-31,444.7683687068719,1253.859678137182,442.06481781106953,453.3718434662709,455.6044967032498,456.9352362687317,451.62847247359684,454.03499130449904,438.12734462613014,447.5621277220327,451.6461528729849,452.3780520610316,449.7051071854297,457.3672202552101,453.1552505942607,451.0932600840983,456.27769473527167,471.03869220157196,453.5995047754216,460.1157275631914,455.03662101385737,454.4776824410128,473.21571844075424,470.8869547720134,455.63971194732125,451.1022410060545,446.31455697302744,458.8698128990095,480.8407746652413,469.9838004494256,467.57501005808354,443.7946193234362,400.95332693191665,1168.6761920462504,0.0,0.0,0.0,0.0,0.0,0.0,0.0,0.0,0.0,0.0,0.0,0.0,0.0,0.0,0.0,0.0,0.0,0.0,0.0,0.0,0.0,0.0,0.0,0.0,0.0,0.0,0.0,0.0,0.0,0.0,0.0,0.0,0.0,0.0,0.0,0.0,0.0,0.0,0.0,0.0,0.0,0.0,0.0,0.0,0.0,0.0,0.0,0.0,0.0,0.0,0.0,0.0,0.0,0.0,0.0,0.0,0.0,0.0,0.0,0.0,0.0,0.0,0.0,0.0,0.0,81.10578779060961,98.05879501918359,35.63604838352052,56.13764975497886,125.33183098432556,228.5763724036516,229.4787575398686,280.11633655321697,311.02252028718596,0.0,246.4506710273057,0.0,0.0,0.0,0.0,0.0,0.0,0.0,0.0,0.0,0.0,0.0,0.0,0.0,0.0,566.8864811600064,583.1868311038597,611.8241262621194,612.6416869381732,605.3851716465783,617.9926608122169,531.4248096384869,462.22400212106066,471.52169783714413,472.5929141825825,497.6307881643093,474.1756122390889,486.03099419787435,478.6029912799264,466.21530776725916,458.71217788388384,454.97592356631844,467.05168419381096,535.3883415810376,602.0710718217647
2025-06-01,1429.1806009185352,1428.8582553762403,1432.3075464802998,1448.2977803671265,1423.5286117233986,1427.8436313964748,1260.2197166640535,1440.9611332925133,1441.6777369905153,591.5194937898584,596.871975685825,1449.8892966260205,1441.2025269419914,618.1395825946782,604.8296020913244,615.55168252623,622.9174407919112,599.6691867245058,614.4151767760127,616.4040590560644,605.97852619575,607.4268547310874,617.7643624839125,635.3661134984548,628.8191556948989,608.3971668190434,621.1690698778618,624.9105514924954,624.5394378484706,614.7654616580522,631.5094260682044,600.0130458097061,1379.3751196999292,1318.8483895444729,541.2070102078615,0.0,0.0,0.0,0.0,0.0,0.0,0.0,0.0,0.0,0.0,0.0,0.0,0.0,0.0,0.0,0.0,0.0,0.0,0.0,0.0,0.0,0.0,0.0,0.0,0.0,0.0,0.0,0.0,0.0,0.0,0.0,294.9495156722364,0.0,0.0,0.0,569.8483621452226,567.367937930145,641.6156789477778,656.2823882913553,604.2959430650933,598.8988440605609,0.0,0.0,0.0,0.0,0.0,0.0,0.0,0.0,0.0,0.0,0.0,0.0,0.0,0.0,103.87557537410146,15.191361101024157,117.08928074265583,130.41866878149932,212.77630625425877,235.2091697720132,307.28899066626605,409.0533790504245,428.4107335795942,425.9549768216406,486.04302389941864,549.2257120237373,595.6404448364732,622.6791485056099,730.9724265002224,786.296835440592,734.4736532933048,613.3200647766225,610.1698570894769,685.4529834902918,748.7019489740932,828.2389329041865,860.8592056431689,0.0,2.1367293240701883,20.082616343391464,48.988706100692184,0.0,0.0,1.4101398145164694,0.0,475.06370272516057,21.175074176273483,4.759473199584136,819.1292307311702,823.980537426447,827.1833690403367,818.6192852274456,809.4794182646374,832.3593748013641,768.8829175856699,593.8201259964144,599.276170653606,624.7053247763167,648.8386755887375,598.9434426221669,605.0631787771177,628.3366257354746,611.6251685111152,595.301943400545,592.580266388028,603.3964251431807,613.8053956886773,617.6073756394993
2025-06-02,1436.377310957917,1450.74809887018,1446.2682993929275,1433.2929417916407,1429.2630363600047,1444.4251748462232,1261.785734370454,1422.3974178730755,1445.5360474331706,608.7213520559455,618.1147874933475,1449.8542683034289,1452.3081635995513,613.1499498868908,590.7515985820058,604.6661473591,611.2333530492172,607.5053264753291,626.0713003792417,631.1297075489124,617.1479538881903,610.3374506496104,612.2168002533804,655.5093523892828,606.817935445767,624.2900130832679,619.2159316818119,621.6845418170153,630.3498942876698,631.2236266914912,616.321966651509,595.8570400679603,1398.0706746010687,1320.1694864154895,519.3873385096476,0.0,0.0,0.0,0.0,0.0,0.0,0.0,0.0,0.0,0.0,0.0,0.0,0.0,0.0,0.0,0.0,0.0,0.0,0.0,0.0,0.0,0.0,0.0,0.0,0.0,0.0,0.0,0.0,0.0,0.0,537.6778279445651,784.6614773094481,684.803331960008,601.8690349459973,559.3014203362036,480.8449209519071,455.31403153699364,455.5237931656707,443.62965529426685,482.4975818855432,492.9583501864159,0.0,0.0,0.0,0.0,0.0,0.0,0.0,0.0,0.0,0.0,0.0,0.0,0.0,0.0,165.47425069748954,32.40681890168091,118.23851007318731,145.87457474871135,221.41443252453445,273.71554217337734,333.5494719010899,426.1972138544078,462.1752909429265,485.69099996917333,504.3767945303965,584.6099563171956,628.0129720783746,679.0316401811233,764.8332638063396,818.7546253261471,778.0608571687947,624.9708767292831,614.9203444668956,684.3315323469536,703.7728368046235,805.234859661692,799.789172176881,12.170380387935893,0.0,0.0,0.0,0.0,0.0,0.0,0.0,370.6960863766819,0.0,0.0,831.5730356683033,819.2446134731997,816.2746849850938,807.6132319821915,788.9476184067332,822.0307692535832,795.7580028180781,626.349596330939,616.1266942716921,627.940955976643,610.1167791742356,639.3143915279156,655.942681605732,607.777196339556,628.5478217376843,614.2493094168574,619.169960659561,603.0234350256535,636.2075921991773,600.2106326254587
2025-06-03,1447.7525883297744,1461.628694651426,1435.7320317562885,1441.221158058323,1445.3136372614015,1434.3766421774687,1263.456702623656,1437.1477974360819,1448.4168541844203,605.1659187503531,609.6447010183746,1440.938458508567,1444.7358649933915,611.8699117701223,606.2375250922333,624.8528838986725,614.7916939212558,609.1797667835782,629.0359192497865,621.7075547113357,615.4471514834064,611.7133293849608,615.0495527371879,622.1053687638441,614.1378036636374,612.4249902172462,624.9018863527992,614.8485242483449,617.0344172874101,628.5378295486694,609.881349931066,582.4147648834165,1364.6069805183529,1317.943507634956,503.5149431147949,0.0,0.0,0.0,0.0,0.0,0.0,0.0,0.0,0.0,0.0,0.0,0.0,0.0,0.0,0.0,0.0,0.0,0.0,0.0,0.0,0.0,0.0,0.0,0.0,0.0,0.0,0.0,0.0,0.0,0.0,0.0,544.4036220893581,0.0,0.0,456.16851130734267,523.4559255678672,484.7480222820453,522.8653727213923,541.0346978292353,585.6658155701497,607.1755329380867,0.0,0.0,0.0,0.0,0.0,0.0,0.0,0.0,0.0,0.0,0.0,0.0,0.0,106.38558917168622,713.7907899920615,142.43313762771118,126.5616954328525,211.20625279647905,247.52162748908927,300.14700955637426,357.87845651176764,376.55009984369366,422.80014031503106,522.0466365480219,591.3052827783973,665.7606029672736,678.1445263124348,676.4237538996675,765.3594647029028,837.8283459272654,780.8655695747433,638.3221409964849,636.6434251627992,710.0032920491259,729.5769564038426,864.389607959347,848.4794098269454,0.0,0.0,0.0,48.50709345507812,53.610434729146846,17.297922310484182,0.0,0.0,476.47738443714087,11.051491395354105,6.200070814410083,829.3481328732097,824.3560654880425,806.4412398516379,815.0324758251274,812.6908267218334,810.0660592730699,792.4645784434474,634.8840687441277,629.7094023388446,646.4657863359378,633.5528466630684,628.6814799775592,645.1270697461357,631.2269398130701,612.4036334328116,616.2082226723945,637.7567952410193,630.7529458115174,633.4329748354019,622.3806104756195
2025-06-04,1440.0209290430378,1449.8354781757293,1435.0129109283582,1448.9614438880103,1439.605481938503,1444.8442057484199,1282.116573827201,1434.4513483973587,1453.7120315399002,595.3709343139557,603.6610185416282,1444.169145666549,1442.6215139923413,614.7834454537567,606.7435557271078,609.053721628943,614.7937778381702,624.9075242152635,608.8064015058706,605.2441805563969,610.6630895711833,627.7476140872922,628.7832645564229,618.9639437289665,600.5278338220403,597.4905885600423,608.3030792251177,614.2735936236696,610.817531544885,610.7077079563413,599.8325269536199,596.5928953824879,1415.3845954509534,1305.8320776618552,507.23269718621697,0.0,0.0,0.0,0.0,0.0,0.0,0.0,0.0,0.0,0.0,0.0,0.0,0.0,0.0,0.0,0.0,0.0,0.0,0.0,0.0,0.0,0.0,0.0,0.0,0.0,0.0,0.0,0.0,0.0,0.0,0.0,690.1234501532756,112.950530707148,634.2900775325326,695.0106000290584,725.6952950470765,638.4117260068106,559.0997696217628,571.7720640511748,597.2960058625463,527.5229143100153,0.0,0.0,0.0,0.0,0.0,0.0,0.0,0.0,0.0,0.0,0.0,0.0,0.0,124.71182780855892,361.6889526636762,175.03987742299887,260.2678805274086,289.7543255343388,305.54908544657076,306.465636981844,327.8546986186965,406.92389720761474,461.91052231276603,498.66253095611637,594.9897655267736,593.3503866217056,687.1865935354026,770.5078770353182,824.4944671803536,867.9045955619175,764.0778698112641,627.4226925507298,622.3035688216537,700.0584949827513,852.8167228957745,817.6264719053837,814.4768295840081,33.06097776833872,33.82383810627948,13.323627237910728,0.0,15.609763949128137,46.04665368141639,59.261234106981874,26.997517891973644,502.585448078876,0.0,0.0,817.284499319043,831.1717661409164,880.0695778265898,806.900780011961,867.6842928148457,863.0511301638695,855.9877951550975,640.0035330144893,597.2175412650386,634.3248729067361,606.3291281623116,639.4075800619547,649.1664885342602,614.7488694202051,623.1537556147892,628.3232256493044,651.6063684830227,618.2774705976082,624.0871484647064,628.5328425728818
2025-06-05,1455.370291715115,1446.8993625688609,1455.8727815084171,1450.261610397834,1446.483177660385,1452.8908303957555,1263.5438969109096,1450.6149102637423,1457.22998419855,607.5878416631792,597.0582502949953,1446.081321572598,1464.8933229792299,625.1707417650929,611.4938613725793,613.3380283345494,608.8451865071644,602.0976093692432,620.2339647967815,611.7700677377807,619.8062179778221,609.1476375806265,631.1000598800704,617.4192526301381,616.0176593371654,638.9091891432271,610.6397234665269,612.917273108047,620.3398291084438,632.8577000504491,616.9701847927182,600.1477159022306,1405.1207571268103,1320.4696333102063,523.0942910687041,0.0,0.0,0.0,0.0,0.0,0.0,0.0,0.0,0.0,0.0,0.0,0.0,0.0,0.0,0.0,0.0,0.0,0.0,0.0,0.0,0.0,0.0,0.0,0.0,0.0,0.0,0.0,0.0,0.0,0.0,634.4548226440578,837.8806250543338,700.7515984305138,563.0848429235011,621.0270443830971,563.9097863678227,563.2786888653997,549.6567711693928,542.7267748630937,509.7361178712887,542.6235902405256,0.0,0.0,0.0,0.0,0.0,0.0,0.0,0.0,0.0,0.0,0.0,0.0,0.0,106.2022901394204,422.01639552111214,177.49060314546136,169.88171871057995,214.38810846943719,334.0533538615241,417.5367477148767,435.60274166199997,459.4402667113369,508.6666697868234,541.8770103458376,607.2459557846184,651.5239437853418,659.498883065808,737.3095522373876,787.1269832230186,836.1795426942255,782.4148142679504,641.6665088275198,652.3297663466686,737.5066223057164,780.7658400455014,806.7181908669894,828.3718899242535,0.0,0.0,31.982599782817488,2.7904225791745603,0.0,0.0,20.976101117243047,0.0,441.46515831326275,0.0,0.0,797.4671365837995,810.6857630763361,862.4231864371931,846.852627931831,816.8957242187379,806.5000882460635,798.6004704621038,620.5397737136414,619.8225712788502,629.1344914428145,621.4645092172842,623.8646124052669,632.6815572481116,612.5554449428013,617.2529441200253,636.9533085096353,626.3095523021011,643.9080348689205,576.3519119283932,432.7410062895734
2025-06-06,1022.670914837933,1256.450183778482,466.00161324418764,470.48408184679886,458.86647640847923,461.9777660631129,459.04726662871747,456.1954474188148,415.2553937157565,420.52391059651427,457.26484222205994,472.90821896248167,470.6260880250071,479.3592970142324,472.1555144833099,462.90756700316103,468.6098237718994,467.0260528846334,468.53273666908166,453.4899339129702,485.3961320210392,497.5063685106943,486.01484318329926,460.95092162105266,460.93382060125833,454.67853607298696,477.03487198520384,476.1339137146455,465.6212007501649,464.07695124950635,454.417357383712,415.26977035194136,408.10276587228157,1152.8429276832146,0.0,0.0,0.0,0.0,0.0,0.0,0.0,0.0,0.0,0.0,0.0,0.0,0.0,0.0,0.0,0.0,0.0,0.0,0.0,0.0,0.0,0.0,0.0,0.0,0.0,0.0,0.0,0.0,0.0,0.0,0.0,0.0,0.0,0.0,0.0,0.0,0.0,0.0,0.0,0.0,0.0,0.0,0.0,0.0,0.0,0.0,0.0,0.0,0.0,0.0,0.0,0.0,0.0,0.0,0.0,0.0,0.0,0.0,0.0,0.0,0.0,0.0,16.519919514090773,7.263231580347721,38.44669934119517,83.49215695091078,91.23988891651544,106.92797807875823,156.49074993945362,179.15742554261993,224.13654690337668,231.5891250221497,274.0394696094945,310.86881464797176,0.0,188.35608283696956,0.0,0.0,0.0,0.0,0.0,0.0,0.0,0.0,0.0,0.0,0.0,0.0,0.0,0.0,645.1197430005601,631.3636844093354,580.1281003022636,541.1378653314406,550.9540911036577,614.9686954346652,523.7723466658399,477.00419471971054,475.70905948061727,482.51823554610445,461.56101914326393,482.21823580247434,507.9743912496726,500.0931862815438,479.201987864258,455.30745781013565,435.08777709359026,420.82679516955346,479.50306642322573,433.33197402398946
2025-06-07,1349.831737492298,1342.5731631745728,1323.5816911966817,1345.2862666635908,1327.4905107249745,521.5602686568855,517.1856641953867,518.8440131407409,1178.8580860558172,504.38242055380067,510.1184081435501,520.7651932424744,514.4527599882753,504.82669276033124,518.46676094631,495.93944150989944,491.53414201671274,513.0627998358242,513.065337246739,488.7687808577429,506.47715879091237,503.54689721154074,496.9907933710205,524.6821822228385,512.0560216847459,510.5083255910281,502.6976677037428,497.0027797833475,501.0350999081569,516.1150369110051,504.61788064718513,511.7217450007664,475.09917678614875,1223.2682938870819,0.0,0.0,0.0,0.0,0.0,0.0,0.0,0.0,0.0,0.0,0.0,0.0,0.0,0.0,0.0,0.0,0.0,0.0,0.0,0.0,0.0,0.0,0.0,0.0,0.0,0.0,0.0,0.0,0.0,0.0,0.0,0.0,0.0,0.0,0.0,0.0,0.0,0.0,0.0,0.0,0.0,327.25840631830266,0.0,0.0,0.0,0.0,0.0,0.0,0.0,0.0,0.0,0.0,0.0,0.0,0.0,0.0,0.0,7.643855732516329,0.0,57.8027478461413,78.90483921754468,55.969376133895445,90.17029298059833,146.69906241434433,183.78363012597123,239.80400780503447,266.18637229523017,207.86042571887913,172.9698643216783,255.94353585398898,314.74754132638174,324.52981677588264,416.26316309881497,492.87678373390173,0.0,532.6879125429213,96.84838150957182,600.2804381772869,0.0,0.0,0.0,0.0,0.0,0.0,0.0,0.0,0.0,0.0,0.0,0.0,717.0700257772584,699.3479091986505,669.774296340601,685.5361940133976,685.4695536649236,661.3583033460862,561.790332438598,544.2391130210186,543.5267885169116,536.7549091175341,532.0704757169086,526.4460589330515,532.2092966854004,537.4344367629859,538.3064478537285,540.9588750707577,550.7812610419558,529.8377660717084,567.5358868809265,702.8870814240997
2025-06-08,1534.2498878764734,1525.9671438052624,1541.4455889855276,1529.5131567299763,1515.8487918311102,1515.572959136101,1359.0901112179654,1529.7156616203974,1527.7651583153229,676.318018811859,684.8075071722305,1533.171565494717,1524.7768419795902,676.1896485139152,696.8624770056624,686.1910753484358,674.823487251391,680.6000967698785,681.8456231142902,674.8106906073086,667.6635319749572,669.4292967703449,665.1166184950824,653.6994532279583,673.381834226283,672.1596297045714,662.9923801305705,675.8148496216411,676.3212999715788,675.8150751312686,673.5253029353712,656.6841258436326,1427.581136372104,1346.465463735887,575.9334266949434,0.0,0.0,0.0,0.0,0.0,442.6066064868076,428.99713492633435,373.0790150627613,350.4609265835413,321.4240388490543,715.2126488281683,0.0,0.0,0.0,0.0,0.0,0.0,0.0,0.0,0.0,0.0,0.0,0.0,0.0,0.0,0.0,0.0,0.0,0.0,236.96459259079387,1074.3146638046157,1041.5935956735434,1047.6939407411708,1010.3085054520101,863.0647392290499,785.7426374734847,701.7624695850816,710.0290873749996,719.5682420958195,688.6822219607491,770.0489325178919,1040.4207249281903,170.7286762570828,175.5749411197488,179.09842541653126,188.27270537892952,242.04166591920904,0.0,0.0,0.0,0.0,0.0,0.0,0.0,1195.336669343211,1288.9288928379174,1338.6272142947723,1019.3599678502719,513.3852820135922,560.2866636146222,603.1501412225941,612.8620859050731,632.2339049349063,665.1911387028795,716.9800699823759,747.2080493715857,794.582514560181,799.1411277258596,815.9684378254636,866.780298777956,873.3224178557745,864.7130145837788,739.3734339132488,745.2693213741921,823.3304044858221,867.2245856908835,892.4303394396738,882.1598406309491,41.66291436806,66.09404983711966,65.37830605364911,46.26013498515772,70.52653961768101,67.45497151364134,57.17482970212643,50.84160885408528,586.1754793523614,66.99946426751103,74.34950467347392,922.9488573839252,943.3492844246476,918.3051433735718,897.3855341469714,906.5161830085175,915.2739719890146,880.4102988853784,735.5030247086504,738.0361422285872,759.4067691042002,739.7813981350221,716.5030581449562,683.2797039821631,712.3197755759938,747.1240681503763,720.271607269883,661.5292811538204,719.9090692521189,713.8138368865252,711.3762851494781
2025-06-09,1573.9428278850255,1603.6151233879777,1615.1755744097409,1519.3670414986689,1562.5958192720286,1601.4368056567914,1394.8922112161954,1553.3919989995238,1540.3423317854572,738.1608974134791,766.4169332581891,1568.9275092622656,1533.4951031855667,702.2937407187592,652.7537712616743,686.6945753286092,703.3301726543714,689.0215257387958,692.8828671550832,696.3063015559297,709.1120648269432,670.5152514248639,670.633789642976,675.9966051608005,690.0741280804802,723.5833144564288,694.7322440069887,699.006463113461,684.417561128005,671.0828124008337,661.6341571893258,633.5694848027433,1443.458880212778,1346.0986435230736,567.8226313909969,0.0,0.0,0.0,0.0,0.0,602.9628591327566,610.2294508196618,659.5065581727927,589.6255651265302,427.21618427929155,1238.8647112849226,66.15354933288916,0.0,0.0,0.0,0.0,0.0,0.0,0.0,0.0,0.0,0.0,0.0,0.0,0.0,0.0,0.0,0.0,0.0,60.35114867040466,857.8655365750113,867.0356906108437,831.9635459610975,842.364940480914,849.5166540875616,893.6012430119149,949.1497956576234,1021.4973047697648,1061.6671941899053,1068.6994116327976,1058.0330638583205,1031.8723223711772,234.23034960367482,301.7692879720932,342.661011657748,270.75430004197176,353.9535782588586,36.96156679485432,0.0,0.0,0.0,0.0,0.0,0.0,1386.7910608712762,1440.5184144797051,1515.0861799018612,1517.6188606442774,703.9501840099514,729.2327909295208,760.1259137951338,772.7573924443464,770.6914386262633,753.0631300055386,738.7991919395064,766.2576157688703,826.2483935144406,871.8463107093862,902.9244560492934,1004.5360441722152,998.8087910801721,980.8678634202842,794.32151816925,787.928050237738,846.1089999556239,906.158529974956,917.3141406667721,910.2500984497107,102.71031083611092,153.91453297651685,165.24265094163388,132.85939684835932,99.5602667666252,69.1380135604154,94.45840041151291,141.19056087361344,654.6946353267579,56.827762005315435,54.564190620324325,930.2010015445605,940.7939917794672,978.4428225661559,939.6399176175377,900.0380766475295,953.2754099248857,923.1830452658347,726.271538757242,730.5587703187323,732.1525964016814,811.7349772475563,754.6188284222299,769.4042834973084,734.0537739976241,806.1508840502993,725.0401657662674,792.5267410319607,700.7771134588804,767.5110278661053,777.1921201313348
2025-06-10,1607.2010939852748,1620.5877718527581,1605.1869950709738,1540.5739207393,1575.289524672114,1576.9762926898331,1400.1500838576435,1602.1295039047923,1630.5363601337378,785.2311963599518,751.7946449681112,1557.6447725088105,1526.354166763479,720.7525350288557,752.5652961911167,715.6816353060283,719.250403695443,699.8757188863548,691.3927790046457,690.6816831415554,710.4302737404636,716.8263112940817,701.7554710714862,688.4719915889043,699.5156176830159,696.3606359871825,661.9396237238133,691.9806388474739,678.5236746849747,673.5362234236497,654.6185722191314,674.6757374465934,1466.5131940512779,1347.467196552101,591.5536758316781,737.8709289237211,0.0,567.3887790160242,577.0074614447904,579.2091899501328,610.5041749183306,615.1251378442508,569.1428914169765,531.5203191574685,516.8673509345646,1263.2337105534393,529.9418127660617,0.0,0.0,0.0,0.0,0.0,0.0,0.0,0.0,0.0,0.0,39.28012002561786,0.0,0.0,0.0,0.0,0.0,0.0,361.0667353395437,1134.9660643855689,1051.1058609906368,1029.129931604814,975.1445655998316,966.6239519468047,924.7223428145252,870.8039760217525,788.5660393938037,862.9132514042798,924.2758556234036,845.6356512695086,859.9497770438724,94.47235906116538,49.18509798369675,81.4101372475465,173.45758077372818,209.48239162981838,92.88257752514505,0.0,0.0,0.0,0.0,0.0,0.0,1196.0065449466565,1236.342249544314,1346.9901155774755,1381.1589580776795,651.252398416868,698.1344175440022,772.7989783044485,737.8750293936334,720.8699106023819,739.3010855359498,752.9657326089932,787.4415807200024,840.0360967646756,898.7516802649765,930.7447258133692,1050.7977126774203,1053.6695517656963,996.6960150919093,823.8468098992649,824.4895296016936,864.7780290082662,894.1177439310585,908.0399119897583,930.9147627355552,136.93211422588672,109.57843053241209,99.64052294285455,128.27860496135884,185.88875914626726,171.58733922198007,100.70646372325143,79.7510368081771,651.5129333977952,174.39107208825226,105.24696816276514,913.2092235626717,955.78671041372,956.98968772254,964.448038028296,979.9430470027938,988.6267784735522,918.8105430119116,799.06782946808,743.3470232855565,798.719756494724,782.0290320528729,730.260977497538,735.7506385997008,745.0351174316783,824.7042866736468,792.0780492956316,791.0600934963595,804.3543399215878,807.322409213917,792.5416481696909
2025-06-11,1580.513767282485,1579.4785928731426,1577.4756177949048,1544.8470657148273,1643.2669559130138,1611.0558482777633,1448.1028339634208,1597.0414705690755,1581.457124750637,738.1440258556681,710.2726325613124,1554.038850508922,1546.568261983361,731.664349592387,705.7575327352271,686.6138888849383,705.7663063668264,694.5115035225509,683.3567463663876,691.0845398465747,726.10676526775,706.6701736038276,729.2489481096586,768.634644958328,709.6696296334096,707.2440987117556,697.6751600017386,718.6001303864266,715.3665816693931,696.4867686455575,669.101165627037,656.7325427908635,1455.0491128610122,1396.75829078568,621.1143537344891,0.0,0.0,89.58122345323102,0.0,698.3962527370618,683.3262513796614,636.5949105728325,605.1869836306519,607.204399253822,486.119229003727,1326.8905674320958,566.7487541601865,0.0,0.0,0.0,0.0,0.0,0.0,0.0,0.0,0.0,0.0,0.0,0.0,0.0,0.0,0.0,0.0,0.0,122.64868174689886,1059.2258429804165,1107.0427847454353,1063.8999559255712,1036.1955314717666,1121.3708734064735,1141.6978667031285,1034.06418040289,1017.9360461453304,1010.1469140628152,1023.6400925875108,1054.7352737838678,1052.0181462066002,198.34402971808396,243.31140498307127,303.9634004643225,344.54369555143774,396.18047088383906,0.0,0.0,0.0,0.0,0.0,0.0,0.0,1287.6660369023207,1316.1028509852074,1334.1011532943414,1299.906631895477,678.3586722887369,700.4410230178836,686.8267399812294,741.3472511066278,807.7964534105821,879.4746700137855,836.7324471964785,874.1029006787908,952.7764941874401,973.0006086540045,1005.3822950989214,1085.0654918384535,1083.0004877761032,1018.9513900213778,816.6743091269451,784.8106549767808,839.3773126060138,899.9373429114926,936.5058141868199,957.8873625126042,129.54653923363776,126.7217928619491,118.12320081833013,118.25795946205346,105.02956806242855,137.0179848301525,147.0736575753865,121.18071950617673,662.9596445655823,176.38451733484942,143.07487951103565,949.1543076857722,951.6816516680309,928.0337038695277,930.5701173320932,949.2617720209636,947.6603921048672,883.6405842241261,749.920172373592,756.3267391695462,798.9692555754215,772.0009116946889,766.3222301172668,784.3641209713503,783.1691656023612,796.8765417459723,783.9869126010444,793.7300258550194,829.4978296198715,843.7178905791544,817.3587989114176
2025-06-12,1635.3344568192874,1623.2808832126823,1598.0325025900152,1550.0255546223425,1593.9261948219048,1578.0719993762477,1425.5291690641284,1615.9696458634796,1592.6880834999365,731.5851223617805,732.989266751729,1585.4751581304376,1541.3099913558988,748.7269567794251,711.8693838012559,674.7453676112821,720.8573781479887,706.2604316944955,707.2468408636967,727.5049225012532,701.2364156511195,684.4642325683774,680.5133591889982,678.8524186896111,685.9184556121305,683.7219138526451,694.1266217846131,713.2878832876587,666.2926939501259,681.8934340570762,660.6408949828206,639.1324367849577,1442.601741618479,1373.766846025423,594.7986422858587,10.8377469114713,0.0,650.8283990136774,607.5537319090008,607.4850269915006,597.617174358749,611.9099410325324,609.3969251009921,602.1088211152237,515.3028181247322,1279.2528051077538,557.7609693884425,0.0,0.0,0.0,0.0,0.0,0.0,0.0,0.0,0.0,0.0,0.0,0.0,0.0,0.0,0.0,0.0,0.0,184.94895952463025,916.2758126035194,931.8436593033043,930.2845909110038,950.1837498484451,887.6659002612677,907.9446894684885,859.7038148120715,861.0272810046948,895.033486850511,944.3846511154278,981.0807541467487,956.5107522179583,168.38666362661786,276.8855993548066,327.28436566714146,286.87959400366907,226.33847688479085,286.4873051174221,0.0,0.0,0.0,0.0,0.0,0.0,1455.049327191013,1597.730801828896,1601.5911846795602,1569.6642917826068,1082.8939514854756,872.8998232587888,846.0945458264281,809.0737544210339,886.0628217077115,935.1386545209093,936.9772774795806,945.4842166079729,951.7599681980472,947.3055139624627,1015.4976269939846,1051.7731356335244,1027.0165349529066,974.2124001576851,845.0808805315529,805.9825198332477,858.635566730176,906.3549089147723,917.3853323151696,945.696085596499,125.59915457453837,105.7468653478877,114.54588421001631,154.19754868241125,98.41457771530384,92.67149694015757,151.34742404485212,176.93695154689885,678.5146030695448,120.32744186850675,82.2856375995367,923.5882671106503,945.9580684522025,966.5261110690925,987.689775943313,987.8652586445737,930.3642450659855,868.0666975759392,737.522551741522,755.4561944347358,819.4097543770013,784.4535809690011,782.5667614577007,794.3490661056877,731.4014402888203,820.4552111738454,834.6033861162373,790.6475588992674,778.9604275386583,752.2957290337113,657.6553662301153
2025-06-13,1455.797211328299,1491.0369478941811,1521.8599934448614,1404.1425098151135,1462.3451301005503,1478.3274645338308,1345.615005759893,1503.3616862949598,1442.153674824241,576.0269008252754,618.8698531810705,1472.1653209692176,1470.6982590938048,597.344016127003,572.7113557457069,517.5503865394105,515.7327292860429,536.7095151747242,538.4001286292574,549.8951795277906,559.8192251556604,554.7680706474207,517.2550178138089,520.820206280645,547.7515797729053,569.7420782323495,563.0069279498011,527.3816538157051,542.7317830427505,580.491921247647,554.037651294508,537.0756362232253,1365.2940400508132,1303.7866179604734,446.91245711128977,0.0,0.0,0.0,0.0,0.0,0.0,0.0,0.0,0.0,0.0,0.0,0.0,0.0,0.0,0.0,0.0,0.0,0.0,0.0,0.0,0.0,0.0,0.0,0.0,0.0,0.0,0.0,0.0,0.0,0.0,0.0,302.5969700839958,0.0,0.0,0.0,721.5613076567461,737.2047897944232,720.788353808408,745.8289146582922,813.0986735776044,841.2627494535022,55.00198172712647,119.21415024057559,0.0,78.94621891953273,155.01286405265307,50.9672100855483,0.0,0.0,0.0,0.0,0.0,0.0,0.0,1053.267766871042,1107.4161948496062,308.20683334361104,346.1266360320746,361.83357855670283,378.48145863565753,418.98297872300867,445.89016906827914,457.3749768812229,483.0433206935433,534.5819468972835,565.1382045022881,533.9123378472705,517.6794297835372,533.6794215534139,579.3119229454694,626.2351334814978,584.4591439277997,550.7163610452103,620.8219476880532,637.0320415659805,618.3274568657499,679.9059771952125,161.24520286874906,0.0,0.0,0.0,0.0,0.0,0.0,0.0,0.0,0.0,0.0,0.0,738.7930132408986,728.1334342136502,767.785529981157,809.6620892226106,820.556910347541,774.3383570766745,685.0471563124638,652.4481001952046,666.6494559905617,684.7930720925702,658.4704455785931,633.0384208794123,661.6414569102503,699.3073889706717,745.0618559429961,728.5109888067976,673.8122497717852,651.194350509959,641.8398622386514,620.3538360049176
2025-06-14,1407.3803940679377,1411.825735075346,1438.6549203778568,1365.5876210559202,1442.0730373061572,1394.814028684009,1245.064251938386,1344.6849183150928,1355.1128384324065,545.3894385993817,547.6764818515022,1397.135758936398,1365.3376712697118,521.4933233675873,506.9273328669135,504.6940245013061,511.45066977802327,540.9692943947784,497.2670709553843,511.69809603212343,557.2140719361072,573.3546292260614,550.3873357412265,511.8452492518466,507.4293991490063,517.854542817937,506.2469743858465,501.8895814580222,498.26924376451325,502.7331002823325,485.10931782228585,499.71627250194894,1265.727298843228,1305.3898247760874,455.58680403407135,0.0,0.0,0.0,0.0,0.0,0.0,0.0,0.0,0.0,0.0,0.0,0.0,0.0,0.0,0.0,0.0,0.0,0.0,0.0,0.0,0.0,0.0,0.0,0.0,0.0,0.0,0.0,0.0,0.0,0.0,0.0,0.0,0.0,0.0,0.0,380.07742107442743,740.5429993442739,746.6223447555889,714.2929494434287,684.5386071035392,596.8825962158191,0.0,28.277915795961974,92.35066064004621,131.7872461755968,129.89128311921127,156.00468926332925,0.0,0.0,0.0,0.0,0.0,0.0,0.0,1094.0291591041673,1087.9241252634504,525.5228907511515,297.0477153727523,274.53628117233217,287.77446974242457,365.87760819824996,449.16620410160704,445.94939093380793,374.5885472095295,516.9932384592663,500.0105352601061,450.1202779867753,485.39271416521854,553.6019912431403,640.1283134578453,620.7541366779698,574.3180336433027,591.4742987669104,483.13767724304716,634.2022457288716,649.868396617294,671.9872146194225,0.0,0.0,0.0,0.0,0.0,0.0,0.0,0.0,0.0,0.0,0.0,0.0,761.1299984997667,727.0801870731133,698.1101621762598,713.7304718580732,745.147975174721,701.624979043699,650.0136060909362,652.1939046989806,610.7595015533971,578.9277734218939,644.3941545339135,624.4986282878797,609.520880576236,596.6168078592577,567.6884834123346,541.8386852495984,620.8216294139145,608.4380933882211,681.2067277177057,758.6315476351466
2025-06-15,1621.560386654856,1545.305710803646,1587.0408911808554,1577.9848225860073,1599.4852925552277,1565.1017522375632,1390.8116324087064,1567.617840992635,1528.7370234516452,696.8495001415627,735.5958952627849,1561.3115212698312,1517.8899159049802,688.2329933500431,710.9152593489179,685.2606020897027,680.0556755154757,680.2286650180988,676.5536089712036,686.6762385769725,720.6003751761461,727.4979061610713,702.7170686232812,677.698121171567,684.4888091121641,683.4608094439212,667.5624708987058,680.3903918407598,669.6573582987612,659.7061779212754,665.4644655697199,645.0039229258967,1429.0991120123879,1364.9531991182814,617.9127419443967,0.0,0.0,0.0,0.0,236.09034404253674,561.6373978959184,537.1609727627239,532.6609818326579,497.5125346943098,459.47544257156244,1208.5851680276626,422.4497648187047,0.0,0.0,0.0,0.0,0.0,0.0,0.0,0.0,0.0,0.0,0.0,0.0,0.0,0.0,0.0,0.0,0.0,256.1708690018235,1099.6662429028413,1054.805514459983,1008.7843174077415,1046.375336479985,1105.3976862122536,1120.5039000805655,1132.2371063761896,1137.2999368100486,1092.545637368049,1070.6836677676977,1137.0875068727614,1231.8799672246737,485.7545240781326,431.2557615472759,420.41526946470213,462.8399519357312,467.6673769972211,476.09600900160774,0.0,0.0,0.0,0.0,0.0,0.0,1458.0163698599094,1469.526823128198,1492.258355754711,1546.81801042412,1296.1264427157435,721.8997224810815,789.935556699755,853.0068999218668,850.9404523333864,809.4979542584151,894.7830568530878,938.4366114140852,941.9177157153565,937.8113074981071,988.9025603210058,1037.296346391367,1039.4075528405099,972.5590024008316,859.2785484184334,828.9491889611288,894.1634476755883,875.3920121038544,908.5853607951926,891.8185610629608,72.26222008481477,79.81422538837887,76.19015716040371,44.65939211224452,56.18008418599527,80.98743493372376,85.12573258849363,74.34935018006365,590.8434021795817,44.75963622257723,73.7486876622371,926.4048714365258,937.244953453093,928.2005822338177,923.3186365440632,934.4455072456878,919.3395977689769,866.2482539174016,798.3784488797487,760.0909623851965,798.774599643121,833.2472602866864,778.7651781462437,713.9864510458215,739.3220538257267,789.6103509073205,783.0917473801366,809.2254219496966,743.4390410984951,799.3313341611859,756.9254903990934
2025-06-16,1614.4771090965814,1546.9933094543094,1603.513245261518,1570.6868522716923,1617.023451404954,1575.906916345774,1436.0383920688007,1608.2582282611015,1562.0239069657637,750.4924479147198,736.189370097906,1533.564152690451,1532.1261604784538,716.3422180377314,663.4651736106196,669.885860279787,664.7603974381864,695.1629107899016,677.7208910193244,689.2269518759684,733.9426710406793,715.3887739270954,693.6818051303377,699.3008361829004,684.676531358582,659.6294904477191,669.2732257913656,691.5331697858519,683.0117466509572,673.1953410665914,648.092151544922,624.5178994141775,1441.0648484293092,1357.0407202568288,623.9069872652441,0.0,0.0,459.77641823057627,0.0,595.173164905991,579.3235341318359,513.9912730270488,513.9148244149608,492.61951467198907,440.4112510024971,1234.1330419198882,518.3520116270658,0.0,0.0,0.0,0.0,0.0,0.0,0.0,0.0,0.0,0.0,0.0,0.0,0.0,0.0,0.0,0.0,0.0,144.3256954894305,1018.5759425604906,988.7016410474871,980.674462831806,1015.6287531652363,1114.552123623425,1125.4126052665001,1008.0250659819881,1056.785013162421,1044.2319995879748,983.2348250261874,1054.999602781894,1194.0396254839013,384.6657552557225,420.89177018123365,470.77947805520967,566.9691142791365,544.4134820875994,538.4458240218694,0.0,0.0,0.0,0.0,0.0,0.0,1443.5800203414506,1509.464561696752,1569.2311693924244,1606.7591612460458,1475.0965204366407,771.9171636884982,777.2224800447568,869.4993158705868,874.6225892510148,826.6984925514212,899.966326802354,936.0008498929001,915.3608668717068,920.5996311028499,962.7011516333732,1052.4986535517787,1068.0576912491554,987.2793563067767,850.6826104801864,853.1801051586033,884.4906870440058,876.3176041148545,906.0466385466232,927.8210552097205,105.96399023423191,79.50401747875526,92.46644107739314,97.71947344830414,93.06890642314215,81.56175844426025,70.71256100432868,94.04799722666871,618.1133839065982,68.32216510099386,77.38052115627033,929.9607125447944,958.367877683677,915.4162864776898,925.4538679528483,938.2560253625164,926.4283713929457,886.2233378810347,787.0919882036976,784.2828363205299,790.7708767518368,844.6254222038779,774.9717518098519,765.2874444306183,730.8196368164109,775.4064494547823,754.7780301015,829.191953088123,760.8546216107759,805.984729517289,741.4503745651596
2025-06-17,1615.2612098350512,1625.176264084274,1541.5578425893423,1553.7923819589114,1615.5434284463195,1569.3763702958636,1432.1113516898279,1618.522483309545,1553.8164080872036,749.5835504201467,762.838574917874,1579.9468954232839,1512.932639344161,702.6753250558927,759.7457643242323,690.7899085748072,674.4527720079578,679.4448958577135,667.736568567906,706.5261800303679,710.5557568390113,714.3280256078779,706.9510960339712,687.4411554297595,665.4005105344073,662.1846273800494,665.3685613428203,668.6116163464917,683.440605734564,693.580359323188,658.9608810120059,639.3563094839072,1462.5536076321055,1389.10642080219,607.7055952248796,1.696431419995065,0.0,616.0501442821446,612.6755332944293,613.0788665227151,615.6301607000863,574.2861361225855,528.3469981026522,513.1173911647156,524.0852868836364,1225.6599964007164,506.31057552488267,0.0,0.0,0.0,0.0,0.0,0.0,0.0,0.0,0.0,0.0,0.0,0.0,0.0,0.0,0.0,0.0,0.0,155.90671549418627,997.0186762570323,983.2499973598947,977.4139496022657,1021.4616000753839,1084.146820420944,1077.648751642607,1031.8808867446733,1027.727413637252,1012.1065223904761,1017.8694503954564,1061.484775084377,1145.2919489346866,374.93985851534677,363.26931658003366,411.78758530760564,493.1371678805044,499.2218199830358,535.5769118366163,0.0,0.0,0.0,0.0,0.0,226.89304927113687,1494.8056624950125,1572.5107168148425,1633.184629269134,1643.8845887067762,1685.7939747880446,836.3605383233727,814.7561156676784,887.2939244852226,874.5015082488195,810.5280008236767,874.7799199021614,927.0261724837429,901.0821570140212,947.13851630171,993.6468160378207,1049.486389108967,1056.5192310595874,994.08739440411,863.933862573771,849.6811557464762,890.1473271975628,874.1035107124169,886.00806103927,913.925446520493,114.41534215836327,129.8929832566622,118.1047675040021,103.2815406162581,65.70847750693736,78.8011891881672,122.23009707630229,121.64582042406698,613.8749094042435,58.09587458661326,91.61902393573246,966.8647435400156,973.4034505214366,915.1708548659333,906.2021269370149,955.5948581656243,931.3708212161634,871.4930204123372,796.2739319621769,784.8933122022471,790.0826734359658,808.1450340798522,795.8973885405696,773.1698524873357,801.3403263397117,796.4994595919143,754.1294677297656,822.7487618221093,742.7144531952298,817.5057373861404,775.3963582435399
2025-06-18,1653.627712829145,1550.5589465408825,1589.3894624168313,1572.447259359907,1614.0037702606937,1583.9767483520209,1457.5276643792433,1608.1131354870524,1560.1946523152924,749.6059798497463,771.3534236633409,1607.3966538809595,1554.475236454624,740.9382367057012,753.1589199583252,724.56386319796,676.5399475075462,680.4135204889138,667.2409769648832,694.2658420516284,664.3877697415145,682.0307760039593,695.9878273413855,674.8799542816084,661.0839542157705,660.7284714444235,671.7097061055582,699.072118277266,677.4427323293828,711.9472282950396,653.1771923601715,630.2211696459352,1458.7142044316831,1344.0759806955652,587.2523516865277,656.7916567732335,0.0,662.1196123353315,628.0575003407478,596.700046906464,573.1327847057868,578.2757618487944,563.6130923897965,494.20941813117344,430.16614201915644,1212.2436233153371,580.7580748214147,0.0,0.0,0.0,0.0,0.0,0.0,0.0,0.0,0.0,0.0,0.0,0.0,0.0,0.0,0.0,0.0,0.0,209.29866144018195,1040.1360098923528,1112.9497806547665,1140.786225608122,1143.3145879753304,1140.3599851588747,1109.5904274425652,1021.3754468454312,976.7232578551354,1030.0617571118855,1088.1634097398307,1135.1704440620715,1136.3840766466014,381.6867419278636,373.75661387305445,337.72407260770785,356.6227934537898,505.2956941007235,513.5796471740008,0.0,0.0,0.0,0.0,0.0,442.3518913872979,1521.2830660068269,1548.253177389588,1584.0136670841166,1636.4385279803741,1620.1246235972185,799.077276019038,856.2235149833015,903.5560404959822,898.8442757468516,882.5016227123367,926.9029406390731,963.8875385127867,980.4620804056779,974.5806764786635,1026.697230011469,1036.5563268532383,1050.733058936778,978.9201099460865,837.565063250688,804.4639146355177,848.7349795885805,905.951469712902,914.5046241593486,883.7636119996216,61.4760781651587,89.11172327103554,111.44824196654054,69.34185219216147,75.89768675935818,97.69097515934504,105.97291410885043,88.08207935618077,613.9883217718207,96.27281630288576,104.9864176153136,953.5093142799199,981.0002050961845,963.0553618729567,921.6703704336113,915.4109890219139,895.5251292407489,886.9373429847582,739.3417909034027,753.5450615117157,796.5810866547084,773.4564873077142,826.0203009892203,823.2622897538794,753.3623324950755,813.04663782506,835.3373038097332,815.3949770222544,785.495817165678,791.3965291296868,815.0431481299969
2025-06-19,1636.277979444746,1581.0415589644833,1567.0766957916435,1558.4151904389519,1602.5570582548742,1544.25507802138,1454.8002315006097,1640.0241902374878,1560.5299432950592,750.9553859180063,778.9363262543942,1598.6018691277914,1550.4359519029704,724.7958004214233,706.5976332197174,669.8548536926364,681.6083784485767,721.058315227675,705.0113615225014,710.7076148697197,678.968336765278,699.7661300961793,703.3020704807399,683.9489865544134,663.553799286372,676.5280175656244,665.6752276639473,674.4844206368448,659.5004869619919,680.5733892101877,646.5590877588737,627.5366539788356,1429.4523079309938,1343.1760570349145,608.5128592080885,4.615004646933812,0.0,654.1847688966271,641.8056079443924,594.5305932611072,573.103937313837,587.9725344552251,522.7210589458477,494.16428871611623,480.16175568057236,1195.774368282503,517.0160038313661,0.0,0.0,0.0,0.0,0.0,0.0,0.0,0.0,0.0,0.0,0.0,0.0,0.0,0.0,0.0,0.0,0.0,222.7213417070335,1067.2881566152432,1068.3010268549042,1124.0610712786315,1185.211177294501,1157.9252264984439,1145.0119103571983,1122.1940120949673,1060.011309028947,1023.5854655615243,1076.2534663809588,1129.3608676381377,1148.1109147061597,340.0186748174348,322.3668948340214,309.6347557730439,291.77434881354446,345.94931267728356,447.9900672203924,0.0,0.0,0.0,0.0,0.0,0.0,1476.27809605689,1573.3964010060915,1614.6336487870974,1601.9453459065248,1572.4912628739517,838.4460634857197,900.2398265830558,887.6745153323919,873.6366993018776,862.6636926277315,906.0280650002729,931.9867255026196,951.3702230317804,964.2673396082857,983.8638856695777,1011.0061458278005,1024.7146259418473,942.248499405535,796.4890838713868,761.2132383573312,851.2274398284125,885.8641028497794,891.9717431622653,886.4823280386761,90.20176922048961,119.21262494021323,107.8106338235458,68.9357293308259,56.957423570456285,92.74875425765651,102.15935676638355,71.43106307806806,621.2208218829137,116.23786518365102,99.10161169914079,913.4948915995471,959.3596017978867,956.3470826019271,900.7353727496865,891.3057488050969,904.5728848398628,904.3149637902823,783.2491724944665,742.4249156612414,784.9555992857777,776.8484302355341,815.2706643681865,781.2169432895892,759.5709128575359,805.7502459402546,809.9480376435185,803.9306275209933,804.6016965367277,777.3247723875919,654.7717197276087
2025-06-20,1446.838721059341,1477.303330333557,1453.718211175697,1397.3312902763714,1431.4624950995612,1420.0204906670979,1288.270193279568,1430.118488070685,1380.889813851772,601.3055885163075,654.7747697012505,1440.1421644578397,1385.6659550307058,557.9550409862698,586.2204033207094,566.8727900570896,520.2668347500737,534.3257068317254,531.942963981517,542.8698351980503,523.6360484165413,522.5730683158004,543.3692955173423,530.5616983102432,517.2314226250493,521.9835694496674,503.9354400015286,530.0180136601588,519.087412175275,571.5037928964897,517.5779090045991,514.6384850567802,1343.9937255689615,1329.5041104322759,462.96544999411293,0.0,0.0,0.0,0.0,0.0,0.0,0.0,0.0,0.0,0.0,0.0,0.0,0.0,0.0,0.0,0.0,0.0,0.0,0.0,0.0,0.0,0.0,0.0,0.0,0.0,0.0,0.0,0.0,0.0,0.0,642.5544975516195,750.8047661721353,800.798074018263,797.9930946785656,760.8371668088228,808.4864726915168,839.045684964523,790.5884970317012,798.5022291616675,867.0904369280108,845.7988217141377,0.0,0.0,0.0,10.03382846178388,0.0,0.0,0.0,0.0,0.0,0.0,0.0,0.0,0.0,1124.1102153132733,1218.0526850007436,390.65927853187105,418.1766725103482,453.05760669442196,482.9230096170556,577.6154098922076,607.843910559393,624.8004156817058,631.2842173560955,677.9196317001795,673.4302991269997,601.218431784333,566.7216989253321,629.462511419774,664.7068425769179,656.3742474072532,654.0127164678777,612.6329035555643,583.5041672464092,594.0016148956652,678.0361598829111,741.5095212663572,470.9375980948138,0.0,0.0,0.0,0.0,0.0,0.0,0.0,0.0,0.0,0.0,0.0,778.1814074987371,839.3698986704312,790.330341937926,738.6598453290553,724.0699468620096,743.3794809458492,726.3454386536372,646.4754427841516,626.8788227202656,683.5440458735723,640.9624964794183,652.2405449664504,654.7714334607848,629.0997307877153,669.6267995617461,700.9564073484834,698.8438026466732,660.2953129853448,650.6061732222025,657.6516658083895
2025-06-21,1465.2819451096407,1455.166144279574,1401.9124769017953,1361.8098275428097,1420.09728206107,1405.427296942114,609.8656310928228,551.9710845143524,1326.9886198389509,551.0526982850585,557.7963913044921,509.03355470170425,1334.9285244077355,529.7458114399346,522.2605699426604,517.8050633430261,477.7584873774451,460.2334032172759,476.3556750231601,486.2467448686541,467.96124163862225,511.6228959581253,545.7473915379486,482.1581086610527,483.38949946834276,473.50471649096255,464.23416617555074,476.1949781565288,493.387779307176,501.14173402797996,402.76892417886603,377.8833395947408,819.4970186701528,1209.7583176248834,0.0,0.0,0.0,0.0,0.0,0.0,0.0,0.0,0.0,0.0,0.0,0.0,0.0,0.0,0.0,0.0,0.0,0.0,0.0,0.0,0.0,0.0,0.0,0.0,0.0,0.0,0.0,0.0,0.0,0.0,0.0,0.0,0.0,0.0,0.0,0.0,0.0,0.0,0.0,0.0,0.0,717.4210343964173,0.0,0.0,0.0,0.0,0.0,0.0,0.0,0.0,0.0,0.0,0.0,0.0,0.0,104.06662607962647,142.23574777704354,171.09245627217672,217.53897462590825,228.01064967410775,263.62593322387653,348.1227734989326,374.7258028079129,350.450567690251,330.2816266183805,408.8140493200178,414.59801335743555,369.03399964507145,426.6899691481475,518.1345928733554,505.4032349243697,509.1704883972752,487.99381114965155,496.5474966475979,0.0,554.3169874844143,497.4561430359471,646.08619293783,0.0,0.0,0.0,0.0,0.0,0.0,0.0,0.0,0.0,0.0,0.0,0.0,727.0120251831358,725.1474796184399,697.2054809337201,636.9106139110879,617.1492202064595,649.9068366880762,691.889708338822,683.8630122424045,588.0556437148825,591.8328434553225,581.1458299497045,661.9710072924255,681.2977879565301,626.1572704623044,582.5145898936905,586.8079743515515,607.3736972323019,602.234610448501,677.4329212657618,748.9974949813101
2025-06-22,1590.7289374276286,1567.2871362383705,1517.76637518397,1509.6107817958548,1519.3052956514323,1507.4415583846312,1365.2315872668494,1498.286559276385,1449.4515997131834,677.5727313097112,717.027151994153,1455.665066579985,1462.3812732514239,643.7438010724309,715.3041112428335,679.1184780468224,611.6776052865546,609.2061914612278,601.7114364572593,633.3112196259658,607.7188297178259,614.4414065929187,632.9523757142874,614.3422396580546,615.550936041185,617.0158977279348,604.3755728752419,603.2905371333721,587.971909744686,646.6557007874604,580.1492413411942,559.8389625493738,1340.152062084333,1293.4988646869651,522.1001971846293,0.0,0.0,0.0,0.0,0.0,327.1685057566815,436.1308526436367,405.35134150212036,319.0110044347584,244.81395382213483,255.0876885267994,0.0,0.0,0.0,0.0,0.0,0.0,0.0,0.0,0.0,0.0,0.0,0.0,0.0,0.0,0.0,0.0,0.0,0.0,38.194039040481904,927.7522933277576,956.2455425122749,1010.6545298577543,1022.4654323781667,1008.0424731801601,953.4908340211705,887.1573595990088,889.491677626716,947.8279696308456,1025.4920648590357,1014.1164784293741,1016.5645285975257,178.82437612849225,244.68709552671453,255.1737645886878,244.1684284442212,284.86163604463417,0.0,0.0,0.0,0.0,0.0,0.0,0.0,1232.2809500424396,1241.0388348014753,1257.9863063643973,957.6036428586953,516.8934222128386,627.1000172992909,737.573563108924,786.6039219368702,779.9157976656525,749.377694740784,773.9887048246997,846.9935333898505,890.1656253403569,921.326182439491,911.5214328501347,984.2673430001795,988.7941493797243,939.7899625484458,713.0426039805454,668.5820458205661,748.4249674955219,897.3852115275336,908.5425643761731,886.3666504141826,41.0733578726539,73.47633874424696,65.53727935636823,24.448536218419235,45.50104876798639,78.52306906885951,85.19789799682212,72.38308248004842,604.3566009970282,94.491576650816,70.13252356255828,900.1741103126161,931.1501646652774,937.5775259210302,907.7516947566014,882.9865642595154,905.3221807851528,922.8991266957015,712.1104243501345,699.2663881684537,700.8182563106026,706.1703138957158,755.1771891131674,768.0388795746748,729.023701721554,747.2574422063493,782.3438258634585,768.438057477888,711.4183516034723,744.0818014830087,750.5632810122981
2025-06-23,1579.1690701238213,1549.3830284918577,1521.7052045103528,1531.3357759627158,1539.5721107079207,1487.7644033219103,1347.274395548543,1514.6992528575088,1472.7348603089952,685.5504378014724,639.0647565948017,1462.2699809700293,1474.5028389000754,662.0951587923727,625.2333690632556,625.3774552784778,625.8546911471482,621.6409912529559,609.2942477790252,617.1497739614715,594.4732988094679,618.0510609429398,648.9374954629327,625.8508215595659,640.3580810927543,627.1342558327591,591.2581943245498,606.8336869202379,593.7131043100659,599.5779856069487,581.6269559330549,567.2643505155844,1367.5409501582767,1345.2299835649085,543.371429489222,0.0,0.0,0.0,0.0,0.0,481.2590511576144,462.2422907915339,470.00627144218134,445.254688979701,344.5996250587519,1127.102250682266,359.36944391798806,0.0,0.0,0.0,0.0,0.0,0.0,0.0,0.0,0.0,0.0,0.0,0.0,0.0,0.0,0.0,0.0,0.0,91.4216645782369,960.8699746097374,1011.6042293395531,1040.1607335885617,1042.3401173348384,1102.95716231211,892.1300503381419,947.9860234969723,918.7380701855602,946.0848766769171,999.0405644677633,921.7102585128156,1103.3939351269546,283.5854538457464,223.60822305317694,188.48884545315363,185.7654486934002,285.8789358365331,253.38172560805828,0.0,0.0,0.0,0.0,0.0,0.0,1417.6549309024913,1424.2712496531624,1483.509025314037,1496.1018678598327,635.209206581858,664.3802068848927,722.2242756475291,808.6645634153062,788.7876812235727,777.8953035541513,860.519471166687,870.730174145779,845.0433446127371,904.051497241375,976.3725949772092,998.8712875170613,1001.0342907548254,931.7207725717818,726.2450335047511,712.0616445909421,799.5879637642927,909.6989368831725,916.3359273471322,890.4004269113525,42.28775966843443,79.19488579936137,79.97746163151851,41.0405833710563,53.62087297779624,77.40346290936168,73.68465315994558,69.28582556439244,606.4125235209985,97.87323018843267,79.52275717650377,917.5983517177738,955.3159636944343,960.7432925893237,919.4383699728885,898.8831326754005,907.9059062076499,909.5651732826152,697.8816238037908,676.781257274674,666.1215768060612,663.01204221688,744.5657545908127,711.160367915523,730.0384527125184,760.2740397491457,651.2965953620205,645.0462253918103,692.1262630888903,750.1178851328666,745.4071009491694
2025-06-24,1569.9136838475047,1557.4396942839942,1544.6638896384256,1508.2458093737037,1563.7431771032702,1559.3385135859153,1380.2360373456813,1512.6940463300866,1469.9463048482385,662.0378927465824,691.854727456113,1519.6607953178122,1447.345008847689,639.9186575223537,684.1430817312917,608.2728434480881,620.4315819559672,645.5208999743122,613.6418264994181,616.2656804270925,626.7002578338437,618.677453801343,627.9265939888727,618.3472187995859,596.7500332475141,599.9513513706235,609.5322011778735,605.7430818848684,594.2750744135395,600.9455446854886,585.1776601746412,551.1638569768056,1363.7186105042429,1310.5896346517961,522.2857183094593,0.0,0.0,0.0,0.0,0.0,476.6298589510363,426.443645378602,442.4127423919594,413.4449083333931,259.83204946042537,992.8729608251302,0.0,0.0,0.0,0.0,0.0,0.0,0.0,0.0,0.0,0.0,0.0,0.0,0.0,0.0,0.0,0.0,0.0,0.0,96.89291521039112,924.6203046164703,989.956898578056,1050.3927325707084,1137.4717053466818,1174.7684603798539,1112.754978337584,962.9284068463356,873.5946006489385,896.9833344498201,1033.617570197448,1021.9420422526575,1067.7942233203723,303.4614169854984,295.10044309171917,254.28099213270895,315.0720865254866,418.16466460826695,39.19422900826589,0.0,0.0,0.0,0.0,0.0,0.0,1266.51332528108,1356.860350297664,1394.4342019001442,1463.3743530334423,605.8082306264607,650.4191064502786,767.3250915611441,795.9644915417466,773.7533947020352,790.8167862539435,836.3352522918894,884.5961929341187,891.4742392359036,899.644511324553,905.2336136667763,967.3856564954523,1015.4700986749403,933.801123132791,715.7142454419712,701.2441572843718,790.2056280089412,830.9976257088089,904.4240403066278,899.1576711472446,67.38573830912935,91.60757589977447,94.92245146897415,61.164018011985036,66.80909786267807,84.04655382991803,86.14072137129654,88.57409080554953,625.9101524982887,109.10346377418557,93.26449140749548,921.7733574981244,951.396743871308,962.0857334823401,931.160596063752,896.6817800553561,906.588172208994,914.4651902238071,725.2230013880711,717.681122337629,699.2801329593593,715.8734555525785,771.8356585513102,767.6781780595156,697.4751877029868,770.6128309888231,729.5406365391918,765.2074165525511,707.785173806129,743.2117398813476,738.9411272940678
2025-06-25,1557.39516209055,1550.7103393373882,1544.842192187852,1472.720157486429,1502.9628546034564,1486.5068130289962,1368.6571398035303,1522.4036229665924,1483.2766897125546,662.0291071199554,680.0955117096162,1534.2198205402588,1483.0412366762434,649.0842588981077,618.5188455780606,652.7732589448897,617.1817490313358,627.6799392968741,616.1630013720946,630.1541419404041,611.8007755525064,622.9917863831561,630.464757277036,616.5399054188057,600.0938761556251,599.0568612667755,603.8522205367133,615.4660622987285,616.9820480231841,606.7181876008382,572.7060649647372,551.493991445738,1378.7828950466278,1310.7917441789732,501.79000852769684,0.0,0.0,8.001183938523013,0.0,553.2453927176343,547.4354641612056,549.2172421320805,504.5532532023078,470.1693754530823,415.29435419481837,1173.9143918387972,507.6426462918621,0.0,0.0,0.0,0.0,0.0,0.0,0.0,0.0,0.0,0.0,0.0,0.0,0.0,0.0,0.0,0.0,0.0,102.41135980594025,954.2837416281006,995.4810852064395,1055.4193262715487,1067.5128482423854,1065.5166332264666,1041.369552371254,994.8179377949658,942.1336205481095,956.9327062134053,1006.3656544620801,1011.6361625809934,1021.221831814169,234.51568200224204,173.6950853595938,184.0691829722385,203.79617382424908,263.9635232654501,0.0,0.0,0.0,0.0,0.0,0.0,0.0,1299.1410845393623,1313.2138529260126,1439.2532138131946,977.7375260816724,624.3379403971123,677.1847501157896,753.3597535400938,846.67172014217,836.3660804682162,818.7840209893947,874.3308688182202,893.3673406285623,900.4379903036075,914.1499639357999,980.4919782088205,1022.3100520899077,1028.1598831294789,959.9461318689872,750.1511426308493,745.4573243846498,791.245505855311,891.9043775029171,922.9751356798936,916.7823534023591,74.61206055932405,96.28630340209713,83.57991934615222,72.26924902888607,72.09985374682788,102.69331938135451,107.79668733969845,103.95067275919882,643.5136562875675,124.4391880711919,105.72248627209399,928.7559499657435,960.3099475057315,976.640448034408,953.4291436459696,905.1080146952389,921.4037637326796,936.7309574790644,721.0808831942535,662.7256053481708,711.4322454528547,739.5078833655251,792.3633316920208,788.2204780899518,729.9901862397529,759.6015816064642,694.651941577997,745.919749097983,734.8608529013458,747.1797449471806,777.0381186382174
2025-06-26,1585.7335650264008,1494.6558588877413,1496.2572622866792,1534.8638087612321,1556.2112704751025,1453.6468766411149,1366.9626892900892,1512.6268442864814,1453.6706616847537,642.411025953999,615.2142449058701,1470.8341941808276,1461.473037781364,646.423987233579,648.2194636129963,613.7873139628084,635.7531979991755,614.9871033136592,620.7335562123213,635.5860101262557,619.9478373111997,613.9166192185148,614.1524358409318,609.3411478359521,601.164762636266,599.4859665971663,619.4580130303992,603.4844899298001,594.0334985587574,625.2670411661763,574.4819357363054,545.1168260507609,1355.5175829606133,1312.0166808133476,523.9355711192247,0.0,0.0,0.0,0.0,0.0,481.45369131001655,448.75401643522173,451.0120680226809,437.7106254408131,331.23791218904717,1103.6163738162768,283.95690502544466,0.0,0.0,0.0,0.0,0.0,0.0,0.0,0.0,0.0,0.0,0.0,0.0,0.0,0.0,0.0,0.0,0.0,84.60239550025035,944.2378635586567,948.6918116304731,994.4586467890699,1090.4128391068257,1094.645748795441,1067.5194323582095,921.5890102097324,799.699085322986,797.8658484337518,895.6175681058096,879.78839904795,886.3235866494076,75.06650124021382,101.1344154965002,103.58524303025128,76.87871397243838,171.22508454415137,0.0,0.0,0.0,0.0,0.0,0.0,0.0,1312.5760297429056,1354.9693717761947,1405.6544193658979,772.9131008164887,612.6827431548878,661.9120197866633,789.6798941938773,853.4973918904778,820.7585954505021,765.5982770181895,833.1406110730005,853.1858750991319,830.0474358921842,879.7040701140212,974.7067820185044,1013.4273944880152,1024.3637713893606,959.743055970692,682.6815444620208,700.7669226084706,840.7976818914168,908.0918838237527,932.6893416292172,912.7487399198433,54.53202696388837,108.25906646708756,96.73424644102602,53.40875050929117,64.86481926833358,90.02325491523038,85.96824579747909,90.28936326851874,626.2223610880962,97.28121643393604,82.30412025499481,920.8829255154795,954.9526468504857,957.0257061982431,922.7427838335602,894.2526159253397,918.182412559569,918.0559371696326,692.9908559992643,644.2636425413311,677.0935876080347,709.4570559155683,710.7766941850349,725.6005362582752,737.6620891357345,755.2958533460037,697.7768939461434,713.8662168003489,702.1651732337298,682.3242774687466,642.4928531527821
2025-06-27,1437.24955352224,1387.6621142199942,1316.959443198957,1383.9311134852178,1334.5161344297842,1296.744148180899,574.3872954626175,577.500984803661,1358.019805829757,564.9433952871813,565.3587797824534,468.4715933553323,1214.8915248024632,500.494598645839,526.5791844704976,459.7800741454818,480.544814697938,473.635775943202,489.2008246129446,466.64543644784567,455.5429583167167,465.135031895267,489.1343032699968,468.27428425034134,460.09024829525754,456.5826805179231,464.52033580754016,446.83412892738704,484.3577384653252,504.19490343863384,444.1267161014858,405.1702816655991,405.66000568951597,1213.3173479737507,0.0,0.0,0.0,0.0,0.0,0.0,0.0,0.0,0.0,0.0,0.0,0.0,0.0,0.0,0.0,0.0,0.0,0.0,0.0,0.0,0.0,0.0,0.0,0.0,0.0,0.0,0.0,0.0,0.0,0.0,0.0,0.0,0.0,0.0,0.0,0.0,0.0,0.0,0.0,0.0,0.0,531.7787661641656,0.0,0.0,0.0,0.0,0.0,0.0,0.0,0.0,0.0,0.0,0.0,0.0,0.0,22.26512178247657,122.10194040042731,140.1052699254649,128.4425298475574,116.27893569972255,195.09776172481077,324.17054602911145,369.31033254532593,374.5865478718433,355.30140033734165,464.0600052297573,500.28828997395175,373.7088030981238,411.57312127554343,448.67831536617444,517.4713850348786,519.0662553237441,478.42193295345936,473.78199490129,0.0,518.2118834929117,359.41814182818473,620.4476892415237,0.0,0.0,0.0,0.0,0.0,0.0,0.0,0.0,0.0,0.0,0.0,0.0,678.3834877968254,734.2745066400223,706.4616966564138,677.4509218167068,652.8560109991763,668.1742371428642,691.296141680361,635.2182903455484,528.2962845333662,573.7639286393477,557.785138098946,591.7304520292855,593.41063800895,585.2792701311805,595.0857685546781,553.9333738342214,640.0386192031403,586.9570946921957,579.9015631671867,598.9703725497998
2025-06-28,1410.8975662169987,1444.6834676239628,1413.6068520676695,1359.4088874737674,1332.1240701971863,636.752025692488,547.8620355528451,529.8882159334702,1354.9252831686185,540.8836363555142,544.9455229945225,486.63699790066926,524.8512551880291,530.1783315176525,526.9954310905462,459.7300335143181,467.52713510310946,467.7354616969471,478.85552924663386,480.855778450637,471.33023400696493,470.5673336983177,472.51652929818397,487.6277594479049,463.704950063104,465.11798291280974,455.8761425458025,467.8587464856013,447.79460196743025,455.4293959743341,413.1631195976063,379.8335611912065,354.92744188540394,1186.5706842569662,0.0,0.0,0.0,0.0,0.0,0.0,0.0,0.0,0.0,0.0,0.0,0.0,0.0,0.0,0.0,0.0,0.0,0.0,0.0,0.0,0.0,0.0,0.0,0.0,0.0,0.0,0.0,0.0,0.0,0.0,0.0,0.0,0.0,0.0,0.0,0.0,0.0,0.0,0.0,0.0,0.0,501.88492567500515,0.0,0.0,0.0,0.0,0.0,0.0,0.0,0.0,0.0,0.0,0.0,0.0,0.0,38.94811616993643,83.33744609980954,63.61178228934663,107.72704120519418,101.50522358014722,207.5604938243523,296.2655402273727,358.30462283576134,350.81383673575033,313.6608613734762,367.686418024175,353.1221003709944,280.0749784430821,324.5421981518629,432.44218135169683,505.15071599626873,485.8246844686709,461.7048524099639,483.9659219405149,0.0,512.1549612716652,306.55915700207726,611.811379622074,0.0,0.0,0.0,0.0,0.0,0.0,0.0,0.0,0.0,0.0,0.0,0.0,664.80945823657,660.2270936856279,652.8333269585864,642.477903717815,644.9099963542444,643.6162613357809,654.8500814651985,619.7389081925835,597.6426307316124,589.5086558725246,588.5979018830021,620.4036535472911,603.9639335050074,604.5456187743334,534.4305472206681,520.9802016536361,581.1856835167999,572.8804186663962,615.1134030883417,691.6222974224744
2025-06-29,1637.5952628124087,1529.9127783997724,1509.542334139441,1515.574432984836,1542.3926801091784,1560.6231117500347,1359.6596165801584,1535.7300385528667,1490.990054133731,663.1092791244208,689.8023213352977,1519.4534066899882,1463.2156478228565,631.0943576398838,627.3064399871029,625.187442180152,641.8172596200833,605.567662520828,618.2260286015762,616.5844862100141,597.1145635398376,608.969568493738,618.7508729444411,592.5355825427938,595.8007302711678,604.6842955238169,575.8855011474204,577.7173952905317,588.0505702097352,596.130434876283,568.6192323122807,556.0444024731522,1350.4880881387721,1294.5395971899898,505.52158634077335,0.0,0.0,0.0,0.0,0.0,402.7963109914396,396.5198104375435,417.8536683831289,311.8285474507193,269.73480870334674,228.80796429081045,0.0,0.0,0.0,0.0,0.0,0.0,0.0,0.0,0.0,0.0,0.0,0.0,0.0,0.0,0.0,0.0,0.0,0.0,59.74130662046641,954.953623408462,1002.9089312428553,1049.962802516904,1099.020698109943,1071.2830394920636,1059.5125660147946,1015.7022039886172,950.449400414899,956.5341473243234,1023.5697182222101,1059.780223406691,1067.773002146481,270.6668300081909,317.2130651269125,251.7960201660968,219.25595318147109,294.6717003837089,92.19346178584635,0.0,0.0,0.0,0.0,0.0,0.0,1349.8583469742607,1253.8962629889913,1253.9890401529592,1419.0000797392113,586.7663143914662,622.3496276777161,682.5897890103373,735.2380177109101,754.7135824049702,751.1382433538597,814.842190385734,854.8966022712625,902.2795379353215,908.193960356482,973.5276203862061,1026.149587425451,1012.2497126949892,960.5074738870959,683.8086827947224,646.4521994043323,795.8493853205044,864.1920036922786,894.3205390969115,877.0504605935118,51.69754488384149,83.59868424285594,75.82294685755778,66.8884139989375,68.7877880881922,95.38562406209269,71.33095835557037,60.376138159717584,604.666132456063,91.31024268797898,71.83703330200012,913.5374614996268,956.2098552688793,947.9647242554345,907.6259246116516,888.0656454492427,897.7124450294991,922.5838610709769,693.2277398420187,674.0544042233188,747.1014394618128,714.5844811107621,762.9416548630895,760.1902476817364,720.2734615942264,783.4181528105801,743.8536693571361,762.6733681620165,775.1736055607698,772.7797911064425,746.6335848079827
2025-06-30,1576.7402062667784,1533.1319012473716,1514.4182610282035,1502.5129506088138,1497.8043173502865,1497.924100021409,1375.1762840740798,1522.1039450715957,1460.6678433565944,682.3399382989194,612.6332694354245,1488.692217226337,1424.1194817233168,650.7636263410312,635.8959685840698,628.9410502850861,609.5823086663722,619.672644561801,603.8697710846033,627.5490319316328,621.1497719329424,607.3133903096309,622.9060665715702,625.5500234347085,607.7901288368664,609.1774263318935,613.1714493838408,609.2103417844232,585.0309764374517,594.634898657058,558.0725919930046,532.5360951490542,1370.2081014085602,1292.5264241830407,499.1692079273791,0.0,0.0,0.0,0.0,0.0,475.4213785107155,442.4485368618487,379.36106881300134,330.70670790392165,278.57881793857075,550.7492698299477,0.0,0.0,0.0,0.0,0.0,0.0,0.0,0.0,0.0,0.0,0.0,0.0,0.0,0.0,0.0,0.0,0.0,0.0,19.38921366083785,866.2803254609005,877.2460798532131,959.9627617211738,1078.993004499806,1037.4497669399016,969.8698013508565,949.6865863658717,917.2305767162201,934.4154393533295,999.6966310171888,1002.7732911515493,1001.4654614076749,192.82042193351276,225.16003126488638,228.0390255035117,238.2651797693825,281.75426560306823,0.0,0.0,0.0,0.0,0.0,0.0,0.0,1284.9958070778387,1379.6191462976326,1406.9422098403302,1425.373751700251,606.4035971878287,624.5701183738864,683.3879951043072,720.9652408210067,777.8811239799987,810.1134160776085,891.3585971091982,911.1171568094414,897.6419833165662,947.8186395643066,984.6787676348404,1021.6940239493878,1034.8170110659023,973.677262160361,762.2770820980296,737.9268969980932,871.2853351600392,931.4785836466245,932.888208743067,901.4454378430162,56.89032889466455,94.4897675111215,92.77231352400065,55.9280663156826,72.1605060752945,103.9228949569208,92.79059213598225,84.70184197192714,636.0695256679717,138.71610594157244,98.9690546690855,923.7630677587815,956.1449916899522,942.3953739370905,913.9625919599017,903.1892227858411,912.6960571204338,931.7772764430938,741.6090062058342,749.4652803117958,759.4571597316885,714.4691494445384,812.1123756973537,822.2421189091012,718.8721730260288,805.970958786125,760.4726204687792,747.9927945684286,731.1146128666627,739.4390137790251,710.1354853724852
2025-07-01,1578.0289503020185,1551.299644429418,1484.7077706237956,1488.4570345208447,1539.2841657527429,1539.0767437477007,1378.9992722998584,1521.6511791081823,1557.4382344020614,702.5455513325219,719.1405408314117,1550.8251141574815,1461.550858736859,632.3690800562872,612.1744176217337,600.067014241838,618.9183695242457,645.3428486846908,620.9401884995935,626.5872701229173,619.3237819062424,597.6731680358167,613.6960038172233,599.1058611122976,589.1227757565252,593.5938186659404,599.2800643647117,615.0524208000519,586.5739163846993,599.8660519663653,573.8111982512062,550.2263472351558,1353.279617861479,1284.6263072139757,536.3270673352151,0.0,0.0,599.7848713450644,513.2010952909964,521.9830130096894,499.77294148054625,482.67901042684645,476.2214424224176,467.8607222629199,380.16192268227536,1141.0693813525847,491.1103084735236,0.0,0.0,0.0,0.0,0.0,0.0,0.0,0.0,0.0,0.0,0.0,0.0,0.0,0.0,0.0,0.0,0.0,201.783464483895,1072.450047353989,1116.0121318171934,1108.553988906799,1119.8218075805316,1109.877427602583,1049.342057224727,992.122998626046,941.9402315788672,1035.4928771147906,1087.8677285243855,1056.0407763071494,994.8943156683471,198.35044930105806,209.3910545218181,271.11912440407724,290.0623617129198,375.2216870335206,101.62191197934135,0.0,0.0,0.0,0.0,0.0,0.0,1314.1181604674705,1364.2406450759424,1398.1157353047797,1483.4703442766374,636.0970453988771,667.5039661136946,733.4689650609603,757.9904000258359,786.23291832958,770.1447947612135,792.990387415246,830.7098846594332,859.2126725141965,928.9851135370072,980.4613122422734,1019.4664658692624,1013.4261343864534,957.5493267216851,781.2222604895169,756.8297910862141,838.3399766402232,881.9700888110435,898.2499040487928,889.0971289512665,71.67443968787245,89.24247412283466,74.381452941416,72.50743176962249,51.850667233023614,66.74734322302822,60.444147494718095,60.45500746951916,591.7151885641938,70.3132280010476,73.7986319230688,926.5621982674144,949.4784142568213,946.6765891164538,907.2262324316735,922.9545171982625,903.8695740414076,913.6411146658543,733.1712513540238,737.0495122099386,737.8897330621858,667.2471868555419,742.9052178564417,757.2178422501288,747.854956652708,802.9474774996944,752.3592938871543,744.8986792414704,693.4668610715102,725.4833858336902,786.279311055242
2025-07-02,1619.3357135185042,1540.937446576825,1540.4312533726356,1533.734674811215,1572.841103247616,1525.1072951065235,1351.9828755723834,1514.6884210120302,1517.792322435588,699.0433438994341,668.0615036714872,1486.012373386277,1505.848936689847,672.7410903993613,651.9521612159325,654.7242357180153,670.0991019305933,656.6519137910034,659.6721835376775,656.137311860577,637.2775152753716,648.0597045818844,657.0181493958063,641.0598717424191,636.415184179724,639.2103762581401,638.1539827624083,643.2207048973992,625.6639942334123,651.5203030528382,604.351705098907,579.0228654171432,1377.4638898916282,1309.7509971127015,518.2312075301741,0.0,0.0,607.8797360261929,17.23003406135888,557.3491980964927,517.2815299658159,507.0609298865081,448.08031762263624,432.3546298519794,350.2235148111563,1153.3971431684333,473.94381044852474,0.0,0.0,0.0,0.0,0.0,0.0,0.0,0.0,0.0,0.0,0.0,0.0,0.0,0.0,0.0,0.0,0.0,167.6039065474729,1018.7837337160954,1111.9166684947604,1175.0504219070808,1189.8644428034097,946.6675758195603,927.6295752361394,1126.1432881947967,1060.1900991666523,954.4180992544291,1074.7768826256595,935.4229275060541,1023.285801535899,237.86499426429162,205.2038287929048,187.72321922732652,183.10515424347142,244.79560025616095,281.65013025976566,0.0,0.0,0.0,0.0,0.0,0.0,1364.1153641337364,1395.7986831599828,1429.6509590098403,1498.6514371172539,853.9329733343316,729.9660636230217,802.7567947742899,819.1920592962223,828.3260102274668,798.1559722417943,822.8014869415831,879.796684386648,953.6434100417615,974.3776213178214,1031.0645515140302,1039.8234932225769,1015.6831183336888,988.4510476890473,773.4479402936233,770.0835794653316,866.1317896778538,916.137267775604,917.6391690717,891.5545604116135,63.58704980775235,102.7187771105738,96.45946782142789,48.66894255333057,62.229590411499885,105.1723415019593,105.90878082322513,64.92560239454338,598.8525083133472,113.67987354251466,101.43883015137556,932.7732997990319,957.9444514406986,948.4685189512466,913.1821255033134,887.3272415884235,904.389980769966,930.8979198377277,763.5966620945555,729.4186407388337,726.3590384500711,729.9305760328773,773.4761824575074,791.3387163633262,783.4123499121714,812.6378977539999,732.0847900618722,739.6085378155358,728.8022900525858,770.4879506697756,789.117158831783
2025-07-03,1615.6698034826318,1603.2604174810326,1521.7454418906896,1548.5437376725765,1533.6057020269798,1506.182839555695,1360.6720187022895,1514.6180488021487,1516.3381894632648,718.6482331832783,719.4960799102319,1524.6097486970446,1498.6638635927811,637.8025792042171,670.1102122986526,650.6002423667832,659.1632302894677,684.1756735563126,670.4441109554751,666.3411145278105,643.777066743212,630.1121168612049,627.1305898327421,629.1898086821496,634.087491694546,656.2683446143493,633.5347858306974,629.833851861333,613.1330482713137,619.6825117415627,591.5683969762647,576.1219526318704,1401.0429233469533,1332.1635477809316,539.6082459774415,0.0,0.0,535.3932535733275,0.0,538.3969177107589,496.2231403862655,488.5096352846939,409.03646648221405,396.08501332807543,370.9128651855612,1104.6726498864164,458.47888762223755,0.0,0.0,0.0,0.0,0.0,0.0,0.0,0.0,0.0,0.0,0.0,0.0,0.0,0.0,0.0,0.0,0.0,29.522351455261504,917.2808554612363,869.852631897099,831.5890957361057,868.9917550861795,918.4396608622367,878.0911644090805,871.2400209344538,911.7555000083848,928.8746131790703,931.0407619700111,932.2653111609094,913.4052021679272,191.74167503380698,184.2335708491087,182.05482811545795,141.9645982244084,233.21709089374775,0.0,0.0,0.0,0.0,0.0,0.0,0.0,1346.932246405474,1285.6821104158812,1313.7557822368926,1291.8336997840233,604.4878585438732,668.2325300312052,745.5339662884832,757.1617244471536,723.8619649334455,777.1906564020906,850.5059666912505,918.5992814523046,932.098983064092,966.1235350858439,1007.6847531578205,1019.9914097788641,1003.4465245737064,967.7189278482757,755.9262330828044,748.4238623153198,889.0342253917757,923.0299843942704,913.1578646573273,911.7586145338169,83.97562954558771,91.31730135592909,65.51012866878966,43.96075164448132,59.77411630947074,94.7092959173666,82.17327564212769,58.10366619071124,598.7381330381147,106.0014303523269,90.94477421569877,922.7540190954676,942.3803487894785,924.2571530672244,904.8594031346646,903.7075312415201,896.3003494167452,935.9267494039037,800.2328100014574,728.3567194753974,779.493042300325,768.6268887846704,794.9663089527146,796.4198573549348,775.8084538328927,796.9491054626552,756.4622279918127,749.7402896537792,791.84240744701,750.9548338948396,652.4866187677454
2025-07-04,1423.3975473284677,1441.4303910814958,1364.5041349846065,1374.8883186248422,1389.6135720521245,1359.1109767397693,1196.8698716546216,1347.579598615599,1371.2041005881028,508.690510304401,501.0802216472303,1358.1770787455457,1340.0413394091831,506.7294720400404,521.0885949327381,499.19151881684087,497.1933177634321,501.40257073990585,490.9310173954335,495.02512933707044,504.88708146469924,492.9185474792053,511.2451931332437,501.27550948041886,498.5460023381816,510.3193663123956,501.98464614682473,493.25432486785155,484.9622296888021,490.25952010600463,463.569795567127,443.6680972029809,1252.0965462291165,1245.4812261660995,0.0,0.0,0.0,0.0,0.0,0.0,0.0,0.0,0.0,0.0,0.0,0.0,0.0,0.0,0.0,0.0,0.0,0.0,0.0,0.0,0.0,0.0,0.0,0.0,0.0,0.0,0.0,0.0,0.0,0.0,0.0,0.0,0.0,0.0,0.0,0.0,0.0,73.92467477021225,616.7292612326106,0.0,0.0,580.9494680929732,131.84416767842924,62.06104547708202,21.854912421089807,87.51709789739238,269.60852688357534,318.4251895307993,0.0,0.0,0.0,0.0,0.0,0.0,0.0,963.9872554454379,970.1239714777295,279.51587819452357,318.311274690259,320.72726980585634,348.2206662582339,378.4404251551257,401.0107475358433,455.47442699611946,455.79554251720367,474.81007313470684,499.30459790043807,498.11217078908743,421.0154719650186,398.6432461399368,421.8854887763404,482.45067032156635,538.4056394530223,562.1192089250706,138.6257858965351,566.9048501146591,625.2164429785228,586.746850775195,0.0,0.0,0.0,0.0,0.0,0.0,0.0,0.0,0.0,0.0,0.0,0.0,697.5792005547844,709.3919537724003,642.3403279646576,717.6826350231953,759.1951345569987,689.9567973768981,650.8497353033326,569.8628326858869,603.8626613251364,593.7762468865424,573.930045207968,609.1726119652878,599.132361206256,598.9081499796844,648.5349504130372,619.9688351627964,588.8436584258855,586.879674221994,592.688734872027,562.0409045132387
2025-07-05,1339.656995220806,1391.7068962251528,1427.7413094280646,1386.0612288020216,1428.7821023453394,1468.8048532388443,530.0535734732138,1267.2001995197295,1365.4481895796507,476.75214192445014,510.81063855027014,552.335338128587,1350.6557292531138,485.6965645953065,492.77572182013864,491.1133220426286,477.07879108704043,516.2350590434345,494.4869213542861,505.1627834778118,493.7475821818927,495.497631270739,499.9343355339841,498.25074459862606,481.397458298506,464.856881753478,461.24709333803014,497.49162303702786,525.4282274904303,506.0217182244578,457.34284815712533,433.763806044918,1267.6425149440583,1205.3066237260373,0.0,0.0,0.0,0.0,0.0,0.0,0.0,0.0,0.0,0.0,0.0,0.0,0.0,0.0,0.0,0.0,0.0,0.0,0.0,0.0,0.0,0.0,0.0,0.0,0.0,0.0,0.0,0.0,0.0,0.0,0.0,0.0,0.0,0.0,0.0,0.0,0.0,0.0,0.0,0.0,0.0,428.04342441902986,0.0,0.0,0.0,0.0,0.0,0.0,0.0,0.0,0.0,0.0,0.0,0.0,0.0,42.811874226662496,731.2111231779907,0.0,78.2788516245731,101.86663003581968,151.70920439034109,228.34414143534966,255.42892999559345,294.85514174157424,311.7248482632169,325.307576380641,318.2360225661127,339.045077949036,361.272691426494,388.89615168229193,414.4026855353164,426.93306425914005,458.069764847305,459.7287273086484,552.2652845462709,578.7758749452838,618.6669231443078,630.2743634570409,394.5318149241096,0.0,0.0,0.0,0.0,0.0,0.0,0.0,0.0,0.0,0.0,0.0,765.2355089161505,731.7387461456448,724.9959981982421,701.6008052116413,692.4904253651482,735.4056559443459,727.3206983860042,621.6827677602687,582.2160450413952,564.0043423936818,574.2106200479159,578.8937801656944,581.9517425485056,605.7096711706006,557.0347227825073,581.4247012431,621.234568004045,580.6430221480603,617.270394191802,752.3842181160061
2025-07-06,1637.129111195973,1594.294841197593,1588.4122395447266,1587.743987224756,1545.2094348874223,1554.1886051817423,1372.0533907834742,1512.3010200796762,1526.9926291639886,689.2455262926861,714.8474720181184,1588.372766868071,1508.027220580987,663.0430038780364,737.5918470618071,730.243295685396,677.4115019437401,689.0805085296502,674.8654931582895,662.8252680526986,658.5857285598054,665.6416802045603,658.2267391320207,659.6862831242823,692.8114463075985,687.431802193947,663.4767638534365,670.4148565662181,669.3242707059719,651.4458470355715,627.8041614356316,593.5998885166232,1388.8894885950922,1348.6257939342033,582.5724138227628,0.0,0.0,0.0,0.0,0.0,464.38436161649474,442.52719425706744,452.21764221216245,440.33351622791344,334.096131067727,375.2742627402622,0.0,0.0,0.0,0.0,0.0,0.0,0.0,0.0,0.0,0.0,0.0,0.0,0.0,0.0,0.0,0.0,0.0,0.0,50.17583245688068,933.6321437976476,844.2065222526775,936.7693047809977,906.9794468540283,939.8450852845681,973.621026332715,929.2890274974209,976.909392985358,1055.9924563351353,982.2554168031409,911.3878663946329,1172.711217284367,413.6474843481754,397.62265823051587,418.1614587034283,444.69066722188654,486.5497596045739,57.29929076929665,0.0,0.0,0.0,0.0,0.0,0.0,1242.4519557478327,1216.517914844234,1244.9357170969752,1377.447127498429,589.7711869202963,584.9078671309678,609.2792777657115,682.1406479109373,730.6299207716424,770.9284302388095,722.9435738960514,753.3326367304998,864.8202717145884,924.8199101171567,940.5526762484109,943.9278106809239,966.6559447193767,970.2759307889478,749.1640118894179,767.0196183526677,912.37693053149,964.0598513742311,935.3333559399707,926.5126008725138,107.75143330638264,108.722071057829,113.14707919700925,157.70277835704746,93.60418706324981,87.08020637858215,120.256031633004,109.12173725139917,636.8570915921066,144.6482505461994,138.33929310720646,956.5387254270855,969.1200859989832,941.5895626574257,988.1586036102847,986.1720755502407,923.2491500098213,933.5931125024563,761.6076305811399,710.0014528526023,724.2046229323964,768.1267867385155,780.2709480873037,733.6250783279553,718.595725220632,743.9058035743852,763.8077838198824,770.5121109012417,753.1600614668572,760.8847665802784,757.6321258509093
2025-07-07,1643.568072092974,1635.5781559564284,1628.6704677904872,1635.8225959707947,1659.9917847636848,1691.662765891922,1481.5243580034755,1638.7747071103781,1633.7341669551329,808.715864034652,778.5457829712254,1598.486859898438,1634.9920234044644,821.5513240948995,727.9078133391417,707.1547123067165,753.4881430428846,784.6113103671807,732.3819841457087,745.1610814569269,738.2505629254206,732.633244804283,778.2427499110324,789.7728626368746,802.4538499587042,735.7488079871752,795.7484865808811,808.7795113922613,790.3292132345531,728.3563078071492,727.7000314761937,712.3675317720971,1519.0789405883068,1397.6920374827403,630.9860977665005,0.0,0.0,188.75855709940015,0.0,610.1997245889856,601.0763766241907,548.4712647735871,602.605375640129,526.4026813893129,457.9942880604401,1169.335629431342,395.42001132214375,0.0,0.0,0.0,0.0,0.0,0.0,0.0,0.0,0.0,0.0,0.0,0.0,0.0,0.0,0.0,0.0,0.0,13.723603810959531,807.3461941240547,813.9605156494505,781.7981908871218,813.4273244879242,819.6967174751057,814.6208573665828,785.1480677437174,767.2634996012343,836.0671559547909,813.3094453387088,848.046061602223,873.2827767579001,104.69693052178326,95.0421950659609,134.17693974089613,154.9888367275378,96.34907910040393,0.0,0.0,0.0,0.0,0.0,0.0,0.0,1195.2528388207425,1248.7309985686725,1370.329107943896,1174.0757557564239,585.0476126865929,701.0172956761384,640.8109320375289,763.7670329071977,792.2196683849971,832.6492097920179,902.0644095498708,977.5805155008123,971.1765722845271,1059.7091944347678,1071.2734392485384,1062.151052019948,1095.5178432406706,1076.743048348731,834.9292235900289,854.5752355300516,979.3670355741027,973.9050110418244,938.6869814953179,983.1946620703034,220.8998290247191,181.4206236913601,141.52070046545828,174.3999268457194,208.45913046008923,175.74969110867198,123.50547118919474,179.78834814175048,755.3443831344832,205.65937067703726,182.45687133635806,1018.2197381548435,1022.0703731708163,996.5490456092963,979.2737304996783,997.4825937649642,951.4921931996616,938.6454445756956,806.112118750668,800.6330531843876,863.8240601729497,890.1886705296253,833.5094509646921,848.2751892840155,877.0829913742768,775.3359838450563,772.154898214164,865.4909205551768,854.1913456232464,896.8857890616315,930.2265717741284
2025-07-08,1738.903533637697,1736.8836245957204,1696.304412363612,1695.445496556702,1708.6087998355276,1695.1407075295476,1555.7211065468803,1698.6919393803487,1695.029818449556,874.3397541080708,863.383981442357,1711.6104227178803,1715.600476470146,856.0675947878331,780.2754587709435,791.4207422617417,770.0761250567248,790.1808287823694,773.1678280754669,810.1324724696574,761.0342256796368,757.534976376995,764.9610121463097,757.0228219878168,784.9662525582344,766.9354987616608,796.8669722910132,795.443232831765,807.5614024039405,794.2861543404662,768.2455272355537,751.7915674876656,1537.9261637161244,1487.8013155146623,679.4636867781602,0.0,0.0,630.6564746776941,0.0,629.1618791973777,617.1813293243453,554.984475831525,481.5859153920288,452.79600331656115,418.61302030761317,1117.0226157331172,418.6875643848352,0.0,0.0,0.0,0.0,0.0,0.0,0.0,0.0,0.0,0.0,0.0,0.0,0.0,0.0,0.0,0.0,0.0,61.06354248279932,873.8741122419411,963.2062425106963,908.0706178447663,962.7978813752466,969.9781479166152,887.1777635522822,877.6720194676263,934.2987659393314,867.394895548844,870.6395371157405,861.0171251691464,844.1438659368507,132.69566506255208,143.5414506338475,74.02150763708076,92.23371760401373,94.97579076919214,0.0,0.0,0.0,0.0,0.0,0.0,0.0,1350.7355054191835,1417.3345179488933,1481.2472645263942,1355.1902289401496,647.5301879415783,698.5202836352779,648.8544988513968,828.5009810890563,791.5087883229504,841.3642832458381,961.0083081631802,1030.2710890718097,982.0962843539979,1072.2328417770052,1066.033774923651,1048.4976850947642,1088.2051116323034,1069.3404111535724,882.2932883774198,863.0017619990347,984.5781282449534,1044.9953953019779,1004.2426288186161,1007.0333022029718,224.9009269252531,185.64539490933078,157.08846499728224,186.40353969077967,214.25337911799716,189.85495425435488,158.3465799941332,203.86824760150307,752.1896256280954,194.95597248772492,186.2793799698278,1036.7749329892022,1043.0598106591117,1007.0539278904207,1000.8255521340965,1009.7341533315749,959.9763167412516,982.749454115533,910.9136220750763,918.4260475145413,916.1965745364744,875.7776018130118,911.2142576901342,918.1341146869516,864.3164716793243,863.7412187674254,903.8696552585728,967.9088513467294,921.8153628621102,899.8785715522247,938.420087753265
2025-07-09,1738.5681347724278,1709.7387677238785,1742.7365768651143,1726.5420827300723,1739.0690498139168,1739.3228940780978,1575.7382101161577,1736.3418165747244,1710.0008279153442,868.6828766359909,811.9550300442924,1690.3696765290124,1740.9375931305603,857.4153225091088,728.0170848735627,764.5857833023266,788.5955395898675,766.7067986087992,751.1216526915169,762.5852650082285,728.2843461473684,771.4730277861025,786.9254627651854,760.0518792227446,784.9284854134056,773.3003413790879,777.4490902673185,789.5812021506649,796.6416196762525,771.2230355996755,756.2917421507807,753.1559390542376,1505.1092062018029,1448.3908263421877,673.753239199388,0.0,0.0,440.77359441432105,0.0,622.2632003429177,600.9695036342714,519.0124809465849,498.5669200411555,456.3648815323278,409.08731179910126,1146.0794046993965,364.4555309691139,0.0,0.0,0.0,0.0,0.0,0.0,0.0,0.0,0.0,0.0,0.0,0.0,0.0,0.0,0.0,0.0,0.0,17.157847290432173,853.1551644789774,818.3825025793531,818.2183020961305,853.7522491621527,839.4250170540895,866.558497342248,772.5304848972074,819.0266213280139,828.6808861857745,847.9570895256629,827.9564615512995,895.879498991549,94.65143948447928,99.75949674021662,76.37653462011333,122.69402886997125,134.7191393024518,0.0,0.0,0.0,0.0,0.0,0.0,0.0,1166.6164817981817,1246.8000626528988,1325.3526686499458,813.6703703206049,595.830477010837,639.077679938066,724.6459108392522,763.1096290898539,833.9369343987679,858.2827649958735,918.7397828617953,1008.7972004920784,995.6238887419526,1089.0343899337204,1069.9892777857551,1043.5411936264768,1073.6805131924355,1079.1381389350654,904.9409603707215,916.8788448921971,962.8904231152651,986.7228407518412,965.8691014227003,1013.9786401199999,248.90373328714122,200.0161623073891,145.13623238629123,163.90467936812001,213.3344428630021,189.3704757854032,136.5964940627032,194.62469318909302,757.5784315994213,197.38901013083546,180.8737938137965,1022.7951211154045,1020.8294384180923,983.2153913300872,986.7024465498965,1007.218145141627,951.550318158922,957.1070765302865,885.2519147865263,899.6048233446194,931.7732097225963,932.1716196924227,914.9480496157765,902.675012889531,879.5208188992117,842.6970745814733,881.1999313218198,965.0088293857896,921.0510909560207,911.8094122287704,918.8553278951779
2025-07-10,1736.2137521263126,1735.0906086537964,1759.6737490308208,1761.324828264839,1738.1626799100789,1650.557359625297,1562.7289387677363,1746.3990327507772,1688.8662536980119,872.1293035523069,851.5598702851955,1645.8385186847154,1645.9857363976007,877.6188289514427,827.7713487971408,805.1847474004383,811.4669136802954,824.0876597319611,788.6451916710201,789.0271154053725,760.584902391096,771.5424579075718,780.4857274693045,782.6166889757077,792.2736387299858,755.8005794313144,794.0078639706986,776.0559594801152,756.2548733078389,743.6582203988214,752.9950650518145,755.4651917959394,1541.072876539319,1469.5890633510421,661.1015568548718,0.0,0.0,84.14126364089998,0.0,580.4917070554492,545.8412265763608,510.0815155415563,474.54958752729,483.26114529429606,407.6310872477578,1158.3060200536916,450.14713377483355,0.0,0.0,0.0,0.0,0.0,0.0,0.0,0.0,0.0,0.0,0.0,0.0,0.0,0.0,0.0,0.0,0.0,86.84934729789187,928.7499578424562,870.4030293456484,803.1299469683302,834.6531690677974,902.0301367286547,909.5816502678081,853.2550420982748,880.878857012307,764.0015638785803,751.5671966344103,775.8934138365122,841.6546776831572,160.27666234409654,68.58374811161377,116.88108007313126,135.74787032931883,142.57219538007428,159.7207053793527,0.0,0.0,0.0,0.0,0.0,0.0,1276.6000741681414,1269.620201315542,1364.3637874188062,1382.575944720198,528.2123406609601,649.6354175617287,654.3001747913227,649.4950367704496,755.7131868779039,788.6210277515946,878.4616757131005,997.014343208985,967.0611833734238,1042.6855631911944,1049.615744994664,1033.5087069973029,1078.6245571000352,1097.8074551523214,927.1673377408082,950.8641032039408,1003.5265973348941,1023.7567688870521,994.5668470475781,1023.8794629803983,232.7994680220295,200.5136812413898,162.619129314132,175.6308740598637,229.11985576672737,198.52616484001987,132.62053882467478,194.20802783780664,768.1751702684567,215.46640329886714,200.3947269190826,1035.3129702895205,1026.819206953415,993.2118811375974,1004.755511306299,1030.2576239271539,975.9598884968843,945.352911621036,873.2061649869487,877.36639677656,932.0190186388027,942.8217210421662,891.7568469556843,888.6967906088365,900.1105876999629,849.1613326390055,877.5164456069689,938.4259561903458,956.0584535520916,881.8469666769448,734.3143193366622
2025-07-11,1545.0505064065987,1560.1490861982077,1540.3421320691446,1555.5117746052395,1552.971588653299,1551.1655457539696,693.6623006495921,909.8469432374304,1537.5822504405419,689.2548903731561,666.80487235679,693.5756223775865,1565.5473202998105,733.8730344500813,661.4841810786663,673.8370158405894,670.8173324774928,668.0771946918696,661.8041767732991,659.2901532521098,612.4162053028665,641.1904600929728,663.2597296338968,631.7403312350636,642.0036847686856,613.9206853826408,677.4933789606507,667.095322107265,651.5422746509475,611.6169161730502,563.481210872966,552.8961326760735,1367.3341020325447,1338.6792586342617,0.0,0.0,0.0,0.0,0.0,0.0,0.0,0.0,0.0,0.0,0.0,0.0,0.0,0.0,0.0,0.0,0.0,0.0,0.0,0.0,0.0,0.0,0.0,0.0,0.0,0.0,0.0,0.0,0.0,0.0,0.0,0.0,0.0,0.0,0.0,0.0,0.0,0.0,0.0,0.0,0.0,428.7591141890672,0.0,0.0,0.0,0.0,0.0,0.0,0.0,0.0,0.0,0.0,0.0,0.0,0.0,36.3260370660847,424.4424037957525,104.27969864698076,159.0415990236044,225.59543123895864,267.2115940634191,312.62621343600125,345.24537688180953,432.96851697991724,453.14589318523406,537.0171076229711,555.532939081844,453.5809889581102,484.2850159647902,515.2378996802565,610.1120242607182,652.1843220089925,657.6863903428113,644.0642279907576,660.16930040105,689.5264001168263,752.2747966726753,758.8026790004785,803.2343806059857,57.30653315009431,7.017567860117879,0.0,0.0,1.3306061855342932,8.097850272120468,0.0,1.6048555992566662,477.0612481289551,23.65468043759472,27.95784152872909,874.06391324641,868.7666422082839,789.334402541683,785.9661918869666,837.2619740752939,786.6816371223456,749.5393623592238,688.8467108090637,738.2089351868275,759.1247293174174,742.3920655132049,715.4469265247603,715.2583855317426,711.6923583808573,684.2279607957314,707.7971122596398,781.2538862051928,717.379627029585,709.9928520427497,720.2573190207133
2025-07-12,1487.465525822211,1490.3565805133421,1507.326833281813,658.0227529483877,1400.9552696848948,654.1226451235731,667.9616395569032,662.6538952475254,645.3192415640694,626.4271642717783,588.510102671612,618.2332856945004,653.2528168450314,648.188149187902,601.3468129998879,598.3040818276585,611.7173638923822,625.6372714599079,619.2900153250341,585.0152514648008,552.954593435778,587.5391293241356,620.013388280146,604.6643703629504,598.1314965388328,589.5547844975607,608.7637244732628,604.228650905136,585.5926146760753,581.8507005497474,564.0295877696742,523.4020945101714,484.31557289023186,1297.4331315461059,0.0,0.0,0.0,0.0,0.0,0.0,0.0,0.0,0.0,0.0,0.0,0.0,0.0,0.0,0.0,0.0,0.0,0.0,0.0,0.0,0.0,0.0,0.0,0.0,0.0,0.0,0.0,0.0,0.0,0.0,0.0,0.0,0.0,0.0,0.0,0.0,0.0,0.0,0.0,0.0,0.0,47.81822984300305,0.0,0.0,0.0,0.0,0.0,0.0,0.0,0.0,0.0,0.0,0.0,0.0,0.0,37.31790511538392,199.0584125567736,40.77581714905136,137.33612976682423,155.9994742418936,216.4746570179863,229.91011760190418,285.52498322205395,343.28823730270443,409.38124165442355,367.0705668339732,471.93008544229104,321.28830016373394,440.9525535964549,518.4307408732102,507.100262968296,556.324443877254,588.164267320787,623.949678588031,638.7488959541492,663.737810648587,687.81358455665,632.5640263181929,688.3299824283968,0.0,0.0,0.0,0.0,0.0,0.0,0.0,0.0,6.140051496324759,0.0,0.0,829.3218079839901,782.0648409635544,746.2225313780364,734.1088792434114,738.894880708546,783.6373527836349,752.1867769590596,686.1907292649823,706.1865436667,683.432368442752,648.0691401271977,682.5481100918028,706.5817089114383,677.2408206090447,654.0618070622843,641.2433299926818,723.3921297837394,672.2792145958804,725.4206102834696,893.905689423797
2025-07-13,1701.6525662279303,1712.6276083861426,1700.1264719723524,1712.1948413980767,1690.1911658744443,1659.9300069043848,1496.2606615619893,1690.755984619279,1647.5495817882052,848.9413461563347,844.9041312072096,1635.272865752423,1673.3013571860115,822.7253232281304,791.1817120078504,864.5319860518772,837.1997637115096,762.7419741368195,737.8984641164693,751.4582821301799,745.7366675093721,734.6545688667125,771.6099940496139,774.9822170420649,751.4009424746812,757.1972319050025,785.8986079089728,778.4142650742233,755.0400180449067,714.981121226323,682.6557666851751,660.7948970466765,1470.5834733346596,1439.3994525944368,626.849428531448,0.0,0.0,0.0,0.0,0.0,512.4028739431282,483.01073059348664,460.80785774537094,386.99372235171637,343.3546615847185,1045.6953222941597,207.1067828447214,0.0,0.0,0.0,0.0,0.0,0.0,0.0,0.0,0.0,0.0,0.0,0.0,0.0,0.0,0.0,0.0,0.0,0.0,777.036637257182,828.8501776679419,818.5714897179246,795.1342033994683,765.5900643379268,737.2762726037652,755.3011190263442,735.7774264764242,755.7410406114253,795.48059487977,809.881294724934,833.2405293781597,166.3196638416013,153.89578889916208,140.84948214284532,226.35960813769015,220.25898155623406,8.200202238279298,0.0,0.0,0.0,0.0,0.0,0.0,1243.1539125868396,1262.9319899230206,1313.8863603612576,1449.2170965911284,628.9584516638489,584.2133884903874,626.273989691832,715.1130516496346,781.9819987166908,869.3079256192746,855.1437151644675,962.6439171407234,913.3172139619229,1067.619247869792,1041.1506693656215,1025.6259997399861,1061.059554455406,1067.7037889355863,895.611205384374,875.377435605909,957.471286225164,1000.9823996121531,973.7133719251196,973.0953433766111,179.61294228239774,157.38933316492648,128.07288286004268,153.41812567932675,196.80836920456204,160.85685711974418,96.92324021847958,158.6513943356058,738.1366918787908,188.44686635522714,158.06370500066328,994.5626778141082,1001.488577271238,958.617197451528,959.7916654565086,988.1783539702174,941.0680328109383,949.3230951352576,901.4486681229778,861.0551326735307,912.1126440230727,914.7401504007676,934.9798890377411,896.216015170841,821.4804501876497,789.6522453660881,837.5625722962304,915.1122147334504,882.3710237691807,890.4073279444809,902.0516493145789
2025-07-14,1694.0833958955843,1709.1056059655925,1699.7354749401984,1735.7521088350602,1734.1076281306723,1736.824365232946,1565.4867981929897,1699.3606671645166,1662.5534663353878,886.7021049798026,857.1336549510788,1641.278575760096,1721.5974205909583,871.6224700346392,793.7606927729543,830.2106640797376,838.2690306443227,838.6363934348602,791.676476491022,792.6750678702849,819.1907149871898,778.0503555029268,810.9965146849943,783.3064150918575,789.1604494161845,792.919883415085,793.0387378924949,821.1493620431212,799.211129030571,766.3746342532893,709.5254019170385,716.8086251038708,1519.4957653644922,1482.0198274835511,664.4810321096143,0.0,0.0,0.0,0.0,265.86112543402584,590.0306255142028,579.5288373343722,543.3805910707443,506.4092075100581,407.65143852942714,1118.8434991136592,368.9911554051339,0.0,0.0,0.0,0.0,0.0,0.0,0.0,0.0,0.0,0.0,0.0,0.0,0.0,0.0,0.0,0.0,0.0,31.7519118561262,853.4730715508215,843.7021227559324,853.70868978797,896.3095394484654,948.3072246770727,948.5671516068738,884.1060367333849,822.1342199898821,785.6639347491486,765.6267170282991,848.1588375568466,894.4184601386185,112.00208674294612,96.46553353391667,61.01794980268057,93.62796217201452,143.27730819784162,0.0,0.0,0.0,0.0,0.0,0.0,0.0,1227.576500403767,1254.4085667878662,875.8516890034143,498.5190241012407,648.4149502096984,707.0983424350043,618.5331159165498,757.1893197921827,808.2959088955133,849.7375773938412,828.0639280119086,988.4540231120498,895.7621163664085,1080.2643267183594,1068.7907630519958,1043.4370430003917,1083.2106117609205,1103.6083337217399,925.1043711573473,923.9113517344837,973.6941584736876,1013.4332397958357,969.7488033779475,986.5580901655555,222.433490798707,203.95767609090944,162.32672068441718,165.36230792968854,203.56051839380325,183.3152793716157,137.62902959068128,187.435646826038,748.2426968940154,200.17535348554975,192.29129181524627,1029.4847204201715,1016.8540357544682,973.1606449968353,978.8652394594317,1008.3002909416975,964.3951410263525,933.9837816372439,896.6802238717648,858.5434221413159,910.293747568811,913.3700991841949,935.3441776621795,931.62695045524,881.0336747775884,849.4339859413793,850.1206070803553,897.8404026999359,911.1855658406145,909.5821871590508,929.4517949666304
2025-07-15,1719.6656565783442,1728.6509496678082,1715.143135485774,1741.516001317872,1741.0836705152751,1758.934432692402,1563.1380942518254,1701.5099621185523,1698.3707130047032,874.5301511611044,867.0541026726473,1710.7198497318968,1720.2348874789186,864.0810219567842,803.7191510634004,815.5645135811577,885.8058411644461,889.6375664174046,838.351849311042,803.2153228354042,824.924042099672,789.2680191732386,819.5781815588637,812.3880820275272,761.4744488319195,758.035355378361,812.6437993604081,802.2946707884446,822.4054713641227,830.2956366709014,768.7203823998742,739.7573589234881,1532.5503302321836,1502.5963131328303,674.1652019473781,0.0,0.0,146.3268122934711,0.0,626.481472469008,618.2042163967441,574.1843031581656,488.66204056445105,478.25872850075575,473.30838854113296,1095.7211461523364,386.10649439517186,0.0,0.0,0.0,0.0,0.0,0.0,0.0,0.0,0.0,0.0,0.0,0.0,0.0,0.0,0.0,0.0,0.0,40.49795107518669,878.0597476269293,883.7660716219673,855.8526442097533,866.7233559691301,856.7165613954547,788.1331712723804,766.0419143091651,791.0485319695094,806.1580699644956,757.2270891768737,749.7410891882535,804.6175891499682,48.063206676631324,104.86073705051072,149.02393336677832,150.74711618424453,128.03647130489392,0.0,0.0,0.0,0.0,0.0,0.0,0.0,1326.674789230403,1391.543254211387,1380.8126495302922,880.8037566801697,635.5722044451878,705.4703499004853,673.8506318418863,855.8713821594122,846.192123968697,873.6604697752853,891.7282948236374,1030.2518350049083,942.2000994710692,1093.248533624558,1061.8758739807124,1044.48134245001,1089.8469490054574,1101.8540113841448,972.5344791556885,938.1611875418154,981.0566416870566,1020.6511456223599,986.4932514620651,979.2519594562544,193.98567163767234,181.53773048931703,152.6447873202951,158.05477682092067,195.56124323683844,171.97202690274935,142.9425440065005,174.8285549443674,744.4316437503496,202.2616788609339,189.38576486358068,1022.0226289666996,1014.969290194834,986.597953562658,987.6197102710526,992.9170911458115,959.4397293863658,945.4367840004843,922.351353605688,893.0748085628363,927.7313365331903,926.2369328315073,938.0821630973228,937.3232306487853,897.0855497545085,861.792690537498,899.4414863243875,917.3621199901061,905.1924383497765,895.2887519022588,922.0399319788581
2025-07-16,1673.687328363294,1681.3018149910642,1704.9676432255064,1732.0729561081766,1699.330957686279,1711.0900474720113,1580.477192278499,1742.2841933138907,1715.1422142718188,883.9582721411114,889.2640390381838,1726.8074187482139,1700.3851902000993,846.3123042912596,830.263568830881,867.7854999141508,867.3566704731018,860.2803446895659,815.7240135794553,791.6902289503242,796.8872006075841,806.4988576214741,831.3792188858374,824.5354938433697,796.1453705718142,793.7984424588847,813.4796811823401,839.4232582749668,799.9821535273304,761.3984375009777,731.949194639635,735.8238838847818,1535.6135725807517,1495.960888651241,675.8290755400561,0.0,0.0,0.0,0.0,0.0,400.6638226023546,537.5169359776463,457.65130012337886,412.41146302209444,391.20861471778255,281.4899989322654,0.0,0.0,0.0,0.0,0.0,0.0,0.0,0.0,0.0,0.0,0.0,0.0,0.0,0.0,0.0,0.0,0.0,0.0,20.374631977440625,796.5787998644574,844.6582305542928,867.7177837123266,917.1949658857886,996.6277159666956,970.3104719618641,833.5014490324448,818.5338837737389,832.1800463412193,807.0684968096155,833.3828653580549,864.3430598765198,118.96834831734539,72.6916861970084,80.24452517084613,193.17841986148207,177.50915752705092,0.0,0.0,0.0,0.0,0.0,0.0,0.0,1226.6391125065447,1236.6015003595599,1214.5394576143146,853.5586510717413,596.1091284988064,626.4805455180302,647.5312399346864,776.8564957923701,806.127843305727,866.0995464719706,844.4150735245424,992.4383136789414,904.1910330200374,1086.303223845296,1065.4073292149144,1030.1176966185426,1056.2951995343064,1073.8488389325364,965.7400100849064,935.6231595824574,979.2161746245613,1014.7333074833057,970.0258791922072,982.1869877565044,214.04303924789247,178.9102032601728,132.92478863008296,148.05612146689555,194.99702718499884,175.45235989331798,126.49961045717157,176.51941182806195,728.1714154073131,170.28005480616662,176.65822195774194,1012.4341737726264,998.1817389444105,971.9050158167868,975.564562308838,998.2423272608471,959.7669383306362,968.2684391072667,888.3463442346405,876.9071327523309,920.9460174368276,930.0372540240066,944.772262556515,917.53632368174,886.7939916131367,845.0357124979732,875.094167988945,942.5944511719825,904.6478175419509,896.4937493519958,913.4477778470105
2025-07-17,1706.6500289084865,1724.7607296881445,1694.523066832592,1738.7572768140762,1707.6730715068563,1690.4925583109998,1540.001863836997,1667.5630588892811,1641.5799931219976,847.1753844619992,872.4897868661252,1714.9367845857755,1748.310963619968,915.0989469832439,838.8715977492084,865.6753331335966,894.9026219692018,836.0788469668594,806.1056889019959,818.1397366728306,857.1100102581416,816.3870210624198,806.4859195571615,766.308434156488,790.6070356540017,829.4331367395758,828.227302835612,843.5261607279265,824.443085364917,779.7856831938532,734.0763219948983,721.0257180949999,1533.7951076484017,1503.5153994716277,695.2869138030359,6.61923460223602,0.0,0.0,0.0,0.0,537.2509889673715,489.08846277435566,421.8810427903121,413.56624301670934,422.4354181688271,1116.215055929787,320.33549613299954,0.0,0.0,0.0,0.0,0.0,0.0,0.0,0.0,0.0,0.0,0.0,0.0,0.0,0.0,0.0,0.0,0.0,0.0,787.9766569465403,759.5603422698625,871.0170702100488,824.6142404049901,872.2901616526547,867.0686113165549,787.6925736395507,769.1333366939027,793.4780703261322,868.9756706510948,803.3107411649596,812.6645764407848,14.545000342363124,47.422995236799316,42.405088187183715,52.18877064074256,75.2722393208095,0.0,0.0,0.0,0.0,0.0,0.0,0.0,1278.8252047165693,1308.8025988050288,1280.7317792212568,633.3028609171391,671.9207545202917,719.4931621422801,657.3407655856666,726.6419995230998,820.8149106484243,843.9787850750738,844.1471673800904,1010.2529212234573,879.168472936705,1043.3218556727354,1022.0649743545594,1027.7856890750722,1075.6808694947888,1098.6157997106038,920.4529912344285,927.4696538890598,1019.0780264250959,1053.8271431788023,966.6506325033096,964.2222535020001,206.60331412487426,185.00477913898442,144.68558551372712,153.76253627940343,204.87273812016883,189.1231951275605,136.83910491401673,178.38872556737738,737.5406371353222,187.89372698391514,168.04813942888677,1010.9125324307058,1011.455578055863,963.8445908904857,962.8794871507968,991.5777941030808,942.2112949306246,946.5246342833252,900.391850461963,874.5737054605788,931.3482176968223,911.0909834959213,923.5012206535995,910.4059005712157,880.7190216050076,865.947059770773,893.0614376593466,912.7096568633433,891.6940822179631,815.4273289562409,790.3822136615772
2025-07-18,1577.5882195425788,1572.2665846798584,1555.152883241874,1585.7186715079933,1573.9333223565495,1583.765208590291,754.1482370559021,758.2172056166451,1578.0242713477496,764.0869178969798,743.7088617319426,725.3216301557388,1588.1403306661568,747.8235482161243,696.3015351057924,715.8052658626426,736.916365304425,684.8551398024207,669.3462487153366,707.1776053238626,707.7862458190742,677.9775756735346,705.1776571005712,692.3824413086681,662.2799720559971,672.9319122800555,682.6688834128136,667.5261533075175,664.452257742668,666.599973384581,620.7504907729393,581.4699718399121,1041.7572216253143,1358.094177123629,0.0,0.0,0.0,0.0,0.0,0.0,0.0,0.0,0.0,0.0,0.0,0.0,0.0,0.0,0.0,0.0,0.0,0.0,0.0,0.0,0.0,0.0,0.0,0.0,0.0,0.0,0.0,0.0,0.0,0.0,0.0,0.0,0.0,0.0,0.0,0.0,0.0,0.0,0.0,0.0,0.0,480.8573997358326,0.0,0.0,0.0,0.0,0.0,0.0,0.0,0.0,0.0,0.0,0.0,0.0,0.0,52.430492404414004,284.1689944926553,52.04496525535571,102.71035475095874,199.95540603104615,239.4618292133716,215.86400427750337,292.58179316403204,394.40597059608666,450.9458697894192,469.42685952679835,589.709301516264,399.42975020182115,533.3605608460276,545.5194299371434,578.2029880647378,634.4865201347626,675.8752753083306,690.35292451666,693.5422735760685,734.0792529512278,784.2550514512775,738.9016596631768,776.9349517142681,37.23003781084651,18.636202227011154,0.0,0.0,23.836751849985603,6.72052092032493,0.0,0.0,428.3784536638047,0.0,0.0,861.9351023153241,882.7350170560359,826.8166417086488,821.9055104286309,839.777207450119,810.1813725288123,772.0178174672567,742.2518378981371,725.4920722082354,760.9583727984427,737.7051174949764,750.5697469239434,758.1106092631775,734.2621925782669,690.1848172641135,706.4060630344133,777.5305234603034,753.7647065228921,766.1585538933815,796.3988943640472
2025-07-19,1483.3780831615227,1506.9573161826675,1514.399699030464,676.2743109894454,909.5981510346444,645.4533309002305,645.2771243664373,660.516777934467,679.8097761019865,665.8937361390923,614.4447748650545,652.8845663536033,671.6653046779642,660.0598609411495,589.930937559025,640.6106815393954,649.7910479800211,580.2842856620262,605.8795414468217,619.8108333155158,604.6608512559893,586.867262581578,577.8841717928506,547.743958724062,576.938362205397,593.3324153280262,578.7236889451755,564.4157849577311,559.8129792406219,544.9268151290258,510.2014350460427,484.84846949231337,478.00501408526833,1277.9246387949047,0.0,0.0,0.0,0.0,0.0,0.0,0.0,0.0,0.0,0.0,0.0,0.0,0.0,0.0,0.0,0.0,0.0,0.0,0.0,0.0,0.0,0.0,0.0,0.0,0.0,0.0,0.0,0.0,0.0,0.0,0.0,0.0,0.0,0.0,0.0,0.0,0.0,0.0,0.0,0.0,0.0,0.0,0.0,0.0,0.0,0.0,0.0,0.0,0.0,0.0,0.0,0.0,0.0,0.0,0.0,0.0,0.0,62.5459377287623,0.0,95.5416561469834,107.17376641040727,162.50499653939056,293.556195169983,179.43248997669377,216.45826562193542,374.9942545590511,284.4945537596572,253.14246546111474,449.74231551422645,500.83302420025126,420.34648752571843,549.1982066307228,604.4484281717963,590.0993491910457,572.6636352547125,654.478261467989,707.3210292903136,704.5157291652579,745.7471340476826,0.0,0.0,0.0,0.0,0.0,0.0,0.0,0.0,32.607745676996615,0.0,0.0,775.1748199661238,746.8813866694004,717.2713532824157,722.6633562839576,765.5247301697399,735.9537228097678,741.8027898895042,732.6527995332347,681.5366052095964,706.6716778620578,685.4016429687665,680.5270250660003,687.0065667655277,665.7182903018161,616.1035926193686,624.8953264384457,723.4944361437473,698.3326980354144,692.2662313583528,769.8074734668141
2025-07-20,1670.0182999047688,1688.9606715306095,1653.1395728973832,1672.9785307525317,1676.9861069063923,1684.2005745131432,1537.382387779574,1683.7653782278276,1646.1613402950636,829.9790842048446,809.7411459607829,1614.3641136427705,1648.1269077833715,785.522665677182,750.223119379243,854.9032805235613,860.5455573474774,762.9181326811395,736.7818749608954,765.8179699079758,767.2720628806891,751.1543774406188,777.5747007211695,760.0066161103834,766.5008298846467,754.5574663669908,720.5590360971884,733.3198713203934,748.7635155867717,743.243091410066,668.2873550062411,644.5606889776506,1465.2342330933952,1386.2991999275182,588.6024665546734,0.0,0.0,0.0,0.0,0.0,0.0,0.0,0.0,92.81074448432904,231.4570824042394,195.23575999074646,0.0,0.0,0.0,0.0,0.0,0.0,0.0,0.0,0.0,0.0,0.0,0.0,0.0,0.0,0.0,0.0,0.0,0.0,0.0,733.9810398523529,706.7539243599242,689.4628563313019,683.3066399555576,692.8494486469359,678.6724527870681,647.4691368256299,651.6765741331508,655.0937951119017,665.1185749522185,717.2727089524744,730.0696821359356,0.0,0.0,0.0,8.893235345181001,68.88736308082618,0.0,0.0,0.0,0.0,0.0,0.0,0.0,1229.4124413860418,1191.8698973327,1086.1655595535117,453.0887797333841,549.1051576093439,581.4595788313311,528.7635190914319,672.4633051157389,661.8314621135776,739.8225262599913,725.8870528214678,854.6266565709229,769.5535101731473,965.0951203634564,1029.0590309540542,1035.5251530275582,1093.3573327020226,1061.6467814271423,836.2110664926955,845.7051051402057,925.0911118829927,954.4136868264034,986.3992056354774,1003.7562107467271,208.74002081197773,201.4048578390175,192.05124090996105,187.68984454250256,205.09550748367064,190.95320581064607,169.50601567708668,212.7148865090469,750.9051847608318,215.78005931468988,204.68543167560574,1029.2804263375644,1019.8513924455905,999.527407486198,1020.1322005363741,1033.9051304455459,977.6878273151481,940.465787709122,820.3282425430086,782.1840044819905,835.1168493803631,823.7414114145986,863.169070689348,865.7051428100933,812.7637628520206,772.4203000882105,815.053798663212,879.8203899704495,891.0763130503714,842.3391246023618,837.0500433486114
2025-07-21,1622.8283415922415,1660.2980007514334,1654.3432564762743,1665.2272545346177,1621.7009836979164,1633.8921671092298,1486.6166674785204,1633.9182243154364,1623.9489657285483,829.5951006437123,810.1222065387551,1594.3336749176196,1625.8154727639364,796.3368715404221,795.1464069386725,796.0879011762942,824.865902778715,794.3100373720503,774.3571897547341,785.8544873782593,812.7592354012444,769.3034046833802,808.2420759716324,801.4131459554537,755.733265049536,762.08911154455,791.1678917473903,757.857350672491,754.2860756400064,738.0126947186847,711.6833473121284,710.8861455092675,1505.505988116694,1403.1934618889682,608.852316053785,0.0,0.0,0.0,0.0,0.0,0.0,0.0,107.23588027411833,331.7106203450388,258.7824811397488,220.21748578553897,0.0,0.0,0.0,0.0,0.0,0.0,0.0,0.0,0.0,0.0,0.0,0.0,0.0,0.0,0.0,0.0,0.0,0.0,0.0,737.9037315448926,700.0198764990777,671.5666899985234,677.8274057784834,730.9130498940751,664.7056135837267,610.817214710889,605.7155937109446,679.6255322202512,676.7203771617942,655.5017978078753,691.9529767887245,0.0,0.0,0.0,23.30335045883492,94.95841852601265,0.0,0.0,0.0,0.0,0.0,0.0,0.0,1077.451789448923,1083.7692096856163,272.3991804518971,373.23421990731373,450.13125371087204,533.1016143824446,511.05064639686645,718.6516288865287,720.5074901485036,773.1540824847932,775.7711829109892,928.4479922001734,809.8648333970318,1012.033464497845,1035.6158793543136,1058.7848263323501,1110.5230054494996,1094.131409331528,904.1675922740815,886.3904739535633,984.3155412134793,1043.2466871253857,987.8535030685291,978.3204563325004,189.0392913060142,164.04694537342948,176.45709635299124,196.9987349529115,227.94117217802022,200.13735796286346,157.24502356770938,217.0296226084356,781.4348684938043,228.42863224295797,204.03077171393693,1038.457453978003,1044.740382017502,1016.7488943622016,1012.1750636449359,1019.0044664099674,978.91096402958,963.1873777302326,843.2307350678333,817.818676638174,863.0075406485237,863.9155647613832,861.5429026385725,853.6654324444728,829.0311408105663,790.8498088875763,817.6098150748526,890.7377149332226,846.909499639887,827.8163586318971,840.6185221335033
2025-07-22,1639.0561505360447,1654.758108558541,1620.742507095118,1654.4869393434292,1643.016645777573,1654.9862966834155,1506.533594993983,1676.7352028068162,1672.5536236653725,843.3089523542752,833.2325479932935,1651.3372354731898,1671.5625706751407,794.186995933923,795.278611144689,796.5213276466043,812.9476084259594,804.6016221944334,751.6884420430887,769.7978845528685,797.5519991153337,756.7712824959469,781.9712019204542,764.71472527685,728.3669178870579,717.624869602956,764.1511729531254,761.9278904443353,755.528859887691,704.2670445247747,687.2977754914239,710.6056634926209,1509.1244206895547,1408.5974319544425,625.1070980968861,0.0,0.0,0.0,0.0,0.0,521.0980386494388,482.4247157372015,428.2817036669199,377.8800613737442,383.89047214576743,414.60909611339366,0.0,0.0,0.0,0.0,0.0,0.0,0.0,0.0,0.0,0.0,0.0,0.0,0.0,0.0,0.0,0.0,0.0,0.0,0.0,739.8772873881692,725.9179299513322,728.136952965229,724.0817620741514,800.3758285770979,817.425378256946,667.5072389350106,713.2772656861546,823.725358449586,831.8376113693867,809.7333400546291,743.8980664762418,0.0,0.0,0.0,2.735258767496447,120.6797135593302,0.0,0.0,0.0,0.0,0.0,0.0,0.0,1157.1666560359808,1216.9644145077157,930.8849757950745,440.9176497350729,571.1121697741245,623.379126129228,565.463815455763,756.3365851501733,751.3719795887886,783.9151825238109,753.3230040957886,926.6012597113004,945.0525124709719,1028.3949266670552,1041.26769534204,1042.6806284786444,1092.4656610152495,1099.236623295679,894.6788865627858,853.6867286626643,937.735909601955,969.8186083112771,956.7011269061442,960.2672481189538,216.6377457582921,197.40710257084106,167.5280090490461,185.14278531691002,217.6481089938943,164.87310298286116,126.74512830341223,213.15960568894866,775.9480855666613,226.31002310960798,203.4734884828656,1034.2707123677485,1032.916894621356,1000.0527663331652,999.4230941368368,1016.2044245153799,994.2880462124383,944.9706101964775,821.4907270924166,810.3389673736098,852.6593757458209,811.0725182824987,866.4295008007698,855.089954289804,815.4678835624464,782.991668517695,835.1259107545823,900.8061696442994,852.3225423361325,815.0921005877789,856.2872636275655
2025-07-23,1646.2921713614428,1652.9410653900318,1658.9891981681787,1674.2856206966671,1661.7570822612395,1681.8403693823275,1526.4559004453383,1645.5185538899382,1610.475684480104,819.1857358561792,821.5240045434073,1604.8009335943912,1636.521440622208,780.5830238809805,782.9938094105652,810.8070954557796,852.7256084146744,778.0943144984328,709.7352489561415,730.9899786417477,768.8846732808079,743.0679983786705,771.4994039797332,742.1549109065187,761.546812256026,778.7450403465886,769.5762112200315,744.8135687921911,750.3197305498459,752.1057920961066,724.4269716687805,711.6549506664595,1503.5311682655088,1416.4383864479523,631.2973124818163,0.0,0.0,0.0,0.0,0.0,0.0,0.0,76.43414219016836,331.9086223781166,314.12334489986875,238.60662047574553,0.0,0.0,0.0,0.0,0.0,0.0,0.0,0.0,0.0,0.0,0.0,0.0,0.0,0.0,0.0,0.0,0.0,0.0,0.0,737.2978238963074,790.4108450314559,795.1912609166965,721.42552406923,737.6572872252916,741.5348217328668,776.1496057886447,775.4201341333306,754.9953854491075,756.0084297965076,776.0276426091092,776.882308330578,0.0,0.0,0.0,0.0,8.935322210056832,0.0,0.0,0.0,0.0,0.0,0.0,0.0,1231.0685526245168,1185.0615351073393,814.1257040330127,492.595165291321,543.9473135683219,574.7289858505677,545.9782968067756,719.5845294558229,759.5427242493656,825.2489665394503,770.3792854671074,925.949182651816,888.3368413497177,990.8566164621044,1037.6201816107878,1042.811130947266,1094.9267490927227,1061.0389361746786,865.9178391008929,850.9224625531358,963.6934108715335,1023.7671596042845,988.2117476187848,1008.5918278755344,233.41008044482965,195.0192637247685,150.3752994016993,162.31909767044317,187.40675151718472,179.40884742167657,167.5625764338879,222.42440049977085,774.8310499554002,212.68778072862165,192.66875354751255,1032.8188593675247,1032.2835629914769,1003.4546760989085,996.1649168756088,1009.569483429683,995.7192136337311,991.6813025715586,877.7270115502889,829.6901365163662,870.4038356444385,861.4923891501415,874.5585266130186,875.136055920081,823.4596318915143,792.2412799465129,813.4022690566418,871.6323324715465,871.3312813364696,842.3712738133243,848.7388919276596
2025-07-24,1672.3366114843852,1683.3020485637721,1655.6365307823526,1684.7832051915395,1661.8918624966323,1643.5820883193442,1522.3508703255989,1677.7446576814768,1627.8178777808832,836.2521043614453,832.6857795773366,1606.2266238199334,1625.8823428375483,782.138085786376,739.6854360028465,815.8624077028958,841.7229985341612,766.4011928969796,745.534220131372,759.4306709835851,761.7774347940897,754.7981619710811,788.0219947714286,773.1937263430045,767.5511873377367,780.1618023206822,771.6942256803688,770.7135241331798,766.203349571268,745.8887205043675,714.3648932707445,693.9052593549893,1523.4031138275068,1444.700882051724,627.8907450407642,0.0,0.0,0.0,0.0,0.0,0.0,104.29737636171389,400.70375362695717,329.99830850772213,291.63791773259766,216.5682706706684,0.0,0.0,0.0,0.0,0.0,0.0,0.0,0.0,0.0,0.0,0.0,0.0,0.0,0.0,0.0,0.0,0.0,0.0,0.0,675.7735224057559,659.7686120719504,666.7617224876077,697.6339045901432,704.7475731688501,739.9104237364371,654.2213569015669,711.5293041769224,754.1863556445018,731.9982260677186,766.2148513215523,739.4451790117096,0.0,0.0,0.0,0.0,0.0,0.0,0.0,0.0,0.0,0.0,0.0,0.0,1131.404560969642,1082.0691506074666,356.11997778145957,419.79911810846966,494.0961799348017,532.6871999408461,480.52820228916505,674.7692123549315,699.2756697710645,780.4426281529734,779.9442857542676,934.6471155541387,875.9521486993143,1045.5127856111683,1028.9803510480458,998.4830614818015,1073.998053334428,1055.2983091851022,862.1987913423787,871.9631996631705,969.4093327267127,1037.327496601844,1002.1652130757321,991.3103296238576,206.61180629175055,196.26142506080328,170.7629026761499,187.81587561162485,232.12882971012345,220.182805425075,183.33887066176294,231.64379022366597,777.8601822363314,218.7222933123537,208.96320903911487,1045.2872153682229,1027.8660791107911,1025.8937570406242,1024.9498305876484,1031.8291939785045,990.174844675486,964.2617125626552,833.0001233765163,812.0301537653597,857.9808147289378,841.9040672809988,865.2410285530665,852.8969862713176,828.6127707417279,790.8586614125379,819.4712782988009,861.7724006292268,903.3589345817599,852.3097358274828,711.735815787469
2025-07-25,1485.7981020527002,1531.8370614249318,1483.3665093923069,780.1146597040891,1502.6274341991616,657.6963039717083,691.7082929591533,687.4186118459731,652.4211987452826,657.602545716635,649.5377803841875,634.166555249719,668.2530925623521,670.5300962028128,632.4418915983933,643.9393010686307,654.969188508298,640.9213932821328,575.894773006767,576.6440092237042,605.9985319494928,599.5058842861397,614.8734010206967,588.0275209236806,556.4283912754686,593.0681914849968,656.4070362935211,584.857201998475,565.2119812347789,567.4045533687017,560.3616835534422,562.6061906839224,478.0636936673666,1287.3721818424897,0.0,0.0,0.0,0.0,0.0,0.0,0.0,0.0,0.0,0.0,0.0,0.0,0.0,0.0,0.0,0.0,0.0,0.0,0.0,0.0,0.0,0.0,0.0,0.0,0.0,0.0,0.0,0.0,0.0,0.0,0.0,0.0,0.0,0.0,0.0,0.0,0.0,0.0,0.0,0.0,0.0,0.0,0.0,0.0,0.0,0.0,0.0,0.0,0.0,0.0,0.0,0.0,0.0,0.0,0.0,0.0,0.0,0.0,29.89840416797557,80.04984902806473,128.73524688539345,138.52074677571136,121.66012217701979,171.18335475854437,291.3586561946479,315.2209388139537,470.65763755137226,337.40457397445186,458.6265628900474,469.1465457967145,515.0207710678027,497.82203530610707,627.1364112991121,635.8056046616807,623.5487568576443,677.915625193582,756.0999423484543,719.6304196141875,730.8520048320204,0.0,1.0571944541215998,0.0,0.0,0.0,0.0,0.0,0.0,136.4952131177913,0.0,0.0,808.5795757849728,795.7405062618457,756.456847914287,768.9142009912055,825.2117791982705,803.7857711686889,738.7745148495799,657.6913269625479,686.371041682356,730.2899428115052,671.5414403614953,710.9440308276468,742.0220710234539,698.2580596701958,683.4890146956234,683.2232161918773,734.491566465148,721.8249211778588,690.2722029927731,652.645934931496
2025-07-26,1468.003565154544,1493.0917603208475,1304.6269223443944,696.8812241233769,673.0380592276281,629.0478348391423,677.803569091964,685.120215052661,650.6671386337874,641.7719747141975,613.5729997665715,614.0789954208533,614.1111726587685,645.9276730230057,630.1434948050812,657.8892901504291,650.4928417704659,631.2791950197261,569.0902864745972,570.8483003779334,621.2623802657888,615.4062673503048,599.0428300182593,555.1947268335892,572.0874017999193,634.7906481316695,623.0788840186412,579.0614931527042,588.3587181038895,576.3834352726897,557.4100240681786,556.6178118836589,509.9958385593308,1245.531530001447,0.0,0.0,0.0,0.0,0.0,0.0,0.0,0.0,0.0,0.0,0.0,0.0,0.0,0.0,0.0,0.0,0.0,0.0,0.0,0.0,0.0,0.0,0.0,0.0,0.0,0.0,0.0,0.0,0.0,0.0,0.0,0.0,0.0,0.0,0.0,0.0,0.0,0.0,0.0,0.0,0.0,0.0,0.0,0.0,0.0,0.0,0.0,0.0,0.0,0.0,0.0,0.0,0.0,0.0,0.0,0.0,0.0,0.0,0.0,59.89282986158207,90.22865262905127,80.25889453911586,125.55322374065835,283.2177391517507,315.61763053515403,314.40824716606255,337.19400524115997,347.90940184259745,451.9721897697762,531.4857752488535,515.3319461636308,526.2526503149821,609.3099597059972,585.1922936832179,628.4155915474503,677.1976463644897,711.7515397481134,718.0164336189839,760.2238861322754,0.0,0.0,0.0,0.0,0.0,0.0,0.0,0.0,3.788166100309354,0.0,0.0,819.5184077336045,806.9822546658249,776.6383271761,768.1796331470365,781.5076992815003,747.7688048743145,745.5059698584397,680.1547257795974,670.1076342431555,700.6536657157069,641.4628588373954,676.3861997516095,694.0244304142409,657.9429310958395,613.7249095894372,627.3534991129607,744.0592678137409,715.8427391427844,746.4769915114714,835.4118712655186
2025-07-27,1667.7612732699836,1676.7727908620457,1658.976722390652,1686.0648771111064,1658.3971792105567,1632.3939202711626,1475.4056732516888,1655.7592726807861,1623.8945928556868,781.8363982494684,808.2538504480334,1651.9900445429003,1640.806859156533,765.7473810310786,779.5893483209402,839.2220592217848,824.0964276409453,751.6053246656668,736.4046014040823,739.8912279862279,737.0080848587882,738.8049685430811,766.8108801508381,747.0110989860543,712.7388296226023,763.5742635248864,760.8753297856119,742.9782203870255,734.3909083235413,713.6846603445189,682.8523128244435,675.2511397181341,1475.3392564274495,1348.7113802282943,589.2645197080153,0.0,0.0,0.0,0.0,0.0,0.0,0.0,28.147607112892615,320.87565023505243,321.79757861052684,200.11748552553755,0.0,0.0,0.0,0.0,0.0,0.0,0.0,0.0,0.0,0.0,0.0,0.0,0.0,0.0,0.0,0.0,0.0,0.0,0.0,695.0717446429769,668.7664064667509,662.1819862586585,764.140148034633,748.5216264812071,692.8904349080731,569.440120900793,542.5301274406205,539.9225630036556,571.5249176844857,590.59583936795,678.3090966394552,0.0,0.0,0.0,0.0,0.0,0.0,0.0,0.0,0.0,0.0,0.0,0.0,651.2303612351272,1127.474629437207,316.41543970868685,389.0423526635626,495.9607542558424,543.0613430874263,484.24506045723234,707.2999015646074,711.0790657025699,751.2070615569403,737.5368113058673,907.8144007849306,815.4107094647105,1002.966852816727,1016.3092083319829,1017.8208972357567,1082.7344225785553,1044.1657975142516,826.4508683291009,819.7172261865433,947.506263564193,1020.5144706611295,989.694639581252,990.6231318699831,220.22616809616147,209.0320462732327,153.19872845553482,123.60139061046084,201.97821401600982,214.55151035954827,155.77974824451928,211.0390905997067,769.7750414433399,202.78476842164105,174.65055022840272,1029.9630914140796,1040.7417944437595,1008.2341004455933,1013.2496371463526,1029.25064212685,990.1684118808716,975.4472212562548,835.4738939237961,786.1206196809717,808.4752538636808,793.9162086910673,845.1121139391119,823.170935297812,751.2515029581691,800.4354547889671,815.5058932777807,854.4652094962422,830.9355796420416,805.9018885654749,822.2534782600507
2025-07-28,1658.6494453685266,1683.9085511747876,1636.6743319889174,1636.1385841436615,1637.6787568459845,1681.0005346962507,1491.4488818791863,1639.3162957841291,1624.665157164374,815.8088921934733,807.8713089934157,1600.8434420744102,1643.5353021635915,810.7804202104965,785.8541031765716,777.4295352281492,798.5013052511152,793.0691439502995,771.6430089144723,766.4305415007876,758.42343678468,769.2765099428333,783.4673164043313,712.1425065187734,764.0755190693362,754.1892836587185,756.5803110221975,794.7414064549586,781.1711083822493,702.9775411447621,702.1220120496755,747.3810501944768,1516.4286393430061,1455.663102297827,679.3712465353242,0.0,0.0,0.0,0.0,0.0,0.0,328.04055147135944,478.7856571249941,386.94416366127564,281.948699246927,264.4072403293401,0.0,0.0,0.0,0.0,0.0,0.0,0.0,0.0,0.0,0.0,0.0,0.0,0.0,0.0,0.0,0.0,0.0,0.0,0.0,706.3829483041122,695.1556407885589,676.6670085710434,719.2666123159892,675.9102117774592,659.1310504088549,691.8088242038326,703.1115186831659,700.2346283339216,697.3000972226323,679.1886741455214,747.6032793983395,0.0,0.0,2.54632741873111,0.0,0.0,0.0,0.0,0.0,0.0,0.0,0.0,0.0,1109.9212671582347,1147.7562758184768,332.17824901762754,422.17627583531663,504.53086167604596,555.384114284078,537.6746750647213,606.8482761077597,691.6783006484125,725.109095499367,768.171858051176,915.1081231548081,838.1568334743167,1031.2940709500226,1029.3490943967554,1052.408503293581,1074.0886279747183,1060.6136387270599,859.1985262217156,870.4464463201143,945.8123037691768,941.0767356814472,926.8232343560279,991.512212660826,216.71487380987242,203.1654419545414,164.42761723917044,179.15718708144448,221.4819157886077,203.08765462714314,128.92009354432298,171.91804824706037,754.5806506544859,232.72055391634422,213.65823357853446,1047.7462160867844,1030.2938395110275,1009.5179760728798,1012.8980476573533,1035.8002390116023,992.1026766438342,964.4925197737157,846.019839889998,826.2899297325848,862.069910298507,858.5832082960569,884.5574237076735,890.6382946838334,823.9697722404594,815.1261938987037,795.782466559604,856.2601478737871,832.788947012425,834.8053520093016,921.3531674622609
2025-07-29,1733.7240320641808,1751.1017918731595,1720.1819331653987,1696.9770653716496,1672.82486052433,1704.1877335237969,1541.0441054961739,1687.3559792245687,1681.698689158546,886.812720457406,890.0213644595725,1705.8849504496288,1715.5768345876945,855.7435812416257,790.2561391798931,821.5869711280826,809.0858088025929,810.872440367077,845.7670473115932,879.6767536939585,824.4957883299005,785.5981944054562,828.4923307421786,817.9117778340186,806.3690242126405,799.3847542709964,775.2561743281357,787.2848481888376,797.8271904370271,765.2591496208593,739.7062961783055,726.6797232737663,1544.5877619394166,1489.607459283316,680.029271532958,0.0,0.0,0.0,0.0,0.0,0.0,130.9243730786269,412.4788251880943,370.5009116753921,410.81839240710815,293.27632001106656,0.0,0.0,0.0,0.0,0.0,0.0,0.0,0.0,0.0,0.0,0.0,0.0,0.0,0.0,0.0,0.0,0.0,0.0,0.0,745.9659840421017,735.925936049058,778.4028551968303,777.6475110748105,888.5787853965451,836.4547043242702,770.4525505142628,749.4969061300584,731.6539561153859,702.7641713542803,699.0538179615108,730.5345852537313,0.0,12.883681487808573,50.05308746253631,78.76404907779506,158.6893490538882,0.0,0.0,0.0,0.0,0.0,0.0,0.0,1142.9779806136128,1149.4179657883976,728.2813605513843,462.3818626302107,455.24255389881324,531.4987356445972,512.4231039020698,724.8178299712185,730.2948433506904,774.1427437358893,775.6186718182007,922.9652249539207,859.6092129265148,1048.265440561793,1060.442260908396,1060.0800356836708,1107.3590601578617,1098.143126999098,922.608125435021,868.0245822232192,980.5962988046396,1041.327085717845,997.5407441383187,1011.6179762511485,246.07903893083972,227.395839337486,187.4589722317154,182.41154695594912,222.39815523737366,208.3035791916668,166.51711448974186,224.625232704092,780.5610465827026,218.87049332962647,214.3577587198729,1056.0134774950238,1044.2984377306773,1011.0337488362322,1014.633009032197,1033.6118584470505,988.7308744888059,997.4546213661511,893.5739630615766,893.8694966581737,960.7072965463701,928.794569240266,954.6138416059638,928.9135316596784,849.861427846317,892.3335911306202,909.5359410036036,956.7333223994583,913.3205072384953,920.2652308135926,956.7237313607403
2025-07-30,1728.0290098936807,1721.4176408609833,1697.9884719789547,1706.26628765868,1679.560387776236,1698.742133249779,1568.293313881848,1713.9411001070484,1694.004024662982,912.928976692854,904.7548248837019,1696.4409271923757,1722.5922125111185,852.8352222448141,788.022798548178,836.9832759784604,847.6592919417449,810.3037127826937,808.9394588084248,824.0588823254109,802.4644695039631,812.7591216374647,864.5928717530996,814.4854940395961,791.9432100664714,821.0038248646815,797.8747928366217,785.0669275480227,798.1701590221165,783.1030715366472,730.6442467974755,738.8175722451447,1553.7191799969635,1486.8602630866367,672.4943905181196,0.0,0.0,0.0,0.0,0.0,0.0,0.0,0.0,368.2163756127773,376.78224914651287,304.72982464887946,0.0,0.0,0.0,0.0,0.0,0.0,0.0,0.0,0.0,0.0,0.0,0.0,0.0,0.0,0.0,0.0,0.0,0.0,0.0,714.7496940164116,814.3861103280769,791.1104957920081,720.162109429847,728.7531940037718,735.1873673418729,734.6238518041147,763.5083855162043,749.8486978841825,726.9237105008974,767.8106490157812,768.2955011522746,0.0,0.0,0.0,0.0,0.0,0.0,0.0,0.0,0.0,0.0,0.0,0.0,1112.115704960867,1139.261586777303,297.86832677013166,492.1897254036124,509.358021439451,597.958724333626,593.2921710651264,700.8399024232675,731.7328140342654,803.4010989378276,784.2501906386113,991.5539281185803,932.7997395263144,1061.070292360519,1057.761501167289,1074.8816269499623,1112.4729295628395,1079.4657150999133,895.2964612970467,915.8842680075298,1002.4219424218102,1041.8563978098919,1006.1667675983024,1012.9275423907806,228.9981841331837,224.9141232089271,191.01519197682887,187.03950480701667,231.16052176653216,214.50108194209542,163.07781332468676,215.02560472567075,777.8247029117051,227.2473167382318,219.30275029540348,1053.107629556154,1044.0917201235256,1021.143979921042,1026.560503637543,1031.388694042513,981.7804487567606,990.3336030323409,887.3484091133942,932.1784818876049,985.7488943094661,899.0386568183142,960.9765465136016,967.1744244689086,920.8922414662924,834.2921504515144,850.461551993531,964.1535790598626,910.1199524843436,895.4871315422697,939.5723719341455
2025-07-31,1732.0659049792507,1751.3632877260493,1729.3404217206669,1747.4611787813328,1712.4190838801778,1708.2456604775002,1567.536499598482,1702.8414646521474,1692.5495477345921,890.9871837993895,868.6605920014213,1659.609823422889,1697.5085589341797,895.1465132125309,833.695092857681,882.1704073525608,866.4465556246117,812.6794160378138,816.355236245315,827.3159561068228,814.203914101766,808.392489590068,842.8885216971527,799.969280547942,789.2866874436702,765.0369809899021,736.3115442635685,798.1458135175207,808.8018773289949,786.7823626550687,763.1433710323251,746.3310325875998,1547.9212563652136,1495.6050822923203,683.3953874552293,0.0,0.0,0.0,0.0,0.0,0.0,0.0,0.0,191.00910542724458,310.9926763408194,295.74363703477445,0.0,0.0,0.0,0.0,0.0,0.0,0.0,0.0,0.0,0.0,0.0,0.0,0.0,0.0,0.0,0.0,0.0,0.0,0.0,665.0925445109707,718.941799359361,763.1955393828357,776.1949565197598,842.0335323728146,781.6314597268142,669.3473640990941,661.0041088918085,693.1319291835534,704.5056849563466,694.6445736009637,720.036955516918,41.74156606169349,97.6210674427432,86.408736516737,18.24037695109952,175.59999581056985,0.0,0.0,0.0,0.0,0.0,0.0,0.0,1189.7554457373908,1187.8438354785312,1040.2795566355953,508.8771209259984,490.74711564787356,595.8714797438596,531.8843306822569,740.3401196121002,724.2834781037893,805.193419188943,792.801662312665,995.8570147413735,989.9654296903831,1074.9424818439315,1055.5315485364572,1053.018209205497,1101.0008127994104,1092.6978167239079,992.5732334886455,968.9049464124884,998.0959169435731,1036.2173239184929,1002.1702235246278,1020.990061801227,253.64026068773933,222.77933984112315,178.78978578257568,189.12226345887018,237.47329629930414,214.19192825894675,161.3091497514538,222.6773003188473,782.249985182511,225.41755183726127,221.57664218572313,1060.7278175216522,1042.5365617575042,1008.5259227188405,1017.5062445964028,1040.7695360405871,987.1452785962967,997.4783382975728,935.7427482857679,939.9205722511047,964.884341992929,927.8266013947732,915.3382929422573,926.4469246564016,922.2704643294146,905.244961952455,901.6370041848168,951.7849801551274,915.6282830660451,837.3459884054246,753.5756029904176
2025-08-01,1546.0550032225758,1566.950031779173,1543.1120323356618,735.0848257336963,1297.2859660665783,748.0095924058827,750.5318273960028,707.2280501367438,689.7984737719637,705.8483961282207,690.9629984425698,641.2082971303234,711.3951475605346,730.215843312005,668.8203215534571,706.936493389432,703.7217115971849,637.2488645401352,657.1849881605589,677.0715545846963,653.1260755976823,664.083389359052,693.7002266147588,628.1796871922891,625.7927217098136,636.3678192446192,607.641884567499,615.2819808701943,631.2889879350977,607.9149342804872,560.8627095549571,551.3190490877043,511.4482569073709,1308.0964825278875,0.0,0.0,0.0,0.0,0.0,0.0,0.0,0.0,0.0,0.0,0.0,0.0,0.0,0.0,0.0,0.0,0.0,0.0,0.0,0.0,0.0,0.0,0.0,0.0,0.0,0.0,0.0,0.0,0.0,0.0,0.0,0.0,0.0,0.0,0.0,0.0,0.0,0.0,0.0,0.0,0.0,0.0,0.0,0.0,0.0,0.0,0.0,0.0,0.0,0.0,0.0,0.0,0.0,0.0,0.0,0.0,81.65054937343889,0.0,0.17827369348746913,40.908226881084886,66.41654980482821,90.72900103727856,196.51856517463233,201.4968536048645,276.5635420104557,267.9695754957327,429.08718541879574,274.4678873341095,444.2094279646741,481.69067730687993,567.0171693627318,615.3687397485013,654.4671805849256,685.4140229221276,695.0325281582311,728.79324429013,797.844731699587,812.484198662428,803.2921487173029,10.823375461558271,0.9150762401274051,0.33879972758631993,20.409535598084403,45.165001550335546,31.478715233933144,31.654797507002968,59.8778789517653,617.6446690001255,46.165791253219595,4.220876230017893,844.4208575601034,838.8595091797647,829.5274006549022,844.4892915908645,864.4750497716395,821.392455273816,810.3139403299895,738.182032877136,738.6712370924182,798.8048020462408,772.3667751349025,787.3320445927498,776.7894198143505,733.0930056774414,703.4969435961997,711.2145421647045,764.888166604719,755.9087671961802,756.2759653532304,752.6056407368505
2025-08-02,1476.7240080259,1494.7402996307685,1147.1758981704838,650.6082020915292,646.4827988630146,678.7182268795236,689.227747725438,662.3735631839826,639.7146220618974,623.2183709888074,609.1322668323411,591.316873233875,643.7211723160077,652.2820150405955,604.8608323657287,640.9504045104893,650.764171373479,634.305123609787,591.1834969605397,590.2533829650738,585.0041661334205,548.5585740963575,606.7234458297504,621.5186135438025,592.9009691244128,567.3848489035041,567.3148584447728,569.0584570215142,578.0257251447741,572.4160444442712,562.9025679367647,557.6443768246338,516.2067797503635,1301.10820308746,0.0,0.0,0.0,0.0,0.0,0.0,0.0,0.0,0.0,0.0,0.0,0.0,0.0,0.0,0.0,0.0,0.0,0.0,0.0,0.0,0.0,0.0,0.0,0.0,0.0,0.0,0.0,0.0,0.0,0.0,0.0,0.0,0.0,0.0,0.0,0.0,0.0,0.0,0.0,0.0,0.0,0.0,0.0,0.0,0.0,0.0,0.0,0.0,0.0,0.0,0.0,0.0,0.0,0.0,0.0,0.0,0.0,0.0,0.0,0.0,0.0,18.041855835223032,22.750444943320346,181.46557088852694,269.7103527339242,257.83076311206503,306.5595254890009,251.52236389427793,339.03032125623315,480.914021886598,511.3565272348431,600.5226072718774,628.4368422554192,626.4925728140322,621.0242341502345,637.1755531876018,695.8245312341538,726.0263760358353,736.0921982382408,0.0,0.0,0.0,0.0,0.0,0.0,0.0,0.0,0.0,0.0,0.0,787.1039173878711,776.3516934254274,740.4142309503565,770.5051108260596,776.4784135252578,762.8520154428898,693.3831223307402,648.472913364729,647.7014115251646,707.852543817954,645.7623579417524,699.3675881177426,701.1121290603768,649.294284215344,642.8478224433986,653.7395746317047,706.4171350023424,635.8385428665681,692.1341693308186,836.8397931555917
2025-08-03,1617.5703612125092,1622.875348459932,1610.6933311227303,1632.2721941676264,1604.8496205202496,1623.579588799301,1472.9748366206138,1613.9047279619263,1611.6977440369901,787.996956685383,753.3363824574731,1560.9910910218396,1618.8583940642984,777.683364260728,699.7192701128172,781.6176269557315,787.1315877192576,718.2128225235397,719.953176878117,733.5615876356978,727.1981608761786,720.3543107599847,758.6995282273646,730.3517066150062,720.5680614505536,726.0738553155782,729.4509333678966,736.0671069393587,753.181477696724,716.6866017220796,708.8982084253662,707.0253014610881,1494.2897587682419,1444.0059286581354,628.1105251885533,0.0,0.0,0.0,0.0,0.0,0.0,0.0,0.0,104.2941281382578,321.5716782585756,291.70122011279057,0.0,0.0,0.0,0.0,0.0,0.0,0.0,0.0,0.0,0.0,0.0,0.0,0.0,0.0,0.0,0.0,0.0,0.0,0.0,615.5801399491074,689.3745085092705,735.9396657247087,787.8471471253844,828.5513194758894,737.1125741523942,593.0142029130981,586.4305656229296,626.120277087977,628.5676013055511,615.8700085776256,663.6204747669306,0.0,0.0,0.0,0.0,44.31282888173654,0.0,0.0,0.0,0.0,0.0,0.0,0.0,1155.258329082602,1141.2950997892285,606.6523486789004,427.47069510792403,407.80056701644367,526.4610240696336,501.79227071651917,704.9898343021765,668.1702579281044,701.5090008886756,714.4768099777582,921.5303981124584,844.0598781495231,987.9841714618118,970.3153845518009,1004.6388343709459,1066.180927702503,1053.470970503793,867.6856647106753,838.3185202121635,951.8003206863539,982.3905804500286,970.9873916079907,996.9436801323728,222.92260517110776,194.81531411205106,153.78418692684738,160.38728548057168,206.75564078267257,183.47427274231518,132.57417177315529,186.0499850713843,758.0156218742522,197.04925344319963,194.58836579166177,1033.7395411275907,1015.5637909156986,982.1403018631124,991.1206237406747,1012.2202914581826,962.9280686747954,931.499830595449,827.1089605450713,790.3625072227964,837.7890464821741,814.8220385003747,854.8925460356479,847.6659241992414,792.2285795170326,775.664839804215,781.5305559263636,843.3588658911628,798.7902062857376,814.8154924547526,836.8331781480467
2025-08-04,1618.3870453663299,1636.4597003954761,1585.3719505547197,1612.9954605800665,1607.5924545292628,1630.740386813375,1470.33632587197,1608.2155274257454,1575.477676176397,778.5060819973362,790.4957031403626,1600.0603704535365,1640.4887102214416,800.501496293943,724.6709386974333,769.1134779984881,779.9260287399358,742.5890602732253,760.1059551693069,769.6038347349486,742.2438386900537,678.0045239633022,715.7986878392483,719.5494698873192,726.2775311522672,726.4493378544905,713.525753534132,726.8775650268057,739.3022981439632,728.9218014087166,719.6227357060973,712.3089978452554,1508.4056714512549,1455.2306503358645,644.8691947813251,0.0,0.0,0.0,0.0,0.0,0.0,0.0,0.0,298.69846354824165,223.52781651694502,222.65902596049176,0.0,0.0,0.0,0.0,0.0,0.0,0.0,0.0,0.0,0.0,0.0,0.0,0.0,0.0,0.0,0.0,0.0,0.0,0.0,685.1760045290895,718.6382146228963,749.5942431816313,788.632364379529,834.3551297986472,764.7638140171326,673.6175347260375,761.0638310240207,755.5388903130513,681.0772780089615,718.3073314249882,750.8110343287947,0.0,0.0,0.0,0.0,0.0,0.0,0.0,0.0,0.0,0.0,0.0,0.0,921.4692828996315,1147.0209110973644,292.7313220400142,401.99124278112623,477.79078713033607,556.8542726743932,538.1449519364188,645.5415869553534,686.0313476959823,727.4175896192281,735.1219607710136,894.7529680599237,852.8119509272505,1044.2869246241787,1026.0572461326308,1018.7867027810578,1058.0936095115321,1054.4100296409329,854.5962439697884,828.8347421443216,932.4268402498667,972.1240836049614,954.4635528306692,966.6953557368299,191.07309108952245,183.1128819004423,141.8473376813065,146.9948845332092,204.93218783015095,178.7302704785967,120.3896790353242,190.19276492083895,749.0554164150199,176.12304797864476,185.72903980508704,1034.401923383168,1015.5180528986916,981.6158264255332,992.3884902879623,1014.8785962782365,967.6985898959603,935.635165161096,816.2370223349072,798.1042774377048,852.7424709353139,836.0410572884839,855.4958161943799,848.3380229883352,751.5286517530863,781.1830103514608,801.5444048631763,865.4311178087197,830.3971808310231,820.8439357863432,835.2060557210606
2025-08-05,1602.8613017594273,1637.0845907252015,1632.5817745410852,1644.756727368065,1581.6696676449528,1591.142448582581,1443.1264457333637,1584.2781589442488,1609.6551069724346,773.1477584876254,782.7237323823903,1610.6261378776994,1638.3843720710674,763.9688933197048,704.5155825010945,777.0063332160117,783.1151448745585,721.166512415654,730.3959915054842,769.0365748795399,768.062955039708,737.3949052488489,780.1814124183215,765.846097000232,723.0796022962513,723.7131716626166,735.6292598550511,699.9150408096767,714.3966929108198,732.909860934044,721.49723244314,709.0776432948014,1512.770648648229,1471.5449530001479,648.4272844298129,0.0,0.0,0.0,0.0,0.0,0.0,0.0,0.0,366.1804034422324,341.9559725756359,231.9199728337857,0.0,0.0,0.0,0.0,0.0,0.0,0.0,0.0,0.0,0.0,0.0,0.0,0.0,0.0,0.0,0.0,0.0,0.0,0.0,843.3075275625949,832.0804351564299,793.4569202883496,817.456930286916,841.2394892541671,709.9233232348753,603.2784038615829,642.7697796700076,618.3114128963215,597.4545420401048,585.4707600136204,606.4341835993222,0.0,0.0,0.0,0.0,47.884589983123085,0.0,0.0,0.0,0.0,0.0,0.0,0.0,1097.092853356763,1101.243349310386,319.4175623164813,363.3692041106984,391.1368202018683,541.4449823096656,500.551496289898,710.7714924618799,666.8463216736166,725.4720921022995,732.7870739086486,924.7582925467494,844.688459191991,969.3478871832075,956.0873605660995,1022.3758326554978,1054.7309099731988,1024.6099954970773,876.7840398749204,871.3110135294672,947.7504731756056,969.0792429427792,956.6839726780821,992.1076888994924,214.50274671385182,182.87513959136254,141.8473376813065,156.63392338661083,207.30318141917405,180.11029247859653,121.76970103532403,192.56375850986205,747.0727388766866,176.12304797864476,184.34901780508676,1033.021901383168,1015.5180528986916,969.756367724719,978.5463540488146,1013.4985742782362,966.3185678959604,940.8695042059312,793.8749096196373,759.6924147853227,847.3434032964159,809.2564960587916,842.2768197208197,848.0954961553397,789.2443061023474,785.5498696785637,786.5092713464322,849.8292299631288,827.1297862434657,818.8167733542825,836.9461693827947
2025-08-06,1610.7795840031085,1604.0432250419187,1572.8935461530873,1639.8725067364276,1612.894407337446,1629.209693024901,1479.4913901028042,1595.7659450510641,1574.2597967100778,779.9282399397193,787.8780592614255,1581.7766840904792,1637.0036033316837,791.217302645319,701.6001907557053,749.5495266719018,774.615830177906,765.348679450318,761.3208423552281,751.9256662631046,730.4814016780833,717.3978037500269,759.0209383444687,741.0414838232609,749.8072995340215,745.9853482297792,731.2446326447547,724.1439989116062,736.6747500350373,698.8301997248325,712.123455255311,714.6260262370314,1510.2800190979274,1479.939028403754,638.7259121035776,0.0,0.0,0.0,0.0,0.0,0.0,0.0,0.0,0.0,368.7800612314335,258.484721100908,0.0,0.0,0.0,0.0,0.0,0.0,0.0,0.0,0.0,0.0,0.0,0.0,0.0,0.0,0.0,0.0,0.0,0.0,0.0,715.9004228610977,756.7071176384387,779.8658003147807,810.286496896268,831.4185352749599,762.990319576049,640.1283846054251,625.4791445906159,582.7682041180572,614.8573885800397,624.9638166133747,474.9560914638025,0.0,0.0,0.0,0.0,0.0,0.0,0.0,0.0,0.0,0.0,0.0,0.0,613.0445943057634,1141.5505653719217,356.7501164453591,477.97350041013755,497.09718230626044,496.19149654245155,528.0190522757965,683.892503712186,659.4581481962449,726.5114189051869,704.365880385244,893.3004491080485,818.4876030259269,986.6185917505046,988.5618673597324,1023.6344402491462,1064.4291035849274,1048.7268394383054,863.3486003232441,907.8725976470067,986.6707794496234,986.8678821734852,979.2225127830432,985.6758869315887,214.2672803764592,164.11144046845732,116.95337449176873,146.74810892582752,203.39097484284798,175.83813104855176,122.2624788520742,183.72069237360915,741.2671400294746,178.1409894655992,180.48377133953056,1028.2728622749314,1016.8759116182765,980.8456502089834,981.4995912777241,998.3493698851248,952.8082436483438,937.8292316081609,810.4260292882662,815.7173358447512,860.7365553689094,788.0511347303689,833.1883332747684,847.9924695800823,790.4848104948311,760.8470737735158,738.9452223867781,836.1284452985382,819.4171388536251,812.4651415604632,831.4597552609332
2025-08-07,1571.7339496824256,1590.1196577684107,1608.9277803641828,1631.1814072569753,1578.0753511307662,1591.9007367457207,1442.790586027967,1608.253044600001,1602.0636887853752,751.8442096119379,759.3315894412906,1599.0922411804363,1642.2654885099773,796.9345473925191,736.4765220988465,749.6847577830896,752.1540594900185,724.5655945176221,720.718175252025,738.1661677787977,745.2485497630646,721.8684325800359,755.9582405996407,725.7364859177402,729.6519433376827,731.6608134335445,737.1836536147254,740.4171617114117,744.3842000699967,716.5808618249935,712.123455255311,714.4947992797194,1510.5549475992414,1479.0927094611252,653.4242991134327,0.0,0.0,0.0,0.0,0.0,0.0,0.0,0.0,0.0,0.0,203.79423120174968,0.0,0.0,0.0,0.0,0.0,0.0,0.0,0.0,0.0,0.0,0.0,0.0,0.0,0.0,0.0,0.0,0.0,0.0,0.0,591.4184723641764,627.3145448479719,679.3481279175901,709.9207212480343,787.7928517627337,733.4972688875297,603.5399737871935,602.1039806566237,610.6018164663483,632.1663776215559,659.7296524914848,712.6658069290835,0.0,0.0,0.0,0.0,0.0,0.0,0.0,0.0,0.0,0.0,0.0,0.0,1144.766009274811,1164.1260240957365,465.3084218326179,476.6525482721069,530.5348837219336,599.5879091564979,515.830509865683,707.5535481323067,640.7036885612838,694.5927420893935,710.2948462934297,917.2617183214029,822.359706078095,1015.5559662668865,1015.2697050313908,1021.9274615188148,1062.8329023395127,1053.9611784831409,857.6734164874421,835.1249779615846,946.0072888000651,998.077580844109,979.2225127830432,985.6758869315887,189.88800298699846,175.18210841212283,135.14687695714974,157.087223839094,202.0109528428477,174.45810904855148,122.2624788520742,183.72069237360915,741.2671400294746,178.1409894655992,180.48377133953056,1028.2728622749314,1016.8759116182765,980.4573341582934,982.1022468160573,999.7293918851251,954.1882656483436,937.8292316081609,844.1688939313291,827.6590659949985,846.3336810999359,788.7935430696018,852.8186542921488,858.4118647201949,747.7959883113568,740.4930188657642,758.0915810201864,795.6537091906847,817.845335990471,805.5417193214566,689.9731756863387
2025-08-08,1462.1969813873397,1501.4350882277092,791.9885128329909,649.1117535253246,634.1064648135098,669.4618909023101,674.6154737959586,633.2624088599101,631.3846825364585,648.4717167546393,647.839715905003,641.0697933073453,679.3855752133632,656.8507618525224,575.246065113653,621.2710505293704,644.3693421831433,605.8636881094699,622.3386343468354,640.550928280322,613.3744655961148,586.5722945295129,623.1319900264435,608.8667042295405,581.661774298402,586.1162744156723,600.6893102504386,593.021019872057,596.1980808798984,594.3041830580111,600.8107051091778,585.3883825876206,468.41274506900584,1267.5234741672691,0.0,0.0,0.0,0.0,0.0,0.0,0.0,0.0,0.0,0.0,0.0,0.0,0.0,0.0,0.0,0.0,0.0,0.0,0.0,0.0,0.0,0.0,0.0,0.0,0.0,0.0,0.0,0.0,0.0,0.0,0.0,0.0,0.0,0.0,0.0,0.0,0.0,0.0,0.0,0.0,0.0,0.0,0.0,0.0,0.0,0.0,0.0,0.0,0.0,0.0,0.0,0.0,0.0,0.0,0.0,0.0,0.0,0.0,0.0,0.0,0.0,0.0,6.880139112995259,143.0690827285383,207.55293573922688,223.59275497786163,263.3190765763802,188.28773987267806,304.15637629615793,421.39947150268614,488.0025278781317,489.09340425274536,613.9078532542145,594.7283421729019,610.9799163489831,655.2455610628945,725.7412766411388,720.5666793025983,600.8992467517653,0.0,0.0,0.0,0.0,0.0,0.0,0.0,0.0,0.0,0.0,0.0,794.767015115594,793.0285646349263,714.9008057889621,739.4464257745153,765.5583786081502,715.9319009076135,663.9356106625903,628.4648118559445,642.9035480620979,692.7166964918729,660.3094484584452,687.8512755830454,721.9105537161798,732.3892129204942,659.2635339483278,614.1564163582289,661.5118424574569,653.1749396834906,676.7267477352326,686.791023052168
2025-08-09,1452.6840129852228,1463.542833628623,732.9794554369155,623.9600801464758,602.8241063755668,616.7373967631033,635.6878349674555,637.921550868157,659.3414346353372,619.1928379902355,596.2613239875492,615.7331891285818,662.0271267965311,640.4629367205454,563.5232827559151,606.7712096308242,625.3890286475142,598.3871598935575,606.6497231244276,617.4921832618713,584.8743080132118,553.5636412592021,594.7902877453304,617.3854335651417,577.9759468637751,538.5698813611887,539.3875780961935,564.9328638935162,580.5081607106235,544.4691180982232,535.0758977323984,545.1456034544407,499.07473345002836,1282.3826142689081,0.0,0.0,0.0,0.0,0.0,0.0,0.0,0.0,0.0,0.0,0.0,0.0,0.0,0.0,0.0,0.0,0.0,0.0,0.0,0.0,0.0,0.0,0.0,0.0,0.0,0.0,0.0,0.0,0.0,0.0,0.0,0.0,0.0,0.0,0.0,0.0,0.0,0.0,0.0,0.0,0.0,0.0,0.0,0.0,0.0,0.0,0.0,0.0,0.0,0.0,0.0,0.0,0.0,0.0,0.0,0.0,0.0,0.0,0.0,0.0,84.04009094739223,0.0,64.70882544495265,180.76677846341246,218.96707784196417,190.13132090633246,231.02417229011738,167.67764745230394,254.64100403848553,459.355652455828,418.97526118738824,537.5886022358876,607.3142638240178,591.5078292253828,596.2830139518321,652.6832881910514,728.5503332805587,710.5963704785471,669.3966050934603,0.0,0.0,0.0,0.0,0.0,0.0,0.0,0.0,0.0,0.0,0.0,805.3382217589914,786.4158025588885,721.3119432052965,719.2998009615847,767.051315501117,673.09419577006,638.5947077871448,642.4577845744409,653.3257099888003,676.7973732124699,645.5140797908399,657.3202620445114,671.1178282834354,640.6145764141991,604.984604984152,606.7040990567847,716.7814357139841,658.3155343027892,747.6278546128441,837.4113466186799
2025-08-10,1608.9830924863124,1578.7246950577369,1558.3665625539802,1629.473724790626,1599.0467108605721,1614.556356219699,1466.1620670181908,1585.5227839909303,1563.2064904992637,762.3178378691858,759.5169306830844,1556.9997829892375,1600.0502768031179,779.7688178410192,696.8026954805872,733.4055335270714,755.3525002908141,722.9226991916734,714.7053333263854,731.2569944386174,739.8307182400537,720.0055511751746,739.5393312324213,725.1575898992685,717.0031949966466,725.2323205353573,707.4069586028093,703.4995444046556,713.7294109238904,694.3256187105015,661.2362770310239,654.0492210358912,1481.1812796306804,1437.7048413103248,617.5343130144237,0.0,0.0,0.0,0.0,0.0,0.0,0.0,0.0,0.0,0.0,0.0,0.0,0.0,0.0,0.0,0.0,0.0,0.0,0.0,0.0,0.0,0.0,0.0,0.0,0.0,0.0,0.0,0.0,0.0,0.0,0.0,642.0955158233232,0.0,659.7986269049052,699.5634646495145,625.3780783463174,474.108168246961,433.34818854978903,436.05613771545626,439.7280611271723,477.7227425426223,0.0,0.0,0.0,0.0,0.0,0.0,0.0,0.0,0.0,0.0,0.0,0.0,0.0,139.23146838704736,878.684899661313,237.47845245766513,312.4622261861073,369.96688786219505,454.7200866469425,465.73712112040187,607.6161823321622,622.2357398075334,647.9745930119561,622.5234290320359,781.3238192509031,702.0464174471085,913.6759381876988,951.0460364144623,975.7272976812445,1036.0954159873475,1030.502131117218,849.6105885071232,852.3206986012818,925.1862811147859,981.5421156825313,974.3012934091621,985.8278013288327,218.01710016225206,193.73372180019783,154.18393988120033,166.80613130718348,218.94926423213997,187.47755814421146,129.10024558638293,192.69568360900962,758.9528597591964,200.22624717502754,201.41626059213513,1041.079010195466,1024.377010842776,990.2853462798959,994.0735946506909,1015.5846647899867,966.7807421559091,953.4932924598838,823.600133791917,803.9757524409554,869.2956364719666,819.2163842956844,878.7932689714971,852.3167527160148,775.8656749759814,719.8777036239503,756.2969486679251,843.0813445246456,833.4004342971115,818.2790669342412,826.230477914893
2025-08-11,1614.1477221008363,1629.4857233474108,1589.124952195228,1628.217118308899,1599.3173853046683,1609.7875965093,1458.062146230142,1582.712782093223,1566.7617180528953,770.1129289833588,779.6299604528989,1582.4802221187,1609.4078667737401,755.890055720779,703.9913791147444,736.7345069297777,759.8993564953506,731.311455370488,706.2330565140034,719.4212092740211,731.1417179181058,710.8429919974003,745.1407772587777,743.7603597968308,716.6176597070321,722.1804433171196,747.8019485101032,715.2135931676776,697.9358283765933,682.6135157292714,673.2202953634467,686.2856720504888,1483.4537858339393,1422.7249865328981,631.1740539601827,0.0,0.0,0.0,0.0,0.0,0.0,0.0,0.0,0.0,0.0,0.0,0.0,0.0,0.0,0.0,0.0,0.0,0.0,0.0,0.0,0.0,0.0,0.0,0.0,0.0,0.0,0.0,0.0,0.0,0.0,0.0,680.5681408384082,651.6612122668938,754.138297508513,794.1848124150731,694.2584297187885,565.5963757224962,569.858188760353,585.5874125016563,593.9454495585624,609.3425997622464,0.0,0.0,0.0,0.0,0.0,0.0,0.0,0.0,0.0,0.0,0.0,0.0,0.0,236.5834188259709,812.3586558781767,226.271486661888,340.43949445348085,449.13134851331574,508.203609400574,499.064890959924,708.4483973096745,626.6536918333915,641.9500445287515,652.4536246746673,799.0376293885538,755.1001487062954,986.4063269406033,994.5942593677735,1004.0681088282762,1032.2607728470555,1027.4422803205343,899.5799784889014,895.8019171709916,945.6016212683923,970.6396356054864,961.6808773016023,973.4451275303527,205.6344263637718,170.12722335049136,123.16273037199198,151.1566525781468,203.35519899722362,177.0775618840645,118.70024932623596,182.29568734886266,746.5701859607159,188.23262378752406,188.64527074296507,1030.679013935319,1015.3570365826291,979.2826944814157,985.8480013930191,1002.3615931440935,954.3980683574287,930.2467380139832,808.3890384373228,802.1776843197081,848.7937750823212,840.2253370874851,842.8140040081701,846.0088118920247,766.3318559136844,769.6094646663418,777.0611008220443,841.1415324989939,816.5797905891,807.3013005371295,826.9749761097916
2025-08-12,1609.709126499315,1625.1813838807793,1607.39045492616,1632.1261383070982,1592.153566751039,1596.9984814848306,1465.6880284865358,1603.379731173089,1573.042986586014,757.7631063085602,746.644596883156,1552.5648885629598,1642.6220404298733,804.8767598279976,706.4762057522296,742.709494326602,762.5411839249713,679.4345344744313,719.446173124054,764.4483176106942,733.0597902267442,703.1069047074424,754.437464901538,750.3579980561692,695.804299862043,665.0628526108006,711.7206423818892,722.7878120914493,715.5512593655666,668.9087932495339,660.7858948724532,675.1813162184192,1485.144342140942,1453.1706368628218,636.0093661072547,0.0,0.0,0.0,0.0,0.0,0.0,0.0,0.0,0.0,0.0,0.0,0.0,0.0,0.0,0.0,0.0,0.0,0.0,0.0,0.0,0.0,0.0,0.0,0.0,0.0,0.0,0.0,0.0,0.0,0.0,0.0,714.9575581765745,538.7027345438529,754.2848873780531,811.9168540229931,748.2288789480527,639.0518483445477,617.0257281554767,640.6086917673438,613.6052434836116,644.9773690437503,0.0,0.0,0.0,0.0,0.0,0.0,0.0,0.0,0.0,0.0,0.0,0.0,0.0,212.2739846274714,899.0438504609067,181.91415102507352,266.33106729158607,336.4988755290024,484.00953230049095,476.33893362523384,630.1178408772364,625.0092074577377,637.4117814216447,646.5278561008298,814.5099461133486,708.4348961092164,915.7661144602339,945.3977205944625,929.6779229382972,1025.1047984957472,1025.071286731511,872.1693586716825,855.2848092755697,927.8681865995002,976.8801824016704,960.6899057125793,974.587407221273,207.01444836377186,183.33372554005075,132.67708845113634,137.92075604386855,204.3461705862469,176.83981957498474,120.68292686456903,184.27836488719618,749.5438350880725,188.8352793258573,172.82276186660715,1010.8498001584027,1007.700675267561,979.8853500197489,984.4679793930188,999.9905995550704,954.3980683574287,945.1733942596021,812.9345123884501,790.517339154842,831.2744123153643,811.8934957216225,841.8945771386035,847.5063987207633,797.874169364459,751.9292874258456,766.642255775613,840.399124159761,819.5909480768184,805.5611868753953,808.6094045920901
2025-08-13,1601.6893465275891,1614.1868237818856,1601.4542724958999,1633.2276513722636,1603.0568745420487,1601.9444463621041,1470.6339933638094,1613.7823709316685,1569.6740077048914,750.1888873847885,754.8047182664683,1543.456854152318,1564.467396172475,747.1314148174557,706.7187325852251,759.5316905557371,762.676415036159,723.1312671733225,723.1105771007293,743.2616543492886,747.1546329853986,727.4954246011469,746.8632459777663,718.8797949351033,717.4269408688743,709.7562484886579,691.0105561846858,671.8235434822636,698.8973780715602,684.8498948903206,687.1210123805116,700.1863890675537,1508.737659446722,1465.0369716841437,640.9764858926296,0.0,0.0,0.0,0.0,0.0,0.0,0.0,0.0,0.0,0.0,0.0,0.0,0.0,0.0,0.0,0.0,0.0,0.0,0.0,0.0,0.0,0.0,0.0,0.0,0.0,0.0,0.0,0.0,0.0,0.0,0.0,690.6825402344093,526.6867102253908,755.0016935322194,724.4345240686874,656.5042169669301,558.5206040925244,609.6792417610045,643.9410274721453,616.9375791884131,630.2572084494299,0.0,0.0,0.0,0.0,0.0,0.0,0.0,0.0,0.0,0.0,0.0,0.0,0.0,841.5231023206027,1213.3236979232852,366.6198095689662,529.6156167823681,530.87238680242,611.8577254127741,531.1678834655265,674.4730456339178,652.8276826327273,684.9883698175579,657.5967955228894,794.8673526923147,756.1824811306008,941.6202305757517,946.5133286685989,978.7477769003835,1030.6645716016405,1031.2965973653695,846.9283681422385,861.1364886757341,952.2738288255484,1001.6922416406973,961.6808773016023,973.5964356322497,182.44251304852207,165.14022307466973,126.93427592942089,136.54073404386872,191.8954806425811,176.83981957498474,118.70024932623596,182.29568734886266,747.5611575497392,186.852601787524,191.6189198703214,1034.8821113210652,1017.3397141209624,979.8853500197489,986.4506569313523,1002.9642486824267,956.3807458957622,943.093296199737,824.7451308998657,755.0080932549187,848.3275668183321,850.9849310447042,840.8876245047004,829.435430097452,754.5428953270105,768.7200300419463,767.4845069268663,840.6416509927565,819.5263798907272,813.2674752125606,842.9398201875766
2025-08-14,1612.4861850401235,1612.0176164067975,1581.4588595158311,1630.2164938845453,1601.0574989664024,1616.2800955552027,1436.5365119567286,1583.1035734760383,1602.1447980454934,764.6957877372572,757.1311054589239,1600.442101859329,1641.4219678852157,801.1203838379662,733.0377304411168,756.7546320149287,759.7641253841629,712.4959518368573,733.1241627939077,739.5319327185973,730.1972056450758,693.4961200543271,706.1060888364403,707.0351887377877,724.3271097419915,725.3783721731355,690.9072825369001,664.4015137050906,691.6181199452399,706.8633272799672,717.9223880713155,691.5238168325733,1489.4312025108334,1439.7481297182565,630.1704271488687,0.0,0.0,0.0,0.0,0.0,0.0,0.0,0.0,0.0,0.0,0.0,0.0,0.0,0.0,0.0,0.0,0.0,0.0,0.0,0.0,0.0,0.0,0.0,0.0,0.0,0.0,0.0,0.0,0.0,0.0,0.0,581.2543304455501,189.14655161999949,717.1856939466948,765.3196984191419,681.3871965340425,496.66330707473,515.6098020947823,529.0681479939005,471.19735570611704,518.0453576408851,0.0,0.0,0.0,0.0,0.0,0.0,0.0,0.0,0.0,0.0,0.0,0.0,0.0,245.84436569926476,1049.8872928028156,252.32889227816128,387.8187331418372,458.1144985159529,504.9095212028544,454.11606363085286,664.4958150507704,644.6518316759382,646.0844012986406,675.7741277617523,877.3227117833455,794.1374609839745,946.1362781290368,949.2658397569608,995.0544551460024,1034.4392962577615,1023.037580511968,865.369799602202,847.6113158043364,922.5276926133649,988.2498457477217,961.6808773016023,973.207385221273,193.18373642010624,170.88303559638496,145.5168288057789,161.95306720653116,206.3288481245802,178.91991763484987,119.84252901715627,182.29568734886266,747.5611575497392,187.84357337654706,192.24571259037793,1024.6404169293303,1007.700675267561,977.9026724814154,983.4770078039958,987.7424922662009,943.9706405698003,933.1357918285581,828.9765985390973,817.3356182267178,864.9281499209251,820.0469117988641,842.8140040081701,853.152729759936,803.5205004036317,768.4775032089508,770.439524114579,837.9824086095423,852.8126650026447,764.8550051866507,668.9557275234105
2025-08-15,1459.7004500227,1488.8259090202341,1081.6488115634324,631.3178853072393,620.9776393696636,659.6297702356434,682.4063030964061,648.6010482593772,638.826783851506,638.6588323921653,625.7025146125635,609.6244178313208,652.602414417898,653.3125651970803,575.6648537460667,573.6823814742121,596.4263607245775,607.1214008684105,605.9593282717703,607.3972265678366,610.8779342314748,565.2864236169399,582.9126451816164,601.645465990258,579.1797734843302,572.7752875683852,601.8619122200935,577.5919541747915,559.6708752276505,546.6324870581548,526.7435336281312,541.8221736705192,511.0878962970427,1288.682861867397,0.0,0.0,0.0,0.0,0.0,0.0,0.0,0.0,0.0,0.0,0.0,0.0,0.0,0.0,0.0,0.0,0.0,0.0,0.0,0.0,0.0,0.0,0.0,0.0,0.0,0.0,0.0,0.0,0.0,0.0,0.0,0.0,0.0,0.0,0.0,0.0,0.0,0.0,0.0,0.0,0.0,0.0,0.0,0.0,0.0,0.0,0.0,0.0,0.0,0.0,0.0,0.0,0.0,0.0,0.0,0.0,0.0,0.0,0.0,0.0,0.0,0.0,0.0,116.54462603019118,201.87969127076263,183.9009767623993,210.5567704436281,305.0176502587269,382.3033122699685,364.5492994468161,435.04318989973063,476.2834895148944,616.0466672433291,642.8637883859618,633.4368962077207,658.4318642833317,634.4907689896772,698.6676359418555,426.0298328346659,0.0,0.0,0.0,0.0,0.0,0.0,0.0,0.0,0.0,0.0,0.0,772.9402927501602,774.371138471253,741.4696848546394,714.5769777492,714.7999214021961,715.7966697964257,720.6168868318973,673.4820087284885,648.0944545078548,702.1709989054532,677.2836048628947,706.7482292045187,721.508906909764,675.3062899447715,604.4000486033533,588.3438788476186,659.4207515569847,678.6530377118784,646.1571279138801,658.4792041230058
2025-08-16,1452.0365025023161,1473.3165862813812,825.4592685269862,639.5319331315777,623.8529617052282,605.5399885554217,605.7716044569104,622.1431827591546,625.6353479270145,585.4489240861054,585.6221343207121,626.7511599423835,634.6520189996106,616.9390905649187,570.3671962226832,619.2785244053291,604.8000701286899,584.3435550575671,533.5382986219431,551.2190340159339,540.598605174878,528.8051602750345,568.2748514429534,573.4132509503924,538.963294704071,530.2785230831744,549.4299793556706,533.8276265857708,532.1363050830623,512.9857798773838,525.1429349573771,526.137943867052,529.9198664995055,1236.042979688207,0.0,0.0,0.0,0.0,0.0,0.0,0.0,0.0,0.0,0.0,0.0,0.0,0.0,0.0,0.0,0.0,0.0,0.0,0.0,0.0,0.0,0.0,0.0,0.0,0.0,0.0,0.0,0.0,0.0,0.0,0.0,0.0,0.0,0.0,0.0,0.0,0.0,0.0,0.0,0.0,0.0,0.0,0.0,0.0,0.0,0.0,0.0,0.0,0.0,0.0,0.0,0.0,0.0,0.0,0.0,0.0,0.0,0.0,0.0,0.0,0.0,0.0,0.0,160.7393692429782,216.71743696248438,219.39406964498812,243.74834322636522,240.2553200694283,275.6595561788084,433.2842026882064,466.47593887526625,481.45035722372046,582.0348583555511,599.7026687460059,589.8683665454782,639.465350939218,699.9919559950098,726.6948730116203,348.7671811577374,0.0,0.0,0.0,0.0,0.0,0.0,0.0,0.0,0.0,0.0,0.0,785.311678473335,779.5479732582266,761.9868089137807,784.9906011619715,772.1532666574798,711.8776480347725,661.7139093000442,666.90453440188,627.9959846955094,671.8654615456921,662.3488952180609,670.7768580315627,666.5202139930489,639.1915755910203,608.9550114337351,600.3578076377355,675.8734406670936,657.6334790681648,715.6783240775661,867.5704897332706
2025-08-17,1625.4424079146293,1589.0783887170223,1578.9044523178964,1630.7562205169152,1625.1174906202373,1645.017068505267,1449.8017308741287,1574.726278880917,1593.1860653961112,761.2316078234925,753.1582113836179,1573.3728916012458,1597.7018285547879,752.4082634153574,688.0693407365841,774.7427260534387,803.0604645422529,726.3908589978531,711.0450869288496,716.279122692934,686.4569500955606,674.6635051957172,753.7598726844,748.7843547849726,713.1042289059593,700.7898758599033,708.206716474635,712.7029127378084,723.6553426941961,678.8860383377677,693.9447665158857,681.5380212173511,1448.5355809439575,1410.3115976682914,608.6236920343478,0.0,0.0,0.0,0.0,0.0,0.0,0.0,0.0,0.0,0.0,0.0,0.0,0.0,0.0,0.0,0.0,0.0,0.0,0.0,0.0,0.0,0.0,0.0,0.0,0.0,0.0,0.0,0.0,0.0,0.0,0.0,0.0,0.0,0.0,0.0,0.0,424.2576929485465,437.14587470257254,481.98429959521326,481.83286880872646,460.773443017445,0.0,0.0,0.0,0.0,0.0,0.0,0.0,0.0,0.0,0.0,0.0,0.0,0.0,76.83146479147197,623.4950693282898,179.52529706531797,309.25387898984036,318.61919258094485,373.77766795501907,400.42030332022216,638.529309695499,588.3887868981204,625.669650938289,639.6114882108639,835.5523247926832,760.7792741897201,955.7877764078573,975.699573215979,1016.2970328610463,1056.2627241576972,1024.725543629651,883.0861513684522,853.0559902621568,949.9080115653212,990.363589569749,994.0619442916224,1011.81829903482,227.17853047960034,195.17465458423135,156.9776256562957,169.80590035790624,223.15504386354246,198.3235522342702,141.16684090584158,195.16634925242852,761.3948625447283,208.5712265460072,205.6379306254098,1048.0421822185638,1035.1322981957182,1002.9536447781106,1007.0058042824326,1023.7475605143825,977.5953821960397,944.2761649664054,785.6943780839683,803.9943220905623,860.4056111923262,841.7964686306358,856.3017066409099,866.3350558988702,795.2769261058262,772.9821752584419,745.7231670458351,858.2528251479258,840.6113703344606,841.4997727897936,854.3057735779163
2025-08-18,1633.4357757575074,1646.7832945427156,1613.667029861067,1656.5197418506236,1630.3347252836274,1640.9327544648365,1493.4082591282188,1634.3929149807504,1583.0243444067587,774.6467040227956,787.7604481044373,1590.0763854589218,1580.838924336689,762.2237320762599,705.8526162384193,744.5093338003664,758.1771188601093,736.1324978146085,732.8629882786112,742.7519399960711,744.1497808195786,727.5659749674369,740.8416979875935,684.3076835048571,710.8175361256972,723.5063688096294,749.7803063657511,723.2069469521495,722.5317011096628,668.049901158802,658.6843200702989,669.9981612884245,1494.1339589760746,1415.5187287378822,608.6735623117934,0.0,0.0,0.0,0.0,0.0,0.0,0.0,0.0,0.0,0.0,0.0,0.0,0.0,0.0,0.0,0.0,0.0,0.0,0.0,0.0,0.0,0.0,0.0,0.0,0.0,0.0,0.0,0.0,0.0,0.0,0.0,597.7558221766336,0.0,53.724852609584076,657.7833491684685,601.556569335778,537.1613561013633,465.2599349679041,489.4644441972837,485.58582335028353,481.57272172299673,0.0,0.0,0.0,0.0,0.0,0.0,0.0,0.0,0.0,0.0,0.0,0.0,0.0,196.0313397670553,959.8667025113966,276.22491780043515,372.6160927613354,406.3708049838496,518.5235791349725,470.4731442672297,611.3753732446065,578.0319179922045,648.6294110090872,631.4054843442416,832.980421302109,784.6261544878544,965.6012472037456,968.4056707529322,990.9895513457927,1058.9900986971415,1052.5255534725904,912.8311376242704,874.9781556223005,949.1986909144872,1009.3404284373748,953.8082914481771,981.3736523582794,238.04478148175008,197.7014955722948,152.62475847338783,171.6118271701423,219.55827100185797,197.104580562848,151.52868701132218,212.68386110923484,766.5904209713663,201.81722676826644,208.95755688093527,1059.042817224307,1043.7648149392094,1003.303663250017,1003.748504448321,1020.1359931292326,979.1252316102252,952.1402946630076,828.8877044072095,829.4414787812224,869.1706209720286,852.6878651318226,890.4599123377569,869.9130254842382,786.4978845931436,781.4065151163971,781.5868392774569,856.5001581136054,847.3198200037292,846.7548625233709,853.6166936128454
2025-08-19,1650.508762269024,1669.039623218368,1646.8914192240704,1622.5461597766455,1586.9739554358498,1621.0041648400088,1491.1817374230702,1608.3182991676113,1569.5839095073432,761.3225669574731,774.3734818671434,1574.3097689264,1627.7042991458682,802.2665898240195,708.232537377016,740.1610137085283,763.9525634846542,737.073198421359,753.0651325142481,763.3988188121899,754.7449776458665,721.1484063739618,763.9158723304446,720.2048766248764,721.666994782718,709.1678267227793,687.7972769019533,679.1309712110279,731.5778027340928,718.3722472766915,695.935476367248,707.8971790692681,1513.1765316234446,1451.8033104616534,643.7990390006664,0.0,0.0,0.0,0.0,0.0,0.0,0.0,0.0,0.0,0.0,0.0,0.0,0.0,0.0,0.0,0.0,0.0,0.0,0.0,0.0,0.0,0.0,0.0,0.0,0.0,0.0,0.0,0.0,0.0,0.0,0.0,694.6852424053909,247.38289633475037,542.8418800342249,473.68379494076765,396.3842158363814,417.8779694935579,370.37551800463,342.10387725715964,413.2828759881476,510.2960996798358,0.0,0.0,0.0,0.0,0.0,0.0,0.0,0.0,0.0,0.0,0.0,0.0,0.0,499.7042676183691,1070.5074930953108,260.6651948145557,394.8916429225258,416.9507997180916,436.7328348207226,429.80062222062486,640.3390995521717,621.2740197454974,717.7344233235059,675.9886760197572,830.3103944822836,768.0306964576716,953.0056684357701,970.5439909674723,1039.8054304615655,1076.6084529157881,1058.5982597099016,891.8658781565643,861.954209414189,967.6623692416382,1028.4692262513613,993.1741304744243,1004.1761484643525,220.21248718345305,197.43196349504092,162.9327933419496,177.03554159031228,222.06208826415832,200.84558395323143,154.51798352027686,209.39869792403374,770.5869301812984,214.94104703663493,204.47722846174838,1047.787266105936,1045.8169644874208,1009.6046408227594,992.9727919453007,1007.2018807887321,979.9952090388601,956.7148041077162,830.7650912627437,817.5154403151025,872.3673026123557,870.3118210380735,882.1431478411967,862.0991961877096,777.5254442319302,752.0194535889717,806.8065760777788,884.9445679443769,828.9759983852132,777.6606186398559,780.7647612829177
2025-08-20,1605.0050147538452,1612.8576316194053,1598.6589679949047,1613.8180276507642,1634.4135531956265,1639.2326704880343,1481.4142790491783,1609.7695313167508,1605.8285294278726,781.7575071698839,760.0613175891993,1552.3987385498626,1598.5731199108936,767.4410857044277,714.2628203645664,767.726146577104,801.1997533692274,752.4958253371026,734.1975408096079,735.6342593839584,726.7840863613336,723.3683217966069,756.7193679338257,736.2583768945746,688.7316380696429,714.2976313090355,733.3872849440862,722.5756634592578,733.1706822818286,712.1106693381372,682.6945695323104,706.3743299484607,1554.6545593011895,1448.7939631915847,644.975743838274,0.0,0.0,0.0,0.0,0.0,0.0,0.0,0.0,0.0,0.0,0.0,0.0,0.0,0.0,0.0,0.0,0.0,0.0,0.0,0.0,0.0,0.0,0.0,0.0,0.0,0.0,0.0,0.0,0.0,0.0,0.0,663.9050420689459,253.8523503124326,637.8312203779114,515.1661500212766,501.83578545787077,495.644206418932,396.59734262944966,419.6194857028167,440.58531465258153,416.4262891426402,0.0,0.0,0.0,0.0,0.0,0.0,0.0,0.0,0.0,0.0,0.0,0.0,0.0,476.9243041882203,1124.3546018749505,302.8565013503659,408.1255324842398,457.33391826540065,553.4919964550443,481.9608586447856,628.0170731865633,599.2284318545377,690.715507885334,652.4547432939376,795.6867671208338,738.4152241185141,952.6831170539332,970.993234658775,1025.9001049519768,1088.8508017750028,1064.4046002911773,859.3397150237727,872.392051014904,995.1535554306871,1029.0465081864684,1007.6978989375027,1012.3338509269679,196.16662331497105,183.44641002463834,168.44802674240907,174.67108061163412,198.67212213101357,162.78618719295253,118.88699218708052,196.48649245122078,765.3913717546607,220.2528438143761,202.87850259021639,1038.689573252844,1037.9283302959093,1009.2546223508531,1010.1535871977242,1024.5979603242251,987.9558091751098,958.6553363810947,830.4695591341256,800.5472194878492,840.7844431262905,815.039455998796,857.2987776212606,858.189787359805,780.7654016213553,732.3774922980762,747.9745293201395,825.9786357313485,804.1591206567849,789.8566517387766,828.0213049603509
2025-08-21,1641.4041336746936,1628.0161051270843,1594.1458850338315,1649.0143615767283,1641.2359944108161,1645.0514283621837,1455.8358576100231,1587.3505742329123,1586.5775915803629,764.3648092128204,780.4731816525323,1608.796642852903,1633.0580122843185,792.4153889316998,710.5782525590004,783.980205847736,785.3646547968104,686.3486221664058,669.2215640490211,722.3809230003712,742.3675669467771,751.050300358898,772.7058884094606,739.0154581183568,708.8219759304535,721.5398754628287,725.7765081769344,667.070646325536,668.3495371575583,678.6332128924388,700.6858810460169,708.7767488976281,1494.9724491710472,1433.3326563666287,661.773136937913,0.0,0.0,0.0,0.0,0.0,0.0,0.0,0.0,0.0,0.0,0.0,0.0,0.0,0.0,0.0,0.0,0.0,0.0,0.0,0.0,0.0,0.0,0.0,0.0,0.0,0.0,0.0,0.0,0.0,0.0,0.0,536.7880477821053,30.859759282296864,491.6398635856617,529.5219593330833,492.6385789064832,410.7026517056191,474.0404638769452,476.6262764865883,456.00984433655896,459.7781919911738,0.0,0.0,0.0,0.0,0.0,0.0,0.0,0.0,0.0,0.0,0.0,0.0,0.0,189.30859549929824,831.7103458133874,251.85520631647782,361.7098765372405,405.41781714006993,530.034830081107,498.9876005767961,648.5637364793572,660.4300092047032,682.0328760579881,640.3530098266353,838.1525284708284,793.887467001959,977.9689118082132,978.2502429181192,1016.7375771998843,1063.8564820639128,1044.6542570963825,896.6327886422384,853.5593340087132,951.2949065136341,1019.8300551321765,995.7622468642223,1011.4549327063727,224.18195974422997,202.36889416720123,165.94450263588305,172.32218040355997,221.77027198371434,202.60715682280488,147.72500612090425,202.08214938523588,765.5360607625503,217.892382856802,215.31962507708522,1046.1350545263015,1031.0581045249148,1012.1648902697809,1018.01776933575,1005.6982478062116,983.4189268422358,954.9619293320477,799.7543193368738,768.4195955925709,812.2824652238355,795.2293528289329,857.3108105400704,857.4355074358803,817.1560192301929,804.8178647994143,772.5145003397469,815.9099798424533,841.3427419105145,791.4101193497698,672.7664392046536
2025-08-22,1469.6811739250675,1488.4288267884149,1279.8301052931447,655.7962482714973,635.9033465138593,652.084269097639,660.1881884484097,643.3849908189911,648.7389211046778,611.777916159755,596.2898408327572,588.2988217164633,627.1817037770796,633.3541004370549,601.8612952321962,609.7337054765941,607.2535061852095,574.3495781366518,572.7134942072474,576.243922196054,577.7787559393788,546.3928564935286,587.565714577574,566.6652033867134,592.317011534703,567.6621009556651,540.1515662703371,540.1738400815127,575.8811171379501,525.4112992982625,521.4740882788858,537.8734896873839,525.0340074748478,1298.720158887857,0.0,0.0,0.0,0.0,0.0,0.0,0.0,0.0,0.0,0.0,0.0,0.0,0.0,0.0,0.0,0.0,0.0,0.0,0.0,0.0,0.0,0.0,0.0,0.0,0.0,0.0,0.0,0.0,0.0,0.0,0.0,0.0,0.0,0.0,0.0,0.0,0.0,0.0,0.0,0.0,0.0,0.0,0.0,0.0,0.0,0.0,0.0,0.0,0.0,0.0,0.0,0.0,0.0,0.0,0.0,0.0,0.0,0.0,0.0,0.0,0.0,0.0,5.625269791863609,181.38887456230273,287.5038884032621,339.5850902097192,239.12734674618284,220.3621080758181,255.19747558639637,426.96650244528763,463.42235390338135,495.58407605638746,604.1903636056435,616.9627727086769,615.8529765679857,647.9186262778531,734.01086266078,726.2190544335467,398.6085393297359,0.0,0.0,0.0,0.0,0.0,0.0,0.0,0.0,0.0,0.0,0.0,772.708763233557,727.2268128191633,752.9609826290416,756.6975394423483,757.7178599454064,742.8477126963176,731.8298894647327,633.7281914002315,641.518328065583,684.0105903564811,630.2717435547299,667.0599567440487,683.4795012186589,648.1517738480246,618.3976025329342,625.7997760020382,676.0634298092709,664.6944245533989,653.027216538341,653.9651140893255
2025-08-23,1476.462754468714,1466.7900296055736,1089.249364638707,637.9114459705363,601.3657373942353,629.3724036943248,660.895020291421,631.416442313958,611.958893365481,591.4557830319299,581.492663992466,595.954996631231,649.3940986558565,622.8827786938444,557.7248412905216,637.6173902107763,623.6645284295364,592.4631360460369,562.8912489029595,558.8408915083769,526.104020918682,523.1274767171602,592.357822839677,595.1758646155065,532.8001403433237,512.4055722295557,544.2383248855924,548.2332417688558,557.9160295423679,548.7511391487241,502.9852661911153,515.5930333932508,536.4080399592156,1283.8626323516205,0.0,0.0,0.0,0.0,0.0,0.0,0.0,0.0,0.0,0.0,0.0,0.0,0.0,0.0,0.0,0.0,0.0,0.0,0.0,0.0,0.0,0.0,0.0,0.0,0.0,0.0,0.0,0.0,0.0,0.0,0.0,0.0,0.0,0.0,0.0,0.0,0.0,0.0,0.0,0.0,0.0,0.0,0.0,0.0,0.0,0.0,0.0,0.0,0.0,0.0,0.0,0.0,0.0,0.0,0.0,0.0,0.0,0.0,0.0,0.0,0.0,0.0,136.55401396924114,116.99424307568611,183.79293421443666,234.35125163779537,258.29996667054706,207.45419415079877,247.93166537219093,395.95162340197584,464.4535961555075,420.1201668893291,584.0347475301555,591.1183148560798,591.9242273099651,648.3851376896987,742.9081590673624,754.207283414467,482.99668990923607,0.0,0.0,0.0,0.0,0.0,0.0,0.0,0.0,0.0,0.0,0.0,727.2441732241183,783.2668815834794,755.7985745954772,742.821083685382,741.4904972018305,710.4316548380452,675.5953905467923,632.3349280060039,642.1259901898568,704.39398113467,663.4382772208143,687.7577082161358,685.7626376012911,628.7697447852407,601.8329632587015,607.045940987897,665.5921080660607,600.1790074092213,653.3561676912379,791.9548600150582
2025-08-24,1622.024307297817,1589.3630846669914,1589.4315126412414,1624.0347965278506,1633.8720573371331,1615.4783730874362,1430.8832758135293,1593.3482013003259,1636.877366322511,764.5185651848032,746.3011198691191,1562.552519858803,1617.2117906544113,791.6476627172514,724.958259701396,783.6584721425063,802.0533910450413,745.2281337060624,720.4538021871705,730.4099619881449,728.7504632563628,711.4222446756335,758.0284142638375,688.3781675616713,664.1440401711696,698.5024712972179,706.9470243468046,704.6849619922681,725.1746190885789,703.4254500331599,695.8015213753154,693.1448018581683,1479.1615551572609,1443.3457036608206,623.3224337806577,0.0,0.0,0.0,0.0,0.0,0.0,0.0,0.0,0.0,0.0,0.0,0.0,0.0,0.0,0.0,0.0,0.0,0.0,0.0,0.0,0.0,0.0,0.0,0.0,0.0,0.0,0.0,0.0,0.0,0.0,0.0,101.71119552859744,0.0,0.0,0.0,365.9610654468787,341.66524669876264,396.5591435500393,443.85507305402064,550.0519821372866,543.1235136137058,0.0,0.0,0.0,0.0,0.0,0.0,0.0,0.0,0.0,0.0,0.0,0.0,0.0,169.7091127884755,653.0645663296411,229.9891143825031,290.2636850436504,322.24676823487164,450.19471707905427,449.9349456774486,638.5165440540391,625.4600234691752,669.0012455519457,643.5024778903628,816.3061391667784,723.7383953189569,947.8996441599193,958.4032903044409,984.9336714847243,1049.9344353512438,1040.918063245012,853.6575508118905,877.9848814832438,962.0133153462567,1015.9906014532553,995.4054446202431,1008.687822105226,198.7097026240226,203.0114414981008,169.99027506336972,172.05459299640313,220.20146993401045,203.98830802023963,133.21361400404362,184.45685451527265,765.0217447558271,212.83708446211244,211.66743389234784,1036.1004842883497,1022.4580304158075,993.8176595857784,1009.0922696938127,1020.5361780677213,971.3431459895702,940.3310680161509,804.9236783998056,805.7325691536455,836.4115913755031,782.137350839609,793.8494676927249,852.779884795006,823.1201563260545,746.1070899857132,733.9817647395004,845.116312361441,836.8637714445389,828.0608994653203,859.5979686035782
2025-08-25,1629.630576720976,1586.8408153428186,1561.7487250534346,1556.0051893171058,1587.4477410264485,1633.8071725607006,1420.0022589717005,1559.5789033832348,1548.518331254309,762.5175453297584,743.9556905761103,1582.473510168105,1623.643235243014,803.9281348611898,758.921765520103,730.6925131564598,732.1185389608485,705.789782787047,700.5335611547881,708.6966850030602,711.6275683400243,692.0217090568832,686.7365922719027,736.2260237474628,752.9532898447486,738.7758292671773,700.5007464113205,718.0422186934242,714.1837342715878,665.9806962349186,684.1207066638184,728.6586147920451,1510.4951417709606,1426.3434874817415,649.4159408711441,0.0,0.0,0.0,0.0,0.0,0.0,0.0,0.0,0.0,231.28872979189896,188.27484872034614,0.0,0.0,0.0,0.0,0.0,0.0,0.0,0.0,0.0,0.0,0.0,0.0,0.0,0.0,0.0,0.0,0.0,0.0,0.0,536.3585317440206,468.394610662799,450.6928892865383,439.348190155011,439.3208305593123,572.1876814482523,587.5123648780581,529.1933968518384,551.531429533558,642.3474966750999,568.9682123742225,512.5853646293267,0.0,0.0,0.0,0.0,0.0,0.0,0.0,0.0,0.0,0.0,0.0,0.0,1017.306883466287,1054.2021455518511,227.09383515520466,256.5677316523082,370.2838191355235,452.2290889667595,492.407243833918,505.781252163367,606.8880203181335,697.399070106955,680.716551805697,744.7987763379889,861.841451171211,859.1348597816404,869.7036834179174,969.9096928854588,1010.5444794306069,999.8527753271215,930.838273742809,951.021622392513,966.9100160301291,963.6970029661283,1007.3472178267277,1010.4518025472076,151.67667332401697,180.76197068629358,135.1457142340447,141.35838421950552,162.3369722441231,227.80011395425345,204.31134003189214,197.19901831288803,701.3401517140192,181.01683934280572,204.9529614789651,1042.7030148535678,962.6755277205607,975.353882949377,1000.0319183562366,1000.3299851943284,949.6560010799315,943.7653996072677,807.6283933817475,745.783899421959,756.7361829431534,801.1905905741456,780.5350108334321,778.8006635616981,811.6582059076579,795.2777227788656,799.7811972379325,765.1150044010068,770.3132985268207,780.6969004511039,824.8083621135136
2025-08-26,1609.0122083899919,1629.0397146382952,1572.131235750775,1573.7547925288313,1606.3190753205095,1605.750360175832,1400.5232432301677,1558.4022130521666,1532.0217384720122,702.2430772505368,748.249237801177,1593.0858743051253,1576.0156344543639,716.3747765618755,728.9861887499093,748.7294936740915,741.8720188243149,718.5558092692968,721.9171222036196,724.1539536927932,705.2161521825702,718.4398956653492,706.5939290388563,702.0941803304676,677.1733735389757,681.9096240928055,708.5956639913172,728.6020512599008,717.7964487480831,673.718640327187,669.5328234895469,697.4940020788595,1539.778270305238,1466.0888516049777,638.8801182191294,0.0,0.0,0.0,0.0,0.0,0.0,0.0,0.0,0.0,0.0,0.0,0.0,0.0,0.0,0.0,0.0,0.0,0.0,0.0,0.0,0.0,0.0,0.0,0.0,0.0,0.0,0.0,0.0,0.0,0.0,462.3632510802837,696.6552740449124,590.538732556643,596.7556256696865,625.7298495098371,616.5904865868242,576.4457385065984,574.8586030159557,612.128202801093,574.0160094168293,492.6374063985362,0.0,0.0,0.0,0.0,0.0,0.0,0.0,0.0,0.0,0.0,0.0,0.0,0.0,992.4589814786434,1079.429754192247,270.9240009145364,315.6477817464286,344.75496055915187,478.42487819476946,512.4433210527293,539.5834038762081,584.674109570307,686.4026993791923,681.7479276554811,700.9971470983542,783.0814301881212,822.9726774259198,844.5494157668337,958.9844365795693,988.6506212681044,1010.7857279342951,859.5557544009378,900.8905459838172,965.474704057012,988.1944120248568,980.07193271641,942.6170873557913,124.05517477979106,115.33011593772244,141.2086720048768,156.24717575401985,168.16460098803825,139.17206948942635,145.10556528971802,143.49150945798522,672.7680069976973,132.49262913208918,129.4423550005689,973.984799536027,962.4192512730942,974.1877244293022,994.1133335973402,1002.0402217407268,984.34998565807,934.3515172941145,741.4781658356593,767.0838648767717,789.0969941130204,789.7467057515618,803.3208080910332,801.9273050361203,738.0264133480903,771.1583139766321,824.3732044015428,790.4872964667798,742.1797153166353,762.035194686301,746.4064955669259
2025-08-27,1550.468064105215,1573.3917611218947,1572.2642140458217,1586.4694825454494,1601.9575522651191,1629.6090685437407,1393.2426766393328,1534.8772639650792,1569.1970022620926,721.7498175460103,713.8909603787826,1554.4389250751915,1564.8469236096912,724.1802413436146,711.3770411690081,703.533061471932,721.7434820095946,746.4695016761274,743.170820480555,726.8855623780833,703.4363785710735,690.2110137049546,700.3962901185113,689.9134294634798,685.6450578778242,630.463908330165,653.4238917855415,706.090994091549,724.1754813520229,658.8102330949004,665.5782226801324,697.4103003462872,1541.6084795820655,1467.9545465657307,646.3709109521442,0.0,0.0,0.0,0.0,0.0,0.0,0.0,97.93826327584247,373.1700509169282,324.6815625124377,229.03225124679838,0.0,0.0,0.0,0.0,0.0,0.0,0.0,0.0,0.0,0.0,0.0,0.0,0.0,0.0,0.0,0.0,0.0,0.0,0.0,721.424353496563,750.7464278233872,752.047310061542,744.8408959583901,766.9475139307531,796.0950133387964,683.4746022982904,800.2175702976789,794.9277183170916,638.2715521115922,640.5101943563255,646.6962900043734,0.0,0.0,0.0,0.0,0.0,0.0,0.0,0.0,0.0,0.0,0.0,0.0,1010.3991238448209,1078.5443013341915,275.0322411319221,275.56112010217004,366.39055635581843,441.94913223134034,450.2795174801903,535.3602356451213,664.7130760316596,710.3432594420724,700.2598369119261,743.4084478088353,826.6663104999018,895.1344032748123,886.6364213896724,949.6966588480274,968.4108181733322,970.1314885844275,838.0218378684937,892.0309447516781,927.1708261646523,960.0188548603836,968.8575559060387,960.3116285893378,210.47979829251835,203.41574374167476,137.11735180926814,180.61899634163717,138.9358759797691,168.0169097902076,172.324178715647,148.1759633312406,701.1315147577823,205.43083961532307,166.1792446041012,979.9639721025094,949.9274627828602,979.6253965886631,951.4977933609925,988.5630832907104,983.8760130901921,906.0025905571852,759.795278698865,772.426220467423,786.0596839311886,741.5304240213818,747.1255678947267,770.3248528665908,786.9984208464251,778.5130917861502,783.8877413404762,756.5086566703654,746.5485486095304,738.470066710377,773.7942428355367
2025-08-28,1614.734366419345,1580.0770512075692,1587.7866686700213,1576.7901632488322,1627.6633710178685,1638.565830436179,1410.5872783985062,1545.3075699548895,1566.0598410372822,722.2773589004007,727.8634573864897,1569.8855702466672,1578.6937474013744,698.5366996238595,725.511715298985,744.6789759257034,724.7083886818004,735.5495969711053,705.4146344533822,720.0183098285758,691.696764158344,721.1923623020247,737.1242087965202,717.7268316092342,700.9387184421,682.3899305908635,695.3815111247543,634.0833428749332,659.2324647268653,692.6242942551062,693.9687097396202,677.0419390553076,1499.0139228855642,1466.533725837477,639.7865517963478,0.0,0.0,0.0,0.0,0.0,0.0,0.0,0.0,0.0,0.0,162.89895106703744,0.0,0.0,0.0,0.0,0.0,0.0,0.0,0.0,0.0,0.0,0.0,0.0,0.0,0.0,0.0,0.0,0.0,0.0,0.0,631.6568228073743,605.2767255608409,619.2685650563824,574.9678446051598,585.2405299577534,599.5575459394211,598.2473515991222,599.092069921933,602.8825523237709,614.278569566,601.9211832265994,0.0,0.0,0.0,0.0,0.0,0.0,0.0,0.0,0.0,0.0,0.0,0.0,0.0,983.4405389833425,1071.8080777877421,850.3856267778394,280.63983869464863,371.77534205971745,391.4201928266169,399.38191405186234,492.58034618592603,589.211342403191,642.9763749908944,655.1385553556481,720.8592015263863,788.1027995933962,865.8169039935898,879.5652217419313,934.8833033367886,966.9092687896724,976.1724151119037,818.147957557127,910.4621416392481,974.7078532818286,953.4811064339302,965.5809692469803,992.4641872143186,125.39336356126728,136.1184097144553,140.36565754261687,134.01643007268726,128.36941590696836,142.0972674445161,146.09799842588018,139.4740725552498,677.5907149163868,184.4011443725268,171.23159061346985,974.1153486251907,965.9611580900632,982.7881346918899,1002.9414751553065,1007.9456214464795,971.3767285270714,923.2416722115821,787.6079417913825,788.3745614040895,775.543220841198,715.009082549795,777.8540376052727,768.3417902960227,768.2072080000623,790.4492620356685,797.7268545213884,764.7573673625313,785.7185414265875,728.5163112408961,605.9663089224595
2025-08-29,1437.6221267515916,1458.7300647848124,870.7359755592169,597.3932162883757,610.3103490895892,610.6350697925947,612.537109861854,595.6004827335512,617.7436354712895,627.4388631026483,619.8818883693662,582.2655575160775,577.8640007305064,581.4212966583384,578.3363611571863,572.5313935968574,603.8647509426672,583.5069962879961,592.4048883150475,566.901432928204,552.8158947098021,554.9625839072019,543.7771563968727,600.9432446519048,557.1797068356896,561.274926726715,585.7408405057603,567.0645052842689,562.1090863661918,533.0120585529226,537.5841733622307,543.3151169219725,525.9961038566233,1285.8392690389958,0.0,0.0,0.0,0.0,0.0,0.0,0.0,0.0,0.0,0.0,0.0,0.0,0.0,0.0,0.0,0.0,0.0,0.0,0.0,0.0,0.0,0.0,0.0,0.0,0.0,0.0,0.0,0.0,0.0,0.0,0.0,0.0,0.0,0.0,0.0,0.0,0.0,0.0,0.0,0.0,0.0,0.0,0.0,0.0,0.0,0.0,0.0,0.0,0.0,0.0,0.0,0.0,0.0,0.0,0.0,0.0,0.0,0.0,0.0,0.0,0.0,130.66326248068242,221.08454938437862,285.7986515432976,301.1128944461499,371.6973092549757,366.25596792008525,261.50425902355636,341.42375285046063,356.9412279428866,455.1074759505295,486.61480457818027,537.8244727805366,572.9203715050086,617.725739428848,680.9153571041105,680.8032784344,691.1302636917428,65.86999214398054,0.0,0.0,0.0,0.0,0.0,0.0,0.0,0.0,0.0,0.0,0.0,736.5331616506614,774.4832572188254,780.3013555146513,768.2536529340382,721.2537255360381,728.8610277315327,681.1332312588123,589.9790764432682,639.8155546340942,682.3001567272127,636.9656838241816,610.3030658615634,613.0241795285107,630.3788177838683,670.7621857077359,622.7639661866162,588.3842792010719,597.6369272450104,589.3094737687275,584.8739181407084
2025-08-30,1527.1299207050204,1520.1693887261265,1344.0779961895228,632.8543323366675,641.7660500220352,658.2641325493901,640.0226665825983,622.85725135608,648.8266535740629,567.0306617398113,554.642608289204,659.1435352959439,655.515948933959,651.27384861455,641.7858204002957,539.6723816739678,551.8548489345686,605.3749101138005,660.3290061893063,637.7844656320837,592.8685456266218,642.7879912053255,678.8429680780202,644.6476705418036,637.3852170308802,639.3163822950654,646.516287369207,538.4253300788114,573.546581000128,614.1021519293339,635.311695570758,589.306014445692,557.6151164182053,1352.3031528596907,0.0,0.0,0.0,0.0,0.0,0.0,0.0,0.0,0.0,0.0,0.0,0.0,0.0,0.0,0.0,0.0,0.0,0.0,0.0,0.0,0.0,0.0,0.0,0.0,0.0,0.0,0.0,0.0,0.0,0.0,0.0,0.0,0.0,0.0,0.0,0.0,0.0,0.0,0.0,0.0,0.0,0.0,0.0,0.0,0.0,0.0,0.0,0.0,0.0,0.0,0.0,0.0,0.0,0.0,0.0,0.0,0.0,0.0,0.0,0.0,26.43115591008508,115.21045075902177,165.1097733334675,177.8800923888771,235.7679038145794,357.0757053048526,365.04774798193023,266.94982630812217,323.19781494902946,371.97672088999764,425.9524104038289,471.121888928996,551.6269909079406,584.3777503277385,659.1995495749134,702.4680126155305,724.451365975337,737.4624378423139,763.2630860652494,0.0,0.0,0.0,0.0,0.0,0.0,0.0,0.0,24.05307950963038,0.0,0.0,776.4641769292766,791.6460026783266,796.5792348923501,774.4879704913308,763.792715748816,802.6655444053263,742.3414310349098,596.816164812159,696.4402768226198,586.4701182023464,664.9990729941763,691.6871988588556,717.8939405323678,708.8230765541903,655.9624956139751,656.0524821398334,686.4364193555655,654.3149841431401,714.170478463057,831.1274509067406
2025-08-31,1595.9991074840582,1569.6411644167267,1586.3482381297847,1564.0148586804048,1589.791438259439,1589.9949702211643,1411.1028764660866,1554.1205466142053,1550.84695627552,705.9751097244286,701.9051585933894,1554.0631289877672,1569.2769314841617,750.6023230692352,746.0947149355361,729.6658837140113,708.8363386643963,712.9960343407299,708.6031279565435,702.3018055891459,687.5431728629928,699.2774118818471,710.8175441820065,703.380144169975,706.6654530835974,702.6074292874945,668.0634451416317,675.6170074573648,678.9624299397283,673.9568565477671,673.7514761289963,687.743935648119,1480.949906515284,1450.6167465600913,667.7677992889013,0.0,0.0,0.0,0.0,0.0,0.0,0.0,0.0,0.0,0.0,69.6176593627897,0.0,0.0,0.0,0.0,0.0,0.0,0.0,0.0,0.0,0.0,0.0,0.0,0.0,0.0,0.0,0.0,0.0,0.0,0.0,401.4533360553588,351.4751805372867,401.1040954817585,476.4187231048622,441.5370321698695,389.92537494151077,411.6340983485942,474.897679561725,477.97484045929235,456.1494353024096,506.18889707886916,0.0,0.0,0.0,0.0,0.0,0.0,0.0,0.0,0.0,0.0,0.0,0.0,0.0,348.2699622827647,1072.3817224896738,299.01957258092085,300.03669672809923,319.0010217783688,362.8080473686532,463.102520326184,551.534293618391,639.6286158947381,698.6517322587897,700.4638458991006,712.7960681558515,766.1385186441568,852.6901852448595,938.0551472084593,938.0693495118874,975.8313723370571,1002.0673683282218,811.4271593598943,946.7399633836869,964.6670920303475,984.1198841285728,999.5883458304228,990.338733929754,208.16098997050085,160.78653615683493,124.64361562923762,154.98057701208916,107.83521025657251,142.33552792404868,105.05512930642146,98.9345008491606,680.7776576328981,170.01893420190208,164.62258625659842,993.2451897002796,959.4675173582057,989.4714658522106,1010.8480693774655,993.1127564659304,971.9580107138884,915.4228294353629,772.7893509301227,761.9344303729791,778.9172346660229,747.7445665860898,760.0065311042797,745.3765692254126,776.4635543619295,769.7307531077719,792.5251247024852,785.9115412981805,782.1699637930176,756.145813919022,781.963963198499
2025-09-01,1608.5092294096103,1561.828328762571,1551.2399363868026,1529.6449503876447,1532.0728725901336,1580.46756301122,1410.4199503782716,1562.2050813227147,1572.6698831304693,738.7662894221019,711.7848154726566,1552.433183261362,1560.2006281884458,737.2158594326569,714.4580963394368,731.5978931551458,711.0318934714736,703.5809437401881,714.1101487593494,707.2547821464372,677.4461480616263,647.4190890643873,695.2283794186059,735.1415057590643,736.7407188773832,705.6338575309468,706.3660068243826,692.0527743393435,691.1235333388886,702.6641602009377,700.1766687563695,693.4730226231566,1521.8030589270188,1455.1795714216223,657.0072438525602,0.0,0.0,0.0,0.0,0.0,537.071337553094,488.33006736522583,418.21127308879807,381.8344539175308,352.6637771764531,355.1150445231617,0.0,0.0,0.0,0.0,0.0,0.0,0.0,0.0,0.0,0.0,0.0,0.0,0.0,0.0,0.0,0.0,0.0,0.0,70.64166679723189,588.295935767613,471.61963764192126,489.17996184905843,542.939947973161,531.0023303901359,576.6170996908863,540.1691635651526,561.8422156510977,566.558101338127,562.636002324263,563.6150555674958,637.27847133071,0.0,0.0,95.42752364656089,0.0,0.0,0.0,0.0,0.0,0.0,0.0,0.0,0.0,1200.5645828663942,1162.149377259839,421.5033176921072,479.548337835096,534.3601215692543,569.2519275998541,629.8431966483395,652.0314351266503,707.430290791568,780.4574266126494,746.6216966130294,752.1179425477385,847.4069556607501,899.3234016341112,942.0908768875378,977.4396726705509,976.9228949631805,956.4361383855933,835.6337656451437,886.1613368827852,955.283223997697,968.9645923425644,969.6970404885424,970.0424844806271,106.5453651070319,126.93996379206214,130.54329204448732,131.31444112534018,114.2650389988446,146.0825901877539,143.4148964470661,119.95488586806596,652.1651939471208,148.0559078561272,151.22175281222246,997.757495199775,973.7992850804434,990.5972237941533,976.6010757756733,988.9091912394492,975.3267899078991,931.1103932032438,791.4256575065428,721.2743350667815,733.1045092780212,749.1640154499102,780.1601966981807,765.9362566096438,800.0560157463442,774.5238684155273,775.3963745066507,752.2490522871392,737.293949529645,749.9211861389618,781.8702962581815
2025-09-02,1605.1259086467894,1574.8756005795194,1555.8083985486128,1546.8896269128245,1556.916555324156,1575.9982255271111,1411.0290896791857,1587.8589020599097,1551.2591461741185,715.6857706610051,706.6237433377612,1523.4051695408582,1515.98588742413,704.9976021064235,707.2436887050465,719.3786888847953,719.9647822889223,697.7236207950725,689.1539154149065,699.3888425660497,707.5486834668865,721.7387795409352,716.2706664150813,706.9038361234846,701.8921189292705,715.7366064509373,693.7081917617573,693.3251127144775,663.0865290867165,682.8745735844108,658.1853089075964,700.1661997692729,1536.0206596006165,1445.7772131564607,608.1939901290111,0.0,0.0,0.0,0.0,0.0,0.0,0.0,350.283432146539,308.8126611008032,305.3234382111401,233.87003957467218,0.0,0.0,0.0,0.0,0.0,0.0,0.0,0.0,0.0,0.0,0.0,0.0,0.0,0.0,0.0,0.0,0.0,0.0,16.778639639469866,844.0049275170888,623.3601901319014,700.6358938164886,649.6479450971439,614.129426321843,574.2996265567098,537.2906870639556,465.041363484465,474.6366976805628,579.2947417938028,445.1647887680532,612.616517902806,0.0,0.0,0.0,0.0,0.0,0.0,0.0,0.0,0.0,0.0,0.0,0.0,290.963934729902,1100.987628625231,369.970926554104,380.9968492401862,424.01194091636177,439.40243238054717,526.9546791828826,606.7435574419725,646.8105146580469,697.5441573368096,700.147064800482,761.3710942096914,806.2576990141465,883.8128633332717,935.7425533571123,995.804706941614,983.0081248471699,957.018415120723,838.0088576030537,854.9350263234855,969.0567169187997,972.3649605454832,943.8826764746275,925.4475133613926,107.96337401080973,124.46897889065156,120.67566144021725,139.47396009940474,145.24774863301627,136.14442936940668,142.75181246656132,130.1820207372583,647.8494300981686,93.26347104926401,147.01625416208208,994.878714023968,956.4892023281134,985.7310325649119,984.9057897577654,965.6255408327195,982.2890738037017,935.7234296907116,756.8988321324006,760.8588967490867,772.376545890821,725.6015129349411,758.1337256390217,778.3376040673274,738.1962796664486,714.9262819128493,747.7079599128978,762.8081108666153,739.0135366145477,723.6123386188948,714.7320511666774
2025-09-03,1561.8470357921078,1559.5676258810986,1591.522939675101,1594.364814954984,1570.1512997306238,1558.8954851843773,1391.626800647271,1582.3641661383285,1578.187445449506,789.4925951861832,728.758832959955,1545.5901244223548,1545.3665046483584,741.1519463760931,714.1697056527428,706.5793356371572,735.5094095738558,700.4801638718039,701.4924005396899,705.8479339220843,697.0022334176032,697.9648585967609,700.0709603910894,730.6259984916803,693.7708608094224,732.2167833032169,675.1169069527575,675.5733896184112,693.9744162148892,674.1957873457444,655.6538390969948,687.0570395415662,1525.5405371508077,1474.6385832083306,659.4658452766025,0.0,0.0,0.0,0.0,0.0,0.0,0.0,121.89528346687592,381.3119090873781,380.3853130902032,250.14646553654075,0.0,0.0,0.0,0.0,0.0,0.0,0.0,0.0,0.0,0.0,0.0,0.0,0.0,0.0,0.0,0.0,0.0,0.0,0.0,488.24012898959256,695.7727937866781,711.3976409907988,767.9590742575244,613.2390253552261,628.4365813254776,639.5900618471098,469.4968769289368,508.5252285966229,491.53769120812115,438.06005271748626,0.0,0.0,0.0,0.0,0.0,0.0,0.0,0.0,0.0,0.0,0.0,0.0,0.0,596.8116082945406,1290.575990355966,473.991868455995,478.30290578276504,522.682497344158,531.8387866405986,563.1833706611948,606.1849600827891,645.0862726993013,744.4042911241555,730.5588982885921,766.6892808815845,820.9218837567034,899.3578771514797,926.1816855013733,951.2164602513448,1000.6789466837041,988.6073226109371,834.9281121146238,833.9104730297769,919.0261331998253,968.0394519665249,995.0506976014226,992.7900153835702,159.60801917562458,170.06708570839737,178.68311144414974,144.08017447409964,165.6688092855378,196.7865730400306,201.18875155040246,191.11982319020603,690.2061542045699,152.93941273559358,158.40492284427046,986.444767534414,1001.6140181357293,1022.5484469478954,1009.5109155360092,991.1662354092766,1052.647263144342,1005.8668858936475,775.1136655789916,793.5859138724815,807.8202786725849,778.0060107784437,759.1054055540659,774.1020436149726,743.1286109552127,770.5877357476207,809.6005211466635,808.4582308740873,775.2600556960879,821.3468490890435,865.0199855502923
2025-09-04,1553.4605446875653,1552.107496482739,1550.4218062550765,1537.8014193922236,1576.7717143126774,1592.3671013742041,1401.355085464456,1568.5987582758341,1558.4091966081287,698.6742016866448,703.0013130991091,1557.739839532172,1581.2703326827668,731.5711373527832,677.0887761704951,706.5095800025031,707.1321630179128,722.6371309878772,695.9774261600359,686.5847143634363,702.2016327290837,701.7011592484099,685.4440308183263,715.0675342614246,668.5861908806924,669.6959853031074,718.2529444986654,681.0259480428751,680.0551306264405,681.6601001787841,703.4652623539274,678.7968498279454,1494.5493222127877,1453.0090458010181,683.8680653379782,0.0,0.0,0.0,0.0,0.0,104.57354552620916,460.6079529628037,394.4891271996301,367.96619779658164,354.8981046490436,269.91046156256044,0.0,0.0,0.0,0.0,0.0,0.0,0.0,0.0,0.0,0.0,0.0,0.0,0.0,0.0,0.0,0.0,0.0,0.0,35.89870045664871,726.8976037978487,716.1978387233872,645.260333217555,613.5954038512359,614.8939897688359,585.476854726454,500.98762392642647,595.8868664818161,567.0771309731456,503.3890051875104,547.4560714510625,889.1336684947419,5.096844867494951,35.77026289076278,66.12572455712055,30.63893507643543,114.16149730222038,0.0,0.0,0.0,0.0,0.0,0.0,0.0,1217.171557810806,1140.1423877901743,675.0650648316179,417.6505309278021,478.00605828982725,515.1254370967661,509.85233275125546,599.6023823282195,624.4877440678819,578.1438004355795,699.263437575775,751.7895853610473,785.3340663488974,870.2923764299827,900.9674389449115,957.6093448556101,1017.4599732722927,970.5194886884933,815.579670304477,889.6072663870923,971.1469939402809,973.0487267455812,937.3822508499254,957.5128459389339,107.822452021132,119.36980574730205,97.66534912038617,123.94609242982392,115.00924968392644,116.14794846047425,146.60201374928818,137.21289251693713,650.1204244820711,100.19767967589416,153.52521696944245,973.6244246757699,930.6346975122665,939.2284790067935,955.968063839182,950.0282775977915,960.487940274087,929.5476163930105,805.035100367955,797.7456124411234,807.2731553541719,722.1242228696217,699.5938613836737,743.235427044651,793.0749950449757,757.3196300694424,730.9941542585868,759.2138662325374,797.1138333509099,736.609497957719,605.4562072547126
2025-09-05,1398.4215777352629,1447.6317918036973,1449.1074727194962,917.6407948354154,1412.0913705745493,602.3925235995384,597.0279629360414,585.037185103293,595.0535612706071,585.0102356548657,552.6456145368568,562.8670954485232,575.0082997334051,581.1261865726123,568.8090860390458,570.5347297369037,542.936016423327,549.2039031436509,569.0557500325366,546.7384404754987,543.7996189574395,551.1133501108126,556.2705936283355,570.058793513803,590.0320075069766,545.4678263725193,554.9397664531637,575.5882893314428,563.3629413533647,554.7484228107021,501.3046712730746,528.7089988705885,529.205257721915,1358.5631021752438,0.0,0.0,0.0,0.0,0.0,0.0,0.0,0.0,0.0,0.0,0.0,0.0,0.0,0.0,0.0,0.0,0.0,0.0,0.0,0.0,0.0,0.0,0.0,0.0,0.0,0.0,0.0,0.0,0.0,0.0,0.0,0.0,0.0,0.0,0.0,0.0,0.0,0.0,0.0,0.0,0.0,0.0,0.0,0.0,0.0,0.0,0.0,0.0,0.0,0.0,0.0,0.0,0.0,0.0,0.0,0.0,0.0,0.0,43.33233496727168,119.48295669398183,225.6749731262348,203.8560874254939,226.67715201906128,287.2590232335288,378.2314386579539,440.7082374467819,415.75302755548495,421.2124574274863,466.5768998536131,457.8115159516249,444.8293166669325,539.2198006773816,579.3600967718934,605.6845979626049,635.3974144203041,672.4865851606083,687.2957997163578,725.6144935381653,78.11857930134715,0.0,0.0,0.0,0.0,0.0,0.0,0.0,0.0,0.0,0.0,0.0,794.0291770969405,768.4501418800916,710.7845215836397,716.0094861542473,711.8799587451925,704.1106573769673,686.8039035933307,664.3859207260517,634.5140169341624,625.6253541620981,628.5380733929134,636.5258525310807,609.1488361520347,622.4694424779641,617.317847490492,606.3232304030558,589.5343230328535,613.0390785225958,607.4169649427588,579.7381887816601
2025-09-06,1477.796211817153,1523.7590447615257,1424.9447559184023,640.430623111888,715.5120776406108,656.306355419223,558.1313887834251,582.783934690823,608.5901206266497,618.4971360486818,618.3782339246599,676.3497414022729,650.7569047597265,646.9061584678666,579.6471029336759,597.9714100725081,588.989393219605,620.1441138422898,610.6917401718224,620.4817029506337,635.4367564144014,516.2214995893293,532.4200375873846,548.3506394520757,591.860722206386,600.2788574987628,596.7981008986922,589.9474099981396,557.5331805418288,565.1929297268143,505.88010578035374,577.5587770465042,561.164799417802,1337.6687443589644,0.0,0.0,0.0,0.0,0.0,0.0,0.0,0.0,0.0,0.0,0.0,0.0,0.0,0.0,0.0,0.0,0.0,0.0,0.0,0.0,0.0,0.0,0.0,0.0,0.0,0.0,0.0,0.0,0.0,0.0,0.0,0.0,0.0,0.0,0.0,0.0,0.0,0.0,0.0,0.0,0.0,0.0,0.0,0.0,0.0,0.0,0.0,0.0,0.0,0.0,0.0,0.0,0.0,0.0,0.0,0.0,0.0,0.0,0.0,0.0,0.7214803075388403,91.38356558575876,107.57940456320976,149.23211537506478,243.79146901706852,330.5868354483256,290.08565774111185,236.96572179134924,279.61295081551447,405.95727451850286,499.02462360748905,521.1286639758848,567.1979129411776,621.1806116768998,657.3663168544309,701.7343635446999,717.4954146832293,696.0324961723313,322.2722326623249,0.0,0.0,0.0,0.0,0.0,0.0,0.0,0.0,0.0,0.0,0.0,792.4258396162741,784.4414963367562,761.106043041604,772.2352987828463,790.4755284984868,761.9520568541006,727.2391842311654,615.3837689347271,648.5580981595268,660.5642760398257,667.9803434904684,674.2335385458375,672.9108108803418,623.87750224621,613.6493116001783,637.8242931008698,681.2013921250413,661.5373907991082,683.5149442649449,801.6491907370839
2025-09-07,1563.923584060531,1546.080862867323,1540.5090855677195,1544.9645814832338,1553.112827341841,1510.6761152581253,1357.6303478550085,1514.4535097755133,1528.2631004948048,694.2047092219359,690.7867397840218,1570.2283867966855,1524.802328650193,684.043523597202,673.9809739780443,677.005117840869,706.8986109196569,683.7593320355135,675.7661656521667,670.7170445870202,659.2684435409064,678.8155784656881,672.750559726072,659.4331375163397,696.1853073437136,704.35459613087,685.8026606385351,686.4066469224974,652.7316141282455,672.0529190194451,701.8260536267942,689.7109792737862,1475.8611797319882,1459.6960326751998,720.1755965058719,5.453220494700872,0.0,0.0,0.0,0.0,0.0,0.0,0.0,0.0,225.64506533497973,225.89354966703215,0.0,0.0,0.0,0.0,0.0,0.0,0.0,0.0,0.0,0.0,0.0,0.0,0.0,0.0,0.0,0.0,0.0,0.0,0.0,675.4189672816927,632.3553929111595,588.9804097263012,534.2357080302241,644.1077023175867,603.970930753345,568.102459574058,564.6771047788818,579.2884051075652,559.9837982351413,662.0270224888703,675.0680771996441,0.0,0.0,0.0,0.0,0.0,0.0,0.0,0.0,0.0,0.0,0.0,0.0,733.002842957992,1115.0717763182088,396.551397312566,472.8713307220611,447.79292536803575,504.46347331993155,566.7240999505779,572.6691537842303,608.1401865718682,632.5602176290353,656.5148021261311,721.0725563631768,811.8771957825436,850.6944482243064,914.9410656516338,915.6470044115467,1001.739267554798,967.9227731064675,825.7210625465643,852.1884415832446,955.6134089304096,937.2388364201604,900.6332019128643,926.3059945355425,147.03528992097176,150.237119899425,116.96841989015195,118.76740277834097,128.29295817118782,121.16008586253156,114.61735973652594,161.41321338900548,683.6406910685371,125.25905709535641,106.67596069437991,931.1039688313716,905.9172670161647,895.3783541066651,896.1824673249262,914.0804654019332,941.2459718236879,903.7240532568375,694.9834137087327,731.3746936004763,782.6722417997933,727.3619035816122,739.7705067447291,716.3549694501999,765.9478655613924,755.0785632755872,733.6469046318089,749.1438902531447,758.9051980583332,742.1828928586447,685.0367534138119
2025-09-08,1568.1789330882464,1458.961907570068,1495.0304363521627,1484.324839855403,1576.9168507843447,1523.941859841497,1371.3324471332044,1499.109340047288,1552.9475180347615,734.2619691308818,654.5489481835364,1470.156939398904,1464.3578749756098,624.2369477138852,643.3269787318969,690.9634502245611,747.6311499006345,666.374737347049,660.9196100308272,658.6475944219989,726.005380168081,722.1656844945045,723.3858641488894,679.7156855501248,615.7214042596504,692.9490669323139,697.0388106168813,679.2917496971322,650.3061054267031,644.1890579364299,660.7857899425634,659.4671191916616,1487.6661333797715,1474.21546853383,659.3749688345918,0.0,0.0,0.0,0.0,0.0,0.0,0.0,0.0,0.0,0.0,0.0,0.0,0.0,0.0,0.0,0.0,0.0,0.0,0.0,0.0,0.0,0.0,0.0,0.0,0.0,0.0,0.0,0.0,0.0,0.0,518.7142906184065,590.2477743254454,666.820422005886,602.3371800154569,612.1463156033,659.1435462161647,510.34353397594475,526.2384146535423,535.344845272657,437.78151922508886,462.27951286683805,0.0,0.0,0.0,0.0,0.0,0.0,0.0,0.0,0.0,0.0,0.0,0.0,0.0,131.66786571802587,742.2982538801335,277.124873946656,389.8787976401053,415.46275347201515,441.5545696846482,498.3683141047263,485.15028606220284,545.4478648110264,561.523250767669,670.8153270333208,749.073426437962,744.9871433280822,778.8426145172093,857.3462500285306,906.6992444319676,990.3926093376674,902.1209965475083,775.2992731302306,802.782179639135,850.8258714704327,860.6755731735981,937.8358111145681,982.6408138811767,133.376958529631,138.1143387116108,83.46518470571925,35.42672308772535,56.21793758301351,139.40182611465025,168.15042169810363,102.53351071296561,609.6716914554352,123.85030019911267,109.637141288733,913.5544704631269,925.0572085284888,979.8958093865544,966.5398274073364,900.2128715155652,924.7473910778524,891.6062052881925,716.3232073171114,689.5081085872836,693.8818080194175,788.5848641374829,759.4603907089937,672.5689272656773,666.67318443823,774.2074555398513,699.2485954575318,632.9712899060369,672.5290305724418,725.5436675356827,729.9962600462823
2025-09-09,1608.6292157403457,1545.3030996439502,1477.4011211760426,1488.4765376770988,1559.9141328204175,1541.0135711195,1343.0247118960096,1538.6772374024372,1575.8145301804782,709.1640816970742,672.8912299060914,1534.893817474535,1466.7718339812575,738.2895531715244,634.6951476763315,647.6851410953036,672.2399397506008,626.9759358465398,620.8700594249856,646.2272401266058,653.6965285084345,660.0566698190839,680.9056038701822,708.1931815106541,645.7099507455173,728.6907589528802,750.3605741408661,725.687199869272,678.4259203823578,649.796561247418,681.5275480405533,712.8953416205691,1489.879061212832,1435.6779741250634,671.8941584290512,0.0,0.0,0.0,0.0,0.0,0.0,0.0,0.0,0.0,0.0,220.81172581965444,0.0,0.0,0.0,0.0,0.0,0.0,0.0,0.0,0.0,0.0,0.0,0.0,0.0,0.0,0.0,0.0,0.0,0.0,0.0,592.1249758277738,509.467862266997,451.6029141302154,501.66405631754105,450.9112571348711,376.35422175714007,344.6359829225167,501.23816205226217,502.59178334432545,490.40500494885566,487.1809855234161,0.0,0.0,0.0,0.0,0.0,0.0,0.0,0.0,0.0,0.0,0.0,0.0,0.0,989.6684496370538,1152.3672913182133,375.9837907137814,439.36511608127523,410.36904618306875,464.09448154270524,552.7831871706633,538.7382433897966,555.977416663259,704.6187011209364,709.4650483252627,694.335547267427,815.8857732417689,903.8900946267088,985.6145470658929,962.0766062578857,980.149981822521,948.552721856594,865.2076541009144,879.9674688867213,904.927119607158,881.878502003609,897.2563040396874,919.6494616307252,100.3026712900944,118.53988130719472,88.71302587960872,45.572499156570984,107.84370693787002,161.65708320235706,145.58373921568716,108.82687384717974,598.9577931236188,69.21480589086343,105.88812584216737,937.0634900184522,889.6308277675832,919.606439190472,900.4681012376169,896.6364903161167,965.7260301730187,897.2922703798716,679.4680371360372,705.4283039679186,704.7781446453242,750.9079366322295,719.0227883348696,741.9051694518629,638.6996431107161,750.2512274110518,669.753495163956,792.7213653072413,689.5919480824992,752.6052908143579,699.550520866179
2025-09-10,1535.659257733405,1587.5149860715208,1595.9265099850836,1554.416470671862,1523.4212388471237,1569.4842628627475,1371.7511819861834,1498.166078063361,1512.7178106784863,681.7414869490515,701.9401461225017,1545.5002853437918,1552.023104327221,722.9353332288825,672.1438326593518,677.6824462660907,705.588221837253,717.1608363994307,724.566533147953,713.5798848576922,679.0038366180968,641.9085447123135,655.7220334867148,663.4439719197885,659.914402367307,677.6013784951239,656.1557401907562,663.4262471952891,674.9337218675977,670.0348745438816,652.4566727357613,657.9496161753626,1474.1197462836258,1449.1475550341352,673.7170729433835,0.0,0.0,0.0,0.0,0.0,0.0,0.0,0.0,0.0,0.0,0.0,0.0,0.0,0.0,0.0,0.0,0.0,0.0,0.0,0.0,0.0,0.0,0.0,0.0,0.0,0.0,0.0,0.0,0.0,0.0,7.580460480907107,769.9757397061474,0.0,0.0,251.62716282801904,457.019455789667,419.1271979613732,329.5355859497817,305.4372348427837,393.3658262932223,388.2416278567637,0.0,0.0,0.0,0.0,0.0,0.0,0.0,0.0,0.0,0.0,0.0,0.0,0.0,214.97028809985946,623.5598906776522,306.3742466068079,322.549762490333,474.36458043348495,549.9853030522756,474.58638187082084,547.6445870273456,572.7934814872013,600.2061312398087,681.0522709246776,743.4452872768009,756.2673018203409,852.3069097025243,937.4376266104013,926.489933425592,973.8794219246184,925.8309383698959,819.5592310049616,865.901983094642,932.1752484740753,902.4274643260261,929.5728836662295,946.5340483148407,111.04198032176237,112.66909162677928,106.93194227392166,97.62338490636512,72.99639301494915,73.37522918299987,92.37294127982364,75.74414676356787,604.323108757749,62.00391303979302,74.27444862511652,925.9656301494747,947.2666068874695,947.7429262080643,912.443317551223,925.1358146107883,944.6180979048258,907.0411661632553,808.8872336172248,778.0960120065612,782.4660346058885,725.0438366740607,713.2883131414712,729.218226807453,773.5225677737199,763.5544413656737,744.8338438912618,696.5212587875203,682.9255770196426,678.225245969353,670.0888659135866
2025-09-11,1550.5325752866765,1532.4525959254738,1550.4789493320277,1480.341460912256,1588.0037902378886,1552.9750899164721,1368.2114219422947,1551.2324409081025,1583.0220154261663,722.386635766724,708.2139085661677,1556.9950295583376,1487.3595936200923,707.6288435039991,740.1693324681319,759.587183977701,738.1563033502241,686.0433355915858,619.9836430315568,736.0605892271221,716.1378238730927,706.8927658227535,677.397358743628,655.6881056416366,696.0255758685221,710.0097924689803,670.6697018839996,684.7465173836258,672.1857680422825,653.4004713339947,674.1653021326655,691.9325205219425,1495.5719280888297,1459.6633799136312,680.6660627880389,0.0,0.0,0.0,0.0,0.0,0.0,0.0,0.0,0.0,174.89891011844094,287.79851505427104,0.0,0.0,0.0,0.0,0.0,0.0,0.0,0.0,0.0,0.0,0.0,0.0,0.0,0.0,0.0,0.0,0.0,0.0,0.0,119.21241502896115,637.2567809798471,579.721631294235,567.8852937381916,527.4764295391093,458.77853760625794,488.8549168363187,494.34028826318195,462.0561300653043,447.75081474113733,453.6611851294583,0.0,0.0,0.0,0.0,0.0,0.0,0.0,0.0,0.0,0.0,0.0,0.0,0.0,168.3340165302683,655.7966888503884,346.0125967960573,341.34083998436876,428.7715381037177,484.960814306174,549.4946685414778,664.9595460736613,696.1901058824221,671.9802065220335,674.0301641089177,729.2509529509523,817.0129449395396,943.1096686199198,962.4499886541356,919.8365021366471,1037.3591367104975,1028.802456954519,866.4092577020663,872.5721537067298,927.9174903917731,903.0665589917069,899.1585272724038,924.4220752210566,77.90005736280159,86.43401451102318,82.42432119588148,94.71582581376992,134.72894271179769,134.2656988664994,139.47662723175404,134.15331146732797,646.4698416747899,90.10087303330079,87.91165326602209,931.6511698587879,936.3131035013246,915.5180868776919,888.8878438001996,892.4254013231176,940.4572588453864,943.9614861538017,828.978407371104,724.9664706081618,785.44281297546,728.8904575309011,682.6318197474917,717.8214588156293,759.1534287461945,784.701405185803,769.8795362478102,807.3022934331663,802.3313199272585,728.4984932601764,652.5874623458197
2025-09-12,1414.8198975812338,1451.8311250688055,1468.3803766603098,656.6306153371345,985.8389191267486,622.453899903184,609.6019013816617,609.6816160863323,638.3720145850411,626.4216966743911,619.0609869460193,625.4895056289885,614.5248793644032,619.1980407566936,599.4226647754042,555.0363566630572,575.6540110991923,565.7994894659655,521.6450900691636,547.2702152925018,525.0457121767724,541.9880374660859,530.5047267196896,521.1951806247419,589.5336513912772,597.6659646131673,531.4959574411627,545.6525287962784,555.5283178925201,498.6769187025193,516.9630719174968,531.862749704603,498.31513795501013,1346.0770801583667,0.0,0.0,0.0,0.0,0.0,0.0,0.0,0.0,0.0,0.0,0.0,0.0,0.0,0.0,0.0,0.0,0.0,0.0,0.0,0.0,0.0,0.0,0.0,0.0,0.0,0.0,0.0,0.0,0.0,0.0,0.0,0.0,0.0,0.0,0.0,0.0,0.0,0.0,0.0,0.0,0.0,0.0,0.0,0.0,0.0,0.0,0.0,0.0,0.0,0.0,0.0,0.0,0.0,0.0,0.0,0.0,0.0,0.0,0.0,0.0,0.7928772530288057,0.0,53.500349108460114,183.7000839144404,247.3263069986796,259.0844952932786,282.2842166301069,322.3631650970207,367.5648712957492,349.8756110473674,371.37110071804074,488.4371434739085,577.4141695042274,615.4450347690408,349.6828400043495,635.4013270765593,653.9777982105938,669.0227512617994,0.0,0.0,0.0,0.0,0.0,0.0,0.0,0.0,0.0,0.0,0.0,0.0,691.685159320198,702.5661110878366,679.3598851053923,665.7477602203072,680.559980270183,684.2129652818672,703.2306540210029,710.0784585730398,594.1215661628954,625.866735731732,594.3379011704986,595.4634476690903,619.6992755098638,618.4210692472974,639.4934081100632,637.4123254120057,665.9791572256237,659.8208338470042,627.8090628714909,621.3502625784735
2025-09-13,1397.1701545593742,1389.0169198858412,1432.2020652080719,605.4967237766577,899.3582731438348,561.0703875055228,539.5634655831884,555.0461691636682,587.0642231596842,557.2166830699884,559.7336664748082,506.32171695018116,566.3539717338989,535.5895357151919,592.1319204741607,586.3502770880921,567.3465166053242,554.2260752217267,557.4890986146627,546.6092424318912,533.568820648803,539.0447426478049,520.6779581288909,512.2212086869555,521.8407028047535,537.1163858486657,508.19106056119625,532.976644698717,520.4847081919811,499.33754985794906,503.27137998226135,515.7833737798712,515.6065506271863,1304.6586137332367,0.0,0.0,0.0,0.0,0.0,0.0,0.0,0.0,0.0,0.0,0.0,0.0,0.0,0.0,0.0,0.0,0.0,0.0,0.0,0.0,0.0,0.0,0.0,0.0,0.0,0.0,0.0,0.0,0.0,0.0,0.0,0.0,0.0,0.0,0.0,0.0,0.0,0.0,0.0,0.0,0.0,0.0,0.0,0.0,0.0,0.0,0.0,0.0,0.0,0.0,0.0,0.0,0.0,0.0,0.0,0.0,0.0,0.0,0.0,0.0,0.0,4.372871824378429,33.96248385043337,125.15820871378307,171.24736505650546,249.04817668320933,195.6920567010231,212.3807765454419,372.32025470928556,424.1943924933349,427.5963846926982,495.3199038894501,563.2528652742154,592.0895753261794,0.0,621.0479358891881,332.37111286769226,607.1142227502303,0.0,0.0,0.0,0.0,0.0,0.0,0.0,0.0,0.0,0.0,0.0,0.0,592.9291870130303,645.8352364699182,651.3367463329234,650.410628827059,663.5702811164058,658.6079311721558,642.9530406935572,638.9581381093348,605.0585870418803,592.7860381997484,588.515480254431,564.1995578877707,516.3926387354784,580.1525446082327,575.6052564010197,588.4891497942688,546.1105165253148,606.745942784557,586.239111911201,636.5288183409302
2025-09-14,1485.4825476832482,1453.6128198923684,1419.8071795677665,1464.8667845165023,1490.811063273209,1471.3749364345517,1271.8664949150123,1443.141916343181,1438.3547491715244,613.0139569184265,613.2107801359888,1455.2796943325038,1470.0999063087884,614.3116306562118,640.649255749026,613.0233667349953,659.4499525136819,597.9836939148586,616.5680441772865,639.0412487786325,619.8683836769669,612.7522066267626,599.1074222249059,590.5234493636127,593.2384101272092,640.0462427284433,608.8124921342494,622.9375088719789,604.6886217797905,590.7538623285616,585.0053786793945,591.3381488353982,1425.5099187255084,1413.2752138631076,586.4314005560888,0.0,0.0,0.0,0.0,0.0,0.0,0.0,0.0,0.0,0.0,0.0,0.0,0.0,0.0,0.0,0.0,0.0,0.0,0.0,0.0,0.0,0.0,0.0,0.0,0.0,0.0,0.0,0.0,0.0,0.0,679.7129053354424,783.5947358052298,703.00773471338,552.1219340632402,473.81832567933833,501.02809453249574,536.7145921699656,490.6001854558953,427.13831446883887,542.6076086088541,609.0233703943785,0.0,0.0,0.0,0.0,0.0,0.0,0.0,0.0,0.0,0.0,0.0,0.0,0.0,116.9025689186338,436.3101137274579,256.84328427297487,306.37252608864003,439.9069035387963,426.48124023442654,431.14729778977727,521.2789616503451,563.3464295583686,557.076099524356,582.9567390506143,612.327328274206,679.7497492034072,785.2443224017867,814.0976697389141,791.5215295128485,899.472502116263,902.2665244329078,730.0332091002001,765.5126892203939,801.5895556242858,734.7355694790638,849.6473944448895,875.7652873979641,21.428632332710208,22.468237924509253,24.21010712491602,28.179040285080305,33.19402077565155,36.693023297922764,29.683802787980653,42.35433466937843,575.0815982569657,40.86483505297247,14.052917715329727,855.1233217956561,881.4255894035683,871.5501845535947,860.9131728512941,864.1753954975462,871.6001376783661,795.6141359438612,600.2779390453098,603.8338492974606,611.8889805432207,572.1162991501728,594.6471871352907,632.8160701718853,661.0247010787773,598.3432397322185,586.8816417262652,623.4401920046802,605.8250947144671,663.5691977363144,632.0916666655042
2025-09-15,1484.4168303495162,1474.6141876412808,1465.134958163523,1499.677124518418,1487.2314716998994,1490.4320201885134,1328.4597499124266,1489.085113893666,1436.52512607948,652.5476216022888,636.4550831725688,1450.7789365927624,1444.1007142759786,621.4440861878887,632.2025046943061,602.9762025951786,616.1017124384298,632.1245499322044,641.69267171016,654.6056546126478,648.6459775393768,629.1052067417579,605.466276920901,621.0584333396076,623.1180470082716,620.2952697574584,630.4393269703605,653.0438529484937,631.8174603681047,599.251569151394,643.4450005696248,646.7342760893542,1436.6607472073567,1431.445668705705,635.0729682862114,0.0,0.0,0.0,0.0,0.0,0.0,0.0,0.0,0.0,0.0,0.0,0.0,0.0,0.0,0.0,0.0,0.0,0.0,0.0,0.0,0.0,0.0,0.0,0.0,0.0,0.0,0.0,0.0,0.0,0.0,113.10870727925506,544.3550840084099,565.42667518346,452.46967942562327,481.8987855787703,544.5304572207563,509.98842283170933,440.5623859347705,389.26085939128114,485.4320260560144,512.4669166502731,0.0,0.0,0.0,0.0,0.0,0.0,0.0,0.0,0.0,0.0,0.0,0.0,0.0,277.9471865518906,1082.7772545763878,232.63744042245864,307.09116031095976,361.92884059837775,419.96358059329384,504.02705379194003,522.4034665106129,593.5566183633285,650.8637499727195,678.9725428361573,696.9992150311688,768.4952945052746,844.2314492206852,854.2739723007643,848.6968795923175,925.9636354209275,916.5227193788489,742.8724953108888,768.7275435526785,844.447614097311,816.7145166609344,837.6010954669991,866.9464341297953,30.551138949858,51.59073792724507,59.47572833616107,14.456394414915621,2.1081773103344403,10.294667256153389,32.1000382394451,27.455709361632216,550.6666043668467,19.337040075357436,0.0,857.2027666240683,904.488405332176,910.1612654112025,873.634082498025,852.286213112906,869.6567153316857,823.3102365517665,679.1567631235787,669.7979657262415,681.5489803700368,671.4281513683292,637.3174501009127,620.4608642079029,652.1311665664332,667.4381771192952,660.7724702622147,646.103058733525,625.2201839390515,636.7312396994279,672.8544060154128
2025-09-16,1489.4988607548266,1466.5196735546372,1460.8407716480433,1485.6651974386477,1490.4846520042142,1487.3353554860928,1286.5564306129845,1437.9541857866966,1464.5916214131778,646.5736376390861,638.3984084729074,1454.7901560055996,1447.4947353750217,642.1987125624804,631.4505267503658,616.1144185367772,630.6018939058207,647.7143523693485,620.1347719786543,614.2142596596447,622.3980404158672,604.3850757875075,586.1911277704553,616.76372735767,636.6315412799129,647.121994986308,616.4772936673878,627.2309834947876,622.393322157149,603.0445822515717,601.3391382216581,595.5518849063067,1439.8171823796126,1414.5953404975076,613.1859630945264,0.0,0.0,0.0,0.0,0.0,0.0,0.0,0.0,0.0,0.0,0.0,0.0,0.0,0.0,0.0,0.0,0.0,0.0,0.0,0.0,0.0,0.0,0.0,0.0,0.0,0.0,0.0,0.0,0.0,0.0,0.0,290.70671038593196,0.0,0.0,0.0,399.6240342571542,302.1804524273472,207.09294330992623,204.3508930008892,223.09507192098158,353.26666610463707,0.0,0.0,0.0,0.0,0.0,0.0,0.0,0.0,0.0,0.0,0.0,0.0,0.0,206.42267695014337,752.7758028126667,310.96513264384157,325.7931060228479,366.4665553495408,452.3298133424012,460.36287008232904,589.1358944825049,654.198467335202,624.4676934417973,642.1091234579777,664.802966670829,721.0657933346969,819.915098885129,865.5617178637644,863.9984160999337,934.3027662310245,924.2498338019625,742.2577920320012,801.0697283613503,826.0406498147476,810.5564903957929,859.5630176960607,884.9896649975703,33.34331037554591,54.81863045569685,57.525225402106,29.634042677394064,48.80237870359838,40.10515069913356,4.9769953789652845,20.79023297635638,537.9115625579377,18.109613912978716,0.0,831.4491541272397,873.3484560581754,875.9306307772957,862.6309703839587,844.2999504203901,896.290809408389,798.2946292183647,660.518021489598,626.2146487569786,638.7000806289714,654.0758074531329,655.9600785612521,656.6383117175806,671.3590484684808,668.4780725807829,645.8083925426776,599.0001456920888,608.8351892789508,623.361574064126,634.0223927056131
2025-09-17,1489.1167257924276,1475.5860834666291,1477.7691430048476,1483.4456906841642,1568.5847981849724,1514.9435216782751,1302.8419181733077,1477.4292646604752,1484.9859469462851,692.3452270721972,616.80320723211,1492.5024885411692,1476.5575190109314,742.050294208111,623.8163333165796,609.0492479319669,678.2959994400584,620.7420480854977,627.9074528652076,624.948009467052,673.9904500286831,684.5264113271229,645.6776351652891,601.4052864146794,625.9047967496914,665.7521773357324,643.7954015699252,632.5593578250667,645.2903886182014,618.2282849345692,590.5949109403014,618.742535017853,1425.0573469380024,1423.2067968736276,632.6827323001313,0.0,0.0,0.0,0.0,0.0,0.0,0.0,0.0,0.0,14.35779207580589,261.2307657649766,0.0,0.0,0.0,0.0,0.0,0.0,0.0,0.0,0.0,0.0,0.0,0.0,0.0,0.0,0.0,0.0,0.0,0.0,0.0,733.7820617430293,634.2481168781005,598.9742166290152,613.2234375311654,649.7991293022471,539.4629948657921,460.68463274285125,506.97323996531856,499.2085053195546,463.19749315840573,551.8990691199563,503.57873745527843,0.0,0.0,0.0,0.0,0.0,0.0,0.0,0.0,0.0,0.0,0.0,0.0,510.60179859184984,1090.9811968116292,266.87739928412157,226.1459089700843,365.5545602058851,412.21080717457136,413.266004736908,428.40293085223766,547.0358514108095,637.9571656983468,634.9962752335487,647.2645770541696,719.1820181968909,808.0593163484701,856.6895847602774,847.6664020310448,896.0742949912902,863.9784480285838,750.4089414946867,796.3960313289068,770.5029894075573,751.9345594223468,871.869414364166,904.0643661296842,66.92054097095797,63.58135552304111,51.76683877799803,6.909501433356695,53.759005386173726,73.62851063653193,46.06110036940822,63.48492145290868,569.3640413983112,18.657703239977877,55.95713143970636,903.6037274617665,903.8867229227989,904.5461454992216,895.2561305336892,902.6220432372706,963.5743749445446,859.8696673521714,655.6125950367884,650.3834808969536,620.0134013990128,576.1101465861393,718.0487307643972,664.5880128396145,666.9163388620457,711.2648146561613,646.6141149259231,642.2745330915363,643.8569904954691,647.3043296212887,648.7153771996971
2025-09-18,1485.3185159549353,1451.508287672179,1453.8060051507775,1431.2435196492554,1547.5643592566425,1488.4754298053101,1301.9702390754433,1480.5301488715766,1479.2238835777346,686.4444733080342,697.0890456392771,1502.4492163095351,1406.8844698025273,641.681032919077,620.8507101647893,644.6453255622928,702.5666575242732,597.2211414751047,600.1760289273634,680.9780082571336,689.9794801218837,672.0367869958459,633.0883698004056,612.7116911735831,622.3694963736928,672.624728020977,695.4554170514912,649.8760648540783,644.407214732379,660.0511800959613,622.6694436966238,620.3834444928953,1443.779915054561,1422.9712210399157,616.2305916740305,0.0,0.0,0.0,0.0,0.0,0.0,0.0,0.0,0.0,0.0,0.0,0.0,0.0,0.0,0.0,0.0,0.0,0.0,0.0,0.0,0.0,0.0,0.0,0.0,0.0,0.0,0.0,0.0,0.0,0.0,0.0,395.8667091036183,0.0,0.0,0.0,498.95365543493415,455.6042811902207,405.83531119860436,456.74026391075535,408.581206888997,365.8028832499717,0.0,0.0,0.0,0.0,0.0,0.0,0.0,0.0,0.0,0.0,0.0,0.0,0.0,78.59133978465698,216.30617514447277,227.76720813216406,329.5024803618722,329.9602949094796,349.0820868245019,437.00739833401934,488.88530896339785,489.34528965419406,563.0686006620627,633.9668782719772,697.6271108868597,753.6482747570493,836.8934780619006,841.095245555565,851.4039070550749,878.8556134734733,853.4464734053807,715.6219519513609,811.6180542617814,840.7774750237827,836.5750410569285,858.9794960263224,861.6088233521352,45.16727562693575,92.78410593830222,65.85170582788771,4.216976936522769,77.91401502878216,123.6549095029693,99.69631678529345,68.9969020013765,587.3780946027064,55.65172516713994,86.96051273910007,920.793633122522,894.9338506564809,882.046614520747,854.9051634620522,849.6181428497239,929.661813945652,816.3357951650181,649.3520526719255,629.9447906530854,644.9474244995732,605.7458692291509,715.0867483262216,669.1132333490814,658.1022051320343,667.8311569120983,641.3812550000268,639.7696533609422,674.161566710962,654.4389733318867,596.0212162875325
2025-09-19,1400.7471744132436,1391.11353141038,1383.4738786636776,621.1683834796817,1373.6513592580918,647.4482223748837,631.910313952249,580.2514055376098,552.3143640379162,610.6874750724431,528.7376432105228,514.2390468107694,669.5649028158492,661.083464965378,568.4073961108699,558.0129060545783,608.4795606900781,586.2222282003152,524.884876839634,602.0830988527173,559.132829242444,580.7717972379127,575.5231648344511,533.6835319209612,535.5780001418108,583.9604380098542,590.19010817823,589.7501750786022,583.0331591254991,519.5674852624195,520.7661337546065,524.4056959560228,504.84538225858466,1342.870582565986,0.0,0.0,0.0,0.0,0.0,0.0,0.0,0.0,0.0,0.0,0.0,0.0,0.0,0.0,0.0,0.0,0.0,0.0,0.0,0.0,0.0,0.0,0.0,0.0,0.0,0.0,0.0,0.0,0.0,0.0,0.0,0.0,0.0,0.0,0.0,0.0,0.0,0.0,0.0,0.0,0.0,0.0,0.0,0.0,0.0,0.0,0.0,0.0,0.0,0.0,0.0,0.0,0.0,0.0,0.0,0.0,0.0,0.0,0.0,0.0,0.0,13.754432384466462,35.21998195005525,86.99918819273034,253.63489147018953,294.05865413261887,292.02479816355697,281.6788231706073,330.8537502370462,395.76325473938783,361.32515552364185,398.856874686281,559.1474700658771,563.9724691546514,47.075122502631416,585.5689619676907,650.3720533043592,639.3801556370582,0.0,0.0,0.0,0.0,0.0,0.0,0.0,0.0,0.0,0.0,0.0,0.0,688.3292420660898,649.3474645438055,681.0180927463873,696.879582230581,684.5783987327488,716.9774265283274,710.7476418986647,583.2411609346992,617.1070803524136,662.32752099339,728.7018026112787,559.8969940230565,605.7705049317623,537.6944320295705,546.0017695787078,608.4142037932043,574.8931874964982,597.7539220346987,592.7309999808842,561.7948911754469
2025-09-20,1372.9040731679283,1410.6122136087513,1355.2810466849671,546.0618370954592,1078.498579034987,628.451721244723,512.588366536455,554.3370971417546,548.7036531352232,518.3884479291261,602.6743365219071,587.2510552494259,632.0383659601005,513.8008567052854,544.5578032344031,557.285273618332,570.0081813657889,558.8217521211982,564.5185794992797,574.7650481668478,527.1617536415575,581.90954946774,522.4668123557256,485.29306685538353,544.5895943501566,569.8593121594641,560.157993251097,550.4676794143618,502.5254498832512,580.395651702451,542.791123195631,497.31545193313156,502.99835075968144,1328.2136267805017,0.0,0.0,0.0,0.0,0.0,0.0,0.0,0.0,0.0,0.0,0.0,0.0,0.0,0.0,0.0,0.0,0.0,0.0,0.0,0.0,0.0,0.0,0.0,0.0,0.0,0.0,0.0,0.0,0.0,0.0,0.0,0.0,0.0,0.0,0.0,0.0,0.0,0.0,0.0,0.0,0.0,0.0,0.0,0.0,0.0,0.0,0.0,0.0,0.0,0.0,0.0,0.0,0.0,0.0,0.0,0.0,0.0,0.0,0.0,0.0,7.674471657284343,77.56824152310281,58.6096757564939,91.47964581950804,167.79490540760148,277.3437203034937,277.6011298430157,297.69546152750456,334.14870385592974,347.5776299644299,436.00919579059,406.65289826854064,516.2241944735079,525.865281628612,0.0,556.04794647229,361.60333264948383,641.1881237877552,0.0,0.0,0.0,0.0,0.0,0.0,0.0,0.0,0.0,0.0,0.0,0.0,673.0208299408032,664.9355951018838,659.0695556147847,645.1847282397778,651.1288437860369,690.0881532648048,680.7176437398339,560.986811515404,526.5973534864123,509.84238956168224,678.2196708650157,657.4428827257665,537.867043665813,544.6545639296451,510.8785249120207,525.9056526894778,558.254768953328,568.5230153312824,596.7027161716695,637.1589227634374
2025-09-21,1480.504819076192,1479.0907024781202,1418.7839749313466,1405.1901359399426,1537.3803428999445,1521.4377537027165,1366.0152183175078,1487.194480916422,1442.333369891812,686.8675252004597,698.8929707144231,1490.8373425019354,1427.491106605514,712.9595034194492,579.7580614602174,633.3990277825663,653.4527538843784,607.9802282005279,580.0202049035321,661.2092640187922,685.1027350559648,684.5928102593506,634.7544090668187,580.0290515609556,601.396781679018,670.9775431895453,660.7903375482254,632.6388280856806,574.9566026138043,581.2454329224369,598.2141094268615,588.8657880180006,1415.7531685242693,1400.5257873983983,583.3347514396081,0.0,0.0,0.0,0.0,0.0,0.0,0.0,0.0,0.0,0.0,227.12296927344235,0.0,0.0,0.0,0.0,0.0,0.0,0.0,0.0,0.0,0.0,0.0,0.0,0.0,0.0,0.0,0.0,0.0,0.0,0.0,373.57781594562067,537.3008681507388,502.6008836546032,498.9183653720506,473.0065184121831,481.5362286280798,451.22471430840704,512.6892076306845,527.736953962678,500.3950909272277,529.0510934156023,0.0,0.0,0.0,0.0,0.0,0.0,0.0,0.0,0.0,0.0,0.0,0.0,0.0,131.0642036410401,546.5123178931087,304.8804284257706,263.09230356576296,323.9451736784714,355.8449331766919,522.2806939256437,538.5251802894634,538.3688692700413,621.1320191656001,647.636977811297,684.5568171582286,738.5963119130988,790.2737062374787,827.2246141189745,818.2513509007422,822.7362627435475,801.9884517145407,737.6759787422822,714.134151999701,788.6552223790994,794.945689478315,842.521454375784,871.5941001914441,49.625153639256155,84.83806426110823,44.25627674566999,0.0,51.15934968322949,94.89879493409217,55.246429411255576,39.86079096285232,542.7429341056325,18.113256739197823,50.92218716758816,870.2076394957207,862.8882813717016,876.5163312201024,833.848094091186,860.9308083589892,913.7755474446647,810.4308466170944,575.312758136166,578.5401804235124,585.8954444721657,777.3380134619684,709.5536663752729,647.9514923444389,586.798776532963,664.0007647938459,626.2466852729974,668.9974282714495,560.209643464071,672.1503439064142,652.5923078581915
2025-09-22,1518.1903251868844,1502.5665373837141,1530.7149811879199,1415.9684368791204,1565.3962295391352,1564.242581086361,1390.2513338890394,1512.363315610835,1465.806475603873,693.6365002437356,723.9160134792697,1533.2369134528394,1436.80314568038,727.5060461468233,662.837867559181,668.5336562168833,684.3279605645324,586.4092249774312,623.8895101030923,689.7595321571413,718.9048974119918,679.5114350763997,647.2564800750704,629.6093206860991,628.174518494368,669.9034426468039,670.4007365617515,660.9820016260858,666.7647496157974,638.8200036458414,642.7435282329383,600.8233210329673,1432.1869623026917,1436.3646478793805,652.7279665468711,0.0,0.0,0.0,0.0,0.0,0.0,0.0,0.0,0.0,0.0,249.86966179062023,0.0,0.0,0.0,0.0,0.0,0.0,0.0,0.0,0.0,0.0,0.0,0.0,0.0,0.0,0.0,0.0,0.0,0.0,0.0,71.10224044169786,547.1945977086386,556.784941458664,509.12957694191397,558.2878456742542,551.0862152331707,378.5262791901725,433.48841038606383,447.6129456144108,411.30125438020593,444.5288298439274,0.0,0.0,0.0,0.0,0.0,0.0,0.0,0.0,0.0,0.0,0.0,0.0,0.0,381.8777110025477,1221.2644946697242,388.057140580211,370.7566718748011,410.90044518528714,480.35761192835116,526.2683287922987,517.6835676309835,528.6597936968244,637.6766328317094,665.299718153803,685.2098621014305,767.3058458828664,838.6666151109868,869.175586254057,854.4677223925074,875.358959018489,850.4809469234497,777.9050763834821,767.4701678624608,812.3987381927341,860.8106559098344,890.5064986526211,890.5980789187731,63.54378460149917,107.64759626380192,90.06216871669096,2.9030913748468947,81.41284916721509,118.42529242341345,88.94906768224041,76.58388244015646,605.5388540125821,68.81041630001914,61.196359849164764,900.2010999982747,919.830634708924,910.4127356702526,890.5119036213138,890.2541825851002,955.4079737428367,854.170535770432,616.9531360327907,611.6529100680349,767.194791496224,792.0762262862837,739.8464627399084,686.5034172222965,658.951839305278,690.2294000585459,697.3708152313282,698.8454109942475,685.9127364974843,693.5324636261316,681.4912486486196
2025-09-23,1509.1915433033732,1496.5764411020018,1453.3141232348598,1459.8025587561372,1443.2314414459715,1417.297790554642,1250.1857832817946,1421.9211335019081,1447.7288189967967,633.4652639513954,653.883428821634,1491.8956890464792,1498.9716589402692,674.2133239915962,668.0266492741771,655.5566705835926,716.6629585283092,627.4458723998071,608.9890832481163,600.062402580712,628.4014985057604,628.7750596890348,633.6440326302271,625.2749555435344,654.4907122131206,680.2477738810966,632.2739596288105,647.2860241824899,641.7202298366053,609.941456465045,625.3785898462976,603.8204249857135,1447.348135165411,1417.1086578182733,616.9752476614487,0.0,0.0,0.0,0.0,0.0,0.0,0.0,0.0,0.0,0.0,0.0,0.0,0.0,0.0,0.0,0.0,0.0,0.0,0.0,0.0,0.0,0.0,0.0,0.0,0.0,0.0,0.0,0.0,0.0,0.0,0.0,618.9860192072965,0.0,237.53805102670879,578.5871337854721,566.1922291882147,469.01705790757103,370.1616206587084,350.401139497736,463.0572982171637,468.9097900024604,0.0,0.0,0.0,0.0,0.0,0.0,0.0,0.0,0.0,0.0,0.0,0.0,0.0,220.0713697514788,715.4922347567515,282.7172898860034,335.4330949522755,357.5929819232426,358.5631372012181,420.2422702705457,488.91326798347035,515.120304301665,619.4582481937765,667.543813659961,728.8942230643735,758.5386070757884,828.3310613989693,863.7261370664894,844.0410115123599,892.8545832193377,866.7767166003935,785.6577151695501,794.9587745795535,838.5053816593796,862.6461450198464,886.5007050639131,891.9950833232801,44.55497726040471,102.41100450387194,91.60102506861085,56.23371311790538,114.4682642607603,126.10640046564845,73.86406199139708,62.4061206266216,593.3151695359102,67.0572051963145,68.45262748964183,898.8729688644021,901.7524707753578,899.0509620100714,897.0723897261579,894.6992028530103,955.1284759084442,863.495078211592,712.7742572221016,662.5115568886616,669.700420706348,711.3131635407888,622.6856381100746,636.5415099108137,675.0278699137191,651.1519298732584,623.4502480301692,641.0119892280355,647.9468493386136,705.3439402081677,704.4686021235933
2025-09-24,1470.3774088521286,1436.341575135877,1454.316215777038,1459.0846263460307,1483.6806302768478,1502.5629232398735,1340.7486133075945,1461.9982962309045,1465.6662415925402,629.0351833926032,623.4558723498445,1435.4951990831328,1459.3590165848482,623.3511808138136,616.0158305692555,629.5571491404862,616.0088296090065,667.0019673135794,618.7126799020353,615.6800832464215,626.1434536084118,636.4892763292794,634.880375955112,618.0246277759114,617.743809667893,620.5741758143288,638.5672840892433,619.2339922148453,611.3781420181286,609.2744266336199,605.9558074207828,609.6958484656226,1451.8458707205264,1407.6578354376961,635.9102589340923,0.0,0.0,0.0,0.0,0.0,0.0,0.0,282.08121602165994,389.1541278111896,339.93023108351485,248.33399656724572,0.0,0.0,0.0,0.0,0.0,0.0,0.0,0.0,0.0,0.0,0.0,0.0,0.0,0.0,0.0,0.0,0.0,0.0,0.0,663.1907721006419,652.2451276186205,687.8463060957928,683.3979814292334,662.177136492975,585.5671169934631,521.0802562460835,459.764582532701,359.62331506711286,341.5561955559299,458.59491802732555,25.08554610517757,0.0,0.0,0.0,0.0,0.0,0.0,0.0,0.0,0.0,0.0,0.0,0.0,343.95656654023844,1018.4695982011245,267.3569962985503,346.15687552015083,412.90522460310564,467.93460930561173,603.3514278860891,534.7758977750555,520.5852209207175,619.04219498734,630.6328075190531,687.5315032133944,697.265070622512,819.6487915968921,890.8925402068367,860.8941960953954,910.241827049281,902.8938725899533,751.0769066654082,773.6560119491987,805.8804782726713,770.9769099107478,849.6802095040027,868.0133809382735,20.1210328807108,17.526664336949352,53.525228977835695,85.26509770214966,11.221913641919855,0.0,0.0,24.84703828774616,490.64313776748037,19.871845481548235,0.0,821.6869563382377,830.968308189825,888.1572367458805,876.6636733408124,841.3414266687552,866.7256447173562,812.8556937772627,679.654344580603,627.8992551933985,626.2241405333843,663.3629677809223,673.464416654076,710.1841261554398,670.5835849282356,639.6877645777191,623.3373288562515,613.2097458093025,634.2760035426143,661.2938080439142,653.0620401590209
2025-09-25,1477.4455909919925,1496.0382831114744,1477.4189116602201,1445.7708264698135,1494.36977535448,1482.796354316587,1291.6619057137657,1448.0581452917936,1471.0137336353296,614.9368047846854,623.0997844765542,1467.0917922157785,1475.113017299388,612.4136065984827,618.1583293444068,627.8233528541195,643.1872110840105,634.1167171923211,637.0990573631809,610.5088446363978,660.9030232137694,646.3277023435487,626.376138816452,627.9402471615392,615.4724811479322,645.7281516060314,671.2961998468219,623.2125390805691,606.3599481309706,624.2243324197849,607.3378920115156,621.2960750537306,1467.5994708674461,1403.9037386452267,614.5016669089928,0.0,0.0,0.0,0.0,0.0,0.0,0.0,215.68231279439422,331.36242142067755,318.3433638777084,268.13067588556123,0.0,0.0,0.0,0.0,0.0,0.0,0.0,0.0,0.0,0.0,0.0,0.0,0.0,0.0,0.0,0.0,0.0,0.0,0.0,686.3086084806586,684.2031659097868,702.619622640294,627.3500870881915,471.29864347847786,437.02787706187445,593.259730312392,506.62939228833216,420.5727800696002,396.90043699745286,438.4650961177257,498.85001597536314,0.0,0.0,0.0,0.0,0.0,0.0,0.0,0.0,0.0,0.0,0.0,0.0,239.7435501032081,764.6096468310136,257.299321074238,304.0544616583866,389.4903197277355,435.012776788311,523.057871326015,558.2173975053081,574.3721960255826,583.386325857607,644.2293712342293,692.5825365515398,751.7206141284594,835.0466436228174,873.2001242432132,853.7885448262828,913.4419889644323,907.3285604582787,758.7867605032648,853.3719244221701,873.237531672298,857.4199905719665,837.0465482422304,830.03079226482,13.840487287769975,39.39597027968898,82.59511958240398,65.85985439838282,34.59475990490921,6.897700585844177,11.460356024128487,41.94432171202834,581.2292504305929,53.27891922859203,40.325538644875905,835.7352124402208,827.5190649662499,884.0706326015494,889.3464843589833,852.9103520161443,882.8963419135827,792.5964542186001,676.1534662218658,676.7442449211355,694.5754051154163,660.891096986269,615.664698244524,648.0082358298384,650.6637493348992,661.66703590167,659.9213498017087,653.9660427541296,626.4318716857957,653.2554032716921,554.4261585136264
2025-09-26,1317.5333217722364,1363.6017213290372,1353.1888597564594,764.3394691952495,1363.7782655719009,540.161771651916,538.6477085062199,517.4317205105472,527.2547448317373,545.2594387458286,539.9126232100031,550.3257706220737,540.6572236906643,511.59675676284803,531.1664922881964,526.3629136130503,532.1172786948835,555.7631300093333,541.6177817685,534.0295200514169,514.3586658627962,543.0501967427078,545.9886263930218,529.3786952936367,501.50850951440793,501.6109146405215,522.6334076504922,533.5138789730896,527.8511139776526,531.5653743174189,476.4226403086491,512.1947608745214,513.2022869272604,1343.239794026661,0.0,0.0,0.0,0.0,0.0,0.0,0.0,0.0,0.0,0.0,0.0,0.0,0.0,0.0,0.0,0.0,0.0,0.0,0.0,0.0,0.0,0.0,0.0,0.0,0.0,0.0,0.0,0.0,0.0,0.0,0.0,0.0,0.0,0.0,0.0,0.0,0.0,0.0,0.0,0.0,0.0,0.0,0.0,0.0,0.0,0.0,0.0,0.0,0.0,0.0,0.0,0.0,0.0,0.0,0.0,0.0,0.0,0.0,0.0,0.0,35.52202855399433,72.28040507550001,148.6030198747468,205.3410727892949,279.18652332908044,292.5450634762407,283.28641524875235,287.1474625220169,393.74810165623995,428.6942014575026,372.6917770148884,621.2256622003252,635.6868483479052,557.0640937503922,0.0,601.2240991918927,0.0,167.3338575107636,0.0,0.0,0.0,0.0,0.0,0.0,0.0,0.0,0.0,0.0,0.0,0.0,587.0139950271164,625.1970312821215,598.0731941217722,669.9055872956076,634.9715791605358,620.9397446504838,564.8865046879881,514.668986431561,527.2905170255992,526.7872406842456,570.7266481296762,551.6880443796074,548.8334433893427,528.692538003461,527.075003023579,515.4141920379162,513.4084047388709,520.953450747186,522.3531569820377,514.7580437548608
2025-09-27,1314.6754349301882,1385.8704471800222,1400.4974848011948,1017.9455545173428,1340.510455359174,502.4564431540222,600.4461762330686,575.9262782777939,544.8403935428523,543.7869195850924,558.508255026708,559.1585847532057,523.9347446200687,516.3555235900939,532.307925595874,520.8971218801737,551.7773115877438,594.4714740237417,553.5411526713337,554.1332923399182,520.5953861863819,523.5463172978165,517.6483433665147,509.3983719353712,510.21417912390217,501.99840120495054,497.5011780215857,512.3591018233477,518.873049734233,512.9311004834988,514.0349479716003,491.60668018629605,473.0351169395279,1307.4016731539648,0.0,0.0,0.0,0.0,0.0,0.0,0.0,0.0,0.0,0.0,0.0,0.0,0.0,0.0,0.0,0.0,0.0,0.0,0.0,0.0,0.0,0.0,0.0,0.0,0.0,0.0,0.0,0.0,0.0,0.0,0.0,0.0,0.0,0.0,0.0,0.0,0.0,0.0,0.0,0.0,0.0,0.0,0.0,0.0,0.0,0.0,0.0,0.0,0.0,0.0,0.0,0.0,0.0,0.0,0.0,0.0,0.0,0.0,0.0,0.0,49.006044380626804,143.49124779238855,123.63735519243573,216.45248098545275,366.2151496997086,353.55640172598436,357.6236518746595,325.55136335015385,365.88516826595594,415.9424243322226,466.26695618387737,564.3046385111762,610.4739082454073,611.3345883497758,0.0,630.7471985363367,355.7448829619931,595.978624266201,0.0,0.0,0.0,0.0,0.0,0.0,0.0,0.0,0.0,0.0,0.0,0.0,669.6325446866829,731.8378937411337,610.8270056076412,562.2498945456443,651.1041632085075,575.7466043711804,549.7928883498207,600.9990165372245,512.1835687294551,586.8098033415348,589.6547805592045,530.0047612088455,516.3251585361473,551.969553006169,541.7072086883442,574.5334979059498,593.2036399682028,563.4910712434363,594.1966448243465,656.6817389464811
2025-09-28,1493.8810020391315,1428.5613053737866,1544.4672145682416,1461.0203276107368,1540.3180689082567,1494.4933164261738,1363.6235801112832,1537.0404031391367,1518.8017573946042,714.9993179830931,705.7599525132989,1502.5841928430996,1465.36142600711,686.228780012276,643.0234552632649,599.7756360111023,678.9560369908551,658.9951536311735,684.6402863008573,648.9568455844527,657.678566329791,656.0855816789899,660.220587176659,657.2469487893629,641.8383048583545,633.7663468373834,665.5615992121573,674.7594996817082,630.7118244558658,659.3688125047802,626.1633812877346,627.4375354616996,1462.753582557396,1468.9563340471648,682.6718557077041,0.0,0.0,0.0,0.0,0.0,0.0,0.0,0.0,357.34995622306053,418.32865912419743,312.74988751068827,0.0,0.0,0.0,0.0,0.0,0.0,0.0,0.0,0.0,0.0,0.0,0.0,0.0,0.0,0.0,0.0,0.0,0.0,0.0,593.703567836639,581.8952774501565,651.2795308239757,636.7945934947045,614.1729174038596,556.3172630684493,649.5178771931078,621.9839362038394,537.6552391420685,520.8831039965298,605.7744241781177,97.36582736442779,0.0,0.0,0.0,0.0,0.0,0.0,0.0,0.0,0.0,0.0,0.0,0.0,237.35900991591456,956.7955605257976,266.70675150382374,342.6017388099537,436.6179642406632,493.0299535720421,643.2780154644137,673.2474643969783,656.4874782734042,679.0070609729668,752.233983377176,810.226025218553,868.7409021597861,974.8421063917901,972.8065329949411,925.697424152907,972.872794398276,968.1663771073381,814.0650710638091,805.2289589677641,869.7393029934135,911.1629038176011,880.5043340187884,910.9046792160184,98.98187002295742,71.57460689245306,55.519718091376035,65.40339662404176,76.19021363210481,85.22227773227496,104.45491286978245,105.943002839894,621.977029266729,80.96194293856615,94.57401550989721,917.403781796829,873.0698077586211,870.3579749186715,896.5443520843313,936.2762412143489,941.3456882333949,870.8341975634492,637.0584035682485,633.7136691560329,700.0950680690291,707.7615106595633,693.1663651942703,715.1988685651522,669.0835265227989,721.6166635364716,676.2523432378896,644.3210579911375,698.6704850441855,702.7598738070432,671.2777837479815
2025-09-29,1484.3435865739748,1500.750811405155,1421.0992534283723,1494.7132419309214,1481.8807666384719,1463.7117614333724,1282.12337614086,1444.97699627489,1446.750949892782,645.5843304190739,641.1913322069768,1483.8880153810812,1509.3967316109754,678.0926833081955,604.2391790851598,642.4196211015931,622.1695367104946,621.2210954388805,642.6696438338811,660.5562901661419,697.7237443651354,662.2409438248899,641.867284003304,648.3890472223616,630.4506494302013,615.0776271749711,634.008338954762,642.0972233368915,603.7615181284914,613.8857260364618,594.9036235761045,628.9261487626908,1473.2253304811015,1464.351061835027,670.5125883654262,0.0,0.0,0.0,0.0,0.0,0.0,0.0,82.39095182258956,430.6616854749503,446.18458763349065,302.04410581484615,0.0,0.0,0.0,0.0,0.0,0.0,0.0,0.0,0.0,0.0,0.0,0.0,0.0,0.0,0.0,0.0,0.0,0.0,0.0,260.8340224107309,547.7937237906007,520.7144511669946,511.8230431538076,562.1901582163038,476.05975859542053,503.1639530521452,470.5540919628149,467.3948911555541,493.51853564427057,514.6286241644792,0.0,0.0,0.0,0.0,0.0,0.0,0.0,0.0,0.0,0.0,0.0,0.0,0.0,227.15295030731727,754.4721853174808,284.4171483954235,327.00399739764157,471.3864911901211,571.5972328164247,492.098156050933,617.6481108231857,628.4556737498605,693.6632259155524,711.0709473749102,769.2506457863551,734.428616947551,916.1492040821031,959.2055008207261,944.6159872890347,921.4278475900605,904.5077561972836,812.2890033210743,791.3117751437378,843.1847215951319,809.2868480300746,841.4296313383347,890.6595183522386,96.73919806189417,80.59135289531366,67.57848647477158,67.06899011319376,63.94327400799261,70.93811108763578,76.83113294506177,59.967234660314375,607.3607546294272,100.98132778936906,51.834555007792915,887.7968344176478,944.6721009215227,876.9378286912973,851.7509204709766,882.0416932885734,880.799353442364,833.6247238168075,669.7967709104861,633.4681366766234,640.3270811686878,656.9778108015188,586.4250711689031,670.36792808972,734.7145537058182,659.2450369817608,635.6901018353707,687.3381463085911,666.0838247053781,613.9555716202274,626.9239909825859
2025-09-30,1480.059402447204,1478.8490445796956,1449.0632922312807,1466.4981006235735,1471.8548948524146,1457.28409011444,1327.4627498086447,1440.8749637221877,1452.9512700585979,630.7702597587261,628.8009777080995,1464.4818529816775,1439.0837548012637,610.0900856465838,633.6507313085975,617.2228420405992,660.4907742721928,624.4336803901967,616.0530939451586,617.9385984558727,629.4795644965352,635.5440693536377,638.290379089728,642.2655442600055,638.1701732088204,633.2897646513206,624.2709764376815,630.7023791760973,633.3536053026675,613.1876376968246,650.9863318349368,625.2449527027773,1450.5289417172185,1454.770101366382,679.1620562181078,0.0,0.0,0.0,0.0,0.0,0.0,156.4407766278158,529.3552162419484,446.37196123616803,392.46281604390816,302.55285558024707,0.0,0.0,0.0,0.0,0.0,0.0,0.0,0.0,0.0,0.0,0.0,0.0,0.0,0.0,0.0,0.0,0.0,0.0,0.0,614.5420254044363,597.1921087260438,619.9551637941047,659.2615445168815,591.1386642659052,504.05480389773004,514.3238633879071,506.2885459684039,451.52327248514774,436.19033654248443,485.54961379881536,303.67665535842673,0.0,0.0,0.0,0.0,0.0,0.0,0.0,0.0,0.0,0.0,0.0,0.0,296.9537042611031,1111.9724813040261,347.466574966997,414.1432841881518,426.4214312340272,469.6261596928002,671.984490011783,699.6809871282692,624.6079906207015,665.6249818286085,708.7498562872313,762.4931082935393,820.7894965045882,861.4771412287369,912.3267032348227,971.4887785067539,970.1695372180757,964.2770261905241,859.1411508118917,790.587649302607,842.1683755621632,831.4116632500917,881.3996953073496,894.2694501813838,22.784218123933556,52.89243413255258,62.71366669281315,28.74305828567003,23.488654615151745,27.61733520818825,25.466535914493306,16.306910115015626,545.8381948515569,28.893769119046738,53.32700988114004,875.506272212236,857.9726520311453,870.2458106111221,875.0310862935484,863.4715491101681,868.5993901550634,829.9455538664847,685.2513801894545,609.3591698053192,658.8561810895715,682.170330563582,656.0470840998494,636.1428624270992,653.7911523920139,637.8947267335218,627.9857239699629,664.4333394332053,662.2323726732448,611.2882227166898,573.2235612161923
2025-10-01,1502.958791308457,1529.0606074844563,1514.4421023924017,1476.2920801338003,1479.333944125999,1512.294586411841,1344.8682188336666,1521.4510206157138,1480.7254987962672,633.0874031291823,614.0649252645994,1451.4812106964587,1485.165091919133,662.3149898896719,646.4150508991631,634.9304921521841,647.9414730514961,660.4178107162098,658.6303204204844,661.5799062865246,678.5846678779476,687.5181310064398,652.5628839949171,626.9385559153495,637.1315845920616,631.9492958837292,622.4449811917868,652.8644764645883,654.0163971073111,648.1749325754729,638.1969697423004,638.1385240654388,1477.5041465829445,1468.4982865056545,654.7721444619829,0.0,0.0,0.0,0.0,0.0,0.0,301.63777884986075,537.6495895672247,456.4074223643737,380.15857161211886,249.07537705356617,0.0,0.0,0.0,0.0,0.0,0.0,0.0,0.0,0.0,0.0,0.0,0.0,0.0,0.0,0.0,0.0,0.0,0.0,0.0,606.7485022887196,593.258164677605,600.4763566587253,571.2425359157187,591.4342034107717,494.07702216524535,524.5365584894016,517.4324763283124,483.1279609156145,462.91638866146104,544.1721128659012,178.78592295795107,0.0,0.0,0.0,0.0,0.0,0.0,0.0,0.0,0.0,0.0,0.0,0.0,135.78033134363034,799.9018365200617,343.28532954589167,310.4644173937893,363.4533518040411,489.6368086532899,534.25904423662,501.10384286971043,551.9886846136936,645.1214434738628,680.343640986212,722.7827932797226,778.1240720305827,846.6178425064875,878.0031215974586,895.6499781776237,914.8788769091602,910.349309448319,826.6277169300995,828.5157642229462,836.6343843290655,813.4352943213767,875.4485675782319,862.7100059493456,23.420012651106276,50.95131111347246,41.094615975110514,0.0,78.42124318472747,80.38711183096245,75.6980331545135,78.16206426451731,586.1754219582444,33.41814032282521,25.604952068192915,880.7901892945054,878.4367037084023,870.8934008720895,869.8565551468075,872.6799993434531,863.3936616082289,771.4434623598711,700.6442492931914,682.9444829452847,671.8770201377563,624.9237373022069,680.9471529505045,688.0307981371959,699.8206065349336,659.1708624792275,665.8132324637872,655.8011874932511,654.3845641188798,648.785595757413,666.5938305090671
2025-10-02,1506.3732180192728,1510.3292189632725,1523.7911494288085,1505.4945626092267,1527.3753979867106,1497.8945344223148,1377.1993546090346,1548.019389200502,1511.3159468492927,684.2042054804097,667.3568589330679,1460.5380318318948,1496.5125363839234,667.6749681704739,649.1766020594705,675.4647339955968,695.0108858180536,623.8702359701459,610.7696971706432,699.6076097251593,657.0319877335842,643.3787340549219,665.5623684080613,677.6571370060819,600.0821124537439,651.4181315579572,688.8748286647117,666.7838192583405,642.5605105961929,632.161703894064,666.163780327768,676.4766668642986,1473.0958142798413,1399.6823479141667,673.7515192284746,0.0,0.0,0.0,0.0,0.0,0.0,211.0588517178458,553.4714118222261,469.00673688911405,392.18861051337376,311.59269113138237,0.0,0.0,0.0,0.0,0.0,0.0,0.0,0.0,0.0,0.0,0.0,0.0,0.0,0.0,0.0,0.0,0.0,0.0,0.0,600.2254853599306,629.5835611618133,621.6836881983692,683.3812221652948,604.0719509001632,515.5078822059559,508.9067182239748,624.7229537998994,635.6988956434942,512.8842339340842,499.8870918649589,121.83610440082532,0.0,0.0,0.0,0.0,0.0,0.0,0.0,0.0,0.0,0.0,0.0,0.0,194.90898504992586,595.949298691815,260.89863147066745,289.9706489644531,417.3310815424499,513.2647374247304,610.4502338031112,576.8724928801598,597.8582606894599,670.6144044723313,707.682019304626,750.2964538903557,862.6294317500195,883.8071549134994,880.1934007484448,891.7824092394441,926.4251867133984,929.9160059618489,790.8924251950751,805.3296806402004,872.7387211095755,933.778163334244,905.7211616353983,910.4942084619769,105.9346898797038,112.15430438190356,101.79213735205008,107.28698664147987,120.82152448177555,118.748297061985,72.30570727435122,63.20734826436899,593.5678325496185,63.79191349624102,91.89680930935958,907.4828492489828,906.2590029722869,972.022223355646,963.241302386681,884.764247599297,931.5797759836112,851.5635981719655,598.3190875920824,594.095999061086,736.7257369663296,714.1453287066158,669.5399806395749,712.2939924107073,654.0625235147667,671.3938868389249,671.1766871506761,750.203085386633,667.8093589385982,711.3467524762027,588.2157736558611
2025-10-03,1362.6222746152564,1391.1804375946908,1365.8449647305165,1298.4932554731017,1363.6702979439297,512.7550524425488,470.76307005831563,565.8690545126295,524.8007338152754,527.8879490401813,504.0756408567962,503.76641267728513,517.7930237192941,507.96427297772254,534.6213452759916,511.4529411306767,504.686925510672,495.07299518404045,503.276752039416,503.2701180509184,541.1790844356641,565.5284632088758,535.3019350913924,565.2108855719077,551.9791421759987,526.5706749010692,507.86234837466526,522.1025802548459,556.5864283980648,576.0614526188957,521.0793890364226,494.5804494022357,464.6635651327361,1305.550660490178,0.0,0.0,0.0,0.0,0.0,0.0,0.0,0.0,0.0,0.0,0.0,0.0,0.0,0.0,0.0,0.0,0.0,0.0,0.0,0.0,0.0,0.0,0.0,0.0,0.0,0.0,0.0,0.0,0.0,0.0,0.0,0.0,0.0,0.0,0.0,0.0,0.0,0.0,0.0,0.0,0.0,0.0,0.0,0.0,0.0,0.0,0.0,0.0,0.0,0.0,0.0,0.0,0.0,0.0,0.0,0.0,0.0,0.0,0.0,0.0,0.0,3.754996708602148,122.89622084774169,260.02407499777127,320.72180406383984,346.1973100830319,368.3633005862344,395.58279982569843,388.1369843054176,415.59367848911546,427.8023287345024,468.35765668653517,478.222364293224,521.7103398517527,0.0,600.7741833615834,182.23039584523178,644.7450449781868,0.0,0.0,0.0,0.0,0.0,0.0,0.0,0.0,0.0,0.0,0.0,0.0,665.223544785493,638.2501228345358,691.3538203446979,648.2405269861559,600.117534864312,673.845330838523,669.1847646699258,568.4094218314024,558.1403120482414,545.1012956625754,546.3685836269642,530.0483283070357,577.4734193394906,507.79781624178503,595.1708236646757,552.5863040362934,546.8509334423245,542.0203938578037,610.375969395423,521.3959180681512
2025-10-04,1370.9144330215768,1280.4811882202353,1376.8470724297636,1409.8631208111392,1378.945649698034,624.1620859781575,556.745177903289,599.5464182681701,1390.8682687286032,485.0489577168896,524.111773844233,526.6949577950505,464.9544892638976,529.7905874649696,604.4178031477483,533.5606142930368,491.17104909768614,567.5445816711992,557.4374220339187,505.3870775641393,557.0371593844036,568.434838584861,529.0905251395855,488.0468853349426,506.32569359464424,540.0939868202145,547.7446863202226,508.32443195526184,493.2382025294256,500.74333575340296,474.98985859145,544.57216213804,494.104504422885,1346.7888153016388,0.0,0.0,0.0,0.0,0.0,0.0,0.0,0.0,0.0,0.0,0.0,0.0,0.0,0.0,0.0,0.0,0.0,0.0,0.0,0.0,0.0,0.0,0.0,0.0,0.0,0.0,0.0,0.0,0.0,0.0,0.0,0.0,0.0,0.0,0.0,0.0,0.0,0.0,0.0,0.0,0.0,0.0,0.0,0.0,0.0,0.0,0.0,0.0,0.0,0.0,0.0,0.0,0.0,0.0,0.0,0.0,0.0,0.0,0.0,0.0,0.0,89.4128242372941,153.15340931302052,217.18035999929646,277.5465470669052,301.84590202042756,322.9522267010375,341.29897195019953,393.6404058188673,447.5784118871337,519.1106818697538,561.852530053792,594.4839950002752,603.3008572516121,0.0,616.7438756765963,231.64553340879417,607.1734534411264,0.0,0.0,0.0,0.0,0.0,0.0,0.0,0.0,0.0,0.0,0.0,0.0,579.3960004266564,630.3393227117439,666.8975816808222,653.3510514894041,621.416526364306,668.2148413966324,636.7804205730773,548.2425157449435,544.9694755671724,555.5852948942049,522.7098596242022,561.2432385385536,528.4438918891979,492.06117322214794,527.6659718060541,603.2406716136848,579.6346167421972,459.26793677978145,690.7876232688482,737.8923157426482
2025-10-05,1474.100362751985,1448.213827011552,1446.932818150744,1448.5019932499329,1455.0990117962183,1518.2597984094227,1273.150781835361,1422.7958929165798,1460.6757416084533,627.4309768516096,636.2335883787779,1467.7692222721194,1481.9714648973702,649.9009612465011,614.758837941779,621.5460737340808,618.3408469997299,595.8912207454501,590.6815849981771,618.694709909713,620.823133512884,620.4944037101227,639.1421928882269,608.0117214035834,623.3470241976509,615.0827068171036,626.2521190553211,623.4859603589979,629.184098136303,640.575106701176,619.7039410848276,621.5847717348754,1456.9431076050937,1439.6132766785747,672.5085576985279,0.0,0.0,0.0,0.0,0.0,528.215843258784,591.269141818665,557.8681387238386,512.9448061483541,430.02259802955405,303.266338272562,0.0,0.0,0.0,0.0,0.0,0.0,0.0,0.0,0.0,0.0,0.0,0.0,0.0,0.0,0.0,0.0,0.0,0.0,0.0,721.9966787541475,787.462900240766,733.5174507111178,611.2577765472987,580.5530954578044,619.5773352451805,671.4458178251907,689.2809903013622,665.4815007008481,646.6526793985759,610.4655564281459,788.450803820261,0.0,0.0,0.0,0.0,0.0,0.0,0.0,0.0,0.0,0.0,0.0,0.0,151.02519974892678,709.0899776185988,177.37210504085536,292.80047381844435,322.86323238594366,355.449622355011,454.9464355780773,541.6868525274323,620.6528560819364,623.8613080297722,660.4232873290575,749.7023444982511,816.9715709341239,838.6734693345471,856.3728548105167,903.6468773499064,884.3146360941889,899.6000368987374,800.699298363228,707.2252667861349,788.7211291168362,756.5738771090671,791.4943899061044,830.0709740777595,0.0,0.09570618314705825,16.908939564868774,36.03308620475343,18.534724654721913,21.880670092369655,24.302018698100596,0.0,488.47095811197636,19.495940901946938,33.020012526070786,846.5202321144427,823.696021017461,840.5576322552496,849.769702403232,841.942340759272,865.5790064879967,752.5908895890011,629.5455958165671,635.1230861390535,663.2475106706027,644.876698919461,629.5837640907519,577.5026631920202,617.7447916265754,615.2681212066855,635.2543435404318,652.9040319800977,636.4462696571791,651.9955545113029,673.7270721792162
2025-10-06,1522.91654534716,1462.1239581361542,1435.4128362340873,1492.4265785705331,1532.5595198476317,1485.3479340065228,1316.4107849219936,1481.2871834713528,1463.1548734318312,669.5498298867179,649.2204095885381,1440.2972443967947,1486.9399173257364,681.7198616313015,657.1139312342967,630.9825556384069,631.5949408008745,649.6111346611543,654.3408001251938,656.5857419733835,632.43465417595,630.5089563984018,658.7739406590141,637.7986972018509,666.5028596597225,627.9520045400299,613.5927528191855,633.903264097603,660.5202069048771,651.9513926589852,645.1133364432238,653.1294427549756,1480.875702886503,1477.3991232752887,694.5669582446835,0.0,0.0,0.0,0.0,0.0,0.0,238.37893989171704,571.2019494549406,471.7553402089863,457.738517860235,311.2178045915665,0.0,0.0,0.0,0.0,0.0,0.0,0.0,0.0,0.0,0.0,0.0,0.0,0.0,0.0,0.0,0.0,0.0,0.0,0.0,692.7148085734416,659.2928776434836,620.6134359830037,573.2282405202991,568.8253083432442,563.1843252501812,585.6601349197774,543.4067706636235,572.922456751126,600.2345430677196,644.4299745170499,664.1738916695203,0.0,0.0,0.0,0.0,0.0,0.0,0.0,0.0,0.0,0.0,0.0,0.0,709.2156648148073,1055.5063107514707,256.86677185230434,375.3366394061134,382.00431091986985,467.0874293255724,569.893399678754,585.0687784489229,611.3114023767665,672.7221051562506,714.7306666453995,697.9296691131157,786.0275815461645,824.0353890740595,878.7732410768532,889.1434961948711,898.8358454732131,873.7109666074598,831.5914350417283,750.3977351756492,833.402448010075,879.4901405345588,860.6463312513448,844.9356227756318,18.971570480165155,25.919525580786512,24.126184624014286,49.14160605370114,49.677245248032705,52.28335335762074,59.053290267893885,43.14282833472248,555.7901023735533,0.0,79.37569243470261,879.5892597847296,846.748783108436,840.8431543334356,848.052426696019,867.8022802363571,905.6970942208225,812.6653713454,635.8196128617637,646.4564359705283,686.3077435288811,666.6738352483666,710.0173704264558,709.2528700298836,684.7608568960317,615.5553741248619,625.3921220719698,677.6714871105228,647.0934689248866,639.0164074283896,695.682793057544
2025-10-07,1503.420619409166,1456.5371511901224,1437.9181892262145,1523.3709913755238,1544.7305731982967,1507.1845347762555,1338.2335747994307,1478.1147145749558,1410.8444598985518,633.7942353400139,627.0562173769538,1443.4607805863566,1458.0151655911689,664.0800906744543,652.2081480342584,619.8200599890347,633.7912294877394,628.7253229935623,641.4935968554712,648.5842472908903,664.0391733538136,675.370011368568,651.4010916842278,632.4001228816817,646.3861733396784,657.1441634052383,653.7432844602997,671.5123200992944,680.7024984280183,649.3302752248327,642.1359883609582,634.7569600179219,1481.4892466231458,1448.5610627682127,650.068326524804,0.0,0.0,0.0,0.0,0.0,663.1726387070203,627.5363627035066,594.2161277687156,542.0787541398614,445.4493001191186,914.0564555892245,0.0,0.0,0.0,0.0,0.0,0.0,0.0,0.0,0.0,0.0,0.0,0.0,0.0,0.0,0.0,0.0,0.0,0.0,0.0,647.0525524923002,626.9464858222666,658.0448304171002,585.7249580298242,571.5644008360725,563.1326875085203,473.015250369663,476.24437591077066,473.1213897097817,452.0938523029478,513.6006398717909,537.9813413279055,0.0,0.0,0.0,0.0,0.0,0.0,0.0,0.0,0.0,0.0,0.0,0.0,825.3019360258473,1170.041388397577,402.37996257023985,387.57606278228303,389.53657047885605,495.37809691096476,581.4969938611508,626.7065031030074,637.3023140775344,686.7131124482603,733.5029641428895,795.6458354075089,787.3596583736285,829.6945569675977,858.0175266360912,899.0104016033642,888.7370197918049,878.4004003051706,774.0438399766642,820.1662254139771,864.300775741383,850.5145598728826,850.4349556590499,848.8791316497955,22.185249166917743,0.0,10.644459446784708,20.688213682360697,19.03800265223242,11.4600877043315,4.9185447455261055,11.553301753945448,548.3170912511112,48.09298111029477,34.36084922466614,856.5604586715585,846.1701924792185,851.2643403246418,850.290027997548,871.6763336996584,860.7026585965538,752.9355210146816,668.5656989777285,629.8700698328711,661.683609975523,679.5167831012798,650.2368377763697,660.111537021711,634.8614207074253,606.3727735911307,644.3424826737693,685.7146766071149,675.3329419513587,627.8529940166363,618.5684909513074
2025-10-08,1464.282909010072,1471.368311721004,1489.8452680973041,1477.482764202537,1493.5259044820937,1496.1791845608257,1337.6799094684288,1476.6856425309702,1474.7916562156204,638.3569140699867,651.8679297757151,1435.4723562971062,1489.9871755350127,660.1466549005586,646.2585653268098,626.4262117810711,655.6092136484451,639.7953431733849,636.4501144172561,634.9954873668057,645.6822053338269,671.4446346094088,654.1808110861788,628.1511313043754,632.1719388309244,649.1784291351607,655.9094436073956,648.8052884061725,605.5004588028941,660.8336990019284,655.3694928172491,650.4808557153368,1475.4548539678508,1444.714642050053,697.687127086102,0.0,0.0,0.0,0.0,0.0,0.0,422.6176520877886,524.284323199374,507.98436609260864,428.14269387193576,355.27141698239535,0.0,0.0,0.0,0.0,0.0,0.0,0.0,0.0,0.0,0.0,0.0,0.0,0.0,0.0,0.0,0.0,0.0,0.0,0.0,540.8640187979238,539.9246263236969,480.0970180072431,473.1624426812003,488.37852585033914,480.54285857838823,449.48747719968316,552.0587254688664,522.1346687349962,480.84005830093975,486.30655952868887,114.09949949478752,0.0,0.0,0.0,0.0,0.0,0.0,0.0,0.0,0.0,0.0,0.0,0.0,107.27768050599822,697.8245075855967,242.83779818454286,327.2808382731154,328.3445165442172,437.91274305188654,538.1854072244146,596.6998986794822,629.9378424904199,667.1798976892574,635.1207609477881,743.8583502948075,799.6348999551175,836.1762951401181,864.5553495991275,888.8352976591162,877.3003988786919,864.3903144369925,697.7205752256046,688.4881115243007,751.6402095357316,737.2988197535814,757.9301423074096,705.6703534803348,0.0,0.0,0.0,0.0,0.0,0.0,0.0,0.0,0.0,0.0,0.0,757.7431412378111,744.0890591113036,794.5874020290327,819.6595610415591,804.367379650146,835.0541117039555,713.9157171340306,586.5885410435342,568.9825224461998,645.1350432778788,638.5445672504785,586.2224974888733,623.5404547165958,677.4515539342983,653.7745628271449,608.4550104535223,631.8492304453385,642.0232167855625,639.6828312554903,636.6021565207884
2025-10-09,1470.7547460278524,1482.6450811347363,1458.3501713852418,1483.1950865640151,1505.3085947245272,1467.359300976325,1313.2180554603137,1495.6703011936336,1514.0865042295395,645.238940402994,621.0505967487859,1457.5005405062172,1493.4648244984478,665.3561148437874,648.4900124792831,618.4432341898121,630.3766150386236,623.798029277357,627.4065805133814,642.4931362169649,657.0460091375811,669.61001700047,645.9706056812823,626.6807520387307,631.1101727310854,657.5944844447972,651.1794624354103,636.4619889498822,626.7270122327325,625.6613110822443,637.720095971556,642.6842626395216,1437.4039773256773,1446.3674046567578,705.808206676607,0.0,0.0,0.0,0.0,0.0,319.77585383719384,665.7959485355789,579.7729239537128,460.20566471430624,457.4528867388271,360.0025461539179,0.0,0.0,0.0,0.0,0.0,0.0,0.0,0.0,0.0,0.0,0.0,0.0,0.0,0.0,0.0,0.0,0.0,0.0,0.0,0.0,544.671847031698,343.8514271171982,519.2598288403237,544.7372392951918,480.87883721960566,355.8368555867163,391.934463120257,442.21068701861185,516.9566518326233,444.7966423923597,0.0,0.0,0.0,0.0,0.0,0.0,0.0,0.0,0.0,0.0,0.0,0.0,0.0,188.62279934939158,289.4945318103252,186.45536181936035,194.42983527693087,326.8441393117962,390.43162495089786,494.82145641852946,500.278543499305,564.7251519788612,657.1859518402958,720.4832038661541,754.9960169794314,751.7541364251429,818.4126585779713,873.338199933886,878.2395117517771,880.2075236072948,872.8343185634108,746.2939347605991,740.2452634263527,756.6453592486006,758.9472235312406,779.942112356088,792.8560088825217,0.0,0.0,0.0,0.0,0.0,0.0,0.0,0.0,48.08507230045018,0.0,0.0,787.6392069410325,782.0403356255713,817.5686343423905,828.8361701931782,814.7946790467204,809.4004591439161,723.6509448647948,647.9005303365441,620.3153548834032,654.1337970497941,666.6602733460934,624.0839013118618,638.4522510136915,618.981195868763,634.6398022009275,646.8012617338675,634.2972287766507,641.5677965840451,572.9769736480227,525.7064161980478
2025-10-10,1339.7140940677834,1347.097828507555,1340.3449901543988,1370.1008600797581,1386.9081745931157,736.6125204104892,576.4945204524014,512.9831227085475,1340.3263760293755,516.6524334447589,552.6995179649907,491.72215214148497,497.22943641412905,511.54274231506884,497.94758848011907,499.9399444818172,502.0630578047772,488.6221908300368,484.05515653515954,497.9570171415555,501.5190402138724,531.7175990707069,503.78530205930707,519.70981582431,476.31350552779566,491.901637027823,561.3634834534021,543.9018075428951,488.61618346484994,477.44963254716765,496.8087637651679,507.20816041646333,477.4213088490164,1330.0480346645488,0.0,0.0,0.0,0.0,0.0,0.0,0.0,0.0,0.0,0.0,0.0,0.0,0.0,0.0,0.0,0.0,0.0,0.0,0.0,0.0,0.0,0.0,0.0,0.0,0.0,0.0,0.0,0.0,0.0,0.0,0.0,0.0,0.0,0.0,0.0,0.0,0.0,0.0,0.0,0.0,0.0,0.0,0.0,0.0,0.0,0.0,0.0,0.0,0.0,0.0,0.0,0.0,0.0,0.0,0.0,0.0,0.0,0.0,0.0,0.0,0.0,0.0,41.197836694128796,153.77854721764834,215.66814398176007,300.8721288184365,337.3735931086705,324.8797634585082,348.55466508859604,359.6056125155899,436.704460717838,487.9807985870533,569.6335211723004,551.2144531665408,0.0,319.44559098921854,0.0,0.0,0.0,0.0,0.0,0.0,0.0,0.0,0.0,0.0,0.0,0.0,0.0,0.0,657.2632434161687,565.6813995655971,545.8925263092585,576.672904952364,614.2461190604839,596.9345382642284,570.6329039341017,516.9518227759256,517.0963892452768,545.4982906649029,538.6219963551362,557.2826515656027,543.9052291844044,550.3781482665265,508.1190981336249,507.4677038078999,530.117048787504,558.2594988096664,465.7986828600392,500.54650900646243
2025-10-11,1313.4089427251542,1315.65429116842,1307.0893917109343,1361.7694138427846,1373.239632366458,951.7938637276884,518.160920506062,465.43642597951845,1269.2729788278693,473.22204879437265,472.0887840865638,395.054460576663,432.615284198534,475.48165280393783,462.90247040939994,437.7959167439552,449.45265826559216,456.76986492784226,519.5720934739252,500.6403663328041,505.3505104638907,496.4474589748862,507.86624133279895,504.93049146608087,472.4079636571167,447.3226863170198,521.4916625360518,511.66822817182907,464.1606546614693,538.8327887247756,487.5980273136489,487.33105775340846,488.6395425361261,1336.3145312004845,0.0,0.0,0.0,0.0,0.0,0.0,0.0,0.0,0.0,0.0,0.0,0.0,0.0,0.0,0.0,0.0,0.0,0.0,0.0,0.0,0.0,0.0,0.0,0.0,0.0,0.0,0.0,0.0,0.0,0.0,0.0,0.0,0.0,0.0,0.0,0.0,0.0,0.0,0.0,0.0,0.0,0.0,0.0,0.0,0.0,0.0,0.0,0.0,0.0,0.0,0.0,0.0,0.0,0.0,0.0,0.0,0.0,0.0,0.0,0.0,34.435253751290645,131.5029991536286,225.87125724821612,257.83977257171165,316.7110720678546,372.4565218640764,383.14512923523466,385.27716487354706,406.1501041655878,414.428850490848,390.49336330702687,472.70511039369535,526.0775715272182,576.8564131353434,0.0,35.991060787547326,0.0,0.0,0.0,0.0,0.0,0.0,0.0,0.0,0.0,0.0,0.0,0.0,0.0,0.0,540.9702652629795,523.0432488430511,539.1315434028336,592.5096654407452,552.0837601394558,592.2041465690529,546.9710411956364,488.7506568172598,526.9021004343274,478.70774552787486,477.9518286333428,503.51427767556936,499.04022077251176,428.28673251578317,486.649060727562,499.79812434302016,509.2175848133896,517.9396945933054,532.0026934299799,626.4591317462545
2025-10-12,1475.7960593473022,1463.0872270915584,1432.7299939216223,1488.4062868238034,1454.7094582352408,1463.9036121366473,1286.062279374451,1444.9179082968149,1406.5820041072343,637.053657011116,641.2530703196887,1446.4752620692716,1474.3402460216553,636.0702984648833,628.6672206036268,615.0080157963465,630.5627847205916,587.2354046333503,627.3848137798328,648.6016564915561,672.4779232145137,678.816780962176,651.5160953344496,633.4270969019378,650.6883530802874,643.0178264421032,624.6887637445349,627.7263206609775,629.3962126397748,639.4791522187203,639.0248197956363,629.8126879570186,1457.604661554782,1460.954734872919,648.4663394592907,0.0,0.0,0.0,0.0,0.0,504.3445118055316,618.4874836803451,534.069804516605,545.3050141355042,470.526266268805,378.2216490621986,0.0,0.0,0.0,0.0,0.0,0.0,0.0,0.0,0.0,0.0,0.0,0.0,0.0,0.0,0.0,0.0,0.0,0.0,0.0,655.2062372695118,620.3087663864752,619.2540783662789,562.5172197169074,531.0168047694413,512.3233811157116,513.1584800433546,563.4903287695838,573.562821048608,585.4031533156528,596.7946236808039,533.0390368222537,0.0,0.0,0.0,0.0,0.0,0.0,0.0,0.0,0.0,0.0,0.0,0.0,160.1179002021429,686.5459547970179,292.5051169830951,337.0289763350093,347.28940406484344,373.6844703599275,424.9858466013636,480.0024952485036,568.2625860103434,635.8827975303328,638.9437961474866,792.8201724490119,806.9498948061929,808.9784016441487,889.6664447095234,915.2359059850329,918.8674615366846,912.5209823148219,737.1999432707852,772.33336419852,796.5469499710885,740.1170370212326,730.3568750288861,793.5294330392506,0.0,0.0,0.0,0.0,0.0,0.0,0.0,0.0,106.12814228417642,0.0,0.0,839.9468072055732,810.054987085396,779.7273718715616,771.9689987168041,781.7086498471981,817.2080759237824,727.0477943882757,637.1850881083373,574.4499275866954,638.4540641666283,691.8712164755409,650.6789807353745,604.7454661523756,612.1742236010735,589.3627845664082,618.0572458869048,680.278227646389,636.5027757268523,605.993178683369,640.7317960567805
2025-10-13,1457.3008922213935,1452.9856720430334,1445.3739675888396,1472.0340603911816,1455.8090456403984,1432.0913991591565,1274.5290460477277,1449.0313907411828,1407.9959907707093,617.019934752614,616.0659144840791,1441.3790775250927,1472.576648449372,658.7843630771794,636.9205479552801,628.9745839295192,622.3895582517961,619.1366994812219,627.2148634281033,635.910654156633,661.8766164667114,668.5053592849744,659.0633297321232,642.2408648565378,635.7322851253556,640.7153811414231,629.8988586048916,649.7068987654204,652.692733172102,636.4387485140551,640.8530060361188,643.9300969681713,1475.9328858998795,1460.2441165653945,688.3379006142181,2.604688317754608,0.0,0.0,0.0,0.0,400.925190286498,641.509910783761,573.9943440043087,523.9195936857398,440.6365145983342,378.24002317529994,0.0,0.0,0.0,0.0,0.0,0.0,0.0,0.0,0.0,0.0,0.0,0.0,0.0,0.0,0.0,0.0,0.0,0.0,0.0,375.61000021120776,578.6599914558462,503.79723220688857,494.0412218506991,525.8914567904521,469.9423303500179,410.3848898919188,478.69644314860477,495.81186158925505,454.8502459448857,483.815630435211,0.0,0.0,0.0,0.0,0.0,0.0,0.0,0.0,0.0,0.0,0.0,0.0,0.0,202.95493960208051,770.4364019890027,288.03461010856813,319.0363566150597,349.75734127795386,422.2161823484566,500.6906853459931,529.202180087059,593.2684137679287,622.2050368755735,684.9209776073334,741.312078913431,773.9123000200864,837.8446457081485,874.0025956083834,915.4199296241178,942.1684461492803,923.0099774209438,779.8306543883641,738.1406066790538,772.5868085002379,792.1306928327039,802.5550466912154,801.6560437730391,0.0,0.0,0.0,0.0,0.0,0.0,0.0,0.0,392.05647245740624,0.0,0.0,809.7877762768604,805.4008147039084,810.3316920393189,787.9066034867826,776.5088574680718,808.8677629173717,740.9706677567717,593.7319880159914,645.7956765722256,659.4425468991877,577.9488561216633,665.4795288065917,661.15580951681,636.2345972258148,603.5321800388631,625.743908973621,668.1369275284777,660.2503451806512,619.0965908037186,652.2803025977186
2025-10-14,1491.4549064737705,1502.4778338229848,1463.6408031583726,1480.852276550409,1506.0040241449542,1459.1845699121154,1313.6205816063064,1466.0051181282076,1448.6026309429394,625.9545024442322,635.6552175499352,1453.184349070259,1459.798605293249,645.4087154340446,633.1406759285896,624.0312160477962,636.6554098535893,649.6027263571615,646.8561601101067,638.8305301898667,648.6464363575061,637.3119888683482,633.080944388985,642.4130361724239,653.0263500173405,653.114725696932,653.6112921551688,658.0241302486138,641.1248874102386,636.8792954567264,630.537633926175,650.4302343611301,1471.6580397590226,1460.6141888094364,665.8533084487201,0.0,5.209979091164314,0.0,0.0,0.0,672.7087380610989,636.665460419779,603.9800330476928,545.4269740154313,447.9441914413598,731.3617957783991,0.0,0.0,0.0,0.0,0.0,0.0,0.0,0.0,0.0,0.0,0.0,0.0,0.0,0.0,0.0,0.0,0.0,0.0,0.0,684.3425309964421,650.2243326701632,613.0047935171906,596.6489852865575,622.1255231492032,617.8538760113066,543.1086724803707,508.9993244718154,522.0534373410676,498.82448307530274,505.2553504249081,166.6368763290742,0.0,0.0,0.0,0.0,0.0,0.0,0.0,0.0,0.0,0.0,0.0,0.0,280.1607997189917,948.9976688075155,332.09054775223734,345.77173650976897,391.15991269243193,435.67974207590885,513.4934626972678,553.2889275755491,578.0934045593996,633.1782396235571,711.0613420731632,784.3219261607996,792.922213675507,859.8645008677686,913.7632150930513,928.1528902675195,960.1219198378839,918.9265521308246,769.5136197858124,738.5497819217483,760.3631274401912,753.8945681079688,783.1947880335028,789.7364298016867,0.0,0.0,0.0,0.0,0.0,0.0,0.0,0.0,20.65425469089655,0.0,0.0,819.2850971908322,773.6657072492425,790.6136304369198,774.9329176855074,790.4807927665695,821.9647724369096,729.8506526690926,621.006554805297,588.6781242376579,637.5777983380705,633.178117024191,626.7345251688546,641.2784353139631,629.6303279752069,620.9310678069947,620.289559451298,595.5636510061793,584.2281278859341,632.2469128287266,642.3462416016054
2025-10-15,1475.8526421312065,1488.7544312098278,1468.1439153989404,1468.3658595543525,1495.7822794219483,1453.5373666948021,1311.4593374889678,1445.6724367266988,1424.706891477343,644.6995548654761,654.4694830747289,1439.947161770565,1479.4457739356321,665.2677402054375,639.3321379024857,627.1553392689102,636.2345877414022,649.1819042449744,648.6577349502775,653.8516568664057,676.25337257016,662.4948066639361,650.190762411903,648.248553640139,655.7995938452522,653.4659519018378,654.486467667877,659.9877543225821,635.6995481665225,649.9706822081167,632.2055031603668,643.5462366867515,1468.7456435708266,1451.3542394284254,665.5247218719356,4.706432593609634,7.570833954404293,0.0,0.0,0.0,422.7199876196293,633.0566704921584,637.3576134972519,591.1639892120043,495.98011874525065,428.5475115869822,0.0,0.0,0.0,0.0,0.0,0.0,0.0,0.0,0.0,0.0,0.0,0.0,0.0,0.0,0.0,0.0,0.0,0.0,0.0,709.0050819487744,606.0859363739048,554.5782400062395,572.0798930225578,584.6066861296092,533.7083620129515,489.62538904986457,463.6426768341816,471.55328426892095,428.61014702403577,434.4628255838593,176.5818595046817,0.0,0.0,0.0,0.0,0.0,0.0,0.0,0.0,0.0,0.0,0.0,0.0,135.56915570764014,410.3255049106495,237.27518211494228,307.77948304978037,359.0991374391429,408.3344720842957,482.35722244795863,582.3636542631662,571.0894115407056,607.4883438490463,658.8295542374304,728.47904099023,806.5864233915513,870.5598769805349,915.3673600286586,940.9879215643183,962.4827747011238,921.8281179143526,758.4165369270329,724.149614849279,735.6083155537466,737.599257715048,743.6021648811073,596.6149346336919,0.0,0.0,0.0,0.0,0.0,0.0,0.0,0.0,0.0,0.0,0.0,762.2362924626882,725.4379003090198,757.2141609112571,758.2035073207784,785.9078928704411,818.914777245312,711.5141765590544,600.1257523023751,588.9424761905663,655.8728746005033,648.1074017044979,623.0544102593911,631.5214448718001,579.445187140879,560.4029150171875,600.6393183985593,649.7407534951507,627.8878004892836,622.7021541114688,649.8420505341994
2025-10-16,1491.190628268456,1428.7003248308797,1425.2514375001354,1422.6966819436504,1423.9476359093387,1465.7982612797268,1288.721828688384,1444.6959516489965,1461.124403011821,624.0640107952017,617.1405520736538,1438.555114229095,1482.9104621476326,661.8723331973167,633.6927076688507,616.9129570657113,628.1802554306772,635.423634506146,637.5778689649951,658.1359491246988,649.8507289575134,667.0204470213681,639.2479099298478,592.2086154050648,618.2684802132577,628.0819256459666,602.6454904864224,622.0955318310129,633.3717650272295,646.2331926643651,630.9376035631766,628.666634260559,1475.8095406025222,1467.6956936116178,672.4117384777952,0.0,1.0869037858742558,0.0,0.0,0.0,681.3845080814874,666.6680743325069,614.3247357186829,578.2613251919838,500.2919944180127,1192.162548254969,0.0,0.0,0.0,0.0,0.0,0.0,0.0,0.0,0.0,0.0,0.0,0.0,0.0,0.0,0.0,0.0,0.0,0.0,0.0,667.9509225830628,596.8704109314799,534.1732260451988,540.7644298834741,493.64499425768,397.211365471179,432.60741910841256,467.30586673991684,483.450349365495,414.74075779667885,424.5387933146884,399.25401104368933,0.0,0.0,0.0,0.0,0.0,0.0,0.0,0.0,0.0,0.0,0.0,0.0,192.89864821568221,696.8942893213057,250.27307927061577,270.9321990055631,352.0519806811039,404.9992916282425,491.2220084534735,570.8246757500473,591.0123300472295,635.8559642364414,715.6096818443339,756.8446742807107,781.1063023255344,856.7198800303485,907.6359560411038,923.9355657364545,962.351675269497,912.87645572809,784.3990256852894,756.3875929472899,741.580071007205,751.8353681498937,770.4479773335976,804.7379964865306,0.0,0.0,0.0,1.2195219284096765,6.538588053271155,1.4974547994884233,5.982030892785247,0.0,224.84653551133442,0.0,0.0,805.3533926860108,783.0014929595102,781.7186754972754,765.3676973336277,811.9615015829368,881.7442664570517,773.8220816490373,572.2271412667881,597.3043087926269,682.3234707214286,660.6081879415799,602.3656365024472,605.8777435275275,604.1509756854342,597.7235112238418,607.8823603493138,645.35251101249,631.9998659019595,541.2246371134944,461.3402116774346
2025-10-17,1341.8117538810923,1286.6770217785097,1285.2093846157218,1356.5864142838232,1265.3323192826667,1330.6595754425566,497.8753042229792,485.36028331031054,1298.9361387298163,507.4270505264403,459.8583448386806,469.47102850398386,579.9805468417255,510.6217011145666,488.60616604202414,456.99920840551596,509.0927461113276,483.53174947792655,465.4041901045516,483.5928147492135,528.7922238231783,519.9331958228285,498.12258849836155,528.1638750101973,534.8563759980758,538.7042124129615,461.5746778847013,452.51964621329455,503.9086285007455,467.0121128959773,506.9840046211335,470.16075433233317,471.2321754620127,1338.7635427297448,0.0,0.0,0.0,0.0,0.0,0.0,0.0,0.0,0.0,0.0,0.0,0.0,0.0,0.0,0.0,0.0,0.0,0.0,0.0,0.0,0.0,0.0,0.0,0.0,0.0,0.0,0.0,0.0,0.0,0.0,0.0,0.0,0.0,0.0,0.0,0.0,0.0,0.0,0.0,0.0,0.0,0.0,0.0,0.0,0.0,0.0,0.0,0.0,0.0,0.0,0.0,0.0,0.0,0.0,0.0,0.0,0.0,0.0,0.0,0.0,1.4174571286992457,99.41061798999323,173.33821515160716,181.16089440695688,258.2458341684081,277.8756653787516,329.00117984843916,330.91291738840505,378.3586049612729,416.98516729872694,456.0005236941107,489.3538261002053,482.93967183990225,493.4916525514983,0.0,14.279790093791235,0.0,0.0,0.0,0.0,0.0,0.0,0.0,0.0,0.0,0.0,0.0,0.0,0.0,0.0,605.6636679739275,574.2990644407723,501.6765991079526,518.1544032184802,617.6917878783672,603.4200158197557,543.4967659574785,432.909484447886,515.6496010742663,571.6044753016137,525.4607367004173,504.81364418354514,478.12171352030714,458.7253762023015,427.34897588298975,453.1967310254898,501.6887596099898,457.21327456114597,487.33806266761593,512.8439294082539
2025-10-18,1341.8117538810923,1284.5543009101764,1245.8752926157217,1241.0246417595747,1265.3323192826667,1310.2807618749546,428.4028349212391,485.36028331031054,1298.9361387298163,507.4270505264403,508.8736782678829,430.13693650398386,1041.9792811366801,510.6217011145666,487.9131804129761,465.7053956298657,455.6062349571828,477.6043474255172,465.4041901045516,483.5928147492135,528.7922238231783,492.4773126458828,498.12258849836155,434.19967435854664,496.7061088314091,538.7042124129615,536.3634945069393,536.0162051131975,522.9534987992062,504.4693944335959,503.2352098254188,508.24227253661843,509.38244262867937,1300.613275563078,0.0,0.0,0.0,0.0,0.0,0.0,0.0,0.0,0.0,0.0,0.0,0.0,0.0,0.0,0.0,0.0,0.0,0.0,0.0,0.0,0.0,0.0,0.0,0.0,0.0,0.0,0.0,0.0,0.0,0.0,0.0,0.0,0.0,0.0,0.0,0.0,0.0,0.0,0.0,0.0,0.0,0.0,0.0,0.0,0.0,0.0,0.0,0.0,0.0,0.0,0.0,0.0,0.0,0.0,0.0,0.0,0.0,0.0,0.0,0.0,5.008340733772217,106.24056971648524,141.59529966427007,212.4527216341075,222.6695080376465,312.3924302959131,325.1783995510108,320.5415017041233,338.54709694567333,418.82598704760903,441.72269777888494,436.727991782174,435.67723659741665,528.4433760874032,0.0,355.29758149955103,0.0,0.0,0.0,0.0,0.0,0.0,0.0,0.0,0.0,0.0,0.0,0.0,0.0,0.0,521.4374435481361,531.8448056997343,537.7513060154945,554.8533467926889,609.562956601156,598.2886463939642,539.2984848300205,504.7007857483036,487.0919125830882,481.51239580869657,525.4607367004173,560.7415016146324,512.9083271748241,419.3912842023015,413.00032458934584,437.17053982400677,489.06401072194575,501.2639263313422,567.8860373504633,611.979691191964
2025-10-19,1487.3134177867066,1423.0753213309604,1427.0448987867449,1431.9183761866345,1410.9561259949955,1456.044753689726,1286.0027559969221,1413.9351770009341,1377.6152699643349,607.3352497728893,624.0646547173095,1440.795915731422,1459.491969990433,628.8990009025865,622.4858865381734,616.7289327755439,619.5885315532896,633.7053944611581,635.0193633798887,645.0876294614181,626.5801854145886,671.3016886652298,636.1105732310713,594.9420557540953,617.4163995958766,624.7688451876098,577.5770751013509,596.9651082422951,616.9561360048402,631.8316279859026,637.113269626174,640.4816351977317,1462.240261861149,1443.4050729761107,631.4366123707402,0.0,3.7274758488421185,0.0,0.0,0.0,269.4872513151067,623.2688278521714,604.7133481849511,535.6679853177508,451.745658981286,394.1224303880984,0.0,0.0,0.0,0.0,0.0,0.0,0.0,0.0,0.0,0.0,0.0,0.0,0.0,0.0,0.0,0.0,0.0,0.0,0.0,740.3736463450099,694.6496976718896,656.2999613598395,623.7574508663014,649.5260457948558,603.4814299031073,573.9947535238027,475.3369717600218,482.1521997791107,493.0064481113739,566.3545513837599,615.5410896045305,0.0,0.0,0.0,0.0,0.0,0.0,0.0,0.0,0.0,0.0,0.0,0.0,655.9804449834432,1047.706766964161,253.40357220704544,302.1182810596654,328.2574079317385,410.4456157700344,490.7229357884614,620.1959595646645,583.7828985683931,622.0013539619741,696.8637358879025,768.7039368914677,788.7784049013621,894.2233724874567,913.1474603125496,902.8850757244427,935.0122186766946,884.1171634205961,760.5396900915302,751.5367903045178,761.48170249125,731.3466893423792,762.7604029647766,785.9180170634912,0.0,0.0,0.0,0.0,4.18820748159942,0.6587492097468157,0.0,0.0,108.7821948523665,0.0,0.0,776.7817352661997,745.2852330261019,806.5576102685498,812.3104341012229,789.2247876404119,839.0696289896914,752.9941781130149,601.4181873020319,617.8110170713209,651.7244848241492,658.6955153986281,648.024896803925,608.7784558745783,590.3261824263012,571.1323479999098,605.4439298538366,649.1975172878552,609.9389750679458,582.1171755810458,605.0838141930964
2025-10-20,1504.91224578317,1438.9577470337208,1440.0174674001805,1432.6596036894703,1428.4951307171918,1465.7015981087047,1276.6731526406593,1403.6931859282995,1427.9180083403005,610.4247633864919,604.6262205981712,1432.1585850906604,1473.2515685339222,639.3554658224841,602.6700293481164,608.843831092625,624.2047632736515,635.6259854639939,637.3523433473961,649.9418622798431,636.7674462507579,663.555426636664,637.8052104874647,589.0189268990249,615.6363742477948,628.2917496658728,603.6980895595797,609.791714113372,632.3564720091671,648.4842296423467,631.3913215668183,635.1038014319267,1466.9530908501674,1459.290356880762,709.9212225119505,0.0,0.0,0.0,0.0,0.0,672.9966473134275,633.2564366959173,607.7191735600323,541.242637407939,455.30175190615455,413.1762002891993,0.0,0.0,0.0,0.0,0.0,0.0,0.0,0.0,0.0,0.0,0.0,0.0,0.0,0.0,0.0,0.0,0.0,0.0,0.0,677.0102798145801,560.3165688554506,527.763405606077,527.8236676852898,569.9001056903853,553.5509663183291,496.2154751639385,537.8631101560961,561.4185816603771,598.4933157081623,616.1629136967898,605.348117578205,0.0,0.0,0.0,0.0,0.0,0.0,0.0,0.0,0.0,0.0,0.0,0.0,824.2615126281518,1079.5677707882905,294.4422963108338,336.45220307133695,386.0378020507409,413.4021707250789,573.3494995278993,636.0721118596866,632.8520177399674,667.0318592322412,733.5132338306654,801.6024952858922,803.5437989913473,920.5212893531082,942.3761749466526,928.1386475667225,967.8085677799751,904.8755380225085,788.1832037122765,743.0066856266101,736.7078420473387,749.2358846984882,767.67847695106,787.5107194105306,0.0,0.0,0.0,0.0,8.835789323482004,31.399582783719893,19.51360767423057,0.0,247.7011788317526,0.0,0.0,783.1563881573993,766.9465683677579,801.4565165566456,806.2464444073078,785.6657272616975,868.4859317751415,783.9250208729661,603.5439842439577,595.9812093956671,664.6300718642958,645.9404541041534,623.0123759896613,575.9923188186226,599.0156078774963,596.1382190221506,627.3768256907948,654.8752070643008,621.5877835951459,588.4127179441125,584.7702609921256
2025-10-21,1478.130486920739,1432.4431584955723,1437.2357904247533,1433.4880877962678,1418.9806028685102,1476.240958684137,1302.586273901535,1436.452087450989,1442.910704752801,623.2205336775404,615.6965281602762,1420.1912989064094,1475.2047614025519,652.6786016315376,626.0087910164364,621.504102905924,612.9304627184486,617.0018471641935,634.65670262987,659.8797004465098,641.241891970305,639.467431090524,638.8049936025367,610.9240512499425,620.9393040741395,616.3244634816218,593.0672657638648,610.8850413554709,632.9157520322362,646.085064352316,627.9166589623431,642.2599626231663,1479.259357279595,1462.7650194852372,660.2101244738858,0.0,0.0,0.0,0.0,0.0,686.2395476952304,635.7776895468348,629.0654776161003,622.5684722207601,577.3669245288107,1275.4943621117095,304.5200423273825,0.0,0.0,0.0,0.0,0.0,0.0,0.0,0.0,0.0,0.0,0.0,0.0,0.0,0.0,0.0,0.0,0.0,0.0,763.4315643629592,684.0195568885813,596.3740173076624,566.494024684605,602.8042499777624,602.7629536822474,473.8413764241788,485.06939648957473,525.5646714554316,516.4182442824966,499.71746175399807,529.6497969195091,0.0,0.0,0.0,0.0,0.0,0.0,0.0,0.0,0.0,0.0,0.0,0.0,1101.5268396385873,1122.2625466881236,336.1329893553132,377.0125263832428,429.38387938065756,456.56632848894003,575.8128358747679,650.9205587740119,603.6014675687192,693.0942663909567,743.2724547748987,785.2871113708541,822.3897634453645,920.857460767493,932.4719672328546,928.1386475667225,967.8085677799751,904.8755380225085,774.9509352225942,759.3562570145526,760.3249370854651,758.0322096607106,777.0601061067298,800.2177202054444,0.0,0.0,0.0,0.0,0.0,19.799071919199946,18.542610209847226,0.0,200.78645966702504,0.0,0.0,780.8020139825386,764.5437874920246,801.4565165566456,743.4552780793468,789.7443116239078,868.4859317751415,783.3397166795187,603.5439842439577,624.4233990033529,667.9417932910193,665.7068835621421,600.7099403561296,594.1147117737472,599.0733605261513,591.9235680057727,605.9618287826872,636.780729831749,618.8604410565034,602.4605889019382,613.3568568694786
2025-10-22,1499.3986877613609,1435.690401812117,1420.114431126654,1416.8680169226388,1406.643632926431,1467.6234094576012,1296.4548599683926,1412.4340334114863,1430.2391364440023,612.4326109932894,615.9569522847858,1409.0336924643302,1460.7924775163378,643.5934014431264,626.0087910164364,620.811117276876,624.2047632736515,647.1661371060877,647.2901815140627,647.160185304416,637.6395841226736,666.0766794875816,639.6334777093342,598.2905723657498,630.8771422408062,638.2295878325394,593.0672657638648,611.5780269845189,631.9025580003016,636.1472261856493,628.1770830868527,635.9496116491316,1474.8561391601593,1461.9365353784397,659.1602465749012,0.0,0.0,4.291838671788582,0.0,0.0,730.8908738681544,683.3555795956985,639.3730621721934,586.5808127574527,495.6078417394879,1048.3349987081256,0.0,0.0,0.0,0.0,0.0,0.0,0.0,0.0,0.0,0.0,0.0,0.0,0.0,0.0,0.0,0.0,0.0,0.0,0.0,757.9382430575517,678.5560938926294,614.7073629382628,601.53847773024,656.8547526811261,620.4657157394215,593.3051060043747,584.384326858469,637.7521426761125,631.5098701612608,646.0494119319779,665.4014650862721,0.0,0.0,0.0,0.0,0.0,0.0,0.0,0.0,0.0,0.0,0.0,0.0,1061.0888176504407,1090.1996986184847,296.1170660684905,336.80246597135965,426.6218240678704,413.4021707250789,491.19883536123257,595.8184089896993,596.2917602630565,638.0220114518099,712.5133176254349,776.2423056838827,822.5798741603087,920.857460767493,937.7633336313821,939.07555052082,967.8085677799751,918.2830478680555,779.4390015716101,743.0066856266101,760.3249370854651,755.6778354858499,766.7806816811155,798.1977232494775,0.0,0.0,0.0,0.0,4.476734620492721,21.64036183948656,9.754386729997236,0.0,158.9374006596296,0.0,0.0,792.6906730287903,768.9924253191905,798.0710416492608,775.2661871714238,740.8442839026313,855.694769247663,766.990145291576,602.6470056218117,628.0450975214395,678.5299186243526,659.5201104431436,598.405762606074,570.1644449073023,581.7023314413315,580.0185228923292,617.2220912221218,652.2545390625531,604.5114399310218,581.4462911288658,611.8783938664653
2025-10-23,1479.7110110346941,1424.0995242407241,1435.8902565520461,1434.3850664184138,1427.5981520950459,1476.4437269893817,1302.586273901535,1439.1945296720899,1458.752995154578,623.3454593243005,611.3403728851225,1431.0652578485615,1463.574154491765,645.910661300946,632.071624965577,626.8739512260166,624.2047632736515,637.9212845684691,634.570666371969,647.160185304416,630.1030898928516,665.5797406058741,640.3264633383823,600.9862130832759,620.9393040741395,628.9847352949208,603.0051039305316,598.1655262133771,621.2717342045869,636.0475180932136,652.9571952362221,644.8822352301798,1467.1910919482307,1458.4574537631725,669.6000917365678,0.0,0.0,0.0,0.0,0.0,711.2466243332813,691.0837425431395,640.4802404966921,615.8202805778393,577.7585059061543,1283.3915407697439,229.35968171035427,0.0,0.0,0.0,0.0,0.0,0.0,0.0,0.0,0.0,0.0,0.0,0.0,0.0,0.0,0.0,0.0,0.0,0.0,686.8312057882042,631.1613743438696,569.8599075156646,566.9465859187636,594.496813399993,603.874625363673,425.6739643750549,484.06184285240454,612.2999534081748,555.5303277188546,563.2482843433828,652.1951502950517,0.0,0.0,0.0,0.0,0.0,0.0,0.0,0.0,0.0,0.0,0.0,0.0,1198.7854946545058,1250.5925913787473,442.14249761466994,438.5127509493853,469.6899692139909,492.48276439174555,621.847258464797,649.7229639384971,625.7455629203135,710.480937701498,752.3408274016444,791.2817270646332,819.2584279263604,929.7447747521122,948.269976640672,935.9440113877488,967.8085677799751,914.3809312795192,785.9029013274779,759.3562570145526,766.4341255853105,749.2358846984882,787.2882144803019,818.8216728127725,0.0,0.0,0.0,0.0,15.78008947329704,21.046956163666778,10.717282712008227,0.0,195.23072182054034,0.0,0.0,838.7607086882397,775.7428933299802,795.2994542216758,742.4923820973358,801.858911919575,859.6896068129191,783.3397166795187,595.8290705093259,544.8151601348329,614.0401452799205,656.2936047786585,632.2521282603034,606.6696372643099,605.6896544606038,554.9048844067894,577.3202504992292,642.8164123632425,624.6511769817856,539.2546494353548,458.4767026338541
2025-10-24,1337.9071100696483,1242.9615312756782,1243.1613860156071,1353.053644562474,1371.2899716565266,1329.2173783988276,494.6468976188878,436.0524228964632,1287.3419082368573,491.8092647878686,447.06711821798285,462.2415962479599,573.0019319772234,474.4995743832255,480.70708366009126,457.6362696567794,466.9669867876352,464.6542784659267,464.77832287390174,475.3987279043578,559.6966944251833,556.6427565740012,498.50815627784806,431.00998585250676,497.5486654704214,502.1497405242971,495.8685753322205,469.1212431247019,489.44577414048445,466.17099895488013,498.87237587366775,502.2407414452254,465.9468564595602,1293.067804458753,0.0,0.0,0.0,0.0,0.0,0.0,0.0,0.0,0.0,0.0,0.0,0.0,0.0,0.0,0.0,0.0,0.0,0.0,0.0,0.0,0.0,0.0,0.0,0.0,0.0,0.0,0.0,0.0,0.0,0.0,0.0,0.0,0.0,0.0,0.0,0.0,0.0,0.0,0.0,0.0,0.0,0.0,0.0,0.0,0.0,0.0,0.0,0.0,0.0,0.0,0.0,0.0,0.0,0.0,0.0,0.0,0.0,0.0,0.0,0.0,31.0614855739006,128.6256760040623,264.95640500253154,234.52512385507035,275.0155569481686,329.93317867310566,378.5179054710986,310.2699060098289,386.83736742920945,439.1486918978717,416.1592948933944,490.8747565768934,484.0094944344521,505.86829098205914,0.0,309.2207777183154,0.0,0.0,0.0,0.0,0.0,0.0,0.0,0.0,0.0,0.0,0.0,0.0,0.0,0.0,613.7428962544639,532.7992887554758,511.65521922308955,564.3546351846517,607.7697458392192,637.5080364607779,537.2501337934648,505.4883344775548,459.09512507676504,533.9400893008037,535.3688587254228,554.7943825308605,472.38705548163387,453.9347820333569,464.75129374129864,490.4622672610944,524.1366608407027,472.6754368030857,450.06856260355886,454.6510426515721
2025-10-25,1311.8143521203185,1252.0117281224675,1289.6674609832044,1373.851015099876,1394.5448729281004,1344.9771747350082,512.2456197748054,411.95142314948924,1304.308384197394,472.5641989459125,480.01953106063405,481.83278823793694,1170.7623797654303,517.6473296055735,499.003829129515,467.2548815033585,467.12937908788047,511.9647999469602,471.5337363654499,487.11265293824715,484.7376061188614,501.82745249747103,475.95975875046946,492.7318951073148,504.7159490297188,478.59912970087834,508.4673133991103,455.813387163535,523.2536582266043,511.2813362803702,478.4077098251667,481.03139996941525,515.1108286864319,1309.8605354629549,0.0,0.0,0.0,0.0,0.0,0.0,0.0,0.0,0.0,0.0,0.0,0.0,0.0,0.0,0.0,0.0,0.0,0.0,0.0,0.0,0.0,0.0,0.0,0.0,0.0,0.0,0.0,0.0,0.0,0.0,0.0,0.0,0.0,0.0,0.0,0.0,0.0,0.0,0.0,0.0,0.0,0.0,0.0,0.0,0.0,0.0,0.0,0.0,0.0,0.0,0.0,0.0,0.0,0.0,0.0,0.0,0.0,12.33530303231987,3.9340343821213324,0.0,86.23066405471018,198.48006141709268,237.1629445541616,278.54542416062964,333.7563011300884,432.51290114956555,451.25552039766893,401.0631270070271,395.60167416570425,435.270649476447,470.45623499460675,473.6791525190512,470.9680477770419,520.8890056660977,0.0,332.9013298348408,0.0,0.0,0.0,0.0,0.0,0.0,0.0,0.0,0.0,0.0,0.0,0.0,0.0,0.0,558.1919309197559,572.8298993686019,536.0671244834693,546.1302560260265,603.8302226646368,624.6904308717124,607.7445564101799,460.16081190408966,526.7421937287094,542.413950836242,555.7313974030295,527.6965298712579,526.2393007017927,436.24506913472163,432.21187747218397,453.02397795889175,521.8101527820002,523.3941865267022,551.5198608294895,593.4696441492363
2025-10-26,1454.3530409337097,1390.0779412726197,1413.9108147370926,1424.6603349220752,1395.140831357131,1437.491750894462,1287.802758383493,1428.735907696077,1395.716357573392,607.4369607267149,622.788288725224,1443.57388678804,1443.7561321963371,629.5399404117237,620.7322833240477,622.1890342072147,613.9661030568648,618.9477518029164,618.6075913352208,639.8031270725069,632.9768922929545,658.7787545302244,627.3873326447806,617.7685942486754,605.3841884153046,614.6422024441695,636.4465217077369,603.7699939681938,624.1498792532641,637.6921796204573,636.1554466587734,643.1227700334871,1470.5163968823317,1445.9486988185613,699.0888751304713,0.0,0.0,0.0,28.4589856832672,743.3936343676415,759.0021154392269,659.5835835920864,641.6351047057351,614.1537410305045,598.2920829980776,1314.9836133943377,563.98747593436,0.0,0.0,0.0,0.0,0.0,0.0,0.0,0.0,0.0,0.0,0.0,0.0,0.0,0.0,0.0,0.0,0.0,0.0,664.382191348024,646.6272247989054,642.6702194113384,619.4548301393179,623.1658001507549,565.618791111182,562.4980225847412,592.8642760468526,605.3565607786593,618.9608403612222,644.0839552446513,707.8893933106764,0.0,101.34228191608253,0.0,0.0,0.0,0.0,0.0,0.0,0.0,0.0,0.0,0.0,1172.4505182885068,1235.5518429698554,1267.1062799976676,767.8322212866318,536.3269139733419,584.3861165414849,566.7719349696438,586.7059758828428,702.8461476503612,744.2287807136851,738.755274934259,827.876571271893,854.688386494731,934.5649593957347,969.9953401509185,959.1162075135384,935.9185329079057,919.5207411904121,722.5175603790678,735.0022267143072,774.7334804963534,755.3757061415715,776.2426530258066,622.2478319576885,0.0,0.0,0.0,0.0,0.0,0.0,0.0,0.0,0.0,0.0,0.0,777.005621520952,786.980276506918,784.6800089112756,752.2307914705724,723.7055696216611,774.3105368250654,707.7953151032809,602.0749943844489,594.1014885540072,629.8856934875851,642.8272099264958,628.9845747367062,601.8667668388397,606.9837284600851,576.6565616705129,615.5312195385309,654.3707442668683,620.9538180603272,597.7789912495907,615.1425073149564
2025-10-27,1464.5857972929057,1440.8040296241697,1404.2931308907393,1418.2253745285557,1458.7865449915837,1442.862450368319,1245.3461283381262,1428.6000207876036,1421.5954333129391,575.3265273813722,593.9549702835703,1436.0861646627427,1453.5821134165776,606.1389728009179,589.8898245809983,617.9159291373759,607.9771841127995,594.8964584974026,613.3867515198264,605.5540948969884,621.3281204156046,614.2019511678609,615.66383817369,627.8859675570748,591.2326249293762,606.628947565057,616.7410824727231,634.7275412831697,624.1536701750509,610.1149694617014,618.7220374141605,610.5015358516696,1458.1592185104137,1467.98207791594,710.8883689308461,0.0,0.0,614.909499497011,0.0,776.4823839537885,729.1105272190466,662.5271542383156,611.0203798827444,586.517731536788,595.3918585116934,1291.6024145192328,540.2797025504651,0.0,0.0,0.0,0.0,0.0,0.0,0.0,0.0,0.0,0.0,0.0,0.0,0.0,0.0,0.0,0.0,0.0,0.0,778.143259774182,699.8275358130335,717.7768351097287,647.7571675232188,640.1494501696973,595.3400246203771,589.1147608939569,587.3088170997958,587.8601496385322,615.2445971955324,555.0097571428937,609.3821929839038,0.0,0.0,0.0,13.524597772942336,39.190863038031246,0.0,0.0,0.0,0.0,0.0,0.0,0.0,1051.6428756944747,1129.1245540406169,871.8393705037988,395.78551388798684,428.9565544604123,461.38864735607604,522.3157066885362,555.9401483298853,650.8294788308394,775.0394814904012,734.9452823432864,838.0200196689862,910.7404777346719,943.8738243367909,966.126339215994,1004.2463098998559,971.78419757659,933.96548385993,747.489761165709,748.9109730194266,802.1882664732636,793.8686479174481,786.8243429775365,699.5821237629066,0.0,0.0,0.0,0.0,0.0,0.0,0.0,0.0,0.0,0.0,0.0,762.2221864033619,774.9428445544755,767.1817350945907,756.1358828760192,766.8330071574045,775.5385024246774,717.9424224403048,627.5019666945567,640.5386482340928,607.3928049655848,578.1925274979644,611.3050151412798,606.5388352632532,599.065807752813,595.9867065933665,609.3014595513929,646.3374971437632,590.3512706280054,575.9822455213617,593.93810351151
2025-10-28,1425.7077742680005,1436.6077456213789,1472.844815543788,1465.6436644772214,1442.5595523211362,1451.513778286971,1274.98786737002,1439.7688473832673,1419.4933529723446,626.8109983714007,636.03968681989,1458.673219535653,1457.6438107184745,630.8636631367241,633.5522621946666,649.1536395148181,638.7533974886443,598.2022638863808,624.2722231557274,625.8485999228399,616.525879259494,641.0792885062441,648.5927485290858,631.0044431792861,609.4050135489603,603.1770717640954,625.7664784258269,637.184355935728,641.3027173619464,652.757412584525,636.1619029663404,619.591736000428,1482.9401211254674,1469.419159454435,712.5745060008082,0.0,0.5993260290343869,847.29958739459,317.344114001624,816.8798832269215,802.8040346158346,783.4839697875783,744.2792540640809,719.0752075360024,687.5247472974596,1290.2362776278596,597.7613500844778,0.0,0.0,0.0,0.0,0.0,0.0,0.0,0.0,0.0,0.0,0.0,0.0,0.0,0.0,0.0,0.0,0.0,50.71867090495607,797.3925428515927,746.2210304060566,734.0520432888503,740.3878833067913,707.6998508502608,661.1229084986294,681.2846505062257,636.4431491599214,628.5434531137531,581.3697913093099,587.5812161167172,620.0171832009411,1.4725420481909737,32.1539546947383,26.447974327383143,91.17253508403526,120.96423336231302,0.0,0.0,0.0,0.0,0.0,0.0,0.0,1364.905908135383,1147.0668996205247,1429.0213253736715,725.3818987423867,533.7390543880829,561.0233609425495,669.7642115835633,720.0664663428731,737.0553433246251,795.499658498867,801.0042610930528,849.7488157783476,963.4972639073032,953.4081027225621,935.4973030289761,979.8714443654442,989.1832816458498,960.4830119110984,759.5255508345299,729.8110348980289,777.9382653814087,748.260776159805,745.7914611754644,612.1208817699284,0.0,0.0,0.0,0.0,0.0,0.0,0.0,0.0,0.0,0.0,0.0,766.0935047577925,763.0497697059448,773.7802473698123,786.252876100842,746.8912069174019,769.7123882513473,704.6541679363245,577.8067278668541,631.3668267271053,657.6688335677773,603.625215436767,603.8510239035413,610.5387633898288,601.7466920815748,607.1833919171663,616.3403777857368,636.8909910565119,655.9430796422095,642.7198551601577,583.7739067983231
2025-10-29,1438.622909506928,1432.0286440543505,1415.5059514818674,1449.0174618657916,1456.3529848115181,1429.080028545483,1261.859214108979,1435.232198374537,1460.9453011599792,649.2694333644467,630.5801077530961,1421.2051030477132,1466.7389086285846,634.3241798149718,612.347294679073,586.2190884038912,604.8442851108908,623.3343801159399,598.0671418067893,589.4185463537179,630.6463095914247,660.3039028817196,645.4526954292512,611.0917571510112,616.0637620990107,621.8502902490707,611.3811289595917,602.7747390167667,614.7378793280944,615.1064916039204,622.6299583126043,607.9916500714363,1446.3031584380756,1435.2819065540455,698.0478314618082,0.0,0.0,0.0,0.0,519.7012282100984,703.9316957673234,632.4200058940469,618.378587128103,611.5463625513207,592.621522294582,1327.549957991797,486.3394262316998,0.0,0.0,0.0,0.0,0.0,0.0,0.0,0.0,0.0,0.0,0.0,0.0,0.0,0.0,0.0,0.0,0.0,0.0,567.4850673139487,530.1860164990164,524.7496487453285,506.909597359392,561.5915146099709,528.7588480940067,539.9264000852738,533.6056978096327,529.6393621471478,542.2179536127467,554.8142483573524,593.0977923364198,0.0,0.0,0.0,0.0,0.0,0.0,0.0,0.0,0.0,0.0,0.0,0.0,912.4607847725781,1165.374500247087,368.07097792282764,429.9916186084094,468.228456591297,511.5220982565005,567.3246494955195,608.7401304469664,646.4025298674228,749.5221821442129,768.1371673639487,794.6240149300262,903.2742366413624,913.0347151601419,977.2411353699172,966.3487208240992,972.0829776460342,927.088535946803,789.031537106982,719.8298928993606,783.2378950364399,848.028953502447,799.0839456842508,546.9571961836787,0.0,0.0,0.0,0.0,0.0,0.0,0.0,0.0,0.0,0.0,0.0,763.1456259431022,709.9275021960452,705.083136641111,721.9646426124157,732.7224882167798,728.8920503949885,692.9121365362936,562.6653727052228,550.7030035667705,592.9586567246108,572.7753963295181,554.2735659435941,573.8251540305728,548.9986415513482,582.9957767201098,595.7644967075005,589.1561112438535,563.5882924707144,555.5037638603169,614.0346590358769
2025-10-30,1440.9774131971485,1435.417160702205,1443.2185104011594,1452.2053677558345,1431.0327686812077,1394.0828047065556,1262.8822291510603,1434.1008866354819,1465.9130419554035,646.6957166676198,630.3407653114343,1429.982757480855,1446.2108437155607,616.7163277803625,636.2599354402188,612.5062259402276,607.7561886632325,616.5843115477312,595.0829925880179,618.1997027802053,646.4020732128878,642.3374223748996,631.6296846625761,604.3342340125946,612.741069917058,613.9719467208138,611.9750199984969,608.9499176609991,611.8353785303433,608.7460708089322,618.7154323597277,603.9799848048792,1458.80964941103,1435.543764399138,689.4172410634443,0.0,0.0,0.0,0.0,144.55687931357068,728.4108248989928,725.6065789375054,649.5277177727731,577.6014371497046,533.8575069549455,1308.3922138026664,521.8969455674586,0.0,0.0,0.0,0.0,0.0,0.0,0.0,0.0,0.0,0.0,0.0,0.0,0.0,0.0,0.0,0.0,0.0,0.0,714.3789023805139,630.5596865493119,593.9340498232775,596.0212382731876,602.1908400600537,543.1742929137059,486.39805542489137,571.2446970129383,564.6416695034524,589.2499233871413,539.0820123443996,564.8738247959546,0.0,0.0,0.0,0.0,0.0,0.0,0.0,0.0,0.0,0.0,0.0,0.0,1051.0598367504992,1156.2088298052727,375.34460689556926,423.74592208150153,450.65517737162156,519.283582953482,607.3021406331284,628.4670547051159,659.3325218253079,743.7989664382434,788.1315064960322,805.093102124217,845.4562858594738,944.8632298469424,970.8078911155329,977.7702069452018,977.6596860526962,927.0998698110683,750.5061637323778,715.9616899019717,758.3780534759223,807.6161078186938,772.0436640697635,645.2618356183016,0.0,0.0,0.0,0.0,0.0,0.0,0.0,0.0,0.0,0.0,0.0,696.3146128982025,715.9605324876211,710.2224404387163,701.3719486516807,696.1993101421465,755.5750612174018,653.9240772584517,546.9936595661002,538.3973215907098,554.1328688136697,556.8822505559119,565.2589879491763,576.0181946044441,555.518469824347,568.494784575063,572.0425591719084,552.9818228814163,573.8638947356058,554.5085365027626,470.8243802720703
2025-10-31,1287.9487354059106,1312.4701653563711,1281.9425658508972,1306.2990838112617,1325.653044021034,1262.9950343998432,483.08211263561765,472.77679246652434,1277.4088933527823,429.331650597806,474.0700286724393,464.9510294768553,1295.3503483152667,460.7678289518843,479.8681066393698,493.9942114502551,476.6262995524168,488.51347203396494,488.77469629695577,485.4403632748446,473.28301995835574,482.88503022909634,481.8633087242303,480.379832377093,452.32551276607836,460.59858462811667,417.8450688763552,477.67285445608854,510.0110622663559,494.8656692474209,467.0382942020577,478.6215642704388,672.0523295173584,1344.4808796253624,0.0,0.0,0.0,0.0,0.0,0.0,0.0,0.0,0.0,0.0,0.0,0.0,0.0,0.0,0.0,0.0,0.0,0.0,0.0,0.0,0.0,0.0,0.0,0.0,0.0,0.0,0.0,0.0,0.0,0.0,0.0,0.0,0.0,0.0,0.0,0.0,0.0,0.0,0.0,0.0,0.0,0.0,0.0,0.0,0.0,0.0,0.0,0.0,0.0,0.0,0.0,0.0,0.0,0.0,0.0,0.0,0.0,0.0,0.0,43.72310702362729,145.2443930344423,192.2996948282252,270.54300385572674,309.83707359049475,341.4428544625964,440.55377036598344,408.45440581491715,429.41021295747043,445.01393643097435,485.55071471662274,471.04625952648763,452.742643762985,482.56104801498134,451.778422282777,0.0,0.0,0.0,0.0,0.0,0.0,0.0,0.0,0.0,0.0,0.0,0.0,0.0,0.0,0.0,0.0,533.8717718378806,524.7925032672745,515.8657265120996,499.0612970362533,544.59602817603,548.9458044070678,484.4606266914664,444.342670432435,478.2044590422281,465.6819138224695,501.84316875115906,441.1423422748271,436.448539139639,484.400409882682,470.46908997335674,436.4437337102742,442.5866217018864,431.84407170681504,469.95151132614353,494.8169565063455
2025-11-01,1257.7964731486547,1295.2088522100878,1320.2658161680838,1294.534039391028,1301.8011185353325,1310.114953858631,451.7312318622111,503.321293359176,1374.0953296327104,520.0367772784168,474.09752199356893,467.52528710691666,1232.8316922719305,467.0674427231547,459.78705691458657,503.5195414652866,428.34046468355115,427.21632538652545,474.584858184413,461.89483876688956,428.3634557089009,469.12232152023796,462.6317444034986,465.1694636935708,436.54410982946786,440.1284356206655,450.9580345363133,463.8712051960037,447.4969938356511,493.65744320605177,468.146047636495,454.3640964730599,458.9792446993274,1333.5894262948152,0.0,0.0,0.0,0.0,0.0,0.0,0.0,0.0,0.0,0.0,0.0,0.0,0.0,0.0,0.0,0.0,0.0,0.0,0.0,0.0,0.0,0.0,0.0,0.0,0.0,0.0,0.0,0.0,0.0,0.0,0.0,0.0,0.0,0.0,0.0,0.0,0.0,0.0,0.0,0.0,0.0,0.0,0.0,0.0,0.0,0.0,0.0,0.0,0.0,0.0,0.0,0.0,0.0,0.0,0.0,0.0,0.0,0.0,2.218579913038038,50.10370031912262,51.12634796742127,111.53156975756038,198.15711933015587,268.4917376138321,355.7374370361811,428.3171809494655,403.23853903335,361.47546000209604,435.79629511183884,494.6623260523468,471.16803549148676,448.9598323352524,514.0848304396171,498.9911484328295,0.0,173.04292734223878,0.0,0.0,0.0,0.0,0.0,0.0,0.0,0.0,0.0,0.0,0.0,0.0,0.0,0.0,554.331740088943,511.3910759919293,602.2877467944847,598.0974054004247,547.7135253169677,615.7223862161655,582.7829697866193,418.6821042530056,413.67855399920194,501.7012673859742,447.39306093085287,456.77366987051954,446.8298085336886,434.432124198728,439.76619929562685,443.3848000999552,486.1269898507832,410.1004377923005,459.73685943041426,595.5327676832927
2025-11-02,1475.4607465355111,1459.5376536145352,1426.9967037410875,1440.8419346803184,1476.0362362656053,1477.9523420924581,1299.0090488175147,1447.3811547519526,1468.6676882279562,639.4008035069963,620.3254408929533,1456.5787699821608,1440.4084297790707,634.0384593474623,626.7654028240863,618.6354091033248,611.6314741409441,612.0739031902028,603.8417536860048,601.6990636179812,627.9517201195187,632.9343495376447,634.2636290826453,622.6987055172917,618.0249121529919,635.3466984437046,612.1144203955942,625.8898003210687,622.5481575620366,621.855856980029,615.4409523169073,641.7372877827129,1498.4295542756063,1489.3517721331364,665.5440866523111,0.0,0.0,613.3875057133785,0.0,786.0382608055105,728.6957927190962,688.0560182029117,652.7503447538952,612.8171145215797,584.1840122493224,1294.7943218339055,558.4286558434181,0.0,0.0,0.0,0.0,0.0,0.0,0.0,0.0,0.0,0.0,0.0,0.0,0.0,0.0,0.0,0.0,0.0,0.0,780.8315308769708,740.2632412554522,706.968892619961,619.8009147932414,640.6300824702645,621.8824695501762,591.760541673168,664.095735689622,687.8720802417563,701.8177354005362,638.257186719651,635.8106477587719,0.0,0.0,0.0,0.0,0.0,0.0,0.0,0.0,0.0,0.0,0.0,0.0,1186.6248750584639,1210.485722985823,478.8883121202273,459.4028853461484,497.7295115319877,510.31621392886774,594.5825479255313,631.0697194296888,670.1413511294303,723.9914081480804,790.2600593172695,819.3661239922507,881.2739180625817,924.1138558683248,967.8990998286936,975.3587309996026,967.7439865085573,935.2326619747233,763.5721107329845,710.2272241814846,758.5917272877941,782.0812951285048,718.4118046502072,380.57206774047455,0.0,0.0,0.0,0.0,0.0,0.0,0.0,0.0,0.0,0.0,0.0,789.6363790790091,745.7862808934453,736.891440813963,752.2180042399879,770.4261302765918,801.8532349370012,735.1979385878974,567.3677216621533,552.2230569946043,567.4891333219816,590.1414344034247,576.2873688290974,586.3417898965114,579.7330138160537,573.2385337183703,626.0363384704275,643.7326229173583,625.2740668025763,611.5989858953526,605.3367221363366
2025-11-03,1493.7682362849796,1472.0795822352636,1432.57546577314,1440.2107542647873,1477.921012242989,1485.7607221776573,1274.372032327769,1423.818678697216,1436.383457435552,633.6529923830032,629.4058239023565,1470.7852301674802,1464.8699249541896,650.8493238002429,640.1008474389095,635.2038388230211,622.7995092757519,587.8331038715958,628.6070666102131,624.9639116555383,608.8123021090663,638.6628136695037,632.3924753095284,628.6771570570403,638.9625583387722,646.9875493752999,622.0576074146759,618.2779275779528,625.539018465333,625.1318739601732,615.7386736403465,634.2700886649259,1488.8810402161218,1486.7613865434664,708.7296092310784,0.0,20.507391889139626,815.4839732808441,4.311480484109438,790.2740838210797,754.2973611217091,725.112793134892,656.589153551057,632.7451441468888,591.3961087121919,1318.5284680930224,585.9874785327847,0.0,0.0,0.0,0.0,0.0,0.0,0.0,0.0,0.0,0.0,0.0,0.0,0.0,0.0,0.0,0.0,0.0,0.0,715.9232672820743,688.0823680946459,636.5236824091945,631.7410151119814,587.9332800846189,570.5389004733252,615.2798453173532,642.1703433950449,594.9258681296085,548.0106345419407,560.1129158284477,642.0625480307552,0.0,0.0,43.972585876219796,86.68848586122357,43.03807900168167,0.0,0.0,0.0,0.0,0.0,0.0,0.0,1258.5972456634847,1286.010481743464,771.0226116629417,509.19633148515317,510.13625088486646,581.3859245483204,648.2469213124481,697.148327138918,721.9708055778945,755.9916108307989,805.6461499915844,857.2346120768389,941.8857878598717,956.6843980894082,998.0087959362106,1046.6324076577619,1024.200562073837,954.1462686410343,717.961391311137,691.3710064986986,732.1896363644328,764.5611181745282,721.5847795306503,581.9827167633617,0.0,0.0,0.0,0.0,0.0,0.0,0.0,0.0,0.0,0.0,0.0,794.9213721747822,745.5194852624059,752.9073449811006,756.4964557787371,754.5328431733977,801.4482386682893,739.8497014103988,587.193941272074,586.943371866881,598.4469222161152,592.1286228361541,587.8572508291029,605.6108923344225,608.4038931513354,584.6299540637817,638.0793094699904,646.2294926081307,630.0475826629818,612.7742151224693,612.7226584026678
2025-11-04,1433.9659874347017,1436.6540441648488,1449.6176383249808,1434.4293520773174,1428.9351733934063,1455.0820016190005,1287.5420429180494,1460.7147416107373,1433.808384814116,633.3656517533759,631.9909926637953,1441.6752586534467,1430.2382721271213,615.5159475662462,611.1317619303202,636.251320590707,630.5251489389185,633.6732858350535,626.5821488110389,621.8643153541769,630.0873913106072,627.9875019488852,624.5913716981989,632.8415885380474,618.1563452805622,591.152801815405,624.9764764632388,637.3510868971691,644.8571862809949,625.9674506624564,632.1170283899314,656.1832497257119,1463.1169089317923,1458.1672647058497,685.1892996462374,1.1291269499744203,0.0,811.8326598740626,397.73241493630434,813.7034535779633,792.94172288997,744.6993155820411,687.0287617491374,673.2628473443499,635.102460669949,1361.2635406293316,611.6228973971391,0.0,0.0,0.0,0.0,0.0,0.0,0.0,0.0,0.0,0.0,0.0,0.0,0.0,0.0,0.0,0.0,0.0,0.0,722.5331121740359,698.0693399089081,697.1402713253567,672.2787374353738,736.3213054694594,728.5538835758173,585.529205889194,608.469554240907,590.8440857328278,517.0540263544722,619.0093695672513,636.2871226455418,0.0,95.38631606673721,25.38595098437328,14.783696519149728,137.20189816623966,0.0,0.0,0.0,0.0,0.0,0.0,0.0,1185.2049129650688,1178.0704377380803,940.5456107464729,563.1380408186451,576.7498222994196,658.1427329476961,597.8289007483473,640.5268517217218,780.8319654260996,813.086134244672,759.8356960733009,937.1209582251297,909.6602163180644,998.8079882733585,1008.5041385411594,1012.2559626864023,1011.3517732731015,945.4760505113422,728.1617401184557,725.0454763686181,770.5980614971508,756.7582629090577,774.7026570496336,439.0989531927061,0.0,0.0,0.0,0.0,0.0,0.0,0.0,0.0,0.0,0.0,0.0,747.4972521748477,738.561213423256,761.5564316573676,783.5103151266826,781.3123866657816,826.5430088528598,745.4673043551002,567.353625388218,596.058872597308,618.4774088351825,591.4548392621964,594.431418225796,604.7033890393996,597.9071105266171,622.6555626960559,612.6418061444276,651.3000822097656,624.8259722167454,584.0372287955338,599.4294345963904
2025-11-05,1437.2128895979552,1432.3219914998422,1403.9543415876758,1442.2920869735676,1456.29845603891,1413.1225755180544,1246.4226753107282,1415.2921832771829,1424.3413071183843,612.49618647169,609.0087574492045,1436.8120458050983,1438.9316982035202,606.0014355498109,609.1197118013025,598.5801025365922,620.200679014452,616.1498858585899,596.1897498088503,583.0759333729055,628.4911059938686,635.6964123123847,619.3748792765239,634.3118892589423,617.7084554084747,619.791642721431,642.8839514801595,625.8584110983708,633.9828513195863,608.1820264833462,634.4744619092277,633.9587653769274,1455.8297765922225,1466.8670328656915,682.6327182104193,0.0,2.0577651329763285,817.0484748086751,820.7773966677189,800.2787412594917,767.2617036565255,704.2469587828707,665.0981643768307,634.7028354195137,591.9483062669296,1335.5671986237453,592.2119721623037,0.0,0.0,0.0,0.0,0.0,0.0,0.0,0.0,0.0,0.0,0.0,0.0,0.0,0.0,0.0,0.0,0.0,0.0,810.4908382949369,782.883697545276,777.8925447325961,780.9098456422967,811.2647514849331,740.3492776661005,745.3899179869478,712.1865038539709,714.0005135670217,627.1844972816557,608.4255937076268,687.0941575926505,0.0,0.0,0.0,14.62690722687266,58.794463392844044,0.0,0.0,0.0,0.0,0.0,0.0,0.0,1182.837237031685,1234.746097173961,405.49714512181333,470.1065906243473,462.0318851886233,547.0550365947256,583.3503345246673,609.9644612128899,657.1923960906246,732.5500520274979,783.5218088404582,847.7414860646467,929.395909505552,992.4890904146638,998.4481466399126,1006.9983527872295,1009.1808299605964,960.6438291192126,780.3877469069452,752.0033978210298,807.8523661411266,813.973673368308,813.857553941317,774.7196655768942,0.0,0.0,0.0,0.0,0.0,0.0,0.0,0.0,84.60902658177781,0.0,1.017479180147916,829.8684096296031,748.4914907718128,770.9389117723217,758.15490691404,739.0171818891871,733.6529909730732,636.8497614937261,566.3125261988049,605.5180209943924,618.7646788142606,575.8395076583998,579.0238259819528,571.4679419393531,568.8840913819198,589.205923683311,594.5470315251046,596.994161727524,589.6126496617305,599.7677565497702,614.3484225643796
2025-11-06,1451.3257859768469,1438.3440022108098,1443.3544700361733,1436.8580717478994,1434.1292794323454,1442.5306220969323,1273.1740067556545,1440.3881439439872,1460.7092585619973,626.0527429188558,607.5382180107796,1443.2274658890594,1451.4314019902447,629.3864812483539,620.5232088426083,610.8189331697379,614.4462528103629,608.7124186925746,611.760558477183,624.1737291930754,630.0914802788919,638.8612351476817,624.3236974326497,659.3307687355641,649.1040069041173,628.142137238756,610.0272220622028,625.8295366876096,627.5172332820965,632.7866772080996,635.584143475443,618.1920218903327,1476.4987900318888,1474.1126141045545,678.6510879785305,0.0,0.0,830.3382425344328,716.9957984595954,840.0437780255158,825.5389458190174,807.6162889767985,722.7908542594711,683.0752282519437,659.0401424916732,1393.2724305515744,623.0463523673644,0.0,0.0,0.0,0.0,0.0,0.0,0.0,0.0,0.0,0.0,0.0,0.0,0.0,0.0,0.0,0.0,0.0,21.009109128574394,801.6535520051606,661.0487538213056,646.6676277498921,647.6464605332746,598.3252880344098,624.2049263872121,629.9063462641441,576.8242626236365,553.0297310061248,540.8534042840147,468.0475500014574,636.7725231068855,0.0,0.0,27.912204939862463,42.78329970889697,31.28857682557603,0.0,0.0,0.0,0.0,0.0,0.0,0.0,1197.9843319854297,1236.9907433142196,626.3785909373157,435.1367378335742,511.9985993520164,599.8622218702939,633.4361891179765,652.7398279129746,701.5086530645395,759.2996102663492,805.121514782151,882.4729751442361,946.83453393134,973.3458316950902,1013.5195098957089,1062.0717450129741,1014.8668229155484,965.5666843246707,755.2291223425492,698.5228380185695,763.5887164601182,794.0471043703025,774.6281885284905,462.0737198385965,0.0,0.0,0.0,0.0,0.0,0.0,0.0,0.0,0.0,0.0,0.0,768.0626272669285,775.6023620336426,774.8330596649607,796.2930385251098,790.5950502933807,792.8081125793619,700.6845894920423,586.36189871366,590.3607555311527,608.157113765568,563.2175490644711,598.2706674824763,585.9656002957092,598.7223089993381,639.9655422127832,626.1555892142624,601.6115897668843,593.6392800920911,551.0562138156274,462.90016880334986
2025-11-07,1263.4638032172404,1302.469970672044,1297.172359323982,1376.8145803461975,1377.0527947748067,1315.4527877238481,458.57734361028884,861.3319137403314,1366.7458548541101,500.38016715410936,487.3317334010882,456.8419311634883,1264.958631747849,427.9036694970058,470.232403293776,512.2267959124963,477.9004559534727,473.79307895281084,489.56580491849644,489.45280922221684,472.8183250454655,470.33703133998364,467.9176654044866,455.91845954404573,450.10910565338486,461.67968657152306,463.0354835920815,506.5587958718177,517.0954845111254,460.7636421250054,475.93194138463923,547.062749284702,1343.435842691929,1329.6496006777452,0.0,0.0,0.0,0.0,0.0,0.0,0.0,0.0,0.0,0.0,0.0,0.0,0.0,0.0,0.0,0.0,0.0,0.0,0.0,0.0,0.0,0.0,0.0,0.0,0.0,0.0,0.0,0.0,0.0,0.0,0.0,0.0,0.0,0.0,0.0,0.0,0.0,0.0,0.0,0.0,0.0,0.0,0.0,0.0,0.0,0.0,0.0,0.0,0.0,0.0,0.0,0.0,0.0,0.0,0.0,0.0,0.0,0.0,36.83508122419305,118.78667604118962,155.1630610242188,227.9003361558992,325.73336697294894,383.6043723657808,442.5550251173778,428.1903674257803,447.5373459123217,433.2243800068642,451.01988618895615,448.8200369628945,478.8966570826145,459.5250177437427,474.08269100650625,399.9733982450539,0.0,0.0,0.0,0.0,0.0,0.0,0.0,0.0,0.0,0.0,0.0,0.0,0.0,0.0,0.0,0.0,538.9102627895917,524.9341880649297,590.885610558079,613.6724820845357,570.248002447217,595.8536523757576,537.3750314061116,446.5804830120687,502.75972733214695,551.7582957649448,431.283565252194,415.7730711167492,477.4097819311789,472.82759332252215,427.6991936135656,507.1834506576041,431.75871408546004,435.1215496383777,462.49926130158053,520.9170176303712
2025-11-08,1284.5878361677196,1282.687367177402,1282.010893175576,1280.0457930256223,1271.1072261233837,1273.975155004058,433.9188519526319,991.0606963171421,1294.8229545338559,476.29452685157344,480.1032468071767,481.12786866772433,1305.2756778005232,468.54449177621996,447.9852145240209,460.46253271400906,454.43764232348576,470.02360895028664,470.7366399521747,500.6461141130312,534.2609768904856,514.4479173570185,470.54957526726724,461.081081099447,449.4012647370215,457.5896384669699,456.24939732496534,468.59551410646804,469.9090615572537,463.9355268042903,465.04394406016434,473.3983866973917,1305.935761520738,1313.5314494010054,0.0,0.0,0.0,0.0,0.0,0.0,0.0,0.0,0.0,0.0,0.0,0.0,0.0,0.0,0.0,0.0,0.0,0.0,0.0,0.0,0.0,0.0,0.0,0.0,0.0,0.0,0.0,0.0,0.0,0.0,0.0,0.0,0.0,0.0,0.0,0.0,0.0,0.0,0.0,0.0,0.0,287.8980852157447,0.0,0.0,0.0,0.0,0.0,0.0,0.0,0.0,0.0,0.0,0.0,0.0,0.0,0.0,23.957491913391426,48.35789112599397,49.577640361178105,134.91381088123165,169.25022451773322,184.07290260687563,288.4675812028825,344.009141467781,342.9940390114818,439.2256539179117,445.947047816033,397.2909198967799,446.28546714267105,471.9112472845105,473.9646407138258,472.1487346864278,487.3774888689635,275.38004559759236,0.0,0.0,0.0,0.0,0.0,0.0,0.0,0.0,0.0,0.0,0.0,0.0,0.0,0.0,0.0,0.0,500.3965778311605,463.9037076747448,489.4005351975821,478.8350631839297,468.634314660989,506.79374930724373,495.9010107703266,466.58519213847603,454.8521159406961,450.200469774255,430.82715199999495,436.91317768712895,453.3704298359943,453.13678805721065,448.10979813719626,456.1228089044289,460.2701774870421,442.91703262239264,448.1588597623641,581.236261750109
2025-11-09,1446.8778340631816,1452.4838568034206,1449.095222069387,1451.6480717922518,1457.7754260661666,1456.0348181235893,1300.8766478945297,1461.3008726629564,1452.0253391889485,632.677341901448,626.4604133227791,1481.8047769304576,1455.1437926091944,626.3147370152019,640.9900162382146,653.2873321157577,624.1217867138733,633.0453171699428,626.2566343109931,628.5550669767617,603.6328602302586,646.8135033297322,632.2081925020154,616.4787492951119,613.7325211199852,626.2944998151975,630.1376858876063,617.6531738872541,628.2828587968154,639.8823572122417,628.1877775700827,621.3662947093791,1458.5164714201928,1450.7090326859848,670.533738582939,0.0,2.030117949079454,826.9372291531399,829.9462042600973,824.0590793051185,803.8509890716705,757.3277364270317,687.7405674767942,658.4900162919902,627.5808761359857,1372.055950354144,626.1742536841381,0.0,0.0,0.0,0.0,0.0,0.0,0.0,0.0,0.0,0.0,0.0,0.0,0.0,0.0,0.0,0.0,0.0,0.0,819.4960407265123,799.1364191657659,748.6073723945968,748.3589282865853,759.5128158809334,739.651689780239,644.6111280645746,624.5183732857141,678.8119259632687,753.61448830735,743.1757561686127,704.805956276288,0.0,0.0,27.445232480755603,101.17708209124898,177.58587129483735,0.0,0.0,0.0,0.0,0.0,0.0,0.0,1117.9080036114156,1206.7120347407308,1270.8177225679983,513.4698330548495,512.9588392073832,575.2166983473762,618.9389646013265,661.7603514332355,762.9606675923344,830.5513274797661,860.0492986709825,909.1602447300495,957.7725361897393,1006.2994701505195,983.5229539589138,987.021012398474,982.3372528641646,924.6623308493088,721.6904870912375,686.3045848814581,740.3200243239459,760.5147731608738,726.9241940140502,448.98736919886306,0.0,0.0,0.0,0.0,0.0,0.0,0.0,0.0,0.0,0.0,0.0,776.8439709862619,752.7209963276797,728.3400115078925,712.4492177980705,733.18069083417,767.3146974346625,703.339477631319,570.5769743089058,573.0403690012731,605.8256847772475,589.1519467492834,576.1387882583897,588.4118740580442,575.5947407962971,596.1214400624576,600.9732020633976,631.2845047266112,610.9734524622645,602.1587600837977,605.9245079558945
2025-11-10,1464.7227764852885,1470.486783531871,1457.8508779004242,1447.460829122964,1454.2206732386594,1469.1671665197325,1286.2871467970317,1441.9190617173663,1460.9950005342732,624.7865409126052,627.6454765390359,1471.1888265027378,1466.7395924651696,618.536400886634,625.4874982602249,649.6017584503779,636.3853587435663,600.6428353628927,624.3429381473915,626.6904109583498,638.5839107472318,630.086760482492,642.9910338489276,654.8629933733506,638.7898761866008,632.6739407298055,629.6282784967888,618.2288343564334,633.0642587818711,642.4018250141432,645.627467654423,643.524276166045,1474.7676936686335,1461.5053111243694,686.4124037792287,471.45991007052857,26.445201877103273,825.7486964131068,819.5641996354731,832.0755663994393,823.6189508086502,769.4483740843451,717.394201176798,687.7080799771643,644.3860878441153,1381.0477171272464,592.8145274673795,0.0,0.0,0.0,0.0,0.0,0.0,0.0,0.0,0.0,0.0,0.0,0.0,0.0,0.0,0.0,0.0,0.0,25.809062957232086,828.81890262429,793.5247150217363,768.1615951533661,778.5377292859387,748.9948948634365,655.685126663326,741.7372933657203,687.0188161261949,735.7645693874083,797.9384067264295,786.306509731088,817.2783708205574,0.0,0.0,0.0,19.31573402791699,21.554453273601418,0.0,0.0,0.0,0.0,0.0,0.0,0.0,1135.4940340230685,1193.998294274738,1292.2971056334902,1272.1846338971552,615.5893986165652,650.0994587369809,704.3185381505656,703.984398907491,743.3919126451302,811.8368912921635,895.9984848153292,986.4493557244697,997.0462838383212,1040.4523842706146,1044.900880551631,1045.072626595633,1038.6732338529464,993.7193800832367,759.3416896245564,737.7783981377829,775.0964238671969,765.46444608397,790.3589884693106,512.1352039860867,0.0,0.0,0.0,0.0,0.0,0.0,0.0,0.0,0.0,0.0,0.0,789.2889378337483,775.7686074587918,758.1509695557486,762.6849801768522,758.3806938070263,766.3727570296163,694.2725210502153,611.0305757710175,615.7218356004169,631.8544196278722,598.4564985758947,613.5634906427883,612.152053351993,600.3532688292566,584.8557757338325,602.9633424843432,612.6394398060403,629.0393895872742,612.943118638325,622.5335159228529
2025-11-11,1467.445958324057,1467.923416628007,1458.580974188008,1479.0300340150122,1455.1312485586259,1445.4090401539759,1285.0978007466383,1445.2568645567603,1435.316808082088,626.9472544145858,612.0089658849689,1452.4864930873512,1433.7026989327935,618.5088819660376,631.6460794109018,643.5657507890024,634.6638701566011,629.0544262307283,611.7727477182634,617.9405167342882,619.9235928000879,633.7320546269418,642.7565196621123,632.0457455364856,628.7294130675077,609.8938548825706,630.383223062308,624.0426119804658,626.9254007816653,649.4583494301309,648.2440845305387,641.377243769508,1466.5373504429272,1468.2523834154522,698.031837530613,17.620300388467626,49.528160084401634,828.5964384411753,514.6465914986723,856.9190454359579,814.135501547896,789.5847118176301,712.7554044360938,692.2998243270547,639.1818365908463,1378.6416670341855,629.7746931582963,0.0,0.0,0.0,0.0,0.0,0.0,0.0,0.0,0.0,0.0,0.0,0.0,0.0,0.0,0.0,0.0,0.0,0.0,815.1181961498371,791.593344397278,782.412865466556,777.2258410205475,804.5894416508029,735.4509566027336,639.348386996324,634.5055771582682,666.8458891069052,652.8457935676084,680.7228305691009,769.7216007726684,82.94979567209286,88.48579533680952,0.0,0.0,54.0980037658467,0.0,0.0,0.0,0.0,0.0,0.0,0.0,1306.8281677265488,1329.0727922449262,868.5640610465143,555.4875607733427,563.8545522276947,617.0573231877828,738.8460934578675,762.6813161433353,787.5038359758478,845.4342177917489,908.7621148058457,968.8212218131399,995.8427831775451,1027.2439168590224,1023.0062437718792,1026.8425043068257,1033.0831766835367,984.8908649530458,762.241645813613,795.5609415201907,839.2557432862958,833.5606370481385,800.6310195273712,772.8752100481839,0.0,0.0,0.0,0.0,0.0,0.0,0.0,0.0,295.2130996318473,0.6438161387220589,0.0,756.4314873739837,791.0448888347835,776.1733615755495,743.8337872675058,727.0645613990786,731.9436768877782,665.7216114638159,596.1547983048808,574.9641609412437,637.5417738399811,634.7983515325614,619.5398586494344,610.9680645334715,594.4719247410512,566.7362832496849,587.6705346667623,614.943193570856,605.5986443354249,581.9543670285954,624.2592209305931
2025-11-12,1433.3890252028586,1430.5959080805274,1449.8976241186947,1451.4978964067627,1438.6872952952244,1412.6586576860755,1286.0402151852486,1457.8767313030517,1465.5373389045799,643.3539711108123,636.5627639269246,1461.1080296040618,1463.0991692061443,631.0668614644684,646.1822689375233,642.8853032805458,638.0635496756959,616.6257980691212,624.4860229994772,632.5652699275362,621.1887431040549,657.8408992898704,651.9743309373927,629.7783230916375,620.5815160957517,630.8955548297729,644.1261050313486,642.7608366877616,631.3004155223608,618.948662754636,635.4726337208807,636.0822655363343,1481.6506076534472,1452.8529181178408,670.7139900256631,35.15298643208075,0.687054581979055,831.1901056705972,836.9652179690297,879.8226344961828,866.424219437951,803.3851944367439,737.4601045528459,673.8148244215987,594.4753840862371,1357.8592782582837,629.5885462862274,0.0,0.0,0.0,0.0,0.0,0.0,0.0,0.0,0.0,0.0,0.0,0.0,0.0,0.0,0.0,0.0,0.0,46.43609203978689,889.3478163676577,864.3717008982437,883.6076823963036,842.5862630057085,868.1834982114711,846.1566682463603,787.3614788140726,763.1554603456688,772.9291981854437,785.6983141146002,807.0070143048092,771.5328699116789,28.61906556831744,70.27364894931475,125.27281800012209,137.33562706756805,147.8731713046534,0.0,0.0,0.0,0.0,0.0,0.0,0.0,1219.8040320948758,1304.9570907180866,1306.413151017295,911.0438775452967,596.4794994722012,666.3819522721932,692.7376212607046,693.2816415827056,746.1331517642533,807.7800626739588,944.722608009284,952.093021232704,990.3825465238102,1067.1095142386548,1038.1344603232737,1033.2299235494136,1029.8327530253632,971.6722224937222,764.1019304234607,755.7872567157824,765.4314204479059,719.5376028550073,764.0543683190921,540.9518438570843,0.0,0.0,0.0,0.0,0.0,0.0,0.0,0.0,0.0,0.0,0.0,761.7135243253979,763.1783387218917,733.3585667345916,706.2946047120433,730.3767644054475,775.5450389332879,673.8042582194986,605.6111089720139,593.0141528870425,602.559525342775,592.7885986466865,566.8913170104554,573.6426239971993,587.9404730775835,568.185802255111,571.8153701291465,588.15495957403,591.184597114111,567.9183221066879,593.3149354948762
2025-11-13,1441.8144317466408,1452.2067056118326,1429.3921106299824,1466.5353237062136,1460.1567583685733,1459.72000397948,1309.2744545894027,1464.047690454777,1463.808559234365,642.6740699452583,632.4652644683567,1457.539873970589,1464.074605733519,630.8523102556569,651.4787637032027,643.8201029009226,633.8972376935516,626.1106818234988,628.6007853859398,625.1773298441693,623.1202439208297,644.5261409484938,646.5813945358102,627.6034641888139,621.4210641376669,621.4788325826207,640.10892307231,631.3565243964642,614.7247936094619,622.1551533098404,633.9329122279769,632.00323559074,1478.2206780979955,1458.048323167609,698.0885136456088,162.00693787343175,11.788865023655944,827.5691397003195,834.5815152195161,848.9213893607957,822.6651430263157,792.7166717729859,716.4765578196044,680.3097926198014,649.420403256351,1442.526012909489,668.7784187605939,0.0,0.0,0.0,0.0,0.0,0.0,0.0,0.0,0.0,0.0,0.0,0.0,0.0,0.0,0.0,0.0,0.0,77.06197517292155,881.1786482264231,885.546345302347,851.6839707999953,798.139921399737,827.204931074795,784.6802593178144,793.6602048319882,799.9046572158911,805.4523422307308,804.5185327879504,731.7318291164154,766.5739440698569,20.640989882272052,65.12020586754663,76.46527817035954,99.77483702583626,92.9836884498055,0.0,0.0,0.0,0.0,0.0,0.0,0.0,1184.8182132717534,1236.0474814131849,1300.1095844818315,630.383605770884,541.3065326926826,613.0658712902112,655.2042606516127,679.967031502597,768.5122061105682,839.175262840653,899.7311778201229,964.3401001411593,1019.194921917848,1058.8288680818894,1037.9165914372218,1040.8103685353872,1036.663480639692,982.3233475792576,763.4196869613235,736.5824343381839,757.294693453961,743.431245116986,761.7128012824453,457.8250914954186,0.0,0.0,0.0,0.0,0.0,0.0,0.0,0.0,0.0,0.0,0.0,761.5007099538717,777.1721263223574,742.4574390712161,741.1803465041011,758.0065356029534,812.3016346395038,692.5991774845339,585.3342437578117,575.6942476081439,574.1900614657307,567.5500540946385,575.4873780275326,587.648911166012,609.7198738378949,614.8682195933551,610.6949600382947,606.477981013059,613.9151076925216,552.5914014259262,443.47478730136436
2025-11-14,1311.6176777482008,1343.9125976521902,1318.281000001731,1295.4256253436092,1305.6883056377064,1323.1617513278693,1165.8263434416756,1318.1126813610238,1286.3671045327937,448.85229824828224,535.038871746885,1315.37635083553,1314.3577701485583,470.79377967265697,490.3494668146909,503.6089803529362,489.68771436784414,468.5190755849368,466.3525339527801,471.1997230580022,487.03016966461587,522.7318611725626,501.4498072306698,469.9067974204005,452.25700159752716,456.165735585476,461.82510449866936,470.49482338256496,463.75439849071313,455.6920672203672,490.00657746879625,500.2816897022924,1329.3988965348651,1309.0628381916913,0.0,0.0,0.0,0.0,0.0,0.0,0.0,0.0,0.0,0.0,0.0,0.0,0.0,0.0,0.0,0.0,0.0,0.0,0.0,0.0,0.0,0.0,0.0,0.0,0.0,0.0,0.0,0.0,0.0,0.0,0.0,0.0,0.0,0.0,0.0,0.0,0.0,74.46388774610261,442.5061957283186,0.0,0.0,334.97405610217044,0.0,0.0,0.0,0.0,0.0,0.0,0.0,0.0,0.0,0.0,0.0,0.0,0.0,0.0,0.0,88.3135476732521,175.83463280075156,239.5121367131686,279.45332854589094,320.0029459103496,326.46975496847415,384.53213098132085,484.4664762972233,542.1460077164284,518.3217480231317,490.6573853315744,522.7038750614748,534.8280708853594,500.52691759208955,469.24773442900533,473.13253312901264,0.0,0.0,0.0,0.0,0.0,0.0,0.0,0.0,0.0,0.0,0.0,0.0,0.0,0.0,0.0,0.0,0.0,209.08507863413936,492.61610595664945,486.07263813230446,485.8568284230233,511.1455420840687,518.7678558404375,487.1292780525911,477.77741724865996,511.2423434232667,522.6678401292575,491.59932775832107,472.2942004241057,454.19940232658297,453.4451591564793,493.7360323302732,520.6614572891236,498.5923384562399,452.5021063437497,448.4199998568258,469.79199172431447
2025-11-15,1310.379031467146,1287.2576293295006,1296.583578642415,1296.143996320769,1294.88772555017,1286.4276332482054,923.7161634322207,1297.8005377301367,1310.7991243842964,480.8425391233126,483.1317994044829,1308.1276010623767,1292.607467859237,463.1992177141185,478.3659414227548,501.12826718068715,499.55907132153675,471.06354773377905,493.25665391159987,477.8888553677457,469.93562343389743,486.574937404422,485.56636457492266,460.1346352765524,446.31062459446764,452.32956557346546,475.6289728455896,469.3238021876661,453.7186640140379,462.71190690840126,468.639889918893,469.15621346127983,1311.877170025888,1316.7567764308892,0.0,0.0,0.0,0.0,0.0,0.0,0.0,0.0,0.0,0.0,0.0,0.0,0.0,0.0,0.0,0.0,0.0,0.0,0.0,0.0,0.0,0.0,0.0,0.0,0.0,0.0,0.0,0.0,0.0,0.0,0.0,0.0,0.0,0.0,0.0,0.0,0.0,0.0,0.0,0.0,0.0,298.7132813403896,0.0,0.0,0.0,0.0,0.0,0.0,0.0,0.0,0.0,0.0,0.0,0.0,0.0,0.0,0.0,76.06863162166192,144.53239558382384,172.82622163420456,224.96184068285714,298.43378289744544,338.76209075350084,381.8934021557998,430.61238857842955,510.55670215097643,505.5022431929306,475.8086400296045,507.40736544238,524.276496488985,490.5344406807575,447.07607518562173,469.8076209767938,0.0,0.0,0.0,0.0,0.0,0.0,0.0,0.0,0.0,0.0,0.0,0.0,0.0,0.0,0.0,0.0,0.0,0.0,484.5464326593156,450.42329959410466,471.8370257247612,487.5753610894732,497.0963960181927,472.75079367868534,445.6815880336394,448.33511164852047,470.5957822478821,459.94753287369036,456.0802935898179,469.524180838694,453.0893188395514,434.03057654075496,442.7350304304943,466.39092733206695,429.2371691153033,460.5030066118444,601.8390926105192
2025-11-16,1421.3611530395951,1394.3478250895146,1448.4587317818039,1450.154628992178,1450.04959633901,1462.1556538005848,1277.757168803943,1457.5985918490123,1461.8537984271718,644.1748973838589,644.1770561273421,1457.9707773832215,1444.3599848714043,612.072397219943,639.5435201118669,652.5837526796558,645.6570818876229,639.557817355779,632.0854890716295,622.3891486032187,644.6043832266838,646.0827202466687,639.2985766777308,659.8448570739099,620.3780449233337,625.7569175888481,638.9028288344849,624.6331740818506,625.630109649052,624.1758840701716,632.075870985482,674.2105561146188,1457.300454455984,1437.78995808311,660.7979055508823,88.84053101871928,2.860812028559394,810.696138746478,854.0994913171917,834.1470119527314,834.9930773181512,821.7773040332302,770.9912739274444,712.0678776153354,668.7019256410572,1409.6730363717174,614.826601818796,0.0,0.0,0.0,0.0,0.0,0.0,0.0,0.0,0.0,0.0,0.0,0.0,0.0,0.0,0.0,0.0,0.0,151.2872153098948,906.6928434684108,905.3151199640249,961.3250879563229,1001.5078029018371,881.869522524294,764.8429546632897,899.5292828806657,876.1276270000665,797.5024409154667,921.7429844742974,798.3996148153271,906.9615851763872,46.50411461645593,63.83683741012171,116.4678221183196,125.96034906355698,98.14680311389176,22.472606522724604,0.0,0.0,0.0,0.0,0.0,0.0,1258.8959351608203,1299.2499416295295,1407.1449198081762,1467.0043110041443,623.202585134225,650.1233886212102,720.2145627105582,729.6530524459978,791.723021443361,865.0880344866615,888.1073413199153,960.5512402323689,1026.0240964434538,1031.1385939889337,1032.8454330439954,993.4026695411545,987.3324418718453,910.8137174730966,739.3648774027331,739.8084490766312,770.7381341008238,720.8785659715772,760.2953088783936,261.5919800061555,0.0,0.0,0.0,0.0,0.0,0.0,0.0,0.0,0.0,0.0,0.0,769.2667682216891,753.7561168039489,784.0699299402565,755.0046253352799,724.1849332953839,756.811294067302,669.8730424979492,589.3106910494321,571.9562199049474,586.4738371673903,577.7956941279103,585.8957359599253,582.9093080113132,595.9251388383601,550.214810493165,550.224902983066,575.4972610655454,592.3331865697711,649.5459326364127,606.5194685387804
2025-11-17,1442.194097672686,1457.3648033742825,1451.3254111712565,1449.5182428195674,1453.0129209495317,1445.7507044335428,1280.363819384439,1447.3441378608782,1518.1431556745447,650.9298430780032,617.132285227475,1458.9152541142857,1459.816377548806,617.0347615025869,623.4595215721668,647.9695652121352,652.6734907088057,631.8285467730902,621.0278006880899,621.3365585604694,669.7775849416842,646.5963635675148,652.566131429508,655.3665884620007,624.8586670881555,643.072940086918,648.7902619156561,649.7863706535379,626.2798078132334,613.3575531711037,645.4173918614185,654.3043270367339,1463.8329385567663,1468.8758029947426,738.6426076081267,811.1701337765707,178.06373439002186,837.4598754141922,836.0888194566819,833.9703024149247,838.585790798509,824.6534368732146,792.5550829622745,720.7601956458878,658.8417856247286,1434.3158285455252,654.232011166677,0.0,0.0,0.0,0.0,0.0,0.0,0.0,0.0,0.0,0.0,66.18380709332723,0.0,0.0,0.0,0.0,0.0,0.0,148.29834002170085,924.4007544402878,909.5782789717587,938.2894852832216,1025.9704936205292,973.887249921345,822.8194883858258,903.538736753901,913.6807986556362,879.8831627655055,864.4680338821953,857.0332629804171,889.0280044161391,53.098338574884686,49.65750069261688,90.24804654737179,117.43366653058254,82.74373431732188,9.869975972310698,0.0,0.0,0.0,0.0,0.0,0.0,1360.7814711963656,1408.7655713146528,1409.932484599469,1464.8190417940802,666.8533378679447,712.8668712508777,795.664708877539,791.2561464379776,829.0121824902828,892.0915399606365,980.3475403392762,996.9881615202692,1069.7527165840004,1074.095946424775,1051.1247619532369,1038.217631266156,1016.5501331339891,973.7357797582487,750.746085055412,730.650713767299,760.4528197216931,727.9863223182181,790.6524153408753,524.3719499315097,0.0,0.0,0.0,0.0,0.0,0.0,0.0,0.0,0.0,0.0,0.0,787.5389896826739,819.0126980733361,772.7155718494328,733.3497681851209,746.880845017558,788.5651665862916,727.400827821739,602.1422438155156,565.9489367164392,573.9477467888767,579.9708356406979,563.1106457430512,579.3764593827339,603.1406727501436,550.1988446523682,555.2140001300232,601.410122211402,614.1139133015419,628.1501392523119,644.2762278170236
2025-11-18,1446.39904313255,1453.4638199202473,1447.3395940984278,1431.9584619817833,1436.3002248161743,1444.4047247943345,1270.731939610309,1443.11976007046,1455.39605014054,621.889568618664,621.4271461353364,1445.2041392603205,1428.7918600519479,602.8766124483595,645.4014295448958,626.1608499512965,658.0988941612945,627.4123817728279,616.7858557542778,628.5121915179714,649.3531837054298,646.9594648688424,632.5232368269292,631.2245838392175,611.95336748563,624.4513454830599,644.2872275388919,645.4459379212407,623.1617133789744,617.0928011119141,623.7475743493779,661.0963282904012,1470.8006812132232,1463.2211732442388,666.9250797616554,719.1214771774149,16.87067248399876,838.2265962767043,849.8002410273873,870.0506384757684,847.7694613902838,842.3359567183306,795.9386328575832,733.4985176764457,681.9732124259132,1438.0668857442654,639.7123593040747,0.0,0.0,0.0,0.0,0.0,0.0,0.0,0.0,0.0,0.0,0.0,0.0,0.0,0.0,0.0,0.0,0.0,117.08548469332116,894.4046307256515,855.9472360601808,888.7348011646671,941.5797178952548,779.9298559487646,775.7818376163648,799.4440879067826,789.0411261696383,777.9196655498052,799.5072513029537,772.2498155498209,846.8138125434808,56.55598854173786,56.477117190559206,62.25659319675705,71.79222543231812,78.40187876002209,0.0,0.0,0.0,0.0,0.0,0.0,0.0,1353.8671109737757,1364.1775321632113,1404.4492376081048,1393.164673315147,653.1738244594446,723.2992938457799,753.604605315108,783.3795224717611,793.3198153866664,867.0982009532265,987.9399721965109,995.9264604521695,1056.3781835962482,1072.2053291026791,1053.184348659141,1041.9530919467634,1028.4474924417543,960.6463076380411,756.134130899851,734.2935713919127,758.9243331952728,733.820186731678,775.1009659451045,470.2646204957492,0.0,0.0,0.0,0.0,0.0,0.0,0.0,0.0,0.0,0.0,0.0,754.2600891380247,785.562767243704,791.3360978785629,763.6524652025937,735.9448947966611,778.7630268107779,679.8747041057669,576.3371408980059,593.9153008691517,617.277611503558,571.8934417095512,589.3290122974939,577.2997747436697,574.2578633291339,576.606641703494,608.2333387377871,624.3331227383501,596.1968312330414,618.5609363244075,657.8735212056652
2025-11-19,1444.649502817203,1462.2710433027573,1455.164867976704,1443.8004348255877,1443.2178519248837,1450.7762980525565,1281.4158631748865,1449.1433340380786,1456.7060684125322,633.2694765177722,629.8447153901747,1441.759602941739,1448.5979987226292,628.0704711595056,622.8741681551593,634.994609951978,628.1188092103141,628.5195527550737,640.0664316540477,640.848958980633,629.1958772475579,633.4473700340841,640.3636698911341,633.8429444919891,625.7290310279286,619.7567492067293,634.9933336544505,652.5874706120238,615.4533963289716,625.2254593056913,640.8465797375886,636.1087917596768,1474.4648603209098,1446.762768705079,633.6163513891066,815.0174123487069,11.875090574164119,832.033861373053,862.1116292494181,885.086550671517,882.6130664372422,817.8475151366348,755.0230888332668,662.9397204871351,672.81628679458,1436.8536749882674,658.3306702788357,0.0,0.0,0.0,0.0,0.0,0.0,0.0,0.0,0.0,0.0,0.0,0.0,0.0,0.0,0.0,0.0,0.0,67.54113093894115,830.0573577244505,825.9365873031536,831.3318035808268,808.3339817387401,853.8113559376312,800.2683262941214,673.8943103426835,672.2337493335419,704.7444886264107,704.3325024202471,652.420774654248,695.0200027890485,106.79136991436607,5.462239876556223,40.66574858625907,57.44174869332826,71.65474342090539,167.83161095373805,0.0,0.0,0.0,0.0,0.0,0.0,1216.8465535664538,1280.7065999402826,1332.085440932122,1341.1818601154941,666.0164964762112,703.2222950271545,745.1440547085806,786.9722154144589,799.6077544780214,889.5921210522071,978.9733255093291,1037.9855353823634,1039.8614879704905,1045.5322116790956,1073.5738852891575,1046.7265272302736,1036.38711870741,967.9235361881213,746.3681144561955,689.3949704181131,714.0637904477587,729.2640716806796,762.2703244438146,475.84676752694,0.0,0.0,0.0,0.0,0.0,0.0,0.0,0.0,0.0,0.0,0.0,737.7255639002658,703.2853676426438,760.2501973107272,769.2531118631535,745.8639168898746,791.8549597430092,691.4765890498406,596.8868563169598,583.2345525944816,620.3896439649194,603.951671211795,590.8951032717384,583.4243176639563,569.0730915443573,569.3731041205832,581.5967680235447,608.147407269485,574.342554223612,576.1778034502954,589.082345957176
2025-11-20,1459.7254719921114,1443.6180994192127,1453.529677021684,1456.790253071811,1446.8201978515629,1439.2974698678,1280.3134633837108,1455.6818880780552,1467.7315457006075,596.142811383494,623.6695784493843,1471.9803144804705,1451.5707547195784,651.1417884520928,645.4853034858563,645.6358436704433,649.7590571358411,637.529049982873,637.0484181997242,632.0167635880451,651.0695385072362,619.6736941742909,633.7570527593646,667.622096888841,654.1081903000916,640.5949076834696,627.0411102167017,636.8642928876867,640.1331504467562,623.1818946515565,629.7861233559914,633.2092662374914,1464.5023580574048,1433.0943608122088,677.9479369916312,0.0,21.16749288619519,825.0652296638442,847.1770354063307,874.1652444016863,854.320349993981,888.4906001254973,750.1939432147736,661.0676312853739,662.4481754428806,1448.8156627970825,689.0825464890277,0.0,0.0,0.0,0.0,0.0,0.0,0.0,0.0,0.0,0.0,0.0,0.0,0.0,0.0,0.0,0.0,0.0,138.12230815748723,900.5446751758053,925.5325979418441,940.751091299294,925.1956029744983,896.752601305724,889.6512377984843,813.7417913311925,875.9132674487857,961.3333026893563,1045.3471159349929,896.0331945588521,1033.5680711381247,180.696579755358,142.16141583156903,159.5760435990437,232.0351936443188,277.66387787269343,224.9203360727774,0.0,0.0,0.0,0.0,0.0,0.0,1344.7044567508697,1372.3323794427652,1444.3520135157112,1441.3433850284812,670.2591057440096,718.5732938590226,731.8425616648407,793.8997890785142,837.5655203183692,923.4448138444202,1035.9028647847358,1053.9928303830698,1076.587634454089,1086.9129316500532,1090.644215800381,1053.3381185190815,1028.3507200073495,963.3920796402795,735.0897110470587,682.5424166210149,740.3892818383736,730.2782784971957,781.5743452181945,813.4473007024991,0.0,0.0,0.0,0.0,0.0,0.0,0.0,0.0,139.3498768274152,0.0,0.0,747.0686793727252,748.7736158252469,791.4411780325321,792.0574836310112,757.9970526069909,802.5439378650117,722.6669640601784,545.4260490051099,555.6503746899,582.7823283150759,564.1132085932729,577.1676236050764,576.4627059867198,589.9898473705805,657.2935288729639,646.8027405053294,586.5677783376607,576.9929759308533,549.4566770651836,467.2090968655086
2025-11-21,1311.5588895486808,1355.6620422213227,1363.7226450895942,1298.516422156755,1325.4313017806712,1318.5356431005246,1143.3510037223577,1323.569224187479,1332.7037052757428,465.08316371326595,485.46431503687234,1372.9982681025124,1319.5573256145137,496.25006740096234,517.4649785751186,498.9068579157889,481.01170864627795,470.6263532953418,458.3721423074675,499.16572671177755,463.5020420512185,477.31456959925356,495.7021691434583,472.5478058688174,451.5424271427437,453.2976626093726,494.634440274259,464.53378259945157,456.88639240452756,457.8937530043214,494.45066605477695,501.2508317873722,1309.2788494577298,1301.103376776966,475.2141491831177,0.0,0.0,0.0,0.0,0.0,0.0,0.0,0.0,0.0,0.0,0.0,0.0,0.0,0.0,0.0,0.0,0.0,0.0,0.0,0.0,0.0,0.0,0.0,0.0,0.0,0.0,0.0,0.0,0.0,0.0,0.0,140.34908260196096,0.0,0.0,0.0,491.0913229597721,508.1861022354928,550.4216957661318,589.9192639697058,636.678106482504,604.2687331354449,0.0,0.0,0.0,0.0,0.0,0.0,0.0,0.0,0.0,0.0,0.0,0.0,0.0,111.94243868034027,217.836868750492,114.34443385625858,219.9116155929516,274.55782073213913,341.16293758011903,325.7932231445295,361.87488807590773,431.27788019034,516.9433902367755,550.1028287640775,511.15332379168,496.29711928152295,520.9334415460362,518.0741793337057,471.19693984905126,474.1972607960711,469.97086502778734,0.0,0.0,0.0,0.0,0.0,0.0,0.0,0.0,0.0,0.0,0.0,0.0,0.0,0.0,0.0,0.0,0.0,371.8120592056046,456.0390286521889,508.1113345543028,535.5568851100852,495.06118541812,490.73332349916495,490.1010762805622,482.43536562705646,435.38168692340673,462.6947274090232,444.3953672320541,437.2885497995266,451.6331374276834,452.7276350328512,456.26069427906845,469.4607110648118,482.683944380177,489.2293579558535,496.1265582909417,492.93277703113944
2025-11-22,1286.2752533060402,1286.3116454565295,1353.1913006290545,1302.6243402101688,1297.1342838709722,1324.8328028471767,1145.395294411298,1298.1664830951986,1342.0468433829344,489.3705719144885,491.4759382283336,1347.4402817197283,1339.54274785505,504.4228862773454,471.5403331058104,486.79009611929695,470.89189406733675,484.4124172539774,488.6324507819828,491.0439772407416,464.55777290331787,476.9561300548181,476.29966769644733,466.5988058164131,474.3068302692808,471.26500994324556,497.9247400838623,479.6843532352269,461.3145687238791,466.03980945492833,472.46367296001074,485.36619028213744,1294.1628453980413,1304.0227090855246,111.93302715713014,0.0,0.0,0.0,0.0,0.0,0.0,0.0,0.0,0.0,0.0,0.0,0.0,0.0,0.0,0.0,0.0,0.0,0.0,0.0,0.0,0.0,0.0,0.0,0.0,0.0,0.0,0.0,0.0,0.0,0.0,0.0,0.0,0.0,0.0,0.0,0.0,482.37926468125306,512.7495091671168,544.6237529673266,603.0803626460912,481.31225671331345,0.0,0.0,0.0,0.0,0.0,0.0,0.0,0.0,0.0,0.0,0.0,0.0,0.0,94.03572609383008,143.0037275785542,102.49831040578628,165.92643609757036,263.62857415617185,299.18626541153014,381.72296874505264,352.96079391421534,387.23614490712737,537.6789270955757,547.7167040769414,510.20392173158444,475.437754819993,508.79157283362423,508.75418741637986,482.0150663750408,476.47512020057167,468.60753879710154,0.0,0.0,0.0,0.0,0.0,0.0,0.0,0.0,0.0,0.0,0.0,0.0,0.0,0.0,0.0,0.0,0.0,278.7136073114698,456.65428575692476,488.6919492625852,509.1792065249389,500.18168531892877,510.8473558461387,498.08891128223604,464.79901655552277,468.71745414059046,446.41065389507287,437.17299379034193,438.8732217424324,446.15491623649837,464.003365957161,465.98708276569965,479.97880823631726,479.14420912049667,478.7219913770973,450.2314269626579,600.891904392465
2025-11-23,1419.8447635281889,1436.8888763807308,1476.0863515831206,1452.7718511549976,1452.7940733459309,1442.0795614733538,1303.2564525056673,1455.4758217835122,1449.5690438285797,618.3086475038302,613.1868248956791,1459.853238683024,1455.421880423783,605.3464492517805,643.1120630660704,640.3872531076304,636.6593066381996,617.3638591591651,618.7711117684813,634.878441246914,626.8338917149706,622.7308599460671,636.8871682324659,631.6024387936508,619.9192710852096,626.3933957078532,633.1090834160898,650.7732268574991,626.3087091906461,607.5596736176983,616.5588314847269,626.299137145736,1459.7274916288543,1426.5443054296325,652.3716662009498,817.9424929583374,150.96057081675474,813.4631154968382,833.7040154655824,845.2505912623838,833.4883245109281,802.3623119331098,803.8469659204616,740.7521016846792,674.2146230657373,1423.843963677592,661.883529938129,13.67594965940907,0.0,0.0,0.0,0.0,0.0,0.0,0.0,0.0,0.0,126.1975865247519,0.0,0.0,0.0,0.0,0.0,0.0,237.42055769851208,1014.3719801481163,966.4923882778546,966.8735116411228,968.6506086944235,935.8791014425959,857.1868194957625,783.6864703446333,795.5236094044095,832.255447105752,859.7195144847366,786.2241503361149,813.595169701938,89.13971029806586,150.9153107664446,189.28284586829596,188.0709804597385,194.21646249811548,64.57247192379086,0.0,0.0,0.0,0.0,0.0,0.0,1372.279519978107,1392.795891154663,1409.7706671857777,1409.177529548137,625.2828431937512,696.6451385353677,805.2054531070122,802.0037142954034,836.9632966106411,893.6265060060698,967.7762352913011,1006.3426935360666,1058.294720687932,1068.195105300251,1045.8802875843417,1022.2364078487456,1008.4209471672734,941.22665321843,771.2619744022961,744.5961820783893,729.3437416931122,756.0958731356737,774.6610966768814,662.0057012368324,0.0,0.0,0.0,0.0,0.0,0.0,0.0,0.0,0.0,0.0,0.0,770.0167874235452,740.8782393695284,781.6975994701938,767.1442326022033,756.2833899533255,782.4011821256604,686.0235237645898,584.1565174239444,566.8379764028442,589.6350169512447,588.7181401819835,591.5300714721756,598.8970018940719,602.3124567989121,586.0227460496077,595.1957776504677,622.1622694779271,580.9427480900863,586.9014600857832,602.5253344598425
2025-11-24,1430.2269626010357,1442.1163647277547,1464.9108533567369,1467.0765317337577,1462.7238789156804,1450.548083664327,1289.4310979294755,1463.1803133335602,1473.2479065564642,630.2087504734747,626.3814679254624,1466.8998304997187,1471.6230620762915,610.4080114076794,588.339526772346,610.2120168216752,635.2425556596653,628.4692253483436,635.0309879112242,625.5353748506654,627.867942675685,660.8871368982695,649.693968137256,636.8710256314992,609.7676077721204,602.2595991219966,622.1754634495271,637.1813393535243,625.3678621291539,616.7052280084301,636.185851743726,633.3419839522481,1458.790259392091,1426.0707547396898,633.1161677625056,803.4443775805287,169.32842772842002,819.9344980771517,832.6182606719925,831.0060618163648,848.1375158379201,831.585292658499,817.5224442339137,719.2699750249096,669.9934429487208,1464.3576209192033,700.4933407226964,36.91933388161999,11.414840843962338,0.0,0.0,0.0,0.0,0.0,0.0,0.0,0.0,272.8478201718167,0.0,0.0,0.0,0.0,0.0,0.0,179.5653831960731,944.3178717444952,930.6215978449435,915.136354201175,919.5939405626866,862.9835817202118,852.209467114367,760.9587467576789,805.2481550042738,833.8197644285619,826.5630233674647,785.8493215022269,831.1537168118975,203.81122819145475,174.27544436450415,164.06940734485096,70.91176809407195,213.45700784687608,0.0,0.0,0.0,0.0,0.0,0.0,0.0,1320.9352535948983,1368.6197362907346,1377.993653506238,1364.1602562097419,585.5806404359258,673.5698962679267,743.8001576912731,809.5467339514897,816.3102222749383,891.8780300658766,976.5464612584092,1039.954795430975,1039.1608255559809,1051.9726513705448,1052.0116497583751,1030.0154394514539,1007.7055071747377,954.6322625126046,733.1699217993173,671.4723458636945,735.8168847264519,750.382791342017,774.4044842639952,671.0299346313266,0.0,0.0,0.0,0.0,0.0,0.0,0.0,0.0,0.0,0.0,0.0,771.717543700543,742.2325857860385,780.3887109669624,742.0552155836748,752.1267943865554,800.5944614298407,730.405881371384,587.6698420604021,587.7581506036671,599.0776129397975,581.0003608161919,587.9893092916237,610.9180422152893,620.8722459094748,607.3554342502259,610.133375261204,621.2781179891282,598.3346173315042,556.3558884293271,563.3980065506237
2025-11-25,1443.0374344821157,1456.4364540561614,1465.561484467676,1443.4459181972402,1448.885808531869,1452.1141499703172,1274.1170189462778,1444.718490931951,1451.1608310762704,614.8711301895453,608.08111025528,1447.9103792923056,1460.9917885588407,610.5657151445955,608.88153120557,628.2914383844817,627.3668559692302,622.8965443708121,626.2320234390402,630.1658425201387,612.7897350673674,641.0126076178755,615.9955093701515,622.7406034012572,608.1859984842423,620.4490742712181,618.0101265007378,631.4856325061344,635.601901582782,613.7381983279968,635.9011623460192,623.9053518719962,1425.615855052797,1425.2930383614007,662.7482524108042,819.7067867183993,0.0,828.7312562674985,848.9651826358923,852.1329324922143,851.7159396944703,833.7038910761518,808.0803333632122,716.9939351517407,689.3877052767484,1424.2470196908348,677.252179607126,16.793490826742982,0.0,0.0,0.0,0.0,0.0,0.0,0.0,0.0,0.0,0.0,0.0,0.0,0.0,0.0,0.0,0.0,166.30612085468894,904.2563563476164,899.8722095650952,880.3792541788454,860.0570170760797,893.4003058122337,903.0503098770259,858.6525364476132,861.8416636763947,895.5078182613379,891.4245455329022,867.143538066724,928.5639222681873,262.27902896016064,283.8943811182168,197.7040610785559,156.9377429058234,252.18225081378785,292.7496733591564,0.0,0.0,0.0,0.0,0.0,0.0,1393.5939963772023,1397.020944507055,1449.8357254733385,1463.2143716737069,786.3401640773967,701.1715944358083,758.6242297249964,855.8118836624207,880.097156662411,903.3120837464169,972.1867098368899,1029.8892246485009,1036.4050462837524,1045.2114051373535,1033.8766745576315,1015.2860343939927,1020.5744514558473,940.7016200502169,741.6206857491145,692.3665860601129,753.3498681323453,768.8095421651418,773.2403707487184,783.062072980984,0.0,0.0,0.0,0.0,0.0,0.0,0.0,0.0,29.778189581981906,0.0,0.0,779.3516634143699,793.9554303925554,798.2153006226755,737.8515612775548,743.7586134129388,783.623716059324,716.1354275851513,605.775577752194,609.733910858647,629.2478658959536,590.450458554309,581.1515756565888,606.8787593788733,609.5600336810035,590.8628721586497,578.9588366146138,598.8919431890047,592.3451268609592,585.0005284307152,589.0041802313591
2025-11-26,1452.8603622353035,1433.4148104151927,1455.1559792032585,1446.9208397895236,1433.9139256086837,1439.6366629273957,1288.3755806362283,1463.6444709691732,1459.6401585050046,627.260755461488,617.641453405165,1447.2892037428428,1456.1168913093784,616.7897651832778,626.3786180542239,623.1543269963363,616.0753312015704,620.964387710052,646.0243741944779,635.0675375467484,613.4937650350628,645.3542686914574,641.7544503733884,640.1771469441866,625.8963436333404,619.1168593725824,632.5118463642561,638.7821860331896,640.9059165509293,630.5799634303039,622.1757780122313,626.2029046855305,1453.4667733146787,1438.5419309859124,715.2419426085111,796.767672738816,162.27372473468358,842.7255717907874,863.1963445389331,876.8183312608014,860.4200483438011,844.4179378128908,819.4705841962848,791.5044127695104,694.1987046604565,1462.9615507367225,704.581898483708,13.993213318579137,0.0,0.0,0.0,0.0,0.0,0.0,0.0,0.0,0.0,422.0103601993358,0.0,0.0,0.0,0.0,280.3269317470111,0.0,213.9673748683339,985.1372105081136,858.8990547398089,846.7966878275578,864.0785525666964,849.8122567379337,813.3965870432964,746.5703242470821,789.9427890712335,782.1849606880309,722.6031711475244,801.3574730848627,874.5012247361551,129.23344283364108,126.7042041225253,156.1823393856306,234.5511073009099,259.4888725875124,273.4872070190015,0.0,0.0,0.0,0.0,0.0,0.0,1362.871905272655,1314.2010889434116,1373.893580022092,1451.0837085250391,787.1491825567872,731.4099004056384,774.468408352968,806.8682812006723,850.5864179576872,943.2705141787237,1004.8825532990753,984.917047313435,1029.0281924565124,1053.05311841654,1028.7625424639948,1032.346592888484,1021.3958649438339,943.1978952443072,742.2933724912095,744.4433548746742,760.6590473822525,766.5253393703413,761.866398233955,662.0167994498097,0.0,0.0,0.0,0.0,0.0,0.0,0.0,0.0,0.0,0.0,0.0,802.4389952972128,778.6097879559385,781.8906163408896,759.7589044667096,746.9941150148181,789.7628095793349,699.4238223469476,584.4609405139078,583.1149848691814,611.2007969393167,594.9396956681645,598.175056439159,627.232829350943,604.8128116755156,614.5117995568041,609.396948096514,575.1535053064715,575.3660101304466,591.6421795373204,625.4742481951665
2025-11-27,1441.5955311856483,1440.8232007520198,1448.9956725179206,1443.4057254231225,1441.2253186327007,1467.3709983556082,1287.3461412022878,1446.3071845551935,1457.3848179164497,608.3151866654323,615.1894087633053,1455.2037079534455,1463.7646291195642,627.306828972122,625.1459115950453,652.4247564348342,651.5450644235809,621.5385956298751,619.8846722557446,632.0767150808854,633.3983628969855,627.6965576332111,633.0558572056268,638.4713356728151,615.1743508786934,648.481568783299,628.5705825357917,625.5210616427796,629.685275473942,626.002461695546,633.0944962797131,617.8502646546099,1469.7134013719233,1445.6099016957921,658.3175332684692,251.73177877024432,3.1478388568218634,817.6693709275986,851.5935557660985,847.4426716901203,830.128822609528,825.201546386163,788.1567978324281,718.0665085140206,671.4895891512916,1428.7661922530513,660.5974133089702,0.0,0.0,0.0,0.0,0.0,0.0,0.0,0.0,0.0,0.0,0.0,0.0,0.0,0.0,0.0,0.0,0.0,164.09470663947715,984.6715315787741,942.9441512644638,956.2409049310074,981.1075882135067,920.5598987173296,911.3429266442606,845.4202172320215,853.8234746368378,903.6249373716214,867.1941384709935,892.5543190880372,1028.0377981298432,195.5835598042963,203.33785001741452,225.10905733296966,235.1869070027822,172.45427747973332,224.84408395302825,0.0,0.0,0.0,0.0,0.0,0.0,1419.962992954163,1433.8510834863293,1494.3097720498963,1484.767627307821,762.2905319302287,687.5375180345604,697.7301617052235,847.3696727884495,900.2158228841101,917.3969336298455,951.40492545487,1051.0345007422634,1053.0145700323576,1038.944737114954,1019.0704379931001,1023.6165926472065,1023.2203043655566,939.5169028443843,755.3764748873363,721.3087600891957,737.557577686103,744.281090033408,760.5817188210199,701.1262997377137,0.0,0.0,0.0,0.0,0.0,0.0,0.0,0.0,0.0,0.0,0.0,812.1758524765536,809.5986645062665,800.5154951245543,806.2009860707524,807.8163347447935,771.8275504589326,673.8839380231932,587.1961912489531,562.8033909940468,564.3342207939529,559.7638300917868,598.9372136442004,584.6994800650907,566.0731533863815,597.8649945030378,586.612637033784,579.1831300759004,588.1770895922483,595.3200183933616,456.82371818694736
2025-11-28,1295.1739178100252,1279.5478101467497,1304.6887991928454,1304.4860328714701,1327.9473618588327,1324.9689773908876,1140.56372391686,1306.552211055818,1336.9747054370055,490.91907037107774,468.7355905214697,1302.0836946962866,1316.8370669620028,471.6387991525724,468.9775712027032,472.8683148369027,496.02439840496845,464.17100303553184,475.34454204844405,478.776642720603,537.7067942249754,508.2685471915354,487.3981252403138,469.6413910698856,464.449512910952,479.4766678403905,473.73512927577207,479.9942974482235,474.33342052255875,465.7741057317346,488.35439274615396,468.1366211576216,1307.0366374642135,1314.3258558141242,489.56253120668293,0.0,0.0,0.0,0.0,0.0,0.0,0.0,0.0,0.0,0.0,0.0,0.0,0.0,0.0,0.0,0.0,0.0,0.0,0.0,0.0,0.0,0.0,0.0,0.0,0.0,0.0,0.0,0.0,0.0,0.0,0.0,0.0,0.0,0.0,0.0,201.37645913014376,569.5394005239448,657.178447607703,481.78360117559833,687.580788869766,506.31845454135913,0.0,0.0,0.0,0.0,0.0,0.0,0.0,0.0,0.0,0.0,0.0,0.0,0.0,127.21707826014247,440.79932535641376,222.46145143343432,239.76309943969085,306.74793683501036,334.14159328928565,416.652000188123,471.1279496092917,498.94473378967393,519.365049498334,539.938490520585,522.0735752922342,507.3108048593925,512.5424945301444,486.9761882996267,454.15392632878405,455.3980665458947,457.71184158058566,0.0,0.0,0.0,0.0,0.0,0.0,0.0,0.0,0.0,0.0,0.0,0.0,0.0,0.0,0.0,0.0,0.0,274.75418319719654,531.6462697611942,538.8663238229308,522.324744101576,515.5766619946796,522.8574366004972,476.9344470296992,450.4964524172224,450.88833293775286,470.9346692837521,463.2551133849101,465.42600309582207,454.22429828695283,440.2466398875636,452.5979395858453,424.02100801339066,432.78384264075686,462.32950828349675,478.033610639735,441.1029617367537
2025-11-29,1305.0354015848834,1309.4206009642753,1284.2864943761576,1278.8040160400574,1312.1016668876803,1294.1636217921332,1130.1936501196485,1308.1574712273919,1330.9217082803364,462.2872568463127,444.2711846344079,1292.014579999353,1293.0735988891463,462.9175983580167,464.97548768263044,459.45196378966966,475.5632101446084,488.46979275320314,504.49692696810257,465.9244597925164,495.84973162705506,486.7384099234188,492.11076891612106,472.0301310693733,477.46487336903124,502.9239230293669,470.7435967538873,497.08827413610607,462.8918563602353,455.97811944582924,478.9944721395675,482.46755948580613,1302.3030436889762,1297.6133180463557,472.960422429113,0.0,0.0,0.0,0.0,0.0,0.0,0.0,0.0,0.0,0.0,0.0,0.0,0.0,0.0,0.0,0.0,0.0,0.0,0.0,0.0,0.0,0.0,0.0,0.0,0.0,0.0,0.0,0.0,0.0,0.0,0.0,531.9066067567845,0.0,0.0,226.25357847395765,508.1241083298024,586.0798542879756,626.1809086888823,452.8786544962816,617.5068213830684,503.97746251014604,0.0,0.0,0.0,0.0,0.0,0.0,0.0,0.0,0.0,0.0,0.0,0.0,0.0,111.50827127778396,328.1911874541196,207.7292977721899,206.80257746341636,248.56307662055107,285.66000467040305,348.61754351330404,419.8660325968291,474.6717082539045,521.6574094012464,528.2576825329854,525.548123649332,510.970106015511,490.35865387795195,477.0850036034658,473.4166432429383,466.07136715731207,459.9418109748805,0.0,0.0,0.0,0.0,0.0,0.0,0.0,0.0,0.0,0.0,0.0,0.0,0.0,0.0,0.0,0.0,0.0,142.0942449895602,532.5749677277423,510.78975422067055,498.9377635852324,496.93227881707713,480.4799544927693,488.64416357788633,470.54603572514645,458.58122816276483,454.5387761525274,473.31606011159704,441.87875992325036,435.56998855564996,440.8414146881033,472.6020994939527,441.0722308241792,417.79280218731475,428.1069216784784,491.02401901235186,583.586154950186
2025-11-30,1437.4623555902567,1431.6802395539776,1438.878618365914,1430.5912741680854,1448.1059178200348,1463.8633608682917,1271.4537768966995,1415.301674895752,1445.0905930948102,590.178785293754,597.2622149420063,1444.8002383537653,1428.5636437422786,578.3723244003995,612.4478633306877,597.2635391894554,621.3204634959538,610.9908478153193,610.2505476669721,609.6936881312445,603.7590957250426,626.8610546171292,608.6526495223133,586.9243120775723,620.2418863835064,617.6251263746441,617.6834078915585,616.2123921075697,626.4534849627762,616.4014727100177,623.2352250471974,645.1727624006306,1458.7565328466676,1469.971607681745,673.5557385293453,825.3182449381027,153.99625792461768,814.4356258843937,846.6340487169016,849.1217157061996,836.6509041538151,822.9990298348869,775.9912447839225,783.6676006818885,726.3546746407595,1461.1964515584887,657.1659651768623,0.0,0.0,0.0,0.0,0.0,0.0,0.0,0.0,0.0,0.0,384.55980498094016,0.0,0.0,0.0,0.0,0.0,0.0,257.6781487218609,1022.5423300016953,933.5983093635981,970.7005783190812,1008.6864542946075,987.1389904974434,935.7887458778071,810.541832846603,785.2061474318855,779.66730793287,790.4971678407612,822.3696845127937,848.0404521588555,74.85948159567765,68.55131796222837,120.03316667091332,202.7942180138512,204.28646876108908,182.5004141035239,0.0,0.0,0.0,0.0,0.0,0.0,1320.7018981515687,1305.1951853760893,1342.803548696771,1373.7606534745858,638.1375897075728,721.4884263242316,792.8769824372752,866.5809188144946,893.2463130035154,906.8333650493907,995.3962190719046,1074.320565858707,1070.4354628976864,1029.6987721584676,1000.5632271767245,1006.2738107920069,1001.3476405503271,934.5452255432998,750.012307102524,783.4924203798536,793.3879257601432,787.4276822995121,801.5892446653074,674.4191776094815,0.0,0.0,0.0,0.0,0.0,0.0,0.0,0.0,0.0,0.0,0.0,767.5318821715999,779.4568540700781,818.9644939001013,806.6611065209829,776.6534102947139,762.7164251952986,679.5896238190936,581.3168704984736,580.8494089352986,591.770776425741,607.5086251714644,598.3040533684597,579.5060700299592,587.0646086351489,608.7516661074833,624.7706508296204,591.5028705654006,600.4041635114488,621.0982205627862,615.7369256476319
2025-12-01,1417.0989888512966,1395.594405636441,1428.868967133897,1420.1170815073028,1428.8716411861906,1438.3339006824906,1273.7011997459758,1436.072673451853,1439.2480743834728,589.6320369529276,616.4110211068762,1443.1772427403257,1431.9464616685796,574.0801854281689,579.2096614621313,602.4841794576469,601.5499931241314,620.194680370117,615.1329774439129,622.757931761635,638.3635534189177,629.5142351028892,632.5800541292288,620.1029411761589,619.4071056535524,606.1867992122578,621.5758130746987,632.2671331350219,626.682654460943,631.8322380002114,618.285068908165,630.4238676580333,1460.9763772095703,1426.373844149534,631.0446026547876,811.0461015739668,153.89617568746291,815.7338379366088,839.9403280988274,841.9212549415206,861.5101180275756,838.9122700179271,789.3945694974574,764.2975379831664,669.1744861136007,1444.4797138878125,668.4382652447848,0.0,0.0,0.0,0.0,0.0,0.0,0.0,0.0,0.0,0.0,278.83453815589957,0.0,0.0,0.0,0.0,0.0,0.0,250.17488467609508,841.5268317542519,906.2287387151597,958.029114443071,944.3807606722805,979.9513942812656,940.6482174110971,801.4172940242358,780.1042761478375,771.7408897132722,784.7309314313954,795.2794145984839,869.3225453636136,50.04522014642158,78.46302446655775,155.11253414390345,181.12454551886546,189.76209077967056,229.49434946071761,0.0,0.0,0.0,0.0,0.0,0.0,1321.9417152483238,1375.101636419865,1388.2227124853596,1443.1185220904626,711.7523776916913,764.6845978532343,807.881173257516,867.3117362208268,907.4838351423169,930.440718865407,966.7656640899994,1068.9247844620884,1095.0821449222094,1038.784355178087,1044.9481659384212,1026.8446185922269,1023.3173600188269,945.0831908503712,708.2960222045054,678.2414998694964,748.4336185549961,755.9027201800279,785.4889547846082,597.11552712862,0.0,0.0,0.0,0.0,0.0,0.0,0.0,0.0,0.0,0.0,0.0,802.7626188324593,773.1108824477959,733.2592600958633,757.6453014737137,788.5667875960077,764.194073538201,659.9532117878738,588.281608857698,575.8312184139977,581.5577733570037,573.866283444153,564.7517879801463,565.6595036488441,610.0760619694128,598.5427023767802,582.625244796241,576.8388357112728,589.7970265222333,592.919981562138,582.9501227330159
2025-12-02,1450.5255380558722,1452.1965287204782,1449.9979078623765,1419.3495928653824,1434.6680843898764,1455.6554828110234,1271.989109791489,1437.670955379118,1462.0474801766236,610.569995589382,608.1674760061758,1454.419685241211,1431.6805325614373,615.0659469925911,640.9272511892236,627.8960405364477,635.9874129057192,628.3284920441522,624.6430002813973,631.5572417923831,630.8719658037096,630.6662060525606,607.4903449399657,635.945750209292,641.5200698839959,616.029910725703,625.1731279892743,625.2853384252276,635.4816966738847,624.9353183982429,630.4257464777193,633.7904108084613,1442.8379778194926,1422.2859200429948,643.0453163186482,793.6799441591875,170.9458007615906,842.9536257029758,850.9460580021992,844.8579395712679,849.4399697886621,833.1037099289673,791.4178891302947,715.6071071541461,646.9254372165211,1437.1513534687897,689.3687877516428,25.27943664483098,5.255357894218491,0.0,0.0,0.0,0.0,0.0,0.0,0.0,0.0,469.4698843191351,0.0,0.0,0.0,0.0,29.945640703898903,0.0,182.238809932153,1024.5357166067242,1025.906245825854,995.7022780639052,915.3380716912237,912.177228803971,898.2292847121478,856.1739021055439,888.3353105361082,817.3493175689108,785.3222973757754,819.3185463324188,892.3410559415806,81.03223016550916,50.037478383029566,103.2093881705056,148.35300818182077,171.36477086724318,128.07591061536533,0.0,0.0,0.0,0.0,0.0,0.0,1310.6157917842559,1344.0195886320435,1372.0183719872282,1429.8434600414166,671.3209467311603,688.8015741803117,717.2506114814105,830.9154234345392,875.2102771248534,927.0546455227632,956.5542708401404,1001.3835376345344,1000.8828071168718,994.88625778407,999.7257508557797,983.043572884752,975.6088106170102,904.0216441639484,750.6393284317586,710.6830926927884,723.6206622074461,735.5209270181069,779.9575599560254,630.173002793085,0.0,0.0,0.0,0.0,0.0,0.0,0.0,0.0,0.0,0.0,0.0,796.6498021848928,760.9216368445141,753.6606803608689,724.0141016310631,768.7750753728945,783.7615461863962,698.3947808864001,580.0988517845794,565.4485758156636,611.9267166924343,608.61397419171,577.1896025561662,583.9742981817315,602.0289628231533,569.0069275666633,569.6838217307944,591.221082429317,588.1903684681506,598.7965486447906,596.363074092653
2025-12-03,1430.2339630548036,1422.4860907681764,1447.2846081412617,1429.0400415565073,1420.3378520670885,1434.6112988137347,1256.4293929705193,1427.5883998055147,1421.188303234355,601.3187337459958,585.9705631938826,1429.1931495755637,1454.0802839527414,617.0903485393368,618.0537088624635,613.861168203869,611.4383570449041,597.2310307030677,605.407185628409,615.4786581677155,602.1643282318386,634.8903964708753,637.1208401928966,616.3911500064912,620.4007732738555,613.5241225274779,615.0074446300445,618.7711393990327,617.4390852917436,609.207358981414,619.1951405069866,625.1932483285401,1459.7211589169533,1444.2243359840336,656.0886587416276,828.562940331608,182.05484323814278,838.859035194913,861.3123175210599,851.5768291602913,839.6873329026413,815.1710545797976,819.135502704107,774.7313591638602,668.2019845754531,1421.3418227366685,656.26821813368,0.9001979791735266,0.0,0.0,0.0,0.0,0.0,0.0,0.0,0.0,0.0,63.19921848121584,0.0,0.0,0.0,0.0,0.0,0.0,123.49160413522064,898.3229782334973,961.3484438256248,918.71473923349,902.8598350880518,914.794769066969,957.8980799064244,929.2380438189538,901.5275996224968,882.3294462678111,860.8979650957384,853.0210845485398,854.715110240412,176.17918881673705,261.1663578271843,249.17321192112922,122.97398770548922,181.69598223797868,302.24257400032934,0.0,0.0,0.0,0.0,0.0,0.0,1349.8627103185095,1360.0220996384548,1393.7881951690217,1458.269556375696,1070.451260230017,727.8585287413171,838.2268646096691,857.0864060124468,900.3068815281038,931.9839844645057,990.4074931226803,1007.8015350388783,1017.4801492812625,1003.2428794368061,980.3601773667032,965.6905840553566,975.3457548161653,911.5215338692731,757.7294574834367,794.0453450645383,788.9468269137788,762.5525512965746,768.665068116584,661.1336671989684,0.0,0.0,0.0,0.0,0.0,0.0,0.0,0.0,0.0,0.0,0.0,801.7415677126255,787.1297846339196,782.7641602962437,753.9837082257878,802.6122183689673,778.3048773330199,661.7389542453188,555.6958719514599,563.3452566138421,604.2358126029129,607.3986111967392,581.8182030548876,588.0448562449956,578.1745148930413,603.7653026787602,591.3340005747939,580.4084295965672,583.5009672785416,607.7811317807991,613.970078555525
2025-12-04,1424.1645630479804,1430.1150563254819,1432.5373096130857,1413.1655837479907,1418.9051580792172,1421.0522536343753,1253.0790615292856,1417.765395110941,1426.4903890538058,609.8209593852522,604.1956489235099,1424.8887315646548,1423.9838163448946,593.4628123160209,610.0394558558811,616.7748744841101,617.48222315251,579.768153982343,612.8480318851081,617.9017091458396,615.016802836677,614.140603043418,634.1280266909989,630.3183635987108,616.9812145470597,616.989356570275,591.3277988738369,627.3494472176203,621.6793308957834,620.9122696429488,608.3259586048015,622.8128606801342,1479.9191328545835,1478.0941021164792,657.2511034383626,800.7804714697586,155.70621272812798,824.5424043537506,829.1174432066193,833.4991232198848,835.7904321030396,840.8234113074783,799.2743848903631,712.6067686558097,675.0771165574033,1430.365451676148,634.0211628627237,93.4471069816899,43.049810884761314,0.0,0.0,0.0,0.0,0.0,0.0,0.0,0.0,389.15843864846335,0.0,0.0,0.0,0.0,0.0,0.0,96.61202503209601,908.3484831353812,946.7758423121597,920.1705168579964,908.8554572061894,889.4565316896732,914.6735190394411,878.1178647725517,864.0210748585044,820.3263353059605,837.4152058783211,833.9075458874203,900.6450565411022,119.60968140303363,241.84508830976557,206.86201311069146,185.31431848304345,222.5935125714463,262.24963334956817,0.0,0.0,0.0,0.0,0.0,0.0,1275.8234345033027,1333.4504346043834,1403.8067928116748,1464.7867832317222,795.4168034670885,735.9880817489747,751.4072326886339,834.3951336252957,916.5276727187183,935.2582662085058,949.4569161036067,1003.62385432355,1006.2689538941412,973.5048773672338,969.5373495292054,996.8839348925657,966.8351840742328,924.3675498145349,751.5656840507074,686.4879770405493,765.1662631827704,779.8040711469966,768.2072974373145,457.5219464959123,0.0,0.0,0.0,0.0,0.0,0.0,0.0,0.0,0.0,0.0,0.0,763.3493823866054,758.9500461264824,760.4348257598551,744.3056677758763,754.8683623125966,775.5603642950686,687.283522373512,554.029760265341,579.8474904663883,607.4479649978433,550.3454052212411,577.8858761268142,562.501233050919,552.9269295016211,581.049121604905,606.0253927849121,589.1182840505395,595.5305559416977,547.94886486028,421.777971090904
2025-12-05,1258.670543167097,1297.3323532056042,1290.73639415576,1294.5060730641383,1308.2898722041587,1290.9150378494703,1102.594298206065,1278.367582796981,1296.9541114744384,468.01806302257813,453.6727219645729,1294.8735035115392,1287.663730621573,455.87021863300157,455.55517711410675,458.881297378717,452.15675699597847,438.1595272940128,464.38885118227483,464.643667478028,488.1912756811203,471.0055422029337,468.2442960103838,451.9874409851818,456.3939727173247,458.7007410884262,464.940639054306,468.4959778815909,473.40355769895194,460.1445883507412,446.1600873359571,441.9971846101364,1298.231961423492,1293.0114366718426,460.8152887539279,0.0,0.0,0.0,0.0,0.0,0.0,0.0,0.0,0.0,0.0,0.0,0.0,0.0,0.0,0.0,0.0,0.0,0.0,0.0,0.0,0.0,0.0,0.0,0.0,0.0,0.0,0.0,0.0,0.0,0.0,0.0,0.0,0.0,0.0,0.0,446.02981587391764,528.6370054015032,516.7480309017856,511.3923684289888,543.043146557817,539.1622768471009,0.0,0.0,0.0,0.0,0.0,0.0,0.0,0.0,0.0,0.0,0.0,0.0,0.0,55.558108071344776,169.87721808019285,109.59141957766367,210.37736268709935,239.54791436335813,281.3107388309129,324.1061833373433,368.6259608447697,442.0884978803143,512.9714418995065,477.0838795038757,471.25294841124133,457.1831188499051,454.6016143639971,456.5541447697761,450.68964119010644,439.12366292550377,443.81482807549355,0.0,0.0,0.0,0.0,0.0,0.0,0.0,0.0,0.0,0.0,0.0,0.0,0.0,0.0,0.0,0.0,0.0,0.0,534.256737635644,495.1256320062674,449.67989387872916,459.7193269149335,483.9633655108824,449.5065820372437,408.24440716047536,440.38191187411695,474.76911992463346,473.27783507121393,451.0427250140047,431.8108153374087,418.30531153164605,435.0899017471098,434.97473237383963,415.3502213793152,427.06555709554516,458.35054723513855,473.08415471245826
2025-12-06,1323.1584298952337,1314.4464475120587,1322.3860560866435,1329.863777149519,1314.0406922807251,1298.4132976218284,1149.8713344185649,1312.9043103198896,1331.3194953082154,487.9060978349079,496.53170358763214,1336.5683455072951,1338.6369159222193,502.72617061930356,519.0604203225525,507.0779536634258,522.6154778530357,531.9829308494049,521.4047970420133,520.3825804654899,559.682779508787,539.0351071941401,533.9345894639184,543.7849853281127,512.6837386462893,520.6450314207273,568.5533612476756,533.1478928800369,518.8725790356408,517.086377934668,517.0896256451042,518.691023892633,1350.5464429572112,1344.5507312294199,507.3350494871624,0.0,0.0,0.0,0.0,0.0,0.0,0.0,223.62152230277945,526.4155141774202,525.1477764218517,538.7503362279549,0.0,0.0,0.0,0.0,0.0,0.0,0.0,0.0,0.0,0.0,0.0,0.0,0.0,0.0,0.0,0.0,0.0,0.0,42.577058303003334,767.6645697268862,669.2152420824749,657.64413590404,714.4726108820622,741.3964834635825,748.1153888365266,723.2200827195644,740.2256803613185,764.438417055283,784.7042063022161,810.0192572365165,799.684286267615,0.0,0.0,0.0,0.0,0.0,0.0,0.0,0.0,0.0,0.0,0.0,0.0,193.47751185329156,903.787673983405,242.98783602387078,281.3961623509802,318.20263499170983,388.63739766557876,385.8866905305321,462.2536536893604,526.0461942552153,556.6740036526513,547.5582521156651,522.1967739871708,498.0378972170618,522.0271872493273,504.2230560859075,515.9873270380757,501.5763442547131,506.75732067898616,385.39883274078534,0.0,0.0,0.0,0.0,0.0,0.0,0.0,0.0,0.0,0.0,0.0,0.0,0.0,0.0,0.0,0.0,535.4127956381043,567.1052637334964,492.6444586685857,499.4544815067484,542.8708032793454,551.8794170946854,537.081653428435,486.1391899756473,470.03139538427433,467.4053065530636,470.27593402760715,467.69247627105153,472.69408343238666,490.3930395741042,497.4378926042272,479.109301187856,488.6881744971065,501.1720265857101,535.389916316389,602.1239160019746
2025-12-07,1499.7464331146134,1481.7375338896325,1484.4020246714967,1466.101499208161,1477.1186450575178,1479.7191322444114,1296.90315039903,1473.643712672205,1495.316913259667,656.0867901135733,660.6010556456513,1486.4547765662635,1493.6993092844616,677.0562755163687,670.9077049461274,657.0437307944472,645.3504364151281,635.6914867579833,640.8086378312747,635.1624698831489,667.7694636124614,693.719019931542,689.7398370168065,682.2879897920136,669.8045661716587,665.7789122172604,660.556173285683,659.7345276312186,636.7979327211249,667.9293626004599,664.3002910514194,645.9602996105796,1490.0523896518384,1497.0574471099485,741.9964174822105,855.9796193692576,183.24237078812462,848.6525035594751,841.8874385697441,849.9823269491544,856.0084642201853,889.363330899768,851.9892934029239,788.4447802583311,740.4669416995961,1532.4363103191586,723.8167721914331,46.01443693850774,68.85818972122752,47.928145064276805,0.0,0.0,0.0,0.0,0.0,0.0,0.0,502.212982298225,473.74825832087737,0.0,0.0,308.0375114350421,336.6740671330231,0.0,290.050587738983,1101.540101393699,1122.6959088984545,1117.7665241349137,1132.579116900461,1053.645257672145,1034.650702549817,1056.7699311911044,1032.4324858319565,1003.847292387718,1047.371714358507,1034.3653781194816,1171.670620072661,304.9048758648962,275.73489722577995,294.3451251707166,306.37254632911174,278.6555855652244,330.2446860044567,0.0,0.0,0.0,0.0,0.0,233.75598366544784,1538.770119218878,1501.388574229042,1521.5719448699106,1568.5613787865682,1564.2946407326801,790.978654141933,867.6662066274477,889.1583473497309,895.2025866809263,922.3200379424139,955.499640818586,1018.3628075032425,1025.046778250772,1014.2920548271361,1021.2671954069475,1004.4929423421372,1012.587512483139,942.0702110201988,747.8554227230005,724.3723337977757,737.2723677194887,768.5682639183832,765.9477298005784,772.8024192874221,0.0,0.0,0.0,0.0,0.0,0.0,0.0,0.0,8.68599145539281,0.0,0.0,772.7880433273727,733.5575143066699,761.1495056606127,777.9993377388829,790.7948400115138,800.8658574715529,741.9613100667988,624.3693688432882,618.2118248452994,644.4224007610253,592.1300075601218,614.4129715418064,622.9327028637764,631.7943472162365,626.0666469198165,632.1204137038304,644.6821188829548,644.4500022790372,645.8781943112103,649.74164913949
2025-12-08,1476.3529037280464,1477.4298399535328,1480.8101757263657,1483.0156957559716,1482.754902134163,1473.5302449112469,1319.5893195126555,1492.0901384771842,1499.9349057097415,671.8689388014376,667.4883449799736,1508.312676989824,1511.6706833643912,682.6215545619546,695.2084432592385,682.3235229392897,691.6303529923116,716.4485210068244,709.0810543477738,711.2552507768611,735.5025660859787,730.3226223191053,699.7990849507688,720.6046870978082,709.6636414925205,726.5964388483443,729.7670340375804,746.4549378189769,745.8034437947622,707.3215024939636,738.4228529550533,746.2416998165526,1575.3984408429546,1492.9660477481461,772.5144317024177,912.3795504634429,272.9104704841626,898.7100968323911,896.9645333803463,898.529946005915,914.6900546527954,930.8658493499009,919.7119357660589,875.6437643380875,839.5330294284714,1557.946473469458,775.7926294586516,122.09682832585099,71.10120786299547,2.3661667354306246,0.0,0.0,0.0,0.0,0.0,0.0,125.64766843441794,558.4793550302256,548.5631444803998,0.0,0.0,472.81527652858296,427.24587239420913,0.0,365.8018533511403,1158.3881269081633,1118.4169852295395,1102.0399756357947,1040.054946239072,1037.8228407811844,1020.8828715781846,981.8793367151094,992.4187149982907,981.1190476565474,977.357084265466,986.0575397668064,1219.0203780958159,403.0937222330512,457.3928060994012,469.638365102666,442.6910937906932,434.0171675034299,413.8815207132745,0.0,0.0,0.0,0.0,0.0,407.83132492450346,1548.0386861694187,1545.954859487931,1569.585900760253,1579.97352473189,1627.3004945715707,815.3588908797502,825.476476953507,892.2179984755553,900.9150499636066,930.6341016375679,976.4384768559692,1021.2711756095339,1028.9303066131854,999.823401769432,1012.3801993635511,1033.334320188475,1018.6891072716155,957.027138624399,745.0298773415061,733.2800514270953,757.4792045680083,773.2022442751396,780.0296381982214,751.4274737345453,0.0,0.0,0.0,0.0,0.0,0.0,0.0,0.0,0.0,0.0,0.0,776.5820260201929,778.7997667122078,767.1130903661922,788.8649651950543,809.9212848477213,803.0807617398409,741.8513344959443,637.7113074690039,650.8863809354215,629.960444093439,583.7058167361147,620.4554356569148,640.6962229604895,640.91789180309,646.7051893245194,649.0396451894496,651.0432143371331,650.0510952590681,633.4852305093315,646.6920228745767
2025-12-09,1456.2323897080805,1471.3481696668953,1487.3693608682709,1483.9204507930142,1504.7440636137476,1534.114000569557,1360.1284403682157,1515.161792115527,1527.9092465142921,707.6315657655875,696.7564552706642,1563.6522233195683,1498.1764188082147,723.6610217153575,782.0283977528442,771.3095795492837,752.4034600571812,734.7703239473421,680.0546869232328,706.8104937408955,718.2564975712751,797.5170080133638,823.7556131180809,805.7429808315368,750.4172334595305,736.838076413304,716.7919158608719,786.5179102737894,747.0200800917213,802.2693189970807,752.0260241552617,792.6736268435697,1533.8442274769518,1494.9055918329389,842.3186970331504,921.0893249894766,205.72383517712422,888.7914116533736,913.1459488001449,919.8112120138519,904.2851711631799,896.604123852972,888.7439123008878,883.1495851669043,812.956318049604,1624.4923773825544,893.733063062612,145.63486493033497,148.80564951116446,78.20872505366765,24.583653873125968,0.0,0.0,0.0,0.0,0.0,557.5195666688305,699.9506763921098,611.7962424284933,0.0,0.0,655.7860047828475,588.4153116361724,0.0,470.167049956742,1333.800839737366,1328.007414708677,1327.2580358778464,1251.5615327405185,1163.4060909875568,1148.4931159193611,1142.985416906262,1145.3034387024911,1142.1285792252283,1149.1028811401245,1149.8821980044904,1140.316781826059,321.7370131681273,413.1414124896489,465.861762102494,455.4323747718477,492.260792213404,498.4562306771173,0.0,0.0,0.0,0.0,0.0,539.8028142204926,1488.3880707874687,1522.3198478541153,1555.9674587172008,1601.3107509596766,1624.7295018956625,804.2846550281811,837.8693356387823,927.5942872715553,952.6037226777846,974.884061138941,1030.6589451386303,1064.799093052911,1053.2826303449804,1059.2243637460117,1056.4309986326325,1020.6797707225927,1028.7882641791455,946.3651921299394,743.5728311821363,766.8782745229313,775.9032420705804,766.9569561600866,794.5103238598434,793.9720382929611,0.0,0.0,0.0,0.0,0.0,0.0,0.0,0.0,0.0,0.0,9.182148888829715,817.1973382972566,767.3366623867354,794.8536282683385,809.0439786147908,791.9325771940344,805.8399562264264,756.076673212064,638.9389969255758,631.6203055887519,609.5260981917959,644.1555334367494,631.5734101090046,616.689057382367,620.4392732549084,621.9275135108899,629.1148026003816,647.7881537464208,617.3028727026958,660.7543837658319,645.7969202895897
2025-12-10,1466.9224299020525,1469.4010085104828,1494.8956339709234,1486.4220851643154,1503.0041759730752,1531.2860558878087,1310.6149060698904,1512.476435654752,1532.2751208909913,711.046594165498,699.0242821767392,1528.1785625916536,1490.4842726146642,755.8052225270333,731.3331106805343,676.3921216763109,721.8891677136942,666.1024740081822,693.5647832565048,706.7049289249625,721.7587583600675,747.5585311710665,790.0982981746398,772.0666193437008,762.7668950073386,783.4891895181174,766.6552567694931,792.9976016326862,728.6001358629916,736.2546380507495,675.7562163042084,781.9542182531006,1581.0194510834776,1529.2828939629494,852.8844032053781,923.4322050098901,261.3673132961427,896.0753294857453,918.1411790046127,948.8830222151086,924.6148672324246,897.3717109915074,912.7746456546463,904.4146195905194,850.7539144345619,1594.0384646143702,850.1129960913289,134.67574253798716,129.4875535264182,66.52293448176715,33.24149395237532,0.0,0.0,0.0,0.0,0.0,202.89209689075506,592.191980659056,560.7484950778435,0.0,0.0,425.440816430631,391.787859108591,0.0,375.9120274604047,1195.3650023159598,1272.0298354549523,1330.153614625801,1313.5825436338455,1241.3063987559542,1189.456806898421,1217.0730387474057,1205.9683092096568,1157.2117812442996,1190.4835964566369,1217.4150826186692,1273.297463829399,439.03131560902546,454.35731781368537,464.49205903791864,455.45586629093236,519.8929286989248,550.3556646574066,0.0,0.0,0.0,0.0,0.0,637.0414301465512,1521.9755118638072,1544.9573047152726,1549.3600795697985,1548.2124396949735,1574.028397143969,875.9669781881433,849.644776651263,898.776696647421,919.8291994455801,956.6482185662812,981.3914990466205,1029.3358742484047,1015.9331548263357,1031.7796952416481,1021.9452489298731,1012.1191048288408,1029.7456804286344,959.3659706864596,748.0704480391098,765.3422502147248,763.3531836225291,743.7578708794288,749.3011512512446,649.9991022768711,0.0,0.0,0.0,0.0,0.0,0.0,0.0,0.0,0.0,0.0,0.0,798.8947038276531,776.2398068892217,779.5155938349038,779.5792941463355,766.4484013735745,774.7745094482361,746.0316133880648,611.997901111361,618.3817226506493,618.5548889827166,652.4344089081408,628.805019353835,622.9553570625991,614.4679986006935,631.1655486192632,636.9698118943197,645.1590387876827,606.2750240293592,657.5039091190812,655.1662911955553
2025-12-11,1467.6573987056358,1460.9773877377872,1472.2826010539402,1471.2519463435765,1501.007685000336,1513.7553825080936,1334.936953271997,1505.7008632358443,1519.4157770284457,701.3176362146594,683.7262573011129,1505.8158240847906,1489.4682717582975,724.1127936928023,674.5696993961757,702.8644899955198,747.7513287971992,697.0955492777412,681.0469568192891,741.3113836146495,769.5951900867547,802.9803828192781,803.8397472404157,793.668924821474,720.9370300360494,785.2130289718978,735.9288958497389,785.6147753132778,740.0241893047241,730.0140164078314,782.282997438915,789.8336025995984,1545.4067619367338,1567.3951573092054,852.9607826650357,926.614168514714,223.2412968326979,895.9160305184388,914.4506747875528,929.8522158422643,922.1846670250452,913.3881639464878,930.1143236120449,867.6478175947075,821.0061860881359,1574.999218008252,845.8785857720271,98.57729739800095,121.52912405563359,62.00513165790301,0.0,0.0,0.0,0.0,0.0,0.0,341.6653856751205,568.9992880282152,591.0361778886211,0.0,0.0,468.83513941302857,420.0295117343991,0.0,396.862258895934,1201.27403232066,1250.4395835193902,1264.813079148913,1254.2297752671361,1185.2732759714024,1144.6942241056163,1150.663911624893,1152.1899424028377,1147.7314130260631,1198.553445562116,1204.3860389014312,1170.3012769801176,376.96674264014507,428.11011402589224,391.7281433456094,357.62621510736267,451.824019413319,526.9541464763136,0.0,0.0,0.0,0.0,0.0,629.9767391997635,1489.9648809347573,1537.8720333268375,1597.373176243625,1581.7381565998458,1633.5713754210783,969.3882083430533,853.5081331799345,928.6505871632369,985.3452020418739,973.2086008456583,996.156260988972,1022.8205861154478,1037.2726795928495,1050.1593567881255,1031.70209346722,1003.9295958587032,1022.82621362008,969.4035226501884,776.0779721733146,782.7196673735114,788.3926778123656,771.5260175763119,776.7323246968763,796.5525146508102,0.0,0.0,0.0,0.0,0.0,0.0,0.0,0.0,107.5285470343216,0.0,15.195310165294245,835.7598702315861,784.7009861252659,792.2239690364297,787.9284332970733,769.5918103775924,796.7617153218055,756.2978550150142,609.9564782150052,607.4979603639904,591.9185895028379,639.7298091733876,642.1220327432044,629.1532252767521,596.3522002539017,630.33842453792,628.2618515214917,640.0861544790051,655.7630985220674,611.971518075185,510.18846965071606
2025-12-12,1334.2106914443086,1346.636862981266,1357.014640396196,1346.368743315339,1370.2589760748906,1374.2700868975994,1220.4802647050838,1389.6460396523698,1388.6037178696965,566.0373392651506,564.5206453332565,1404.371005673132,1354.7292616494396,593.2183923066037,618.621106127096,623.6952625467907,608.4908708969588,575.1433800155094,574.3408297091248,569.197362653811,556.9140193316433,627.6889483666066,645.1162786486057,627.3042760403067,601.8922870452391,639.0213956130764,630.4630995914495,618.3036959790865,559.1571028584576,642.6170411418391,620.9711996129525,617.812285467545,1399.0651792772692,1471.1045647504106,633.6296026910562,0.0,0.0,0.0,0.0,0.0,241.36307662843853,686.9026970340567,661.591621782792,589.2569645581555,576.468844876433,549.4639966853497,0.0,0.0,0.0,0.0,0.0,0.0,0.0,0.0,0.0,0.0,0.0,0.0,0.0,0.0,0.0,0.0,0.0,0.0,49.71459403996515,880.674629451119,845.4217191758787,804.9568686332223,794.9441400445847,740.4309326940582,753.8813165926442,827.6257755653389,792.2609567032922,764.0053188906355,751.5880513094273,733.7452147721585,732.0179091114156,0.0,0.0,54.54101878319699,137.7821625554614,172.14883170665803,0.0,0.0,0.0,0.0,0.0,0.0,0.0,1120.6867065834444,1164.9836233705732,582.6622944857618,383.1174630232798,405.7491518949135,461.56460492821554,460.9893578738736,517.7072521196156,535.3170814062603,541.4630505944124,560.4312109709614,536.5998605967477,521.8625918095864,537.0949177001457,566.2093332227837,524.1489792950169,496.43572732839635,513.8876223733383,528.0304710519559,0.0,67.08718040538406,0.0,0.0,0.0,0.0,0.0,0.0,0.0,0.0,0.0,0.0,0.0,0.0,0.0,0.0,562.1344496071032,526.9726532765487,541.7638408942543,547.6896086989445,529.8757123261124,572.5939710648762,530.8879202028452,489.5382416554341,502.0125295867492,519.2609029524361,526.1321680784342,506.632981472115,490.5493402747939,488.60866864758987,507.18657681242144,511.29849167735915,522.2266390398677,540.6925779236595,550.1033334959038,538.7167189250571
2025-12-13,1345.7317365766603,1355.0144139436493,1347.322742751459,1325.314496116513,1365.5278894862304,1338.6565303157927,1185.9217999255407,1384.6332423915908,1397.771577914873,573.8808739961407,566.5708228653039,1434.8601304380168,1402.4606400563835,603.0094808009299,508.8372044162259,580.2228989072702,599.5434286551864,522.9304823127821,542.2584081682935,611.5122333415618,603.8796433556493,601.9615353520865,615.6606963301795,615.0732231570181,564.0945527264189,637.8986891953678,684.3758785161154,664.2033530146443,569.7632994560386,599.0059334047247,552.9282145751853,636.4745806513879,1393.0795481751916,1414.3959433952143,599.4176332782903,0.0,0.0,0.0,0.0,0.0,632.7379945510589,664.0843819969789,680.37885992747,628.0495079580701,544.6824463391964,1318.262002305666,0.0,0.0,0.0,0.0,0.0,0.0,0.0,0.0,0.0,0.0,0.0,0.0,0.0,0.0,0.0,0.0,0.0,0.0,147.02746070799415,951.2744811607038,975.1611246271706,1004.9233651793622,1013.5333093306965,928.3239316223769,948.3837471233381,1013.215098464766,912.3236849311879,878.8890346483955,902.9186909929263,861.1060502992959,902.2758360409705,154.9295171582638,10.970668663325696,41.40967939699249,89.78504575735826,114.28879777335142,0.0,0.0,0.0,0.0,0.0,0.0,0.0,1087.2906983595249,1157.6778252508343,349.2692228210252,363.84983790821053,419.41871040069583,454.1040874090047,451.296899214723,485.55815957984214,515.7630460040558,571.148885697592,627.5781320945401,582.3411548464798,504.4303261842219,505.70909309278835,533.3584314946371,510.63088782935745,497.6563282713638,495.9678398497434,503.5430164907969,0.0,39.96125742324648,0.0,0.0,0.0,0.0,0.0,0.0,0.0,0.0,0.0,0.0,0.0,0.0,0.0,0.0,552.9190447375488,561.4978046209353,571.2320848358206,558.8392203198204,537.75756931061,497.6197079551399,501.3822247774396,510.15614276414976,507.6940613476268,522.2547556375855,478.48724959276853,477.1810927892528,508.86614063310765,533.390269691119,540.3356791903603,513.2975442306888,482.65961097079645,482.45880223033953,583.689912329128,645.6049311184473
2025-12-14,1461.129293511598,1468.1383617164634,1483.7692121005116,1471.660495141885,1510.0654611820135,1486.0431810879763,1327.6173868188898,1528.5324027418637,1564.3617022363421,719.8030290819778,701.7461815245888,1522.7242783780173,1482.9979152309422,698.1215339309914,707.995769490781,728.679086964961,702.4929907139466,664.7059726502932,700.6362887335567,750.1170361595418,704.903934209781,694.7285711089054,743.2164073508336,753.9277137236589,672.4059579731369,762.5463310512234,822.7198474626432,807.8436346189388,715.1927887751532,741.3530438091168,723.794872570079,811.0833286913174,1586.4525360550329,1534.2964207721197,823.3966875242671,875.5984957435231,207.8466951663695,839.1570970842691,916.3922029845545,895.7899118160274,893.7775567604014,909.2301667641987,889.7903963895264,858.4739612954677,782.1208581680633,1563.5285268348248,843.5582778230435,123.56148044687018,82.45948833766113,16.838865718824422,14.856191073463378,0.0,0.0,0.0,0.0,0.0,616.6403360857748,633.6923600721735,644.307209862037,0.0,0.0,519.3186049665928,463.0401899794131,83.49883106639095,530.6390319647945,1289.3202508368686,1227.091609427231,1246.7069106447907,1269.5317918729274,1285.7366610776082,1258.3623576439677,1165.0543279371445,1199.2230421636823,1254.5084768288134,1233.9973779196803,1209.8377855370918,1264.991191375096,532.8185227566502,495.5293429207263,396.3600634903529,388.0826659884741,439.5452526413906,504.7347944060903,0.0,0.0,0.0,0.0,0.0,405.9780947493034,1513.1690576143512,1538.5762171021506,1570.2414792013824,1633.3635134568888,1659.4095660175326,845.757516232379,867.1680130794916,880.6461387612658,921.8194387802617,969.8077063170283,1023.0380197835937,1060.2236741770032,1025.8464646864309,1010.5955622539032,993.6584131180282,1051.3477248240947,1013.7027689010083,926.1369732633996,740.1278370132159,782.6124650067376,801.0766465125679,769.3253948236023,798.6375764828572,727.4834648939997,0.0,0.0,0.0,0.0,0.0,0.0,0.0,0.0,0.0,0.0,0.0,797.7173286558415,794.6450239094297,781.2490965441737,774.8457927483013,770.9007753831947,772.6277748347729,705.8401469505137,627.1495149130941,608.4441157002145,667.7424953269816,625.6975609703436,612.660921472168,641.203400842546,644.8999217772738,638.6885074424465,653.0005069738056,625.5328883225343,636.9446481920544,628.465753816281,641.6503212870914
2025-12-15,1470.372870480403,1455.2702778959738,1454.576883050477,1451.6613477583198,1501.7185366924264,1481.9796607146227,1337.8173428175046,1467.8108720264636,1551.8173512330532,728.9918427324786,671.2523141651131,1503.7221866495213,1510.963785404248,749.2011510117741,657.4007290221693,689.187681256098,738.2180224054509,686.6833549947044,687.0468175444322,756.8068883642662,733.8657096121557,779.0877437970798,784.2742339269107,758.7980346389297,737.7779023869234,795.54974252865,798.3148757766587,837.7195070954749,763.742821736357,770.5457192895095,757.6890082646355,835.6186681695939,1601.9940852222621,1574.8473369060566,846.6879317691324,937.721512249857,258.9520489556546,905.3494452709174,948.9494234295042,926.1004851757028,940.4596634461891,928.1641292278765,949.1791349023373,923.2304125036896,841.9992235154492,1623.4109588959896,861.3008879642606,168.8743435156755,122.00035207068038,40.11093404524229,34.82728004434057,33.150523138621224,0.0,0.0,0.0,0.0,658.9612457474304,658.931939722529,700.5839119502298,0.0,0.0,531.5708585609574,490.74710112047023,141.42904703402138,472.16355689952206,1248.555932673334,1272.7260717202394,1273.1895062277224,1190.8685442392339,1222.683360686217,1245.1610640283616,1193.7216680870051,1224.9812544040806,1287.5047851538905,1298.2898514490453,1036.5518110021728,1348.1153482713703,637.0223575721541,581.0744695029658,541.4872658804151,513.654877085556,563.700277303686,527.4185251880087,0.0,0.0,0.0,0.0,0.0,426.9476346860464,1479.4884647690742,1528.62552399472,1551.76407777941,1602.970109929572,1625.8639245186696,827.0812159957001,839.8275101500657,875.1623798898423,921.3460149303389,950.5462195817207,997.6233716666067,1016.1544879385426,1032.3809790466657,1035.3872994692235,1026.044728764092,1021.401519267409,1035.721822257833,950.0595688450759,740.3484748933098,790.8311777894354,815.6848946513909,772.6914579245047,774.1327256841408,791.0367015520112,0.0,0.0,0.0,0.0,0.0,0.0,0.0,0.0,92.9357604612494,0.0,0.0,816.5814847051771,804.9009694786926,812.1694449349638,795.3062513457189,769.2510100829952,765.541190103559,748.6141554906515,602.098011889342,600.3702148202203,612.5839905940148,629.9195736119492,606.5731891837406,629.988514645296,624.1002363082749,657.5157372142769,624.2202414248269,611.0883343225697,604.3922361058305,625.5123697021722,654.3108724593144
2025-12-16,1478.8043491530968,1467.5826322081016,1482.9463705614219,1479.25865167973,1499.293133145301,1503.065333890534,1305.646254616529,1489.305602902699,1553.914822343873,725.3551790382761,657.6049896241768,1498.4861434872291,1490.6192646702134,691.6728744106455,680.7012254993369,681.7047851630605,758.9024736482562,693.2832686434338,747.480032071313,718.2524691457385,776.0459944276552,781.4818759561855,750.9343130971263,692.4878126104632,748.0944471639191,832.0094083339725,809.0741053668416,840.9775441734366,775.8864258505808,744.9897338831933,765.9982999149881,825.5768118315245,1585.1284478763382,1538.0131778347209,817.1249223561003,917.5488504177803,258.935411580306,949.8740910977457,940.5233778789212,930.4642083357885,944.6120446183788,940.1966138901636,914.8820731270679,920.2646908486479,887.0709416803395,1644.1292688675817,890.3726411091303,190.25785165675825,148.0867952424776,48.98621650396706,61.38355800719057,59.84065536400374,36.289969492939576,0.0,0.0,0.0,654.1246108760176,672.4488443727055,683.0277811451709,0.0,0.0,519.4675305067544,519.982646049557,390.87943776379996,429.9461632355367,1221.589440645951,1241.8156291720545,1232.0666888025264,1212.3282811219674,1286.1538249210057,1272.075131251723,1184.4421585493399,1210.525991853112,1286.7472246355946,1310.5063268340207,1248.408897475836,1278.1386844660415,537.4853526569275,573.8141950557041,522.1648587567662,491.7384738457495,507.0344875467936,498.1741235564336,0.0,0.0,0.0,0.0,0.0,642.0381732391468,1507.1288425341936,1537.8705803119008,1552.9225472594956,1579.0257084661207,1683.645261366857,845.3461321312984,838.6609045283863,870.8711272652175,935.2264346374172,949.0878545845844,1002.9492464967906,1021.7490394160436,1036.955288650412,1051.1481967591199,1051.5824251250037,1025.8744217803535,1033.1736944496272,937.6477282798115,741.2062056982338,778.1378314812324,805.4313000810754,777.9521799035886,774.7711022018236,789.7655450389148,0.0,0.0,0.0,0.0,0.0,0.0,0.0,0.0,24.172223793426042,0.0,0.0,813.7419208211436,820.0431620100758,801.4904976139276,792.2049579502248,789.36106953719,757.0542639640312,715.5459461338814,632.8405390685047,603.6374316855233,620.7269853019138,649.1717736748582,624.7856622949346,628.1257155966905,610.0210906930423,659.1625163047078,632.6619948446254,611.5793635568481,604.9599837911622,618.7140666095472,662.4138913452127
2025-12-17,1473.5451332482503,1472.950353848426,1494.1433456233106,1472.0626757962527,1496.1454038082838,1482.2981082082474,1331.7068029138686,1487.4325459844515,1547.2548493216004,716.5261442756027,678.7198640649366,1523.9137368930217,1518.2369757499187,711.4358009306011,656.4430292528191,667.5048657396349,727.5878013942033,670.0172912878267,656.8918738577696,779.8129333486845,770.3424924553905,724.3543649074574,697.3912393047807,760.5775750185684,743.4650815529803,838.5171633812806,851.3824779534784,818.8865208351668,775.4783122350836,753.1988388739132,760.826808520592,808.2417309622862,1591.7134294377747,1587.6534222979308,824.8827870128971,932.3802758495456,272.0099950126413,943.5863082257422,950.9319320460899,944.7356239966826,897.0222907455479,910.2047925521773,914.3450129210721,913.5554926036419,859.2092082206913,1634.011276502055,884.7572753180577,166.27645933283793,77.68678124011137,11.492236009540989,22.727169404364417,0.0,0.0,0.0,0.0,0.0,660.9598051530978,648.1633206650404,673.4496137399899,0.0,0.0,470.201171456653,539.4401667435822,279.4322558234306,533.0076155571685,1275.333090007229,1282.2818034861427,1287.9250911108322,1247.9204467901745,1276.6033426433432,1272.6325994548188,1250.8892864388442,1277.4743845006817,1316.287204519021,1295.7131351494081,1262.8563476284426,1328.9415114022104,583.4973163527329,529.4428471738994,453.3627738177688,489.127354156078,527.5196399131887,492.0570306073309,0.0,0.0,0.0,0.0,0.0,492.11281360008644,1496.3391718954126,1547.7112546408775,1580.0971411021726,1632.3557706240629,1669.760469064477,870.4494911074748,901.8411118643521,891.659236824792,954.7143581347058,999.7732262051869,1018.0736794423285,1041.0666196468376,1040.0812994265782,1023.5123462946079,1010.2446892393369,1013.5058876050483,1040.9584430007044,939.0971174679428,744.9095192575456,782.6932747826964,810.4812019629808,768.130662926075,780.7901433513363,787.2250821418729,0.0,0.0,0.0,0.0,0.0,0.0,0.0,0.0,31.8797063405093,0.0,0.0,805.8594445667258,815.4688903297144,804.462916947738,783.3415091542576,771.8134615044261,761.3131436039033,746.8662596782272,633.5444003670051,596.4825022824732,609.8505291932499,651.6513768765464,627.8963843695608,634.3117651092325,611.7306725279682,669.8020879340684,631.7090927388231,611.2875365556304,599.3744842374465,623.9864719166147,663.6196521264616
2025-12-18,1467.294660069797,1463.2089908877879,1478.9374884164663,1459.5877415902737,1506.259220238319,1484.937123320587,1302.124448238654,1464.7691965784943,1550.21900475285,702.416013191389,664.8410164466118,1489.8158638746977,1484.6218704040025,720.6483374174223,667.5981112395126,668.915756492556,714.9000418972805,741.4506443907752,677.3046353703182,665.8908710755275,755.0747467871182,780.7611339655023,763.3155718610707,709.1977100777091,667.7385211354468,772.2173193335628,829.3052990516578,796.936045829883,699.0768912666167,735.389169165903,737.3823214835828,827.8815785510685,1609.0752636811542,1551.6422457151234,836.0512421607552,939.4016450589106,257.8553353479905,913.4757153457122,921.5853171839631,921.005240449224,929.7589096664717,949.3624611091617,942.1357017433311,913.0944736760575,838.367355624548,1618.1181610043968,863.9847624767235,161.95003648809643,114.93136073888934,52.041912082644444,13.029240044312928,15.438342191002334,0.0,0.0,0.0,0.0,616.8214016067438,633.3598294642125,656.6851598102132,0.0,0.0,455.8865052295159,481.06767863526795,118.1722291718039,479.7074335756837,1211.0527641632598,1232.228673230284,1270.1445168652579,1237.40981223371,1232.3514326378931,1113.9632210810805,1208.4034329716374,1196.2589020314679,1249.7449731055694,1276.9848233622333,1249.220043101576,1246.8155941016955,509.8246774844582,491.47027510834755,464.8304271619327,455.51145786690734,475.3100406192882,445.0907506121757,0.0,0.0,0.0,0.0,0.0,351.1471206121181,1443.8217450224056,1518.2234908423175,1569.8829740225776,1572.1550537787793,1671.7589497544839,874.9582463478343,875.33434344257,858.9000333418627,933.4298139792916,965.8804773260887,988.0569121399072,1022.9927790137923,1028.874139711339,1019.1904851873827,1017.1000847263766,1034.253613475414,1033.7414448375628,939.8973704730979,748.9489515929324,778.6214787719325,793.1367504626556,780.3522221554723,771.1998230346237,783.4786817070632,0.0,0.0,0.0,0.0,0.0,0.0,0.0,0.0,99.99793292891502,0.0,0.0,807.8836229069425,804.6461266075835,809.5085942466145,796.2638588079216,779.1205903730464,756.3592842537283,745.7597528087006,595.7726965446917,610.7188480233399,622.1185001782644,644.7554418351949,619.3781603895068,637.7096856946491,628.6221320667313,658.9829692913896,622.0410678449012,611.6032320258872,607.5291769850945,586.370262876559,542.3150986851665
2025-12-19,1315.636164764464,1347.9062858801956,1355.6258546605823,1355.0848955114916,1349.8785104186063,1347.1774139613337,1203.333484533278,1400.9562693950147,1453.990569051144,633.7134354050833,596.9840159138739,1402.778817320507,1375.1569781002731,571.6411726416372,570.9187490237713,627.4466354284937,617.5851630410201,548.811711935586,574.8845307970128,611.6157495128651,568.9929193513053,582.7461176671114,587.7219260743061,584.6595179120036,565.1306143941742,691.3910001976608,688.5473028801023,665.9203286894654,597.2518431901891,616.672709440317,605.8952471156753,663.6611748392402,1450.9724204857307,1449.0469814774438,601.4752636485996,0.0,0.0,0.0,0.0,0.0,645.8176516580514,720.6138671745123,736.3391528053827,685.9064758218326,589.4087540617812,1400.4940248325927,94.22345987248923,0.0,0.0,0.0,0.0,0.0,0.0,0.0,0.0,0.0,0.0,0.0,0.0,0.0,0.0,0.0,0.0,0.0,132.05800412811502,895.5287517203319,925.4571672105717,917.3237475968692,873.0443611006212,938.519394551286,982.6954897191234,982.1588550501378,1040.0402305566572,1090.0762716583663,1122.7381861245824,1019.8544869034496,1070.071746750284,313.8150882348018,50.358518104864686,134.50962928870274,169.74613716176162,164.26011541263614,0.0,0.0,0.0,0.0,0.0,0.0,0.0,1078.6412663038725,1127.2044504125665,363.337272330495,404.5719657341805,447.57907975583015,489.23456015594155,500.11926042134706,482.7271407805287,512.8251969372376,535.8566702498503,580.6114659816133,567.818068815069,532.7904963097488,550.4861969074557,539.0794439251514,520.1962479201931,499.543035572701,515.5589828449409,519.5929410235444,0.0,34.10471195920741,0.0,0.0,0.0,0.0,0.0,0.0,0.0,0.0,0.0,0.0,0.0,0.0,0.0,0.0,540.2937703818924,569.7037231082901,546.9007992244394,539.2522223121023,534.4586294331165,522.7554024405935,527.3982223277462,487.4527269893347,483.2016409862915,545.9752233045734,522.9470143944405,501.13503145405696,491.62060380022376,523.1469057528575,527.2448733836329,491.41769387393396,473.79458003378363,477.52551857700564,495.128897102543,539.4251992535575
2025-12-20,1297.3180480560736,1296.3239246605278,1322.5725050511055,1339.1361249834015,1336.6131520383,1340.6020871832193,1186.5553252838768,1372.1344304019608,1386.1731043659602,548.7298619465973,535.1291038956462,1366.367345688989,1346.9224034848519,542.5086767627228,492.7576770564809,498.7547330286053,538.9226642195447,532.9876384692514,501.7050388828759,554.4501841313493,543.8371986860066,540.5185653006449,525.7222552141385,533.6113071833456,553.7400992900592,627.9889002914888,629.2918496442985,597.6954472552131,513.6829926677499,541.9179675873612,545.4304440889154,621.7433163909374,1367.476131801097,1413.9138952547564,594.7254721242189,0.0,0.0,0.0,0.0,0.0,340.37503770836423,661.191165147459,693.9563684275282,617.8283479915108,555.2320492808163,520.5345722048811,0.0,0.0,0.0,0.0,0.0,0.0,0.0,0.0,0.0,0.0,0.0,0.0,0.0,0.0,0.0,0.0,0.0,0.0,77.27173373825644,871.0837919242032,883.6180228050262,860.5499971279219,785.4882169561199,827.1432401264829,870.3606914846274,851.3069227990829,810.2774464767666,847.9843773243144,888.0088086278229,858.1461450381917,891.1433389814729,178.94853132874366,0.0,31.129674418027918,0.0,0.0,0.0,0.0,0.0,0.0,0.0,0.0,0.0,1015.4832109169131,1084.9406319432017,304.4012344698228,260.03424768031346,346.92339370711267,371.73790749516326,382.29779508036734,442.3374876590115,438.5638480286587,509.0229330773106,569.3877529572311,568.4500255926836,474.27746313463155,479.3285462097255,508.11062367687555,465.7699376917002,432.39195076358783,443.5492211453519,5.084844088233126,0.0,0.0,0.0,0.0,0.0,0.0,0.0,0.0,0.0,0.0,0.0,0.0,0.0,0.0,0.0,0.0,521.5801628499679,539.3404153965248,543.1303256842091,530.3636224029806,499.38673543421584,514.3580259990439,463.02001844728943,440.380980280879,412.42177341446416,419.58150102087154,446.608963921802,415.7867266515615,429.6821138316358,424.66367323477516,461.3446965983483,432.7457852577767,434.99496911501245,441.9684813446318,507.9118482662221,646.0652527317626
2025-12-21,1440.2602802172923,1428.937141461283,1440.4865614256616,1449.7308137202208,1477.0663788356542,1454.3813926773214,1284.3669598367992,1444.0335106724588,1464.6273578081357,664.0096477578766,652.8117964732709,1481.6138489020673,1493.9048351265142,653.998705874726,684.8361192683433,674.0129026850628,707.9355725969158,673.2690026643287,656.1980057628059,701.1988971104671,717.9042643910407,646.1946633470078,640.1575858334164,686.935398275514,726.9926876026907,763.6673402118398,793.993626529775,807.5546454536582,759.2035222469641,722.757422626915,780.8017345069164,798.5243457262376,1565.3156027124974,1559.8610342119014,834.2442797856385,930.3376301790815,246.9452261049504,894.4948179801218,922.9873370548728,902.1759200775507,904.9619498103465,907.9087906362308,930.9790534622122,880.3443982561196,834.6678646628517,1602.7083919529678,840.4249513434706,106.21051333789842,91.56714842247368,0.0,0.0,0.0,0.0,0.0,0.0,0.0,401.15127236149823,592.4678669487989,596.4994239073089,0.0,0.0,493.468071106572,476.80721870177535,0.0,507.93959211255196,1310.4727627047605,1265.1142026973334,1232.9096560451103,1212.881820344128,1240.0151342454335,1079.1825059756277,1200.165218863538,1162.5066702288887,1003.5736484431097,1275.334642116386,1046.3269402611415,1262.172020131156,590.9074602429669,485.0712973944537,400.2837767843771,390.23698074142135,452.7047488994167,453.18030634130776,0.0,0.0,0.0,0.0,0.0,158.40350830827714,1480.7101518323664,1527.051454751322,1536.783818931792,1599.917009182836,1681.5238517820403,846.2238235989532,831.707674464352,847.0112690416179,908.8414785096267,949.3159961234494,1019.4462370317889,1031.04187369205,1027.3303750375483,1033.7270105302018,1040.5716209835796,1034.891683028964,1028.585259352384,939.6263644523193,730.769595819171,763.9232635196227,781.5054663762345,748.71561924373,741.969279899832,550.3475220205329,0.0,0.0,0.0,0.0,0.0,0.0,0.0,0.0,0.0,0.0,0.0,780.7107930488164,786.3258193293957,779.2372579424778,765.6471301475672,752.7557422314383,799.2975586362082,735.5564126810687,625.4257895280244,617.7659410254171,621.0314213163522,604.6344029674597,580.7389404424097,575.1376730069027,613.7015112864694,628.5508326933307,595.9053507460603,599.7510017669028,598.9053430698755,601.642204428706,627.8255957046023
2025-12-22,1433.6338623334614,1424.0120403862743,1432.0944819646365,1447.6715692944713,1474.635989172384,1449.3806049990958,1296.9300597498518,1479.8850491036565,1492.4002042422735,648.3765906447411,642.2291915869206,1485.4058927579522,1530.8490673747078,671.5820510299377,628.1447861418001,671.1015174537731,712.0827778194092,680.7686965955743,699.6943464813712,697.9791389815819,678.1740700547373,734.3390543923808,731.3847496551698,702.3244769020741,731.1798242393415,756.1673706333272,653.4427270727343,735.8566959945464,765.3271590174345,746.6893958123437,733.1544510981113,793.1422471148206,1578.5761394185186,1559.2337044672722,817.2907042210267,925.5765896289046,243.2053212817542,924.808099059928,906.1761073062852,910.6216405758088,893.1850141544073,908.6798833234707,928.7095252697526,921.2716249811833,835.0158656226232,1594.7096393292638,854.6526213321382,139.5632545791326,98.99612889861783,0.0,15.636449917158757,10.936537608514755,0.0,0.0,0.0,0.0,652.74741970589,677.6384846862152,679.9132803433778,0.0,0.0,537.2379473425027,494.121755210434,145.7084754900347,423.35119428406506,1180.953636252124,1293.0175424394386,1312.243373381776,1270.8400666981825,1156.2593830774235,1074.37064874871,1264.3510177211338,1060.156868407544,1053.3173231300548,1266.7438477282053,1040.7912079096036,1215.4218286772038,474.9410393521914,443.5452647709908,441.64804494792827,464.23823194795716,520.5289929523534,469.61271494405185,0.0,0.0,0.0,0.0,0.0,75.43258148059101,1470.6275510132825,1485.1427361404476,1532.3559989777584,1567.4247090392037,1602.9908198005746,806.7182174683958,836.8116495557246,862.6116019893917,892.1252466776261,944.4328860131016,1018.076395096644,1025.4991506741587,1031.8303359855836,1037.3100932991852,1022.276155689932,1041.2312004324128,1040.3724442082857,923.582497077872,717.7944257051745,736.293650281876,775.5244810653907,762.403564247983,746.0117813913059,550.1812684840661,0.0,0.0,0.0,0.0,0.0,0.0,0.0,0.0,0.0,0.0,0.0,789.8625045591798,789.8904031332822,786.1206364236077,758.5145890122354,761.342269700403,781.8459141907153,711.5858376010419,603.2731967020375,584.8973559838103,590.6426340917828,607.3341399885508,588.0118882020045,599.6689798589725,628.4818015638929,633.5083292463926,608.0260475275959,593.3801014788471,603.9018631358429,601.4907187316019,638.5649704102134
2025-12-23,1437.9698057293185,1448.3563356998313,1442.280367948117,1433.204252870042,1492.7442681646157,1462.847378779927,1301.6312578069578,1497.3573955192571,1484.9202414436622,663.1633002944519,649.042243627501,1471.1303118192263,1505.3483991057299,678.0860936559417,646.9760451713664,641.0822678423082,681.1763103343691,675.321995483497,706.3093262499482,749.4230015755098,692.7808047148511,688.4481513627433,650.5528118517996,695.5842186700075,735.5524233563292,794.3358675087221,728.4544661278089,750.2826780615102,749.5899676443588,721.0269771596685,748.5258403225856,771.5243479751815,1597.3568038216415,1558.9285134875745,831.5407084018003,921.3625628977412,239.72829421015467,908.9401007147943,924.1125603072194,905.3643257536046,884.0030287558615,919.3193773294593,924.2821736662961,918.5370968441865,841.0704712584186,1620.6295228663735,873.3456438003979,177.32450414848222,101.55688110217773,29.092746520520905,20.585755183727088,28.742032554431034,0.0,0.0,0.0,0.0,625.3704908068431,641.6992890895546,687.8117794705385,0.0,0.0,494.40836446358105,492.88062064408473,127.60712622749503,471.3837133652264,1278.6033199751726,1262.5865362174663,1260.1250328284632,1280.377976416532,1241.496792700424,1144.6276944884912,1063.2752015278531,1008.5037249797133,1054.1555973225031,1257.2684798442776,1147.9312883536932,1202.78115117459,465.96495199645824,472.9221205959574,436.50435437017404,458.9062831172819,463.96544567014496,420.90474422254545,0.0,0.0,0.0,0.0,0.0,155.41969089667435,1410.0802859804394,1493.4457969320526,1517.6718357509371,1549.5789565257223,1636.1011542483775,840.6911525703493,841.3648312576178,860.4444871990112,924.6402071431747,954.9880494345656,974.394004735316,1053.0588522774838,1049.4070704626172,1050.1524440332855,1051.4044305309774,1030.0926790143972,1041.0726256498672,933.4884393410182,728.5008333138892,772.8375601499257,800.6199111252696,759.1722151405127,754.3805359675619,505.0068377309452,0.0,0.0,0.0,0.0,0.0,0.0,0.0,0.0,0.0,0.0,0.0,799.7359333502384,814.004964811711,791.3243843350773,767.9392848279886,761.8566218380088,753.5789012503818,724.840330757373,612.9540201891751,593.4776613341132,582.3351404817485,579.1065631682771,598.9286702686643,600.4496058126216,616.101130393768,622.9388738348053,601.4830257936244,597.8938484754686,584.7604051517012,601.8058644891263,630.5126036331111
2025-12-24,1428.3140538680047,1439.5211828131053,1446.9680626425638,1428.9856348986514,1475.3617854782483,1443.2982613807553,1291.7427594558121,1489.8339312233095,1473.3224182856015,653.0250128182437,634.5915073228354,1502.656328624531,1523.6798473387103,663.6683575006109,627.3140878777826,631.9992590998825,664.5684335290913,655.4742391501813,697.4552926188728,721.8586645450673,658.1239968410039,701.6182121780325,705.325140929913,707.1624612481428,729.5389125702023,775.4468573261863,724.173299182407,783.5022809911425,733.9408405776376,752.4819302717948,776.6388752300188,771.8449039866161,1579.1725806947516,1594.8196604834989,826.401600333411,926.1564994750956,243.34128459653243,906.3916204069668,916.4070285304647,911.0155677167937,916.7690739359819,897.419408498,940.8223824867648,916.4807735530924,829.500237609533,1584.5122881993952,858.8611997967585,120.1111456486733,104.77260214157172,27.60178737224078,14.157115960002784,0.0,0.0,0.0,0.0,0.0,432.9901396185061,567.9726095369456,589.9779379044039,0.0,0.0,450.81687331948893,469.61434275047304,0.0,437.4526834597517,1214.6080286679503,1248.494548894841,1258.7200495591537,1211.9188909019076,1149.447717007612,1091.3507316198302,1073.8026483571134,1086.1275592746756,1057.8319253746026,1134.3651078892658,1146.4893966098675,1245.2095635173991,542.3606825085635,520.9673925964721,453.94933850318034,426.0164233915201,410.6683814000776,368.5307072553675,0.0,0.0,0.0,0.0,0.0,112.28227823096654,1447.3129520014709,1501.2867783313395,1509.7661572615075,1561.1603144916644,1661.1983979853308,862.2874948910279,841.4122572809,852.3805173510204,891.3521030469726,950.4503704376008,1022.2484858454691,1031.5992800115355,1049.472149997698,1034.3951507944819,1037.786751230931,1036.3981895166314,1048.7146036857873,937.181184927178,730.6085056416616,764.7754532882838,792.8702625826667,756.6112425134011,751.0918137915098,486.08200749178127,0.0,0.0,0.0,0.0,0.0,0.0,0.0,0.0,0.0,0.0,0.0,799.3001470490669,798.0210612693204,785.5906475995633,781.6665783438841,768.8252237415709,765.422495961543,697.4607687056624,614.090315092497,583.188771035176,588.7829833907088,601.6893578652844,585.5326266108872,587.3824137327185,612.6935026318731,624.5908930611199,607.3526352519164,596.7291254206328,572.364675437001,590.3355652941542,643.8846994611533
2025-12-25,1455.1652853866603,1474.1525255482018,1442.7120784682897,1435.1770946609922,1472.7290752750791,1461.0471456675862,1278.189408502697,1470.80414707972,1495.063933726278,678.3111727878284,673.9993700144859,1534.7732151218952,1511.1082841263674,655.2766720573964,658.5099089269675,654.7328981060705,701.5193974325969,700.10600022061,695.7082155482174,700.0160299168076,678.8870146823155,662.1325372749877,692.3815108298172,744.4642971332113,718.8754402910556,757.6982607885491,782.682064725981,760.651417100847,701.723170072413,707.3931587217235,761.2396999850183,792.3524545894699,1584.0500735473495,1562.479445924057,820.3988382447569,939.4881619890737,228.61392093026438,900.0731811811661,898.9784649456624,889.3368339313312,896.8737598868961,916.2810441857639,926.5883066019147,911.469660788967,801.4688254406101,1580.3599694986815,837.5645134439277,95.2886245418365,79.51395148510437,0.0,0.0,8.462600605843477,0.0,0.0,0.0,0.0,553.3733131689576,593.0943034541773,610.7819056037036,0.0,0.0,497.99554068518523,453.7124999853062,0.0,347.44751524623166,1153.6960144466648,1173.0823750014692,1175.9367220219601,1185.3963854058036,1193.9510865359973,1083.02124857417,1199.5150331308134,1214.2395207525494,1013.7229742156302,1192.833806742658,1000.5132705333808,1221.8788564374731,482.9293742537966,460.03884909374585,430.71706717282973,415.4352596235563,434.2872296887444,431.9904978894262,0.0,0.0,0.0,0.0,0.0,150.2801814969866,1406.2298537663241,1464.4866215656978,1520.2144099832888,1572.2287076469959,1630.867329638999,862.0359361156469,860.2346173479873,856.8191606193873,921.9667664171752,972.6255352304423,1007.796605843886,1015.1354566166377,1040.0973135672252,1044.8193242661669,1029.6276902554387,1029.0190146149043,1034.783316209345,929.4264490015892,727.1820953599021,759.8307861766988,776.5819446827695,749.8220313386196,762.4713518521075,518.9369957696167,0.0,0.0,0.0,0.0,0.0,0.0,0.0,0.0,0.0,0.0,0.0,781.004762773614,796.1537648094638,787.0983142293045,758.783932027002,750.5291204221082,775.5620069819109,728.0055983856138,601.6347620598568,592.2168278696404,599.2119824075471,584.523345576761,572.2819564638339,593.4798849813827,618.1857685828137,621.0159754460451,604.2670130306576,586.7495843596819,621.6947493389516,550.0884760704371,485.7902276617761
2025-12-26,1283.9225260365583,1309.9540182584751,1285.8682509865725,1322.3406155472237,1334.7534672893905,1307.5357991324267,1140.209969246475,1346.547052083522,1376.222608177215,546.5331499750132,518.9523720538925,1378.6155662345384,1383.704381004252,536.2803605390217,502.08325537584875,525.6534236207436,535.5943549471003,504.8626288099776,540.4064685520805,576.8897728209811,559.9089139433644,513.4815880340744,512.0429561917108,550.1241655451531,586.8245023708804,601.7276398679231,575.0762012538569,618.5707916665658,578.8200045880965,566.2051382622797,595.8903262823886,620.6837428855167,1363.8151275265734,1388.3289513652721,581.0195213858224,0.0,0.0,0.0,0.0,0.0,0.0,500.7180250573914,699.6262751572498,658.932839493646,520.1891418948944,513.3554854111865,0.0,0.0,0.0,0.0,0.0,0.0,0.0,0.0,0.0,0.0,0.0,0.0,0.0,0.0,0.0,0.0,0.0,0.0,16.33523606284504,829.2965227861054,866.9093109046414,848.9235845667937,808.8456896693568,814.4456146317019,730.7475606173691,907.240122850578,880.5602271740788,814.6994147694886,928.7502501422964,693.3411201988656,883.1087249110099,126.02208438170098,0.0,0.0,0.0,0.0,0.0,0.0,0.0,0.0,0.0,0.0,0.0,1058.392967470826,1146.7148549443793,360.5473585295295,385.9598577610939,424.49929723074075,425.1154415976953,418.2581164716352,425.8653300117457,472.95276689802967,527.0288618431789,568.2885486604083,567.4547853239943,499.2491459165807,508.0715210487302,502.5346930780839,474.8047112741542,466.80439234344925,455.2111613570206,7.890279621486343,0.0,0.0,0.0,0.0,0.0,0.0,0.0,0.0,0.0,0.0,0.0,0.0,0.0,0.0,0.0,0.0,532.797897648975,539.7458966548403,530.1424395587535,517.7208823517291,505.2469480398105,505.1572068019861,455.57707062093067,482.7753494921067,454.50273904751197,457.7725387380237,477.05399681023414,450.0200743837013,463.16253103205423,495.99662810864834,493.54394160439097,465.8885686052967,443.9735488916084,457.4653464645538,479.99419736837456,453.96053794512494
2025-12-27,1303.8440540616702,1329.9586001277103,1317.4783305699016,1297.6652638476553,1358.57018969356,1316.838850045739,1176.388063029718,1357.8534526731278,1377.4431235004774,558.935399351539,556.2383056705385,1363.0715751798691,1380.8711117786459,567.3993265623421,509.8025838060905,500.1942353226604,544.6624035507357,522.5644287207826,519.8374333920776,535.2171232245375,544.1866235274903,518.5686317952382,512.1220510397277,573.0073944717669,589.0426321017774,621.8253996448784,635.6819743651522,619.4628762824277,568.9540467111569,559.1465909707122,581.6350656553885,606.78725904035,1406.1895805291038,1422.2558059186194,569.9920561628544,0.0,0.0,0.0,0.0,0.0,0.0,664.9553194743188,679.0298354691095,623.3619920759784,569.536074934499,511.4681430115909,0.0,0.0,0.0,0.0,0.0,0.0,0.0,0.0,0.0,0.0,0.0,0.0,0.0,0.0,0.0,0.0,0.0,0.0,40.65401861027212,789.10695576747,772.3789458595795,795.2479077130827,805.9476317062519,826.5274851294332,725.4462077298203,873.4901984808536,847.55749473349,702.661919510228,877.9918690334346,739.5283550420802,857.7755635456563,113.32454216968748,0.0,15.751407580967072,0.0,0.0,0.0,0.0,0.0,0.0,0.0,0.0,0.0,1077.5169675775408,1123.7056017413256,297.5734896983368,308.6420086082328,337.3837662848398,409.2043800872764,419.818110174653,449.0519203305157,446.37423919441216,517.9898644302631,578.3147197271579,542.2838536402079,457.5040578235214,506.50673583464624,513.0483770076368,476.6325891290686,452.8043374594006,461.29318614180113,0.0,0.0,0.0,0.0,0.0,0.0,0.0,0.0,0.0,0.0,0.0,0.0,0.0,0.0,0.0,0.0,0.0,425.365284433649,550.6999674476635,525.0752714298168,484.2641217117639,512.029489859494,500.7980509925093,493.55065603916773,466.7391337091353,443.89619325805165,423.99204683455577,452.9598396105899,427.5985281744791,450.5308678821126,468.97092745304445,443.4662572759788,418.3702981163013,433.78295982339057,429.98890234940706,480.4769368404621,625.3968148363147
2025-12-28,1439.4412022574725,1460.2399284384796,1447.0999866728557,1448.3072863841498,1462.1895956368999,1440.6082762822984,1306.0051512420127,1491.5423166388478,1481.555435753686,659.8987305045932,638.8540202773308,1472.611009866254,1498.2635374944084,701.8552983957912,637.2316135805012,630.1597257080205,666.7433961339547,649.4266953288617,712.762294448321,734.7899000752952,637.0439701283348,722.0344286490332,715.8440162538407,716.3037634956021,739.642799858633,761.9372255524686,732.5425491325705,767.0755448552356,753.586825380178,713.9081630021572,747.298791338485,783.3218553657571,1555.122390554532,1548.9199411539992,822.0477875270254,911.7636288832847,237.45613509908446,911.7753136688793,904.3891327584419,904.7901805358325,890.7611759137587,922.2002924130609,924.9753631575392,890.8341728899069,825.3651886795186,1574.4346431057447,841.4974540363472,119.68706065702713,58.76783523886036,0.0,10.458531037406601,18.905849008415203,0.0,0.0,0.0,0.0,603.0299682465492,627.9879798597634,603.0231390406262,0.0,0.0,536.2778741338991,548.369277597118,0.0,483.8585101815412,1310.172224951348,1285.4395671603002,1282.2249236393277,1279.2927226347392,1198.512702811919,1090.3601877704841,1076.5808654514183,1101.0709930312837,1127.5410599862976,1128.1209224960303,1154.7290257709221,1262.4229238789853,535.8281596836011,521.9281555479889,453.7244490494221,446.5980289800176,446.83088212826783,407.0390004030785,0.0,0.0,0.0,0.0,0.0,65.97698931476532,1471.1212738123136,1501.2803940363565,1522.5164282434803,1614.4743187974518,1656.9614420747262,832.823653100299,825.675753579181,831.9732701549617,878.9604455922965,951.4353013054687,1026.5700431875152,1023.897356713369,1038.91279443111,1026.6167688710532,1049.4490613074695,1041.9962352262157,1034.7812650361261,928.7963720448909,732.478581177009,753.5052158086893,777.8432096268039,742.5241514814771,749.304285200897,486.85987884612206,0.0,0.0,0.0,0.0,0.0,0.0,0.0,0.0,0.0,0.0,0.0,787.1063724688725,775.5888497220236,770.1040022342858,752.701469671588,747.9605727832745,745.825812947071,709.7554510178327,611.9076033504094,582.1108187922722,585.7031439983505,585.7246603923901,574.2020234364069,584.249885031697,612.7639982865843,616.8049895458862,609.6746411106395,575.5721533000869,588.3904275270355,591.7728346514734,624.0240830037972
2025-12-29,1431.5994041384795,1457.8156455098824,1452.8805692158144,1451.3144320464598,1442.4092996026222,1445.8625379817915,1311.059302308974,1501.368847147292,1467.3916928178749,641.0677165751852,665.7923315875174,1525.7215560624836,1498.5603483671307,675.8416784013425,695.4965165450279,694.1052518105847,685.8459227063965,649.5693031505067,666.2546953648414,730.4510623338805,702.1780375430453,724.031691073728,713.8351762405935,711.11273478557,733.4744874591617,736.5733398051606,664.036542578117,720.5788577020446,762.2777967649214,741.356358746643,769.54961176873,811.7457279953892,1587.8529715944812,1532.6518884260927,795.0124357510942,927.69304388538,241.84490389915072,879.1668014990545,874.5991689449727,914.9988410799693,925.7996961791872,915.0603980685482,955.6255764514049,927.220750872849,822.330069410334,1612.144774723402,861.0382081833349,142.49769434621703,92.20102836876765,0.0,0.0,13.09668513372901,0.0,0.0,0.0,0.0,586.6938517149579,617.9800247036748,623.941953747548,0.0,0.0,500.4183644709593,476.4689795385093,24.0222500131718,450.015457246245,1231.2698666496624,1248.3475909659642,1231.9007125579415,1197.3851737007194,1165.249483539959,1066.7082830660854,1072.500686635985,1071.710593431433,1088.4340301551983,1155.9349414380483,1120.2265282770138,1268.0998490467496,540.6711171922501,529.6316117122378,509.5338840979764,477.8817096808722,482.17512191933565,466.82796334940224,0.0,0.0,0.0,0.0,0.0,180.0669838676602,1438.0896295217924,1476.1924985086089,1511.637414471486,1582.8476273095437,1625.5999317427536,826.2744869989499,820.3499801275647,849.7473193280066,894.3191127224172,939.2082976709128,1025.0625196169433,1029.9288187931213,1032.3419403009825,1047.961769178257,1041.0129841419634,1039.3687453439402,1035.5631830847453,936.4589443286751,722.6990709625314,760.6153063016316,779.5409760472029,741.3382882545326,742.7454840231062,500.0612505412465,0.0,0.0,0.0,0.0,0.0,0.0,0.0,0.0,0.0,0.0,0.0,778.4305774925657,797.3110372170438,789.05201994493,755.9589227735336,738.3522580806632,750.2658356965646,717.466704475878,613.8511114501719,584.8462972270287,583.2775559100965,571.4380065007592,574.0780803432251,595.5797890738407,619.2603166808447,615.5947655709926,594.5804414997928,593.7348162882256,588.728936544167,588.8411784168866,618.7721457573509
2025-12-30,1438.1216948726646,1455.3404818183612,1444.786763191581,1446.3789961199934,1452.7295480955108,1445.2504117114988,1297.9784393082036,1486.4346811625692,1465.2854107730836,649.5608067049536,645.3667055492862,1506.0652223029483,1504.5438459752404,664.4518726037239,638.5904365150769,651.2240376038455,711.6679249628545,683.3332473820806,715.3280525911485,734.9516436717755,697.139704850975,701.0047720286583,687.3198040162763,692.7553431174728,673.6282791504241,712.5399297272386,745.4004406485672,781.7276573019951,763.6664436410922,727.4230669356391,718.4061581917218,723.1427653355576,1547.6961823285783,1482.4766556277273,782.2272390427819,916.6227117524576,244.84489623085813,910.0709137461614,895.2016272840496,911.5355551513084,888.5453064155115,911.1643966949455,919.0816012598771,897.2226591843729,818.2710528345765,1554.5156612413148,821.353696375331,122.53819444002443,54.85105860277622,0.0,12.051511172968503,6.035372683621631,0.0,0.0,0.0,0.0,526.5174180226469,553.2484904916414,592.1154675249572,0.0,0.0,461.39211587113,464.8952676762002,17.66367693978424,497.66791240948555,1285.6355951195294,1285.5602933038374,1241.6067142785796,1232.590851827017,1199.9631600237244,1135.6997531394843,1072.3372336899558,1108.6138913960413,1143.8774443887298,1182.5910539952217,1198.8612086963917,1288.453288743145,509.6056999671615,506.6162958050753,458.9880748822487,453.1574638008052,478.9332815897775,454.4686642649541,0.0,0.0,0.0,0.0,0.0,192.6040514523845,1409.1171451260377,1455.499027321092,1512.029326418659,1516.2986878715576,1599.144806015112,815.7797262445265,805.8145765503969,836.7131378400907,907.2225400523002,939.6168943659441,1005.0361595279943,1022.2396095319546,1029.1177421823684,1043.2434251177963,1047.0978677480405,1038.6975977711825,1037.0189987927479,951.7680610705607,725.8419091593806,747.5672156962816,779.5384624761205,761.7715059660715,747.0615553347034,402.0987499516578,0.0,0.0,0.0,0.0,0.0,0.0,0.0,0.0,0.0,0.0,0.0,784.0845008456432,794.8874316562623,770.8023888845346,747.6186561843496,739.9197143081633,756.2563405289407,720.6984629477905,603.6780085407972,558.2195467574863,563.2150632321793,587.1488621433158,598.158794457838,606.8619282528042,617.6054310749806,618.9898364221943,597.9648177274985,579.4656465654473,583.4351856044132,589.2474877410313,620.371674211936
2025-12-31,1446.5120943314814,1463.2931244284614,1440.9030481848856,1442.0997205913573,1469.6022483132977,1437.0866355838389,1307.531091209702,1493.8139374633279,1471.6341361357781,653.3964650355955,642.4293856576868,1481.4487253058674,1501.913665420007,675.7412390790306,650.5542580546405,663.7513702422216,691.147614351313,656.7744783309752,703.2017533687334,722.821717450938,681.5456683346755,664.963206520666,685.7543028755829,745.3463150646925,757.9181415761734,769.4320312341191,716.90019375992,721.9141905391368,716.4284297706113,701.992279412621,762.1625127516378,812.7114130871648,1585.2142254726123,1596.5519370264717,805.6581612904637,912.853321027233,250.0327719689327,905.171121923975,897.0931847789745,915.6635225928889,914.2738249683026,923.1614965411137,935.6279707556253,921.7372383916802,826.0946133021495,1579.0414592684492,855.4797230610557,161.00499914473744,98.85379100301805,0.0,17.529977772892494,0.0,0.0,0.0,0.0,0.0,599.4397225699938,607.2975482143747,649.9794236729881,0.0,0.0,454.56971612246923,403.909282741944,0.0,405.229168542446,1208.7402550187599,1201.8664337526072,1195.2051523846437,1172.7584856551257,1139.2274955076473,1118.0651322634512,1111.3211513215037,1126.4442966885817,1142.5632651590076,1158.9102090940373,1157.9331975327714,1266.6860113834334,560.8984500233013,519.8687731495087,468.50227005238924,497.8676577858862,482.9580367726726,447.21878986227705,0.0,0.0,0.0,0.0,0.0,0.0,1437.0698881423268,1460.3409579326956,1502.0950710529487,1566.877550818214,1535.0831548623116,846.2774756302963,823.805238658567,859.0192397915828,909.1031411026521,940.7073689211109,1017.4984303490914,1034.9873218757343,1028.3179183660363,1045.5556244498398,1025.9112395477198,1029.2297836062785,1039.3901122859015,929.4698584693136,729.5326043963191,757.6099333516859,780.9266580664275,764.4230986019778,756.6345599108608,498.9069412990973,0.0,0.0,0.0,0.0,0.0,0.0,0.0,0.0,0.0,0.0,0.0,781.080809093659,789.4732880986684,782.8896272940004,764.4891387131377,744.3608599130953,754.4743027374731,705.481189758777,1435.2633733954217,1384.6398833520545,576.2576989089996,1426.7568366508362,1424.5652400460392,601.9638091768231,1456.783757277794,615.2543989216706,578.3161536498202,1416.963492536158,922.1173425234829,596.1429059861824,619.8170639458466
