日期,紧急购电时间段,紧急购电量_kWh
2025-02-01,19:20-19:30,7.460013219555435
2025-02-01,21:10-21:20,14.483286381483254
2025-02-01,22:50-23:00,10.312456333204864
2025-02-02,2:50-3:00,11.283626334140308
2025-02-02,18:20-18:30,4.799051711717993
2025-02-03,17:10-17:20,4.4822374055040655
2025-02-03,18:20-18:30,2.1892129934504965
2025-02-04,18:20-18:30,1.807086323681233
2025-02-04,19:50-20:00,1.5438726578784099
2025-02-04,22:10-22:30,58.53649047170188
2025-02-05,0:00-0:20,56.163667591541525
2025-02-05,1:40-1:50,18.72184668352577
2025-02-05,2:10-2:40,26.10499953097667
2025-02-05,4:50-5:00,7.1522425814016515
2025-02-05,5:50-6:20,32.94262556831123
2025-02-05,6:30-6:40,14.662188162603684
2025-02-05,7:00-7:20,27.1581980930888
2025-02-05,7:50-8:10,36.07026702421001
2025-02-05,8:20-8:40,11.264558977970296
2025-02-05,9:20-9:50,212.79560824095216
2025-02-05,10:10-10:20,8.509526227185404
2025-02-05,10:40-11:50,319.1290733790983
2025-02-05,12:10-12:20,14.82101171608872
2025-02-05,14:50-15:00,1.4033350228164636
2025-02-05,16:30-16:50,41.60404108141847
2025-02-05,17:30-17:50,58.31721713189586
2025-02-05,18:00-18:20,27.982770959606682
2025-02-05,18:50-19:10,9.279979270784679
2025-02-05,20:50-21:00,4.471775093874044
2025-02-05,21:20-21:30,18.986316706709545
2025-02-05,22:30-22:50,2.5602532555358266
2025-02-06,0:00-0:30,67.58743878677137
2025-02-06,1:30-1:40,3.1193137446250603
2025-02-06,2:40-2:50,4.76072666854634
2025-02-06,3:40-4:00,38.501218043563995
2025-02-06,5:50-6:10,25.262902979450473
2025-02-06,6:40-6:50,0.7470089849205124
2025-02-06,7:50-8:30,98.53024914066884
2025-02-06,11:00-11:10,25.030101792764185
2025-02-06,11:20-11:50,66.8220614007721
2025-02-06,12:00-12:20,111.15409564303377
2025-02-06,12:50-13:00,7.274505453523947
2025-02-06,14:10-14:20,2.3341258947716597
2025-02-06,15:00-15:10,7.454019926248748
2025-02-06,16:30-16:50,18.614639472341537
2025-02-06,17:10-17:50,23.467638215350917
2025-02-06,19:00-19:10,18.69466709542371
2025-02-06,20:10-20:20,1.2159360311832188
2025-02-06,21:00-21:20,28.197582601368254
2025-02-06,21:30-22:00,32.61593692585666
2025-02-06,22:30-22:50,34.463412609025
2025-02-06,23:00-23:10,8.869748432849292
2025-02-07,3:30-3:50,23.948015708685716
2025-02-07,17:50-18:00,0.5610777294575087
2025-02-07,20:40-20:50,27.094256473620987
2025-02-08,0:20-0:40,8.722070412874018
2025-02-08,0:50-1:00,8.545872912501864
2025-02-08,3:00-3:10,11.533604662123707
2025-02-08,3:50-4:30,49.0344840560428
2025-02-08,5:00-5:20,30.2554170777305
2025-02-08,16:00-16:10,6.05930128046441
2025-02-08,16:20-16:30,10.080087933407697
2025-02-08,16:40-16:50,3.7287594918479385
2025-02-08,17:40-17:50,1.6013327127527361
2025-02-08,18:00-18:10,24.25861175646463
2025-02-08,18:50-19:10,41.81616964567132
2025-02-08,20:30-20:40,18.330151994372898
2025-02-08,21:20-21:30,31.48044524938615
2025-02-08,22:00-22:10,5.320423790460325
2025-02-09,0:20-1:10,73.09181429765363
2025-02-09,1:30-1:40,19.784729685608113
2025-02-09,2:10-2:20,23.028291691644426
2025-02-09,4:00-4:10,16.87366092696493
2025-02-09,4:40-5:00,19.191888426462015
2025-02-09,5:40-6:30,103.44571965156274
2025-02-09,7:10-7:30,2.372555385306441
2025-02-09,9:10-9:30,58.266235898867876
2025-02-09,10:00-10:20,89.19802345685841
2025-02-09,10:30-12:00,624.298306711962
2025-02-09,12:40-13:20,157.16180982170687
2025-02-09,14:30-14:40,4.07550318333233
2025-02-09,16:00-16:10,6.715781975572554
2025-02-09,17:00-18:20,137.17899317505942
2025-02-09,19:00-19:20,4.89611625053783
2025-02-09,19:40-19:50,2.2077052801666923
2025-02-09,20:50-21:00,16.667251527614553
2025-02-09,21:20-21:40,40.94967121653167
2025-02-09,22:10-22:20,1.8007814608263288
2025-02-09,23:40-23:50,4.319911082164367
2025-02-10,0:00-0:40,22.920821967662278
2025-02-10,1:00-1:10,1.8069062072986526
2025-02-10,2:20-2:30,6.609051121621178
2025-02-10,2:40-2:50,5.198585513481589
2025-02-10,4:20-5:10,88.52170268604402
2025-02-10,5:30-6:40,152.58922566579236
2025-02-10,16:00-16:10,15.156274494092827
2025-02-10,16:40-16:50,19.936772299588597
2025-02-10,17:20-17:50,74.47373963787061
2025-02-10,18:40-19:00,83.30393874764184
2025-02-10,19:20-19:30,4.784803463605499
2025-02-10,20:40-20:50,5.813160217842324
2025-02-10,21:20-22:00,59.65644597910489
2025-02-10,23:00-23:40,38.62239262367552
2025-02-10,23:50-0:00+1,14.635142981146373
2025-02-11,0:00-0:10,3.197510491049343
2025-02-11,0:30-0:40,5.853130757517192
2025-02-11,1:30-1:40,3.8577380205988447
2025-02-11,2:00-2:20,20.800065206600266
2025-02-11,2:30-2:40,4.4861896041015825
2025-02-11,3:00-3:10,9.216212003760802
2025-02-11,4:20-4:30,3.218559023984085
2025-02-11,6:00-6:50,139.13092580447505
2025-02-11,16:30-17:00,17.645638276156888
2025-02-11,17:20-17:30,9.372658575336118
2025-02-11,17:40-17:50,21.537174133595613
2025-02-11,19:20-19:30,2.669099766598265
2025-02-11,20:10-20:30,25.97519583592282
2025-02-11,20:50-21:00,16.254164367155
2025-02-11,21:20-21:40,19.506761918324287
2025-02-11,23:00-23:10,7.841451987264577
2025-02-11,23:30-23:40,6.114162655968812
2025-02-12,0:40-0:50,4.092604478341173
2025-02-12,2:40-2:50,0.4533652219745363
2025-02-12,3:30-3:40,3.3690720398436724
2025-02-12,4:10-4:50,44.96532660134517
2025-02-12,6:00-6:30,171.62503701308617
2025-02-12,6:50-7:00,12.810661354542276
2025-02-12,15:30-15:50,35.87640125569226
2025-02-12,16:10-16:30,52.39099590743183
2025-02-12,16:50-17:00,11.931896457493622
2025-02-12,17:30-17:50,20.410054196490023
2025-02-12,18:00-18:30,34.61126176425546
2025-02-12,19:20-19:30,5.822323890104826
2025-02-12,19:50-20:00,19.71459739901445
2025-02-12,20:40-20:50,2.3742233708647973
2025-02-12,21:00-21:10,2.3681539381107086
2025-02-12,21:20-21:50,31.631915805974018
2025-02-12,22:30-23:30,75.82700294612334
2025-02-13,0:00-0:20,48.6697231562523
2025-02-13,0:30-0:50,39.4283625245414
2025-02-13,1:10-1:20,8.916733520697562
2025-02-13,1:40-1:50,5.949932382741736
2025-02-13,2:30-2:40,21.63239756247856
2025-02-13,3:10-3:20,29.786646928372534
2025-02-13,3:30-3:50,35.10591996499409
2025-02-13,4:50-5:10,9.955935483030203
2025-02-13,5:30-6:00,42.21311015953461
2025-02-13,6:10-6:30,59.535990385919035
2025-02-13,16:50-17:00,13.061953440752177
2025-02-13,17:30-17:50,59.924882353299495
2025-02-13,18:30-18:40,2.3100655274835162
2025-02-13,19:10-19:20,1.5778984604083917
2025-02-13,19:30-19:50,19.69257913730746
2025-02-13,20:50-21:10,47.71793939742918
2025-02-13,21:30-21:50,29.697834165904055
2025-02-13,22:30-22:50,17.116074395124883
2025-02-13,23:20-23:30,8.915329431540954
2025-02-14,3:30-3:40,8.54073082386708
2025-02-14,5:40-6:00,13.26135988686815
2025-02-14,18:00-18:10,12.111700049396347
2025-02-14,20:10-20:20,8.951713868444187
2025-02-15,0:50-1:00,5.904501901899266
2025-02-15,1:10-1:20,10.90929491782822
2025-02-15,2:10-2:50,62.55738605223479
2025-02-15,3:30-4:00,65.70713598619386
2025-02-15,4:40-5:00,39.0572273597752
2025-02-15,5:20-5:30,2.688752779999504
2025-02-15,6:00-6:20,55.35103385020136
2025-02-15,16:40-16:50,10.533478479586108
2025-02-15,17:10-17:30,20.47979536032227
2025-02-15,18:00-18:10,14.304169141588545
2025-02-15,19:40-19:50,28.60999089840442
2025-02-15,20:50-21:50,73.1769841613002
2025-02-15,22:30-22:50,16.064469474313682
2025-02-15,23:00-23:30,44.529128748076346
2025-02-16,0:00-0:10,30.54993418944855
2025-02-16,0:30-1:10,83.50252929905878
2025-02-16,1:20-1:50,77.29702883156051
2025-02-16,2:30-2:50,77.95028463264703
2025-02-16,3:20-3:50,82.34832544474739
2025-02-16,4:10-4:30,48.12648318012498
2025-02-16,4:50-5:00,28.65558891835485
2025-02-16,5:20-5:30,51.24437634951437
2025-02-16,5:50-6:50,135.7947106822752
2025-02-16,10:10-12:10,911.4271734575198
2025-02-16,12:40-12:50,5.914862917188316
2025-02-16,13:00-13:10,24.914400360153593
2025-02-16,16:10-16:30,23.35251911655223
2025-02-16,16:40-17:00,104.41550959353617
2025-02-16,17:20-17:50,139.81679154328253
2025-02-16,18:20-18:30,0.006035889987288101
2025-02-16,18:50-19:10,13.542041238140769
2025-02-16,19:50-20:10,25.0116566403334
2025-02-16,21:30-22:00,39.552016351396674
2025-02-16,22:30-23:00,70.63692197752835
2025-02-16,23:20-23:50,45.83484067214772
2025-02-17,0:40-1:10,32.26976605928644
2025-02-17,1:30-1:50,42.69553490872909
2025-02-17,2:00-2:20,46.938749562011594
2025-02-17,2:40-2:50,7.373624206449108
2025-02-17,3:00-3:20,19.50417920325549
2025-02-17,3:40-3:50,3.3142073571510764
2025-02-17,4:20-4:30,16.35138745052086
2025-02-17,5:10-5:20,0.058829801803995
2025-02-17,6:00-6:10,9.050755327836555
2025-02-17,6:50-7:00,7.188841490093068
2025-02-17,12:10-12:20,47.13093281431679
2025-02-17,16:50-17:20,86.39621189014167
2025-02-17,17:30-17:50,33.21536631018432
2025-02-17,18:30-18:50,17.096671552981775
2025-02-17,19:00-19:10,3.003368111033069
2025-02-17,20:00-20:10,3.6023336116750215
2025-02-17,21:00-21:10,8.641555529107563
2025-02-17,21:20-21:40,9.719200128752277
2025-02-17,22:10-22:20,2.860117049909036
2025-02-17,22:30-22:40,5.828910324293929
2025-02-17,22:50-23:30,82.06853731598324
2025-02-18,0:00-0:10,0.626013251553104
2025-02-18,0:40-1:30,96.6150951877114
2025-02-18,1:50-2:00,27.073548582820877
2025-02-18,3:00-3:20,40.80806302729661
2025-02-18,3:40-4:10,34.27317690560005
2025-02-18,4:20-4:40,19.55488288624565
2025-02-18,4:50-5:00,14.24363748887879
2025-02-18,5:10-5:30,13.977617217897432
2025-02-18,5:50-6:30,75.54086077079523
2025-02-18,8:30-8:40,9.919054786946504
2025-02-18,10:50-11:00,26.694548574611872
2025-02-18,12:10-12:20,38.19247400825259
2025-02-18,12:50-13:00,9.355896867785404
2025-02-18,13:30-13:40,10.281924459652203
2025-02-18,14:50-15:00,8.518097281619703
2025-02-18,16:50-17:00,15.150579736850318
2025-02-18,17:20-17:50,98.39411496520745
2025-02-18,18:30-18:50,14.387352640666109
2025-02-18,19:50-20:40,67.80248832208974
2025-02-18,21:00-21:10,10.9848891188783
2025-02-18,22:00-22:10,15.906946638052887
2025-02-18,22:50-23:00,3.221884212219834
2025-02-18,23:20-23:30,15.622217323566929
2025-02-19,0:00-0:10,0.9092036428223764
2025-02-19,0:50-1:30,65.42215210050995
2025-02-19,1:40-2:10,81.77673804595281
2025-02-19,2:20-2:30,27.486702287976186
2025-02-19,2:40-3:10,104.05319069811378
2025-02-19,3:20-3:30,3.7132039225842846
2025-02-19,4:30-5:10,46.16683674902822
2025-02-19,5:50-6:00,30.060804489447833
2025-02-19,6:20-6:30,66.18882487315761
2025-02-19,13:20-13:30,20.96375000000012
2025-02-19,15:00-15:10,3.266342367805237
2025-02-19,15:20-15:30,5.2860957122125
2025-02-19,17:20-17:40,39.906126687131064
2025-02-19,18:00-18:20,22.80157993687783
2025-02-19,19:50-20:20,47.3849128507436
2025-02-19,20:40-21:10,33.67039440626331
2025-02-19,21:20-22:10,58.80723448631045
2025-02-19,22:20-22:50,50.99490601648779
2025-02-19,23:30-0:00+1,101.20353143614534
2025-02-20,0:10-1:10,112.06923834072427
2025-02-20,1:20-1:30,0.2644624451534128
2025-02-20,2:20-2:30,6.772127601111265
2025-02-20,2:40-3:00,41.99494592392284
2025-02-20,3:40-4:20,82.81849685277837
2025-02-20,4:30-4:50,21.19254002435264
2025-02-20,5:20-5:30,19.697645863071557
2025-02-20,5:40-6:20,67.08531635108079
2025-02-20,8:30-8:40,9.897885208281423
2025-02-20,10:10-10:20,14.269829797350951
2025-02-20,10:30-11:00,42.29289934683722
2025-02-20,11:50-12:00,27.975432760851618
2025-02-20,17:00-17:50,161.138607182378
2025-02-20,18:10-18:40,56.11364629596915
2025-02-20,20:00-20:30,32.70970865889831
2025-02-20,20:50-21:10,35.94071174070791
2025-02-20,22:10-22:20,4.1469735056882655
2025-02-20,22:50-23:20,73.46767345640376
2025-02-21,0:00-0:10,3.1013140039874543
2025-02-21,0:30-1:00,44.653826620313794
2025-02-21,1:20-1:30,4.384336402954432
2025-02-21,1:50-2:10,73.68143659617363
2025-02-21,3:50-4:10,25.329548037091683
2025-02-21,4:20-4:30,20.34620869196459
2025-02-21,4:50-5:00,16.10256354526433
2025-02-21,5:20-5:30,42.96202668088745
2025-02-21,5:40-5:50,2.5237652407353153
2025-02-21,17:30-18:30,73.96135994048029
2025-02-21,19:20-19:40,44.23419716202835
2025-02-21,20:50-21:10,42.287235202186594
2025-02-21,21:40-21:50,6.063869786192981
2025-02-21,22:30-23:20,55.92909922961991
2025-02-21,23:40-0:00+1,63.278814636050356
2025-02-22,0:50-1:10,14.034674683163871
2025-02-22,1:50-2:10,81.54049747792544
2025-02-22,2:30-2:50,59.37584365167976
2025-02-22,3:00-4:20,183.58449422731104
2025-02-22,10:10-10:30,76.9130652759087
2025-02-22,15:40-16:00,65.16583957720916
2025-02-22,17:10-18:00,151.9004558410307
2025-02-22,19:10-19:20,4.072354508380386
2025-02-22,19:30-19:40,6.88004206209456
2025-02-22,20:00-20:20,12.04529738680526
2025-02-22,21:20-21:30,24.47795208695561
2025-02-22,22:50-23:10,9.376553256193574
2025-02-22,23:20-0:00+1,64.95385594515943
2025-02-23,0:00-0:40,73.65528467001286
2025-02-23,1:10-1:40,88.11411984151016
2025-02-23,2:00-2:40,51.64192052374915
2025-02-23,3:00-3:20,97.4316736335636
2025-02-23,4:20-4:40,66.44384586573165
2025-02-23,5:00-5:30,102.75863857184106
2025-02-23,5:50-6:20,76.7091674699368
2025-02-23,6:30-6:40,11.179491441366963
2025-02-23,7:40-7:50,7.105120777332786
2025-02-23,8:00-8:20,10.077988675783672
2025-02-23,10:10-10:20,33.41670397810566
2025-02-23,12:20-12:30,15.984806327615274
2025-02-23,13:40-13:50,13.489265514437314
2025-02-23,15:30-15:40,13.618299987485102
2025-02-23,17:10-17:50,78.60436834476081
2025-02-23,18:00-18:20,30.423195769052086
2025-02-23,19:30-19:50,49.46187955575908
2025-02-23,20:00-20:40,44.01486216720991
2025-02-23,21:00-21:30,31.872307705555613
2025-02-23,21:40-22:00,48.468412470021235
2025-02-23,22:10-22:30,26.430825067490787
2025-02-23,22:50-23:30,78.17896840295964
2025-02-24,0:30-0:50,80.05452150256701
2025-02-24,1:00-1:30,39.35943321825971
2025-02-24,2:00-2:10,20.58866179463803
2025-02-24,2:50-3:20,67.39474508684373
2025-02-24,3:40-3:50,0.3302473904195722
2025-02-24,6:00-6:20,103.04078053998694
2025-02-24,6:40-6:50,17.568082205102655
2025-02-24,15:30-15:50,11.127793505727368
2025-02-24,16:30-18:10,238.02412612461433
2025-02-24,20:10-21:00,139.39089722785945
2025-02-24,21:30-21:50,18.7858027259457
2025-02-24,22:00-22:20,25.84297343058404
2025-02-24,22:40-22:50,9.787594890733317
2025-02-24,23:10-23:20,0.20082596825557175
2025-02-25,0:00-0:20,25.351719148635084
2025-02-25,0:50-1:20,68.89480535190819
2025-02-25,2:00-3:10,132.9353675039074
2025-02-25,5:40-6:00,99.24144649107325
2025-02-25,6:10-6:30,67.36021224666875
2025-02-25,17:30-17:50,53.80624352014513
2025-02-25,18:50-19:00,28.863892262206264
2025-02-25,20:40-20:50,2.8674288682827864
2025-02-25,21:00-21:20,35.292592783574605
2025-02-25,21:40-22:40,86.6622899296625
2025-02-25,23:10-23:40,38.59690970535712
2025-02-26,0:10-0:30,31.34333249695578
2025-02-26,1:00-1:40,71.31013181461117
2025-02-26,2:10-2:40,85.26443247224768
2025-02-26,2:50-3:30,77.11958940572538
2025-02-26,4:10-4:30,24.237444479830287
2025-02-26,5:10-5:30,22.27111754798773
2025-02-26,5:50-6:40,71.64012294972827
2025-02-26,10:50-11:00,5.836959900959073
2025-02-26,12:20-13:00,126.15430118125619
2025-02-26,14:50-15:30,136.6025940068477
2025-02-26,15:50-16:10,34.728220555701455
2025-02-26,16:50-17:10,61.62651292462408
2025-02-26,17:30-17:50,85.24951852539175
2025-02-26,18:10-18:30,32.47895484856531
2025-02-26,19:40-20:10,44.30624044240619
2025-02-26,21:20-21:30,6.619565444740147
2025-02-26,22:20-22:30,16.00218758196104
2025-02-26,23:10-23:30,25.505014735270265
2025-02-26,23:50-0:00+1,10.052824993327135
2025-02-27,1:00-1:30,30.069085248820556
2025-02-27,2:20-2:30,3.6984220145272957
2025-02-27,3:20-3:50,33.806878722400256
2025-02-27,4:10-4:20,9.47018659748835
2025-02-27,6:00-6:20,42.30415239547244
2025-02-27,8:00-8:20,52.74556405368617
2025-02-27,8:50-9:00,21.07242710186182
2025-02-27,10:10-10:20,47.78136475731431
2025-02-27,15:20-15:40,52.3956058366183
2025-02-27,17:20-17:50,58.286722698660355
2025-02-27,18:00-18:40,92.14629435670622
2025-02-27,20:20-20:50,17.557315538444527
2025-02-27,21:10-21:20,25.745553743666846
2025-02-27,21:50-22:00,2.1610299735025364
2025-02-27,22:40-22:50,1.7715535961378919
2025-02-28,0:10-0:30,30.967134179007644
2025-02-28,1:00-1:20,62.7957492501954
2025-02-28,1:30-1:40,22.855885299153442
2025-02-28,3:10-3:20,10.6045311208959
2025-02-28,3:50-4:20,30.077027125979612
2025-02-28,4:30-4:50,33.06378344652677
2025-02-28,5:00-5:20,41.16623617035583
2025-02-28,6:10-6:20,6.7053797312062215
2025-02-28,17:50-18:00,4.825629905408164
2025-02-28,18:30-18:40,20.95319819321145
2025-02-28,19:50-20:00,1.2525220680944358
2025-02-28,20:20-20:30,29.256965876989455
2025-02-28,20:50-21:10,23.31813397166792
2025-02-28,21:30-21:50,41.24849537336274
2025-02-28,22:50-23:40,77.95546194380597
2025-03-01,0:00-0:10,15.82226278811413
2025-03-01,8:50-9:00,26.14122042038605
2025-03-01,18:10-18:30,68.60848309637703
2025-03-01,19:00-19:20,19.720067520277382
2025-03-01,20:50-21:20,22.270537551435837
2025-03-01,21:50-22:00,20.86487535920884
2025-03-01,22:20-22:30,6.416258965153702
2025-03-01,23:10-23:30,8.398666430497997
2025-03-02,0:50-1:00,12.241589616627152
2025-03-02,11:00-11:20,194.29228086531054
2025-03-02,11:30-15:20,3169.6082702531057
2025-03-02,15:40-15:50,7.835790042604572
2025-03-02,16:30-16:40,11.64442919420776
2025-03-02,17:00-18:20,230.0321780317454
2025-03-02,18:40-19:00,7.507360263769556
2025-03-02,19:30-19:40,3.784934925534685
2025-03-02,20:50-21:40,80.03937983089281
2025-03-02,22:30-22:50,27.66325713829849
2025-03-02,23:00-23:20,25.408191340451708
2025-03-02,23:30-23:50,40.27925242190406
2025-03-03,0:10-0:20,6.2433112235933095
2025-03-03,0:30-0:50,23.12532140454755
2025-03-03,1:30-2:00,34.30972668332333
2025-03-03,2:30-2:40,5.158611130418876
2025-03-03,3:20-3:40,12.89536250608694
2025-03-03,5:50-6:00,2.963798389744966
2025-03-03,8:00-8:10,0.44978792522283584
2025-03-03,8:30-10:40,840.0309490753467
2025-03-03,10:50-12:00,718.8522668580556
2025-03-03,12:10-12:50,94.3732117810722
2025-03-03,13:00-13:10,12.045279143271571
2025-03-03,13:30-15:30,975.1961802610012
2025-03-03,15:50-16:20,103.09662286715286
2025-03-03,16:30-16:40,27.480001037778038
2025-03-03,17:10-17:20,0.39803571139088945
2025-03-03,17:30-17:40,16.87290201689609
2025-03-03,18:50-19:10,33.273940045081304
2025-03-03,20:30-21:00,71.35895608902126
2025-03-03,21:10-21:40,87.13241708296528
2025-03-03,21:50-22:10,10.238684762634193
2025-03-03,22:20-22:40,16.271048756204323
2025-03-03,23:30-23:50,16.376266083046403
2025-03-04,0:20-1:20,76.38046027298947
2025-03-04,1:40-2:00,68.92661969627989
2025-03-04,8:00-8:20,89.61557382262163
2025-03-04,9:00-9:10,0.6012438145629062
2025-03-04,10:00-10:30,54.87375967965473
2025-03-04,10:50-12:30,817.7388559170632
2025-03-04,13:40-13:50,15.211945710760034
2025-03-04,14:00-14:20,5.033630449653231
2025-03-04,15:40-16:10,36.87831825852459
2025-03-04,20:10-20:30,23.24315622204756
2025-03-04,20:50-21:50,37.113107466580914
2025-03-04,22:20-22:30,24.749118107351023
2025-03-04,22:50-0:00+1,114.89059598607548
2025-03-05,0:00-0:10,6.844000762534506
2025-03-05,0:40-1:00,25.2105288925095
2025-03-05,5:50-6:00,11.408051305631147
2025-03-05,12:00-14:10,539.5679942280238
2025-03-05,14:50-15:00,7.367138075106368
2025-03-05,17:30-17:40,22.852801707041067
2025-03-05,19:10-19:20,5.825912261066378
2025-03-05,19:50-20:00,8.75432020466667
2025-03-05,20:20-20:40,21.96808089191154
2025-03-05,21:10-21:30,15.965740108334217
2025-03-05,22:00-22:20,32.53950499442715
2025-03-05,22:30-22:50,35.78171536457444
2025-03-05,23:50-0:00+1,24.37086581873575
2025-03-06,0:00-0:10,2.6012718764120564
2025-03-06,0:20-0:40,62.72979210074368
2025-03-06,1:50-2:00,15.53013463578327
2025-03-06,2:30-2:40,10.60446352202348
2025-03-06,11:10-11:50,220.24606610752232
2025-03-06,12:10-12:40,101.47551551845459
2025-03-06,13:30-14:40,254.9528430702509
2025-03-06,14:50-16:20,312.55010198969416
2025-03-06,17:30-17:50,75.08994098555627
2025-03-06,18:00-18:10,13.443653063668648
2025-03-06,18:50-19:00,3.013439693012856
2025-03-06,20:50-21:10,15.14638146281061
2025-03-06,22:20-23:30,123.8571011629632
2025-03-06,23:40-0:00+1,39.67604577877603
2025-03-07,0:00-0:10,25.20845828798724
2025-03-07,13:40-13:50,2.8762541701121336
2025-03-07,14:00-14:20,77.51112839001149
2025-03-07,15:00-15:20,50.76592286671095
2025-03-07,15:30-16:10,239.21419420712667
2025-03-07,17:00-17:10,1.9721945484724301
2025-03-07,17:40-17:50,15.382537204368532
2025-03-07,20:50-21:00,6.150447200664075
2025-03-07,21:40-22:00,57.19810124488049
2025-03-07,22:10-22:30,27.087490534087863
2025-03-07,23:20-23:40,35.339653652548634
2025-03-08,1:40-1:50,4.875096733334146
2025-03-08,2:00-2:10,0.09660129593862621
2025-03-08,4:30-4:50,19.472976922090936
2025-03-08,18:40-18:50,15.488788904793978
2025-03-08,21:30-21:40,20.200584230262166
2025-03-08,22:30-22:50,50.226066128643595
2025-03-08,23:10-23:20,10.517744106442876
2025-03-09,0:30-0:40,3.424270558912667
2025-03-09,1:30-1:40,12.757186622400468
2025-03-09,1:50-2:20,65.96080821828855
2025-03-09,3:00-3:10,4.05055651267844
2025-03-09,3:20-3:30,21.38333611775613
2025-03-09,3:40-4:00,36.85390786009839
2025-03-09,4:40-5:00,17.5901385783651
2025-03-09,7:50-8:10,18.895241136121058
2025-03-09,11:10-11:20,23.722461118836463
2025-03-09,15:00-15:10,9.609261244545678
2025-03-09,17:40-17:50,1.0791560129563322
2025-03-09,18:20-18:40,12.869697910531386
2025-03-09,18:50-19:00,2.2630015813233513
2025-03-09,20:10-20:20,1.1580712882015405
2025-03-09,20:50-21:00,16.16512124679457
2025-03-09,21:20-22:10,72.02387425760526
2025-03-09,23:30-23:40,5.533713290306423
2025-03-10,0:00-0:30,18.71901446680772
2025-03-10,0:40-1:20,131.24125061831978
2025-03-10,2:00-2:30,56.06747913313302
2025-03-10,3:20-3:30,4.360733496699481
2025-03-10,4:10-5:00,118.21924404691083
2025-03-10,5:30-5:40,7.607426694677997
2025-03-10,10:50-13:30,2001.1016479032498
2025-03-10,13:50-14:00,35.78579180416122
2025-03-10,16:50-17:00,21.067571978961723
2025-03-10,17:50-18:10,15.67850540629263
2025-03-10,18:20-18:30,1.2904872310022029
2025-03-10,18:50-19:00,9.103255063273195
2025-03-10,19:20-20:00,104.23204157378655
2025-03-10,21:10-21:30,40.29470133191353
2025-03-10,21:50-22:00,6.815764061731102
2025-03-10,22:20-22:50,60.45738663187694
2025-03-10,23:00-23:30,68.70132672001614
2025-03-11,0:00-0:40,45.324230431018805
2025-03-11,1:00-1:40,74.27617529562917
2025-03-11,4:50-5:30,41.35703676499918
2025-03-11,10:00-10:20,71.47356383621792
2025-03-11,11:00-12:00,287.6114927638795
2025-03-11,13:50-14:10,67.20309701021574
2025-03-11,14:30-15:40,354.4598390782766
2025-03-11,16:00-16:10,13.539086580379944
2025-03-11,17:40-17:50,30.600995438652262
2025-03-11,18:00-18:20,19.939556290781752
2025-03-11,19:20-19:30,23.189251546319042
2025-03-11,19:50-20:00,9.07722562804338
2025-03-11,21:00-21:30,69.22218979094885
2025-03-11,22:00-22:20,48.720726096348585
2025-03-11,22:30-22:50,34.980181079208364
2025-03-12,0:10-0:40,39.89641676817109
2025-03-12,1:30-2:10,102.75427291448364
2025-03-12,2:50-3:10,39.03413295399071
2025-03-12,3:30-3:50,61.30795294557379
2025-03-12,4:30-5:00,37.212916894769705
2025-03-12,5:30-5:40,26.203122038835772
2025-03-12,11:10-11:30,84.49441613791828
2025-03-12,14:00-14:10,7.739908101102266
2025-03-12,14:50-15:00,9.410824312731734
2025-03-12,15:50-16:10,36.15197759544941
2025-03-12,16:40-16:50,35.234085823349005
2025-03-12,17:20-17:40,27.60243067485783
2025-03-12,17:50-18:10,54.53622251581476
2025-03-12,18:20-18:30,3.059130285470701
2025-03-12,20:10-20:20,5.3780209872425075
2025-03-12,21:40-23:30,198.99001711940923
2025-03-13,0:00-0:40,87.03729615460816
2025-03-13,1:40-2:00,26.099114471125517
2025-03-13,2:40-3:10,55.690946903764825
2025-03-13,4:30-5:00,33.36836293206568
2025-03-13,5:40-6:10,90.20325777462506
2025-03-13,9:50-14:00,4305.6991858675665
2025-03-13,14:40-15:00,33.88134713604177
2025-03-13,15:20-15:30,4.998987555376914
2025-03-13,16:10-16:20,2.857474558755257
2025-03-13,16:40-17:20,117.31102637092272
2025-03-13,17:40-17:50,15.458111591854731
2025-03-13,18:00-18:10,8.398761622748339
2025-03-13,19:00-19:20,37.59904262385464
2025-03-13,19:30-19:50,86.38499111409146
2025-03-13,20:40-21:00,21.681871849482036
2025-03-13,21:50-22:30,87.70891420015198
2025-03-13,23:00-23:40,68.25446305071057
2025-03-14,0:20-0:30,0.7872109657944293
2025-03-14,0:50-1:00,41.391017827789256
2025-03-14,1:20-2:20,85.15107499779702
2025-03-14,2:40-3:10,68.75136687659403
2025-03-14,4:40-4:50,0.20171479769840062
2025-03-14,14:20-15:00,176.62190156063866
2025-03-14,15:30-15:40,18.976816580554228
2025-03-14,15:50-16:00,7.736019963026244
2025-03-14,18:20-18:30,10.599925650414662
2025-03-14,19:30-19:50,11.311782090442307
2025-03-14,21:50-22:00,8.833953438075241
2025-03-14,22:30-22:40,5.127376908472002
2025-03-14,22:50-23:00,18.310639162233542
2025-03-14,23:10-23:20,4.623079494053513
2025-03-14,23:30-23:40,19.856183601251757
2025-03-14,23:50-0:00+1,0.8513503637080362
2025-03-15,0:00-0:50,136.44266834960763
2025-03-15,1:00-1:20,32.61459920322994
2025-03-15,2:30-2:50,31.55491542767652
2025-03-15,4:20-4:30,31.02774626496864
2025-03-15,5:00-5:30,80.53453380091821
2025-03-15,18:00-18:30,67.1697201475829
2025-03-15,19:10-19:20,5.304719886480768
2025-03-15,20:10-20:20,6.69925053957229
2025-03-15,20:30-21:00,66.89987875196334
2025-03-15,21:10-21:40,16.61951241678389
2025-03-15,21:50-22:20,16.976040350438893
2025-03-15,22:40-23:00,37.491153746569466
2025-03-15,23:10-0:00+1,129.51636522811089
2025-03-16,0:00-0:20,7.94007314383839
2025-03-16,0:50-1:30,101.49051665854404
2025-03-16,2:00-2:20,10.272450540208297
2025-03-16,2:30-3:20,73.1479824390425
2025-03-16,3:30-3:50,22.315701573259503
2025-03-16,4:20-4:40,47.956360578123736
2025-03-16,5:10-6:20,254.2896083694152
2025-03-16,7:20-7:50,132.371978126256
2025-03-16,12:40-12:50,4.620142640621793
2025-03-16,13:10-13:20,12.114316666666582
2025-03-16,14:50-15:00,5.943796282829226
2025-03-16,15:20-15:40,70.82289005748669
2025-03-16,15:50-16:20,40.48169969219373
2025-03-16,16:40-17:00,73.53892758315385
2025-03-16,17:20-18:10,70.66609858504637
2025-03-16,18:20-18:30,2.4789974154359697
2025-03-16,20:50-21:00,3.9259214936248554
2025-03-16,21:30-21:40,12.853338747662747
2025-03-16,21:50-22:00,14.292622117559745
2025-03-16,22:10-22:50,52.10478928046757
2025-03-16,23:30-0:00+1,64.44565780392031
2025-03-17,0:20-0:40,14.309349746756652
2025-03-17,1:10-1:30,12.558351857018806
2025-03-17,1:50-2:20,48.825816398237976
2025-03-17,2:30-2:40,8.698581892311381
2025-03-17,2:50-3:00,4.632980686614246
2025-03-17,3:50-4:10,57.43624119165918
2025-03-17,4:30-4:40,14.70266123210854
2025-03-17,5:10-5:30,40.69654433671701
2025-03-17,5:50-6:10,74.56071226588915
2025-03-17,16:10-16:20,12.835161632154268
2025-03-17,18:00-18:10,15.688604503256556
2025-03-17,18:40-18:50,12.616082426834737
2025-03-17,19:40-20:00,43.970013918849304
2025-03-17,20:20-20:40,55.286588243176425
2025-03-17,20:50-21:10,10.406504338628338
2025-03-17,21:30-21:50,6.9584647318810084
2025-03-17,23:20-23:30,0.9378576664944376
2025-03-18,0:20-0:30,12.000305061524614
2025-03-18,2:00-2:20,8.29597462262575
2025-03-18,3:10-3:20,0.30807799821047865
2025-03-18,3:50-4:00,14.552735375338443
2025-03-18,4:20-4:50,78.35008453214573
2025-03-18,5:10-5:30,6.191728295366374
2025-03-18,7:30-7:50,27.08312184817487
2025-03-18,17:30-17:50,11.673927175401332
2025-03-18,19:10-19:20,4.5385306823794735
2025-03-18,21:40-22:00,29.7369930641853
2025-03-18,22:10-22:30,7.911013124060332
2025-03-18,22:50-23:00,35.94199542334866
2025-03-18,23:30-0:00+1,54.1557188756168
2025-03-19,0:40-0:50,0.6281645386789023
2025-03-19,1:50-2:10,61.03376952699773
2025-03-19,2:40-3:00,18.2125072766612
2025-03-19,3:30-3:40,1.8895050527182775
2025-03-19,4:30-4:50,17.56099288551684
2025-03-19,5:30-6:10,87.55364034177853
2025-03-19,7:40-7:50,10.51246882493399
2025-03-19,14:40-14:50,30.77136589654299
2025-03-19,16:50-17:00,14.838025630697189
2025-03-19,17:20-17:50,16.43113850326813
2025-03-19,21:20-21:50,31.55024739337
2025-03-20,0:20-0:30,16.035142189291037
2025-03-20,1:00-1:30,52.3573667049327
2025-03-20,3:00-3:30,42.049214278138265
2025-03-20,4:30-4:40,3.647067525790021
2025-03-20,5:00-5:10,2.6728598589872945
2025-03-20,5:50-6:10,101.1304381541546
2025-03-20,14:40-15:00,40.02960430950439
2025-03-20,15:20-16:10,258.52855578662775
2025-03-20,16:50-17:10,8.90940516235571
2025-03-20,18:10-18:20,0.06198861753944129
2025-03-20,18:50-19:10,18.31438759201592
2025-03-20,19:40-19:50,1.0834719384540676
2025-03-20,20:10-20:20,4.225653335133188
2025-03-20,21:10-21:50,52.85932356090268
2025-03-20,23:30-0:00+1,46.078900495765765
2025-03-21,0:00-0:40,62.31140474398444
2025-03-21,1:00-1:20,58.12278442472939
2025-03-21,2:20-2:50,69.12635119117118
2025-03-21,3:30-3:40,18.31553632797761
2025-03-21,4:20-4:30,0.4410686885881887
2025-03-21,5:30-5:40,17.06851395337344
2025-03-21,18:00-18:10,2.997319729446076
2025-03-21,18:50-19:00,7.2538746576937
2025-03-21,20:20-20:30,11.974959688141325
2025-03-21,21:30-21:40,4.97940915017648
2025-03-21,22:10-22:40,42.59974649799915
2025-03-21,22:50-23:00,0.9012701865195254
2025-03-21,23:10-23:30,20.6817347838778
2025-03-22,0:50-1:00,11.999018374802517
2025-03-22,1:30-1:50,18.819443849592403
2025-03-22,3:20-3:30,16.906053440210087
2025-03-22,4:40-5:00,48.64959824571923
2025-03-22,5:30-5:50,11.850156474678613
2025-03-22,15:50-16:10,11.18525700500939
2025-03-22,19:40-19:50,0.056920688958427945
2025-03-22,22:20-22:40,25.016283533678177
2025-03-22,23:00-23:30,92.45869547822548
2025-03-22,23:50-0:00+1,4.7812461852736305
2025-03-23,0:30-1:00,45.41310485303961
2025-03-23,1:20-1:30,13.65462149740847
2025-03-23,2:20-2:50,29.458263354308315
2025-03-23,3:10-3:40,25.374581209535563
2025-03-23,4:00-4:20,70.55634221815967
2025-03-23,4:40-5:20,86.68562657299151
2025-03-23,5:50-6:20,148.44662879861824
2025-03-23,9:20-9:30,57.22078982001425
2025-03-23,17:10-17:50,14.777068503903934
2025-03-23,19:10-19:50,80.34110198656936
2025-03-23,20:20-20:30,35.66561516672414
2025-03-23,20:50-21:00,30.91282769855775
2025-03-23,21:20-21:30,2.93370877756513
2025-03-23,21:50-22:10,13.666344330393713
2025-03-24,0:00-0:20,19.752068330277552
2025-03-24,1:40-1:50,1.459315267802026
2025-03-24,2:20-2:30,9.386914116168327
2025-03-24,2:50-3:10,10.594906123110945
2025-03-24,3:30-3:40,6.125638065596945
2025-03-24,4:10-4:20,13.177193652922483
2025-03-24,4:50-5:20,103.3450906394894
2025-03-24,5:40-6:10,109.25601314361882
2025-03-24,14:40-15:20,200.50152264989163
2025-03-24,17:20-17:30,8.23731208979018
2025-03-24,18:00-18:10,17.117472158456962
2025-03-24,18:20-18:30,3.2557245718679724
2025-03-24,22:10-22:20,9.621765384815149
2025-03-24,22:40-23:10,87.77781650591612
2025-03-24,23:30-0:00+1,89.79113293908642
2025-03-25,0:10-0:20,9.868659022832617
2025-03-25,0:50-1:00,26.39684864049468
2025-03-25,1:20-2:20,59.81227232920503
2025-03-25,2:30-3:20,72.0290074115527
2025-03-25,3:40-4:10,84.300832057957
2025-03-25,5:10-5:20,5.261100309167318
2025-03-25,5:30-6:30,151.0077740170259
2025-03-25,9:10-9:20,12.7840915992889
2025-03-25,11:30-11:40,3.1513463229737226
2025-03-25,15:00-15:10,28.664387308746086
2025-03-25,19:10-19:40,25.884978133980894
2025-03-25,20:10-20:30,7.193386556313271
2025-03-25,21:00-21:30,43.870151509152834
2025-03-25,22:30-22:50,33.122464017182324
2025-03-25,23:10-23:30,44.544869800721244
2025-03-26,0:20-0:40,43.02282873675995
2025-03-26,1:30-1:40,4.56890928878795
2025-03-26,2:20-2:30,1.523260481199486
2025-03-26,3:10-3:20,18.650396898367603
2025-03-26,3:40-4:30,62.62832475481912
2025-03-26,5:10-6:00,93.77949138640633
2025-03-26,7:30-7:50,5.125169053194327
2025-03-26,19:50-20:00,1.517651492991149
2025-03-26,21:30-21:40,18.962318920838925
2025-03-26,22:00-22:20,33.45016671038934
2025-03-26,22:30-22:40,3.3266016667312215
2025-03-26,23:20-0:00+1,44.12400371027093
2025-03-27,0:30-0:40,7.349363554347292
2025-03-27,2:00-2:50,200.56171670456115
2025-03-27,3:50-5:10,121.47886964258043
2025-03-27,5:30-5:50,34.90728704557671
2025-03-27,6:20-6:30,5.529459811570177
2025-03-27,15:00-15:10,8.394310106622584
2025-03-27,15:40-15:50,0.5178374146002511
2025-03-27,16:10-16:50,88.13046176778619
2025-03-27,18:50-19:00,17.906314490848445
2025-03-27,21:30-21:50,96.65622743936854
2025-03-27,22:20-23:30,107.77491174374825
2025-03-27,23:50-0:00+1,0.9691772903399283
2025-03-28,0:40-0:50,41.05148153247637
2025-03-28,1:00-1:10,40.21681972895999
2025-03-28,1:50-2:20,26.910981032957977
2025-03-28,3:00-3:20,16.25838664700018
2025-03-28,5:20-5:30,9.403740840127853
2025-03-28,7:30-7:50,51.2338273757984
2025-03-28,21:00-21:20,43.46678549194394
2025-03-28,22:40-22:50,8.565270553844016
2025-03-28,23:30-0:00+1,72.39516588889927
2025-03-29,0:00-0:10,7.1367731031141375
2025-03-29,0:40-0:50,15.211898679527394
2025-03-29,1:00-1:30,68.78630083688205
2025-03-29,2:00-2:20,78.0299529918899
2025-03-29,2:50-3:00,12.685777592387694
2025-03-29,4:10-4:20,7.256507492989215
2025-03-29,4:50-5:00,7.962864319671894
2025-03-29,18:00-18:10,5.182901063446934
2025-03-29,19:50-20:10,46.034350130293774
2025-03-29,21:50-22:00,7.9783383738799785
2025-03-29,22:40-23:00,20.178592508270413
2025-03-30,0:00-0:20,20.99326958702568
2025-03-30,1:40-2:20,75.73786007877652
2025-03-30,3:00-3:10,5.443198075156715
2025-03-30,3:30-4:10,84.63952749970451
2025-03-30,4:50-5:40,102.70373055547248
2025-03-30,16:50-17:00,7.560216482100486
2025-03-30,18:10-18:30,23.097867726560708
2025-03-30,19:00-19:20,29.49473982600125
2025-03-30,22:00-22:20,33.327710907645496
2025-03-30,22:40-22:50,0.11710856000661352
2025-03-30,23:20-23:40,26.681062670249503
2025-03-30,23:50-0:00+1,2.324826465421552
2025-03-31,0:00-1:00,99.28935530900708
2025-03-31,1:40-1:50,11.071344792563764
2025-03-31,2:00-2:10,3.746419770289549
2025-03-31,4:40-4:50,20.66649301897405
2025-03-31,5:40-6:00,50.14888876261807
2025-03-31,12:10-12:20,28.136237913118975
2025-03-31,13:00-13:20,59.13546358062237
2025-03-31,13:30-13:50,71.93569039678096
2025-03-31,14:10-14:20,1.188675226001024
2025-03-31,14:30-14:40,3.4264099739645246
2025-03-31,15:40-15:50,21.227000992622038
2025-03-31,16:30-17:00,88.52201806405287
2025-03-31,17:30-17:40,0.5663588348975281
2025-03-31,19:20-19:30,1.4883924624358542
2025-03-31,20:50-21:00,30.5893560686809
2025-03-31,21:20-22:00,44.98617286025967
2025-03-31,23:20-23:30,21.731110693564915
2025-04-01,0:00-0:10,7.823370673465661
2025-04-01,0:40-0:50,13.944904767183061
2025-04-01,1:10-1:30,36.52370953779132
2025-04-01,1:50-2:10,22.365965724826083
2025-04-01,2:20-3:00,102.35919061789787
2025-04-01,3:20-3:50,56.16733473060117
2025-04-01,4:20-5:40,128.714734880901
2025-04-01,11:10-11:30,12.214662700035433
2025-04-01,11:40-13:50,854.5058266256767
2025-04-01,15:10-15:20,7.9297277706844795
2025-04-01,15:50-16:00,3.642327349829486
2025-04-01,17:30-17:50,40.047246964858914
2025-04-01,18:00-18:10,1.0592083569770239
2025-04-01,19:10-19:20,3.437880926656362
2025-04-01,19:30-19:50,11.253349607991936
2025-04-01,20:00-20:20,70.20303624777432
2025-04-01,20:40-20:50,14.350871865967406
2025-04-01,21:30-21:50,70.24349000816676
2025-04-01,22:50-23:00,0.43070120035599757
2025-04-01,23:50-0:00+1,4.307229883275568
2025-04-02,0:00-0:20,39.24752376008496
2025-04-02,2:00-2:10,17.939038923441785
2025-04-02,2:30-2:50,47.33162018717826
2025-04-02,3:00-3:20,17.393392630405742
2025-04-02,4:00-4:20,11.925599749534172
2025-04-02,4:40-5:10,49.48802590315438
2025-04-02,5:20-5:40,34.185833015441176
2025-04-02,5:50-6:00,19.358239837584165
2025-04-02,7:40-7:50,15.559539254813387
2025-04-02,8:00-8:30,71.00971075071095
2025-04-02,8:50-9:00,2.9455809476442028
2025-04-02,9:10-12:20,2018.4129778190904
2025-04-02,12:30-12:50,124.25956705434962
2025-04-02,18:00-18:10,18.01884198078278
2025-04-02,19:30-19:50,25.110607444163293
2025-04-02,20:10-20:40,54.57463703954352
2025-04-02,21:50-22:00,16.281424125241983
2025-04-02,23:00-23:20,14.818006202649826
2025-04-03,0:10-0:30,28.247857349474316
2025-04-03,2:00-2:10,11.400331741233686
2025-04-03,2:40-2:50,3.7239878056790303
2025-04-03,3:00-3:20,22.332159755136786
2025-04-03,4:20-4:30,14.116523327570235
2025-04-03,5:00-5:10,6.604828903817065
2025-04-03,5:20-5:30,28.480673486361866
2025-04-03,6:50-7:00,10.257370559018455
2025-04-03,7:30-8:10,116.2575060811941
2025-04-03,16:20-16:30,6.23556895373838
2025-04-03,17:30-17:50,11.758068443202433
2025-04-03,18:50-19:20,67.46055443550722
2025-04-03,20:20-20:40,20.722914252972487
2025-04-03,22:40-22:50,0.392058184608004
2025-04-03,23:30-23:50,75.15315715274608
2025-04-04,0:10-0:30,73.41484384653609
2025-04-04,1:20-1:30,6.105981710749916
2025-04-04,2:30-2:40,10.991692564826451
2025-04-04,3:30-4:10,63.070669692071306
2025-04-04,4:30-4:50,40.17859649201347
2025-04-04,6:50-7:10,9.119046982778286
2025-04-04,19:50-20:10,23.220879557989804
2025-04-04,22:50-23:00,27.154980766902383
2025-04-05,0:20-0:40,63.435595660277784
2025-04-05,1:00-1:10,19.540078863751205
2025-04-05,1:20-1:50,33.086150391834565
2025-04-05,2:10-2:30,19.971992295906148
2025-04-05,3:50-4:00,44.04222892840187
2025-04-05,5:20-5:40,39.153646708726
2025-04-05,13:20-13:30,22.10662314058777
2025-04-05,14:20-15:30,336.0472192905638
2025-04-05,17:20-17:50,72.33811403967434
2025-04-05,19:30-19:40,4.267237162893309
2025-04-05,20:30-20:40,3.931620350808089
2025-04-05,21:40-21:50,3.8936610261010287
2025-04-05,23:00-23:40,75.79944243835786
2025-04-06,0:50-1:30,40.99599755628083
2025-04-06,1:40-2:00,21.365109766541423
2025-04-06,2:30-2:50,44.036144030109085
2025-04-06,3:40-3:50,6.270383029285654
2025-04-06,4:10-4:40,75.52317896268232
2025-04-06,4:50-5:10,32.326796587768854
2025-04-06,5:20-5:30,5.132168551473569
2025-04-06,7:20-7:50,112.57224847229531
2025-04-06,8:40-8:50,27.633681802660163
2025-04-06,11:50-12:10,35.477829239367
2025-04-06,14:50-15:30,241.01660888347743
2025-04-06,16:50-17:00,11.144364377336956
2025-04-06,17:20-17:30,15.79588196169857
2025-04-06,18:50-19:00,38.8641970963439
2025-04-06,19:50-20:00,15.805148021631567
2025-04-06,20:50-21:00,25.290144343940256
2025-04-06,21:20-21:50,60.845453977363036
2025-04-06,23:00-23:10,2.978892943276719
2025-04-06,23:30-23:40,3.783094922036071
2025-04-07,1:00-1:20,68.86989197217008
2025-04-07,2:20-2:40,7.211883543302065
2025-04-07,2:50-3:00,28.882319676365
2025-04-07,3:20-3:50,21.699163181808785
2025-04-07,4:00-4:30,78.6739817864393
2025-04-07,17:00-17:10,0.8313324166529128
2025-04-07,19:30-19:40,1.8471508198354059
2025-04-07,21:40-21:50,31.08299557198768
2025-04-07,22:10-22:30,14.254461361273911
2025-04-07,22:50-23:20,31.793724835674993
2025-04-08,0:00-0:20,10.021361269336012
2025-04-08,1:30-1:50,17.880431736969058
2025-04-08,2:30-2:40,5.315981623660491
2025-04-08,4:20-4:40,20.247817746760006
2025-04-08,5:40-5:50,11.790705909087933
2025-04-08,6:20-6:40,29.90982196296227
2025-04-08,7:10-7:20,14.28764616753108
2025-04-08,7:30-7:50,29.125040361440313
2025-04-08,8:00-8:30,58.85379677348374
2025-04-08,16:40-17:50,170.75288371211104
2025-04-08,18:00-18:10,0.3371007394755452
2025-04-08,18:20-18:30,6.407104923873476
2025-04-08,18:50-19:00,5.8537317641734035
2025-04-08,19:50-20:00,11.900904455789032
2025-04-08,20:20-20:40,11.880159424567182
2025-04-08,21:10-21:30,14.772205194017147
2025-04-08,22:10-22:30,32.72445420125746
2025-04-08,22:40-23:20,37.584781082453105
2025-04-08,23:40-0:00+1,20.85883690959838
2025-04-09,1:10-1:30,26.430544749105593
2025-04-09,1:50-2:00,4.029362006001065
2025-04-09,2:20-2:30,4.2839734129084945
2025-04-09,2:40-3:00,2.0643931427025564
2025-04-09,3:40-4:10,44.834397483620705
2025-04-09,4:20-4:50,26.48284471992872
2025-04-09,9:00-9:20,51.43512076426026
2025-04-09,10:50-11:00,36.27260533513561
2025-04-09,11:20-12:00,93.83481985955427
2025-04-09,12:30-12:40,7.599959315327396
2025-04-09,14:30-14:50,180.72761141634248
2025-04-09,15:10-16:10,231.63127388680175
2025-04-09,16:20-16:30,16.7227129510012
2025-04-09,18:10-18:20,22.936253616217755
2025-04-09,19:50-20:20,29.046478410826808
2025-04-09,20:40-21:00,13.950421153304887
2025-04-09,21:40-22:00,43.94529282112637
2025-04-09,22:20-22:50,93.32418015181997
2025-04-09,23:20-23:30,24.442888697287913
2025-04-10,0:30-1:00,38.46081226187289
2025-04-10,1:30-1:50,17.347667728197393
2025-04-10,3:00-3:50,75.43440987951715
2025-04-10,4:20-4:30,1.559034796986225
2025-04-10,4:40-5:30,49.806429712477666
2025-04-10,9:10-9:20,4.801071736912348
2025-04-10,9:30-9:40,11.425327616530893
2025-04-10,14:20-14:30,1.4400547357361404
2025-04-10,15:50-16:10,123.40260188229121
2025-04-10,16:50-17:20,77.97579860598739
2025-04-10,17:40-18:10,42.78166387824558
2025-04-10,18:30-18:40,11.11682388816621
2025-04-10,19:00-19:20,53.83803053672921
2025-04-10,20:40-21:00,14.035926242339883
2025-04-10,21:30-22:00,31.340502597937302
2025-04-10,22:10-22:30,11.551906682620938
2025-04-10,23:20-23:30,21.51520659003893
2025-04-11,0:30-0:40,21.42396347410022
2025-04-11,1:00-1:30,109.9034644656303
2025-04-11,3:10-3:30,12.92025227325621
2025-04-11,5:00-5:10,8.3943083074181
2025-04-11,17:30-17:40,12.330250020516416
2025-04-11,18:40-19:10,54.07672835260547
2025-04-11,19:20-19:40,32.92111206373119
2025-04-11,21:20-21:30,1.8785646750383762
2025-04-11,21:50-22:40,113.44669942387577
2025-04-11,23:00-23:20,49.20233709919552
2025-04-11,23:30-23:50,11.609824319639586
2025-04-12,0:40-0:50,18.24258061936098
2025-04-12,2:40-2:50,3.0983066183250685
2025-04-12,3:30-3:50,17.954917441695443
2025-04-12,4:30-4:40,3.592828795527055
2025-04-12,5:10-5:20,7.986900649220786
2025-04-12,13:10-13:20,24.804034591135405
2025-04-12,13:40-13:50,25.117647889305317
2025-04-12,16:30-16:50,12.525838172037368
2025-04-12,17:40-18:00,37.24830125830037
2025-04-12,20:10-20:20,9.523220697801321
2025-04-12,21:30-21:40,17.483430458875205
2025-04-12,22:40-22:50,19.884783680672342
2025-04-13,0:00-0:10,6.190739448534032
2025-04-13,0:20-0:30,1.9920192060353656
2025-04-13,2:20-2:40,62.985122981056634
2025-04-13,4:30-4:40,5.768339152485623
2025-04-13,5:00-5:20,34.89954623893243
2025-04-13,5:50-6:00,4.55488693278528
2025-04-13,9:30-10:00,85.6292652004733
2025-04-13,11:10-12:40,492.0355916123852
2025-04-13,15:40-16:00,99.4576864570052
2025-04-13,16:20-17:00,227.86196865648554
2025-04-13,17:10-17:20,3.613823337049439
2025-04-13,17:30-17:50,49.64324927632106
2025-04-13,19:10-19:20,16.46718116314196
2025-04-13,19:50-20:00,3.8117641762717085
2025-04-13,20:30-21:10,61.853088278597966
2025-04-13,21:40-22:00,27.80831031153764
2025-04-13,22:50-23:00,12.004947395760837
2025-04-14,0:30-0:50,44.30284024606931
2025-04-14,1:00-1:20,39.28544390073762
2025-04-14,2:00-2:20,31.028771254100434
2025-04-14,2:50-3:00,16.719679921735178
2025-04-14,3:40-3:50,0.35692005823682393
2025-04-14,4:40-5:10,59.302697751629694
2025-04-14,5:50-6:00,1.1356046908082362
2025-04-14,6:40-6:50,14.315168007378588
2025-04-14,8:30-10:10,475.8424532330441
2025-04-14,10:20-11:00,233.92284345177424
2025-04-14,12:00-12:20,89.62050404427049
2025-04-14,18:30-18:50,42.17812782396595
2025-04-14,19:00-19:20,5.959782362792453
2025-04-14,19:40-20:00,12.357434717827346
2025-04-14,20:30-20:40,28.33580694461159
2025-04-14,21:30-21:50,35.494772286321336
2025-04-14,22:10-22:20,8.032156350684886
2025-04-14,23:00-23:10,21.34127398238809
2025-04-15,1:20-1:30,14.813848531889334
2025-04-15,2:20-2:30,15.629513815897894
2025-04-15,5:20-5:30,16.844380859092325
2025-04-15,7:30-7:50,52.69369945143552
2025-04-15,13:00-14:00,306.57365671002395
2025-04-15,15:30-15:50,5.565513928866437
2025-04-15,16:50-17:00,8.451349657055857
2025-04-15,17:30-17:40,11.348341331193069
2025-04-15,19:10-20:00,30.49913009990985
2025-04-15,21:00-21:10,24.82252343684445
2025-04-15,21:40-21:50,41.946766522484495
2025-04-15,22:50-23:00,15.057981438701859
2025-04-16,0:40-1:00,24.077566509561848
2025-04-16,1:30-1:50,40.944229857539085
2025-04-16,2:20-2:30,0.32113975590789323
2025-04-16,3:50-4:10,52.38363686203115
2025-04-16,5:00-5:20,14.5158274090968
2025-04-16,7:10-7:20,5.459479843358679
2025-04-16,7:30-7:40,12.233085624013597
2025-04-16,11:50-12:00,6.915101600332491
2025-04-16,12:20-12:30,8.313670043247043
2025-04-16,15:00-15:20,205.99299683074742
2025-04-16,16:00-16:20,25.46198353437086
2025-04-16,16:40-17:00,39.29555169940511
2025-04-16,17:20-17:30,8.373639272744185
2025-04-16,18:30-18:50,23.32463058228302
2025-04-16,21:00-21:10,20.0470702290678
2025-04-16,21:30-21:50,11.701561363107771
2025-04-16,22:30-23:00,61.45571528055348
2025-04-16,23:20-23:40,6.102523912657148
2025-04-17,1:00-1:20,6.62765159574451
2025-04-17,2:10-2:30,11.480162835944952
2025-04-17,2:50-3:00,0.67501497110743
2025-04-17,3:50-4:00,24.397742897304283
2025-04-17,7:10-7:40,43.860391135447856
2025-04-17,10:20-11:10,190.67204240072832
2025-04-17,11:50-12:20,146.89374297831262
2025-04-17,13:10-13:30,41.3369690693369
2025-04-17,13:50-14:00,17.400515241862507
2025-04-17,14:20-14:50,69.75886874479967
2025-04-17,16:30-17:30,108.56142337468486
2025-04-17,18:10-18:20,3.7726155123547187
2025-04-17,19:00-19:10,5.023643174406629
2025-04-17,19:50-20:00,21.78825928979097
2025-04-17,20:30-20:40,5.690184419381467
2025-04-17,21:10-21:30,36.363299995389866
2025-04-17,22:40-23:00,36.44735042236039
2025-04-18,1:40-3:00,217.25682421786684
2025-04-18,3:20-3:30,6.205758502123331
2025-04-18,4:00-4:10,18.771146770097346
2025-04-18,4:20-4:30,5.555032852398824
2025-04-18,14:40-14:50,13.60232310755299
2025-04-18,15:00-16:00,273.6505094975094
2025-04-18,18:20-18:30,6.402406504276996
2025-04-18,21:40-21:50,6.419993776358297
2025-04-18,23:00-23:10,4.335909810511794
2025-04-19,0:00-0:10,14.782988977398645
2025-04-19,0:50-1:00,16.926500949895058
2025-04-19,1:50-2:20,99.25803442532145
2025-04-19,3:30-3:50,12.100167098080192
2025-04-19,4:00-4:10,30.843744578862584
2025-04-19,5:20-5:30,5.41625269510655
2025-04-19,6:50-7:30,89.66044959954857
2025-04-19,15:40-15:50,15.460038159963773
2025-04-19,19:00-19:10,35.89746519317271
2025-04-19,21:20-21:30,16.68489032425498
2025-04-19,22:00-22:20,77.8957897534504
2025-04-19,23:40-23:50,3.858964854124224
2025-04-20,0:30-0:40,7.160516089950988
2025-04-20,1:10-1:20,7.664944710057625
2025-04-20,2:00-2:30,27.383499330036102
2025-04-20,2:50-3:00,14.959912061791215
2025-04-20,3:40-4:10,75.05601390550385
2025-04-20,4:40-5:30,93.32583908756521
2025-04-20,7:40-7:50,27.864359156645605
2025-04-20,8:20-9:00,320.80941807220165
2025-04-20,12:10-12:20,19.977160045734536
2025-04-20,12:30-12:40,28.456879491437576
2025-04-20,13:50-14:40,478.0643104905205
2025-04-20,15:40-16:00,74.40245694313512
2025-04-20,16:20-17:00,167.02783913146732
2025-04-20,17:10-17:20,2.98600429212604
2025-04-20,17:40-17:50,9.858915047512596
2025-04-20,21:20-21:30,9.456719043788098
2025-04-20,22:00-22:20,11.215311177087756
2025-04-20,23:00-23:20,23.099016475031362
2025-04-20,23:50-0:00+1,26.92974564107101
2025-04-21,0:00-0:10,4.692120721201718
2025-04-21,0:30-0:50,12.832067306711679
2025-04-21,1:20-1:40,8.407730010318005
2025-04-21,2:30-2:40,6.32586801907712
2025-04-21,3:00-3:40,37.813685632384136
2025-04-21,4:00-4:20,44.49876340620415
2025-04-21,4:40-5:30,111.86829345696572
2025-04-21,8:00-8:10,9.23681565269169
2025-04-21,15:30-15:50,40.64532724438689
2025-04-21,16:00-16:30,35.234796098985214
2025-04-21,18:00-18:10,6.519176436482098
2025-04-21,18:40-18:50,1.3230353834736661
2025-04-21,20:10-20:40,52.592984618164905
2025-04-21,21:00-21:30,27.251010882060314
2025-04-21,22:00-22:10,2.9277002688667153
2025-04-21,22:30-23:00,65.00018758425665
2025-04-22,0:30-0:50,13.98023161288711
2025-04-22,2:00-2:20,36.463028854677304
2025-04-22,2:40-2:50,10.173556318495685
2025-04-22,3:20-3:50,73.59455955512192
2025-04-22,4:10-4:30,37.28149876943564
2025-04-22,4:50-5:10,62.348947732552574
2025-04-22,7:30-7:50,76.37580336360537
2025-04-22,9:10-9:20,39.46327656614295
2025-04-22,11:40-12:50,733.3547275721564
2025-04-22,13:20-13:40,74.4680425140943
2025-04-22,14:10-15:20,211.35656729840684
2025-04-22,16:30-16:40,3.6151481304096933
2025-04-22,17:20-17:30,13.662944371821709
2025-04-22,19:30-19:50,4.049298340913651
2025-04-22,21:20-21:50,61.9199842421267
2025-04-22,22:10-22:30,31.882587862397827
2025-04-22,23:10-23:20,23.419087178551763
2025-04-22,23:50-0:00+1,33.28412302164156
2025-04-23,0:00-1:10,89.94687817312456
2025-04-23,2:00-2:20,8.986751102326934
2025-04-23,4:00-4:20,19.630829341557842
2025-04-23,5:10-5:20,4.007564318517325
2025-04-23,5:30-5:50,42.08101533898821
2025-04-23,7:20-7:30,9.85324345769618
2025-04-23,7:50-8:00,3.3482970132795344
2025-04-23,11:20-11:30,7.778674808430708
2025-04-23,12:00-12:10,13.940728258671925
2025-04-23,14:10-14:40,148.8044217472944
2025-04-23,17:20-17:30,11.94060302453056
2025-04-23,17:40-17:50,0.7631887485504194
2025-04-23,18:20-18:40,2.644904518316366
2025-04-23,19:50-20:10,3.7314458368099395
2025-04-23,21:00-21:50,65.19322506518517
2025-04-23,22:50-23:00,11.469412442103476
2025-04-24,0:30-0:50,14.175588570789841
2025-04-24,1:10-1:20,13.779080702278861
2025-04-24,1:50-2:10,28.46006247253763
2025-04-24,3:30-3:40,8.36670640154864
2025-04-24,5:20-5:30,10.535378026342187
2025-04-24,11:10-12:30,501.17882781647245
2025-04-24,17:40-17:50,7.485450046367646
2025-04-24,18:10-18:30,8.152164811737862
2025-04-24,18:50-19:00,9.82692550008153
2025-04-24,19:20-19:40,7.1302023936763135
2025-04-24,20:20-20:40,23.669968959388484
2025-04-24,21:00-21:50,80.57336217413877
2025-04-24,22:50-23:00,6.36029997532512
2025-04-24,23:40-23:50,23.651487871093423
2025-04-25,0:30-0:50,38.575058057200124
2025-04-25,1:20-1:40,29.994186353133728
2025-04-25,4:00-4:20,38.630395082340385
2025-04-25,4:50-5:00,4.155769965590821
2025-04-25,21:30-21:40,12.829861152223373
2025-04-25,22:10-22:20,2.021970057487181
2025-04-25,22:40-22:50,3.0472217969123108
2025-04-25,23:30-23:40,9.64995513941227
2025-04-26,0:50-1:30,108.73791869272031
2025-04-26,1:50-2:00,9.249730370038606
2025-04-26,4:20-4:30,34.23835201507245
2025-04-26,5:00-5:10,2.373970600962025
2025-04-26,5:40-6:10,13.809991988236447
2025-04-26,16:20-16:40,73.64098186191285
2025-04-26,16:50-17:00,26.163171775618594
2025-04-26,17:10-17:20,3.43857146019414
2025-04-26,17:30-17:40,16.154591634957285
2025-04-26,18:30-18:50,31.549778292526582
2025-04-26,20:40-21:00,19.410080505156486
2025-04-26,21:50-22:00,7.294061791064905
2025-04-26,22:20-22:40,48.471308598520295
2025-04-26,22:50-23:10,29.212005775406453
2025-04-26,23:20-23:30,40.51792506827218
2025-04-27,0:20-0:40,59.72922295542844
2025-04-27,3:20-4:00,87.71112730590642
2025-04-27,7:00-7:40,78.48955279578425
2025-04-27,8:10-8:20,5.287557424459806
2025-04-27,14:50-15:50,358.15999764454966
2025-04-27,16:00-17:30,423.595708266441
2025-04-27,18:40-18:50,9.799571267131
2025-04-27,19:40-20:00,19.30258689259324
2025-04-27,21:10-21:20,2.464216506199932
2025-04-27,21:40-21:50,23.28533943621551
2025-04-27,23:00-23:20,35.677760436773156
2025-04-27,23:50-0:00+1,33.60701868593367
2025-04-28,0:00-0:10,7.743280202624192
2025-04-28,0:30-0:40,8.430986739867876
2025-04-28,1:00-1:20,36.862074434145825
2025-04-28,1:40-2:00,105.08877077475233
2025-04-28,2:50-3:00,6.965015911719888
2025-04-28,3:20-3:30,8.634880717561373
2025-04-28,3:50-4:00,6.231572034859369
2025-04-28,4:30-4:40,1.4683255621570197
2025-04-28,7:40-8:00,38.951065009083436
2025-04-28,8:10-10:00,1414.0599253735825
2025-04-28,10:20-12:40,2092.152423745928
2025-04-28,13:40-14:10,172.90027222361854
2025-04-28,14:20-14:30,20.444463715280918
2025-04-28,14:50-17:10,935.763477820081
2025-04-28,17:20-17:50,66.64509896232846
2025-04-28,18:50-19:00,0.9663416938658429
2025-04-28,20:40-21:10,53.72359335003648
2025-04-28,21:20-22:20,29.951399416301342
2025-04-28,23:20-23:30,9.360616392040129
2025-04-28,23:50-0:00+1,12.799428477753054
2025-04-29,2:30-2:40,2.058822562078376
2025-04-29,3:50-4:00,9.629708121007184
2025-04-29,4:30-4:40,16.36477858101523
2025-04-29,8:20-8:50,105.4117329667115
2025-04-29,14:50-17:30,897.6042105332593
2025-04-29,18:00-18:10,3.104797822518094
2025-04-29,18:30-18:40,0.42890475851640986
2025-04-29,19:00-19:10,1.554483540078877
2025-04-29,20:00-20:30,61.97946529292881
2025-04-29,22:20-22:40,9.978315843324367
2025-04-29,23:30-23:40,5.571194383998659
2025-04-30,1:10-1:20,5.938932719587683
2025-04-30,2:20-2:50,99.240469293214
2025-04-30,3:40-4:00,7.855583796793212
2025-04-30,4:30-4:50,19.56415870469027
2025-04-30,6:00-6:10,6.999749535990418
2025-04-30,12:10-12:20,12.27494664208757
2025-04-30,15:30-15:50,53.90542980443979
2025-04-30,16:20-16:30,16.669858216572834
2025-04-30,20:10-20:20,3.501052566586509
2025-04-30,20:40-21:20,95.42271445557219
2025-04-30,22:10-22:20,15.796256369250614
2025-04-30,23:30-0:00+1,71.97362234181821
2025-05-01,0:00-0:10,7.556562533606666
2025-05-01,0:20-0:40,10.596760950071939
2025-05-01,2:30-2:40,2.649267300702377
2025-05-01,3:10-3:30,43.27454251460472
2025-05-01,3:40-4:00,39.605450426372386
2025-05-01,4:20-4:40,63.48573925406879
2025-05-01,5:10-5:20,0.3437250231277176
2025-05-01,6:40-7:20,58.13640110234002
2025-05-01,7:30-7:50,57.72731210349522
2025-05-01,8:20-9:20,170.14834597521363
2025-05-01,13:10-13:40,144.04908146763478
2025-05-01,14:50-23:50,3292.572064425405
2025-05-02,0:00-0:10,22.80863664117919
2025-05-02,0:20-0:30,6.724079910195201
2025-05-02,1:20-1:40,20.854394261067114
2025-05-02,4:20-4:40,22.44778853598774
2025-05-02,5:10-5:20,18.476537909647448
2025-05-02,6:00-6:20,1.4799162390609126
2025-05-02,6:50-7:30,131.6154376907918
2025-05-02,12:40-18:50,3805.083250474797
2025-05-02,19:00-20:00,224.64000916776888
2025-05-02,20:10-22:40,910.471892528851
2025-05-02,22:50-0:00+1,215.957801713452
2025-05-03,0:20-0:40,15.4025672231636
2025-05-03,1:00-1:50,139.97386269478125
2025-05-03,3:50-4:10,26.127534495763143
2025-05-03,4:20-4:30,20.145813228414283
2025-05-03,7:00-7:20,52.91885942045499
2025-05-03,15:00-15:20,94.95240117770464
2025-05-03,15:50-17:40,695.5719480509454
2025-05-03,18:00-22:10,1384.689985232716
2025-05-03,22:20-22:30,28.840171125354686
2025-05-03,22:40-23:40,186.05266345055878
2025-05-03,23:50-0:00+1,18.4879798065067
2025-05-04,0:00-1:30,141.38415472118686
2025-05-04,1:40-2:00,39.45922431321276
2025-05-04,2:50-3:20,61.138920786551125
2025-05-04,4:00-4:20,45.648858357682116
2025-05-04,5:00-5:20,13.751374824048298
2025-05-04,11:10-13:40,1562.1408459507886
2025-05-04,15:50-16:10,68.44535706479479
2025-05-04,16:20-17:00,117.78541985983958
2025-05-04,17:10-18:10,179.16625544001806
2025-05-04,18:30-20:20,562.2617051716601
2025-05-04,20:30-23:50,972.0892129875155
2025-05-05,0:00-0:30,95.85234561158722
2025-05-05,0:50-1:00,14.393281637537484
2025-05-05,1:30-1:40,1.5894635533132941
2025-05-05,2:00-2:20,93.25802247800937
2025-05-05,3:40-3:50,14.908781748997285
2025-05-05,4:00-4:10,1.1030831954523137
2025-05-05,4:40-5:00,37.911142795495266
2025-05-05,5:20-5:40,11.77371957449077
2025-05-05,6:50-9:00,1145.7803821706823
2025-05-05,12:30-12:40,31.609068977930065
2025-05-05,12:50-13:20,171.7541932632351
2025-05-05,13:30-13:50,48.535470759350716
2025-05-05,15:20-15:30,22.850461028779534
2025-05-05,16:10-17:50,848.1519605544408
2025-05-05,18:00-20:20,617.317704439547
2025-05-05,20:30-23:50,726.0846530862951
2025-05-06,0:30-1:10,115.57674704376518
2025-05-06,1:50-2:00,0.1842871546105016
2025-05-06,2:20-2:40,47.34524037470453
2025-05-06,3:00-3:20,40.5690297949177
2025-05-06,4:00-4:30,88.55606633661182
2025-05-06,4:40-4:50,5.18687907105766
2025-05-06,6:40-6:50,15.715490322822575
2025-05-06,7:00-8:40,797.83062610563
2025-05-06,8:50-10:10,754.6975276926908
2025-05-06,13:00-13:20,10.4594009442485
2025-05-06,15:00-15:10,3.842179789183305
2025-05-06,15:40-15:50,17.428754712409386
2025-05-06,16:30-17:50,506.3240989817142
2025-05-06,18:30-19:00,72.48894346711029
2025-05-06,19:10-19:30,29.02551284016488
2025-05-06,19:50-20:10,37.04571208304799
2025-05-06,21:10-23:30,651.1909530179887
2025-05-06,23:50-0:00+1,9.246066271556401
2025-05-07,0:20-1:00,131.27596605130043
2025-05-07,1:50-2:00,8.977138893136498
2025-05-07,2:20-2:40,12.13102478229439
2025-05-07,3:00-3:10,16.28875589879476
2025-05-07,3:20-3:30,2.427296836284768
2025-05-07,4:00-4:20,37.079219383632335
2025-05-07,4:50-5:20,51.902034641203045
2025-05-07,6:40-10:00,1054.7531070275065
2025-05-07,13:50-14:00,0.8071666589334541
2025-05-07,14:20-18:20,2137.4313793692077
2025-05-07,18:40-23:20,1515.0269375535704
2025-05-07,23:50-0:00+1,22.93578422640951
2025-05-08,0:20-0:30,18.477152471810314
2025-05-08,1:20-1:30,2.6783550591319454
2025-05-08,2:30-2:50,18.32612627170863
2025-05-08,4:50-5:10,84.94938428708883
2025-05-08,5:30-5:40,9.590155901522849
2025-05-08,7:20-7:30,6.833875908385124
2025-05-08,8:10-9:40,472.2585468312026
2025-05-08,10:00-11:30,525.4055522532403
2025-05-08,11:40-12:50,567.7156095280766
2025-05-08,13:00-15:50,2054.5329937431834
2025-05-08,16:50-17:10,31.148792063838414
2025-05-08,17:40-18:00,99.2047082017516
2025-05-08,19:20-19:30,1.3459820944010517
2025-05-08,20:00-20:30,198.65639148362777
2025-05-08,21:30-22:10,180.10795857810956
2025-05-08,23:30-0:00+1,47.53206105523867
2025-05-09,0:00-1:20,175.7656283025608
2025-05-09,1:30-1:50,10.273438727514417
2025-05-09,2:30-2:50,69.52128655428334
2025-05-09,6:40-7:30,146.72865775840802
2025-05-09,15:40-16:10,71.58398595638204
2025-05-09,16:20-16:30,4.632916666666688
2025-05-09,16:40-17:30,424.69728642740006
2025-05-09,18:10-18:20,11.905519667395708
2025-05-09,18:30-19:00,44.68562415478891
2025-05-09,19:10-19:30,82.77290828668953
2025-05-09,19:50-21:00,211.5866583240243
2025-05-09,21:10-21:40,132.66483959862995
2025-05-10,2:50-3:00,4.154959688140764
2025-05-10,6:40-6:50,5.416588237754311
2025-05-10,7:30-7:50,25.894133333333457
2025-05-10,12:50-13:50,438.20622129349965
2025-05-10,16:10-16:30,37.32200654823767
2025-05-10,16:40-17:00,41.48770574685295
2025-05-10,17:50-18:00,21.556775917476386
2025-05-10,19:30-19:40,16.405735157271693
2025-05-10,22:50-23:00,2.771442828825286
2025-05-11,2:00-2:20,16.434587502645627
2025-05-11,2:30-2:40,3.83584298719677
2025-05-11,3:20-3:30,2.913009752526932
2025-05-11,4:30-4:50,12.028689798515188
2025-05-11,5:00-5:10,13.223907850238447
2025-05-11,7:50-8:10,42.601333866994196
2025-05-11,8:30-8:40,7.107588436370975
2025-05-11,9:00-10:30,876.4570963391471
2025-05-11,10:40-11:30,412.43932058305734
2025-05-11,12:00-12:20,208.00207153566862
2025-05-11,12:30-12:40,27.168770005527563
2025-05-11,13:40-13:50,0.6387236884284277
2025-05-11,14:00-15:00,505.375213504983
2025-05-11,15:20-15:40,59.088570776443675
2025-05-11,17:00-17:20,24.48846947564857
2025-05-11,18:30-18:50,33.917059377342525
2025-05-11,19:10-19:30,31.49496380300843
2025-05-11,23:10-23:50,31.13222247153442
2025-05-12,1:30-1:50,43.31871046856588
2025-05-12,2:20-2:30,4.807836325964445
2025-05-12,2:50-3:10,42.44933175299991
2025-05-12,4:10-4:20,3.829686438025874
2025-05-12,5:50-6:10,8.820588702105738
2025-05-12,11:30-12:50,733.4909705926567
2025-05-12,15:10-15:50,46.61187755572985
2025-05-12,16:00-16:10,12.222899231922383
2025-05-12,16:50-17:30,108.33189431454753
2025-05-12,17:40-17:50,11.198410389590208
2025-05-12,19:20-19:30,7.825220204483799
2025-05-12,21:50-22:00,6.957638511881555
2025-05-13,4:10-4:30,35.1872716330538
2025-05-13,9:00-9:20,50.47486325742568
2025-05-13,9:50-10:00,1.2325098376438461
2025-05-13,10:20-12:10,898.0110611575584
2025-05-13,14:20-14:30,49.348946960048124
2025-05-13,15:00-15:20,23.109847310366092
2025-05-13,16:10-16:20,26.429399484116004
2025-05-14,3:30-4:00,62.45192608653849
2025-05-14,4:40-5:00,37.47616816943139
2025-05-14,6:30-6:40,10.494615183521546
2025-05-14,11:20-11:30,30.633493754617348
2025-05-14,13:20-13:30,20.597809837339213
2025-05-14,17:00-17:40,154.3780442856688
2025-05-14,18:40-19:00,23.080094259645193
2025-05-14,21:50-22:00,10.273183073285168
2025-05-14,22:30-22:50,7.3479449401572765
2025-05-14,23:40-23:50,3.2069712183579213
2025-05-15,1:50-2:00,3.252854215647858
2025-05-15,2:40-2:50,8.124519325765164
2025-05-15,4:30-4:50,18.010529391933574
2025-05-15,7:30-7:40,12.594625055786423
2025-05-15,12:30-13:00,190.4473873401003
2025-05-15,15:00-15:30,81.19783724563649
2025-05-15,16:10-16:50,243.31645856488757
2025-05-15,17:20-17:30,61.174882752946246
2025-05-15,21:50-22:00,3.0330945578099318
2025-05-15,22:20-22:30,8.504067758131555
2025-05-16,0:20-0:30,22.857713367112524
2025-05-16,2:00-2:10,4.285290886651751
2025-05-16,20:10-20:20,8.21338002765276
2025-05-16,21:10-21:20,24.14132167626542
2025-05-16,23:30-23:50,61.13918873877316
2025-05-17,1:30-1:40,6.108847006915198
2025-05-17,2:00-2:20,13.484599554247325
2025-05-17,3:20-3:50,71.07984420529903
2025-05-17,11:30-11:50,58.02806408132142
2025-05-17,14:40-15:10,132.1972456623086
2025-05-17,16:30-17:20,119.3371627594145
2025-05-17,17:30-17:40,2.4924757017325305
2025-05-17,18:30-18:40,9.238326804365897
2025-05-17,19:30-19:40,2.470303232391302
2025-05-17,22:40-23:00,37.37530047361628
2025-05-18,0:30-0:40,11.790221737311867
2025-05-18,1:20-1:50,20.729810361984505
2025-05-18,2:10-2:30,47.72125348612337
2025-05-18,2:50-3:00,7.928055026944321
2025-05-18,3:30-4:00,65.8671587600486
2025-05-18,7:20-8:00,245.0003968242695
2025-05-18,11:40-11:50,95.20564441010129
2025-05-18,12:00-12:40,184.48210784168316
2025-05-18,12:50-13:00,15.804571422528255
2025-05-18,14:50-15:00,18.994902937669295
2025-05-18,15:20-15:30,1.1043758249198277
2025-05-18,16:50-17:00,26.342176764813416
2025-05-18,17:40-17:50,7.923700098580753
2025-05-18,22:00-22:20,35.66663709000511
2025-05-18,23:00-23:20,14.073821071563884
2025-05-19,3:00-3:20,11.762115505329916
2025-05-19,5:30-5:40,12.280026295690504
2025-05-19,20:20-20:30,10.57955335309373
2025-05-20,0:00-0:10,0.23228878646750672
2025-05-20,10:50-11:20,103.78001409484438
2025-05-20,11:40-14:10,1524.9770082117018
2025-05-20,15:00-15:20,124.11420474157721
2025-05-20,21:30-21:40,10.306633136761889
2025-05-20,22:00-22:20,27.724624014982624
2025-05-20,23:30-23:40,4.7077252278274955
2025-05-21,2:30-3:00,60.27618625438754
2025-05-21,4:30-4:50,12.575028096441315
2025-05-21,14:40-16:00,777.3890941713578
2025-05-21,16:30-17:40,102.4350832832493
2025-05-21,18:20-18:30,4.6412781938446415
2025-05-21,19:20-19:50,31.0986307135106
2025-05-21,20:40-21:10,59.05515139666534
2025-05-21,21:30-21:50,7.470920580563529
2025-05-21,22:50-23:00,3.9529348341105788
2025-05-21,23:20-23:50,79.6141043902079
2025-05-22,1:10-1:20,3.4623645942556323
2025-05-22,11:00-11:20,94.9359435389157
2025-05-22,11:40-11:50,4.832452928666044
2025-05-22,12:00-12:10,12.036485951119516
2025-05-22,14:50-15:40,88.89079542674332
2025-05-22,16:40-17:10,98.28655636912833
2025-05-22,17:20-17:30,56.450120849431755
2025-05-22,18:10-18:30,63.0941362021689
2025-05-22,20:20-20:30,2.57000000000005
2025-05-22,20:50-21:00,2.113214699613536
2025-05-22,22:20-22:40,12.026364042466753
2025-05-23,3:10-3:40,44.51594067202274
2025-05-23,4:10-4:20,6.9310129357384085
2025-05-23,14:50-15:10,105.8064440552721
2025-05-23,15:20-16:00,171.70981800748953
2025-05-23,16:10-16:40,89.47664176082145
2025-05-23,17:00-17:20,45.47506870691103
2025-05-23,17:50-18:00,8.523273431655184
2025-05-23,18:30-18:50,39.53085023646929
2025-05-23,19:00-19:20,47.19989267627682
2025-05-23,19:40-20:00,39.373182939350386
2025-05-23,20:40-21:00,37.92321141277434
2025-05-24,0:40-0:50,9.06481199698186
2025-05-24,1:40-1:50,8.80301868418934
2025-05-24,2:20-2:40,4.072630649438565
2025-05-24,3:50-4:00,13.136421733187433
2025-05-24,4:30-4:50,19.998104569546797
2025-05-24,17:50-18:00,15.72450488589044
2025-05-25,0:10-0:20,4.485503724123873
2025-05-25,1:10-1:30,6.421058898354431
2025-05-25,4:00-4:10,5.8590898254660715
2025-05-25,4:30-4:50,15.985422166201147
2025-05-25,5:30-5:40,10.901594643332373
2025-05-25,5:50-6:10,33.193171215884604
2025-05-25,6:40-7:00,36.376947921604426
2025-05-25,16:00-17:10,312.5581087073106
2025-05-25,17:20-17:40,85.16044213929877
2025-05-25,20:50-21:10,90.4977080499923
2025-05-25,21:20-21:50,66.69683631105977
2025-05-25,22:40-22:50,13.233011594391087
2025-05-26,1:20-1:40,23.687275760131115
2025-05-26,4:30-5:20,46.22636304285379
2025-05-26,6:30-7:50,533.4065798972117
2025-05-26,8:00-8:10,25.675770831717273
2025-05-26,10:10-10:30,95.59474483240368
2025-05-26,10:50-11:20,448.6246797908599
2025-05-26,11:40-11:50,39.54296872194925
2025-05-26,12:10-12:30,59.40600899481706
2025-05-26,14:50-15:20,167.453452015312
2025-05-26,16:20-17:40,201.29245714846786
2025-05-26,18:10-18:30,34.60242563143254
2025-05-26,21:10-21:20,3.6087311110319433
2025-05-26,21:30-21:40,32.79760942870962
2025-05-26,22:40-23:00,42.60599722628251
2025-05-27,0:00-0:20,26.6290482138495
2025-05-27,1:30-1:40,4.267325668479998
2025-05-27,2:40-3:00,14.062527516256523
2025-05-27,3:20-3:40,27.46971182811467
2025-05-27,3:50-4:00,3.6755021467447477
2025-05-27,4:30-4:40,26.08900623588329
2025-05-27,9:20-9:30,24.76900512977116
2025-05-27,15:50-16:20,112.80629331262838
2025-05-27,17:00-17:10,5.378031606289028
2025-05-27,20:10-20:30,5.410753808256459
2025-05-27,21:30-21:40,10.123285998423512
2025-05-27,22:20-22:30,23.330861401336392
2025-05-27,22:50-23:00,9.762189367460792
2025-05-27,23:30-23:50,9.01836431179845
2025-05-28,0:10-0:40,66.7020798993492
2025-05-28,0:50-1:00,3.809523362271193
2025-05-28,3:30-3:50,15.854274069714961
2025-05-28,5:50-6:10,33.30966946795229
2025-05-28,6:50-7:30,76.24847107409744
2025-05-28,8:00-8:10,2.5786090480298753
2025-05-28,9:00-9:10,5.7272031548352516
2025-05-28,9:40-10:10,87.44762478034525
2025-05-28,10:50-12:00,186.3498825437489
2025-05-28,16:00-16:10,50.98354608745069
2025-05-28,16:40-17:40,284.865602787689
2025-05-28,18:50-19:00,2.919849776392539
2025-05-28,19:30-19:40,35.16229322457377
2025-05-28,20:00-20:20,21.430042369820853
2025-05-28,20:40-20:50,0.8082996464205507
2025-05-28,21:50-22:10,10.532212529936373
2025-05-28,23:10-23:20,22.838666549204845
2025-05-28,23:50-0:00+1,0.18878273524092037
2025-05-29,0:00-0:30,32.9905319398772
2025-05-29,2:40-3:00,19.532612493394026
2025-05-29,4:20-4:40,26.692291648063247
2025-05-29,4:50-5:10,40.62716823131177
2025-05-29,5:30-5:40,2.4388437905913634
2025-05-29,6:10-6:30,11.424699020248909
2025-05-29,8:00-8:20,75.44804092374392
2025-05-29,8:50-10:20,319.16243610034905
2025-05-29,10:30-11:10,497.3344122783354
2025-05-29,11:30-11:50,56.52091017089299
2025-05-29,13:50-14:00,37.975317938775675
2025-05-29,15:50-16:10,48.08482617363461
2025-05-29,16:40-17:50,222.48020853222965
2025-05-29,19:10-19:20,0.030236742531087657
2025-05-29,19:50-20:00,21.108816973862872
2025-05-29,21:30-21:40,6.261608043610295
2025-05-29,22:50-23:00,0.7793222493698977
2025-05-30,3:20-3:50,105.84559912121938
2025-05-30,4:50-5:00,2.0328631890023985
2025-05-30,5:40-5:50,26.549995235979566
2025-05-30,6:30-6:40,5.171665954531079
2025-05-30,6:50-7:10,9.460847096443885
2025-05-30,16:00-16:20,109.45188393304647
2025-05-30,16:40-17:00,97.47380012938744
2025-05-30,17:20-17:40,99.60404479261746
2025-05-31,0:40-0:50,20.52331996341684
2025-05-31,2:30-2:50,41.41992851396327
2025-05-31,3:10-3:30,12.04630142295116
2025-05-31,3:50-4:20,55.28824227461075
2025-05-31,5:00-5:10,0.7845566085831024
2025-05-31,6:10-7:20,215.50784334426655
2025-05-31,17:50-18:00,7.093729712814081
2025-05-31,18:50-19:00,56.975240532783346
2025-05-31,20:40-20:50,4.87415217332682
2025-05-31,23:00-23:10,5.020458899407515
2025-05-31,23:50-0:00+1,96.44726151156851
2025-06-01,0:00-3:40,1246.7340989262484
2025-06-01,4:10-4:30,20.26534663642815
2025-06-01,5:30-5:40,1.09652712219372
2025-06-01,5:50-6:20,48.02330685172001
2025-06-01,6:50-7:30,155.01635281380402
2025-06-01,8:00-8:20,27.369257597777334
2025-06-01,8:30-12:10,4549.993133506658
2025-06-01,12:20-22:50,7600.670824667838
2025-06-01,23:00-0:00+1,579.3364752289541
2025-06-02,0:00-3:40,1015.9030788336343
2025-06-02,4:10-4:50,81.32455246356824
2025-06-02,5:40-6:10,103.06954118280396
2025-06-02,7:40-8:20,227.44730231295466
2025-06-02,8:30-9:20,333.19862774163767
2025-06-02,11:40-0:00+1,9709.994176795713
2025-06-03,0:00-3:10,930.3207328681569
2025-06-03,3:20-3:50,49.225349727778166
2025-06-03,4:00-4:20,42.55250611911629
2025-06-03,4:30-4:50,14.368775130911558
2025-06-03,5:10-6:10,217.72116757910914
2025-06-03,6:20-7:10,177.12924013430546
2025-06-03,7:40-11:20,3237.427303383873
2025-06-03,11:30-12:40,371.657296292928
2025-06-03,14:10-18:30,2689.917773564226
2025-06-03,18:40-19:20,172.54837541631525
2025-06-03,19:30-20:00,151.33351590972643
2025-06-03,20:10-0:00+1,1305.0830429741056
2025-06-04,0:00-2:30,1187.3201994848084
2025-06-04,3:00-6:00,489.41408893888837
2025-06-04,6:20-6:30,16.709802412108843
2025-06-04,6:50-9:20,933.6518921865461
2025-06-04,10:50-14:00,2116.3199133110093
2025-06-04,14:10-18:20,2430.373895541844
2025-06-04,18:40-18:50,40.42520374932519
2025-06-04,19:00-19:20,42.52651798914303
2025-06-04,19:30-19:50,35.03388236945557
2025-06-04,20:00-21:40,546.329868962401
2025-06-04,21:50-0:00+1,871.1397919193579
2025-06-05,0:00-3:30,1142.7191233427466
2025-06-05,3:50-4:10,41.4109213660297
2025-06-05,4:40-5:20,68.94057014615817
2025-06-05,5:30-5:50,45.85454228775609
2025-06-05,6:10-7:30,450.16822798332316
2025-06-05,7:40-7:50,23.86575356277251
2025-06-05,8:00-8:20,24.072740288674254
2025-06-05,8:30-10:00,856.1260462312222
2025-06-05,11:10-13:10,1453.7002363433007
2025-06-05,13:20-21:00,4623.726703621444
2025-06-05,21:20-0:00+1,1201.070698805675
2025-06-06,0:00-2:10,925.2369940083476
2025-06-06,2:40-3:20,61.78443609474874
2025-06-06,4:00-4:20,16.052976659088017
2025-06-06,4:40-5:00,10.351731333661974
2025-06-06,5:10-5:50,128.22545636016832
2025-06-06,6:10-7:10,235.6829729426985
2025-06-06,7:30-7:40,21.048816666666653
2025-06-06,11:50-12:10,47.48621482386636
2025-06-06,12:20-19:40,6863.959339207397
2025-06-06,20:00-20:30,189.96278718899953
2025-06-06,21:00-21:30,224.84115992930458
2025-06-06,21:40-22:30,318.3056111111304
2025-06-06,22:50-0:00+1,534.0900220003703
2025-06-07,0:10-1:00,89.9921162499611
2025-06-07,1:40-2:00,18.61858194730877
2025-06-07,5:30-5:50,37.00795305976055
2025-06-07,9:40-10:00,119.7562708521375
2025-06-07,10:50-11:00,1.1835549444074331
2025-06-07,11:40-13:10,797.6104021066199
2025-06-07,14:00-14:20,69.70060860184054
2025-06-07,15:20-15:30,10.153333333333308
2025-06-07,15:50-16:20,193.81410180449532
2025-06-07,17:00-17:40,170.6336750554014
2025-06-07,18:20-18:40,43.75369372231262
2025-06-07,19:00-19:10,11.63696762811901
2025-06-07,20:10-20:30,46.94924960654589
2025-06-07,21:40-22:00,12.588337873716569
2025-06-07,22:30-22:50,12.80886104821468
2025-06-07,23:20-23:30,5.880405624710875
2025-06-07,23:40-23:50,11.078029785740227
2025-06-08,0:20-0:30,2.1760776811388496
2025-06-08,0:50-1:00,11.243707530565644
2025-06-08,6:10-6:50,158.72746517124756
2025-06-08,7:00-7:20,44.78455835369732
2025-06-08,12:10-12:30,108.21783594343117
2025-06-08,17:20-17:50,136.28385211582395
2025-06-08,18:50-19:30,67.25991142268026
2025-06-08,19:50-20:20,49.40031542476021
2025-06-08,21:00-21:10,7.962923293094832
2025-06-08,21:30-21:40,4.088878010985354
2025-06-08,23:20-23:30,33.83738551284614
2025-06-09,0:30-0:40,1.577841834664241
2025-06-09,3:50-4:00,33.49672817253281
2025-06-09,16:30-16:40,2.2757413938269337
2025-06-09,17:30-17:40,35.71029225316124
2025-06-09,20:20-20:40,63.3861807076936
2025-06-09,23:30-23:40,43.46343654111956
2025-06-11,9:00-10:00,366.89507775034866
2025-06-11,14:00-14:10,49.29449790968334
2025-06-12,0:30-0:40,20.655828710990818
2025-06-15,19:30-19:40,1.28308248067151
2025-06-15,20:20-20:30,12.363697110756107
2025-06-15,21:30-21:40,25.23796889768971
2025-06-16,5:30-5:40,9.780796409837649
2025-06-17,20:20-20:30,43.58079208005347
2025-06-17,21:10-21:20,4.847356396318446
2025-06-18,21:20-21:40,23.282131737337068
2025-06-19,19:10-19:30,53.02467017896174
2025-06-21,1:20-1:30,33.708046827715634
2025-06-21,2:00-2:10,10.471708925597795
2025-06-21,2:50-3:30,73.36476858562094
2025-06-21,5:00-5:20,34.48990289305982
2025-06-21,5:40-6:20,120.09157329315659
2025-06-21,21:20-21:30,1.765779793540446
2025-06-22,0:50-1:30,80.06381202561738
2025-06-22,1:50-2:10,12.892026835257411
2025-06-22,2:40-3:10,101.2156501282916
2025-06-22,3:30-3:40,16.79839340708122
2025-06-22,4:00-4:20,13.982582897546877
2025-06-22,5:20-5:40,31.42137322870167
2025-06-22,5:50-6:00,0.19237367728601384
2025-06-22,19:20-19:40,42.180198346927796
2025-06-22,21:30-21:40,7.461402548180558
2025-06-23,0:20-0:30,9.256462156313773
2025-06-23,2:20-2:30,45.71996427007764
2025-06-23,2:50-3:40,139.4861105874728
2025-06-23,3:50-4:00,14.74917844043398
2025-06-23,4:20-4:30,51.5884723421168
2025-06-23,4:50-5:00,32.37784772638463
2025-06-23,5:20-5:30,16.130716508389924
2025-06-23,5:50-6:10,66.95258728526028
2025-06-23,19:20-19:30,8.59274996227714
2025-06-23,21:20-21:40,5.430661116949523
2025-06-23,22:00-22:30,58.59242370238462
2025-06-23,23:10-23:30,67.48922924616909
2025-06-24,1:10-1:40,94.00463940842576
2025-06-24,1:50-2:10,69.83216250116516
2025-06-24,2:40-3:30,67.42156997603263
2025-06-24,4:30-6:10,226.7270846555573
2025-06-24,6:50-7:00,3.9721879547313392
2025-06-24,7:20-7:40,89.51398821158682
2025-06-24,8:10-8:20,48.58904818802216
2025-06-24,8:30-8:50,26.452207386439625
2025-06-24,9:10-11:00,783.410819080308
2025-06-24,17:50-18:10,27.34121394032354
2025-06-24,19:20-19:30,5.317648654681761
2025-06-24,20:40-20:50,3.830225835208921
2025-06-25,0:30-0:40,22.762892513570932
2025-06-25,0:50-1:00,13.866520304336973
2025-06-25,2:40-3:10,70.20444363302863
2025-06-25,3:20-3:30,5.739224447493598
2025-06-25,4:00-4:30,60.0841253742193
2025-06-25,4:50-5:10,12.719430767757899
2025-06-25,5:50-6:00,33.160212851647316
2025-06-25,10:30-10:50,50.35244565897155
2025-06-25,14:30-14:40,14.109495972286368
2025-06-25,21:50-22:10,32.93271145757558
2025-06-26,0:10-0:20,32.166241112258604
2025-06-26,0:50-1:00,13.763123358884968
2025-06-26,1:20-1:50,109.53685078871035
2025-06-26,2:30-3:00,43.71546805769003
2025-06-26,4:00-4:20,29.38872076656753
2025-06-26,5:10-5:30,40.85572432195886
2025-06-26,5:50-6:10,49.253763717226434
2025-06-26,19:10-19:20,0.8600202256405964
2025-06-26,21:20-21:40,29.971088181757864
2025-06-26,22:00-22:20,17.203003183967553
2025-06-26,23:30-23:40,1.366976766270227
2025-06-27,0:10-0:30,28.0959592477152
2025-06-27,1:50-2:00,18.173406644667693
2025-06-27,2:30-2:40,10.859775854518205
2025-06-27,4:30-4:40,19.035721072612944
2025-06-27,21:20-21:30,3.968989000823626
2025-06-28,0:40-1:00,69.96723718915939
2025-06-28,1:50-2:00,16.34966876599742
2025-06-28,3:40-3:50,3.1490373684826523
2025-06-28,4:40-5:10,104.11989912729592
2025-06-28,5:20-5:30,20.962974781262744
2025-06-28,19:50-20:10,22.853411568479487
2025-06-28,23:50-0:00+1,0.36103591085884545
2025-06-29,1:20-1:30,2.569945866268881
2025-06-29,1:50-2:10,45.85071215382186
2025-06-29,2:20-2:40,94.71373449941177
2025-06-29,2:50-3:00,2.4190041458386986
2025-06-29,3:20-3:30,0.22543646016231378
2025-06-29,3:50-4:50,217.44665834786724
2025-06-29,5:00-5:10,7.590917687719298
2025-06-29,5:30-6:20,88.60750318045012
2025-06-29,6:50-7:00,23.698939562456417
2025-06-29,7:10-7:40,126.78377955512354
2025-06-29,8:10-8:30,61.701102542227886
2025-06-29,18:00-18:10,13.02548392900087
2025-06-29,21:20-21:40,47.21570952125819
2025-06-29,21:50-22:00,8.747260157981373
2025-06-30,0:50-1:00,13.014233311924272
2025-06-30,1:20-1:30,2.8838233100721027
2025-06-30,1:40-1:50,34.81656389790885
2025-06-30,2:00-2:10,42.90261827668314
2025-06-30,2:50-3:10,62.102334353595666
2025-06-30,3:50-4:00,5.123309898624825
2025-06-30,4:20-6:30,296.00786714598166
2025-06-30,6:40-7:40,394.71674974846337
2025-06-30,9:50-10:40,432.9166415248874
2025-06-30,18:50-19:00,9.853421105335542
2025-06-30,19:20-19:30,5.865267017650808
2025-06-30,22:50-23:00,5.831160307304572
2025-06-30,23:50-0:00+1,98.98951462751484
2025-07-01,0:00-6:10,3366.499823926874
2025-07-01,6:40-6:50,17.936125186120307
2025-07-01,17:30-17:40,2.711365613546377
2025-07-01,18:30-22:50,1722.2307376701135
2025-07-01,23:10-0:00+1,293.38521891093274
2025-07-02,0:00-6:10,2709.7003688673676
2025-07-02,18:00-18:10,6.669403868001723
2025-07-02,18:40-21:40,1111.510623770823
2025-07-02,22:00-23:00,370.7990627118793
2025-07-02,23:10-23:40,138.55413207000606
2025-07-03,0:00-6:10,2787.2723943751494
2025-07-03,7:30-7:40,12.833633446916792
2025-07-03,11:40-11:50,4.734935590919235
2025-07-03,17:30-17:40,18.52415875962697
2025-07-03,17:50-18:10,98.22925460187594
2025-07-03,18:30-20:50,997.2181154994503
2025-07-03,21:00-21:40,501.2126131398454
2025-07-03,22:00-22:30,151.57534943960707
2025-07-03,22:50-23:30,89.0685063921934
2025-07-04,0:00-0:10,27.356086004865574
2025-07-04,0:20-5:30,2087.3666455916596
2025-07-04,18:30-19:20,328.4894108874771
2025-07-04,19:30-21:10,380.9120940272046
2025-07-04,21:30-22:00,163.34428463388224
2025-07-04,22:10-23:00,298.1188514209281
2025-07-04,23:10-0:00+1,203.2986928040583
2025-07-05,0:00-0:50,366.6849179786152
2025-07-05,1:00-5:40,1843.9734382762388
2025-07-05,6:20-6:30,11.626305713225179
2025-07-05,15:00-15:20,100.988987620443
2025-07-05,16:30-16:40,2.4718736193589734
2025-07-05,17:10-17:20,25.32629831770811
2025-07-05,17:50-18:20,82.90239653313023
2025-07-05,18:30-18:40,10.768169876292404
2025-07-05,19:30-19:40,27.564808987173137
2025-07-05,21:20-21:40,53.52736869050591
2025-07-05,22:00-0:00+1,568.8635221466856
2025-07-06,0:10-1:50,474.62052029248207
2025-07-06,2:00-2:20,179.8847588743099
2025-07-06,2:30-6:10,975.1807554297621
2025-07-06,14:30-14:40,7.18975034980042
2025-07-06,15:10-15:30,88.92388873792902
2025-07-06,15:50-16:00,75.51905556762188
2025-07-06,16:30-17:00,129.53841765886034
2025-07-06,17:20-18:00,124.50891858799991
2025-07-06,18:40-19:20,161.8207322329323
2025-07-06,19:30-19:50,167.89977322483492
2025-07-06,20:00-21:10,332.3660700862603
2025-07-06,21:20-21:40,57.08754110660459
2025-07-06,21:50-23:00,416.4851552594546
2025-07-06,23:20-0:00+1,127.62308520071292
2025-07-07,0:20-0:40,30.847469572051295
2025-07-07,1:40-1:50,5.602267028774463
2025-07-07,2:00-2:10,0.1642265955356379
2025-07-07,2:30-2:40,12.421571026616789
2025-07-07,3:00-3:10,8.692815854291325
2025-07-07,3:20-3:40,29.240692270296336
2025-07-07,4:10-4:20,1.3674586794915058
2025-07-07,4:50-5:00,1.6303588595175142
2025-07-07,19:40-20:00,45.683854368799985
2025-07-07,21:10-21:20,3.35141950032164
2025-07-07,21:30-21:50,98.92969555797595
2025-07-07,22:30-22:40,3.4108157019745704
2025-07-07,23:10-23:20,5.786785119169281
2025-07-08,2:40-3:00,34.85726282757241
2025-07-08,19:50-20:00,0.2900866725334481
2025-07-08,20:30-20:40,17.45197003017222
2025-07-08,21:10-21:40,71.3098111264103
2025-07-09,2:20-2:30,14.566248459770577
2025-07-09,2:50-3:00,22.488201391200732
2025-07-09,19:20-19:30,22.258653965213284
2025-07-09,19:50-20:00,24.36350593729685
2025-07-09,21:00-21:10,1.5043753365794146
2025-07-09,21:30-21:40,42.136481841077966
2025-07-10,19:10-19:20,2.8226040192013215
2025-07-10,19:50-20:00,20.209461175325146
2025-07-10,20:50-21:00,5.200793046584977
2025-07-10,21:30-21:40,24.432561503115608
2025-07-11,3:20-3:30,1.2804613638001001
2025-07-11,5:00-5:10,4.374905793700577
2025-07-11,11:30-11:50,91.37352012904
2025-07-12,3:10-3:30,15.43522176608792
2025-07-12,18:30-18:40,27.695773681807054
2025-07-12,21:50-22:00,16.03093740168424
2025-07-13,7:30-7:40,28.536194372506998
2025-07-13,19:00-19:30,87.26865829570443
2025-07-13,19:50-20:00,86.89675978152047
2025-07-13,20:30-21:20,61.82487700595391
2025-07-13,21:30-21:40,34.07126718906159
2025-07-14,19:40-20:00,41.66499103770309
2025-07-14,21:00-21:20,52.69264887706606
2025-07-14,21:30-21:40,26.41210897364749
2025-07-15,11:40-11:50,0.7039287276193136
2025-07-15,12:20-12:40,76.97008830153914
2025-07-15,21:10-21:40,102.3331691967702
2025-07-16,17:30-17:40,4.0193004656935045
2025-07-16,19:50-20:20,47.433028974119736
2025-07-16,21:30-21:40,4.402878336030426
2025-07-17,19:10-19:20,12.517331152939732
2025-07-17,20:30-20:40,2.7132605711133237
2025-07-17,21:00-21:20,76.033238625384
2025-07-17,21:30-21:40,56.82627173604203
2025-07-19,2:20-2:30,54.14739577430828
2025-07-19,2:50-3:00,25.904047671307126
2025-07-19,3:30-3:40,0.5570874184220429
2025-07-19,5:00-5:30,88.52628137637538
2025-07-19,16:10-16:30,23.17759440137081
2025-07-19,16:50-17:00,21.320451205551876
2025-07-19,18:00-18:10,14.631681411954105
2025-07-19,19:20-19:30,17.990073133079704
2025-07-19,21:00-21:10,12.42388005091766
2025-07-19,23:40-0:00+1,73.94006184149976
2025-07-20,4:20-4:30,14.489297236144921
2025-07-20,5:10-5:20,4.675444355682657
2025-07-20,6:20-6:50,53.139649231264
2025-07-20,7:10-7:30,112.09932311693458
2025-07-20,9:40-9:50,13.17219485909935
2025-07-20,11:10-11:50,348.4412356124699
2025-07-20,16:50-17:00,36.57065649351932
2025-07-20,21:30-21:40,34.34793935151856
2025-07-21,1:50-2:00,6.509658415713602
2025-07-21,5:30-5:50,16.602105390580164
2025-07-21,6:20-6:30,11.498931893537133
2025-07-21,6:50-7:10,35.543322864999794
2025-07-21,7:40-8:00,64.68831876254029
2025-07-21,9:20-9:40,114.51503798673238
2025-07-21,11:20-11:30,21.725094221516656
2025-07-21,11:50-12:20,202.0958093579152
2025-07-21,12:30-13:00,181.72207920834154
2025-07-21,13:10-13:20,73.88083702305191
2025-07-21,14:50-15:30,124.6042171729161
2025-07-21,15:50-16:00,79.67727026980003
2025-07-21,21:30-21:40,15.22170263708665
2025-07-22,3:00-3:20,3.2953234040427333
2025-07-22,4:00-4:20,5.722212509986093
2025-07-22,10:50-11:00,31.428962611830684
2025-07-22,12:50-13:00,26.752222287280645
2025-07-22,13:10-13:40,136.58273080039717
2025-07-22,19:50-20:00,48.461538363254476
2025-07-22,23:00-23:10,5.31563148230498
2025-07-23,3:00-3:10,22.06035104385853
2025-07-23,6:50-7:20,164.08663389735187
2025-07-23,7:40-8:00,69.30603167758483
2025-07-23,11:20-11:30,5.996559264103098
2025-07-23,13:20-13:30,21.557171477307172
2025-07-23,15:50-16:00,32.22086985989108
2025-07-23,21:00-21:10,7.516373901091356
2025-07-24,5:40-5:50,11.449654959235772
2025-07-24,12:40-14:00,770.1670213118803
2025-07-24,14:50-15:30,221.64275941403315
2025-07-24,15:50-16:00,136.02429771083496
2025-07-24,16:50-17:00,19.435767967352263
2025-07-24,23:00-23:10,4.829955254128663
2025-07-25,3:30-3:40,1.248099047193591
2025-07-26,0:50-1:00,8.372165160857662
2025-07-26,3:50-4:00,32.47027316641072
2025-07-26,5:30-5:50,49.862817061071894
2025-07-26,6:10-6:30,46.842902186721204
2025-07-26,11:00-11:40,315.5195378325287
2025-07-26,23:00-23:20,15.7103912976022
2025-07-27,1:20-1:30,37.77374047764647
2025-07-27,4:40-4:50,10.55042500979198
2025-07-27,5:20-5:50,75.24127696957385
2025-07-27,6:00-6:40,47.292687551033964
2025-07-27,7:10-7:20,46.98529976494768
2025-07-27,7:30-7:50,134.02202696115276
2025-07-27,8:30-9:20,286.56555220663006
2025-07-27,13:50-14:20,90.38276413494043
2025-07-27,15:00-15:20,52.03196418743886
2025-07-27,15:50-16:00,10.028689542767495
2025-07-27,19:20-19:30,16.918609389539142
2025-07-27,22:20-22:30,11.76712464226614
2025-07-27,22:50-23:00,42.02849704183086
2025-07-28,6:20-6:30,0.06073649616439525
2025-07-28,8:20-8:40,152.95015495290045
2025-07-28,9:10-9:40,196.74853274910924
2025-07-28,11:00-13:10,816.3315092303919
2025-07-28,14:50-15:00,11.573316175098626
2025-07-28,16:50-17:00,7.306083192349888
2025-07-28,17:30-17:40,20.92108869194817
2025-07-28,21:00-21:40,64.0112606143299
2025-07-28,23:10-23:20,28.746200107062577
2025-07-29,9:20-11:30,1021.1700577454397
2025-07-30,6:30-6:50,30.26417390582941
2025-07-30,8:30-9:20,120.21929830742815
2025-07-30,9:30-10:30,228.1474042149012
2025-07-30,10:50-11:00,77.36488931692168
2025-07-30,15:00-15:20,141.69738645256513
2025-07-30,21:30-21:40,7.502134576572644
2025-07-31,8:00-8:20,148.78787813613417
2025-07-31,9:30-10:00,231.65222235000346
2025-07-31,10:30-11:00,39.86732036196641
2025-07-31,12:40-12:50,3.176377816415311
2025-08-01,5:00-5:10,23.630407111709587
2025-08-02,1:50-2:00,0.9881267661249922
2025-08-02,7:00-7:20,18.311313183346613
2025-08-02,15:40-16:10,96.55406588812328
2025-08-03,0:40-0:50,19.700679479750306
2025-08-03,2:20-2:30,15.342396553849426
2025-08-03,3:20-3:40,12.300745030503322
2025-08-03,5:40-5:50,3.790258144779955
2025-08-03,19:20-19:30,3.0627145194283685
2025-08-03,19:40-20:00,44.60448881786306
2025-08-03,21:30-21:40,65.10404799187108
2025-08-03,22:00-22:10,4.252326110536956
2025-08-04,3:30-3:40,50.39370937003116
2025-08-04,4:10-4:30,39.54364194471066
2025-08-04,18:40-18:50,19.433844263170045
2025-08-04,19:50-20:00,10.975320964675802
2025-08-04,21:30-21:40,16.254060104039695
2025-08-04,23:00-23:20,12.088118118696116
2025-08-05,4:30-4:40,17.316542523656608
2025-08-05,5:50-6:00,2.735859020830162
2025-08-05,21:00-21:20,37.15342822646642
2025-08-05,21:30-21:40,12.08616543737287
2025-08-05,22:20-22:30,2.6935039412082915
2025-08-06,0:20-0:30,7.036453846912536
2025-08-06,3:20-3:40,30.33087790522302
2025-08-06,5:50-6:00,2.752197971416649
2025-08-06,13:00-13:20,17.932142761474267
2025-08-06,14:10-14:30,39.14206357951892
2025-08-06,14:50-15:20,186.12660890790784
2025-08-06,15:40-16:00,112.18143451508513
2025-08-06,21:00-21:20,34.286008513292245
2025-08-06,21:30-21:40,38.485489684989375
2025-08-06,22:20-22:30,3.982198602964445
2025-08-06,23:10-23:20,37.242827613221834
2025-08-07,0:00-0:10,43.520683650907586
2025-08-07,0:40-1:00,35.4119954568464
2025-08-07,5:00-5:10,27.253228078022403
2025-08-07,6:50-7:00,76.14215810837248
2025-08-07,7:20-7:30,37.94114813402848
2025-08-07,7:50-8:00,19.883350073528447
2025-08-07,19:50-20:00,7.185854481259071
2025-08-07,22:00-22:10,8.562967338334715
2025-08-07,22:50-23:10,33.29377615621229
2025-08-08,5:50-6:00,0.13149348842824793
2025-08-08,6:10-6:20,6.623494689674345
2025-08-08,6:30-7:10,121.00644458162441
2025-08-08,16:50-17:00,6.441010127321931
2025-08-08,21:40-22:00,36.037777481465014
2025-08-09,2:20-2:30,2.2900505774181283
2025-08-09,5:20-5:30,18.639016549971643
2025-08-09,5:50-6:10,39.020969679916504
2025-08-09,6:50-7:20,187.41760668443942
2025-08-09,16:50-17:10,44.98193184254387
2025-08-09,21:00-21:20,22.49133916645212
2025-08-09,21:30-21:40,0.5445542299399904
2025-08-10,0:20-0:30,9.736770779353037
2025-08-10,1:20-1:30,27.420176167402815
2025-08-10,2:30-2:40,6.321599806261929
2025-08-10,4:30-4:40,10.418705595344363
2025-08-10,5:00-5:10,9.251722968976082
2025-08-10,5:40-5:50,15.653520318909727
2025-08-10,12:00-12:50,492.3746912919575
2025-08-10,13:00-13:20,79.75589606321623
2025-08-10,15:50-16:00,31.815795546264894
2025-08-10,16:30-16:40,60.973204301297415
2025-08-10,16:50-17:00,63.66274921955812
2025-08-10,21:30-21:40,4.387707844090755
2025-08-10,22:50-23:10,53.87617140006819
2025-08-11,0:20-0:30,35.05838113810546
2025-08-11,1:00-1:20,28.355238343301608
2025-08-11,3:00-3:10,4.154926819329944
2025-08-11,7:20-7:40,86.49250398901907
2025-08-11,9:10-9:20,72.63294847663042
2025-08-11,15:10-15:20,37.691963338111975
2025-08-11,19:20-19:30,7.063347421853223
2025-08-11,22:00-22:10,8.098049013625314
2025-08-12,0:00-0:30,27.09610136041215
2025-08-12,2:50-3:10,33.53982573484802
2025-08-12,3:30-3:40,14.756978625890838
2025-08-12,4:50-5:30,87.5526035186515
2025-08-12,9:10-9:20,16.69261193882366
2025-08-12,10:10-10:20,55.185963724846204
2025-08-12,10:50-11:00,22.117720388357327
2025-08-12,14:10-14:30,71.91917474379795
2025-08-12,15:00-15:40,408.9331121647579
2025-08-12,15:50-16:00,7.316066374766024
2025-08-12,16:20-16:40,109.71412914419193
2025-08-12,16:50-17:00,42.240937224116806
2025-08-12,17:20-17:40,42.9358285659556
2025-08-12,18:30-18:40,1.1235942874207012
2025-08-12,19:10-19:20,12.689828215530383
2025-08-12,19:50-20:00,3.9904064687643768
2025-08-12,21:30-21:40,8.912031642571264
2025-08-12,22:20-22:30,2.0898376117107773
2025-08-13,0:40-1:00,53.747762429180284
2025-08-13,1:20-1:30,15.795992295108363
2025-08-13,2:50-3:00,8.650399493344025
2025-08-13,4:20-4:40,55.79525033305049
2025-08-13,5:20-5:30,9.28234055327789
2025-08-13,5:50-6:10,22.97039009157163
2025-08-13,7:00-7:10,31.632315868932096
2025-08-13,9:10-9:20,2.452332763687508
2025-08-13,10:10-10:40,146.87846158425586
2025-08-13,14:00-14:10,26.028148988806333
2025-08-13,17:30-17:40,51.608995065025965
2025-08-13,18:30-18:40,7.354072698397658
2025-08-13,21:10-21:20,1.088559735314334
2025-08-13,21:30-21:40,4.396870770904343
2025-08-14,0:40-0:50,2.7124010335974162
2025-08-14,3:30-3:50,90.44639110923254
2025-08-14,4:20-4:30,1.046050796433292
2025-08-14,5:40-6:10,80.84731442182783
2025-08-14,6:30-6:40,34.7079509643379
2025-08-14,6:50-7:10,85.67781127832166
2025-08-14,7:40-7:50,9.916393447594487
2025-08-14,8:00-8:20,192.60271312075133
2025-08-14,8:30-9:00,88.44740781437685
2025-08-14,11:50-12:10,18.003174163821086
2025-08-14,16:50-17:00,30.614205682692045
2025-08-14,17:30-17:40,20.661820408904987
2025-08-14,21:00-21:10,15.562894185251139
2025-08-14,21:30-21:40,9.46107609686635
2025-08-15,2:20-2:30,16.87181292059995
2025-08-15,5:30-5:40,13.187671465936319
2025-08-15,6:30-7:10,147.81510817233846
2025-08-15,16:00-16:10,0.8912333333332754
2025-08-15,16:30-16:50,44.307286127305844
2025-08-15,18:20-18:30,10.603814343656154
2025-08-15,19:50-20:00,23.30124269291673
2025-08-15,21:30-21:40,14.319380203574156
2025-08-15,23:00-23:20,44.13122254902805
2025-08-16,1:00-1:10,1.193762209756187
2025-08-16,3:00-3:10,19.236768044723476
2025-08-16,4:40-5:00,41.63711503955369
2025-08-16,5:30-6:10,78.37889680629871
2025-08-16,6:50-7:20,56.01707430162702
2025-08-16,16:00-16:10,29.841883333333385
2025-08-16,16:40-16:50,7.44050677363478
2025-08-16,19:20-19:30,15.277731886050105
2025-08-16,20:20-20:30,1.4358401493849442
2025-08-17,0:20-0:30,2.7855476821036973
2025-08-17,2:20-2:30,54.55899259674925
2025-08-17,3:00-3:10,7.736213071150246
2025-08-17,3:30-3:40,40.744111470949406
2025-08-17,5:20-5:50,44.740546020069814
2025-08-17,6:00-6:10,40.251934147817565
2025-08-17,6:40-8:00,463.40277083111516
2025-08-17,8:50-9:00,37.16613199471817
2025-08-17,9:10-9:20,76.85016897557324
2025-08-17,12:20-12:40,30.584604840495444
2025-08-17,15:00-15:10,18.494310168639686
2025-08-17,16:30-16:40,17.937028455802647
2025-08-17,19:10-19:20,19.385141010370944
2025-08-17,21:30-21:40,7.924901137293546
2025-08-18,1:20-1:40,8.082218237112215
2025-08-18,3:50-4:00,11.768983161809501
2025-08-18,5:10-6:10,167.21143510643105
2025-08-18,6:50-7:00,29.293055133750045
2025-08-18,7:10-7:30,21.709395949168368
2025-08-18,8:00-8:10,4.46388200022983
2025-08-18,8:30-8:40,42.543318036924404
2025-08-18,10:20-10:30,15.105003513132033
2025-08-18,13:40-14:00,15.064127178221469
2025-08-18,14:10-14:20,31.74346672828935
2025-08-18,16:30-16:40,20.097698989091782
2025-08-18,16:50-17:00,18.039262178812237
2025-08-18,17:20-17:40,88.74571662373205
2025-08-18,19:50-20:00,1.1329796553445703
2025-08-19,0:40-0:50,3.7377445641500344
2025-08-19,1:50-2:00,38.993564406933274
2025-08-19,2:20-2:30,24.84246262298393
2025-08-19,4:30-4:40,30.414912122305395
2025-08-19,5:30-5:40,0.7206562050132561
2025-08-19,6:50-7:10,26.86121720700396
2025-08-19,8:20-8:40,66.48857979724824
2025-08-19,11:20-11:50,145.12314252195853
2025-08-19,12:00-12:20,78.91210473821008
2025-08-19,15:50-16:00,57.88312777937517
2025-08-19,19:20-19:30,16.386125076354347
2025-08-19,21:30-21:40,58.988757627806535
2025-08-20,0:20-0:30,9.311032005095058
2025-08-20,3:00-3:10,5.20680919039205
2025-08-20,5:30-5:50,36.24234297014095
2025-08-20,6:20-8:20,785.4353673404055
2025-08-20,8:30-9:20,652.0272752545659
2025-08-20,11:30-12:40,965.7190759744321
2025-08-20,16:30-16:40,35.82774003939585
2025-08-20,16:50-17:00,39.02935921481924
2025-08-20,17:50-18:00,15.227784976227213
2025-08-20,19:50-20:00,12.47300781291949
2025-08-20,23:00-23:20,36.365628381784404
2025-08-21,2:50-3:10,57.750880451239595
2025-08-21,4:50-5:00,44.94178710756114
2025-08-21,5:30-5:40,8.817060300037838
2025-08-21,6:30-6:40,6.837377675083417
2025-08-21,7:10-7:20,49.559529834080166
2025-08-21,9:10-9:20,1.5202733053727258
2025-08-21,11:20-12:40,475.98086977788597
2025-08-21,13:20-13:40,37.96794501916149
2025-08-21,14:00-14:20,142.21063088394078
2025-08-21,18:00-18:20,62.23974281098583
2025-08-21,22:00-22:10,1.325237740762418
2025-08-22,1:30-1:40,5.528217173578241
2025-08-22,3:00-3:10,7.289755792752544
2025-08-22,3:50-4:00,29.02979661328652
2025-08-22,5:30-5:40,31.123307778809476
2025-08-22,6:00-6:10,19.33318045802713
2025-08-22,14:10-14:40,98.41437279982887
2025-08-22,14:50-15:00,0.9544975967601488
2025-08-22,15:50-16:10,60.23721354146961
2025-08-22,16:40-17:10,51.354252924935906
2025-08-22,18:00-18:20,35.339347154161146
2025-08-22,22:20-22:30,28.598256445269953
2025-08-23,2:20-2:30,8.35182537614503
2025-08-23,3:00-3:20,42.183942921996845
2025-08-23,4:10-4:20,8.988977770444308
2025-08-23,4:50-5:10,26.23111132682726
2025-08-23,5:30-5:40,36.72721764837934
2025-08-23,6:40-7:00,14.96529208956457
2025-08-23,7:10-7:20,10.851076773987003
2025-08-23,13:20-13:30,24.18247603668408
2025-08-23,14:00-14:20,16.301569857247614
2025-08-23,15:40-16:00,28.4372050253643
2025-08-23,16:30-16:40,5.908731695537881
2025-08-23,16:50-17:10,4.523090477010413
2025-08-23,17:30-17:40,3.7753164440041473
2025-08-23,21:30-21:50,40.726204615162374
2025-08-24,3:30-3:40,4.1866719910331085
2025-08-24,5:20-5:50,41.56720740126059
2025-08-24,6:00-6:10,19.11806384492968
2025-08-24,6:30-7:00,101.1241641969952
2025-08-24,9:10-9:20,2.6378910725790305
2025-08-24,11:00-11:20,149.4431075557925
2025-08-24,14:00-14:20,150.35278322133132
2025-08-24,15:00-15:40,152.8414968711552
2025-08-24,16:30-16:40,35.106805442970426
2025-08-24,16:50-17:00,59.68452134770973
2025-08-24,17:20-17:40,11.53947649736483
2025-08-24,18:00-18:10,5.397801850089422
2025-08-24,21:30-21:40,17.190587343763127
2025-08-24,23:00-23:20,67.64467860811976
2025-08-25,4:50-5:00,23.057637098414602
2025-08-25,5:20-5:40,34.89908741396448
2025-08-25,5:50-6:00,2.564715950999357
2025-08-25,6:10-7:30,481.720026881523
2025-08-25,10:50-12:10,473.6756377475032
2025-08-25,12:40-12:50,129.91226870400646
2025-08-25,14:40-16:20,843.180166243409
2025-08-25,16:30-16:50,111.25063852298047
2025-08-25,17:00-17:20,50.347673467108734
2025-08-25,17:30-17:50,59.960461908938214
2025-08-26,1:00-1:20,22.00597705099881
2025-08-26,3:20-3:40,7.273535485413845
2025-08-26,4:10-4:20,15.719525907194452
2025-08-26,6:00-6:20,109.50238337186329
2025-08-26,6:30-6:50,45.27724565230716
2025-08-26,7:00-7:50,272.1811555258614
2025-08-26,15:30-15:40,10.719922774181441
2025-08-26,16:00-16:20,106.72301988681829
2025-08-26,16:30-17:20,354.4326518652898
2025-08-26,17:30-17:40,44.15861206522902
2025-08-26,19:40-19:50,3.340313843907097
2025-08-26,21:50-22:00,4.901834164340585
2025-08-27,0:00-0:10,16.095602561451415
2025-08-27,1:10-1:20,35.59670270158722
2025-08-27,2:10-2:20,7.3791419897187325
2025-08-27,3:30-3:40,6.98338629504542
2025-08-27,4:10-4:20,35.72382500316826
2025-08-27,5:20-5:30,1.2231870846010224
2025-08-27,5:40-6:20,116.5898986707864
2025-08-27,6:40-7:00,50.28854329515781
2025-08-27,9:20-9:30,1.3062687687486232
2025-08-27,15:20-16:10,227.11925485202602
2025-08-27,16:20-16:50,103.04210583716645
2025-08-27,17:10-17:50,215.2794296712069
2025-08-27,18:20-18:30,16.24281180628293
2025-08-27,23:40-23:50,1.3766166229563623
2025-08-28,1:00-1:20,28.63165164660427
2025-08-28,2:10-2:20,56.319083709473716
2025-08-28,3:00-3:30,15.38149155969802
2025-08-28,4:20-4:40,43.676029333645715
2025-08-28,5:40-7:40,400.83307306494015
2025-08-28,9:00-9:30,234.2455896696946
2025-08-28,9:40-11:30,1229.027512362904
2025-08-28,14:50-15:10,55.484483228914996
2025-08-28,15:50-16:10,30.554689762211467
2025-08-28,16:30-16:50,58.847743117965365
2025-08-28,17:00-17:40,321.39198547135095
2025-08-28,18:20-18:30,6.697226899403063
2025-08-28,19:50-20:00,22.705334907453107
2025-08-28,21:30-21:40,19.18348813959517
2025-08-28,22:20-22:30,11.180917450205015
2025-08-28,22:50-23:00,52.03779199993767
2025-08-29,5:30-7:40,914.2499875983451
2025-08-29,15:40-15:50,5.025500000000079
2025-08-29,16:50-17:00,42.78240764311022
2025-08-29,20:00-20:10,58.332816700476656
2025-08-29,21:50-22:00,13.459256890065035
2025-08-30,1:40-1:50,15.841458377462686
2025-08-30,2:30-2:40,2.092001659365451
2025-08-30,17:20-17:40,30.26151733384171
2025-08-31,1:30-1:50,10.536681682182007
2025-08-31,4:20-4:30,28.97488819170144
2025-08-31,5:40-6:10,117.81933950876714
2025-08-31,7:00-7:40,235.06578958072947
2025-08-31,10:50-12:10,876.9803461585277
2025-08-31,12:50-13:00,46.80244537180175
2025-08-31,14:50-16:00,334.0065533385518
2025-08-31,16:30-17:00,102.74750063422414
2025-08-31,17:20-17:40,98.80831148438892
2025-08-31,19:30-19:40,1.924123076760793
2025-08-31,20:00-20:10,24.09214915083942
2025-08-31,21:30-21:40,16.05888928611148
2025-08-31,22:50-23:00,10.18811230473716
2025-09-01,11:00-11:20,155.04076717568688
2025-09-01,11:30-12:00,45.91917302049137
2025-09-02,5:40-6:10,107.30658917675282
2025-09-02,6:20-7:20,171.29755367267495
2025-09-03,5:40-5:50,0.25710472339744683
2025-09-03,6:20-6:40,19.841425590042263
2025-09-04,6:00-6:20,50.36920104260025
2025-09-04,6:30-6:40,20.173913947445385
2025-09-05,6:10-6:20,1.3079596421521273
2025-09-06,5:40-6:00,6.913448764561451
2025-09-06,6:30-6:40,29.340507412054052
2025-09-06,7:20-7:40,36.09343333333328
2025-09-07,6:30-7:00,43.296356246575044
2025-09-07,7:50-8:10,55.190666108473295
2025-09-08,5:40-6:20,124.62622234190758
2025-09-08,12:20-12:30,5.1709807749110155
2025-09-08,13:30-14:10,156.58878340590087
2025-09-08,14:30-15:20,289.2532775727331
2025-09-08,16:20-16:40,51.34005553234363
2025-09-08,16:50-17:10,48.78729215470855
2025-09-08,17:30-17:50,56.4935441148242
2025-09-09,16:10-16:20,19.402333336741094
2025-09-09,16:40-16:50,1.2351693992396804
2025-09-09,17:30-17:40,8.740951510812351
2025-09-10,5:50-6:00,5.810178207852687
2025-09-10,6:10-9:50,1530.131400671876
2025-09-10,10:00-10:20,53.30385412288241
2025-09-10,12:00-14:30,1637.258265593944
2025-09-10,17:20-17:30,14.266316574408052
2025-09-11,6:10-6:20,7.711454739242981
2025-09-11,7:10-7:20,11.177352581602861
2025-09-11,8:20-8:30,50.3164066832025
2025-09-11,17:20-17:30,17.71516453001948
2025-09-12,6:30-6:40,7.6763681090452
2025-09-12,7:00-7:40,233.12663779253072
2025-09-13,6:20-6:50,136.6474688067014
2025-09-13,7:10-7:20,9.029568277083285
2025-09-13,15:50-16:10,73.60357765852166
2025-09-13,16:40-17:00,82.80128342020163
2025-09-14,2:50-3:00,2.1896394184747123
2025-09-14,3:30-3:50,13.316487814998027
2025-09-14,4:00-4:20,49.74304714434743
2025-09-14,4:30-6:50,564.1828518425448
2025-09-14,7:50-8:50,193.27957132812134
2025-09-14,9:50-10:00,3.671351839997264
2025-09-14,12:00-12:20,89.48130007526566
2025-09-14,13:40-13:50,4.158895135561636
2025-09-14,15:50-16:00,7.117285543556079
2025-09-14,16:20-18:00,709.9377933111625
2025-09-14,18:10-18:30,116.81405822998374
2025-09-14,21:50-22:30,144.769131963836
2025-09-14,23:00-23:40,128.85001515570218
2025-09-15,4:50-5:00,3.2967641819392384
2025-09-15,5:20-8:10,1204.5902126307956
2025-09-15,8:40-9:00,51.81598046916835
2025-09-15,15:10-15:20,16.000509577541408
2025-09-15,17:20-18:10,267.00721007767197
2025-09-15,22:40-22:50,6.205769125430379
2025-09-16,0:00-0:20,33.572715690535915
2025-09-16,2:30-2:40,17.166248129889482
2025-09-16,3:00-3:20,15.553618361700956
2025-09-16,3:40-4:10,45.89078692529506
2025-09-16,4:20-4:50,15.530117347342298
2025-09-16,5:10-7:30,443.0767597781974
2025-09-16,7:40-7:50,21.099513281140787
2025-09-16,8:00-8:10,11.977105361545227
2025-09-16,8:50-9:30,260.0391504313749
2025-09-16,11:00-11:10,45.216204620714166
2025-09-16,11:20-12:40,1343.4977210012519
2025-09-16,12:50-13:20,55.19029210125825
2025-09-16,15:30-15:40,4.604877983792505
2025-09-16,16:40-17:00,91.63397332780744
2025-09-16,17:20-18:00,229.49977516841125
2025-09-16,20:30-20:40,13.759630928033857
2025-09-16,23:20-23:30,34.371520974577834
2025-09-16,23:50-0:00+1,19.862607294386862
2025-09-17,3:50-4:00,0.7530469186539221
2025-09-17,5:20-6:10,325.12935012003845
2025-09-17,6:30-6:50,28.348696292319914
2025-09-17,7:10-7:30,54.32978066716862
2025-09-17,8:10-8:50,122.40633316815132
2025-09-17,9:10-9:20,22.667480243690022
2025-09-17,9:30-10:20,264.70736076186364
2025-09-17,15:20-15:30,19.494924363249083
2025-09-17,15:50-16:10,91.61581441085406
2025-09-17,16:30-17:00,120.49501284872372
2025-09-17,17:10-17:50,320.6911868554705
2025-09-17,18:10-18:30,23.122567836762414
2025-09-17,22:40-22:50,23.590037160385464
2025-09-18,2:00-2:10,17.357246864139142
2025-09-18,3:50-4:00,3.328308826416901
2025-09-18,5:10-5:30,69.15910711921049
2025-09-18,5:40-6:30,293.1695116294917
2025-09-18,6:40-7:40,229.40701325535989
2025-09-18,8:00-8:10,18.227047608481314
2025-09-18,8:40-10:20,778.0809069467753
2025-09-18,12:00-12:10,6.630805468062476
2025-09-18,12:30-13:10,238.31882561958383
2025-09-18,13:40-13:50,1.570625621667375
2025-09-18,14:30-15:00,105.92845517156132
2025-09-18,16:00-16:20,80.50045138240819
2025-09-18,16:40-17:00,45.61256435609084
2025-09-18,17:20-18:00,284.6633874480433
2025-09-18,18:10-18:20,9.282891642883897
2025-09-18,22:10-22:30,23.542556271275885
2025-09-19,7:00-7:10,0.22529466046069047
2025-09-19,7:30-7:50,28.853417515378503
2025-09-19,15:50-16:20,176.06386413941465
2025-09-19,17:30-17:40,39.835808647052374
2025-09-20,6:00-6:30,54.95034745219988
2025-09-20,6:40-7:50,312.0224243560523
2025-09-20,13:40-14:00,105.05924072059918
2025-09-20,14:20-15:00,225.7427953927443
2025-09-20,15:10-15:50,221.72455773767155
2025-09-20,16:10-16:30,21.05929877289047
2025-09-20,17:10-17:20,9.461536702236799
2025-09-20,17:30-17:40,4.971051731459397
2025-09-20,17:50-18:00,30.29305170472128
2025-09-21,0:30-0:40,28.844514060057236
2025-09-21,2:20-2:30,25.830271873115976
2025-09-21,3:00-3:10,53.82827842980123
2025-09-21,3:50-4:00,27.392615105711002
2025-09-21,4:30-5:00,53.59951971141152
2025-09-21,5:10-7:30,939.3244133160741
2025-09-21,7:40-7:50,20.49925480918219
2025-09-21,10:50-12:00,619.3383792415718
2025-09-21,16:10-16:20,17.05609739662532
2025-09-21,16:30-18:20,876.9121876143425
2025-09-21,21:50-22:20,62.71215030148926
2025-09-21,22:50-23:00,37.584556800370365
2025-09-21,23:30-23:40,26.043189869262278
2025-09-22,0:30-0:40,38.34147978754618
2025-09-22,2:50-3:00,24.139108355902067
2025-09-22,5:10-6:20,153.1313294006153
2025-09-22,6:40-7:00,81.31347506442961
2025-09-22,7:20-7:40,111.3347803139107
2025-09-22,8:00-8:20,57.24526211527444
2025-09-22,10:40-11:00,72.83346215465974
2025-09-22,11:20-11:40,68.71534405049846
2025-09-22,11:50-12:00,45.59122080982746
2025-09-22,12:10-12:40,137.24335349478918
2025-09-22,16:10-18:00,754.3738745837271
2025-09-22,21:50-22:00,16.733530633875944
2025-09-22,22:50-23:00,0.316494028055331
2025-09-23,0:50-1:10,19.639776163563283
2025-09-23,4:50-5:00,8.181876868288214
2025-09-23,5:10-5:20,11.08770834761981
2025-09-23,5:30-7:00,261.7973648312567
2025-09-23,7:30-11:00,1458.8612830497493
2025-09-23,12:10-12:20,41.02816050226414
2025-09-23,14:10-14:20,8.390070222079203
2025-09-23,14:30-15:00,113.4654866591596
2025-09-23,15:10-15:20,5.066910113996414
2025-09-23,15:50-17:50,945.6832723195358
2025-09-24,0:10-0:20,11.614508197456189
2025-09-24,2:10-2:20,8.979669186186356
2025-09-24,3:00-3:20,5.784853518209729
2025-09-24,3:30-3:40,10.500240337387254
2025-09-24,4:40-8:00,962.3778459258145
2025-09-24,12:00-12:50,424.22486032549426
2025-09-24,16:10-17:50,537.3524751986238
2025-09-24,18:10-18:30,61.050728483247326
2025-09-24,19:40-19:50,38.46239846385322
2025-09-25,0:30-0:40,26.0442235301864
2025-09-25,2:10-2:20,8.428926734850506
2025-09-25,3:10-3:20,7.505088696935445
2025-09-25,4:40-4:50,9.397518535696122
2025-09-25,5:00-5:10,32.90165798848443
2025-09-25,5:40-7:50,909.5644131723022
2025-09-25,8:00-8:10,11.873823170221158
2025-09-25,11:30-11:50,111.89117945964762
2025-09-25,12:10-12:50,225.0335708398577
2025-09-25,15:40-15:50,17.157989878355522
2025-09-25,16:10-18:00,605.6395169176258
2025-09-25,18:40-19:00,21.348420447410035
2025-09-25,20:50-21:00,32.59593503375004
2025-09-25,22:50-23:00,13.269583998434086
2025-09-25,23:30-23:40,4.248744980870924
2025-09-26,6:00-6:20,11.639609797321611
2025-09-26,6:50-7:40,79.68307396812182
2025-09-26,14:30-14:50,11.885307739053303
2025-09-26,17:20-17:30,12.506556318444893
2025-09-26,21:40-21:50,1.4941286453451994
2025-09-27,5:30-5:40,6.155960179368549
2025-09-27,6:00-6:20,27.040396661047225
2025-09-27,6:30-7:10,167.32314500116897
2025-09-27,7:20-7:30,0.014130701474840635
2025-09-27,12:20-12:40,86.95030559665793
2025-09-27,14:40-14:50,5.765059756769233
2025-09-27,15:00-15:10,0.6376503153443593
2025-09-27,16:00-16:20,59.499763822111476
2025-09-28,5:50-7:10,210.82572005623558
2025-09-28,7:40-7:50,19.993481131089993
2025-09-28,8:00-8:20,19.060389332591114
2025-09-28,8:30-8:50,86.8468169623932
2025-09-28,9:00-9:20,64.40930220003183
2025-09-28,9:30-9:50,57.61808461009985
2025-09-28,10:20-10:40,101.49478207172294
2025-09-28,10:50-11:10,109.0715713798711
2025-09-28,12:40-13:00,61.366790952142196
2025-09-28,17:20-17:50,250.3554376748118
2025-09-29,0:20-0:30,17.925746571627542
2025-09-29,3:00-3:10,13.18548949945216
2025-09-29,4:00-4:20,12.224673394827505
2025-09-29,4:40-4:50,12.586315204841867
2025-09-29,5:00-5:10,1.8212597572288587
2025-09-29,5:40-7:20,307.50834269033396
2025-09-29,7:30-7:50,53.496512215383234
2025-09-29,9:30-9:50,63.245542578740796
2025-09-29,10:20-11:30,500.2777062639125
2025-09-29,15:20-15:30,19.965585935691706
2025-09-29,15:50-16:00,9.73226061573365
2025-09-29,16:50-17:00,86.93679971911558
2025-09-29,17:20-17:50,162.1435255902876
2025-09-29,22:30-22:40,21.875428831096883
2025-09-29,23:40-0:00+1,32.51970406385328
2025-09-30,4:30-5:00,72.37661115774381
2025-09-30,6:10-6:20,8.010261999435556
2025-09-30,6:30-7:20,211.90424809187783
2025-09-30,7:30-7:40,54.495311086419576
2025-09-30,8:50-9:20,282.06013979715914
2025-09-30,10:10-10:30,26.114122095859074
2025-09-30,10:50-11:10,52.739432536186655
2025-09-30,11:40-11:50,20.840446102269993
2025-09-30,13:50-14:20,129.9383164944638
2025-09-30,15:00-15:20,19.904043728976603
2025-09-30,15:30-15:40,1.1462520993060252
2025-09-30,16:10-16:20,2.2696760459650704
2025-09-30,16:30-17:20,54.816311117748114
2025-09-30,17:30-17:50,114.50126992473338
2025-09-30,20:00-20:10,15.104239884984509
2025-09-30,23:40-23:50,0.7047272833101488
2025-10-01,4:20-4:30,21.53501880821318
2025-10-01,5:40-6:30,79.49170433840368
2025-10-01,7:30-7:40,16.22663961310036
2025-10-01,16:10-16:20,2.188698719639774
2025-10-01,16:50-17:00,1.3846779694173392
2025-10-01,17:10-17:50,159.21381386743826
2025-10-02,5:30-6:00,58.1862202493171
2025-10-02,6:20-6:30,17.727388265410127
2025-10-02,17:10-17:40,146.40758663204576
2025-10-03,6:40-7:00,75.83825947887621
2025-10-04,5:50-6:10,53.21297089541798
2025-10-04,7:10-7:20,4.440149604480723
2025-10-05,1:00-1:20,29.184641914725717
2025-10-05,2:40-3:00,23.098382254819853
2025-10-05,4:10-4:20,3.4355098495630045
2025-10-05,4:40-4:50,5.304051863696941
2025-10-05,6:00-6:20,31.30613892716599
2025-10-05,15:00-15:20,63.83315533665413
2025-10-05,17:10-17:50,288.19457817998375
2025-10-06,6:10-6:40,75.42732195570613
2025-10-06,16:40-17:50,388.6353275809298
2025-10-07,1:20-1:30,26.138873434781317
2025-10-07,5:40-6:20,31.278417725655572
2025-10-07,16:50-17:50,278.2974196556761
2025-10-08,4:40-4:50,10.354507863772596
2025-10-08,6:20-7:10,200.1560945288527
2025-10-08,7:20-7:30,2.1914727947308847
2025-10-08,10:50-11:00,6.793064535409485
2025-10-08,11:20-12:00,76.84866235705579
2025-10-08,17:00-18:00,388.5591690603486
2025-10-09,4:50-5:00,2.7703555844223047
2025-10-09,5:20-5:40,7.080968017564601
2025-10-09,6:00-6:40,80.88976443340141
2025-10-09,7:10-7:20,42.27408528569373
2025-10-09,10:50-11:10,40.4428806039129
2025-10-09,15:00-15:30,134.0411148879171
2025-10-09,16:50-17:50,408.3424344738502
2025-10-10,15:40-16:10,124.69473323153267
2025-10-10,17:10-17:20,12.52720415107683
2025-10-11,1:50-2:00,2.130539423336984
2025-10-11,2:30-2:40,2.5310665893780424
2025-10-11,4:10-4:20,12.045280349646873
2025-10-11,17:20-17:30,34.882470026306464
2025-10-12,1:50-2:00,4.853071264061555
2025-10-12,2:50-3:00,6.244595366649719
2025-10-12,5:40-5:50,3.599077207375899
2025-10-12,6:00-6:20,59.687499933085746
2025-10-12,6:30-6:50,42.644939581172366
2025-10-12,7:00-7:10,11.467095483395042
2025-10-12,11:00-11:10,12.389450280191454
2025-10-12,11:40-11:50,1.2589522176216406
2025-10-12,16:00-16:20,70.45945207448631
2025-10-12,16:30-16:40,36.68138718584669
2025-10-12,16:50-17:40,330.6629413184171
2025-10-13,1:20-1:30,7.154009229290523
2025-10-13,1:50-2:00,3.1692558082404503
2025-10-13,4:50-5:00,1.7395848192782069
2025-10-13,16:00-16:10,8.976253246274382
2025-10-13,16:20-17:50,397.36892873936847
2025-10-14,4:40-4:50,0.7503459230947556
2025-10-14,6:30-6:40,2.8942234053012044
2025-10-14,7:10-7:50,94.67586583271714
2025-10-14,15:40-17:10,227.44499069107894
2025-10-14,17:20-17:50,108.64618776377199
2025-10-14,23:30-23:40,9.67523878073257
2025-10-15,6:30-6:50,67.01332315302216
2025-10-15,9:20-9:30,18.730489112600537
2025-10-15,11:00-11:20,73.62922361985568
2025-10-15,12:20-12:50,265.2819431124133
2025-10-15,13:00-13:30,92.91507267497238
2025-10-15,14:00-15:00,266.8692618316752
2025-10-15,16:10-17:50,405.08649146871437
2025-10-15,20:50-21:00,4.960433024313488
2025-10-16,2:30-2:40,4.85552626762194
2025-10-16,3:50-4:00,12.186384594935134
2025-10-16,4:20-4:30,25.566176180244156
2025-10-16,5:00-5:20,29.957745509597657
2025-10-16,5:50-6:00,3.972600159130934
2025-10-16,11:30-11:50,69.34220693780742
2025-10-16,12:20-12:50,137.89643208570368
2025-10-16,14:00-17:40,1742.683023060661
2025-10-17,14:10-14:20,9.55753623737644
2025-10-17,16:30-16:40,4.991184621248294
2025-10-18,0:20-0:50,72.7387963420365
2025-10-18,1:50-2:00,3.53806349601615
2025-10-18,2:50-3:00,4.162319241149476
2025-10-18,3:50-4:00,27.523658974786713
2025-10-18,14:30-14:40,9.159216664965413
2025-10-18,15:40-15:50,4.964309266227827
2025-10-18,16:20-16:50,110.10842878209615
2025-10-18,17:30-17:50,33.42595495374263
2025-10-19,1:10-1:30,45.25325303473073
2025-10-19,3:50-4:00,19.377944245904587
2025-10-19,4:20-4:40,67.5073333230207
2025-10-19,4:50-5:00,3.555038680764028
2025-10-19,5:40-6:00,91.07472889474457
2025-10-19,6:20-6:50,80.12298015938643
2025-10-19,7:20-7:40,53.83182729728219
2025-10-19,9:20-9:40,69.88773503372025
2025-10-19,14:10-17:50,2112.767232593661
2025-10-20,1:10-1:20,17.032614071700436
2025-10-20,2:30-2:40,11.560102240708261
2025-10-20,3:50-4:00,16.711073100975113
2025-10-20,4:20-4:30,3.17524377375355
2025-10-20,5:30-5:40,5.459693119237954
2025-10-20,6:30-6:50,23.435819083495176
2025-10-20,7:10-7:30,86.33269401923974
2025-10-20,7:50-8:00,23.9634581182936
2025-10-20,8:30-8:50,51.668809925956
2025-10-20,9:00-10:10,434.05382902042896
2025-10-20,11:00-11:30,120.49314118651603
2025-10-20,15:00-15:20,52.78706623420868
2025-10-20,15:30-15:50,20.951043890846904
2025-10-20,16:10-17:00,100.71964491988615
2025-10-20,17:10-17:50,160.32355501747463
2025-10-20,23:50-0:00+1,9.453072341207758
2025-10-21,4:20-4:50,41.105157515094675
2025-10-21,5:20-6:00,126.49498187268182
2025-10-21,6:20-7:00,91.0138301473861
2025-10-21,9:40-10:10,58.042717965338234
2025-10-21,11:10-12:50,711.6248070225333
2025-10-21,14:20-14:30,61.312287377378766
2025-10-21,16:10-16:20,12.674665764614133
2025-10-21,16:40-17:00,72.91392518378143
2025-10-21,17:20-17:50,197.79469663079385
2025-10-22,0:40-0:50,7.305083740235432
2025-10-22,1:10-1:20,7.126466588513495
2025-10-22,1:30-1:40,19.555255673377246
2025-10-22,4:20-4:30,12.884400902801758
2025-10-22,5:40-6:00,53.87638012148045
2025-10-22,7:10-7:30,65.63477883639274
2025-10-22,8:40-8:50,8.948925160151816
2025-10-22,9:00-10:20,782.1025627270863
2025-10-22,15:10-16:00,176.94497113930123
2025-10-22,16:10-17:00,241.14894748217353
2025-10-22,17:10-17:50,187.65935019976712
2025-10-22,18:10-18:20,2.153096247868234
2025-10-22,21:20-21:30,11.212382764035283
2025-10-23,1:50-2:00,0.6764088181050738
2025-10-23,4:20-4:40,42.4379198560913
2025-10-23,5:50-6:00,8.839752173818283
2025-10-23,6:30-6:50,51.1174532237676
2025-10-23,9:10-9:40,121.08997762281476
2025-10-23,11:50-12:10,96.78020943920717
2025-10-23,15:40-15:50,5.799135608254403
2025-10-23,16:10-16:20,0.279220413019857
2025-10-23,16:40-17:50,277.78766650231216
2025-10-23,20:10-20:20,0.6644644768908847
2025-10-23,23:00-23:10,13.005532259877214
2025-10-24,4:50-5:00,2.5190010451198077
2025-10-24,5:30-5:40,32.96497887458008
2025-10-24,7:20-7:50,46.81748481304979
2025-10-24,15:10-15:20,12.337696620263188
2025-10-24,15:30-15:50,64.16704859212648
2025-10-24,16:30-17:00,83.98220984596679
2025-10-24,17:20-17:30,29.98070510660557
2025-10-24,22:50-23:00,2.1402179666430357
2025-10-25,1:10-1:30,25.559859319783357
2025-10-25,5:30-5:40,14.063114537045067
2025-10-25,17:10-17:20,4.654883856886329
2025-10-26,0:10-0:20,16.721258727380246
2025-10-26,0:40-0:50,15.80350197620237
2025-10-26,1:20-1:40,23.79326503322625
2025-10-26,4:30-4:40,6.420506031806099
2025-10-26,5:20-5:30,1.3736031176681536
2025-10-26,5:50-6:20,22.5004671997508
2025-10-26,6:50-7:00,0.5209997412468965
2025-10-26,10:50-11:00,14.692391985309314
2025-10-26,16:30-16:40,27.05892506574105
2025-10-26,16:50-18:00,352.99333863435834
2025-10-27,0:20-0:30,14.29353577592724
2025-10-27,1:30-1:40,3.0141726186277538
2025-10-27,1:50-2:00,8.338835337257251
2025-10-27,2:20-2:30,10.3618420856684
2025-10-27,3:00-3:20,11.994820249851841
2025-10-27,3:40-3:50,3.434011826309984
2025-10-27,4:00-4:20,23.170927505566624
2025-10-27,4:50-5:00,4.388363871631896
2025-10-27,6:00-6:20,37.5362297009394
2025-10-27,6:50-7:20,11.359217675485638
2025-10-27,14:50-16:20,740.5155016650671
2025-10-27,16:30-17:40,233.93609922382439
2025-10-28,1:20-1:30,18.24998036098873
2025-10-28,2:50-3:00,25.52273611361909
2025-10-28,5:50-6:00,33.60526671826824
2025-10-28,12:30-12:50,72.40155068234162
2025-10-28,16:40-16:50,14.026634221652444
2025-10-28,17:10-17:40,82.2825042930632
2025-10-29,2:30-2:50,37.824476485217815
2025-10-29,4:10-4:40,93.2255751079042
2025-10-29,5:10-5:40,41.25906826977587
2025-10-29,6:00-7:10,107.08543510536731
2025-10-29,7:40-7:50,32.34479043496685
2025-10-29,8:00-8:10,18.287299915048948
2025-10-29,9:30-9:50,75.33482932227952
2025-10-29,10:10-12:20,1775.3967990320346
2025-10-29,12:40-12:50,14.859857663580101
2025-10-29,14:30-14:40,1.1810047797252992
2025-10-29,14:50-15:20,50.702198522544336
2025-10-29,15:40-16:20,61.96104193359088
2025-10-29,16:30-16:50,92.7637843726917
2025-10-29,17:00-17:50,228.63316505300395
2025-10-29,18:40-18:50,51.619842418185016
2025-10-29,20:50-21:40,101.92464660532642
2025-10-29,22:00-22:10,0.9967297665629076
2025-10-29,23:40-23:50,11.61310280634973
2025-10-30,0:50-1:00,28.155528626777595
2025-10-30,3:00-3:10,22.050357411982077
2025-10-30,3:50-4:10,21.994179403680732
2025-10-30,4:40-4:50,6.127754802990012
2025-10-30,6:00-6:20,62.77892961826933
2025-10-30,6:30-6:50,75.69677783315285
2025-10-30,7:10-7:20,26.93191285029536
2025-10-30,11:40-12:00,64.29778499473571
2025-10-30,14:50-15:00,2.2404943774363346
2025-10-30,15:30-17:50,511.71464448860206
2025-10-30,20:40-21:50,161.58383357244577
2025-10-30,22:50-23:30,30.655780213931962
2025-10-31,0:50-1:00,1.506632266823317
2025-10-31,1:30-1:40,7.25351606886062
2025-10-31,4:20-4:30,12.486597790311407
2025-10-31,11:10-12:20,129.92385111422357
2025-10-31,12:50-13:00,8.473101055475809
2025-10-31,14:20-14:50,63.249031934900074
2025-10-31,15:20-15:40,54.36130964303929
2025-10-31,16:20-16:30,20.217562204070248
2025-10-31,17:50-18:00,1.9315777172230355
2025-11-01,2:00-2:10,22.57533204459537
2025-11-01,2:40-3:00,63.92959326325672
2025-11-01,3:10-3:40,87.04250067063816
2025-11-01,5:10-5:30,21.331775494279384
2025-11-01,14:00-14:10,0.2416348041080596
2025-11-01,15:20-16:20,134.20751176553637
2025-11-01,16:50-17:00,18.34912333123731
2025-11-02,2:40-3:10,36.00935231618155
2025-11-02,4:50-5:10,51.137724036397
2025-11-02,5:50-6:10,6.147306009322506
2025-11-02,6:30-7:40,110.90208491377848
2025-11-02,9:30-9:40,109.98157624955991
2025-11-02,13:20-13:50,153.17425717609808
2025-11-02,15:40-15:50,7.212502737798957
2025-11-02,16:10-17:40,389.6030828118751
2025-11-02,18:30-18:50,31.174798409938944
2025-11-02,19:20-19:50,59.55460667145621
2025-11-03,2:50-3:00,18.020229461737472
2025-11-03,5:00-5:20,21.723954361394135
2025-11-03,5:50-6:00,5.882381254423649
2025-11-03,6:30-6:50,37.137788390544415
2025-11-03,10:30-12:50,1024.9457440533029
2025-11-03,16:20-17:20,125.41316188195344
2025-11-03,17:30-17:40,8.69540459282939
2025-11-03,17:50-18:10,43.00960219016429
2025-11-04,0:30-0:50,8.466691195942758
2025-11-04,3:40-3:50,9.683411635134348
2025-11-04,5:20-5:30,12.371424401540935
2025-11-04,5:50-6:20,47.14244253103993
2025-11-04,10:50-11:10,52.61891458372247
2025-11-04,15:50-16:10,54.325764196597675
2025-11-04,16:30-16:40,73.6425205933657
2025-11-04,16:50-17:00,1.5560336819355598
2025-11-04,17:10-17:40,84.84109216600325
2025-11-04,19:00-19:20,28.1093949404368
2025-11-04,20:20-20:30,11.29072684109201
2025-11-04,21:00-21:10,6.6573850092989915
2025-11-05,0:20-0:30,16.865658412324137
2025-11-05,1:10-1:30,38.678376271099296
2025-11-05,2:30-2:40,7.129314130074363
2025-11-05,3:00-3:20,27.74638348491078
2025-11-05,4:50-5:00,28.826306849987077
2025-11-05,6:30-7:10,119.88584859094783
2025-11-05,14:40-14:50,36.58069227205959
2025-11-05,15:30-17:00,539.4711799503141
2025-11-05,17:10-17:40,59.93600394559462
2025-11-05,20:50-21:00,1.8318425615204887
2025-11-05,21:40-22:00,48.88372897413558
2025-11-05,22:20-22:30,7.7454923416001975
2025-11-06,1:40-1:50,9.382315322553723
2025-11-06,2:40-3:10,23.564303353212722
2025-11-06,5:10-5:30,1.6422547444450402
2025-11-06,5:40-5:50,12.215795354802822
2025-11-06,6:00-6:10,1.6727872368002181
2025-11-06,7:50-8:00,38.960674902311894
2025-11-06,10:00-10:30,32.194865398399244
2025-11-06,10:50-13:10,923.578702076785
2025-11-06,16:10-17:10,91.5051977829603
2025-11-06,17:30-17:40,43.337310417784806
2025-11-06,20:20-20:30,9.572490263191298
2025-11-06,22:20-22:30,3.747450935528832
2025-11-07,1:10-1:20,15.640514329181315
2025-11-07,2:00-2:20,21.677532088478188
2025-11-07,7:40-7:50,6.610448853961259
2025-11-07,10:50-11:00,5.03725501828626
2025-11-07,17:10-17:20,25.01664637043882
2025-11-07,17:30-17:40,18.790665589590617
2025-11-08,0:00-0:10,1.5775638322802479
2025-11-08,1:10-1:20,6.87264044643166
2025-11-08,2:20-2:30,6.626452142645803
2025-11-08,16:20-16:30,16.770127655184922
2025-11-08,21:20-21:30,18.185685339011002
2025-11-09,3:20-3:30,12.087139769741384
2025-11-09,5:00-5:20,15.753811053871459
2025-11-09,7:00-7:10,12.672815856539046
2025-11-09,11:20-11:40,12.408305832481119
2025-11-09,12:00-12:10,8.280426714285909
2025-11-09,14:20-15:20,383.23197131992606
2025-11-09,15:30-16:10,59.70719641067865
2025-11-09,16:50-17:40,180.54530777152172
2025-11-09,18:00-18:10,23.111431785208424
2025-11-09,18:30-18:40,9.645239319283178
2025-11-09,20:10-20:20,8.45194688231254
2025-11-09,20:50-21:20,56.397374366356985
2025-11-10,4:30-4:40,2.2350656435665996
2025-11-10,5:40-5:50,7.089362887437915
2025-11-10,7:30-7:50,33.72083873870747
2025-11-10,10:50-11:20,33.81957053394069
2025-11-10,11:30-11:50,87.78452847323751
2025-11-10,12:00-12:20,65.06346448639681
2025-11-10,14:50-15:10,74.3676050355266
2025-11-10,16:00-16:30,120.37524715521499
2025-11-10,17:30-17:40,17.747849480386776
2025-11-10,21:30-21:50,11.23047192016827
2025-11-11,5:20-5:30,0.4493162237395154
2025-11-11,9:30-9:40,28.18405623402964
2025-11-11,15:40-15:50,0.9062768122170155
2025-11-11,17:10-17:20,5.964056228120739
2025-11-11,21:20-21:50,57.25423358266062
2025-11-11,23:00-23:20,15.625498750219435
2025-11-12,6:10-6:30,10.191859693706306
2025-11-12,7:20-7:40,32.01078765547925
2025-11-12,16:00-16:20,20.514073319707677
2025-11-12,16:50-17:00,4.627036809523133
2025-11-12,17:20-17:40,16.885806758556555
2025-11-12,18:20-18:30,4.374063811659312
2025-11-12,21:10-21:20,20.868128621289884
2025-11-12,21:40-21:50,15.085508447168081
2025-11-13,2:50-3:00,5.570984843167821
2025-11-13,4:00-4:10,2.633169195666369
2025-11-13,4:40-4:50,3.288339723871445
2025-11-13,6:50-7:00,4.100828227014063
2025-11-13,12:30-12:50,87.70726014706099
2025-11-13,13:50-14:10,10.91620476162376
2025-11-13,14:40-15:10,66.87491068477522
2025-11-13,15:30-15:40,2.224700640650667
2025-11-13,16:00-16:10,18.693201830736257
2025-11-13,17:20-17:40,40.996700824920936
2025-11-13,18:50-19:00,2.75904049391238
2025-11-14,12:30-12:40,23.915577231162786
2025-11-15,4:00-4:20,41.489693165400126
2025-11-15,4:40-4:50,2.5951526526287694
2025-11-15,7:00-7:20,40.399589086278354
2025-11-15,12:30-12:40,14.745585326277023
2025-11-15,20:10-20:30,18.684956056187332
2025-11-15,21:00-21:10,14.715983739228648
2025-11-16,0:10-0:20,5.9360082438186055
2025-11-16,5:20-5:30,7.5928788773492215
2025-11-16,5:40-6:00,30.690455737216553
2025-11-16,6:30-6:40,1.927054713935263
2025-11-16,10:50-11:00,22.821323198255755
2025-11-16,16:00-16:10,13.521630887335618
2025-11-16,16:30-17:00,25.811288670928434
2025-11-16,17:20-18:00,156.76387704450372
2025-11-16,20:20-20:40,43.02421849847667
2025-11-16,21:20-21:30,17.590066704615992
2025-11-16,23:00-23:20,18.298986523768804
2025-11-16,23:50-0:00+1,4.3788647945528965
2025-11-17,0:50-1:10,25.448876182017784
2025-11-17,1:50-2:00,13.304745885714055
2025-11-17,17:30-17:40,32.20035019934414
2025-11-17,23:00-23:20,32.768571884275275
2025-11-18,5:40-5:50,2.6204035716779117
2025-11-18,11:30-11:50,35.093056434870164
2025-11-18,12:10-12:40,52.751467597420174
2025-11-18,13:50-14:00,9.04545210133324
2025-11-18,16:10-16:20,21.11463461333358
2025-11-18,18:50-19:00,24.868699436762313
2025-11-18,22:20-22:30,10.203224957115367
2025-11-18,22:50-23:00,14.08213667086602
2025-11-19,3:50-4:00,3.087055508010849
2025-11-19,5:40-6:00,81.5921362621865
2025-11-19,7:10-7:20,27.135779512864815
2025-11-19,10:20-10:30,18.49238911259161
2025-11-19,10:50-11:10,55.70703830572927
2025-11-19,11:20-11:30,1.1626849279265343
2025-11-19,12:30-12:50,5.738755890036941
2025-11-19,17:30-17:40,11.619447959256604
2025-11-19,18:00-18:20,15.061305800794912
2025-11-19,20:40-21:00,96.0713017904236
2025-11-19,22:50-23:10,10.047404335059355
2025-11-19,23:50-0:00+1,6.534320709490544
2025-11-20,3:30-3:40,3.2211558257090473
2025-11-20,5:30-5:40,3.688022521124367
2025-11-20,7:10-7:20,9.20198538129273
2025-11-20,8:00-8:10,20.146704705395223
2025-11-20,17:30-17:40,26.505063325983656
2025-11-20,18:00-18:10,34.746133378985064
2025-11-20,20:50-21:00,3.3680508414197448
2025-11-20,23:30-23:40,26.632707402480037
2025-11-21,2:40-2:50,2.8833580203886413
2025-11-21,3:20-3:40,44.87963834952785
2025-11-21,4:30-4:50,8.914474996020772
2025-11-21,5:30-5:50,9.386857373249597
2025-11-21,17:40-18:00,4.12980832932476
2025-11-21,20:50-21:00,5.557638014477732
2025-11-21,21:30-21:40,0.6900765008350049
2025-11-22,3:40-3:50,3.2871489702193344
2025-11-22,4:40-4:50,1.835797942787508
2025-11-22,20:50-21:00,18.85404757640856
2025-11-23,3:20-3:30,7.281108285029404
2025-11-23,4:50-5:00,30.868659715634976
2025-11-23,5:20-5:50,47.59358674056307
2025-11-23,7:20-7:40,20.938096590003966
2025-11-23,8:00-8:10,14.843369652397087
2025-11-23,17:30-17:40,37.80638616605984
2025-11-23,18:10-18:20,17.98437497355451
2025-11-24,4:40-4:50,4.439787870846089
2025-11-24,5:20-5:30,13.013073941242283
2025-11-24,5:40-6:10,38.586010261878755
2025-11-24,13:20-13:30,42.02489857259478
2025-11-24,15:30-15:40,14.007559564074086
2025-11-24,17:30-17:40,51.368892825262265
2025-11-24,20:50-21:00,16.7190808806281
2025-11-24,23:00-23:10,6.41783241644066
2025-11-24,23:40-0:00+1,31.11403835338251
2025-11-25,2:20-2:30,19.41513546109661
2025-11-25,3:20-3:30,2.026931599299246
2025-11-25,3:40-4:10,37.71903874434895
2025-11-25,4:50-5:00,9.32013500533651
2025-11-25,5:20-5:30,5.549144947202876
2025-11-25,8:20-9:00,70.73388331793637
2025-11-25,17:20-17:40,41.587330816826466
2025-11-25,21:20-21:30,18.22138658706126
2025-11-25,23:30-23:40,1.0501898057074186
2025-11-26,2:30-2:40,6.833623003663661
2025-11-26,5:20-5:30,3.104893351987812
2025-11-26,5:50-6:20,55.2007807357129
2025-11-26,11:00-11:20,33.13837409929977
2025-11-26,11:40-12:00,76.58590537628822
2025-11-26,12:20-12:30,70.73557885247567
2025-11-26,23:20-23:30,4.814828026861733
2025-11-27,4:00-4:10,4.975515787973222
2025-11-27,4:40-5:00,11.831579497178609
2025-11-27,5:40-6:00,30.57084908305137
2025-11-27,9:40-9:50,26.709537178636026
2025-11-27,15:40-16:00,28.65472026021621
2025-11-27,17:30-17:50,47.850926123392355
2025-11-27,20:20-20:30,10.500074680810485
2025-11-28,4:00-4:10,12.282787089047929
2025-11-28,4:50-5:00,12.380894268265365
2025-11-28,6:50-7:00,4.428640935074952
2025-11-28,19:30-19:40,0.20253739345832855
2025-11-29,4:20-4:30,32.84973657944602
2025-11-29,11:40-11:50,0.9515416701974573
2025-11-29,12:10-12:20,23.446878837051543
2025-11-29,12:30-12:40,49.90197082318724
2025-11-29,22:50-23:00,2.02858531189662
2025-11-29,23:40-23:50,3.3592143209814367
2025-11-30,1:30-1:40,4.48333137291263
2025-11-30,3:30-4:00,79.11393378298521
2025-11-30,4:20-4:30,11.704925441774776
2025-11-30,5:00-5:10,9.808691619469187
2025-11-30,5:40-5:50,3.2115448039880903
2025-11-30,6:00-6:20,25.65711619098863
2025-11-30,6:40-7:00,9.66416601129788
2025-11-30,8:00-8:10,0.47595411807901655
2025-11-30,11:50-13:20,387.2693577140777
2025-11-30,14:40-15:30,202.6782990329205
2025-11-30,17:20-17:40,44.504248657665926
2025-12-01,0:00-1:00,163.8042650023806
2025-12-01,1:20-8:20,2793.839330624451
2025-12-01,8:30-8:50,35.00262672926044
2025-12-01,9:00-9:20,7.629935473857529
2025-12-01,9:30-10:30,197.63166399272677
2025-12-01,10:50-11:00,85.1198349124146
2025-12-01,11:50-14:10,866.0456927979375
2025-12-01,14:40-15:30,126.56264633006259
2025-12-01,17:30-17:40,22.804723314506305
2025-12-01,17:50-18:10,38.68314459266469
2025-12-01,19:20-19:30,30.126880739326452
2025-12-01,21:00-21:10,2.5801565708034104
2025-12-01,21:40-21:50,24.388421545459437
2025-12-01,22:40-22:50,17.777613017822546
2025-12-01,23:40-0:00+1,62.37707903817943
2025-12-02,0:30-0:40,19.59265713461741
2025-12-02,1:10-3:10,392.25821442985387
2025-12-02,3:20-8:30,2241.1035344362467
2025-12-02,9:10-9:40,155.89298220813004
2025-12-02,9:50-11:50,943.6245778078408
2025-12-02,12:10-13:50,765.1736534545114
2025-12-02,14:00-16:20,544.9341514240638
2025-12-02,16:40-17:40,226.1766797736483
2025-12-02,18:00-18:20,23.310461766432127
2025-12-02,21:10-21:30,50.454989662708954
2025-12-02,23:00-23:20,24.00341736920882
2025-12-02,23:30-23:40,15.299298198515999
2025-12-03,0:10-0:20,18.220209231823446
2025-12-03,0:30-0:50,34.6597230430707
2025-12-03,1:00-8:10,2436.1992802209415
2025-12-03,8:50-10:20,276.59696446216486
2025-12-03,10:50-11:00,0.4361884331693773
2025-12-03,11:10-13:00,940.3028049610416
2025-12-03,13:20-13:40,225.2243133898653
2025-12-03,14:20-15:20,197.25903926081224
2025-12-03,16:20-16:30,14.050598868827478
2025-12-03,17:10-17:50,122.27104989250165
2025-12-03,21:40-21:50,32.48692908801445
2025-12-03,23:10-23:40,20.679352550097065
2025-12-04,0:00-0:20,23.73313062653756
2025-12-04,0:40-7:50,2914.154770909451
2025-12-04,8:00-9:40,711.4032231303443
2025-12-04,10:00-10:10,48.906580406422336
2025-12-04,10:20-10:30,24.48857189514601
2025-12-04,10:40-11:40,326.41369376650374
2025-12-04,12:10-12:40,149.23481292829774
2025-12-04,14:40-15:20,111.84031823151201
2025-12-04,15:30-16:10,50.16455723825595
2025-12-04,16:30-18:10,406.4309022430058
2025-12-04,19:50-20:00,17.87413577689904
2025-12-04,20:30-20:40,3.073546784085579
2025-12-04,22:40-23:10,57.78191584255467
2025-12-04,23:20-23:40,24.51909334109598
2025-12-05,0:20-0:30,18.656939177573122
2025-12-05,1:00-1:20,56.50351899695397
2025-12-05,1:40-3:20,393.12803115952846
2025-12-05,3:30-5:50,940.9500018814699
2025-12-05,6:00-8:00,641.1426057906542
2025-12-05,8:10-8:50,120.50274990254658
2025-12-05,9:10-9:30,28.543047115482267
2025-12-05,10:10-10:20,1.145346590189007
2025-12-05,12:50-13:00,24.071456769306508
2025-12-05,13:10-14:40,499.13878008612505
2025-12-05,15:00-15:20,56.796006885516746
2025-12-05,15:40-15:50,3.660361169087082
2025-12-05,17:00-18:10,182.1727193109158
2025-12-05,18:30-18:40,0.7176244340795392
2025-12-05,21:30-21:50,42.16221911854058
2025-12-05,23:20-23:40,65.87823819180625
2025-12-06,2:00-2:10,19.917800744447277
2025-12-06,3:40-3:50,10.843393869414854
2025-12-06,4:00-4:20,16.63022993298341
2025-12-06,4:30-5:10,105.79975783788325
2025-12-06,5:20-6:00,80.619967824046
2025-12-06,6:20-6:30,17.00929502825977
2025-12-06,6:50-7:20,88.40404329316982
2025-12-06,16:30-16:40,3.6695145510013845
2025-12-06,21:00-21:10,3.7212246647476377
2025-12-07,1:20-1:30,3.779753406999589
2025-12-07,2:30-2:50,21.419682790424645
2025-12-07,3:00-3:20,88.99305895224302
2025-12-07,3:50-4:00,0.3086768746529742
2025-12-07,4:20-5:30,296.14765678100923
2025-12-07,5:40-6:10,125.39712569374058
2025-12-07,6:20-7:00,143.25783936114806
2025-12-07,7:10-8:00,158.44245859297337
2025-12-07,15:30-15:40,14.099242600653042
2025-12-07,16:30-16:50,43.41941834483805
2025-12-07,17:20-17:50,101.69273415452471
2025-12-07,18:10-18:20,9.86058228051138
2025-12-07,18:30-18:40,10.284420199421561
2025-12-07,20:50-21:00,2.484152359996756
2025-12-08,4:50-5:00,8.48849750603631
2025-12-08,5:30-6:00,37.70018675265965
2025-12-08,6:20-6:40,51.886903947071914
2025-12-08,16:50-17:20,56.69649225383125
2025-12-08,17:30-17:40,20.173026061717792
2025-12-08,20:30-20:40,14.444257307681482
2025-12-09,5:20-5:30,6.8941058563814295
2025-12-09,6:00-6:30,60.80377103602393
2025-12-09,7:50-8:00,8.66471840299846
2025-12-09,8:40-8:50,2.6782911144662194
2025-12-09,17:20-17:40,60.67633176492848
2025-12-10,2:00-2:10,8.797344052002472
2025-12-10,5:00-5:10,32.66915036245814
2025-12-10,6:10-6:30,54.92157484297513
2025-12-10,15:30-15:40,0.9737695226974665
2025-12-10,16:20-16:40,23.84811572043145
2025-12-10,16:50-17:00,11.223928506997368
2025-12-10,17:20-17:40,30.07594807585781
2025-12-11,0:00-0:10,7.144517961030715
2025-12-11,6:00-6:10,21.327469833968735
2025-12-11,17:20-17:40,73.44405718788335
2025-12-13,5:50-6:10,18.755459194750756
2025-12-14,6:00-6:20,65.86655774936139
2025-12-14,6:40-7:00,18.001026475399954
2025-12-14,17:00-17:20,85.32969129473508
2025-12-14,17:30-17:40,44.080414432324915
2025-12-15,17:10-17:40,91.71494637733235
2025-12-16,6:20-6:30,1.2432887877454277
2025-12-16,17:10-17:40,59.55457531168213
2025-12-16,21:30-21:40,5.668019369302101
2025-12-17,3:00-3:10,6.943726142230389
2025-12-17,6:40-7:00,47.46515003560796
2025-12-17,8:00-8:10,8.380352093221973
2025-12-17,17:30-17:40,22.836190332628803
2025-12-17,23:30-23:40,9.29911576255347
2025-12-18,1:40-2:10,73.0630826080212
2025-12-18,3:00-3:20,19.872010220820925
2025-12-18,4:00-4:10,2.693278864553122
2025-12-18,16:50-17:40,66.80494872859072
2025-12-20,3:50-4:00,7.780359483321035
2025-12-20,4:40-4:50,7.158807332250035
2025-12-20,5:00-5:10,1.4511225777513346
2025-12-20,6:30-6:40,35.74760400568539
2025-12-20,17:20-17:50,31.325123732693328
2025-12-20,19:40-19:50,17.792665596720383
2025-12-20,21:40-21:50,9.652598219377182
2025-12-20,22:40-23:00,34.823729600255604
2025-12-21,1:10-1:20,22.5357726608745
2025-12-21,3:00-3:10,40.559677570527356
2025-12-21,3:30-3:50,154.38300081957573
2025-12-21,6:10-6:30,14.998261631672108
2025-12-21,7:50-8:00,0.6107366621015444
2025-12-21,16:50-17:00,1.4662916291183592
2025-12-21,17:20-17:40,41.33385761865179
2025-12-21,19:50-20:00,44.382587008231326
2025-12-22,0:00-0:20,51.92308061359745
2025-12-22,0:50-1:20,35.779936147395574
2025-12-22,1:40-2:00,19.145582321793654
2025-12-22,2:20-2:40,56.050429737760055
2025-12-22,3:20-3:30,24.679263278595954
2025-12-22,8:10-8:20,33.399453813463424
2025-12-22,17:00-17:20,42.226451010882556
2025-12-22,17:30-17:40,2.962989125047443
2025-12-22,17:50-18:00,5.105574294825374
2025-12-22,19:40-20:00,10.540947484675144
2025-12-22,23:40-23:50,7.200281268398157
2025-12-23,0:30-0:40,0.6347137966247374
2025-12-23,1:50-2:00,10.346354847440125
2025-12-23,2:30-2:40,5.164448824358487
2025-12-23,3:40-3:50,26.969771481533712
2025-12-23,17:20-17:50,69.2533726613841
2025-12-23,19:30-19:40,3.8006096216588503
2025-12-23,21:30-21:40,20.207965416284765
2025-12-23,23:30-23:40,3.527444848298728
2025-12-24,0:00-0:20,67.95819665222302
2025-12-24,2:20-2:40,27.377103022334836
2025-12-24,3:20-3:30,11.772669825662774
2025-12-24,3:50-4:00,8.387538751857164
2025-12-24,6:40-6:50,4.045259397351515
2025-12-24,7:50-8:00,8.590521017993524
2025-12-24,16:50-17:10,19.779915874486733
2025-12-24,23:30-23:50,18.576825935511465
2025-12-25,0:30-0:40,2.870805339007802
2025-12-25,1:00-1:20,33.30966108424968
2025-12-25,2:30-2:40,4.1689518939294885
2025-12-25,4:40-5:00,28.943971205863363
2025-12-25,6:00-6:20,54.792614555236014
2025-12-25,6:50-7:00,10.990622480902744
2025-12-25,7:50-8:00,4.22262545816352
2025-12-25,17:00-17:20,10.441635478394346
2025-12-25,17:30-18:00,58.7547560958302
2025-12-25,23:20-23:40,34.28469963469979
2025-12-26,0:20-0:30,15.121749013427234
2025-12-26,2:20-2:30,6.871744624151233
2025-12-26,5:20-5:30,4.766539140093073
2025-12-26,6:10-6:20,3.7713499469616636
2025-12-26,17:40-17:50,0.9473886429793765
2025-12-27,0:30-0:40,3.6892361523446198
2025-12-27,3:30-3:50,53.76005049836738
2025-12-27,16:50-17:00,1.6876088431452558
2025-12-27,17:20-17:30,5.630744204264715
2025-12-27,17:50-18:00,40.19819909297331
2025-12-27,18:30-18:50,30.412901400284
2025-12-27,22:30-22:40,11.055721825520834
2025-12-28,0:00-0:20,30.987619304047485
2025-12-28,0:30-0:40,2.743063615850133
2025-12-28,2:20-2:40,56.739910711478274
2025-12-28,3:20-3:30,39.559363204998476
2025-12-28,6:40-6:50,4.021024086241141
2025-12-28,7:50-8:20,92.14962127647618
2025-12-28,17:30-18:00,100.99299840864069
2025-12-28,18:20-18:40,17.130413317625766
2025-12-28,21:20-21:40,10.27933093632123
2025-12-29,0:50-1:00,10.780795351541656
2025-12-29,1:30-1:50,8.497035170630738
2025-12-29,2:50-3:00,27.342363516159935
2025-12-29,4:20-4:30,11.813457421882958
2025-12-29,6:10-6:30,25.299196222639353
2025-12-29,16:20-16:30,10.617535662420323
2025-12-29,16:50-17:00,22.82972636568411
2025-12-29,19:40-20:00,26.597817413322673
2025-12-29,21:20-21:40,25.14202288943875
2025-12-29,22:30-22:40,10.934569656774784
2025-12-30,0:20-0:40,8.431090688425229
2025-12-30,3:50-4:10,20.42602773210308
2025-12-30,5:30-5:40,20.403277705605888
2025-12-30,8:00-8:20,58.30074243706815
2025-12-30,17:30-17:40,11.004084540585382
2025-12-30,18:40-18:50,4.108804820524938
2025-12-30,19:50-20:00,15.812536626643464
2025-12-30,21:20-21:40,18.533845162895886
2025-12-30,22:10-22:20,15.001470101153927
2025-12-31,1:40-1:50,31.368414342313145
2025-12-31,2:50-3:00,26.430521669024756
2025-12-31,3:30-3:40,0.5807268126674217
2025-12-31,4:50-5:00,14.036053920712334
2025-12-31,14:30-14:50,7.797716850511108
2025-12-31,17:30-17:40,1.6985543807650174
2025-12-31,19:20-19:30,2.9604956537310727
2025-12-31,21:10-21:30,13.279601373767036
2025-12-31,22:00-22:10,20.558599981278576
2025-12-31,23:40-0:00+1,63.67116340130417
