日期,时间段,充电量_kWh,放电量_kWh,时段初储能_kWh,时段末储能_kWh
2025-02-01,0:00-4:00,4499.999999999999,0.0,6000.0,10050.0
2025-02-01,4:00-8:00,833.3333333333333,6577.451618143237,10050.0,3491.7204242852936
2025-02-01,8:00-12:00,5709.458247822889,2062.548381856764,3491.7204242852936,6338.5124230406
2025-02-01,12:00-16:00,5195.416330614158,192.94840853400893,6338.5124230406,10800.0
2025-02-01,16:00-20:00,0.0,6342.920685741439,10800.0,3752.310349176181
2025-02-01,20:00-24:00,0.0,2297.079314258563,3752.310349176181,1200.0
2025-02-02,0:00-4:00,9000.0,0.0,1200.0,9300.0
2025-02-02,4:00-8:00,2500.0,1508.3333333333333,9300.0,9874.074074074075
2025-02-02,8:00-12:00,5833.333333333333,7806.666666666668,9874.074074074075,6450.0
2025-02-02,12:00-16:00,8244.926059143916,2763.390107906571,6450.0,10800.0
2025-02-02,16:00-20:00,0.0,5602.493678937324,10800.0,4575.007023402973
2025-02-02,20:00-24:00,0.0,3037.5063210626754,4575.007023402973,1200.0
2025-02-03,0:00-4:00,9000.0,0.0,1200.0,9300.0
2025-02-03,4:00-8:00,2500.0,1508.3333333333333,9300.0,9874.074074074075
2025-02-03,8:00-12:00,5833.333333333333,7806.666666666668,9874.074074074075,6450.0
2025-02-03,12:00-16:00,8113.686013744191,2657.085671132794,6450.0,10800.0
2025-02-03,16:00-20:00,0.0,5636.672168331914,10800.0,4537.030924075652
2025-02-03,20:00-24:00,0.0,3003.3278316680876,4537.030924075652,1200.0
2025-02-04,0:00-4:00,9000.0,0.0,1200.0,9300.0
2025-02-04,4:00-8:00,2500.0,1508.3333333333333,9300.0,9874.074074074075
2025-02-04,8:00-12:00,5833.333333333333,7806.666666666668,9874.074074074075,6450.0
2025-02-04,12:00-16:00,8112.727143614307,2656.308986327588,6450.0,10800.0
2025-02-04,16:00-20:00,0.0,5582.10341075713,10800.0,4597.66287693652
2025-02-04,20:00-24:00,0.0,3057.896589242868,4597.66287693652,1200.0
2025-02-05,0:00-4:00,9000.0,0.0,1200.0,9300.0
2025-02-05,4:00-8:00,2500.0,1789.5710536500765,9300.0,9561.587718166582
2025-02-05,8:00-12:00,5833.333333333333,7525.428946349924,9561.587718166582,6450.0
2025-02-05,12:00-16:00,7125.156670428271,1856.3769030468989,6450.0,10800.0
2025-02-05,16:00-20:00,0.0,5720.451050689793,10800.0,4443.943277011338
2025-02-05,20:00-24:00,0.0,2919.548949310204,4443.943277011338,1200.0
2025-02-06,0:00-4:00,9000.0,0.0,1200.0,9300.0
2025-02-06,4:00-8:00,2500.0,1666.6666666666665,9300.0,9698.14814814815
2025-02-06,8:00-12:00,5833.333333333333,7648.333333333336,9698.14814814815,6450.0
2025-02-06,12:00-16:00,7500.0,2160.000000000002,6450.0,10800.0
2025-02-06,16:00-20:00,0.0,5689.025971363827,10800.0,4478.860031817969
2025-02-06,20:00-24:00,0.0,2950.974028636172,4478.860031817969,1200.0
2025-02-07,0:00-4:00,9000.0,0.0,1200.0,9300.0
2025-02-07,4:00-8:00,1666.6666666666665,7003.580724408899,9300.0,3018.2436395456684
2025-02-07,8:00-12:00,5773.42070941243,1636.4192755911015,3018.2436395456684,6396.078638471188
2025-02-07,12:00-16:00,4919.993920343522,21.665850102319716,6396.078638471188,10800.0
2025-02-07,16:00-20:00,0.0,6251.332889863848,10800.0,3854.074566817946
2025-02-07,20:00-24:00,0.0,2388.667110136151,3854.074566817946,1200.0
2025-02-08,0:00-4:00,9000.0,0.0,1200.0,9300.0
2025-02-08,4:00-8:00,1666.6666666666665,6636.033472590383,9300.0,3426.629474899578
2025-02-08,8:00-12:00,4268.617797412624,1162.8674679376008,3426.629474899578,5976.310528195827
2025-02-08,12:00-16:00,5359.654968671306,0.0,5976.310528195827,10800.0
2025-02-08,16:00-20:00,0.0,6249.50030930176,10800.0,3856.110767442488
2025-02-08,20:00-24:00,0.0,2390.499690698239,3856.110767442488,1200.0
2025-02-09,0:00-4:00,9000.0,0.0,1200.0,9300.0
2025-02-09,4:00-8:00,2500.0,1968.8448268422908,9300.0,9362.3946368419
2025-02-09,8:00-12:00,5833.333333333333,7346.155173157709,9362.3946368419,6450.0
2025-02-09,12:00-16:00,7295.154206946338,1994.0749076265347,6450.0,10800.0
2025-02-09,16:00-20:00,0.0,5742.847920068909,10800.0,4419.057866590102
2025-02-09,20:00-24:00,0.0,2897.152079931092,4419.057866590102,1200.0
2025-02-10,0:00-4:00,9000.0,0.0,1200.0,9300.0
2025-02-10,4:00-8:00,2500.0,2458.639556953449,9300.0,8818.178270051723
2025-02-10,8:00-12:00,5833.333333333333,6856.360443046549,8818.178270051723,6450.0
2025-02-10,12:00-16:00,7158.923682497321,1883.7281828228308,6450.0,10800.0
2025-02-10,16:00-20:00,0.0,5743.690155549155,10800.0,4418.122049389829
2025-02-10,20:00-24:00,0.0,2896.309844450846,4418.122049389829,1200.0
2025-02-11,0:00-4:00,9000.0,0.0,1200.0,9300.0
2025-02-11,4:00-8:00,2500.0,2059.349695195379,9300.0,9261.833672005136
2025-02-11,8:00-12:00,5833.333333333333,7255.65030480462,9261.833672005136,6450.0
2025-02-11,12:00-16:00,7500.0,2160.000000000001,6450.0,10800.0
2025-02-11,16:00-20:00,0.0,5731.634445102152,10800.0,4431.517283219831
2025-02-11,20:00-24:00,0.0,2908.365554897848,4431.517283219831,1200.0
2025-02-12,0:00-4:00,9000.0,0.0,1200.0,9300.0
2025-02-12,4:00-8:00,2500.0,1692.7309496777514,9300.0,9669.187833691389
2025-02-12,8:00-12:00,5833.333333333333,7622.269050322249,9669.187833691389,6450.0
2025-02-12,12:00-16:00,7500.0,2160.0,6450.0,10800.0
2025-02-12,16:00-20:00,0.0,5695.869160208778,10800.0,4471.256488656914
2025-02-12,20:00-24:00,0.0,2944.130839791223,4471.256488656914,1200.0
2025-02-13,0:00-4:00,9000.0,0.0,1200.0,9300.0
2025-02-13,4:00-8:00,2500.0,1508.3333333333333,9300.0,9874.074074074075
2025-02-13,8:00-12:00,5833.333333333333,7806.666666666668,9874.074074074075,6450.0
2025-02-13,12:00-16:00,7095.298614597951,1832.1918778243403,6450.0,10800.0
2025-02-13,16:00-20:00,0.0,5680.64531265811,10800.0,4488.171874824322
2025-02-13,20:00-24:00,0.0,2959.3546873418895,4488.171874824322,1200.0
2025-02-14,0:00-4:00,9000.0,0.0,1200.0,9300.0
2025-02-14,4:00-8:00,1666.6666666666665,6656.603380189219,9300.0,3403.7740220119804
2025-02-14,8:00-12:00,4909.871849612227,1367.0545744969622,3403.7740220119804,6303.709159444139
2025-02-14,12:00-16:00,5022.773120012675,21.78447070999249,6303.709159444139,10800.0
2025-02-14,16:00-20:00,0.0,6274.695372602966,10800.0,3828.1162526633716
2025-02-14,20:00-24:00,0.0,2365.3046273970344,3828.1162526633716,1200.0
2025-02-15,0:00-4:00,9000.0,0.0,1200.0,9300.0
2025-02-15,4:00-8:00,1666.6666666666665,6725.966072118352,9300.0,3326.704364312942
2025-02-15,8:00-12:00,3556.7286338844788,406.52065473971345,3326.704364312942,6076.070518431514
2025-02-15,12:00-16:00,5248.810535076094,0.0,6076.070518431514,10800.0
2025-02-15,16:00-20:00,0.0,6262.639424168167,10800.0,3841.5117509242573
2025-02-15,20:00-24:00,0.0,2377.3605758318317,3841.5117509242573,1200.0
2025-02-16,0:00-4:00,9000.0,0.0,1200.0,9300.0
2025-02-16,4:00-8:00,2500.0,2457.903367596642,9300.0,8818.996258225954
2025-02-16,8:00-12:00,5833.333333333333,6693.238023227717,8818.996258225954,6632.065121306268
2025-02-16,12:00-16:00,7475.56399639991,2304.0654462595676,6632.065121306268,10800.0
2025-02-16,16:00-20:00,0.0,5757.3727096340135,10800.0,4402.919211517763
2025-02-16,20:00-24:00,0.0,2882.627290365987,4402.919211517763,1200.0
2025-02-17,0:00-4:00,9000.0,0.0,1200.0,9300.0
2025-02-17,4:00-8:00,2500.0,2452.2826311213694,9300.0,8825.241520976258
2025-02-17,8:00-12:00,5833.333333333333,6641.971915634076,8825.241520976258,6695.272725827284
2025-02-17,12:00-16:00,7210.534555874172,2146.278443502635,6695.272725827284,10800.0
2025-02-17,16:00-20:00,0.0,5715.457873335519,10800.0,4449.491251849423
2025-02-17,20:00-24:00,0.0,2924.5421266644807,4449.491251849423,1200.0
2025-02-18,0:00-4:00,9000.0,0.0,1200.0,9300.0
2025-02-18,4:00-8:00,2500.0,2629.1273130177856,9300.0,8628.747429980238
2025-02-18,8:00-12:00,5833.333333333333,6145.872686982214,8628.747429980238,7050.0
2025-02-18,12:00-16:00,6544.5374595811045,1926.0753422606972,7050.0,10800.0
2025-02-18,16:00-20:00,0.0,5759.850525350588,10800.0,4400.166082943791
2025-02-18,20:00-24:00,0.0,2880.149474649412,4400.166082943791,1200.0
2025-02-19,0:00-4:00,9000.0,0.0,1200.0,9300.0
2025-02-19,4:00-8:00,2500.0,2430.304138640082,9300.0,8849.662068177688
2025-02-19,8:00-12:00,5833.333333333333,6672.518242038303,8849.662068177688,6685.7529103573515
2025-02-19,12:00-16:00,7500.0,2372.1776193216147,6685.7529103573515,10800.0
2025-02-19,16:00-20:00,0.0,5720.704392885739,10800.0,4443.6617856825105
2025-02-19,20:00-24:00,0.0,2919.295607114259,4443.6617856825105,1200.0
2025-02-20,0:00-4:00,9000.0,0.0,1200.0,9300.0
2025-02-20,4:00-8:00,2500.0,2462.229872812643,9300.0,8814.189030208176
2025-02-20,8:00-12:00,5833.333333333333,6410.782564457246,8814.189030208176,6941.097291922346
2025-02-20,12:00-16:00,7203.074973387661,2361.4782911741177,6941.097291922346,10800.0
2025-02-20,16:00-20:00,0.0,5735.193089795386,10800.0,4427.56323356068
2025-02-20,20:00-24:00,0.0,2904.806910204612,4427.56323356068,1200.0
2025-02-21,0:00-4:00,9000.0,0.0,1200.0,9300.0
2025-02-21,4:00-8:00,1666.6666666666665,6809.964169133459,9300.0,3233.3731454072686
2025-02-21,8:00-12:00,4520.533904948601,905.6122946321243,3233.3731454072686,6295.617776936427
2025-02-21,12:00-16:00,5004.8691367373085,0.0,6295.617776936427,10800.0
2025-02-21,16:00-20:00,0.0,6247.272939568566,10800.0,3858.585622701594
2025-02-21,20:00-24:00,0.0,2392.727060431434,3858.585622701594,1200.0
2025-02-22,0:00-4:00,7668.673951174081,0.0,1200.0,8101.806556056673
2025-02-22,4:00-8:00,1666.6666666666665,6665.972714068671,8101.806556056673,2195.170207091481
2025-02-22,8:00-12:00,5107.879637814143,458.41606668601713,2195.170207091481,6282.910695917525
2025-02-22,12:00-16:00,5018.988115647193,0.0,6282.910695917525,10800.0
2025-02-22,16:00-20:00,0.0,6301.302212825892,10800.0,3798.553096860119
2025-02-22,20:00-24:00,0.0,2338.697787174107,3798.553096860119,1200.0
2025-02-23,0:00-4:00,9000.0,0.0,1200.0,9300.0
2025-02-23,4:00-8:00,2500.0,2596.2377501911014,9300.0,8665.291388676555
2025-02-23,8:00-12:00,5833.333333333333,6178.762249808897,8665.291388676555,7050.0
2025-02-23,12:00-16:00,6885.896240650349,2202.5759549267827,7050.0,10800.0
2025-02-23,16:00-20:00,0.0,5763.492678833874,10800.0,4396.119245740138
2025-02-23,20:00-24:00,0.0,2876.5073211661233,4396.119245740138,1200.0
2025-02-24,0:00-4:00,9000.0,0.0,1200.0,9300.0
2025-02-24,4:00-8:00,2500.0,4027.9198001664154,9300.0,7074.533555370651
2025-02-24,8:00-12:00,5863.284406699849,4884.22574170427,7074.533555370651,6924.572030617992
2025-02-24,12:00-16:00,6879.2827625099635,2084.333865189265,6924.572030617992,10800.0
2025-02-24,16:00-20:00,0.0,5774.996905101094,10800.0,4383.336772109893
2025-02-24,20:00-24:00,0.0,2865.0030948989033,4383.336772109893,1200.0
2025-02-25,0:00-4:00,9000.0,0.0,1200.0,9300.0
2025-02-25,4:00-8:00,2500.0,3224.1189813442916,9300.0,7967.645576284122
2025-02-25,8:00-12:00,5862.517299685362,5575.9079581257865,7967.645576284122,7048.457859194517
2025-02-25,12:00-16:00,6952.956929000933,2255.5071857658227,7048.457859194517,10800.0
2025-02-25,16:00-20:00,0.0,5745.07370960535,10800.0,4416.584767105167
2025-02-25,20:00-24:00,0.0,2894.92629039465,4416.584767105167,1200.0
2025-02-26,0:00-4:00,9000.0,0.0,1200.0,9300.0
2025-02-26,4:00-8:00,2500.0,3896.683266506059,9300.0,7220.351926104379
2025-02-26,8:00-12:00,5842.007793798962,5051.041863576108,7220.351926104379,6865.890203216659
2025-02-26,12:00-16:00,6357.723768689998,1609.0574355338917,6865.890203216659,10800.0
2025-02-26,16:00-20:00,0.0,5729.605350071575,10800.0,4433.771833253805
2025-02-26,20:00-24:00,0.0,2910.3946499284248,4433.771833253805,1200.0
2025-02-27,0:00-4:00,9000.0,0.0,1200.0,9300.0
2025-02-27,4:00-8:00,2500.0,3883.974641250913,9300.0,7234.472620832321
2025-02-27,8:00-12:00,5935.582333964316,5138.1344469232445,7234.472620832321,6867.458447041045
2025-02-27,12:00-16:00,6006.257689493412,1325.781330826603,6867.458447041045,10800.0
2025-02-27,16:00-20:00,0.0,5726.592400064246,10800.0,4437.119555484169
2025-02-27,20:00-24:00,0.0,2913.4075999357524,4437.119555484169,1200.0
2025-02-28,0:00-4:00,7493.160155475861,0.0,1200.0,7943.844139928276
2025-02-28,4:00-8:00,1666.6666666666665,6739.286430516379,7943.844139928276,1955.748106021186
2025-02-28,8:00-12:00,4500.558908509343,199.49600359710462,1955.748106021186,5784.5888974605905
2025-02-28,12:00-16:00,5579.825338881669,5.7885322086841455,5784.5888974605905,10800.0
2025-02-28,16:00-20:00,0.0,6285.16931366507,10800.0,3816.4785403721453
2025-02-28,20:00-24:00,0.0,2354.8306863349303,3816.4785403721453,1200.0
2025-03-01,0:00-4:00,6666.666666666666,0.0,1200.0,7200.0
2025-03-01,4:00-8:00,1318.2039436058544,6361.30227171121,7200.0,1318.2699140105904
2025-03-01,8:00-12:00,4874.122375219977,106.44292260953137,1318.2699140105904,5586.71013769798
2025-03-01,12:00-16:00,5792.5442914466885,0.0,5586.71013769798,10800.0
2025-03-01,16:00-20:00,0.0,6170.492341303418,10800.0,3943.8973985517564
2025-03-01,20:00-24:00,0.0,2469.5076586965806,3943.8973985517564,1200.0
2025-03-02,0:00-4:00,9000.0,0.0,1200.0,9300.0
2025-03-02,4:00-8:00,2500.0,3720.8325018101486,9300.0,7415.741664655393
2025-03-02,8:00-12:00,5833.333333333333,5594.167498189854,7415.741664655393,6450.0
2025-03-02,12:00-16:00,5753.152275611057,745.0533432449541,6450.0,10800.0
2025-03-02,16:00-20:00,0.0,5655.582438819027,10800.0,4516.019512423302
2025-03-02,20:00-24:00,0.0,2984.417561180972,4516.019512423302,1200.0
2025-03-03,0:00-4:00,9000.0,0.0,1200.0,9300.0
2025-03-03,4:00-8:00,2500.0,4830.620622338634,9300.0,6182.643752957074
2025-03-03,8:00-12:00,5867.911713327689,4484.3793776613675,6182.643752957074,6481.12054199492
2025-03-03,12:00-16:00,5821.338515470479,828.2926853265149,6481.12054199492,10800.0
2025-03-03,16:00-20:00,0.0,5694.377477374366,10800.0,4472.9139140284815
2025-03-03,20:00-24:00,0.0,2945.622522625634,4472.9139140284815,1200.0
2025-03-04,0:00-4:00,9000.0,0.0,1200.0,9300.0
2025-03-04,4:00-8:00,2500.0,4729.791600978489,9300.0,6294.6759989127895
2025-03-04,8:00-12:00,5922.189783999427,4589.799136795262,6294.6759989127895,6524.869985850873
2025-03-04,12:00-16:00,5923.37189771874,950.3142244179647,6524.869985850873,10800.0
2025-03-04,16:00-20:00,0.0,5697.29617358309,10800.0,4469.67091824101
2025-03-04,20:00-24:00,0.0,2942.703826416909,4469.67091824101,1200.0
2025-03-05,0:00-4:00,9000.0,0.0,1200.0,9300.0
2025-03-05,4:00-8:00,2500.0,4269.372204773975,9300.0,6806.253105806695
2025-03-05,8:00-12:00,5858.28690440492,5045.627795226025,6806.253105806695,6472.458213964429
2025-03-05,12:00-16:00,6001.128547699322,966.126516204437,6472.458213964429,10800.0
2025-03-05,16:00-20:00,0.0,5672.925223772034,10800.0,4496.749751364408
2025-03-05,20:00-24:00,0.0,2967.074776227968,4496.749751364408,1200.0
2025-03-06,0:00-4:00,9000.0,0.0,1200.0,9300.0
2025-03-06,4:00-8:00,2500.0,4074.4421398226054,9300.0,7022.842066863772
2025-03-06,8:00-12:00,5857.209688271556,5240.557860177394,7022.842066863772,6471.4887194444
2025-03-06,12:00-16:00,5721.103979167128,738.4340706253381,6471.4887194444,10800.0
2025-03-06,16:00-20:00,0.0,5662.619308247449,10800.0,4508.200768613945
2025-03-06,20:00-24:00,0.0,2977.3806917525503,4508.200768613945,1200.0
2025-03-07,0:00-4:00,6666.666666666666,0.0,1200.0,7200.0
2025-03-07,4:00-8:00,1044.7297744834607,6137.365136016859,7200.0,1320.9622014608274
2025-03-07,8:00-12:00,5057.140602592153,108.8659813147446,1320.9622014608274,5751.426542332939
2025-03-07,12:00-16:00,5609.526064074515,0.0,5751.426542332939,10800.0
2025-03-07,16:00-20:00,0.0,6210.084472132309,10800.0,3899.906142075212
2025-03-07,20:00-24:00,0.0,2429.9155278676903,3899.906142075212,1200.0
2025-03-08,0:00-4:00,6406.403410893888,0.0,1200.0,6965.7630698044995
2025-03-08,4:00-8:00,833.3333333333333,5843.192445526558,6965.7630698044995,1223.3270192194357
2025-03-08,8:00-12:00,5000.862319265032,20.994317297492074,1223.3270192194357,5700.77608733853
2025-03-08,12:00-16:00,5665.8043474016295,0.0,5700.77608733853,10800.0
2025-03-08,16:00-20:00,0.0,6229.289530134163,10800.0,3878.5671887398207
2025-03-08,20:00-24:00,0.0,2410.710469865838,3878.5671887398207,1200.0
2025-03-09,0:00-4:00,9000.0,0.0,1200.0,9300.0
2025-03-09,4:00-8:00,2500.0,3567.750598558545,9300.0,7585.8326682682855
2025-03-09,8:00-12:00,5840.401372323666,5212.974513023627,7585.8326682682855,7050.0
2025-03-09,12:00-16:00,5942.039215215716,1438.0517643247294,7050.0,10800.0
2025-03-09,16:00-20:00,0.0,5660.579970737958,10800.0,4510.466699180047
2025-03-09,20:00-24:00,0.0,2979.4200292620417,4510.466699180047,1200.0
2025-03-10,0:00-4:00,9000.0,0.0,1200.0,9300.0
2025-03-10,4:00-8:00,2500.0,4387.488196887487,9300.0,6675.0131145694595
2025-03-10,8:00-12:00,5861.118679120951,4927.511803112513,6675.0131145694595,6475.006811208857
2025-03-10,12:00-16:00,5940.929622230178,919.6591240944133,6475.006811208857,10800.0
2025-03-10,16:00-20:00,0.0,5636.628099342741,10800.0,4537.079889619177
2025-03-10,20:00-24:00,0.0,3003.3719006572596,4537.079889619177,1200.0
2025-03-11,0:00-4:00,9000.0,0.0,1200.0,9300.0
2025-03-11,4:00-8:00,2500.0,4945.633395098262,9300.0,6054.851783224153
2025-03-11,8:00-12:00,6050.2966840682475,4375.86545525745,6054.851783224153,6638.046070821743
2025-03-11,12:00-16:00,5411.02554325064,637.1721537725866,6638.046070821743,10800.0
2025-03-11,16:00-20:00,0.0,5654.0162818710705,10800.0,4517.759686809921
2025-03-11,20:00-24:00,0.0,2985.983718128928,4517.759686809921,1200.0
2025-03-12,0:00-4:00,9000.0,0.0,1200.0,9300.0
2025-03-12,4:00-8:00,2005.582379855925,5056.119362117862,9300.0,5487.113739517152
2025-03-12,8:00-12:00,5949.434670183669,3858.402365565436,5487.113739517152,6554.491203165302
2025-03-12,12:00-16:00,5595.834523428923,711.6680468262002,6554.491203165302,10800.0
2025-03-12,16:00-20:00,0.0,5662.791083376272,10800.0,4508.009907359696
2025-03-12,20:00-24:00,0.0,2977.2089166237256,4508.009907359696,1200.0
2025-03-13,0:00-4:00,9000.0,0.0,1200.0,9300.0
2025-03-13,4:00-8:00,2500.0,4935.237856806015,9300.0,6066.40238132665
2025-03-13,8:00-12:00,6003.942048047351,4379.762143193985,6066.40238132665,6603.547843242616
2025-03-13,12:00-16:00,5287.24960604158,505.8652398120345,6603.547843242616,10800.0
2025-03-13,16:00-20:00,0.0,5670.916480666993,10800.0,4498.9816881477855
2025-03-13,20:00-24:00,0.0,2969.0835193330076,4498.9816881477855,1200.0
2025-03-14,0:00-4:00,6032.314124413101,0.0,1200.0,6629.0827119717915
2025-03-14,4:00-8:00,833.3333333333333,5513.962910812201,6629.0827119717915,1252.4572555137902
2025-03-14,8:00-12:00,4199.138974847593,47.211529962411205,1252.4572555137902,4979.225077362834
2025-03-14,12:00-16:00,6467.527691819071,0.0,4979.225077362834,10800.0
2025-03-14,16:00-20:00,0.0,6161.084634333908,10800.0,3954.350406295658
2025-03-14,20:00-24:00,0.0,2478.915365666093,3954.350406295658,1200.0
2025-03-15,0:00-4:00,6832.278313909192,0.0,1200.0,7349.050482518273
2025-03-15,4:00-8:00,1666.6666666666665,4877.726188865052,7349.050482518273,3429.354717112659
2025-03-15,8:00-12:00,3441.6831913863098,85.06780139645186,3429.354717112659,6432.349810030948
2025-03-15,12:00-16:00,4876.980441808371,19.4689868926323,6432.349810030948,10800.0
2025-03-15,16:00-20:00,0.0,6271.876082228633,10800.0,3831.248797523741
2025-03-15,20:00-24:00,0.0,2368.123917771367,3831.248797523741,1200.0
2025-03-16,0:00-4:00,9000.0,0.0,1200.0,9300.0
2025-03-16,4:00-8:00,2500.0,4439.753996369215,9300.0,6616.9400040342025
2025-03-16,8:00-12:00,5833.333333333333,4462.652887508322,6616.9400040342025,6908.436795691622
2025-03-16,12:00-16:00,5926.7339908313925,1298.247648695889,6908.436795691622,10800.0
2025-03-16,16:00-20:00,0.0,5661.065382417987,10800.0,4509.927352868902
2025-03-16,20:00-24:00,0.0,2978.934617582011,4509.927352868902,1200.0
2025-03-17,0:00-4:00,9000.0,0.0,1200.0,9300.0
2025-03-17,4:00-8:00,2500.0,4448.851583818406,9300.0,6606.831573535105
2025-03-17,8:00-12:00,5833.333333333333,4841.134948568921,6606.831573535105,6477.792741791861
2025-03-17,12:00-16:00,5846.53243190466,845.7047374554526,6477.792741791861,10800.0
2025-03-17,16:00-20:00,0.0,5676.494107707824,10800.0,4492.784324769083
2025-03-17,20:00-24:00,0.0,2963.5058922921744,4492.784324769083,1200.0
2025-03-18,0:00-4:00,9000.0,0.0,1200.0,9300.0
2025-03-18,4:00-8:00,2500.0,4374.399631637663,9300.0,6689.55596484704
2025-03-18,8:00-12:00,5833.333333333333,4754.238871825985,6689.55596484704,6657.068329484833
2025-03-18,12:00-16:00,5833.333333333333,996.3614965363524,6657.068329484833,10800.0
2025-03-18,16:00-20:00,0.0,5691.6170351700775,10800.0,4475.981072033247
2025-03-18,20:00-24:00,0.0,2948.3829648299215,4475.981072033247,1200.0
2025-03-19,0:00-4:00,9000.0,0.0,1200.0,9300.0
2025-03-19,4:00-8:00,2500.0,4658.871392081209,9300.0,6373.476231020879
2025-03-19,8:00-12:00,5833.333333333333,4506.516533798158,6373.476231020879,6616.235637911814
2025-03-19,12:00-16:00,5895.410510263034,1009.8945874336891,6616.235637911814,10800.0
2025-03-19,16:00-20:00,0.0,5662.6871278171875,10800.0,4508.125413536459
2025-03-19,20:00-24:00,0.0,2977.3128721828134,4508.125413536459,1200.0
2025-03-20,0:00-4:00,9000.0,0.0,1200.0,9300.0
2025-03-20,4:00-8:00,2488.869408384715,4739.634329935205,9300.0,6273.722100951572
2025-03-20,8:00-12:00,5833.333333333333,4566.349890856414,6273.722100951572,6450.0
2025-03-20,12:00-16:00,5833.333333333333,809.9999999999986,6450.0,10800.0
2025-03-20,16:00-20:00,0.0,5644.343217260648,10800.0,4528.507536377057
2025-03-20,20:00-24:00,0.0,2995.656782739351,4528.507536377057,1200.0
2025-03-21,0:00-4:00,5915.912921088199,0.0,1200.0,6524.32162897938
2025-03-21,4:00-8:00,833.3333333333333,4594.0591932420575,6524.32162897938,2169.811414265983
2025-03-21,8:00-12:00,4563.171590867085,60.259817803404545,2169.811414265983,6209.7104929314655
2025-03-21,12:00-16:00,5100.321674520591,0.0,6209.7104929314655,10800.0
2025-03-21,16:00-20:00,0.0,6161.291628945973,10800.0,3954.120412282251
2025-03-21,20:00-24:00,0.0,2478.708371054025,3954.120412282251,1200.0
2025-03-22,0:00-4:00,6666.666666666666,0.0,1200.0,7200.0
2025-03-22,4:00-8:00,1484.2877469930459,4451.135533021455,7200.0,3590.1528244921255
2025-03-22,8:00-12:00,3249.101013070085,47.519823370219086,3590.1528244921255,6461.543932510516
2025-03-22,12:00-16:00,4820.506741654985,0.0,6461.543932510516,10800.0
2025-03-22,16:00-20:00,0.0,6204.942010436148,10800.0,3905.61998840428
2025-03-22,20:00-24:00,0.0,2435.0579895638516,3905.61998840428,1200.0
2025-03-23,0:00-4:00,9000.0,0.0,1200.0,9300.0
2025-03-23,4:00-8:00,2324.429216881374,4756.013806049306,9300.0,6107.526510694006
2025-03-23,8:00-12:00,5833.333333333333,4032.4233790227117,6107.526510694006,6877.056089557658
2025-03-23,12:00-16:00,5833.333333333333,1194.35048060189,6877.056089557658,10800.0
2025-03-23,16:00-20:00,0.0,5688.385087959636,10800.0,4479.572124489294
2025-03-23,20:00-24:00,0.0,2951.6149120403643,4479.572124489294,1200.0
2025-03-24,0:00-4:00,9000.0,0.0,1200.0,9300.0
2025-03-24,4:00-8:00,1843.2068984438615,4639.538923231925,9300.0,5803.842960564002
2025-03-24,8:00-12:00,5833.333333333333,3938.110338935878,5803.842960564002,6678.164806190804
2025-03-24,12:00-16:00,5833.333333333333,1015.3483255717229,6678.164806190804,10800.0
2025-03-24,16:00-20:00,0.0,5690.875785496761,10800.0,4476.804682781378
2025-03-24,20:00-24:00,0.0,2949.12421450324,4476.804682781378,1200.0
2025-03-25,0:00-4:00,9000.0,0.0,1200.0,9300.0
2025-03-25,4:00-8:00,1899.1764261433004,4576.224262635188,9300.0,5924.565158378759
2025-03-25,8:00-12:00,5833.333333333333,4252.108642540883,5924.565158378759,6450.0
2025-03-25,12:00-16:00,5897.0659153976185,861.6233914720704,6450.0,10800.0
2025-03-25,16:00-20:00,0.0,5674.941230413613,10800.0,4494.509743984873
2025-03-25,20:00-24:00,0.0,2965.058769586386,4494.509743984873,1200.0
2025-03-26,0:00-4:00,9000.0,0.0,1200.0,9300.0
2025-03-26,4:00-8:00,1666.6666666666665,4719.4337631427015,9300.0,5556.1847076192225
2025-03-26,8:00-12:00,5850.828489641108,3739.968069610034,5556.1847076192225,6666.410270951737
2025-03-26,12:00-16:00,5837.4240333006455,1008.0827108300865,6666.410270951737,10800.0
2025-03-26,16:00-20:00,0.0,5607.744555830629,10800.0,4569.172715743745
2025-03-26,20:00-24:00,0.0,3032.2554441693705,4569.172715743745,1200.0
2025-03-27,0:00-4:00,9000.0,0.0,1200.0,9300.0
2025-03-27,4:00-8:00,2500.0,4629.756954291883,9300.0,6405.825606342353
2025-03-27,8:00-12:00,5858.302097247546,4380.755617785608,6405.825606342353,6810.791251881136
2025-03-27,12:00-16:00,5862.108310517455,1158.019858212163,6810.791251881136,10800.0
2025-03-27,16:00-20:00,0.0,5696.138759483927,10800.0,4470.9569339067475
2025-03-27,20:00-24:00,0.0,2943.8612405160725,4470.9569339067475,1200.0
2025-03-28,0:00-4:00,4851.836095528235,0.0,1200.0,5566.652485975412
2025-03-28,4:00-8:00,833.3333333333333,4358.151296124017,5566.652485975412,1474.262156948725
2025-03-28,8:00-12:00,5290.472414043006,24.070891974636496,1474.262156948725,6208.941894060056
2025-03-28,12:00-16:00,5101.1756732666045,0.0,6208.941894060056,10800.0
2025-03-28,16:00-20:00,0.0,6277.910868484815,10800.0,3824.5434794613166
2025-03-28,20:00-24:00,0.0,2362.0891315151844,3824.5434794613166,1200.0
2025-03-29,0:00-4:00,4066.192756301809,0.0,1200.0,4859.573480671628
2025-03-29,4:00-8:00,833.3333333333333,3968.6161326044657,4859.573480671628,1200.0
2025-03-29,8:00-12:00,2533.2631002245403,0.0,1200.0,3479.9367902020863
2025-03-29,12:00-16:00,8133.403566442124,0.0,3479.9367902020863,10800.0
2025-03-29,16:00-20:00,0.0,6241.236931486183,10800.0,3865.292298348685
2025-03-29,20:00-24:00,0.0,2398.7630685138165,3865.292298348685,1200.0
2025-03-30,0:00-4:00,9000.0,0.0,1200.0,9300.0
2025-03-30,4:00-8:00,1666.6666666666665,5700.857034549592,9300.0,4465.714406056009
2025-03-30,8:00-12:00,5999.256136467319,2725.535119629605,4465.714406056009,6836.672573732591
2025-03-30,12:00-16:00,5105.465652391994,568.4324947968461,6836.672573732591,10800.0
2025-03-30,16:00-20:00,0.0,5705.087104076634,10800.0,4461.01432880374
2025-03-30,20:00-24:00,0.0,2934.9128959233653,4461.01432880374,1200.0
2025-03-31,0:00-4:00,9000.0,0.0,1200.0,9300.0
2025-03-31,4:00-8:00,1666.6666666666665,5721.472242825381,9300.0,4442.808619082908
2025-03-31,8:00-12:00,6167.744586099208,2918.527757174618,4442.808619082908,6750.970127489289
2025-03-31,12:00-16:00,5069.076759229088,461.82528971591927,6750.970127489289,10800.0
2025-03-31,16:00-20:00,0.0,5671.6599314893265,10800.0,4498.155631678526
2025-03-31,20:00-24:00,0.0,2968.3400685106735,4498.155631678526,1200.0
2025-04-01,0:00-4:00,9000.0,0.0,1200.0,9300.0
2025-04-01,4:00-8:00,1717.9949261632553,4808.491390905507,9300.0,5503.4272214297
2025-04-01,8:00-12:00,5909.627252863958,3873.084499286731,5503.4272214297,6518.664527577563
2025-04-01,12:00-16:00,5202.413419295493,360.7529444491579,6518.664527577563,10800.0
2025-04-01,16:00-20:00,0.0,5677.254907962875,10800.0,4491.93899115236
2025-04-01,20:00-24:00,0.0,2962.745092037125,4491.93899115236,1200.0
2025-04-02,0:00-4:00,9000.0,0.0,1200.0,9300.0
2025-04-02,4:00-8:00,1666.6666666666665,5784.595261654282,9300.0,4372.6719314952425
2025-04-02,8:00-12:00,6559.427177877327,2855.404738345718,4372.6719314952425,7103.484460089594
2025-04-02,12:00-16:00,4617.244682481141,413.1042068903584,7103.484460089594,10800.0
2025-04-02,16:00-20:00,0.0,5682.779148962114,10800.0,4485.800945597651
2025-04-02,20:00-24:00,0.0,2957.220851037886,4485.800945597651,1200.0
2025-04-03,0:00-4:00,9000.0,0.0,1200.0,9300.0
2025-04-03,4:00-8:00,1666.6666666666665,5684.109455353398,9300.0,4484.322827385114
2025-04-03,8:00-12:00,6133.533473970705,2891.5867041687006,4484.322827385114,6791.628838215747
2025-04-03,12:00-16:00,5107.957364555039,529.9114196837538,6791.628838215747,10800.0
2025-04-03,16:00-20:00,0.0,5669.67301908113,10800.0,4500.363312132078
2025-04-03,20:00-24:00,0.0,2970.32698091887,4500.363312132078,1200.0
2025-04-04,0:00-4:00,3404.1027176852476,0.0,1200.0,4263.692445916723
2025-04-04,4:00-8:00,833.3333333333333,3432.323201325051,4263.692445916723,1200.0
2025-04-04,8:00-12:00,1286.865899255429,0.0,1200.0,2358.179309329886
2025-04-04,12:00-16:00,9335.051054115827,0.0,2358.179309329886,10759.72525803413
2025-04-04,16:00-20:00,44.7497132954101,6254.190290787006,10759.72525803413,3850.8996769033247
2025-04-04,20:00-24:00,0.0,2385.809709212992,3850.8996769033247,1200.0
2025-04-05,0:00-4:00,3112.634001792504,0.0,1200.0,4001.3706016132537
2025-04-05,4:00-8:00,833.3333333333333,3196.2335414519293,4001.3706016132537,1200.0
2025-04-05,8:00-12:00,901.200523931042,0.0,1200.0,2011.0804715379377
2025-04-05,12:00-16:00,9765.466142735622,0.0,2011.0804715379377,10800.0
2025-04-05,16:00-20:00,0.0,6212.283552010387,10800.0,3897.462719988459
2025-04-05,20:00-24:00,0.0,2427.7164479896132,3897.462719988459,1200.0
2025-04-06,0:00-4:00,9000.0,0.0,1200.0,9300.0
2025-04-06,4:00-8:00,1666.6666666666665,5933.7535976238,9300.0,4206.940447084667
2025-04-06,8:00-12:00,6089.208947570586,2706.2464023762,4206.940447084667,6680.288052813528
2025-04-06,12:00-16:00,4998.739242851919,341.23803424223127,6680.288052813528,10800.0
2025-04-06,16:00-20:00,0.0,5655.699052707794,10800.0,4515.889941435784
2025-04-06,20:00-24:00,0.0,2984.3009472922054,4515.889941435784,1200.0
2025-04-07,0:00-4:00,9000.0,0.0,1200.0,9300.0
2025-04-07,4:00-8:00,1666.6666666666665,6404.790255239346,9300.0,3683.5663830673943
2025-04-07,8:00-12:00,6220.086944064156,2235.2097447606548,3683.5663830673943,6798.078249657741
2025-04-07,12:00-16:00,5210.075722753694,618.431760122462,6798.078249657741,10800.0
2025-04-07,16:00-20:00,0.0,5701.03529962325,10800.0,4465.516333751944
2025-04-07,20:00-24:00,0.0,2938.9647003767495,4465.516333751944,1200.0
2025-04-08,0:00-4:00,9000.0,0.0,1200.0,9300.0
2025-04-08,4:00-8:00,1666.6666666666665,6098.951516345779,9300.0,4023.387204060245
2025-04-08,8:00-12:00,5978.703103982169,2541.04848365422,4023.387204060245,6580.832793583952
2025-04-08,12:00-16:00,4916.989467733064,185.51098308933834,6580.832793583952,10800.0
2025-04-08,16:00-20:00,0.0,5711.646040394595,10800.0,4453.726621783782
2025-04-08,20:00-24:00,0.0,2928.3539596054043,4453.726621783782,1200.0
2025-04-09,0:00-4:00,9000.0,0.0,1200.0,9300.0
2025-04-09,4:00-8:00,1666.6666666666665,5550.014328067775,9300.0,4633.317413258027
2025-04-09,8:00-12:00,5979.335646145062,3089.985671932224,4633.317413258027,6581.402081530557
2025-04-09,12:00-16:00,4800.502014490482,91.66850511479093,6581.402081530557,10800.0
2025-04-09,16:00-20:00,0.0,5690.476149544373,10800.0,4477.248722728474
2025-04-09,20:00-24:00,0.0,2949.523850455626,4477.248722728474,1200.0
2025-04-10,0:00-4:00,9000.0,0.0,1200.0,9300.0
2025-04-10,4:00-8:00,1666.6666666666665,5682.816199940081,9300.0,4485.759777844354
2025-04-10,8:00-12:00,6020.586250390177,2957.1838000599178,4485.759777844354,6618.527625351159
2025-04-10,12:00-16:00,4828.642480421608,147.87527195754464,6618.527625351159,10800.0
2025-04-10,16:00-20:00,0.0,5718.694760638365,10800.0,4445.894710401816
2025-04-10,20:00-24:00,0.0,2921.3052393616344,4445.894710401816,1200.0
2025-04-11,0:00-4:00,3357.643633096969,0.0,1200.0,4221.879269787272
2025-04-11,4:00-8:00,833.3333333333333,3394.691342808546,4221.879269787272,1200.0
2025-04-11,8:00-12:00,1027.418846967468,0.0,1200.0,2124.676962270721
2025-04-11,12:00-16:00,9595.988368101971,0.0,2124.676962270721,10761.066493562497
2025-04-11,16:00-20:00,43.25945159722599,6226.518329657569,10761.066493562497,3881.646300380477
2025-04-11,20:00-24:00,0.0,2413.481670342429,3881.646300380477,1200.0
2025-04-12,0:00-4:00,2943.8118766426437,0.0,1200.0,3849.4306889783793
2025-04-12,4:00-8:00,833.3333333333333,3059.487620080541,3849.4306889783793,1200.0
2025-04-12,8:00-12:00,172.19272564295756,0.0,1200.0,1354.9734530786618
2025-04-12,12:00-16:00,10494.473941023709,0.0,1354.9734530786618,10800.0
2025-04-12,16:00-20:00,0.0,6191.391019232698,10800.0,3920.676645297003
2025-04-12,20:00-24:00,0.0,2448.6089807673025,3920.676645297003,1200.0
2025-04-13,0:00-4:00,9000.0,0.0,1200.0,9300.0
2025-04-13,4:00-8:00,1666.6666666666665,6112.849893300585,9300.0,4007.9445629993484
2025-04-13,8:00-12:00,6020.415003163832,2527.1501066994133,4007.9445629993484,6618.373502847449
2025-04-13,12:00-16:00,4911.194635244324,214.60380711060748,6618.373502847449,10800.0
2025-04-13,16:00-20:00,0.0,5691.405606319808,10800.0,4476.215992977992
2025-04-13,20:00-24:00,0.0,2948.594393680193,4476.215992977992,1200.0
2025-04-14,0:00-4:00,9000.0,0.0,1200.0,9300.0
2025-04-14,4:00-8:00,1666.6666666666665,6546.350901351272,9300.0,3526.2767762763647
2025-04-14,8:00-12:00,5423.868573784719,1287.469628525876,3526.2767762763647,6977.236683209418
2025-04-14,12:00-16:00,4589.550190807076,277.04866944221055,6977.236683209418,10800.0
2025-04-14,16:00-20:00,0.0,5736.961998301621,10800.0,4425.597779664865
2025-04-14,20:00-24:00,0.0,2903.038001698378,4425.597779664865,1200.0
2025-04-15,0:00-4:00,9000.0,0.0,1200.0,9300.0
2025-04-15,4:00-8:00,1666.6666666666665,5820.4419656555765,9300.0,4332.842260382691
2025-04-15,8:00-12:00,5511.269620911217,2819.558034344422,4332.842260382691,6160.142658820096
2025-04-15,12:00-16:00,5547.358149146192,317.48849374649956,6160.142658820096,10800.0
2025-04-15,16:00-20:00,0.0,5685.007895350809,10800.0,4483.324560721323
2025-04-15,20:00-24:00,0.0,2954.992104649191,4483.324560721323,1200.0
2025-04-16,0:00-4:00,9000.0,0.0,1200.0,9300.0
2025-04-16,4:00-8:00,1666.6666666666665,5523.060151185234,9300.0,4663.266498683074
2025-04-16,8:00-12:00,6052.1779558958915,3116.9398488147663,4663.266498683074,6646.960160306303
2025-04-16,12:00-16:00,4942.657896960867,265.8170408139744,6646.960160306303,10800.0
2025-04-16,16:00-20:00,0.0,5661.512154212078,10800.0,4509.430939764357
2025-04-16,20:00-24:00,0.0,2978.487845787922,4509.430939764357,1200.0
2025-04-17,0:00-4:00,9000.0,0.0,1200.0,9300.0
2025-04-17,4:00-8:00,1666.6666666666665,6166.13045346706,9300.0,3948.743940592155
2025-04-17,8:00-12:00,5826.140405438742,2473.8695465329392,3948.743940592155,6443.526364894868
2025-04-17,12:00-16:00,4864.839046156168,19.693355791875703,6443.526364894868,10800.0
2025-04-17,16:00-20:00,0.0,5688.324214589646,10800.0,4479.63976156706
2025-04-17,20:00-24:00,0.0,2951.6757854103544,4479.63976156706,1200.0
2025-04-18,0:00-4:00,2840.956180934534,0.0,1200.0,3756.8605628410805
2025-04-18,4:00-8:00,833.3333333333333,2976.174506556973,3756.8605628410805,1200.0
2025-04-18,8:00-12:00,0.0,0.0,1200.0,1200.0
2025-04-18,12:00-16:00,10550.99200921302,0.0,1200.0,10695.89280829172
2025-04-18,16:00-20:00,115.67465745364511,6251.007415471071,10695.89280829172,3854.4362050321424
2025-04-18,20:00-24:00,0.0,2388.992584528928,3854.4362050321424,1200.0
2025-04-19,0:00-4:00,2343.486487358654,0.0,1200.0,3309.137838622789
2025-04-19,4:00-8:00,833.3333333333333,2573.2240547605097,3309.137838622789,1200.0
2025-04-19,8:00-12:00,0.0,0.0,1200.0,1200.0
2025-04-19,12:00-16:00,10633.571338927619,0.0,1200.0,10770.214205034856
2025-04-19,16:00-20:00,33.09532773904971,6240.276470413241,10770.214205034856,3866.359477318621
2025-04-19,20:00-24:00,0.0,2399.7235295867586,3866.359477318621,1200.0
2025-04-20,0:00-4:00,9000.0,0.0,1200.0,9300.0
2025-04-20,4:00-8:00,1666.6666666666665,6274.460138083985,9300.0,3828.377624351128
2025-04-20,8:00-12:00,4308.427379306034,1748.6701460595664,3828.377624351128,5762.995436771485
2025-04-20,12:00-16:00,5616.629641165649,16.165902438512802,5762.995436771485,10800.0
2025-04-20,16:00-20:00,0.0,5712.203136660081,10800.0,4453.107625933244
2025-04-20,20:00-24:00,0.0,2927.7968633399196,4453.107625933244,1200.0
2025-04-21,0:00-4:00,9000.0,0.0,1200.0,9300.0
2025-04-21,4:00-8:00,1666.6666666666665,6219.272357098254,9300.0,3889.6973810019417
2025-04-21,8:00-12:00,3933.0279371958586,1627.4536445980148,3889.6973810019417,5621.140697147088
2025-04-21,12:00-16:00,5771.765461614429,14.156651340070198,5621.140697147088,10800.0
2025-04-21,16:00-20:00,0.0,5735.142328552698,10800.0,4427.619634941445
2025-04-21,20:00-24:00,0.0,2904.8576714473006,4427.619634941445,1200.0
2025-04-22,0:00-4:00,9000.0,0.0,1200.0,9300.0
2025-04-22,4:00-8:00,1666.6666666666665,6048.94281574594,9300.0,4078.952426948957
2025-04-22,8:00-12:00,4557.224049354031,1751.3707312089114,4078.952426948957,6234.486592246572
2025-04-22,12:00-16:00,5143.392996603794,57.1862602709888,6234.486592246572,10800.0
2025-04-22,16:00-20:00,0.0,5709.128567727395,10800.0,4456.523813636228
2025-04-22,20:00-24:00,0.0,2930.8714322726046,4456.523813636228,1200.0
2025-04-23,0:00-4:00,9000.0,0.0,1200.0,9300.0
2025-04-23,4:00-8:00,1666.6666666666665,6034.144326900573,9300.0,4095.395192332696
2025-04-23,8:00-12:00,4778.626778690841,1792.1784988617546,4095.395192332696,6404.849849974726
2025-04-23,12:00-16:00,4903.796813343544,16.440283785523434,6404.849849974726,10800.0
2025-04-23,16:00-20:00,0.0,5698.684495055794,10800.0,4468.128338826896
2025-04-23,20:00-24:00,0.0,2941.3155049442057,4468.128338826896,1200.0
2025-04-24,0:00-4:00,9000.0,0.0,1200.0,9300.0
2025-04-24,4:00-8:00,1666.6666666666665,6082.358853914624,9300.0,4041.823495650419
2025-04-24,8:00-12:00,4912.349323061875,1701.133275137508,4041.823495650419,6572.789802919988
2025-04-24,12:00-16:00,4729.779540878519,26.632250739593914,6572.789802919988,10800.0
2025-04-24,16:00-20:00,0.0,5708.4043234469,10800.0,4457.328529503443
2025-04-24,20:00-24:00,0.0,2931.595676553099,4457.328529503443,1200.0
2025-04-25,0:00-4:00,2402.598878029437,0.0,1200.0,3362.3389902264935
2025-04-25,4:00-8:00,833.3333333333333,2621.1050912038445,3362.3389902264935,1200.0
2025-04-25,8:00-12:00,0.0,0.0,1200.0,1200.0
2025-04-25,12:00-16:00,10550.895809944854,0.0,1200.0,10695.806228950369
2025-04-25,16:00-20:00,115.77085672181391,6219.3508428894365,10695.806228950369,3889.610174567292
2025-04-25,20:00-24:00,0.0,2420.6491571105626,3889.610174567292,1200.0
2025-04-26,0:00-4:00,1979.6409540961445,0.0,1200.0,2981.67685868653
2025-04-26,4:00-8:00,833.3333333333333,2278.509172817877,2981.67685868653,1200.0
2025-04-26,8:00-12:00,213.009855203627,0.0,1200.0,1391.7088696832643
2025-04-26,12:00-16:00,10421.074148147147,0.0,1391.7088696832643,10770.675603015698
2025-04-26,16:00-20:00,42.19714059073195,6245.660141847758,10770.675603015698,3869.0306497165147
2025-04-26,20:00-24:00,0.0,2402.1275847448633,3869.0306497165147,1200.0
2025-04-27,0:00-4:00,9000.0,0.0,1200.0,9300.0
2025-04-27,4:00-8:00,1666.6666666666665,5806.156670853012,9300.0,4348.714810163318
2025-04-27,8:00-12:00,4784.1820468821,1810.3415801845024,4348.714810163318,6642.988007707761
2025-04-27,12:00-16:00,4869.32770131934,202.8446450056511,6642.988007707761,10800.0
2025-04-27,16:00-20:00,0.0,5741.253395779249,10800.0,4420.829560245279
2025-04-27,20:00-24:00,0.0,2898.7466042207516,4420.829560245279,1200.0
2025-04-28,0:00-4:00,9000.0,0.0,1200.0,9300.0
2025-04-28,4:00-8:00,1666.6666666666665,5510.229221272168,9300.0,4677.52308747537
2025-04-28,8:00-12:00,3518.841068798649,1097.264572081953,4677.52308747537,6625.2971915253165
2025-04-28,12:00-16:00,4864.499003990183,183.01166560483063,6625.2971915253165,10800.0
2025-04-28,16:00-20:00,0.0,5741.266850365557,10800.0,4420.814610704936
2025-04-28,20:00-24:00,0.0,2898.733149634442,4420.814610704936,1200.0
2025-04-29,0:00-4:00,9000.0,0.0,1200.0,9300.0
2025-04-29,4:00-8:00,1666.6666666666665,5562.931146805914,9300.0,4618.965392437871
2025-04-29,8:00-12:00,4082.1036507835784,853.5121360307849,4618.965392437871,7344.511860331109
2025-04-29,12:00-16:00,4380.239478820964,438.05465214297965,7344.511860331109,10800.0
2025-04-29,16:00-20:00,0.0,5753.27061632052,10800.0,4407.4770929772
2025-04-29,20:00-24:00,0.0,2886.72938367948,4407.4770929772,1200.0
2025-04-30,0:00-4:00,9000.0,0.0,1200.0,9300.0
2025-04-30,4:00-8:00,1666.6666666666665,5700.148706869928,9300.0,4466.50143681119
2025-04-30,8:00-12:00,5583.103351542719,2304.8392328508226,4466.50143681119,6930.361972254279
2025-04-30,12:00-16:00,4314.599361900365,12.151258168148672,6930.361972254279,10800.0
2025-04-30,16:00-20:00,0.0,5712.157698693025,10800.0,4453.158112563306
2025-04-30,20:00-24:00,0.0,2927.842301306975,4453.158112563306,1200.0
2025-05-01,0:00-4:00,9000.0,0.0,1200.0,9300.0
2025-05-01,4:00-8:00,1666.6666666666665,6286.532555665062,9300.0,3814.96382703882
2025-05-01,8:00-12:00,3591.923430298314,1274.0284282278126,3814.96382703882,5632.107771831955
2025-05-01,12:00-16:00,5750.488387445919,6.7925884799519025,5632.107771831955,10800.0
2025-05-01,16:00-20:00,0.0,5734.573809589228,10800.0,4428.251322678636
2025-05-01,20:00-24:00,0.0,2905.4261904107725,4428.251322678636,1200.0
2025-05-02,0:00-4:00,1716.2886895003473,0.0,1200.0,2744.659820550313
2025-05-02,4:00-8:00,833.3333333333333,2065.1938384952814,2744.659820550313,1200.0
2025-05-02,8:00-12:00,0.0,0.0,1200.0,1200.0
2025-05-02,12:00-16:00,10443.51919508311,0.0,1200.0,10599.167275574795
2025-05-02,16:00-20:00,223.1474715835609,6154.308835466778,10599.167275574795,3961.8790717035763
2025-05-02,20:00-24:00,0.0,2485.691164533218,3961.8790717035763,1200.0
2025-05-03,0:00-4:00,1760.8768647154327,0.0,1200.0,2784.7891782438896
2025-05-03,4:00-8:00,833.3333333333333,2101.3102604195,2784.7891782438896,1200.0
2025-05-03,8:00-12:00,137.0991051250447,0.0,1200.0,1323.3891946125402
2025-05-03,12:00-16:00,10369.135178414417,0.0,1323.3891946125402,10655.610855185518
2025-05-03,16:00-20:00,160.4323831272032,6135.561094589757,10655.610855185518,3982.7098949002707
2025-05-03,20:00-24:00,0.0,2504.438905410243,3982.7098949002707,1200.0
2025-05-04,0:00-4:00,9000.0,0.0,1200.0,9300.0
2025-05-04,4:00-8:00,1666.6666666666665,5678.370052913004,9300.0,4490.699941207775
2025-05-04,8:00-12:00,3693.0923872236567,1967.8137226150593,4490.699941207775,5628.023397914556
2025-05-04,12:00-16:00,5791.532491359863,36.36237612459272,5628.023397914556,10800.0
2025-05-04,16:00-20:00,0.0,5634.199432414209,10800.0,4539.778408428659
2025-05-04,20:00-24:00,0.0,3005.8005675857926,4539.778408428659,1200.0
2025-05-05,0:00-4:00,9000.0,0.0,1200.0,9300.0
2025-05-05,4:00-8:00,1666.6666666666665,5285.259510816944,9300.0,4927.489432425615
2025-05-05,8:00-12:00,4001.421960833166,1973.336653579315,4927.489432425615,6336.17291542067
2025-05-05,12:00-16:00,5074.065219924516,92.54845201746215,6336.17291542067,10800.0
2025-05-05,16:00-20:00,0.0,5639.413200985867,10800.0,4533.985332237927
2025-05-05,20:00-24:00,0.0,3000.5867990141337,4533.985332237927,1200.0
2025-05-06,0:00-4:00,9000.0,0.0,1200.0,9300.0
2025-05-06,4:00-8:00,1666.6666666666665,5836.593563005738,9300.0,4314.896041104733
2025-05-06,8:00-12:00,3853.4247068332106,1181.5339833310036,4314.896041104733,6470.162740220174
2025-05-06,12:00-16:00,4819.8772730342425,7.247057355895635,6470.162740220174,10800.0
2025-05-06,16:00-20:00,0.0,5536.1791839370935,10800.0,4648.689795625452
2025-05-06,20:00-24:00,0.0,3103.820816062906,4648.689795625452,1200.0
2025-05-07,0:00-4:00,9000.0,0.0,1200.0,9300.0
2025-05-07,4:00-8:00,1666.6666666666665,5595.375863937339,9300.0,4582.915706736289
2025-05-07,8:00-12:00,2820.933279930963,896.808696832412,4582.915706736289,6125.301551082588
2025-05-07,12:00-16:00,5194.109387686014,0.0,6125.301551082588,10800.0
2025-05-07,16:00-20:00,0.0,5645.379191854976,10800.0,4527.356453494471
2025-05-07,20:00-24:00,0.0,2994.620808145024,4527.356453494471,1200.0
2025-05-08,0:00-4:00,9000.0,0.0,1200.0,9300.0
2025-05-08,4:00-8:00,1666.6666666666665,6260.938338577536,9300.0,3843.4018460249576
2025-05-08,8:00-12:00,4088.3042933829834,1085.0123917542314,3843.4018460249576,6317.306385898275
2025-05-08,12:00-16:00,4980.770682335249,0.0,6317.306385898275,10800.0
2025-05-08,16:00-20:00,0.0,5619.888722370879,10800.0,4555.67919736569
2025-05-08,20:00-24:00,0.0,3020.1112776291207,4555.67919736569,1200.0
2025-05-09,0:00-4:00,1504.0039380452135,0.0,1200.0,2553.6035442406924
2025-05-09,4:00-8:00,833.3333333333333,1893.2431898166233,2553.6035442406924,1200.0
2025-05-09,8:00-12:00,756.8515726862838,0.0,1200.0,1881.1664154176556
2025-05-09,12:00-16:00,9781.717291842491,0.0,1881.1664154176556,10684.7119780759
2025-05-09,16:00-20:00,128.0978021378882,6170.095879083077,10684.7119780759,3944.337912129915
2025-05-09,20:00-24:00,0.0,2469.9041209169236,3944.337912129915,1200.0
2025-05-10,0:00-4:00,1703.936546019521,0.0,1200.0,2733.542891417569
2025-05-10,4:00-8:00,833.3333333333333,2055.188602275812,2733.542891417569,1200.0
2025-05-10,8:00-12:00,0.0,0.0,1200.0,1200.0
2025-05-10,12:00-16:00,10658.608220718224,0.0,1200.0,10792.747398646403
2025-05-10,16:00-20:00,8.058445948441687,6356.278623729446,10792.747398646403,3737.468195856173
2025-05-10,20:00-24:00,0.0,2283.721376270556,3737.468195856173,1200.0
2025-05-11,0:00-4:00,9000.0,0.0,1200.0,9300.0
2025-05-11,4:00-8:00,1666.6666666666665,5684.493937657007,9300.0,4483.895624825544
2025-05-11,8:00-12:00,3867.841223551412,1232.267020959109,4483.895624825544,6595.76714717836
2025-05-11,12:00-16:00,4671.369836468489,0.0,6595.76714717836,10800.0
2025-05-11,16:00-20:00,0.0,5833.333333333333,10800.0,4318.518518518519
2025-05-11,20:00-24:00,0.0,2806.666666666667,4318.518518518519,1200.0
2025-05-12,0:00-4:00,9000.0,0.0,1200.0,9300.0
2025-05-12,4:00-8:00,1666.6666666666665,5804.034396526606,9300.0,4351.072892748214
2025-05-12,8:00-12:00,6293.147883999165,2835.9656034733925,4351.072892748214,6863.83309559925
2025-05-12,12:00-16:00,4508.430807173627,109.2787398499627,6863.83309559925,10800.0
2025-05-12,16:00-20:00,0.0,5790.150628243199,10800.0,4366.499301952001
2025-05-12,20:00-24:00,0.0,2849.8493717568,4366.499301952001,1200.0
2025-05-13,0:00-4:00,9000.0,0.0,1200.0,9300.0
2025-05-13,4:00-8:00,1666.6666666666665,6362.075339650211,9300.0,3731.0274003886543
2025-05-13,8:00-12:00,5642.004428211938,1992.7435902149452,3731.0274003886543,6594.671841096126
2025-05-13,12:00-16:00,4749.168858707527,62.031432539611785,6594.671841096126,10800.0
2025-05-13,16:00-20:00,0.0,5821.084180109199,10800.0,4332.128688767556
2025-05-13,20:00-24:00,0.0,2818.9158198908,4332.128688767556,1200.0
2025-05-14,0:00-4:00,9000.0,0.0,1200.0,9300.0
2025-05-14,4:00-8:00,1666.6666666666665,6022.229993651205,9300.0,4108.633340387547
2025-05-14,8:00-12:00,4834.772544969733,1756.3861241447194,4108.633340387547,6508.388492921729
2025-05-14,12:00-16:00,4895.708885718418,103.07384106147333,6508.388492921729,10800.0
2025-05-14,16:00-20:00,0.0,5686.519417258435,10800.0,4481.645091935071
2025-05-14,20:00-24:00,0.0,2953.480582741563,4481.645091935071,1200.0
2025-05-15,0:00-4:00,9000.0,0.0,1200.0,9300.0
2025-05-15,4:00-8:00,1666.6666666666665,6002.488190316124,9300.0,4130.568677426527
2025-05-15,8:00-12:00,5140.191404988436,1955.20357954768,4130.568677426527,6584.292520196475
2025-05-15,12:00-16:00,4979.413705653582,239.1883697562309,6584.292520196475,10800.0
2025-05-15,16:00-20:00,0.0,5776.138818685162,10800.0,4382.06797923871
2025-05-15,20:00-24:00,0.0,2863.861181314838,4382.06797923871,1200.0
2025-05-16,0:00-4:00,2039.2773226448076,0.0,1200.0,3035.349590380327
2025-05-16,4:00-8:00,833.3333333333333,2326.814631342295,3035.349590380327,1200.0
2025-05-16,8:00-12:00,1564.6425899817555,0.0,1200.0,2608.17833098358
2025-05-16,12:00-16:00,9102.024076684913,0.0,2608.17833098358,10800.0
2025-05-16,16:00-20:00,0.0,6198.1673060183075,10800.0,3913.147437757436
2025-05-16,20:00-24:00,0.0,2441.832693981692,3913.147437757436,1200.0
2025-05-17,0:00-4:00,2025.8334304060304,0.0,1200.0,3023.2500873654276
2025-05-17,4:00-8:00,833.3333333333333,2315.925078628885,3023.2500873654276,1200.0
2025-05-17,8:00-12:00,1721.2904087850327,0.0,1200.0,2749.1613679065294
2025-05-17,12:00-16:00,8945.376257881637,0.0,2749.1613679065294,10800.0
2025-05-17,16:00-20:00,0.0,6257.32477066364,10800.0,3847.4169214848457
2025-05-17,20:00-24:00,0.0,2382.675229336361,3847.4169214848457,1200.0
2025-05-18,0:00-4:00,9000.0,0.0,1200.0,9300.0
2025-05-18,4:00-8:00,1666.6666666666665,5169.654828560197,9300.0,5055.939079377559
2025-05-18,8:00-12:00,4632.70979206379,1974.8840850009901,5055.939079377559,7031.062242233869
2025-05-18,12:00-16:00,4609.3719620664415,341.54730728429905,7031.062242233869,10800.0
2025-05-18,16:00-20:00,0.0,5829.561253580378,10800.0,4322.709718244025
2025-05-18,20:00-24:00,0.0,2810.438746419622,4322.709718244025,1200.0
2025-05-19,0:00-4:00,9000.0,0.0,1200.0,9300.0
2025-05-19,4:00-8:00,1666.6666666666665,5495.670330300416,9300.0,4693.699632999539
2025-05-19,8:00-12:00,3979.8007298386137,1646.0872684913647,4693.699632999539,6446.534435974998
2025-05-19,12:00-16:00,5048.516915585393,171.1796940016655,6446.534435974998,10800.0
2025-05-19,16:00-20:00,0.0,5833.333333333333,10800.0,4318.518518518519
2025-05-19,20:00-24:00,0.0,2806.6666666666665,4318.518518518519,1200.0
2025-05-20,0:00-4:00,9000.0,0.0,1200.0,9300.0
2025-05-20,4:00-8:00,1666.6666666666665,5643.024410925045,9300.0,4529.972876749949
2025-05-20,8:00-12:00,4860.190690418715,2245.3150150439606,4529.972876749949,6409.350036966836
2025-05-20,12:00-16:00,5264.372309953373,312.55660433238126,6409.350036966836,10800.0
2025-05-20,16:00-20:00,0.0,5833.333333333333,10800.0,4318.518518518519
2025-05-20,20:00-24:00,0.0,2806.6666666666665,4318.518518518519,1200.0
2025-05-21,0:00-4:00,9000.0,0.0,1200.0,9300.0
2025-05-21,4:00-8:00,1666.6666666666665,5420.035081168233,9300.0,4777.738798701963
2025-05-21,8:00-12:00,5452.181467163926,2373.405177533573,4777.738798701963,7047.585255223305
2025-05-21,12:00-16:00,4472.62955297977,245.65666761459127,7047.585255223305,10800.0
2025-05-21,16:00-20:00,0.0,5568.798877603011,10800.0,4612.44569155221
2025-05-21,20:00-24:00,0.0,3071.201122396989,4612.44569155221,1200.0
2025-05-22,0:00-4:00,9000.0,0.0,1200.0,9300.0
2025-05-22,4:00-8:00,1666.6666666666665,5512.06066824778,9300.0,4675.488146391355
2025-05-22,8:00-12:00,4467.581834055389,2056.871858347046,4675.488146391355,6410.898621100043
2025-05-22,12:00-16:00,5155.496409672609,225.76085082485267,6410.898621100043,10800.0
2025-05-22,16:00-20:00,0.0,5796.480858873415,10800.0,4359.465712362872
2025-05-22,20:00-24:00,0.0,2843.5191411265846,4359.465712362872,1200.0
2025-05-23,0:00-4:00,1122.4521148813496,0.0,1200.0,2210.206903393215
2025-05-23,4:00-8:00,833.3333333333333,1584.1862130538934,2210.206903393215,1200.0
2025-05-23,8:00-12:00,736.2735163385712,0.0,1200.0,1862.6461647047142
2025-05-23,12:00-16:00,9842.431091446451,0.0,1862.6461647047142,10720.83414700652
2025-05-23,16:00-20:00,87.96205888164377,6309.860761156041,10720.83414700652,3789.0435987155092
2025-05-23,20:00-24:00,0.0,2330.1392388439585,3789.0435987155092,1200.0
2025-05-24,0:00-4:00,879.544454816358,0.0,1200.0,1991.5900093347223
2025-05-24,4:00-8:00,833.3333333333333,1387.4310084012504,1991.5900093347223,1200.0
2025-05-24,8:00-12:00,2060.8263608942125,0.0,1200.0,3054.7437248047913
2025-05-24,12:00-16:00,8566.142785250808,0.0,3054.7437248047913,10764.272231530518
2025-05-24,16:00-20:00,39.69752052164648,6200.933331760282,10764.272231530518,3910.0740758219094
2025-05-24,20:00-24:00,0.0,2439.0666682397186,3910.0740758219094,1200.0
2025-05-25,0:00-4:00,9000.0,0.0,1200.0,9300.0
2025-05-25,4:00-8:00,1666.6666666666665,5120.741980384209,9300.0,5110.286688461991
2025-05-25,8:00-12:00,5540.555139182336,2752.070842602392,5110.286688461991,7038.929821945658
2025-05-25,12:00-16:00,4609.926533419829,349.07733182115356,7038.929821945658,10800.0
2025-05-25,16:00-20:00,0.0,5811.505521416191,10800.0,4342.7716428709
2025-05-25,20:00-24:00,0.0,2828.4944785838093,4342.7716428709,1200.0
2025-05-26,0:00-4:00,9000.0,0.0,1200.0,9300.0
2025-05-26,4:00-8:00,1666.6666666666665,4563.262374892796,9300.0,5729.708472341337
2025-05-26,8:00-12:00,4741.813532618392,2921.982937547955,5729.708472341337,6750.692943311275
2025-05-26,12:00-16:00,4664.978206395521,134.25599616052102,6750.692943311275,10800.0
2025-05-26,16:00-20:00,0.0,5799.503905807556,10800.0,4356.106771324939
2025-05-26,20:00-24:00,0.0,2840.4960941924437,4356.106771324939,1200.0
2025-05-27,0:00-4:00,9000.0,0.0,1200.0,9300.0
2025-05-27,4:00-8:00,1666.6666666666665,5211.595572324708,9300.0,5009.338252972548
2025-05-27,8:00-12:00,4558.277099442897,1802.1789985998557,5009.338252972548,7109.366532915759
2025-05-27,12:00-16:00,4221.53802236079,97.87567773642363,7109.366532915759,10800.0
2025-05-27,16:00-20:00,0.0,5801.646096854087,10800.0,4353.726559051015
2025-05-27,20:00-24:00,0.0,2838.353903145913,4353.726559051015,1200.0
2025-05-28,0:00-4:00,9000.0,0.0,1200.0,9300.0
2025-05-28,4:00-8:00,1666.6666666666665,5228.817620378077,9300.0,4990.20264402436
2025-05-28,8:00-12:00,3462.309861563794,1640.0106392665027,4990.20264402436,6284.0474758023265
2025-05-28,12:00-16:00,5063.562583744766,37.12842105535202,6284.0474758023265,10800.0
2025-05-28,16:00-20:00,0.0,5597.401047451949,10800.0,4580.665502831168
2025-05-28,20:00-24:00,0.0,3042.598952548051,4580.665502831168,1200.0
2025-05-29,0:00-4:00,9000.0,0.0,1200.0,9300.0
2025-05-29,4:00-8:00,1666.6666666666665,5680.094804646536,9300.0,4488.783550392739
2025-05-29,8:00-12:00,3899.4185672001777,1568.9578201849042,4488.783550392739,6254.9737940007835
2025-05-29,12:00-16:00,5070.444599388971,16.53654010577091,6254.9737940007835,10800.0
2025-05-29,16:00-20:00,0.0,5754.663685411746,10800.0,4405.929238431393
2025-05-29,20:00-24:00,0.0,2885.336314588254,4405.929238431393,1200.0
2025-05-30,0:00-4:00,948.2216202610738,0.0,1200.0,2053.3994582349665
2025-05-30,4:00-8:00,833.3333333333333,1443.0595124114693,2053.3994582349665,1200.0
2025-05-30,8:00-12:00,2539.1967235324846,0.0,1200.0,3485.2770511792364
2025-05-30,12:00-16:00,8047.858509201138,0.0,3485.2770511792364,10728.349709460259
2025-05-30,16:00-20:00,79.61143393304644,6103.173670480226,10728.349709460259,4018.695921688636
2025-05-30,20:00-24:00,0.0,2536.8263295197717,4018.695921688636,1200.0
2025-05-31,0:00-4:00,813.7348559954853,0.0,1200.0,1932.3613703959368
2025-05-31,4:00-8:00,833.3333333333333,1334.1252333563434,1932.3613703959368,1200.0
2025-05-31,8:00-12:00,2478.394793176799,0.0,1200.0,3430.5553138591195
2025-05-31,12:00-16:00,8159.046723488216,0.0,3430.5553138591195,10773.697364998514
2025-05-31,16:00-20:00,29.225150001652054,6165.732591031883,10773.697364998514,3949.1860099645746
2025-05-31,20:00-24:00,0.0,2474.267408968117,3949.1860099645746,1200.0
2025-06-01,0:00-4:00,9000.0,0.0,1200.0,9300.0
2025-06-01,4:00-8:00,1666.6666666666665,5000.091379290629,9300.0,5244.342911899301
2025-06-01,8:00-12:00,3340.346358571478,1524.8132454306894,5244.342911899301,6556.4176952462
2025-06-01,12:00-16:00,4832.588562513341,95.17266135738652,6556.4176952462,10800.0
2025-06-01,16:00-20:00,0.0,5782.697944837402,10800.0,4374.780061291775
2025-06-01,20:00-24:00,0.0,2857.3020551625973,4374.780061291775,1200.0
2025-06-02,0:00-4:00,9000.0,0.0,1200.0,9300.0
2025-06-02,4:00-8:00,1666.6666666666665,5863.541784536459,9300.0,4284.95357273727
2025-06-02,8:00-12:00,5697.584794691189,2308.9416783973325,4284.95357273727,6847.289134184528
2025-06-02,12:00-16:00,4545.399674772499,124.33395733179816,6847.289134184528,10800.0
2025-06-02,16:00-20:00,0.0,5712.908301979231,10800.0,4452.324108911967
2025-06-02,20:00-24:00,0.0,2927.0916980207708,4452.324108911967,1200.0
2025-06-03,0:00-4:00,9000.0,0.0,1200.0,9300.0
2025-06-03,4:00-8:00,1666.6666666666665,5328.701840071342,9300.0,4879.220177698508
2025-06-03,8:00-12:00,4594.068960678587,1373.517252996338,4879.220177698508,7487.751961202195
2025-06-03,12:00-16:00,4238.281177695001,451.98451901492695,7487.751961202195,10800.0
2025-06-03,16:00-20:00,0.0,5783.618558474049,10800.0,4373.757157251057
2025-06-03,20:00-24:00,0.0,2856.3814415259512,4373.757157251057,1200.0
2025-06-04,0:00-4:00,9000.0,0.0,1200.0,9300.0
2025-06-04,4:00-8:00,1666.6666666666665,5197.151425067506,9300.0,5025.38730548055
2025-06-04,8:00-12:00,4803.391677555686,1762.7223975528295,5025.38730548055,7389.859373555302
2025-06-04,12:00-16:00,4059.399272674674,218.98684706625872,7389.859373555302,10800.0
2025-06-04,16:00-20:00,0.0,5831.862797877144,10800.0,4320.152446803175
2025-06-04,20:00-24:00,0.0,2808.137202122857,4320.152446803175,1200.0
2025-06-05,0:00-4:00,9000.0,0.0,1200.0,9300.0
2025-06-05,4:00-8:00,1666.6666666666665,5588.952454896664,9300.0,4590.052827892594
2025-06-05,8:00-12:00,5662.85121582173,2206.6449430231196,4590.052827892594,7234.79120766202
2025-06-05,12:00-16:00,4213.068177664069,203.89731080371584,7234.79120766202,10800.0
2025-06-05,16:00-20:00,0.0,5763.745102128444,10800.0,4395.83877541284
2025-06-05,20:00-24:00,0.0,2876.2548978715563,4395.83877541284,1200.0
2025-06-06,0:00-4:00,1414.8450477566935,0.0,1200.0,2473.360542981024
2025-06-06,4:00-8:00,833.3333333333333,1821.0244886829216,2473.360542981024,1200.0
2025-06-06,8:00-12:00,2893.73828096413,0.0,1200.0,3804.3644528677164
2025-06-06,12:00-16:00,7772.928385702537,0.0,3804.3644528677164,10800.0
2025-06-06,16:00-20:00,0.0,6245.190540323381,10800.0,3860.8993996406853
2025-06-06,20:00-24:00,0.0,2394.809459676618,3860.8993996406853,1200.0
2025-06-07,0:00-4:00,4843.940610962178,0.0,1200.0,5559.5465498659605
2025-06-07,4:00-8:00,833.3333333333333,3480.552225633415,5559.5465498659605,2442.2662991621655
2025-06-07,8:00-12:00,4954.052690245431,522.3690725562977,2442.2662991621655,6320.503639764945
2025-06-07,12:00-16:00,4977.218178038952,0.0,6320.503639764945,10800.0
2025-06-07,16:00-20:00,0.0,6082.822692531182,10800.0,4041.308119409799
2025-06-07,20:00-24:00,0.0,2557.177307468819,4041.308119409799,1200.0
2025-06-08,0:00-4:00,9000.0,0.0,1200.0,9300.0
2025-06-08,4:00-8:00,2104.7256650668824,3543.569846953766,9300.0,7256.953268611565
2025-06-08,8:00-12:00,5833.333333333333,4911.257941750409,7256.953268611565,7050.0
2025-06-08,12:00-16:00,7185.968893752168,2445.634803939256,7050.0,10800.0
2025-06-08,16:00-20:00,0.0,5833.333333333333,10800.0,4318.518518518519
2025-06-08,20:00-24:00,0.0,2806.6666666666665,4318.518518518519,1200.0
2025-06-09,0:00-4:00,9000.0,0.0,1200.0,9300.0
2025-06-09,4:00-8:00,2500.0,4177.4996440276755,9300.0,6908.333728858139
2025-06-09,8:00-12:00,5833.333333333333,4597.5003559723245,6908.333728858139,7050.0
2025-06-09,12:00-16:00,7500.0,2700.0000000000027,7050.0,10800.0
2025-06-09,16:00-20:00,0.0,5833.333333333333,10800.0,4318.518518518519
2025-06-09,20:00-24:00,0.0,2806.6666666666665,4318.518518518519,1200.0
2025-06-10,0:00-4:00,9000.0,0.0,1200.0,9300.0
2025-06-10,4:00-8:00,2500.0,1339.358385509241,9300.0,10061.824016100843
2025-06-10,8:00-12:00,5833.333333333333,7975.64161449076,10061.824016100843,6450.0
2025-06-10,12:00-16:00,7500.0,2159.9999999999986,6450.0,10800.0
2025-06-10,16:00-20:00,0.0,5833.333333333333,10800.0,4318.518518518519
2025-06-10,20:00-24:00,0.0,2806.6666666666665,4318.518518518519,1200.0
2025-06-11,0:00-4:00,9000.0,0.0,1200.0,9300.0
2025-06-11,4:00-8:00,2500.0,3297.236463005983,9300.0,7886.40392999335
2025-06-11,8:00-12:00,5833.333333333333,5477.763536994014,7886.40392999335,7050.0
2025-06-11,12:00-16:00,7357.375949540506,2584.4745191278134,7050.0,10800.0
2025-06-11,16:00-20:00,0.0,5833.333333333333,10800.0,4318.518518518519
2025-06-11,20:00-24:00,0.0,2806.6666666666665,4318.518518518519,1200.0
2025-06-12,0:00-4:00,9000.0,0.0,1200.0,9300.0
2025-06-12,4:00-8:00,2500.0,2121.9095564292834,9300.0,9192.322715078573
2025-06-12,8:00-12:00,5833.333333333333,6653.090443570715,9192.322715078573,7050.0
2025-06-12,12:00-16:00,7729.5783802260485,2885.9584879831,7050.0,10800.0
2025-06-12,16:00-20:00,0.0,5833.333333333333,10800.0,4318.518518518519
2025-06-12,20:00-24:00,0.0,2806.6666666666665,4318.518518518519,1200.0
2025-06-13,0:00-4:00,9000.0,0.0,1200.0,9300.0
2025-06-13,4:00-8:00,1666.6666666666665,4392.628674710656,9300.0,5919.301472543716
2025-06-13,8:00-12:00,3593.211050743745,1217.8722763917776,5919.301472543716,7800.0
2025-06-13,12:00-16:00,5000.0,1350.0000000000002,7800.0,10800.0
2025-06-13,16:00-20:00,0.0,5632.968372302872,10800.0,4541.1462529968085
2025-06-13,20:00-24:00,0.0,3007.0316276971275,4541.1462529968085,1200.0
2025-06-14,0:00-4:00,9000.0,0.0,1200.0,9300.0
2025-06-14,4:00-8:00,1666.6666666666665,3819.497246238292,9300.0,6556.114170846344
2025-06-14,8:00-12:00,2749.3146040732295,1155.2188766991233,6556.114170846344,7746.920784846558
2025-06-14,12:00-16:00,5291.105265266921,1538.0239712281084,7746.920784846558,10800.0
2025-06-14,16:00-20:00,0.0,5809.950405288037,10800.0,4344.499549679957
2025-06-14,20:00-24:00,0.0,2830.0495947119616,4344.499549679957,1200.0
2025-06-15,0:00-4:00,9000.0,0.0,1200.0,9300.0
2025-06-15,4:00-8:00,2500.0,3591.1650002473007,9300.0,7559.816666391887
2025-06-15,8:00-12:00,5833.333333333333,5183.834999752699,7559.816666391887,7050.0
2025-06-15,12:00-16:00,8090.572415795967,3178.363656794734,7050.0,10800.0
2025-06-15,16:00-20:00,0.0,5833.333333333333,10800.0,4318.518518518519
2025-06-15,20:00-24:00,0.0,2806.6666666666665,4318.518518518519,1200.0
2025-06-16,0:00-4:00,9000.0,0.0,1200.0,9300.0
2025-06-16,4:00-8:00,2500.0,2834.4204707031167,9300.0,8400.64392144098
2025-06-16,8:00-12:00,5833.333333333333,5940.579529296881,8400.64392144098,7050.0
2025-06-16,12:00-16:00,8172.31562648059,3244.575657449278,7050.0,10800.0
2025-06-16,16:00-20:00,0.0,5833.333333333333,10800.0,4318.518518518519
2025-06-16,20:00-24:00,0.0,2806.6666666666665,4318.518518518519,1200.0
2025-06-17,0:00-4:00,9000.0,0.0,1200.0,9300.0
2025-06-17,4:00-8:00,2500.0,2097.395815431954,9300.0,9219.560205075606
2025-06-17,8:00-12:00,5833.333333333333,6677.604184568045,9219.560205075606,7050.0
2025-06-17,12:00-16:00,8333.333333333332,3375.000000000001,7050.0,10800.0
2025-06-17,16:00-20:00,0.0,5833.333333333333,10800.0,4318.518518518519
2025-06-17,20:00-24:00,0.0,2806.6666666666665,4318.518518518519,1200.0
2025-06-18,0:00-4:00,9000.0,0.0,1200.0,9300.0
2025-06-18,4:00-8:00,2500.0,1456.1146367112249,9300.0,9932.094848098639
2025-06-18,8:00-12:00,5833.333333333333,7857.766377883884,9932.094848098639,6451.243317116546
2025-06-18,12:00-16:00,8333.333333333332,2836.1189854048926,6451.243317116546,10800.0
2025-06-18,16:00-20:00,0.0,5833.333333333333,10800.0,4318.518518518519
2025-06-18,20:00-24:00,0.0,2806.6666666666665,4318.518518518519,1200.0
2025-06-19,0:00-4:00,9000.0,0.0,1200.0,9300.0
2025-06-19,4:00-8:00,2500.0,2061.4334460479317,9300.0,9259.518393280076
2025-06-19,8:00-12:00,5833.333333333333,6713.566553952067,9259.518393280076,7050.0
2025-06-19,12:00-16:00,8270.73628566308,3324.296391387098,7050.0,10800.0
2025-06-19,16:00-20:00,0.0,5833.333333333333,10800.0,4318.518518518519
2025-06-19,20:00-24:00,0.0,2806.6666666666665,4318.518518518519,1200.0
2025-06-20,0:00-4:00,9000.0,0.0,1200.0,9300.0
2025-06-20,4:00-8:00,1666.6666666666665,4567.639659608658,9300.0,5724.844822657048
2025-06-20,8:00-12:00,5759.068421967178,2814.8828711851424,5724.844822657048,7780.35876777735
2025-06-20,12:00-16:00,5021.8235913585,1350.0000000000002,7780.35876777735,10800.0
2025-06-20,16:00-20:00,0.0,5569.070449525061,10800.0,4612.143944972155
2025-06-20,20:00-24:00,0.0,3070.929550474939,4612.143944972155,1200.0
2025-06-21,0:00-4:00,6666.666666666666,0.0,1200.0,7200.0
2025-06-21,4:00-8:00,1281.2269776546113,2432.051251398675,7200.0,5650.825111668401
2025-06-21,8:00-12:00,3146.62009079951,23.73555475843532,5650.825111668401,8456.410354767477
2025-06-21,12:00-16:00,2633.898395865871,24.227019942085022,8456.410354767477,10800.0
2025-06-21,16:00-20:00,0.0,5883.111945554952,10800.0,4263.208949383385
2025-06-21,20:00-24:00,0.0,2756.8880544450453,4263.208949383385,1200.0
2025-06-22,0:00-4:00,9000.0,0.0,1200.0,9300.0
2025-06-22,4:00-8:00,1666.6666666666665,4000.5740775946383,9300.0,6354.917691561513
2025-06-22,8:00-12:00,5833.333333333333,4099.42592240536,6354.917691561513,7050.0
2025-06-22,12:00-16:00,7106.571542210454,2381.3229491904676,7050.0,10800.0
2025-06-22,16:00-20:00,0.0,5833.333333333333,10800.0,4318.518518518519
2025-06-22,20:00-24:00,0.0,2806.6666666666665,4318.518518518519,1200.0
2025-06-23,0:00-4:00,9000.0,0.0,1200.0,9300.0
2025-06-23,4:00-8:00,2500.0,3690.8232253789192,9300.0,7449.085305134536
2025-06-23,8:00-12:00,5833.333333333333,5084.176774621083,7449.085305134536,7050.0
2025-06-23,12:00-16:00,7500.0,2699.999999999998,7050.0,10800.0
2025-06-23,16:00-20:00,0.0,5833.333333333333,10800.0,4318.518518518519
2025-06-23,20:00-24:00,0.0,2806.6666666666665,4318.518518518519,1200.0
2025-06-24,0:00-4:00,9000.0,0.0,1200.0,9300.0
2025-06-24,4:00-8:00,2420.781665163809,4005.1961737512133,9300.0,7028.485527812747
2025-06-24,8:00-12:00,5833.333333333333,4705.636975031473,7028.485527812747,7050.0
2025-06-24,12:00-16:00,7500.0,2700.000000000001,7050.0,10800.0
2025-06-24,16:00-20:00,0.0,5833.333333333333,10800.0,4318.518518518519
2025-06-24,20:00-24:00,0.0,2806.6666666666665,4318.518518518519,1200.0
2025-06-25,0:00-4:00,9000.0,0.0,1200.0,9300.0
2025-06-25,4:00-8:00,2500.0,3054.1021156569527,9300.0,8156.553204825609
2025-06-25,8:00-12:00,5833.333333333333,5720.897884343047,8156.553204825609,7050.0
2025-06-25,12:00-16:00,7026.864007695456,2316.75984623332,7050.0,10800.0
2025-06-25,16:00-20:00,0.0,5833.333333333333,10800.0,4318.518518518519
2025-06-25,20:00-24:00,0.0,2806.6666666666665,4318.518518518519,1200.0
2025-06-26,0:00-4:00,9000.0,0.0,1200.0,9300.0
2025-06-26,4:00-8:00,2500.0,3704.779179689445,9300.0,7433.578689233949
2025-06-26,8:00-12:00,5833.333333333333,5070.220820310553,7433.578689233949,7050.0
2025-06-26,12:00-16:00,6856.034919957398,2178.3882851654917,7050.0,10800.0
2025-06-26,16:00-20:00,0.0,5833.333333333333,10800.0,4318.518518518519
2025-06-26,20:00-24:00,0.0,2806.6666666666665,4318.518518518519,1200.0
2025-06-27,0:00-4:00,6555.98681346562,0.0,1200.0,7100.388132119058
2025-06-27,4:00-8:00,833.3333333333333,2882.6352714182285,7100.388132119058,4647.460052765471
2025-06-27,8:00-12:00,3735.8310457468947,296.5574665811504,4647.460052765471,7680.1996977364
2025-06-27,12:00-16:00,3466.444780292891,0.0,7680.1996977364,10800.0
2025-06-27,16:00-20:00,0.0,5917.450882658797,10800.0,4225.054574823559
2025-06-27,20:00-24:00,0.0,2722.549117341203,4225.054574823559,1200.0
2025-06-28,0:00-4:00,5151.954433078833,0.0,1200.0,5836.75898977095
2025-06-28,4:00-8:00,833.3333333333333,2394.21625051281,5836.75898977095,3926.5187114233836
2025-06-28,8:00-12:00,4214.580024854412,52.91250740405114,3926.5187114233836,7660.849058898964
2025-06-28,12:00-16:00,3487.945490112265,0.0,7660.849058898964,10800.0
2025-06-28,16:00-20:00,0.0,5954.621988262021,10800.0,4183.753346375532
2025-06-28,20:00-24:00,0.0,2685.378011737979,4183.753346375532,1200.0
2025-06-29,0:00-4:00,9000.0,0.0,1200.0,9300.0
2025-06-29,4:00-8:00,1666.6666666666665,3810.6613832127914,9300.0,6565.931796430231
2025-06-29,8:00-12:00,5833.333333333333,4289.338616787207,6565.931796430231,7050.0
2025-06-29,12:00-16:00,7500.0,2700.0000000000005,7050.0,10800.0
2025-06-29,16:00-20:00,0.0,5833.333333333333,10800.0,4318.518518518519
2025-06-29,20:00-24:00,0.0,2806.6666666666665,4318.518518518519,1200.0
2025-06-30,0:00-4:00,9000.0,0.0,1200.0,9300.0
2025-06-30,4:00-8:00,1959.4582129398025,3838.6847567983914,9300.0,6798.307106314276
2025-06-30,8:00-12:00,5842.640269571468,4506.015014035738,6798.307106314276,7050.0
2025-06-30,12:00-16:00,7485.712150262652,2688.4268417127487,7050.0,10800.0
2025-06-30,16:00-20:00,0.0,5833.333333333333,10800.0,4318.518518518519
2025-06-30,20:00-24:00,0.0,2806.6666666666665,4318.518518518519,1200.0
2025-07-01,0:00-4:00,9000.0,0.0,1200.0,9300.0
2025-07-01,4:00-8:00,2500.0,1982.8310246846017,9300.0,9346.854417017108
2025-07-01,8:00-12:00,5833.333333333333,6792.168975315395,9346.854417017108,7050.0
2025-07-01,12:00-16:00,7500.0,2700.000000000001,7050.0,10800.0
2025-07-01,16:00-20:00,0.0,5833.333333333333,10800.0,4318.518518518519
2025-07-01,20:00-24:00,0.0,2806.6666666666665,4318.518518518519,1200.0
2025-07-02,0:00-4:00,9000.0,0.0,1200.0,9300.0
2025-07-02,4:00-8:00,2500.0,2469.521951509739,9300.0,8806.086720544734
2025-07-02,8:00-12:00,5833.333333333333,6305.47804849026,8806.086720544734,7050.0
2025-07-02,12:00-16:00,7676.937823525875,2843.319637055959,7050.0,10800.0
2025-07-02,16:00-20:00,0.0,5833.333333333333,10800.0,4318.518518518519
2025-07-02,20:00-24:00,0.0,2806.6666666666665,4318.518518518519,1200.0
2025-07-03,0:00-4:00,9000.0,0.0,1200.0,9300.0
2025-07-03,4:00-8:00,2500.0,2573.122833961291,9300.0,8690.9746289319
2025-07-03,8:00-12:00,5833.333333333333,6201.87716603871,8690.9746289319,7050.0
2025-07-03,12:00-16:00,7301.880595934408,2539.523282706875,7050.0,10800.0
2025-07-03,16:00-20:00,0.0,5833.333333333333,10800.0,4318.518518518519
2025-07-03,20:00-24:00,0.0,2806.6666666666665,4318.518518518519,1200.0
2025-07-04,0:00-4:00,9000.0,0.0,1200.0,9300.0
2025-07-04,4:00-8:00,1666.6666666666665,3556.9361839506955,9300.0,6847.8486844992285
2025-07-04,8:00-12:00,2804.1248864237277,295.60131801831557,6847.8486844992285,9043.115173371343
2025-07-04,12:00-16:00,3658.8771752752027,1382.4941680071254,9043.115173371343,10800.0
2025-07-04,16:00-20:00,0.0,5813.000197965779,10800.0,4341.110891149136
2025-07-04,20:00-24:00,0.0,2826.999802034222,4341.110891149136,1200.0
2025-07-05,0:00-4:00,7447.219050725212,0.0,1200.0,7902.497145652691
2025-07-05,4:00-8:00,1666.6666666666665,3193.0494908593514,7902.497145652691,5854.664378031189
2025-07-05,8:00-12:00,3416.340125922361,41.461098078422026,5854.664378031189,8883.302604607512
2025-07-05,12:00-16:00,3169.86919310396,842.5663905609676,8883.302604607512,10800.0
2025-07-05,16:00-20:00,0.0,5589.707880504852,10800.0,4589.21346610572
2025-07-05,20:00-24:00,0.0,3050.292119495148,4589.21346610572,1200.0
2025-07-06,0:00-4:00,9000.0,0.0,1200.0,9300.0
2025-07-06,4:00-8:00,1748.8837698761217,4094.943041609557,9300.0,6324.058679989001
2025-07-06,8:00-12:00,5833.333333333333,4071.652811990102,6324.058679989001,7050.0
2025-07-06,12:00-16:00,7500.0,2699.9999999999977,7050.0,10800.0
2025-07-06,16:00-20:00,0.0,5833.333333333333,10800.0,4318.518518518519
2025-07-06,20:00-24:00,0.0,2806.6666666666665,4318.518518518519,1200.0
2025-07-07,0:00-4:00,9000.0,0.0,1200.0,9300.0
2025-07-07,4:00-8:00,2500.0,3458.1485643571796,9300.0,7707.6127062698
2025-07-07,8:00-12:00,5833.333333333333,5316.85143564282,7707.6127062698,7050.0
2025-07-07,12:00-16:00,7272.692373039723,2515.880822162178,7050.0,10800.0
2025-07-07,16:00-20:00,0.0,5833.333333333333,10800.0,4318.518518518519
2025-07-07,20:00-24:00,0.0,2806.6666666666665,4318.518518518519,1200.0
2025-07-08,0:00-4:00,9000.0,0.0,1200.0,9300.0
2025-07-08,4:00-8:00,2500.0,2957.839723560659,9300.0,8263.511418265933
2025-07-08,8:00-12:00,5833.333333333333,5817.160276439339,8263.511418265933,7050.0
2025-07-08,12:00-16:00,7392.56983899207,2612.9815695835746,7050.0,10800.0
2025-07-08,16:00-20:00,0.0,5833.333333333333,10800.0,4318.518518518519
2025-07-08,20:00-24:00,0.0,2806.6666666666665,4318.518518518519,1200.0
2025-07-09,0:00-4:00,9000.0,0.0,1200.0,9300.0
2025-07-09,4:00-8:00,2500.0,3149.0025401426724,9300.0,8051.108288730365
2025-07-09,8:00-12:00,5833.333333333333,5625.997459857327,8051.108288730365,7050.0
2025-07-09,12:00-16:00,6881.310298339841,2198.861341655272,7050.0,10800.0
2025-07-09,16:00-20:00,0.0,5833.333333333333,10800.0,4318.518518518519
2025-07-09,20:00-24:00,0.0,2806.6666666666665,4318.518518518519,1200.0
2025-07-10,0:00-4:00,9000.0,0.0,1200.0,9300.0
2025-07-10,4:00-8:00,2500.0,3479.354369487552,9300.0,7684.050700569387
2025-07-10,8:00-12:00,5833.333333333333,5295.645630512448,7684.050700569387,7050.0
2025-07-10,12:00-16:00,7500.0,2700.000000000001,7050.0,10800.0
2025-07-10,16:00-20:00,0.0,5833.333333333333,10800.0,4318.518518518519
2025-07-10,20:00-24:00,0.0,2806.6666666666665,4318.518518518519,1200.0
2025-07-11,0:00-4:00,6871.381523554248,0.0,1200.0,7384.243371198823
2025-07-11,4:00-8:00,1666.6666666666665,4217.702941882766,7384.243371198823,4197.906769106861
2025-07-11,8:00-12:00,4154.03353712457,739.1519915333722,4197.906769106861,7115.256961926338
2025-07-11,12:00-16:00,4415.675950985584,260.42878603202297,7115.256961926338,10800.0
2025-07-11,16:00-20:00,0.0,5760.027498300962,10800.0,4399.969446332265
2025-07-11,20:00-24:00,0.0,2879.972501699038,4399.969446332265,1200.0
2025-07-12,0:00-4:00,3252.480095198206,0.0,1200.0,4127.232085678385
2025-07-12,4:00-8:00,840.4844037646069,3309.5088771105475,4127.232085678385,1206.4359633881463
2025-07-12,8:00-12:00,6550.311819962536,0.0,1206.4359633881463,7101.716601354428
2025-07-12,12:00-16:00,4286.41539488743,143.5414110778027,7101.716601354428,10800.0
2025-07-12,16:00-20:00,0.0,5413.776753519857,10800.0,4784.692496089047
2025-07-12,20:00-24:00,0.0,3226.223246480142,4784.692496089047,1200.0
2025-07-13,0:00-4:00,9000.0,0.0,1200.0,9300.0
2025-07-13,4:00-8:00,2500.0,4130.992152962786,9300.0,6960.0087189302385
2025-07-13,8:00-12:00,5838.367482744054,4648.0855080598985,6960.0087189302385,7050.0
2025-07-13,12:00-16:00,7500.0,2699.999999999998,7050.0,10800.0
2025-07-13,16:00-20:00,0.0,5833.333333333333,10800.0,4318.518518518519
2025-07-13,20:00-24:00,0.0,2806.6666666666665,4318.518518518519,1200.0
2025-07-14,0:00-4:00,9000.0,0.0,1200.0,9300.0
2025-07-14,4:00-8:00,2500.0,3911.4198494447583,9300.0,7203.977945061379
2025-07-14,8:00-12:00,5833.333333333333,4863.58015055524,7203.977945061379,7050.0
2025-07-14,12:00-16:00,6263.274989674593,1698.2527416364196,7050.0,10800.0
2025-07-14,16:00-20:00,0.0,5833.333333333333,10800.0,4318.518518518519
2025-07-14,20:00-24:00,0.0,2806.6666666666665,4318.518518518519,1200.0
2025-07-15,0:00-4:00,9000.0,0.0,1200.0,9300.0
2025-07-15,4:00-8:00,2500.0,3560.096387688295,9300.0,7594.337347013005
2025-07-15,8:00-12:00,5833.333333333333,5214.903612311705,7594.337347013005,7050.0
2025-07-15,12:00-16:00,6966.095547160558,2267.537393200052,7050.0,10800.0
2025-07-15,16:00-20:00,0.0,5833.333333333333,10800.0,4318.518518518519
2025-07-15,20:00-24:00,0.0,2806.6666666666665,4318.518518518519,1200.0
2025-07-16,0:00-4:00,9000.0,0.0,1200.0,9300.0
2025-07-16,4:00-8:00,1666.6666666666665,4664.062401740161,9300.0,5617.7084425109315
2025-07-16,8:00-12:00,5833.333333333333,3435.9375982598385,5617.7084425109315,7050.0
2025-07-16,12:00-16:00,7029.016301088102,2318.503203881362,7050.0,10800.0
2025-07-16,16:00-20:00,0.0,5833.333333333333,10800.0,4318.518518518519
2025-07-16,20:00-24:00,0.0,2806.6666666666665,4318.518518518519,1200.0
2025-07-17,0:00-4:00,9000.0,0.0,1200.0,9300.0
2025-07-17,4:00-8:00,2500.0,4448.00687686362,9300.0,6607.770136818201
2025-07-17,8:00-12:00,5872.155555029943,4358.439122710634,6607.770136818201,7050.0
2025-07-17,12:00-16:00,6740.673534358349,2084.945562830263,7050.0,10800.0
2025-07-17,16:00-20:00,0.0,5833.333333333333,10800.0,4318.518518518519
2025-07-17,20:00-24:00,0.0,2806.6666666666665,4318.518518518519,1200.0
2025-07-18,0:00-4:00,6666.666666666666,0.0,1200.0,7200.0
2025-07-18,4:00-8:00,1314.722802774989,4387.326939767561,7200.0,3508.4428116446443
2025-07-18,8:00-12:00,4669.300706493662,105.69367505927212,3508.4428116446443,7593.376030756417
2025-07-18,12:00-16:00,3802.659374257766,194.19252082956908,7593.376030756417,10800.0
2025-07-18,16:00-20:00,0.0,5768.477787100193,10800.0,4390.580236555341
2025-07-18,20:00-24:00,0.0,2871.5222128998066,4390.580236555341,1200.0
2025-07-19,0:00-4:00,2766.0831886392075,0.0,1200.0,3689.4748697752866
2025-07-19,4:00-8:00,833.3333333333333,2915.527382797758,3689.4748697752866,1200.0
2025-07-19,8:00-12:00,5522.891531830177,0.0,1200.0,6170.60237864716
2025-07-19,12:00-16:00,5143.775134836492,0.0,6170.60237864716,10800.0
2025-07-19,16:00-20:00,0.0,5441.963465600671,10800.0,4753.373927110366
2025-07-19,20:00-24:00,0.0,3198.036534399329,4753.373927110366,1200.0
2025-07-20,0:00-4:00,9000.0,0.0,1200.0,9300.0
2025-07-20,4:00-8:00,1666.6666666666665,5546.117810121163,9300.0,4637.646877643153
2025-07-20,8:00-12:00,5880.285943522267,2710.7039448980277,4637.646877643153,6918.010954704274
2025-07-20,12:00-16:00,6678.543049550211,1915.8297293695205,6918.010954704274,10800.0
2025-07-20,16:00-20:00,0.0,5833.333333333333,10800.0,4318.518518518519
2025-07-20,20:00-24:00,0.0,2806.6666666666665,4318.518518518519,1200.0
2025-07-21,0:00-4:00,9000.0,0.0,1200.0,9300.0
2025-07-21,4:00-8:00,1666.6666666666665,5264.507999550977,9300.0,4950.546667165581
2025-07-21,8:00-12:00,5833.333333333333,3075.6016941979756,4950.546667165581,6783.211451390052
2025-07-21,12:00-16:00,6129.765054011053,1350.0000000000005,6783.211451390052,10800.0
2025-07-21,16:00-20:00,0.0,5833.333333333333,10800.0,4318.518518518519
2025-07-21,20:00-24:00,0.0,2806.6666666666665,4318.518518518519,1200.0
2025-07-22,0:00-4:00,9000.0,0.0,1200.0,9300.0
2025-07-22,4:00-8:00,1881.5994766969065,4324.613666195009,9300.0,6188.313233254984
2025-07-22,8:00-12:00,5833.333333333333,4083.0249742248566,6188.313233254984,6901.618817449587
2025-07-22,12:00-16:00,6532.858743842593,1783.0725182171295,6901.618817449587,10800.0
2025-07-22,16:00-20:00,0.0,5833.333333333333,10800.0,4318.518518518519
2025-07-22,20:00-24:00,0.0,2806.6666666666665,4318.518518518519,1200.0
2025-07-23,0:00-4:00,9000.0,0.0,1200.0,9300.0
2025-07-23,4:00-8:00,1666.6666666666665,5478.10049143086,9300.0,4713.221676187932
2025-07-23,8:00-12:00,5833.333333333333,2790.5242811163907,4713.221676187932,6862.639141614165
2025-07-23,12:00-16:00,6476.139136857646,1702.0479283074417,6862.639141614165,10800.0
2025-07-23,16:00-20:00,0.0,5833.333333333333,10800.0,4318.518518518519
2025-07-23,20:00-24:00,0.0,2806.6666666666665,4318.518518518519,1200.0
2025-07-24,0:00-4:00,9000.0,0.0,1200.0,9300.0
2025-07-24,4:00-8:00,1666.6666666666665,5088.648611525767,9300.0,5145.945987193592
2025-07-24,8:00-12:00,6014.158056592547,3407.7863134195513,5145.945987193592,6772.259000994049
2025-07-24,12:00-16:00,6213.397326887685,1407.884935673668,6772.259000994049,10800.0
2025-07-24,16:00-20:00,0.0,5833.333333333333,10800.0,4318.518518518519
2025-07-24,20:00-24:00,0.0,2806.6666666666665,4318.518518518519,1200.0
2025-07-25,0:00-4:00,3424.4746890593124,0.0,1200.0,4282.027220153382
2025-07-25,4:00-8:00,833.3333333333333,3443.7517333487267,4282.027220153382,1205.636405321463
2025-07-25,8:00-12:00,5757.533717448538,22.261750412294255,1205.636405321463,6362.681472789265
2025-07-25,12:00-16:00,4930.35391912304,0.0,6362.681472789265,10800.0
2025-07-25,16:00-20:00,0.0,5523.393997560809,10800.0,4662.895558265767
2025-07-25,20:00-24:00,0.0,3116.6060024391904,4662.895558265767,1200.0
2025-07-26,0:00-4:00,2331.120954634822,0.0,1200.0,3298.0088591713397
2025-07-26,4:00-8:00,833.3333333333333,2563.207973254206,3298.0088591713397,1200.0
2025-07-26,8:00-12:00,4635.2115235013425,0.0,1200.0,5371.690371151209
2025-07-26,12:00-16:00,6031.455143165327,0.0,5371.690371151209,10800.0
2025-07-26,16:00-20:00,0.0,5441.59443196268,10800.0,4753.7839644859105
2025-07-26,20:00-24:00,0.0,3198.4055680373194,4753.7839644859105,1200.0
2025-07-27,0:00-4:00,9000.0,0.0,1200.0,9300.0
2025-07-27,4:00-8:00,1666.6666666666665,5466.098864197736,9300.0,4726.556817558071
2025-07-27,8:00-12:00,5845.6610093243535,2857.528944181718,4726.556817558071,6812.61956574808
2025-07-27,12:00-16:00,5621.819446278662,965.0313606589904,6812.61956574808,10800.0
2025-07-27,16:00-20:00,0.0,5833.333333333333,10800.0,4318.518518518519
2025-07-27,20:00-24:00,0.0,2806.6666666666665,4318.518518518519,1200.0
2025-07-28,0:00-4:00,9000.0,0.0,1200.0,9300.0
2025-07-28,4:00-8:00,1666.6666666666665,4968.103608342264,9300.0,5279.884879619707
2025-07-28,8:00-12:00,5859.9271057180185,3232.6621824038984,5279.884879619707,6961.97240542826
2025-07-28,12:00-16:00,5931.141771746378,1349.9999999999995,6961.97240542826,10800.0
2025-07-28,16:00-20:00,0.0,5833.333333333333,10800.0,4318.518518518519
2025-07-28,20:00-24:00,0.0,2806.6666666666665,4318.518518518519,1200.0
2025-07-29,0:00-4:00,9000.0,0.0,1200.0,9300.0
2025-07-29,4:00-8:00,1666.6666666666665,5267.885883094776,9300.0,4946.793463228029
2025-07-29,8:00-12:00,6186.826908841886,3118.443913067153,4946.793463228029,7050.0
2025-07-29,12:00-16:00,6210.759262213433,1655.7150023928825,7050.0,10800.0
2025-07-29,16:00-20:00,0.0,5833.333333333333,10800.0,4318.518518518519
2025-07-29,20:00-24:00,0.0,2806.6666666666665,4318.518518518519,1200.0
2025-07-30,0:00-4:00,9000.0,0.0,1200.0,9300.0
2025-07-30,4:00-8:00,1666.6666666666665,5737.21399092637,9300.0,4425.317787859587
2025-07-30,8:00-12:00,6274.339264671445,2797.8123940764617,4425.317787859587,6963.5426882011525
2025-07-30,12:00-16:00,5912.613014215606,1336.4049608956823,6963.5426882011525,10800.0
2025-07-30,16:00-20:00,0.0,5833.333333333333,10800.0,4318.518518518519
2025-07-30,20:00-24:00,0.0,2806.6666666666665,4318.518518518519,1200.0
2025-07-31,0:00-4:00,9000.0,0.0,1200.0,9300.0
2025-07-31,4:00-8:00,1666.6666666666665,5690.934078028758,9300.0,4476.7399133013805
2025-07-31,8:00-12:00,6192.057645499089,2699.632614825505,4476.7399133013805,7050.0
2025-07-31,12:00-16:00,6466.504315049023,1862.868495189709,7050.0,10800.0
2025-07-31,16:00-20:00,0.0,5833.333333333333,10800.0,4318.518518518519
2025-07-31,20:00-24:00,0.0,2806.6666666666665,4318.518518518519,1200.0
2025-08-01,0:00-4:00,3065.2315779963837,0.0,1200.0,3958.7084201967455
2025-08-01,4:00-8:00,833.3333333333333,3157.837578177071,3958.7084201967455,1200.0
2025-08-01,8:00-12:00,5750.634098020362,0.0,1200.0,6375.570688218328
2025-08-01,12:00-16:00,5051.421916440036,109.66537171292275,6375.570688218328,10800.0
2025-08-01,16:00-20:00,0.0,5833.333333333333,10800.0,4318.518518518519
2025-08-01,20:00-24:00,0.0,2806.6666666666665,4318.518518518519,1200.0
2025-08-02,0:00-4:00,2169.3122535767557,0.0,1200.0,3152.3810282190802
2025-08-02,4:00-8:00,833.3333333333333,2432.142925397172,3152.3810282190802,1200.0
2025-08-02,8:00-12:00,4357.894314256447,0.0,1200.0,5122.104882830801
2025-08-02,12:00-16:00,6350.097792093966,33.47360614383342,5122.104882830801,10800.0
2025-08-02,16:00-20:00,0.0,5400.098476809497,10800.0,4799.890581322781
2025-08-02,20:00-24:00,0.0,3239.9015231905028,4799.890581322781,1200.0
2025-08-03,0:00-4:00,9000.0,0.0,1200.0,9300.0
2025-08-03,4:00-8:00,1666.6666666666665,5749.848348888877,9300.0,4411.279612345692
2025-08-03,8:00-12:00,6361.373722223183,2810.548449424446,4411.279612345692,7013.68435187495
2025-08-03,12:00-16:00,6163.619873037335,1584.848013847697,7013.68435187495,10800.0
2025-08-03,16:00-20:00,0.0,5833.333333333333,10800.0,4318.518518518519
2025-08-03,20:00-24:00,0.0,2806.6666666666665,4318.518518518519,1200.0
2025-08-04,0:00-4:00,9000.0,0.0,1200.0,9300.0
2025-08-04,4:00-8:00,1666.6666666666665,5348.516264298893,9300.0,4857.2041507790045
2025-08-04,8:00-12:00,5983.546727471976,2873.1565849534045,4857.2041507790045,7050.0
2025-08-04,12:00-16:00,5623.699868276449,1180.1968933039252,7050.0,10800.0
2025-08-04,16:00-20:00,0.0,5833.333333333333,10800.0,4318.518518518519
2025-08-04,20:00-24:00,0.0,2806.6666666666665,4318.518518518519,1200.0
2025-08-05,0:00-4:00,9000.0,0.0,1200.0,9300.0
2025-08-05,4:00-8:00,1666.6666666666665,5300.251583021478,9300.0,4910.83157442058
2025-08-05,8:00-12:00,5938.742724453937,2900.434471002749,4910.83157442058,7032.995058648292
2025-08-05,12:00-16:00,5852.227712613009,1349.999999999999,7032.995058648292,10800.0
2025-08-05,16:00-20:00,0.0,5833.333333333333,10800.0,4318.518518518519
2025-08-05,20:00-24:00,0.0,2806.6666666666665,4318.518518518519,1200.0
2025-08-06,0:00-4:00,9000.0,0.0,1200.0,9300.0
2025-08-06,4:00-8:00,1666.6666666666665,5885.99045098454,9300.0,4260.010610017178
2025-08-06,8:00-12:00,6227.600432078296,2754.00954901546,4260.010610017178,6804.840388870467
2025-08-06,12:00-16:00,5574.011486285987,919.3056538750702,6804.840388870467,10800.0
2025-08-06,16:00-20:00,0.0,5833.333333333333,10800.0,4318.518518518519
2025-08-06,20:00-24:00,0.0,2806.6666666666665,4318.518518518519,1200.0
2025-08-07,0:00-4:00,9000.0,0.0,1200.0,9300.0
2025-08-07,4:00-8:00,1666.6666666666665,5759.288872607707,9300.0,4400.790141546993
2025-08-07,8:00-12:00,6398.511931022058,2860.3724646848655,4400.790141546993,6981.259252039217
2025-08-07,12:00-16:00,6036.680259219497,1452.844336803088,6981.259252039217,10800.0
2025-08-07,16:00-20:00,0.0,5833.333333333333,10800.0,4318.518518518519
2025-08-07,20:00-24:00,0.0,2806.6666666666665,4318.518518518519,1200.0
2025-08-08,0:00-4:00,1820.7436777757048,0.0,1200.0,2838.6693099981344
2025-08-08,4:00-8:00,833.3333333333333,2149.802378998321,2838.6693099981344,1200.0
2025-08-08,8:00-12:00,5032.990157814503,0.0,1200.0,5729.691142033052
2025-08-08,12:00-16:00,5636.945241984939,2.64767383755061,5729.691142033052,10800.0
2025-08-08,16:00-20:00,0.0,5461.917390083681,10800.0,4731.202899907022
2025-08-08,20:00-24:00,0.0,3178.0826099163196,4731.202899907022,1200.0
2025-08-09,0:00-4:00,1784.313296183281,0.0,1200.0,2805.881966564953
2025-08-09,4:00-8:00,843.3432608501465,2128.4018111970768,2805.881966564953,1200.0
2025-08-09,8:00-12:00,4291.162435147063,0.0,1200.0,5062.0461916323575
2025-08-09,12:00-16:00,6375.5042315196015,0.0,5062.0461916323575,10800.0
2025-08-09,16:00-20:00,0.0,5440.0985859076345,10800.0,4755.4460156581845
2025-08-09,20:00-24:00,0.0,3199.9014140923655,4755.4460156581845,1200.0
2025-08-10,0:00-4:00,9000.0,0.0,1200.0,9300.0
2025-08-10,4:00-8:00,1666.6666666666665,5934.585035586066,9300.0,4206.016627126591
2025-08-10,8:00-12:00,5114.960011780572,1777.9708882876917,4206.016627126591,6833.95742852056
2025-08-10,12:00-16:00,5116.661800888917,575.0577443885285,6833.95742852056,10800.0
2025-08-10,16:00-20:00,0.0,5833.333333333333,10800.0,4318.518518518519
2025-08-10,20:00-24:00,0.0,2806.6666666666665,4318.518518518519,1200.0
2025-08-11,0:00-4:00,9000.0,0.0,1200.0,9300.0
2025-08-11,4:00-8:00,1666.6666666666665,5896.955853231711,9300.0,4247.826829742542
2025-08-11,8:00-12:00,5763.545652222262,1901.243118222087,4247.826829742542,7322.525563162482
2025-08-11,12:00-16:00,4436.882431112034,464.1477760469816,7322.525563162482,10800.0
2025-08-11,16:00-20:00,0.0,5833.333333333333,10800.0,4318.518518518519
2025-08-11,20:00-24:00,0.0,2806.6666666666665,4318.518518518519,1200.0
2025-08-12,0:00-4:00,9000.0,0.0,1200.0,9300.0
2025-08-12,4:00-8:00,1666.6666666666665,5827.790106382643,9300.0,4324.677659574842
2025-08-12,8:00-12:00,5451.189087044494,1797.1537807623672,4324.677659574842,7233.910303734479
2025-08-12,12:00-16:00,4658.433841210792,563.8506847417751,7233.910303734479,10800.0
2025-08-12,16:00-20:00,0.0,5833.333333333333,10800.0,4318.518518518519
2025-08-12,20:00-24:00,0.0,2806.6666666666665,4318.518518518519,1200.0
2025-08-13,0:00-4:00,9000.0,0.0,1200.0,9300.0
2025-08-13,4:00-8:00,1666.6666666666665,5832.215679125224,9300.0,4319.760356527531
2025-08-13,8:00-12:00,5777.714645253524,1799.0920847106368,4319.760356527531,7520.712332021663
2025-08-13,12:00-16:00,4920.87270692855,1034.5479914316215,7520.712332021663,10800.0
2025-08-13,16:00-20:00,0.0,5833.333333333333,10800.0,4318.518518518519
2025-08-13,20:00-24:00,0.0,2806.6666666666665,4318.518518518519,1200.0
2025-08-14,0:00-4:00,9000.0,0.0,1200.0,9300.0
2025-08-14,4:00-8:00,1666.6666666666665,5963.819132342375,9300.0,4173.53429739736
2025-08-14,8:00-12:00,5522.901982841708,1861.5658750803045,4173.53429739736,7075.739554087893
2025-08-14,12:00-16:00,4923.617545093437,636.29581020479,7075.739554087893,10800.0
2025-08-14,16:00-20:00,0.0,5833.333333333333,10800.0,4318.518518518519
2025-08-14,20:00-24:00,0.0,2806.6666666666665,4318.518518518519,1200.0
2025-08-15,0:00-4:00,2103.348914380288,0.0,1200.0,3093.0140229422595
2025-08-15,4:00-8:00,833.3333333333333,2378.7126206480334,3093.0140229422595,1200.0
2025-08-15,8:00-12:00,4256.81953068656,0.0,1200.0,5031.137577617903
2025-08-15,12:00-16:00,6449.129385245898,31.81862190528809,5031.137577617903,10800.0
2025-08-15,16:00-20:00,0.0,5492.912233245782,10800.0,4696.764185282464
2025-08-15,20:00-24:00,0.0,3147.0877667542172,4696.764185282464,1200.0
2025-08-16,0:00-4:00,1882.9509976710647,0.0,1200.0,2894.6558979039582
2025-08-16,4:00-8:00,833.3333333333333,2200.190308113562,2894.6558979039582,1200.0
2025-08-16,8:00-12:00,1950.6631175305101,0.0,1200.0,2955.596805777459
2025-08-16,12:00-16:00,8736.08114791661,16.2628550121699,2955.596805777459,10800.0
2025-08-16,16:00-20:00,0.0,5611.420850685922,10800.0,4565.087943682307
2025-08-16,20:00-24:00,0.0,3028.579149314076,4565.087943682307,1200.0
2025-08-17,0:00-4:00,9000.0,0.0,1200.0,9300.0
2025-08-17,4:00-8:00,1666.6666666666665,5425.1936757955555,9300.0,4772.007026893828
2025-08-17,8:00-12:00,3863.9125852997827,1270.6477671134871,4772.007026893828,6837.697501315313
2025-08-17,12:00-16:00,4921.377844702136,420.24380539251376,6837.697501315313,10800.0
2025-08-17,16:00-20:00,0.0,5833.333333333333,10800.0,4318.518518518519
2025-08-17,20:00-24:00,0.0,2806.6666666666665,4318.518518518519,1200.0
2025-08-18,0:00-4:00,9000.0,0.0,1200.0,9300.0
2025-08-18,4:00-8:00,1666.6666666666665,5809.5504305985705,9300.0,4344.943966001588
2025-08-18,8:00-12:00,5231.3901831247695,2234.5117883748503,4344.943966001588,6570.404254841826
2025-08-18,12:00-16:00,5395.260167604192,563.5245651170422,6570.404254841826,10800.0
2025-08-18,16:00-20:00,0.0,5833.333333333333,10800.0,4318.518518518519
2025-08-18,20:00-24:00,0.0,2806.6666666666665,4318.518518518519,1200.0
2025-08-19,0:00-4:00,9000.0,0.0,1200.0,9300.0
2025-08-19,4:00-8:00,1666.6666666666665,5624.650633677547,9300.0,4550.388184802724
2025-08-19,8:00-12:00,5202.64206687425,1861.102652619507,4550.388184802724,7164.874208745653
2025-08-19,12:00-16:00,5137.207924996513,889.5252071182622,7164.874208745653,10800.0
2025-08-19,16:00-20:00,0.0,5833.333333333333,10800.0,4318.518518518519
2025-08-19,20:00-24:00,0.0,2806.6666666666665,4318.518518518519,1200.0
2025-08-20,0:00-4:00,9000.0,0.0,1200.0,9300.0
2025-08-20,4:00-8:00,1666.6666666666665,5922.144238257776,9300.0,4219.839735269138
2025-08-20,8:00-12:00,5306.863802131585,1804.398751133433,4219.839735269138,6991.129655928195
2025-08-20,12:00-16:00,5249.991576048185,824.5098669344055,6991.129655928195,10800.0
2025-08-20,16:00-20:00,0.0,5833.333333333333,10800.0,4318.518518518519
2025-08-20,20:00-24:00,0.0,2806.6666666666665,4318.518518518519,1200.0
2025-08-21,0:00-4:00,9000.0,0.0,1200.0,9300.0
2025-08-21,4:00-8:00,1666.6666666666665,5969.393015098953,9300.0,4167.341094334496
2025-08-21,8:00-12:00,5561.164111606258,1956.1476650135387,4167.341094334496,6998.891389209532
2025-08-21,12:00-16:00,4801.150378880021,467.9340571813975,6998.891389209532,10800.0
2025-08-21,16:00-20:00,0.0,5833.333333333333,10800.0,4318.518518518519
2025-08-21,20:00-24:00,0.0,2806.6666666666665,4318.518518518519,1200.0
2025-08-22,0:00-4:00,2308.2626907785893,0.0,1200.0,3277.4364217007305
2025-08-22,4:00-8:00,833.3333333333333,2544.6927795306574,3277.4364217007305,1200.0
2025-08-22,8:00-12:00,2125.8891186271967,0.0,1200.0,3113.300206764477
2025-08-22,12:00-16:00,8557.948257025068,13.908274278335556,3113.300206764477,10800.0
2025-08-22,16:00-20:00,0.0,5477.571667592529,10800.0,4713.8092582305235
2025-08-22,20:00-24:00,0.0,3162.428332407472,4713.8092582305235,1200.0
2025-08-23,0:00-4:00,2142.1921105904053,0.0,1200.0,3127.972899531365
2025-08-23,4:00-8:00,833.3333333333333,2410.1756095782284,3127.972899531365,1200.0
2025-08-23,8:00-12:00,2285.143119949706,0.0,1200.0,3256.6288079547353
2025-08-23,12:00-16:00,8399.981086572403,14.950607282907697,3256.6288079547353,10800.0
2025-08-23,16:00-20:00,0.0,5482.689944079206,10800.0,4708.122284356437
2025-08-23,20:00-24:00,0.0,3157.3100559207937,4708.122284356437,1200.0
2025-08-24,0:00-4:00,9000.0,0.0,1200.0,9300.0
2025-08-24,4:00-8:00,1666.6666666666665,6064.29596118703,9300.0,4061.8933764588555
2025-08-24,8:00-12:00,5328.874863473969,1829.742991267986,4061.8933764588555,6824.832985509887
2025-08-24,12:00-16:00,4853.293385850836,353.51732949807507,6824.832985509887,10800.0
2025-08-24,16:00-20:00,0.0,5833.333333333333,10800.0,4318.518518518519
2025-08-24,20:00-24:00,0.0,2806.6666666666665,4318.518518518519,1200.0
2025-08-25,0:00-4:00,9000.0,0.0,1200.0,9300.0
2025-08-25,4:00-8:00,1666.6666666666665,5541.190695670077,9300.0,4643.12144925547
2025-08-25,8:00-12:00,6085.103406494786,2762.7430635906994,4643.12144925547,7050.0
2025-08-25,12:00-16:00,5833.333333333333,1349.9999999999995,7050.0,10800.0
2025-08-25,16:00-20:00,0.0,5833.333333333333,10800.0,4318.518518518519
2025-08-25,20:00-24:00,0.0,2806.6666666666665,4318.518518518519,1200.0
2025-08-26,0:00-4:00,9000.0,0.0,1200.0,9300.0
2025-08-26,4:00-8:00,1666.6666666666665,5596.601820494644,9300.0,4581.553532783726
2025-08-26,8:00-12:00,5913.521711720177,1893.3507659986983,4581.553532783726,7800.0
2025-08-26,12:00-16:00,4905.825281430823,1273.7184779589684,7800.0,10800.0
2025-08-26,16:00-20:00,0.0,5833.333333333333,10800.0,4318.518518518519
2025-08-26,20:00-24:00,0.0,2806.6666666666665,4318.518518518519,1200.0
2025-08-27,0:00-4:00,9000.0,0.0,1200.0,9300.0
2025-08-27,4:00-8:00,1666.6666666666665,5232.062620091794,9300.0,4986.597088786896
2025-08-27,8:00-12:00,5928.086850017449,2944.6877284223406,4986.597088786896,7050.0
2025-08-27,12:00-16:00,5774.146549487988,1302.0587050852728,7050.0,10800.0
2025-08-27,16:00-20:00,0.0,5833.333333333333,10800.0,4318.518518518519
2025-08-27,20:00-24:00,0.0,2806.6666666666665,4318.518518518519,1200.0
2025-08-28,0:00-4:00,9000.0,0.0,1200.0,9300.0
2025-08-28,4:00-8:00,1666.6666666666665,5657.051319755235,9300.0,4514.387422494184
2025-08-28,8:00-12:00,6168.686402679383,2135.3854612473606,4514.387422494184,7693.554672408562
2025-08-28,12:00-16:00,5676.134510910289,1801.868159005037,7693.554672408562,10800.0
2025-08-28,16:00-20:00,0.0,5833.333333333333,10800.0,4318.518518518519
2025-08-28,20:00-24:00,0.0,2806.6666666666665,4318.518518518519,1200.0
2025-08-29,0:00-4:00,1903.3647860444357,0.0,1200.0,2913.028307439992
2025-08-29,4:00-8:00,833.3333333333333,2216.7254766959923,2913.028307439992,1200.0
2025-08-29,8:00-12:00,3430.074546992022,0.0,1200.0,4287.06709229282
2025-08-29,12:00-16:00,7247.706289576161,9.002477620226818,4287.06709229282,10800.0
2025-08-29,16:00-20:00,0.0,5674.144911761966,10800.0,4495.394542486705
2025-08-29,20:00-24:00,0.0,2965.855088238034,4495.394542486705,1200.0
2025-08-30,0:00-4:00,2362.2853472881734,0.0,1200.0,3326.0568125593563
2025-08-30,4:00-8:00,833.3333333333333,2588.4511313034204,3326.0568125593563,1200.0
2025-08-30,8:00-12:00,5626.002683176713,0.0,1200.0,6263.4024148590415
2025-08-30,12:00-16:00,5040.663983489952,0.0,6263.4024148590415,10800.0
2025-08-30,16:00-20:00,0.0,5464.127263427939,10800.0,4728.747485080065
2025-08-30,20:00-24:00,0.0,3175.872736572059,4728.747485080065,1200.0
2025-08-31,0:00-4:00,9000.0,0.0,1200.0,9300.0
2025-08-31,4:00-8:00,1666.6666666666665,6273.393588669341,9300.0,3829.5626792562875
2025-08-31,8:00-12:00,6280.528566536474,2372.1011666845015,3829.5626792562875,6846.370426156334
2025-08-31,12:00-16:00,5412.133760296684,825.5617293810174,6846.370426156334,10800.0
2025-08-31,16:00-20:00,0.0,5833.333333333333,10800.0,4318.518518518519
2025-08-31,20:00-24:00,0.0,2806.6666666666665,4318.518518518519,1200.0
2025-09-01,0:00-4:00,9000.0,0.0,1200.0,9300.0
2025-09-01,4:00-8:00,1780.3924419132302,4282.311321601681,9300.0,6144.229507053374
2025-09-01,8:00-12:00,5833.333333333333,4021.5039935393697,6144.229507053374,6925.891736454074
2025-09-01,12:00-16:00,5934.223793272354,1320.0238353592745,6925.891736454074,10800.0
2025-09-01,16:00-20:00,0.0,5833.333333333333,10800.0,4318.518518518519
2025-09-01,20:00-24:00,0.0,2806.6666666666665,4318.518518518519,1200.0
2025-09-02,0:00-4:00,9000.0,0.0,1200.0,9300.0
2025-09-02,4:00-8:00,1666.6666666666665,4844.302819519861,9300.0,5417.441311644598
2025-09-02,8:00-12:00,5833.333333333333,3551.598227268425,5417.441311644598,6721.221059124124
2025-09-02,12:00-16:00,5233.6075854465535,568.32109742342,6721.221059124124,10800.0
2025-09-02,16:00-20:00,0.0,5833.333333333333,10800.0,4318.518518518519
2025-09-02,20:00-24:00,0.0,2806.6666666666665,4318.518518518519,1200.0
2025-09-03,0:00-4:00,9000.0,0.0,1200.0,9300.0
2025-09-03,4:00-8:00,1666.6666666666665,5397.528251641894,9300.0,4802.7463870645615
2025-09-03,8:00-12:00,6060.964231567912,3242.471748358105,4802.7463870645615,6654.867808411122
2025-09-03,12:00-16:00,5631.746009083414,831.0952949275706,6654.867808411122,10800.0
2025-09-03,16:00-20:00,0.0,5833.333333333333,10800.0,4318.518518518519
2025-09-03,20:00-24:00,0.0,2806.6666666666665,4318.518518518519,1200.0
2025-09-04,0:00-4:00,9000.0,0.0,1200.0,9300.0
2025-09-04,4:00-8:00,1666.6666666666665,4526.337704503237,9300.0,5770.735883885291
2025-09-04,8:00-12:00,5837.015482574182,3576.6448363818486,5770.735883885291,7050.0
2025-09-04,12:00-16:00,6243.1889184382935,1681.983023935018,7050.0,10800.0
2025-09-04,16:00-20:00,0.0,5833.333333333333,10800.0,4318.518518518519
2025-09-04,20:00-24:00,0.0,2806.6666666666665,4318.518518518519,1200.0
2025-09-05,0:00-4:00,3654.6964334170616,0.0,1200.0,4489.226790075356
2025-09-05,4:00-8:00,833.3333333333333,3635.30411106782,4489.226790075356,1200.0
2025-09-05,8:00-12:00,3409.051879709962,0.0,1200.0,4268.146691738966
2025-09-05,12:00-16:00,7257.614786956704,0.0,4268.146691738966,10800.0
2025-09-05,16:00-20:00,0.0,5575.6932559818015,10800.0,4604.785271131334
2025-09-05,20:00-24:00,0.0,3064.306744018201,4604.785271131334,1200.0
2025-09-06,0:00-4:00,2569.575489116877,0.0,1200.0,3512.6179402051894
2025-09-06,4:00-8:00,833.3333333333333,2756.3561461846707,3512.6179402051894,1200.0
2025-09-06,8:00-12:00,3054.4247395150264,0.0,1200.0,3948.982265563524
2025-09-06,12:00-16:00,7612.241927151641,0.0,3948.982265563524,10800.0
2025-09-06,16:00-20:00,0.0,5746.817615744945,10800.0,4414.647093616728
2025-09-06,20:00-24:00,0.0,2893.1823842550543,4414.647093616728,1200.0
2025-09-07,0:00-4:00,9000.0,0.0,1200.0,9300.0
2025-09-07,4:00-8:00,1666.6666666666665,5925.235552941367,9300.0,4216.404941176258
2025-09-07,8:00-12:00,6103.5263434625,2474.7243327266387,4216.404941176258,6959.88494726291
2025-09-07,12:00-16:00,5600.064225350427,1079.9484750704632,6959.88494726291,10800.0
2025-09-07,16:00-20:00,0.0,5833.333333333333,10800.0,4318.518518518519
2025-09-07,20:00-24:00,0.0,2806.6666666666665,4318.518518518519,1200.0
2025-09-08,0:00-4:00,9000.0,0.0,1200.0,9300.0
2025-09-08,4:00-8:00,1666.6666666666665,6359.96830219081,9300.0,3733.368553121324
2025-09-08,8:00-12:00,5932.831613433267,2195.2772839259906,3733.368553121324,6633.720023071277
2025-09-08,12:00-16:00,5141.963646328578,415.33857429029695,6633.720023071277,10800.0
2025-09-08,16:00-20:00,0.0,5833.333333333333,10800.0,4318.518518518519
2025-09-08,20:00-24:00,0.0,2806.6666666666665,4318.518518518519,1200.0
2025-09-09,0:00-4:00,9000.0,0.0,1200.0,9300.0
2025-09-09,4:00-8:00,1666.6666666666665,6359.777096941305,9300.0,3733.5810033985526
2025-09-09,8:00-12:00,6412.563496507133,2191.1403331572546,3733.5810033985526,7070.287780080245
2025-09-09,12:00-16:00,5717.958054237539,1274.8050260046257,7070.287780080245,10800.0
2025-09-09,16:00-20:00,0.0,5833.333333333333,10800.0,4318.518518518519
2025-09-09,20:00-24:00,0.0,2806.6666666666665,4318.518518518519,1200.0
2025-09-10,0:00-4:00,9000.0,0.0,1200.0,9300.0
2025-09-10,4:00-8:00,1666.6666666666665,6245.16147669121,9300.0,3860.931692565323
2025-09-10,8:00-12:00,3978.7868047568404,1224.4523567761184,3860.931692565323,6081.337198206347
2025-09-10,12:00-16:00,5594.087105228544,284.41403362083105,6081.337198206347,10800.0
2025-09-10,16:00-20:00,0.0,5833.333333333333,10800.0,4318.518518518519
2025-09-10,20:00-24:00,0.0,2806.6666666666665,4318.518518518519,1200.0
2025-09-11,0:00-4:00,9000.0,0.0,1200.0,9300.0
2025-09-11,4:00-8:00,1666.6666666666665,6209.691994109143,9300.0,3900.3422287676194
2025-09-11,8:00-12:00,6033.48747053776,2430.308005890857,3900.3422287676194,6630.138723483984
2025-09-11,12:00-16:00,5039.712500235841,329.2919763266191,6630.138723483984,10800.0
2025-09-11,16:00-20:00,0.0,5833.333333333333,10800.0,4318.518518518519
2025-09-11,20:00-24:00,0.0,2806.6666666666665,4318.518518518519,1200.0
2025-09-12,0:00-4:00,2900.618350582276,0.0,1200.0,3810.5565155240483
2025-09-12,4:00-8:00,833.3333333333333,3024.500863971644,3810.5565155240483,1200.0
2025-09-12,8:00-12:00,1335.029332750001,0.0,1200.0,2401.5263994750007
2025-09-12,12:00-16:00,9331.63733391666,0.0,2401.5263994750007,10800.0
2025-09-12,16:00-20:00,0.0,5843.103064520749,10800.0,4307.663261643613
2025-09-12,20:00-24:00,0.0,2796.8969354792507,4307.663261643613,1200.0
2025-09-13,0:00-4:00,2817.320219437923,0.0,1200.0,3735.5881974941303
2025-09-13,4:00-8:00,833.3333333333333,2957.029377744717,3735.5881974941303,1200.0
2025-09-13,8:00-12:00,801.9181532403888,0.0,1200.0,1921.72633791635
2025-09-13,12:00-16:00,9864.748513426275,0.0,1921.72633791635,10800.0
2025-09-13,16:00-20:00,0.0,6086.962637887795,10800.0,4036.708180124672
2025-09-13,20:00-24:00,0.0,2553.037362112205,4036.708180124672,1200.0
2025-09-14,0:00-4:00,9000.0,0.0,1200.0,9300.0
2025-09-14,4:00-8:00,1666.6666666666665,6285.695943695853,9300.0,3815.893395893496
2025-09-14,8:00-12:00,6130.940409504056,2077.506252869301,3815.893395893496,7025.3994834812565
2025-09-14,12:00-16:00,4436.374353095902,196.32276114081338,7025.3994834812565,10800.0
2025-09-14,16:00-20:00,0.0,5833.333333333333,10800.0,4318.518518518519
2025-09-14,20:00-24:00,0.0,2806.6666666666665,4318.518518518519,1200.0
2025-09-15,0:00-4:00,9000.0,0.0,1200.0,9300.0
2025-09-15,4:00-8:00,1666.6666666666665,6016.047736720092,9300.0,4115.502514755452
2025-09-15,8:00-12:00,5418.9184470210585,1859.5421609312011,4115.502514755452,6926.371160484181
2025-09-15,12:00-16:00,5187.596067720936,715.6868592897208,6926.371160484181,10800.0
2025-09-15,16:00-20:00,0.0,5833.333333333333,10800.0,4318.518518518519
2025-09-15,20:00-24:00,0.0,2806.666666666667,4318.518518518519,1200.0
2025-09-16,0:00-4:00,9000.0,0.0,1200.0,9300.0
2025-09-16,4:00-8:00,1666.6666666666665,6261.466815588768,9300.0,3842.8146493458116
2025-09-16,8:00-12:00,4487.423311483208,1474.3708144675234,3842.8146493458116,6243.305835827894
2025-09-16,12:00-16:00,5492.704111168667,348.0655822917281,6243.305835827894,10800.0
2025-09-16,16:00-20:00,0.0,5833.333333333333,10800.0,4318.518518518519
2025-09-16,20:00-24:00,0.0,2806.666666666667,4318.518518518519,1200.0
2025-09-17,0:00-4:00,9000.0,0.0,1200.0,9300.0
2025-09-17,4:00-8:00,1666.6666666666665,6415.0591024767045,9300.0,3672.1565528036617
2025-09-17,8:00-12:00,6458.1955474922015,2224.9408975232955,3672.1565528036617,7012.375992742982
2025-09-17,12:00-16:00,5345.138310363879,920.7004248634244,7012.375992742982,10800.0
2025-09-17,16:00-20:00,0.0,5833.333333333333,10800.0,4318.518518518519
2025-09-17,20:00-24:00,0.0,2806.6666666666665,4318.518518518519,1200.0
2025-09-18,0:00-4:00,9000.0,0.0,1200.0,9300.0
2025-09-18,4:00-8:00,1666.6666666666665,6356.395059631899,9300.0,3737.338822631222
2025-09-18,8:00-12:00,5083.968685184267,2047.2812702964816,3737.338822631222,6038.153672300972
2025-09-18,12:00-16:00,5305.665600712431,11.927441647943404,6038.153672300972,10800.0
2025-09-18,16:00-20:00,0.0,5833.333333333333,10800.0,4318.518518518519
2025-09-18,20:00-24:00,0.0,2806.6666666666665,4318.518518518519,1200.0
2025-09-19,0:00-4:00,3374.449852214175,0.0,1200.0,4237.004866992757
2025-09-19,4:00-8:00,833.3333333333333,3408.3043802934817,4237.004866992757,1200.0
2025-09-19,8:00-12:00,710.213843216233,0.0,1200.0,1839.19245889461
2025-09-19,12:00-16:00,9956.452823450434,0.0,1839.19245889461,10800.0
2025-09-19,16:00-20:00,0.0,5943.983484284914,10800.0,4195.573906350098
2025-09-19,20:00-24:00,0.0,2696.0165157150877,4195.573906350098,1200.0
2025-09-20,0:00-4:00,3056.64254923515,0.0,1200.0,3950.978294311635
2025-09-20,4:00-8:00,833.3333333333333,3150.8804648804717,3950.978294311635,1200.0
2025-09-20,8:00-12:00,0.0,0.0,1200.0,1200.0
2025-09-20,12:00-16:00,10666.666666666666,0.0,1200.0,10800.0
2025-09-20,16:00-20:00,0.0,6011.751176125239,10800.0,4120.276470971959
2025-09-20,20:00-24:00,0.0,2628.2488238747624,4120.276470971959,1200.0
2025-09-21,0:00-4:00,9000.0,0.0,1200.0,9300.0
2025-09-21,4:00-8:00,1666.6666666666665,5894.845282165032,9300.0,4250.171908705521
2025-09-21,8:00-12:00,6394.77460876236,2745.1547178349692,4250.171908705521,6955.297147886124
2025-09-21,12:00-16:00,4575.511441548171,245.9317007515328,6955.297147886124,10800.0
2025-09-21,16:00-20:00,0.0,5815.246388705498,10800.0,4338.615123660557
2025-09-21,20:00-24:00,0.0,2824.753611294501,4338.615123660557,1200.0
2025-09-22,0:00-4:00,9000.0,0.0,1200.0,9300.0
2025-09-22,4:00-8:00,1666.6666666666665,6559.063129817603,9300.0,3512.152077980439
2025-09-22,8:00-12:00,6428.58967607394,2080.936870182395,3512.152077980439,6985.730708466546
2025-09-22,12:00-16:00,5127.481902636009,720.4179787550603,6985.730708466546,10800.0
2025-09-22,16:00-20:00,0.0,5833.333333333333,10800.0,4318.518518518519
2025-09-22,20:00-24:00,0.0,2806.6666666666665,4318.518518518519,1200.0
2025-09-23,0:00-4:00,9000.0,0.0,1200.0,9300.0
2025-09-23,4:00-8:00,1666.6666666666665,6944.675562078162,9300.0,3083.6938199131514
2025-09-23,8:00-12:00,5766.461784886935,1638.941383263228,3083.6938199131514,6452.463444907806
2025-09-23,12:00-16:00,5247.888797240295,338.0070261816628,6452.463444907806,10800.0
2025-09-23,16:00-20:00,0.0,5833.333333333333,10800.0,4318.518518518519
2025-09-23,20:00-24:00,0.0,2806.6666666666665,4318.518518518519,1200.0
2025-09-24,0:00-4:00,9000.0,0.0,1200.0,9300.0
2025-09-24,4:00-8:00,1666.6666666666665,5389.872392960106,9300.0,4811.252896710994
2025-09-24,8:00-12:00,6220.911610936309,3250.1276070398944,4811.252896710994,6798.820449842679
2025-09-24,12:00-16:00,5408.975861665723,780.2088528076455,6798.820449842679,10800.0
2025-09-24,16:00-20:00,0.0,5767.356983696168,10800.0,4391.825573670925
2025-09-24,20:00-24:00,0.0,2872.643016303832,4391.825573670925,1200.0
2025-09-25,0:00-4:00,9000.0,0.0,1200.0,9300.0
2025-09-25,4:00-8:00,1666.6666666666665,5418.153511462595,9300.0,4779.829431708227
2025-09-25,8:00-12:00,6072.667118552319,3150.264955509094,4779.829431708227,6744.93544339521
2025-09-25,12:00-16:00,5085.2242766367945,469.47356313149567,6744.93544339521,10800.0
2025-09-25,16:00-20:00,0.0,5833.333333333333,10800.0,4318.518518518519
2025-09-25,20:00-24:00,0.0,2806.6666666666665,4318.518518518519,1200.0
2025-09-26,0:00-4:00,3576.17733452674,0.0,1200.0,4418.559601074066
2025-09-26,4:00-8:00,833.3333333333333,3571.7036409666603,4418.559601074066,1200.0
2025-09-26,8:00-12:00,1636.7740362445888,0.0,1200.0,2673.0966326201296
2025-09-26,12:00-16:00,9029.89263042208,0.0,2673.0966326201296,10800.0
2025-09-26,16:00-20:00,0.0,6273.833975870976,10800.0,3829.0733601433594
2025-09-26,20:00-24:00,0.0,2366.1660241290238,3829.0733601433594,1200.0
2025-09-27,0:00-4:00,3806.6547923343915,0.0,1200.0,4625.989313100953
2025-09-27,4:00-8:00,833.3333333333333,3744.46286298439,4625.989313100953,1215.4750208960754
2025-09-27,8:00-12:00,2241.8193813509943,13.92751880646795,1215.4750208960754,3217.637443215895
2025-09-27,12:00-16:00,8424.847285315673,0.0,3217.637443215895,10800.0
2025-09-27,16:00-20:00,0.0,6049.954013189606,10800.0,4077.8288742337722
2025-09-27,20:00-24:00,0.0,2590.045986810395,4077.8288742337722,1200.0
2025-09-28,0:00-4:00,9000.0,0.0,1200.0,9300.0
2025-09-28,4:00-8:00,1666.6666666666665,6221.316681439919,9300.0,3887.425909511199
2025-09-28,8:00-12:00,6319.368770182105,2418.683318560079,3887.425909511199,6887.4318931638945
2025-09-28,12:00-16:00,5049.687485668816,568.9355672392473,6887.4318931638945,10800.0
2025-09-28,16:00-20:00,0.0,5833.333333333333,10800.0,4318.518518518519
2025-09-28,20:00-24:00,0.0,2806.6666666666665,4318.518518518519,1200.0
2025-09-29,0:00-4:00,9000.0,0.0,1200.0,9300.0
2025-09-29,4:00-8:00,1666.6666666666665,6049.307158273121,9300.0,4078.547601918755
2025-09-29,8:00-12:00,6500.964585146006,2590.6928417268796,4078.547601918755,7050.868126631407
2025-09-29,12:00-16:00,4677.479902961049,414.5400353667177,7050.868126631407,10800.0
2025-09-29,16:00-20:00,0.0,5833.333333333333,10800.0,4318.518518518519
2025-09-29,20:00-24:00,0.0,2806.6666666666665,4318.518518518519,1200.0
2025-09-30,0:00-4:00,9000.0,0.0,1200.0,9300.0
2025-09-30,4:00-8:00,1666.6666666666665,5774.80815209846,9300.0,4383.546497668378
2025-09-30,8:00-12:00,6161.115584644341,2865.1918479015394,4383.546497668378,6745.004026179908
2025-09-30,12:00-16:00,5351.883446256144,685.5292150293933,6745.004026179908,10800.0
2025-09-30,16:00-20:00,0.0,5833.333333333333,10800.0,4318.518518518519
2025-09-30,20:00-24:00,0.0,2806.6666666666665,4318.518518518519,1200.0
2025-10-01,0:00-4:00,9000.0,0.0,1200.0,9300.0
2025-10-01,4:00-8:00,1666.6666666666665,5520.340290631649,9300.0,4666.288565964834
2025-10-01,8:00-12:00,6189.074944204505,3134.672320782025,4666.288565964834,6753.486770435527
2025-10-01,12:00-16:00,4986.442951337497,397.1568839753472,6753.486770435527,10800.0
2025-10-01,16:00-20:00,0.0,5822.606963216866,10800.0,4330.436707536817
2025-10-01,20:00-24:00,0.0,2817.393036783135,4330.436707536817,1200.0
2025-10-02,0:00-4:00,9000.0,0.0,1200.0,9300.0
2025-10-02,4:00-8:00,1666.6666666666665,5778.86231178392,9300.0,4379.041875795645
2025-10-02,8:00-12:00,6151.131050458664,2861.1376882160794,4379.041875795645,6736.017945412797
2025-10-02,12:00-16:00,4910.402416958838,319.8421086081769,6736.017945412797,10800.0
2025-10-02,16:00-20:00,0.0,5833.333333333333,10800.0,4318.518518518519
2025-10-02,20:00-24:00,0.0,2806.6666666666665,4318.518518518519,1200.0
2025-10-03,0:00-4:00,4076.8343010246326,0.0,1200.0,4869.15087092217
2025-10-03,4:00-8:00,833.3333333333333,3977.235783829952,4869.15087092217,1200.0
2025-10-03,8:00-12:00,1499.371361416785,0.0,1200.0,2549.4342252751067
2025-10-03,12:00-16:00,9167.29530524988,0.0,2549.4342252751067,10800.0
2025-10-03,16:00-20:00,0.0,6021.3802240764535,10800.0,4109.5775288039395
2025-10-03,20:00-24:00,0.0,2618.6197759235456,4109.5775288039395,1200.0
2025-10-04,0:00-4:00,5138.174315557695,0.0,1200.0,5824.356884001926
2025-10-04,4:00-8:00,833.3333333333333,4795.7004535701935,5824.356884001926,1245.8008244794894
2025-10-04,8:00-12:00,2885.7075594386024,41.22074203154058,1245.8008244794894,3797.1368034947413
2025-10-04,12:00-16:00,7807.8198942099425,21.75723745532432,3797.1368034947413,10800.0
2025-10-04,16:00-20:00,0.0,6118.0823458220275,10800.0,4002.130726864412
2025-10-04,20:00-24:00,0.0,2521.9176541779707,4002.130726864412,1200.0
2025-10-05,0:00-4:00,9000.0,0.0,1200.0,9300.0
2025-10-05,4:00-8:00,1666.6666666666665,4904.474701127023,9300.0,5350.583665414419
2025-10-05,8:00-12:00,5833.333333333333,3735.5252988729762,5350.583665414419,6450.0
2025-10-05,12:00-16:00,5259.443100486244,345.14891139385946,6450.0,10800.0
2025-10-05,16:00-20:00,0.0,5823.079256537894,10800.0,4329.911937180118
2025-10-05,20:00-24:00,0.0,2816.9207434621057,4329.911937180118,1200.0
2025-10-06,0:00-4:00,9000.0,0.0,1200.0,9300.0
2025-10-06,4:00-8:00,1666.6666666666665,5854.90414972658,9300.0,4294.550944748245
2025-10-06,8:00-12:00,6121.255376003134,2785.0958502734197,4294.550944748245,6709.129838402821
2025-10-06,12:00-16:00,5667.050223336488,908.5275354650956,6709.129838402821,10800.0
2025-10-06,16:00-20:00,0.0,5833.333333333333,10800.0,4318.518518518519
2025-10-06,20:00-24:00,0.0,2806.6666666666665,4318.518518518519,1200.0
2025-10-07,0:00-4:00,9000.0,0.0,1200.0,9300.0
2025-10-07,4:00-8:00,2153.5001496172217,4924.148266578947,9300.0,5766.874282901114
2025-10-07,8:00-12:00,5858.305698088878,4110.186854611003,5766.874282901114,6472.47512827999
2025-10-07,12:00-16:00,5864.469327296511,855.4477705621644,6472.47512827999,10800.0
2025-10-07,16:00-20:00,0.0,5826.734679013889,10800.0,4325.850356651233
2025-10-07,20:00-24:00,0.0,2813.2653209861087,4325.850356651233,1200.0
2025-10-08,0:00-4:00,9000.0,0.0,1200.0,9300.0
2025-10-08,4:00-8:00,1666.6666666666665,5681.480878371002,9300.0,4487.243468476664
2025-10-08,8:00-12:00,6347.418982902773,2958.5191216289977,4487.243468476664,6912.677084612496
2025-10-08,12:00-16:00,4855.58438988512,434.43273195819495,6912.677084612496,10800.0
2025-10-08,16:00-20:00,0.0,5495.00585058871,10800.0,4694.43794379032
2025-10-08,20:00-24:00,0.0,3144.9941494112877,4694.43794379032,1200.0
2025-10-09,0:00-4:00,9000.0,0.0,1200.0,9300.0
2025-10-09,4:00-8:00,1666.6666666666665,5184.646378468995,9300.0,5039.281801701116
2025-10-09,8:00-12:00,5677.443291364518,3455.3536215310055,5039.281801701116,6309.698962228067
2025-10-09,12:00-16:00,5158.98151909668,137.50409647357188,6309.698962228067,10800.0
2025-10-09,16:00-20:00,0.0,5501.180963616056,10800.0,4687.57670709327
2025-10-09,20:00-24:00,0.0,3138.8190363839426,4687.57670709327,1200.0
2025-10-10,0:00-4:00,5231.573707453771,0.0,1200.0,5908.416336708395
2025-10-10,4:00-8:00,833.3333333333333,4863.074615010874,5908.416336708395,1255.000097807423
2025-10-10,8:00-12:00,1866.590009270211,186.6103194122605,1255.000097807423,2727.586306803657
2025-10-10,12:00-16:00,8969.348547995936,0.0,2727.586306803657,10800.0
2025-10-10,16:00-20:00,0.0,6247.445994741203,10800.0,3858.393339176442
2025-10-10,20:00-24:00,0.0,2392.5540052587976,3858.393339176442,1200.0
2025-10-11,0:00-4:00,5480.932592865554,0.0,1200.0,6132.839333579
2025-10-11,4:00-8:00,833.3333333333333,5094.766859390345,6132.839333579,1221.9872675897252
2025-10-11,8:00-12:00,2324.5957582133046,19.788540830752662,1221.9872675897252,3292.136182391974
2025-10-11,12:00-16:00,8342.070908453363,0.0,3292.136182391974,10800.0
2025-10-11,16:00-20:00,0.0,6487.315163208053,10800.0,3591.872040879941
2025-10-11,20:00-24:00,0.0,2152.684836791947,3591.872040879941,1200.0
2025-10-12,0:00-4:00,9000.0,0.0,1200.0,9300.0
2025-10-12,4:00-8:00,1666.6666666666665,5115.792924619176,9300.0,5115.785639312026
2025-10-12,8:00-12:00,5983.846696984856,3524.330991737405,5115.785639312026,6585.324342445725
2025-10-12,12:00-16:00,5098.317493035007,336.4290775595081,6585.324342445725,10800.0
2025-10-12,16:00-20:00,0.0,5564.103168563661,10800.0,4617.663146040377
2025-10-12,20:00-24:00,0.0,3075.8968314363397,4617.663146040377,1200.0
2025-10-13,0:00-4:00,9000.0,0.0,1200.0,9300.0
2025-10-13,4:00-8:00,1666.6666666666665,5261.876058910109,9300.0,4953.471045655434
2025-10-13,8:00-12:00,6451.9693134969475,3378.12394108989,4953.471045655434,7006.772382147254
2025-10-13,12:00-16:00,4728.7497102967845,416.38240927292463,7006.772382147254,10800.0
2025-10-13,16:00-20:00,0.0,5800.595948581466,10800.0,4354.893390465038
2025-10-13,20:00-24:00,0.0,2839.4040514185335,4354.893390465038,1200.0
2025-10-14,0:00-4:00,9000.0,0.0,1200.0,9300.0
2025-10-14,4:00-8:00,2013.5257852923646,5053.449207569123,9300.0,5497.229642797436
2025-10-14,8:00-12:00,6030.7954899291,3867.5066785176928,5497.229642797436,6627.71594093619
2025-10-14,12:00-16:00,5285.8884407805235,526.5139838747955,6627.71594093619,10800.0
2025-10-14,16:00-20:00,0.0,5529.012875228722,10800.0,4656.652360856977
2025-10-14,20:00-24:00,0.0,3110.9871247712795,4656.652360856977,1200.0
2025-10-15,0:00-4:00,9000.0,0.0,1200.0,9300.0
2025-10-15,4:00-8:00,1666.6666666666665,5417.046815321124,9300.0,4781.059094087642
2025-10-15,8:00-12:00,6004.2123607214335,3222.953184678877,4781.059094087642,6603.791124649291
2025-10-15,12:00-16:00,4881.737137252177,177.6190933586214,6603.791124649291,10800.0
2025-10-15,16:00-20:00,0.0,5546.415931965063,10800.0,4637.3156311499315
2025-10-15,20:00-24:00,0.0,3093.5840680349384,4637.3156311499315,1200.0
2025-10-16,0:00-4:00,9000.0,0.0,1200.0,9300.0
2025-10-16,4:00-8:00,2424.6990752148445,5183.970879009048,9300.0,5722.261524349974
2025-10-16,8:00-12:00,5998.716404703295,4070.0353719149753,5722.261524349974,6598.844764232966
2025-10-16,12:00-16:00,5120.263003267797,366.37332045658377,6598.844764232966,10800.0
2025-10-16,16:00-20:00,0.0,5748.941398729785,10800.0,4412.287334744681
2025-10-16,20:00-24:00,0.0,2891.058601270213,4412.287334744681,1200.0
2025-10-17,0:00-4:00,5943.483362969719,0.0,1200.0,6549.135026672748
2025-10-17,4:00-8:00,833.3333333333333,5439.137020180937,6549.135026672748,1255.6494486939296
2025-10-17,8:00-12:00,1923.2207341071435,50.87432308510744,1255.6494486939296,2930.021083740239
2025-10-17,12:00-16:00,8744.421018066405,0.0,2930.021083740239,10800.0
2025-10-17,16:00-20:00,0.0,6558.371872244299,10800.0,3512.920141950777
2025-10-17,20:00-24:00,0.0,2081.628127755699,3512.920141950777,1200.0
2025-10-18,0:00-4:00,6381.650979667018,0.0,1200.0,6943.485881700317
2025-10-18,4:00-8:00,833.3333333333333,5637.372837663108,6943.485881700317,1429.7382842968623
2025-10-18,8:00-12:00,2408.73540113586,237.1362007925598,1429.7382842968623,3334.1154777718475
2025-10-18,12:00-16:00,8295.427246920166,0.0,3334.1154777718475,10800.0
2025-10-18,16:00-20:00,0.0,6416.796911447465,10800.0,3670.22565394726
2025-10-18,20:00-24:00,0.0,2223.2030885525337,3670.22565394726,1200.0
2025-10-19,0:00-4:00,9000.0,0.0,1200.0,9300.0
2025-10-19,4:00-8:00,1666.6666666666665,5498.772570029383,9300.0,4690.252699967354
2025-10-19,8:00-12:00,6098.363728949034,3141.227429970618,4690.252699967354,6688.527356054131
2025-10-19,12:00-16:00,5543.35409678006,789.7914388405675,6688.527356054131,10800.0
2025-10-19,16:00-20:00,0.0,5702.496314200778,10800.0,4463.892984221358
2025-10-19,20:00-24:00,0.0,2937.5036857992222,4463.892984221358,1200.0
2025-10-20,0:00-4:00,9000.0,0.0,1200.0,9300.0
2025-10-20,4:00-8:00,1689.513562048402,5092.104609725691,9300.0,5162.668195037237
2025-10-20,8:00-12:00,6119.560890318542,3566.4013755335122,5162.668195037237,6707.604801286689
2025-10-20,12:00-16:00,5675.195541465146,913.7527097447868,6707.604801286689,10800.0
2025-10-20,16:00-20:00,0.0,5740.43057980179,10800.0,4421.743800220232
2025-10-20,20:00-24:00,0.0,2899.569420198208,4421.743800220232,1200.0
2025-10-21,0:00-4:00,9000.0,0.0,1200.0,9300.0
2025-10-21,4:00-8:00,2500.0,4906.351859428326,9300.0,6098.497933968527
2025-10-21,8:00-12:00,5872.300918516449,4367.690936734264,6098.497933968527,6530.5788309285945
2025-10-21,12:00-16:00,5948.868942624031,976.1047913612013,6530.5788309285945,10800.0
2025-10-21,16:00-20:00,0.0,5721.270979630119,10800.0,4443.0322448554225
2025-10-21,20:00-24:00,0.0,2918.7290203698803,4443.0322448554225,1200.0
2025-10-22,0:00-4:00,9000.0,0.0,1200.0,9300.0
2025-10-22,4:00-8:00,2264.9434579383815,5237.837438606817,9300.0,5518.629735914746
2025-10-22,8:00-12:00,5970.577735788827,3807.826039469488,5518.629735914746,6661.2318764919255
2025-10-22,12:00-16:00,5833.333333333333,1000.1086888427305,6661.2318764919255,10800.0
2025-10-22,16:00-20:00,0.0,5715.470393700711,10800.0,4449.477340332544
2025-10-22,20:00-24:00,0.0,2924.5296062992898,4449.477340332544,1200.0
2025-10-23,0:00-4:00,9000.0,0.0,1200.0,9300.0
2025-10-23,4:00-8:00,2500.0,4973.170619911035,9300.0,6024.254866765515
2025-10-23,8:00-12:00,5997.356625642273,4018.8022095351653,6024.254866765515,6956.540041471155
2025-10-23,12:00-16:00,5889.404292677742,1311.3035143930097,6956.540041471155,10800.0
2025-10-23,16:00-20:00,0.0,5717.175909098742,10800.0,4447.582323223618
2025-10-23,20:00-24:00,0.0,2922.8240909012557,4447.582323223618,1200.0
2025-10-24,0:00-4:00,5920.460174992224,0.0,1200.0,6528.414157493002
2025-10-24,4:00-8:00,833.3333333333333,5437.119998543125,6528.414157493002,1237.169714667307
2025-10-24,8:00-12:00,3586.386669206263,33.45274320057631,1237.169714667307,4427.748002285636
2025-10-24,12:00-16:00,7080.279997460406,0.0,4427.748002285636,10800.0
2025-10-24,16:00-20:00,0.0,6440.406898680165,10800.0,3643.992334799817
2025-10-24,20:00-24:00,0.0,2199.5931013198356,3643.992334799817,1200.0
2025-10-25,0:00-4:00,6527.655305063296,0.0,1200.0,7074.889774556967
2025-10-25,4:00-8:00,833.3333333333333,5855.882049476723,7074.889774556967,1318.3541640272724
2025-10-25,8:00-12:00,3876.4456384591317,106.51874762454518,1318.3541640272724,4688.8010746132195
2025-10-25,12:00-16:00,6790.221028207532,0.0,4688.8010746132195,10800.0
2025-10-25,16:00-20:00,0.0,6485.984844296697,10800.0,3593.35017300367
2025-10-25,20:00-24:00,0.0,2154.015155703303,3593.35017300367,1200.0
2025-10-26,0:00-4:00,9000.0,0.0,1200.0,9300.0
2025-10-26,4:00-8:00,2500.0,4041.478882861601,9300.0,7059.467907931554
2025-10-26,8:00-12:00,5927.791815388007,4814.239559748947,7059.467907931554,7045.325475393043
2025-10-26,12:00-16:00,7002.791256309188,2293.0538454641837,7045.325475393043,10800.0
2025-10-26,16:00-20:00,0.0,5577.361689758462,10800.0,4602.931455823931
2025-10-26,20:00-24:00,0.0,3062.638310241538,4602.931455823931,1200.0
2025-10-27,0:00-4:00,9000.0,0.0,1200.0,9300.0
2025-10-27,4:00-8:00,2500.0,3335.721992243093,9300.0,7843.642230841007
2025-10-27,8:00-12:00,5909.978459693312,5550.172956302433,7843.642230841007,6995.764004228953
2025-10-27,12:00-16:00,6399.163652314413,1759.5101621807307,6995.764004228953,10800.0
2025-10-27,16:00-20:00,0.0,5478.972988061458,10800.0,4712.252235487267
2025-10-27,20:00-24:00,0.0,3161.0270119385405,4712.252235487267,1200.0
2025-10-28,0:00-4:00,9000.0,0.0,1200.0,9300.0
2025-10-28,4:00-8:00,2500.0,2885.1545239928028,9300.0,8344.27275111911
2025-10-28,8:00-12:00,5833.333333333333,5889.845476007197,8344.27275111911,7050.0
2025-10-28,12:00-16:00,6796.020842430912,2129.77688236904,7050.0,10800.0
2025-10-28,16:00-20:00,0.0,5521.253316871278,10800.0,4665.274092365245
2025-10-28,20:00-24:00,0.0,3118.746683128721,4665.274092365245,1200.0
2025-10-29,0:00-4:00,9000.0,0.0,1200.0,9300.0
2025-10-29,4:00-8:00,2500.0,4116.188266325276,9300.0,6976.4574818608035
2025-10-29,8:00-12:00,6280.5036528419105,5198.811733674724,6976.4574818608035,6852.45328755772
2025-10-29,12:00-16:00,5761.238930068047,1113.8114921570677,6852.45328755772,10800.0
2025-10-29,16:00-20:00,0.0,5629.553337362444,10800.0,4544.94073626395
2025-10-29,20:00-24:00,0.0,3010.446662637555,4544.94073626395,1200.0
2025-10-30,0:00-4:00,9000.0,0.0,1200.0,9300.0
2025-10-30,4:00-8:00,2500.0,4530.626719143476,9300.0,6515.970312062805
2025-10-30,8:00-12:00,6043.219639242938,4784.373280856525,6515.970312062805,6638.897675318645
2025-10-30,12:00-16:00,6162.126733214356,1246.330561690408,6638.897675318645,10800.0
2025-10-30,16:00-20:00,0.0,5640.7103168678495,10800.0,4532.544092369057
2025-10-30,20:00-24:00,0.0,2999.2896831321505,4532.544092369057,1200.0
2025-10-31,0:00-4:00,6666.666666666666,0.0,1200.0,7200.0
2025-10-31,4:00-8:00,979.2764891909125,6000.416329601913,7200.0,1414.2195851585834
2025-10-31,8:00-12:00,3260.31663475189,196.9106701799237,1414.2195851585834,4129.714922902035
2025-10-31,12:00-16:00,7411.427863442179,0.0,4129.714922902035,10800.0
2025-10-31,16:00-20:00,0.0,6455.3018342983505,10800.0,3627.4424063351667
2025-10-31,20:00-24:00,0.0,2184.6981657016495,3627.4424063351667,1200.0
2025-11-01,0:00-4:00,6649.805024316525,0.0,1200.0,7184.824521884873
2025-11-01,4:00-8:00,833.3333333333333,5789.34004984173,7184.824521884873,1502.2244665051749
2025-11-01,8:00-12:00,3609.7841824688717,272.0020198546572,1502.2244665051749,4448.805764221985
2025-11-01,12:00-16:00,7056.882484197791,0.0,4448.805764221985,10800.0
2025-11-01,16:00-20:00,0.0,6349.049674933096,10800.0,3745.5003611854486
2025-11-01,20:00-24:00,0.0,2290.950325066903,3745.5003611854486,1200.0
2025-11-02,0:00-4:00,9000.0,0.0,1200.0,9300.0
2025-11-02,4:00-8:00,2500.0,3338.464104463294,9300.0,7840.595439485229
2025-11-02,8:00-12:00,5841.583416953747,5537.63502548426,7840.595439485229,6945.09270864998
2025-11-02,12:00-16:00,5959.720703788327,1357.9572078535264,6945.09270864998,10800.0
2025-11-02,16:00-20:00,0.0,5519.624826897229,10800.0,4667.083525669746
2025-11-02,20:00-24:00,0.0,3120.3751731027714,4667.083525669746,1200.0
2025-11-03,0:00-4:00,9000.0,0.0,1200.0,9300.0
2025-11-03,4:00-8:00,2500.0,3262.5905730880277,9300.0,7924.899363235527
2025-11-03,8:00-12:00,5965.592046969667,5696.414189132077,7924.899363235527,6964.583106472586
2025-11-03,12:00-16:00,6176.411510365179,1551.0181192211235,6964.583106472586,10800.0
2025-11-03,16:00-20:00,0.0,5458.109736549914,10800.0,4735.433626055651
2025-11-03,20:00-24:00,0.0,3181.8902634500855,4735.433626055651,1200.0
2025-11-04,0:00-4:00,9000.0,0.0,1200.0,9300.0
2025-11-04,4:00-8:00,2500.0,2843.696835387119,9300.0,8390.336849569869
2025-11-04,8:00-12:00,5833.333333333333,5950.5448186127405,8390.336849569869,7028.620384444601
2025-11-04,12:00-16:00,6348.246539013059,1747.838042600718,7028.620384444601,10800.0
2025-11-04,16:00-20:00,0.0,5633.009429295165,10800.0,4541.100634116485
2025-11-04,20:00-24:00,0.0,3006.9905707048365,4541.100634116485,1200.0
2025-11-05,0:00-4:00,9000.0,0.0,1200.0,9300.0
2025-11-05,4:00-8:00,2500.0,2419.356197994645,9300.0,8861.826446672618
2025-11-05,8:00-12:00,5833.333333333333,6436.484522636201,8861.826446672618,6960.176977076839
2025-11-05,12:00-16:00,5877.223996427347,1304.7107164753043,6960.176977076839,10800.0
2025-11-05,16:00-20:00,0.0,5494.345806713371,10800.0,4695.171325874034
2025-11-05,20:00-24:00,0.0,3145.65419328663,4695.171325874034,1200.0
2025-11-06,0:00-4:00,9000.0,0.0,1200.0,9300.0
2025-11-06,4:00-8:00,2500.0,2549.5603138721062,9300.0,8717.15520680877
2025-11-06,8:00-12:00,5833.333333333333,6345.821368722276,8717.15520680877,6916.242574895128
2025-11-06,12:00-16:00,6158.067552575832,1492.6530349920376,6916.242574895128,10800.0
2025-11-06,16:00-20:00,0.0,5606.5639631545155,10800.0,4570.484485383874
2025-11-06,20:00-24:00,0.0,3033.4360368454873,4570.484485383874,1200.0
2025-11-07,0:00-4:00,7102.235611402845,0.0,1200.0,7592.012050262561
2025-11-07,4:00-8:00,1666.6666666666665,6247.461368151336,7592.012050262561,2150.388307872187
2025-11-07,8:00-12:00,4839.55929924186,855.3494770849686,2150.388307872187,5555.603369317674
2025-11-07,12:00-16:00,5827.107367424804,0.0,5555.603369317674,10800.0
2025-11-07,16:00-20:00,0.0,6480.09410117257,10800.0,3599.8954431415896
2025-11-07,20:00-24:00,0.0,2159.9058988274314,3599.8954431415896,1200.0
2025-11-08,0:00-4:00,7217.652086763574,0.0,1200.0,7695.886878087216
2025-11-08,4:00-8:00,1666.6666666666665,6121.055316910744,7695.886878087216,2394.714303741945
2025-11-08,8:00-12:00,5003.457765681183,495.32554451822807,2394.714303741945,6347.464576723647
2025-11-08,12:00-16:00,4947.26158141817,0.0,6347.464576723647,10800.0
2025-11-08,16:00-20:00,0.0,6597.3053949015775,10800.0,3469.6606723315795
2025-11-08,20:00-24:00,0.0,2042.6946050984209,3469.6606723315795,1200.0
2025-11-09,0:00-4:00,9000.0,0.0,1200.0,9300.0
2025-11-09,4:00-8:00,2500.0,2441.7362146596433,9300.0,8836.959761489286
2025-11-09,8:00-12:00,5833.333333333333,6768.744384582828,8836.959761489286,6566.132667508364
2025-11-09,12:00-16:00,6666.666666666666,1589.519400757525,6566.132667508364,10800.0
2025-11-09,16:00-20:00,0.0,5623.950075364445,10800.0,4551.166582928393
2025-11-09,20:00-24:00,0.0,3016.0499246355544,4551.166582928393,1200.0
2025-11-10,0:00-4:00,9000.0,0.0,1200.0,9300.0
2025-11-10,4:00-8:00,2500.0,2008.0857079240286,9300.0,9318.79365786219
2025-11-10,8:00-12:00,5833.333333333333,7306.91429207597,9318.79365786219,6450.0
2025-11-10,12:00-16:00,7353.381382751448,2041.2389200286716,6450.0,10800.0
2025-11-10,16:00-20:00,0.0,5594.314508505589,10800.0,4584.094990549345
2025-11-10,20:00-24:00,0.0,3045.68549149441,4584.094990549345,1200.0
2025-11-11,0:00-4:00,9000.0,0.0,1200.0,9300.0
2025-11-11,4:00-8:00,2500.0,2841.762221255591,9300.0,8392.486420827123
2025-11-11,8:00-12:00,5833.333333333333,5937.844201020035,8392.486420827123,7044.881753027084
2025-11-11,12:00-16:00,6193.972415321718,1637.5112341349668,7044.881753027084,10800.0
2025-11-11,16:00-20:00,0.0,5694.744137154,10800.0,4472.506514273335
2025-11-11,20:00-24:00,0.0,2945.255862846001,4472.506514273335,1200.0
2025-11-12,0:00-4:00,9000.0,0.0,1200.0,9300.0
2025-11-12,4:00-8:00,2500.0,2451.4542450936415,9300.0,8826.161949895955
2025-11-12,8:00-12:00,5833.333333333333,6863.545754906359,8826.161949895955,6450.0
2025-11-12,12:00-16:00,7093.035593791399,1830.358830971036,6450.0,10800.0
2025-11-12,16:00-20:00,0.0,5580.789283896838,10800.0,4599.123017892399
2025-11-12,20:00-24:00,0.0,3059.2107161031595,4599.123017892399,1200.0
2025-11-13,0:00-4:00,9000.0,0.0,1200.0,9300.0
2025-11-13,4:00-8:00,2500.0,2321.1819680850926,9300.0,8970.908924349898
2025-11-13,8:00-12:00,5833.333333333333,6993.818031914909,8970.908924349898,6450.0
2025-11-13,12:00-16:00,6797.351926028663,1590.855060083217,6450.0,10800.0
2025-11-13,16:00-20:00,0.0,5540.28176749702,10800.0,4644.131369447757
2025-11-13,20:00-24:00,0.0,3099.7182325029808,4644.131369447757,1200.0
2025-11-14,0:00-4:00,9000.0,0.0,1200.0,9300.0
2025-11-14,4:00-8:00,1666.6666666666665,6401.279547022819,9300.0,3687.467169974644
2025-11-14,8:00-12:00,3982.4701474256963,1304.0753849336647,3687.467169974644,5822.717652731477
2025-11-14,12:00-16:00,5530.31371918725,0.0,5822.717652731477,10800.0
2025-11-14,16:00-20:00,0.0,6429.531307166508,10800.0,3656.0763253705472
2025-11-14,20:00-24:00,0.0,2210.4686928334927,3656.0763253705472,1200.0
2025-11-15,0:00-4:00,8806.895033228451,0.0,1200.0,9126.205529905606
2025-11-15,4:00-8:00,1666.6666666666665,6074.543364517539,9126.205529905606,3876.7129026639
2025-11-15,8:00-12:00,3559.396114002592,695.9203246685078,3876.7129026639,6306.924600079002
2025-11-15,12:00-16:00,4992.305999912219,0.0,6306.924600079002,10800.0
2025-11-15,16:00-20:00,0.0,6201.809853127794,10800.0,3909.100163191341
2025-11-15,20:00-24:00,0.0,2438.1901468722062,3909.100163191341,1200.0
2025-11-16,0:00-4:00,9000.0,0.0,1200.0,9300.0
2025-11-16,4:00-8:00,2500.0,2317.9194923743826,9300.0,8974.533897361798
2025-11-16,8:00-12:00,5833.333333333333,6997.080507625618,8974.533897361798,6450.0
2025-11-16,12:00-16:00,7500.0,2160.000000000002,6450.0,10800.0
2025-11-16,16:00-20:00,0.0,5710.851033080482,10800.0,4454.609963243905
2025-11-16,20:00-24:00,0.0,2929.148966919515,4454.609963243905,1200.0
2025-11-17,0:00-4:00,9000.0,0.0,1200.0,9300.0
2025-11-17,4:00-8:00,2500.0,1492.2431605375964,9300.0,9891.952043847115
2025-11-17,8:00-12:00,5833.333333333333,7822.756839462404,9891.952043847115,6450.0
2025-11-17,12:00-16:00,7500.0,2159.9999999999995,6450.0,10800.0
2025-11-17,16:00-20:00,0.0,5625.240553863243,10800.0,4549.732717929728
2025-11-17,20:00-24:00,0.0,3014.7594461367553,4549.732717929728,1200.0
2025-11-18,0:00-4:00,9000.0,0.0,1200.0,9300.0
2025-11-18,4:00-8:00,2500.0,1772.452863689327,9300.0,9580.607929234082
2025-11-18,8:00-12:00,5833.333333333333,7542.5471363106735,9580.607929234082,6450.0
2025-11-18,12:00-16:00,7435.4665404796815,2107.727897788544,6450.0,10800.0
2025-11-18,16:00-20:00,0.0,5608.013133135094,10800.0,4568.874296516561
2025-11-18,20:00-24:00,0.0,3031.986866864905,4568.874296516561,1200.0
2025-11-19,0:00-4:00,9000.0,0.0,1200.0,9300.0
2025-11-19,4:00-8:00,2500.0,1651.5620473367057,9300.0,9714.931058514772
2025-11-19,8:00-12:00,5833.333333333333,7651.60707236878,9714.931058514772,6463.145422549461
2025-11-19,12:00-16:00,7542.79268902176,2206.4929584021393,6463.145422549461,10800.0
2025-11-19,16:00-20:00,0.0,5610.490185745593,10800.0,4566.122015838228
2025-11-19,20:00-24:00,0.0,3029.5098142544052,4566.122015838228,1200.0
2025-11-20,0:00-4:00,9000.0,0.0,1200.0,9300.0
2025-11-20,4:00-8:00,2500.0,2459.934143848157,9300.0,8816.739840168715
2025-11-20,8:00-12:00,5833.333333333333,6679.333923156423,8816.739840168715,6645.257703328245
2025-11-20,12:00-16:00,7500.0,2335.731932995419,6645.257703328245,10800.0
2025-11-20,16:00-20:00,0.0,5586.617601509241,10800.0,4592.647109434179
2025-11-20,20:00-24:00,0.0,3053.3823984907604,4592.647109434179,1200.0
2025-11-21,0:00-4:00,9000.0,0.0,1200.0,9300.0
2025-11-21,4:00-8:00,1666.6666666666665,6057.641066398875,9300.0,4069.287704001248
2025-11-21,8:00-12:00,4061.845978239985,1648.9456362345768,4069.287704001248,5892.787266378815
2025-11-21,12:00-16:00,5548.288806718216,77.62247318268763,5892.787266378815,10800.0
2025-11-21,16:00-20:00,0.0,6450.243044588609,10800.0,3633.063283790434
2025-11-21,20:00-24:00,0.0,2189.7569554113907,3633.063283790434,1200.0
2025-11-22,0:00-4:00,9000.0,0.0,1200.0,9300.0
2025-11-22,4:00-8:00,1666.6666666666665,6529.0363333953865,9300.0,3545.5151851162364
2025-11-22,8:00-12:00,4051.8744169256015,1045.7488740785204,3545.5151851162364,6030.258966928699
2025-11-22,12:00-16:00,5352.104326034936,42.43757432412945,6030.258966928699,10800.0
2025-11-22,16:00-20:00,0.0,6416.06550558699,10800.0,3671.0383271255673
2025-11-22,20:00-24:00,0.0,2223.9344944130107,3671.0383271255673,1200.0
2025-11-23,0:00-4:00,9000.0,0.0,1200.0,9300.0
2025-11-23,4:00-8:00,2500.0,1508.3333333333333,9300.0,9874.074074074075
2025-11-23,8:00-12:00,5833.333333333333,7806.666666666666,9874.074074074075,6450.0
2025-11-23,12:00-16:00,7500.0,2159.999999999998,6450.0,10800.0
2025-11-23,16:00-20:00,0.0,5493.80788982478,10800.0,4695.7690113058
2025-11-23,20:00-24:00,0.0,3146.1921101752196,4695.7690113058,1200.0
2025-11-24,0:00-4:00,9000.0,0.0,1200.0,9300.0
2025-11-24,4:00-8:00,2500.0,1508.3333333333333,9300.0,9874.074074074075
2025-11-24,8:00-12:00,5833.333333333333,7806.66666666667,9874.074074074075,6450.0
2025-11-24,12:00-16:00,7471.8626748325605,2137.2087666143734,6450.0,10800.0
2025-11-24,16:00-20:00,0.0,5564.076893879603,10800.0,4617.692340133774
2025-11-24,20:00-24:00,0.0,3075.9231061203964,4617.692340133774,1200.0
2025-11-25,0:00-4:00,9000.0,0.0,1200.0,9300.0
2025-11-25,4:00-8:00,2500.0,1657.0594653085195,9300.0,9708.822816323867
2025-11-25,8:00-12:00,5833.333333333333,7527.98736561395,9708.822816323867,6594.392410086144
2025-11-25,12:00-16:00,7633.47164131309,2398.0651985411323,6594.392410086144,10800.0
2025-11-25,16:00-20:00,0.0,5503.612367000506,10800.0,4684.875147777216
2025-11-25,20:00-24:00,0.0,3136.387632999494,4684.875147777216,1200.0
2025-11-26,0:00-4:00,9000.0,0.0,1200.0,9300.0
2025-11-26,4:00-8:00,2500.0,1508.3333333333333,9300.0,9874.074074074075
2025-11-26,8:00-12:00,5833.333333333333,7806.666666666669,9874.074074074075,6450.0
2025-11-26,12:00-16:00,7619.504389882028,2256.798555804443,6450.0,10800.0
2025-11-26,16:00-20:00,0.0,5512.307091884901,10800.0,4675.214342350109
2025-11-26,20:00-24:00,0.0,3127.6929081150984,4675.214342350109,1200.0
2025-11-27,0:00-4:00,9000.0,0.0,1200.0,9300.0
2025-11-27,4:00-8:00,2500.0,2220.441539051801,9300.0,9082.842734386888
2025-11-27,8:00-12:00,5833.333333333333,6554.558460948201,9082.842734386888,7050.0
2025-11-27,12:00-16:00,7577.174329179235,2762.5112066351803,7050.0,10800.0
2025-11-27,16:00-20:00,0.0,5568.591783892389,10800.0,4612.675795675123
2025-11-27,20:00-24:00,0.0,3071.40821610761,4612.675795675123,1200.0
2025-11-28,0:00-4:00,9000.0,0.0,1200.0,9300.0
2025-11-28,4:00-8:00,1666.6666666666665,6129.959593198953,9300.0,3988.933785334497
2025-11-28,8:00-12:00,4201.544879111931,1299.7903615033215,3988.933785334497,6326.112663753767
2025-11-28,12:00-16:00,5273.559986563192,245.08498649457573,6326.112663753767,10800.0
2025-11-28,16:00-20:00,0.0,6346.859895509555,10800.0,3747.933449433828
2025-11-28,20:00-24:00,0.0,2293.140104490445,3747.933449433828,1200.0
2025-11-29,0:00-4:00,9000.0,0.0,1200.0,9300.0
2025-11-29,4:00-8:00,1666.6666666666665,6218.798920020123,9300.0,3890.2234221998597
2025-11-29,8:00-12:00,4551.608582035415,1467.105173073749,3890.2234221998597,6356.554287060901
2025-11-29,12:00-16:00,5102.015496371304,133.53141041556663,6356.554287060901,10800.0
2025-11-29,16:00-20:00,0.0,6308.963810308773,10800.0,3790.0402107680266
2025-11-29,20:00-24:00,0.0,2331.036189691224,3790.0402107680266,1200.0
2025-11-30,0:00-4:00,9000.0,0.0,1200.0,9300.0
2025-11-30,4:00-8:00,2500.0,1505.83795829351,9300.0,9876.846713007211
2025-11-30,8:00-12:00,5833.333333333333,7809.1620417064905,9876.846713007211,6450.0
2025-11-30,12:00-16:00,7500.0,2160.0000000000014,6450.0,10800.0
2025-11-30,16:00-20:00,0.0,5497.3091654190575,10800.0,4691.878705089936
2025-11-30,20:00-24:00,0.0,3142.6908345809425,4691.878705089936,1200.0
2025-12-01,0:00-4:00,9000.0,0.0,1200.0,9300.0
2025-12-01,4:00-8:00,2500.0,1504.8899843527583,9300.0,9877.900017385824
2025-12-01,8:00-12:00,5833.333333333333,7810.11001564724,9877.900017385824,6450.0
2025-12-01,12:00-16:00,7500.0,2160.000000000002,6450.0,10800.0
2025-12-01,16:00-20:00,0.0,5518.668581729165,10800.0,4668.146020300926
2025-12-01,20:00-24:00,0.0,3121.3314182708327,4668.146020300926,1200.0
2025-12-02,0:00-4:00,9000.0,0.0,1200.0,9300.0
2025-12-02,4:00-8:00,2500.0,1508.3333333333333,9300.0,9874.074074074075
2025-12-02,8:00-12:00,5833.333333333333,7806.666666666666,9874.074074074075,6450.0
2025-12-02,12:00-16:00,7500.0,2159.999999999998,6450.0,10800.0
2025-12-02,16:00-20:00,0.0,5538.044476625124,10800.0,4646.617248194306
2025-12-02,20:00-24:00,0.0,3101.955523374875,4646.617248194306,1200.0
2025-12-03,0:00-4:00,9000.0,0.0,1200.0,9300.0
2025-12-03,4:00-8:00,2500.0,1508.3333333333333,9300.0,9874.074074074075
2025-12-03,8:00-12:00,5833.333333333333,7806.666666666668,9874.074074074075,6450.0
2025-12-03,12:00-16:00,7866.440763860726,2456.817018727188,6450.0,10800.0
2025-12-03,16:00-20:00,0.0,5537.3310808155475,10800.0,4647.409910204946
2025-12-03,20:00-24:00,0.0,3102.6689191844507,4647.409910204946,1200.0
2025-12-04,0:00-4:00,9000.0,0.0,1200.0,9300.0
2025-12-04,4:00-8:00,2500.0,1508.3333333333333,9300.0,9874.074074074075
2025-12-04,8:00-12:00,5833.333333333333,7806.66666666667,9874.074074074075,6450.0
2025-12-04,12:00-16:00,7605.473942101582,2245.4338931022835,6450.0,10800.0
2025-12-04,16:00-20:00,0.0,5552.257916634129,10800.0,4630.824537073189
2025-12-04,20:00-24:00,0.0,3087.7420833658703,4630.824537073189,1200.0
2025-12-05,0:00-4:00,9000.0,0.0,1200.0,9300.0
2025-12-05,4:00-8:00,1666.6666666666665,6216.460563307256,9300.0,3892.821596325272
2025-12-05,8:00-12:00,3882.2588465058566,1569.934107315818,3892.821596325272,5642.483327829634
2025-12-05,12:00-16:00,5831.910641399336,82.08261458013163,5642.483327829634,10800.0
2025-12-05,16:00-20:00,0.0,6212.534162862942,10800.0,3897.184263485616
2025-12-05,20:00-24:00,0.0,2427.4658371370547,3897.184263485616,1200.0
2025-12-06,0:00-4:00,9000.0,0.0,1200.0,9300.0
2025-12-06,4:00-8:00,1666.6666666666665,5176.732450956858,9300.0,5048.0750544923785
2025-12-06,8:00-12:00,5833.88149694274,3100.9510911591537,5048.0750544923785,6853.067189341786
2025-12-06,12:00-16:00,5085.9199633715,567.3556407385217,6853.067189341786,10800.0
2025-12-06,16:00-20:00,0.0,6516.543875991209,10800.0,3559.395693343102
2025-12-06,20:00-24:00,0.0,2123.4561240087914,3559.395693343102,1200.0
2025-12-07,0:00-4:00,9000.0,0.0,1200.0,9300.0
2025-12-07,4:00-8:00,2500.0,1508.3333333333333,9300.0,9874.074074074075
2025-12-07,8:00-12:00,5833.333333333333,7806.666666666668,9874.074074074075,6450.0
2025-12-07,12:00-16:00,8333.333333333332,2835.0,6450.0,10800.0
2025-12-07,16:00-20:00,0.0,5485.58113064701,10800.0,4704.9098548366555
2025-12-07,20:00-24:00,0.0,3154.4188693529895,4704.9098548366555,1200.0
2025-12-08,0:00-4:00,9000.0,0.0,1200.0,9300.0
2025-12-08,4:00-8:00,2500.0,1508.3333333333333,9300.0,9874.074074074075
2025-12-08,8:00-12:00,5833.333333333333,7806.666666666667,9874.074074074075,6450.0
2025-12-08,12:00-16:00,8333.333333333332,2835.000000000001,6450.0,10800.0
2025-12-08,16:00-20:00,0.0,5483.374677132763,10800.0,4707.361469852485
2025-12-08,20:00-24:00,0.0,3156.6253228672363,4707.361469852485,1200.0
2025-12-09,0:00-4:00,9000.0,0.0,1200.0,9300.0
2025-12-09,4:00-8:00,2500.0,1508.3333333333333,9300.0,9874.074074074075
2025-12-09,8:00-12:00,5833.333333333333,7806.666666666667,9874.074074074075,6450.0
2025-12-09,12:00-16:00,8333.333333333332,2835.000000000001,6450.0,10800.0
2025-12-09,16:00-20:00,0.0,5510.521665747877,10800.0,4677.198149169025
2025-12-09,20:00-24:00,0.0,3129.4783342521223,4677.198149169025,1200.0
2025-12-10,0:00-4:00,9000.0,0.0,1200.0,9300.0
2025-12-10,4:00-8:00,2500.0,1508.3333333333333,9300.0,9874.074074074075
2025-12-10,8:00-12:00,5833.333333333333,7806.666666666667,9874.074074074075,6450.0
2025-12-10,12:00-16:00,8387.071152436358,2878.527633473448,6450.0,10800.0
2025-12-10,16:00-20:00,0.0,5516.146733536654,10800.0,4670.948073848162
2025-12-10,20:00-24:00,0.0,3123.853266463346,4670.948073848162,1200.0
2025-12-11,0:00-4:00,9000.0,0.0,1200.0,9300.0
2025-12-11,4:00-8:00,2500.0,1508.3333333333333,9300.0,9874.074074074075
2025-12-11,8:00-12:00,5833.333333333333,7806.666666666668,9874.074074074075,6450.0
2025-12-11,12:00-16:00,8486.355818973152,2958.948213368253,6450.0,10800.0
2025-12-11,16:00-20:00,0.0,5549.227897566653,10800.0,4634.19122492594
2025-12-11,20:00-24:00,0.0,3090.7721024333464,4634.19122492594,1200.0
2025-12-12,0:00-4:00,9000.0,0.0,1200.0,9300.0
2025-12-12,4:00-8:00,1666.6666666666665,4468.170295345622,9300.0,5835.366338504864
2025-12-12,8:00-12:00,5833.333333333333,3715.8143815374524,5835.366338504864,6956.683692352139
2025-12-12,12:00-16:00,6165.493798443198,1535.0652998559171,6956.683692352139,10800.0
2025-12-12,16:00-20:00,0.0,6468.595809356177,10800.0,3612.671322937581
2025-12-12,20:00-24:00,0.0,2171.4041906438224,3612.671322937581,1200.0
2025-12-13,0:00-4:00,9000.0,0.0,1200.0,9300.0
2025-12-13,4:00-8:00,2457.148178285588,4027.8897865159383,9300.0,7036.000264328209
2025-12-13,8:00-12:00,5833.333333333333,4712.400237895388,7036.000264328209,7050.0
2025-12-13,12:00-16:00,5833.333333333333,1349.999999999998,7050.0,10800.0
2025-12-13,16:00-20:00,0.0,6368.616435260669,10800.0,3723.759516377033
2025-12-13,20:00-24:00,0.0,2271.3835647393294,3723.759516377033,1200.0
2025-12-14,0:00-4:00,9000.0,0.0,1200.0,9300.0
2025-12-14,4:00-8:00,2500.0,1508.3333333333333,9300.0,9874.074074074075
2025-12-14,8:00-12:00,5833.333333333333,7806.666666666666,9874.074074074075,6450.0
2025-12-14,12:00-16:00,8333.333333333332,2835.0000000000005,6450.0,10800.0
2025-12-14,16:00-20:00,0.0,5439.551398950021,10800.0,4756.054001166643
2025-12-14,20:00-24:00,0.0,3200.4486010499786,4756.054001166643,1200.0
2025-12-15,0:00-4:00,9000.0,0.0,1200.0,9300.0
2025-12-15,4:00-8:00,2500.0,1508.3333333333333,9300.0,9874.074074074075
2025-12-15,8:00-12:00,5833.333333333333,7806.666666666666,9874.074074074075,6450.0
2025-12-15,12:00-16:00,8333.333333333332,2834.999999999999,6450.0,10800.0
2025-12-15,16:00-20:00,0.0,5472.299264651969,10800.0,4719.667483720035
2025-12-15,20:00-24:00,0.0,3167.7007353480312,4719.667483720035,1200.0
2025-12-16,0:00-4:00,9000.0,0.0,1200.0,9300.0
2025-12-16,4:00-8:00,2500.0,1508.3333333333333,9300.0,9874.074074074075
2025-12-16,8:00-12:00,5833.333333333333,7806.666666666666,9874.074074074075,6450.0
2025-12-16,12:00-16:00,8337.92114557122,2838.716127912687,6450.0,10800.0
2025-12-16,16:00-20:00,0.0,5437.976366051267,10800.0,4757.804037720816
2025-12-16,20:00-24:00,0.0,3202.0236339487346,4757.804037720816,1200.0
2025-12-17,0:00-4:00,9000.0,0.0,1200.0,9300.0
2025-12-17,4:00-8:00,2500.0,1508.3333333333333,9300.0,9874.074074074075
2025-12-17,8:00-12:00,5833.333333333333,7806.666666666667,9874.074074074075,6450.0
2025-12-17,12:00-16:00,8333.333333333332,2835.000000000001,6450.0,10800.0
2025-12-17,16:00-20:00,0.0,5461.69952505495,10800.0,4731.444972161168
2025-12-17,20:00-24:00,0.0,3178.300474945051,4731.444972161168,1200.0
2025-12-18,0:00-4:00,9000.0,0.0,1200.0,9300.0
2025-12-18,4:00-8:00,2500.0,1508.3333333333333,9300.0,9874.074074074075
2025-12-18,8:00-12:00,5833.333333333333,7806.666666666668,9874.074074074075,6450.0
2025-12-18,12:00-16:00,8333.333333333332,2835.0,6450.0,10800.0
2025-12-18,16:00-20:00,0.0,5465.237848361585,10800.0,4727.51350182046
2025-12-18,20:00-24:00,0.0,3174.7621516384143,4727.51350182046,1200.0
2025-12-19,0:00-4:00,9000.0,0.0,1200.0,9300.0
2025-12-19,4:00-8:00,2500.0,4119.384410785546,9300.0,6972.906210238284
2025-12-19,8:00-12:00,5833.333333333333,4655.615589214454,6972.906210238284,7050.0
2025-12-19,12:00-16:00,5833.333333333333,1350.0000000000014,7050.0,10800.0
2025-12-19,16:00-20:00,0.0,6396.90276741745,10800.0,3692.3302584250523
2025-12-19,20:00-24:00,0.0,2243.097232582547,3692.3302584250523,1200.0
2025-12-20,0:00-4:00,9000.0,0.0,1200.0,9300.0
2025-12-20,4:00-8:00,1666.6666666666665,4125.5004347912545,9300.0,6216.110628009717
2025-12-20,8:00-12:00,5833.333333333333,4342.348568739162,6216.110628009717,6641.278884966203
2025-12-20,12:00-16:00,5833.333333333333,982.1509964695813,6641.278884966203,10800.0
2025-12-20,16:00-20:00,0.0,6474.405034010099,10800.0,3606.2166288776666
2025-12-20,20:00-24:00,0.0,2165.5949659899,3606.2166288776666,1200.0
2025-12-21,0:00-4:00,9000.0,0.0,1200.0,9300.0
2025-12-21,4:00-8:00,2500.0,1508.3333333333333,9300.0,9874.074074074075
2025-12-21,8:00-12:00,5833.333333333333,7806.666666666668,9874.074074074075,6450.0
2025-12-21,12:00-16:00,8333.333333333332,2835.000000000001,6450.0,10800.0
2025-12-21,16:00-20:00,0.0,5505.046608256605,10800.0,4683.281546381551
2025-12-21,20:00-24:00,0.0,3134.9533917433964,4683.281546381551,1200.0
2025-12-22,0:00-4:00,9000.0,0.0,1200.0,9300.0
2025-12-22,4:00-8:00,2500.0,1508.3333333333333,9300.0,9874.074074074075
2025-12-22,8:00-12:00,5833.333333333333,7806.666666666668,9874.074074074075,6450.0
2025-12-22,12:00-16:00,8333.333333333332,2835.0,6450.0,10800.0
2025-12-22,16:00-20:00,0.0,5494.839328943478,10800.0,4694.622967840578
2025-12-22,20:00-24:00,0.0,3145.16067105652,4694.622967840578,1200.0
2025-12-23,0:00-4:00,9000.0,0.0,1200.0,9300.0
2025-12-23,4:00-8:00,2500.0,1508.3333333333333,9300.0,9874.074074074075
2025-12-23,8:00-12:00,5833.333333333333,7806.666666666667,9874.074074074075,6450.0
2025-12-23,12:00-16:00,8333.333333333332,2835.0000000000005,6450.0,10800.0
2025-12-23,16:00-20:00,0.0,5527.692871210221,10800.0,4658.119031988644
2025-12-23,20:00-24:00,0.0,3112.3071287897787,4658.119031988644,1200.0
2025-12-24,0:00-4:00,9000.0,0.0,1200.0,9300.0
2025-12-24,4:00-8:00,2500.0,1508.3333333333333,9300.0,9874.074074074075
2025-12-24,8:00-12:00,5833.333333333333,7806.666666666667,9874.074074074075,6450.0
2025-12-24,12:00-16:00,8333.333333333332,2834.9999999999986,6450.0,10800.0
2025-12-24,16:00-20:00,0.0,5521.641577530268,10800.0,4664.842691633035
2025-12-24,20:00-24:00,0.0,3118.3584224697315,4664.842691633035,1200.0
2025-12-25,0:00-4:00,9000.0,0.0,1200.0,9300.0
2025-12-25,4:00-8:00,2500.0,1508.3333333333333,9300.0,9874.074074074075
2025-12-25,8:00-12:00,5833.333333333333,7806.666666666668,9874.074074074075,6450.0
2025-12-25,12:00-16:00,8333.333333333332,2834.9999999999986,6450.0,10800.0
2025-12-25,16:00-20:00,0.0,5546.086128042214,10800.0,4637.682079953093
2025-12-25,20:00-24:00,0.0,3093.9138719577836,4637.682079953093,1200.0
2025-12-26,0:00-4:00,9000.0,0.0,1200.0,9300.0
2025-12-26,4:00-8:00,1666.6666666666665,4687.877094299993,9300.0,5591.247673000009
2025-12-26,8:00-12:00,5833.333333333333,3748.105742572368,5591.247673000009,6676.685736808489
2025-12-26,12:00-16:00,5833.333333333333,1014.0171631276429,6676.685736808489,10800.0
2025-12-26,16:00-20:00,0.0,6517.408951685722,10800.0,3558.4344981269774
2025-12-26,20:00-24:00,0.0,2122.5910483142793,3558.4344981269774,1200.0
2025-12-27,0:00-4:00,9000.0,0.0,1200.0,9300.0
2025-12-27,4:00-8:00,1666.6666666666665,4494.944068401375,9300.0,5805.617701776249
2025-12-27,8:00-12:00,5833.333333333333,3814.456389535185,5805.617701776249,6817.332824514933
2025-12-27,12:00-16:00,5833.333333333333,1140.5995420634406,6817.332824514933,10800.0
2025-12-27,16:00-20:00,0.0,6456.8179051644565,10800.0,3625.757883150607
2025-12-27,20:00-24:00,0.0,2183.182094835546,3625.757883150607,1200.0
2025-12-28,0:00-4:00,9000.0,0.0,1200.0,9300.0
2025-12-28,4:00-8:00,2500.0,1508.3333333333333,9300.0,9874.074074074075
2025-12-28,8:00-12:00,5833.333333333333,7806.666666666667,9874.074074074075,6450.0
2025-12-28,12:00-16:00,8333.333333333332,2834.999999999999,6450.0,10800.0
2025-12-28,16:00-20:00,0.0,5534.058946879289,10800.0,4651.045614578569
2025-12-28,20:00-24:00,0.0,3105.9410531207122,4651.045614578569,1200.0
2025-12-29,0:00-4:00,9000.0,0.0,1200.0,9300.0
2025-12-29,4:00-8:00,2500.0,1508.3333333333333,9300.0,9874.074074074075
2025-12-29,8:00-12:00,5833.333333333333,7806.666666666668,9874.074074074075,6450.0
2025-12-29,12:00-16:00,8333.333333333332,2835.0000000000005,6450.0,10800.0
2025-12-29,16:00-20:00,0.0,5504.771312520227,10800.0,4683.587430533079
2025-12-29,20:00-24:00,0.0,3135.22868747977,4683.587430533079,1200.0
2025-12-30,0:00-4:00,9000.0,0.0,1200.0,9300.0
2025-12-30,4:00-8:00,2500.0,1508.3333333333333,9300.0,9874.074074074075
2025-12-30,8:00-12:00,5833.333333333333,7806.666666666668,9874.074074074075,6450.0
2025-12-30,12:00-16:00,8333.333333333332,2835.0,6450.0,10800.0
2025-12-30,16:00-20:00,0.0,5539.55932308398,10800.0,4644.934085462242
2025-12-30,20:00-24:00,0.0,3100.4406769160178,4644.934085462242,1200.0
2025-12-31,0:00-4:00,9000.0,0.0,1200.0,9300.0
2025-12-31,4:00-8:00,2500.0,1508.3333333333333,9300.0,9874.074074074075
2025-12-31,8:00-12:00,5833.333333333333,7806.666666666666,9874.074074074075,6450.0
2025-12-31,12:00-16:00,8234.928262377554,2755.29189252582,6450.0,10800.0
2025-12-31,16:00-20:00,0.0,5494.754818062129,10800.0,4694.716868819857
2025-12-31,20:00-24:00,5333.333333333332,3145.245181937871,4694.716868819857,6000.0
