date,planned_cost_yuan,increase_cost_yuan,cancellation_refund_yuan,breach_cost_yuan,adjustment_net_yuan,emergency_cost_yuan,total_cost_yuan,original_kwh,adjusted_kwh,increase_kwh,decrease_kwh,emergency_kwh,dump_kwh,charge_kwh,discharge_kwh,energy_start_kwh,energy_end_kwh,lp_eq_max,lp_ineq_max,max_tree_nodes,raw_simultaneous_slots
2025-02-01,24796.377121366975,0.0,333.560991399567,166.7804956997835,-166.7804956997835,370.8687428223176,25000.46536848951,48142.23458196665,47404.957704067754,0.0,737.276877898905,89.47851609878086,8541.239589629211,22416.500038115184,17841.479340911195,6000.0,8459.588672202197,1.8189894035458565e-12,1.1368683772161603e-13,7,0
2025-02-02,56071.647734287726,0.1090649383389523,576.6009716856474,288.3004858428237,-288.19142090448474,270.7977770843039,56054.25409046755,89767.55755194605,88803.55361987013,0.09294383087387814,964.0968759067804,43.227814653032624,8019.404336003461,25008.108180197043,22537.009031677335,8459.588672202197,8428.26982263348,1.8189894035458565e-12,1.1368683772161603e-13,7,0
2025-02-03,55148.98967399471,0.0,506.3595252080846,253.1797626040423,-253.1797626040423,992.7939774596656,55888.603888850324,88488.30477257313,87794.503728207,0.0,693.8010443661215,258.22859438433,5305.730686145644,25132.573384456893,22602.4882480112,8428.26982263348,8446.007879195222,1.8189894035458565e-12,1.1368683772161603e-13,7,0
2025-02-04,55410.12168504455,26.98852123847995,85.1825389065523,42.59126945327615,-15.6027482147962,1391.2272690724503,56785.7462059022,88735.94336919884,88592.87580564946,22.51858259364201,165.58614614301757,385.65479904499466,5181.452871521768,25478.007481726847,22875.79369855416,8446.007879195222,8503.364254196045,9.094947017729282e-13,2.2737367544323206e-13,7,0
2025-02-05,53526.67661493964,181.16867571735636,0.0,0.0,181.16867571735636,2217.1043927754927,55924.9496834325,85985.46431128295,86212.74878662493,227.28447534199105,0.0,581.1808645430694,3656.004508927663,24561.014376014566,22171.516217107557,8503.364254196045,8433.158234092905,1.8189894035458565e-12,1.1368683772161603e-13,7,0
2025-02-06,54117.58631707102,0.0,792.8852736815398,396.4426368407699,-396.4426368407699,1561.422521559031,55282.56620178929,86623.457715536,85498.832440346,0.0,1124.6252751899972,329.4580117831126,4001.7151845411076,23766.497933607705,22210.979882686363,8433.158234092905,7567.609379035782,1.8189894035458565e-12,1.1368683772161603e-13,7,0
2025-02-07,21044.185549700742,0.0,608.8472146145906,304.4236073072953,-304.4236073072953,805.8620127833025,21545.62395517675,40873.951919632076,39562.142253868136,0.0,1311.8096657639358,209.56547788325867,6401.645810923932,18954.788690292004,17390.40643613121,7567.609379035782,7218.602902850543,9.094947017729282e-13,1.1368683772161603e-13,7,0
2025-02-08,20161.84985236523,2.1267888612515438,0.0,0.0,2.1267888612515438,989.6680802613448,21153.644721487828,39265.251723083114,39267.216333365555,1.9646102824364178,0.0,244.59431352680738,4752.911145695667,19593.763067777447,16412.026283247418,7218.602902850543,8507.083980006806,1.8189894035458565e-12,1.1368683772161603e-13,7,0
2025-02-09,52685.18267902698,254.99719599977496,0.09357914237447716,0.04678957118723858,254.9504064285877,1463.714171017244,54403.847256472814,84736.08492462317,85010.78309114455,274.8273056817543,0.1291391603710963,467.6759808308279,3499.9915165461134,24487.16185262587,22064.11026386328,8507.083980006806,8480.031119950412,9.094947017729282e-13,1.1368683772161603e-13,7,0
2025-02-10,52193.07370189602,0.0,1326.1916933155146,663.0958466577573,-663.0958466577573,529.4750928259177,52059.45294806418,84137.28935185797,82117.517724514,0.0,2019.7716273439542,158.97806343324027,5519.703522257537,24302.162593563742,21872.007911207365,8480.031119950412,8479.966212093252,1.8189894035458565e-12,1.1368683772161603e-13,7,0
2025-02-11,51738.378419740795,0.0,1341.670557287468,670.835278643734,-670.835278643734,753.484935653556,51821.02807675062,83586.84243898847,81700.75504703232,0.0,1886.0873919561677,174.06836978808678,4197.502851014051,23689.898394730073,21233.174962257057,8479.966212093252,8572.445539156652,9.094947017729282e-13,1.1368683772161603e-13,6,0
2025-02-12,51518.656601788636,0.0,1013.8032106194281,506.90160530971406,-506.90160530971406,1400.96848976607,52412.723486245,83131.0783095521,81610.57505300928,0.0,1520.5032565428264,337.8065114213384,4241.669645567506,24090.110157797702,21650.134372267927,8572.445539156652,8605.085272367545,1.8189894035458565e-12,1.1368683772161603e-13,6,0
2025-02-13,49449.68124769793,0.0,1103.8486392639363,551.9243196319682,-551.9243196319682,668.4497432545917,49566.20667132056,79593.90442029068,77968.59896371962,0.0,1625.305456571047,241.76173800222887,6097.964575205152,22233.955225140107,21451.038115290074,8605.085272367545,7086.687704260176,1.8189894035458565e-12,1.1368683772161603e-13,6,0
2025-02-14,18426.12624898595,223.64863828288165,0.0,0.0,223.64863828288165,1536.4111359461183,20186.18602321495,35709.445772834355,35896.73605444087,187.29028160651822,0.0,425.21974298783715,5265.600033200532,17306.212874107332,16051.658926545817,7086.687704260176,6584.86866641318,1.8189894035458565e-12,1.1368683772161603e-13,7,0
2025-02-15,19382.732837611926,0.0,0.0,0.0,0.0,1461.152230323779,20843.885067935706,37775.262155964316,37775.262155964316,0.0,0.0,375.29259219843584,5007.828262249383,19366.72773650166,15504.092350588293,6584.86866641318,8615.011514106334,1.8189894035458565e-12,1.1368683772161603e-13,7,0
2025-02-16,49667.60512020266,0.0,1051.4472960966907,525.7236480483454,-525.7236480483454,3949.607296416951,53091.48876857126,80648.53639600272,79122.81523790926,0.0,1525.721158093464,1057.2905759398836,2483.8341600118674,23139.58804587269,20820.69549203542,8615.011514106334,8620.212142451051,1.8189894035458565e-12,1.1368683772161603e-13,7,0
2025-02-17,49372.72533278071,0.0,1615.8809043714368,807.9404521857184,-807.9404521857184,473.0326013189822,49037.817481913975,80409.73931010091,77863.97917646845,0.0,2545.760133632464,175.6335825337294,4743.92864572287,22646.17230112634,20534.351354513696,8620.212142451051,8459.150717828115,9.094947017729282e-13,1.1368683772161603e-13,7,0
2025-02-18,47420.31014852051,76.76838875713804,0.0,0.0,76.76838875713804,2616.123656087089,50113.202193364734,77371.47392023026,77457.63418445433,86.16026422407029,0.0,652.9088331914726,3740.6242957714753,22931.165487909922,20652.63454936893,8459.150717828115,8443.776134676951,1.8189894035458565e-12,1.1368683772161603e-13,7,0
2025-02-19,47613.27344165326,413.13335549524794,151.18016688632483,75.59008344316241,337.54327205208557,2738.2855112822053,50689.10222498755,77688.52042664189,77767.25108511516,406.1860061471911,327.45534767393644,730.1377140090726,3259.477268143648,23600.561203972407,21241.977056325166,8443.776134676951,8442.224539162382,1.8189894035458565e-12,1.1368683772161603e-13,7,0
2025-02-20,47239.25147037237,0.0,494.59000121329285,247.29500060664643,-247.29500060664643,1670.1308985837666,48662.08736834949,76473.49708663471,75681.82416473165,0.0,791.6729219030741,408.06882981123636,5092.911324813082,20568.930644464184,20565.082708067726,8442.224539162382,6278.1249579124105,9.094947017729282e-13,1.1368683772161603e-13,7,0
2025-02-21,18076.554072583567,0.0,0.0,0.0,0.0,958.5041921322687,19035.058264715834,35030.49811353402,35030.49811353402,0.0,0.0,261.575401724167,8295.725263223136,16871.378009284377,15435.291790582662,6278.1249579124105,6013.493354570581,1.8189894035458565e-12,1.1368683772161603e-13,7,0
2025-02-22,18968.439817133927,76.57844473901939,0.0,0.0,76.57844473901939,1930.5431983111532,20975.5614601841,37252.48967196855,37318.38060919782,65.89093722926525,0.0,481.028873894227,5699.016244486956,19298.504182450808,15042.873827179052,6013.493354570581,8465.080667013015,1.8189894035458565e-12,1.1368683772161603e-13,7,0
2025-02-23,46960.78639050921,32.41404207618423,518.2376858623807,259.11884293119033,-226.7048008550061,3767.055710094422,50501.13729974862,76917.79395551179,76206.46199895874,28.672156317609165,740.0041128706603,1122.6783855763624,3524.5303978470192,22713.4431435475,20440.686840192757,8465.080667013015,8466.569034103382,1.8189894035458565e-12,1.1368683772161603e-13,7,0
2025-02-24,46463.8359664552,126.51867348237535,1.1078527149282993,0.5539263574641496,125.9647471249112,920.0965000134662,47509.897213593584,75980.10500176798,76163.16255845521,184.8795231184729,1.821966431230294,193.63863158769857,5910.232265637716,22451.17035238528,20207.635044646748,8466.569034103382,8464.90174692414,1.8189894035458565e-12,1.1368683772161603e-13,7,0
2025-02-25,46627.311926734685,0.0,1725.929625332833,862.9648126664165,-862.9648126664165,1398.5914227338828,47162.93853680215,76455.68462840875,73780.27721933043,0.0,2675.4074090783406,354.59272252341435,6147.597367829922,21671.747406905768,19505.79806621519,8464.90174692414,8463.610061909218,1.8189894035458565e-12,1.1368683772161603e-13,7,0
2025-02-26,44937.80597072908,746.6205747417278,6.4916810289334705,3.2458405144667353,743.374734227261,1639.8543414100493,47321.03504636639,73922.97015422845,74651.80445456607,743.4815950780112,14.647294740373354,433.10046775073243,4061.7381340358706,22122.931789476017,19914.61303452842,8463.610061909218,8459.420651166805,1.8189894035458565e-12,1.1368683772161603e-13,7,0
2025-02-27,44148.90894007243,7.4608654781915575,392.1372417871387,196.06862089356935,-188.6077554153778,1972.6040607801665,45932.905245437214,71561.93936156711,70770.01154345262,7.202700397233173,799.1305185117205,410.99296806333984,4715.3153143653835,19240.08410816729,19730.979111016703,8459.420651166805,5913.888945666539,9.094947017729282e-13,1.1368683772161603e-13,7,0
2025-02-28,17502.296754360843,0.0,0.0,0.0,0.0,733.6154512063943,18235.912205567238,33892.42029303308,33892.42029303308,0.0,0.0,222.48662234663374,9467.855620253202,16257.476490074594,14903.018744948084,5913.888945666539,5627.924278175885,1.8189894035458565e-12,1.1368683772161603e-13,7,0
2025-03-01,18722.15193977257,4.744666578123222,0.0,0.0,4.744666578123222,850.1081538401758,19577.00476019087,36845.80180077854,36850.000249215074,4.198448436530592,0.0,247.63320893151,8794.172126174766,19489.202528413825,14844.507129775346,5627.924278175885,8469.520784972985,9.094947017729282e-13,1.1368683772161603e-13,7,0
2025-03-02,45033.884065266204,3816.565138459926,0.0,0.0,3816.565138459926,3623.2451958250485,52473.69439955118,74062.64370707417,77899.54462983621,3836.90092276204,0.0,955.5717328067557,4168.219422766046,23801.086229602493,21472.496356392243,8469.520784972985,8415.215254501574,9.094947017729282e-13,1.1368683772161603e-13,7,0
2025-03-03,46169.25613526143,880.7937374786675,114.31148951701897,57.155744758509485,823.6379927201581,4233.622327603341,51226.51645558493,75821.03713885679,76358.36712077961,773.1365365041625,235.80655458132503,1025.7983312882293,3061.7208861572235,22956.520233272953,20651.222300695663,8415.215254501574,8425.382935612673,1.8189894035458565e-12,1.1368683772161603e-13,7,0
2025-03-04,44982.84546179183,446.08753086630554,10.796490374563957,5.3982451872819786,440.68928567902356,2049.3524321717323,47472.88717964258,73750.44645175696,74101.41991588491,367.5248785420389,16.551414414082046,709.6859830406332,3400.5624476006024,22175.36343491602,19964.27791692442,8425.382935612673,8418.583168489904,1.8189894035458565e-12,1.1368683772161603e-13,7,0
2025-03-05,45757.61252750191,0.0,1148.775221666711,574.3876108333556,-574.3876108333556,895.8592064890744,46079.08412315762,75252.70397628567,73452.6130208146,0.0,1800.0909554710622,263.7614825805871,5339.712786318266,22316.480994102527,20070.29129369227,8418.583168489904,8433.91136181837,9.094947017729282e-13,1.1368683772161603e-13,7,0
2025-03-06,42834.01572363743,23.267133848821985,98.00694224998676,49.00347112499338,-25.73633727617139,851.28558505625,43659.56497141751,69450.74532821926,69282.9208881114,19.98758227696186,187.8120223848082,216.74479541145013,4919.9745115699325,19034.975678925515,20395.938640305918,8433.91136181837,4992.867827077931,1.8189894035458565e-12,1.1368683772161603e-13,7,0
2025-03-07,16775.95787253661,0.0,73.93241045730053,36.96620522865027,-36.96620522865027,413.58120971076147,17152.572877018723,32158.928388492932,32067.320190360897,0.0,91.60819813203065,152.02862203439693,10152.507139071693,15064.928285979146,13920.372145988875,4992.867827077931,4611.353058818171,1.8189894035458565e-12,1.1368683772161603e-13,7,0
2025-03-08,18100.456294946514,0.0,0.0,0.0,0.0,849.900150273678,18950.356445220194,35611.04324713377,35611.04324713377,0.0,0.0,285.33579996311107,11291.794609908968,19031.63205890647,13490.18713838522,4611.353058818171,8446.438721343322,1.8189894035458565e-12,1.1368683772161603e-13,7,0
2025-03-09,44116.60499635137,0.0,1707.0065150998505,853.5032575499253,-853.5032575499253,1008.2441645508748,44271.345903352325,73144.1359191516,70036.16841057903,0.0,3107.9675085725667,287.38225202144235,4747.939099789155,22292.185595613206,20050.099082801884,8446.438721343322,8460.002735041513,9.094947017729282e-13,1.1368683772161603e-13,7,0
2025-03-10,42886.42441531327,366.6952445993169,0.0,0.0,366.6952445993169,5377.029985042445,48630.14964495503,71287.04475774991,71709.86368696799,422.81892921806957,0.0,1454.6059993350307,2946.981590945575,22087.90991857436,19912.493273216925,8460.002735041513,8424.823084921623,9.094947017729282e-13,1.1368683772161603e-13,7,0
2025-03-11,41246.233507005614,681.9938496797479,0.0,0.0,681.9938496797479,2295.2100107663946,44223.43736745176,68500.93237167037,69394.68986680945,893.7574951390872,0.0,553.0523606561779,3848.306054977066,21762.96701988562,19602.449647397054,8424.823084921623,8408.190211198193,9.094947017729282e-13,2.2737367544323206e-13,7,0
2025-03-12,43336.37614875374,63.11264617783294,1527.6851814078295,763.8425907039148,-700.7299445260817,948.6888503185785,43584.335054546245,71973.02994736617,69384.1205019955,47.42910903727727,2636.338554407965,329.69046657325816,5001.288437709979,21914.676974698734,19637.689127173297,8408.190211198193,8498.336364536504,9.094947017729282e-13,1.1368683772161603e-13,7,0
2025-03-13,41186.37668167345,874.6425876628248,0.0,0.0,874.6425876628248,2569.8348819098283,44630.85415124611,67055.72085491728,68102.70063994892,1046.9797850316445,0.0,588.6218930845303,3338.5254957235197,17428.4885960156,19621.30957537234,8498.336364536504,4349.776094691063,1.8189894035458565e-12,1.1368683772161603e-13,7,0
2025-03-14,15921.591728645364,161.51273528667124,0.0,0.0,161.51273528667124,503.38154046975217,16586.486004401788,30967.92904951148,31097.52011855338,129.59106904189917,0.0,156.9824908101997,14021.355333055113,14669.426233844653,13465.704940869524,4349.776094691063,4072.3164504133133,1.8189894035458565e-12,1.1368683772161603e-13,7,0
2025-03-15,17782.08018482466,101.14620320715548,0.0,0.0,101.14620320715548,1878.3944741150253,19761.62086214684,35456.76721670224,35535.36966510092,78.60244839868776,0.0,512.5353715694631,8904.507588664808,19975.575641379408,13756.303343373831,4072.3164504133133,8522.394513917756,1.8189894035458565e-12,1.1368683772161603e-13,7,0
2025-03-16,41802.757074403795,277.15970156206697,0.0,0.0,277.15970156206697,1556.8260687531028,43636.74284471896,69358.01992364982,69670.07422807238,312.05430442256693,0.0,449.5101072190332,4548.890925466003,22154.711762420724,19935.065285928657,8522.394513917756,8526.795666819447,9.094947017729282e-13,1.1368683772161603e-13,7,0
2025-03-17,40722.10826843118,116.79580592923638,1746.7593680044163,873.3796840022081,-756.5838780729719,1264.805428419157,41230.32981877736,68182.4417858124,65068.07592646465,88.45356988790076,3202.8194292356625,318.8824066282856,5475.736474153129,20531.833506064646,18478.743080458175,8526.795666819447,8526.697715268927,9.094947017729282e-13,1.1368683772161603e-13,7,0
2025-03-18,42691.161793478495,0.0,1102.6768363961128,551.3384181980564,-551.3384181980564,1011.6255225173893,43151.44889779783,70867.04752242105,69056.80093227328,0.0,1810.2465901477794,227.07030110875917,6066.025389200788,21451.574638201382,19359.687160686797,8526.697715268927,8470.54621938508,1.8189894035458565e-12,1.1368683772161603e-13,7,0
2025-03-19,39554.2531957639,600.3156081808295,18.31888682349638,9.15944341174819,591.1561647690812,1041.4555892500014,41186.86494978299,65793.39938996069,66355.08420405956,600.9788656293224,39.29405153045127,276.4364727920981,5002.250458532157,21656.689778195047,19492.890009875544,8470.54621938508,8468.575899570405,1.8189894035458565e-12,1.1368683772161603e-13,7,0
2025-03-20,38643.795277061916,15.137014216959559,513.2731689705581,256.63658448527906,-241.4995702683195,3515.642265056368,41917.93797184997,62953.016237734955,62093.24694500368,10.772676445433717,870.5419691767108,900.1269845805713,3358.3244542948455,16429.123498099187,19003.035839476444,8468.575899570405,4023.6523936411904,9.094947017729282e-13,1.1368683772161603e-13,7,0
2025-03-21,15044.03468634261,0.0,119.87087883052352,59.93543941526176,-59.93543941526176,835.9945016091689,15820.093748536516,29531.39779293909,29389.371349968373,0.0,142.02644297071737,237.38743174103496,16470.664327442246,13997.919136207467,12875.289198606974,4023.6523936411904,3731.498018635535,1.8189894035458565e-12,1.1368683772161603e-13,7,0
2025-03-22,17530.372237808224,30.148118688785424,0.0,0.0,30.148118688785424,713.9108175873266,18274.43117408434,35068.8158962554,35093.76778426599,24.95188801058177,0.0,285.35230411583274,13096.390038226793,19157.401473642552,12755.87115682086,3731.498018635535,8459.936032328258,1.8189894035458565e-12,1.1368683772161603e-13,7,0
2025-03-23,40106.89695916585,0.0,477.7840246608553,238.89201233042766,-238.89201233042766,1099.1502896853663,40967.1552365208,66812.80422213169,66195.27673999916,0.0,617.5274821325427,304.760145008686,5602.021541683393,21185.66372907768,19057.36850241991,8459.936032328258,8470.191144619146,1.8189894035458565e-12,1.1368683772161603e-13,7,0
2025-03-24,39061.36212106956,913.7049772987173,353.5494631036138,176.7747315518069,736.9302457469104,1243.766257765663,41042.05862458213,65229.26364396393,65295.39909371778,827.7056637429864,761.5702139891408,409.630191626828,5594.700313353206,21149.402664080695,19037.57077542263,8470.191144619146,8466.91462677975,1.8189894035458565e-12,1.1368683772161603e-13,7,0
2025-03-25,40431.076102153995,47.99230513727162,630.3345433998035,315.16727169990173,-267.1749665626301,1793.8064052951456,41957.70754088651,67599.5622245497,66452.45714741359,34.22289346851153,1181.3279706046333,506.27526707400045,3877.5998381203653,21341.899199505548,19210.89133980499,8466.91462677975,8463.56044076579,1.8189894035458565e-12,1.1368683772161603e-13,7,0
2025-03-26,38398.10307688975,159.7541768439136,446.4642554399227,223.23212771996134,-63.47795087604774,893.3308943852554,39227.95602039895,64025.1742986364,63405.74911968745,151.23944649282458,770.6646254417822,272.84038077457967,5981.317860820649,20860.026222247136,18755.309449272427,8463.56044076579,8483.286887714372,1.8189894035458565e-12,1.1368683772161603e-13,7,0
2025-03-27,37096.85433033349,119.0178924374776,436.57070068346616,218.28535034173308,-99.26745790425545,2321.4031670678123,39318.99003949705,60260.00429256265,59627.94137289444,88.6278450761364,720.6907647443486,669.4373971733188,4539.356600966765,15949.182745214684,18908.14997611369,8483.286887714372,3683.070087462452,1.8189894035458565e-12,1.1368683772161603e-13,7,0
2025-03-28,14911.743192709218,27.7814900089309,0.0,0.0,27.7814900089309,863.8450832261979,15803.369765944348,29562.391266331753,29582.96718013288,20.575913801124685,0.0,220.9426495202307,17804.43675801189,14151.87235328286,12974.280048308308,3683.070087462452,3432.6230406534987,9.094947017729282e-13,1.1368683772161603e-13,7,0
2025-03-29,16959.983260416026,201.52183605855544,0.0,0.0,201.52183605855544,947.6541079064839,18109.159204381063,34548.23121353399,34703.24226695753,155.01105342354384,0.0,222.77539796730036,20518.147923864377,19189.626697029216,12488.966139302083,3432.6230406534987,8472.97517697792,1.8189894035458565e-12,1.1368683772161603e-13,7,0
2025-03-30,37854.77248422748,0.0,1256.6907816426626,628.3453908213313,-628.3453908213313,2751.3827976648417,39977.80989107098,63375.916963363496,61138.36353359721,0.0,2237.5534297662907,693.9887389631181,4456.581349687762,20335.875087058907,18305.72386418634,8472.97517697792,8469.353013669688,1.8189894035458565e-12,1.1368683772161603e-13,7,0
2025-03-31,35873.01864394819,1832.0389944092096,0.0,0.0,1832.0389944092096,2819.1034348156845,40524.16107317309,59885.65702342408,62396.5533873252,2510.896363901119,0.0,721.0487749373098,4144.72304627972,20241.726643161273,18220.237010511817,8469.353013669688,8466.524849969344,1.8189894035458565e-12,1.1368683772161603e-13,7,0
2025-04-01,38009.771101189704,1077.7249931457109,0.0,0.0,1077.7249931457109,2435.7490007044585,41523.24509503988,64250.57103404241,65644.97261761694,1394.4015835745272,0.0,621.4096349947571,4058.2537842358433,19966.651892091806,17967.374940382622,8466.524849969344,8469.277889371817,1.8189894035458565e-12,1.1368683772161603e-13,7,0
2025-04-02,37938.9131336296,1826.1940890283843,0.0,0.0,1826.1940890283843,1197.6308602890708,40962.73808294706,63876.05992971665,65966.84239168448,2090.7824619678395,0.0,284.1866810943997,3717.0820628043075,21171.69799724583,19073.08638727125,8469.277889371817,8449.715839751954,1.8189894035458565e-12,1.1368683772161603e-13,7,0
2025-04-03,36230.22040119204,0.0,175.9971197404008,87.9985598702004,-87.9985598702004,597.7492970198794,36739.971138341716,58973.31320337574,58585.45548506661,0.0,387.8577183091288,166.6753734531793,6287.749664868747,15610.735296436838,19009.884369452462,8449.715839751954,3221.182131134694,1.8189894035458565e-12,1.1368683772161603e-13,7,0
2025-04-04,14378.040996717493,0.0,0.0,0.0,0.0,621.6176234142356,14999.65862013173,28778.776122613177,28778.776122613177,0.0,0.0,148.82344234933248,21175.428958713135,13623.854349298097,12302.485993048722,3221.182131134694,3177.9463339358595,1.8189894035458565e-12,1.1368683772161603e-13,7,0
2025-04-05,16778.06741407159,0.0,0.0,0.0,0.0,1444.8871456209088,18222.954559692498,34442.96317900941,34442.96317900941,0.0,0.0,381.8255694587528,15869.472041948895,19005.288248461904,12094.086525275972,3177.9463339358595,8459.659323546157,9.094947017729282e-13,1.1368683772161603e-13,7,0
2025-04-06,37299.86730212356,671.8424284425257,233.8260668572965,116.91303342864825,554.9293950138775,549.1434957739618,38403.940192911396,63171.81778866341,63192.135895501146,533.3253621744574,513.0072553367131,136.44290556271125,6872.358973042285,20478.673861049065,18432.530299694157,8459.659323546157,8457.842252713837,9.094947017729282e-13,1.1368683772161603e-13,7,0
2025-04-07,35732.72932492092,372.62911228732185,2.041212038929449,1.0206060194647244,371.60850626785714,438.0927671158758,36542.43059830465,60340.74277757094,60699.809519497234,363.4451461282039,4.37840420190787,140.6833232321335,5641.475598661231,19520.543907348005,17564.2459466132,8457.842252713837,8462.315368250624,1.8189894035458565e-12,1.1368683772161603e-13,7,0
2025-04-08,37026.15424944156,280.6799824012925,477.9517526228518,238.9758763114259,41.704106089866585,1281.6002968222028,38349.45865235363,62480.20890680911,61848.372728179034,200.92080667672337,832.7569853067987,294.1111256088293,5768.667909130478,20323.39380074053,18302.77147274981,8462.315368250624,8449.964510901904,1.8189894035458565e-12,1.1368683772161603e-13,7,0
2025-04-09,36482.916541787854,2568.9760912695415,0.0,0.0,2568.9760912695415,1477.5812378175192,40529.47387087491,61513.43156605263,64949.99704006835,3436.5654740157183,0.0,415.2912506909455,4172.617072942263,20631.226710670267,18572.866509519907,8449.964510901904,8444.944426827005,1.8189894035458565e-12,1.1368683772161603e-13,7,0
2025-04-10,34256.39041580388,984.8424831497335,259.90447570895066,129.95223785447533,854.8902452952582,1804.2073019573172,36915.487963056454,55771.35076817444,56640.16718157917,1352.5578191471443,483.7414057424111,415.6018843092047,6269.421675286922,14468.040664059423,18142.33117345797,8444.944426827005,3046.8367692683405,1.8189894035458565e-12,1.1368683772161603e-13,7,0
2025-04-11,13706.029773269885,0.0,47.49182993075129,23.745914965375643,-23.745914965375643,1298.676770894444,14980.960629198953,27742.755031587294,27690.188527577528,0.0,52.56650400976747,306.5917279044088,21443.555386296794,13073.65681994737,11837.082117428892,3046.8367692683405,2972.2165249552654,9.094947017729282e-13,1.1368683772161603e-13,7,0
2025-04-12,16720.11489457015,0.0,88.11892510375857,44.059462551879285,-44.059462551879285,461.86256300385804,17137.917995022122,34425.0217259177,34323.35560671304,0.0,101.66611920466077,126.49466335316778,18315.37399791294,19010.662566225197,11901.346844071926,2972.2165249552654,8462.193502765866,1.8189894035458565e-12,1.1368683772161603e-13,7,0
2025-04-13,35837.84936590445,112.56491233411501,0.0,0.0,112.56491233411501,981.5754809391048,36931.98975917767,60612.95295962537,60694.482533447146,81.52957382177522,0.0,249.78007970698638,4665.177228757277,19984.179365635224,17981.452464571703,8462.193502765866,8466.735550158135,9.094947017729282e-13,1.1368683772161603e-13,7,0
2025-04-14,36054.042654484496,0.0,1667.5884035140525,833.7942017570263,-833.7942017570263,2026.2728646824992,37246.52131740997,60817.66886565185,58424.992029356086,0.0,2392.6768362957637,555.0504916346587,4481.404374397616,19651.616060931243,17681.00971433812,8466.735550158135,8472.474810574322,1.8189894035458565e-12,1.1368683772161603e-13,7,0
2025-04-15,34715.04647182848,225.58271805150247,130.09456480890705,65.04728240445353,160.53543564704893,1091.0861741666015,35966.66808164213,58681.41460181442,58612.3286992137,222.40987335470723,291.495775955427,259.42712858854964,6779.672669600773,19509.036351181338,17556.382026313197,8472.474810574322,8474.320199603095,1.8189894035458565e-12,1.1368683772161603e-13,7,0
2025-04-16,35764.572013174744,485.68908748793456,0.0,0.0,485.68908748793456,1818.6634275162955,38068.92452817898,60836.02026129555,61247.65827191042,411.63801061486737,0.0,485.7609041791886,4044.961791994682,19243.957950949247,17335.092516854318,8474.320199603095,8457.949761721544,9.094947017729282e-13,1.1368683772161603e-13,7,0
2025-04-17,32124.617770871766,699.1836329604505,0.0,0.0,699.1836329604505,1201.507450967183,34025.3088547994,52227.95374738623,53214.89489962936,986.9411522431268,0.0,262.30154920130246,4720.441757018083,13448.965720013193,17560.55337820061,8457.949761721544,2706.3103669925767,9.094947017729282e-13,1.1368683772161603e-13,7,0
2025-04-18,13365.234344273797,0.0,4.405224484793237,2.2026122423966186,-2.2026122423966186,539.2357370468169,13902.267469078215,27194.16886928705,27189.158154206696,0.0,5.010715080352771,182.5476630801158,19838.179205917106,12846.443850784766,11667.034422748398,2706.3103669925767,2595.3829824182317,1.8189894035458565e-12,1.1368683772161603e-13,7,0
2025-04-19,15877.453429742303,152.62507555270747,0.0,0.0,152.62507555270747,611.3505286157769,16641.429033910787,33435.593157921205,33552.0034429702,116.41028504899649,0.0,217.57477821468888,19500.684232743246,19157.326002107977,11673.111263666333,2595.3829824182317,8465.078538009579,1.8189894035458565e-12,1.1368683772161603e-13,7,0
2025-04-20,34629.51371471798,634.7520039935746,30.914416616388483,15.457208308194241,619.2947956853803,466.6679940520756,35715.47650445543,58785.4389066148,59201.9358402431,483.39423426085904,66.89730063255968,150.7544537002574,5396.645627433807,19997.35023676219,17999.050453585973,8465.078538009579,8463.565661686205,1.8189894035458565e-12,1.1368683772161603e-13,7,0
2025-04-21,34729.27305171179,0.0,2380.8407601584818,1190.4203800792409,-1190.4203800792409,2023.001589744847,35561.85426137739,59273.554139266125,54618.39963671633,0.0,4655.154502549797,554.3545223113276,4840.940009409818,18504.485137420314,16689.581371135806,8463.565661686205,8426.098208079116,1.8189894035458565e-12,1.1368683772161603e-13,7,0
2025-04-22,33646.601435342745,464.4444107194118,0.0,0.0,464.4444107194118,2562.2421707634576,36673.288016825616,56937.75303151812,57574.5054560381,636.7524245199727,0.0,715.7933027390156,4387.281622187673,19087.01654250175,17336.92872257898,8426.098208079116,8258.904546450049,1.8189894035458565e-12,1.1368683772161603e-13,7,0
2025-04-23,33306.237781852295,1154.1152781549417,0.0,0.0,1154.1152781549417,1113.871196554193,35574.22425656143,56595.41438922411,58293.84402520146,1698.4296359773514,0.0,315.13607799759006,5053.291776556382,19435.89142941073,17280.119819434727,8258.904546450049,8482.564504911377,1.8189894035458565e-12,1.1368683772161603e-13,7,0
2025-04-24,30793.13745525141,495.5687750437829,505.5800272846671,252.79001364233355,242.7787614014494,796.6832511980265,31832.59946785088,50537.409146281665,49849.530350895126,365.8649286406293,1053.7437240271734,145.61498951578653,7510.575673800407,12350.315034405416,16955.852067794913,8482.564504911377,2326.064702678059,9.094947017729282e-13,1.1368683772161603e-13,7,0
2025-04-25,12753.977309125845,0.0,56.223574071387795,28.111787035693897,-28.111787035693897,689.3588236451362,13415.224345735289,26360.82685446449,26299.19282265989,0.0,61.63403180459797,160.40657733605235,23312.339196637186,12312.453692250674,11165.551138891915,2326.064702678059,2237.159568541481,9.094947017729282e-13,1.1368683772161603e-13,7,0
2025-04-26,15410.169760412318,289.9471472168557,0.0,0.0,289.9471472168557,826.7040601715919,16526.820967800766,32528.103495632717,32739.896991103033,211.79349547031666,0.0,199.56645933063322,25589.412457547136,18323.108201365085,11043.250841811885,2237.159568541481,7979.3778099831325,9.094947017729282e-13,1.1368683772161603e-13,7,0
2025-04-27,31660.550635618536,1452.899729777805,0.0,0.0,1452.899729777805,3163.116812336796,36276.56717773314,53340.4769343723,55161.3542069738,1820.877272601496,0.0,777.419680717364,6212.342109993905,18423.16484993578,17270.20425557185,7979.3778099831325,7252.73289903526,9.094947017729282e-13,1.1368683772161603e-13,7,0
2025-04-28,33644.444075239015,3703.750038605916,0.0,0.0,3703.750038605916,1548.1382805756757,38896.332394420606,57281.90773813345,61991.236816749755,4709.329078616305,0.0,371.70438874718,3913.865254679111,19402.83489436873,17575.72626021757,7252.73289903526,7133.4361268476605,9.094947017729282e-13,1.1368683772161603e-13,7,0
2025-04-29,33032.21761777267,1011.6955473087486,122.18389025874741,61.091945129373705,950.6036021793749,778.9530719258786,34761.774291877926,55784.80279859374,56320.35593547192,827.8613059384707,292.3081690602892,175.66392241710395,6594.53668157386,18596.93522491378,16128.665765265287,7133.4361268476605,7774.93149037699,1.8189894035458565e-12,1.1368683772161603e-13,7,0
2025-04-30,31916.759703918488,0.0,515.269907334581,257.6349536672905,-257.6349536672905,4163.486918734302,35822.6116689855,53256.81894949598,52661.72083022069,0.0,595.0981192752959,1180.5786253383503,4466.362840044229,16927.513632130103,15808.431449948626,7774.93149037699,7170.231078542618,9.094947017729282e-13,1.1368683772161603e-13,7,0
2025-05-01,30159.405251050557,359.7288069627007,0.0,0.0,359.7288069627007,11526.51863436868,42045.65269238194,48879.47904089061,49311.85758479518,432.3785439045671,0.0,2475.9567772603104,4247.325922952987,14261.800544860951,17732.69090575845,7170.231078542618,2008.2656202629476,9.094947017729282e-13,1.1368683772161603e-13,7,0
2025-05-02,13341.631784521032,271.6956378483313,0.0,0.0,271.6956378483313,7064.797535613709,20678.124957983073,26948.04231395267,27148.41461257852,200.37229862585326,0.0,1535.8625745221498,13182.47035365798,12459.06984941252,11247.583099303167,2008.2656202629476,1971.983507040728,9.094947017729282e-13,1.1368683772161603e-13,7,0
2025-05-03,16425.066158023415,0.0,0.0,0.0,0.0,5364.810419573998,21789.876577597413,33792.74983233912,33792.74983233912,0.0,0.0,1078.4326653806716,18574.35493937658,18632.991396850062,11203.335488506855,1971.983507040728,7839.438726392352,1.8189894035458565e-12,1.1368683772161603e-13,7,0
2025-05-04,35927.8720258205,0.0,2258.6648620247774,1129.3324310123887,-1129.3324310123887,5923.806367059572,40722.345961867686,60110.76876540832,56187.24596183966,0.0,3923.5228035686605,1644.7117131872144,3881.973670359032,18008.487322426998,15793.170651092492,7839.438726392352,8276.326294607697,1.8189894035458565e-12,1.1368683772161603e-13,7,0
2025-05-05,37126.478616542125,0.0,640.6145571471718,320.3072785735859,-320.3072785735859,2765.823494373409,39571.994832341945,61633.51148574997,60865.491287728,0.0,768.0201980219659,700.5175126183808,4486.503581743001,20002.161756033944,17998.663337430553,8276.326294607697,8279.786082512412,9.094947017729282e-13,1.1368683772161603e-13,7,0
2025-05-06,35719.72909309002,178.89851668260778,241.319537150166,120.659768575083,58.23874810752477,3687.5010246718994,39465.46886586944,58424.710795952284,58342.32988643204,269.10125854784565,351.4821680680878,959.9931185808593,4509.104965382854,19043.778842133783,17120.643169170406,8279.786082512412,8299.558527951836,1.8189894035458565e-12,1.1368683772161603e-13,7,0
2025-05-07,36469.45719644113,812.9126273859241,0.0,0.0,812.9126273859241,2341.98176694996,39624.35159077702,59929.65928169763,61027.06401571648,1097.4047340188558,0.0,494.68679213756,4547.40381544441,19202.888076596344,17296.387034186708,8299.558527951836,8285.024947273932,1.8189894035458565e-12,1.1368683772161603e-13,7,0
2025-05-08,35863.41165431665,20.998893732166437,0.0,0.0,20.998893732166437,1930.546937333942,37814.957485382765,57166.91422088056,57200.950842538994,34.03662165842684,0.0,459.4361986546996,6345.225314167349,12883.642304602023,17394.992977575686,8285.024947273932,2171.588655782423,9.094947017729282e-13,1.1368683772161603e-13,7,0
2025-05-09,15591.780393516825,0.0,0.0,0.0,0.0,757.1737205874655,16348.95411410429,29571.227193276893,29571.227193276893,0.0,0.0,198.15048055423995,20190.65948030023,12256.491567636996,11177.159224106097,2171.588655782423,2017.3571925180513,1.8189894035458565e-12,1.1368683772161603e-13,7,0
2025-05-10,18082.960578869122,68.30987852972459,0.0,0.0,68.30987852972459,777.230341387158,18928.500798786008,35845.990196933715,35897.42613736349,51.435940429772174,0.0,214.19825501105163,16161.407812777163,18958.650140973776,11129.478844709734,2017.3571925180513,8271.611161528837,1.8189894035458565e-12,1.1368683772161603e-13,7,0
2025-05-11,37591.612132047994,0.0,461.12742198402725,230.56371099201363,-230.56371099201363,2019.7307634257722,39380.779184481755,62723.94223209003,61696.961403774374,0.0,1026.9808283156508,535.1028623558964,4596.688731850962,19253.802450777126,17102.505999831148,8271.611161528837,8509.747751824574,9.094947017729282e-13,1.1368683772161603e-13,7,0
2025-05-12,36362.79863624187,240.42539123408775,83.77565858119769,41.887829290598845,198.53756194348892,1632.8062445585929,38194.14244274395,60163.048097289124,60188.739465498846,180.99605682719107,155.30468861747062,436.6259955385232,7056.835228610469,17142.811191768986,15505.476192675422,8509.747751824574,8428.639419632522,9.094947017729282e-13,1.1368683772161603e-13,7,0
2025-05-13,37857.62933973974,0.0,1176.552462347372,588.276231173686,-588.276231173686,1281.9392623842582,38551.292370950316,63405.35282567596,60980.88610533903,0.0,2424.466720336923,298.25473518151153,6280.642532502897,18675.80917017652,16806.523628825533,8428.639419632522,8430.436251448615,1.8189894035458565e-12,1.1368683772161603e-13,7,0
2025-05-14,37468.56692085799,458.67666179681135,1346.8108259436797,673.4054129718398,-214.7287511750285,935.9617181848557,38189.79988786782,62091.684582489004,60443.96487574057,649.9551036805207,2297.674810428963,314.8794671506003,5921.534073733843,18163.881101573286,16340.719615749294,8430.436251448615,8437.576016300156,4.547473508864641e-13,1.1368683772161603e-13,7,0
2025-05-15,34749.51529140472,8.295655304944157,288.85938893585364,144.42969446792682,-136.13403916298267,1022.2182982714035,35635.599550513136,54555.74609242942,54043.342401267204,12.47842254052972,524.8821137027478,300.27943533112,6551.561893415375,11801.630998012146,16774.62933816253,8437.576016300156,1951.5743626440105,1.8189894035458565e-12,1.1368683772161603e-13,7,0
2025-05-16,14937.100468343968,0.0,219.86611279265702,109.93305639632851,-109.93305639632851,997.3937400254908,15824.561151973132,28428.013707074748,28191.279294864555,0.0,236.7344122101923,304.67449031072096,24568.97921318499,11885.339156049298,10673.87111739234,1951.5743626440105,1975.749050971668,9.094947017729282e-13,1.1368683772161603e-13,7,0
2025-05-17,17453.81840958498,0.0,28.861303360926826,14.430651680463413,-14.430651680463413,2318.659857476,19758.047615380514,34822.526804143316,34789.921339030196,0.0,32.60546511311983,540.6037549301549,17056.878430034398,18493.59400477981,10668.746424187191,1975.749050971668,8274.466644497248,1.8189894035458565e-12,1.1368683772161603e-13,7,0
2025-05-18,37277.392991283676,0.0,363.66240374248156,181.83120187124078,-181.83120187124078,877.8753755409705,37973.43716495341,62278.01308099866,61811.30423498694,0.0,466.7088460117119,316.785510195911,6572.399534433303,18656.731822495516,16777.20971174596,8274.466644497248,8289.064696901522,1.8189894035458565e-12,1.1368683772161603e-13,7,0
2025-05-19,35908.836242500736,31.064409527575418,1029.3624888435031,514.6812444217516,-483.6168348941761,1360.0704149323492,36785.28982253891,60117.62437133214,57905.43144647425,25.90053559748725,2238.0934604553795,227.87884890761325,8812.338835628976,18048.34629002886,16242.591380275975,8289.064696901522,8290.034757987125,9.094947017729282e-13,1.1368683772161603e-13,7,0
2025-05-20,35337.58614802316,803.3701059719724,0.0,0.0,803.3701059719724,2586.933694878663,38727.889948873795,58986.57850027349,60027.43709368064,1040.8585934071425,0.0,567.5737360851681,4276.995735926329,17925.784859228068,16135.16458205526,8290.034757987125,8287.970624725767,9.094947017729282e-13,1.1368683772161603e-13,7,0
2025-05-21,34990.348781679226,832.8711319737073,30.19080438448659,15.095402192243295,817.7757297814641,1599.9563167439235,37408.08082820461,57827.72002378898,58502.54171546849,748.2250575547494,73.40336587524092,444.801027359844,5810.869207008593,17645.400199864096,15871.541947377686,8287.970624725767,8297.792904214766,9.094947017729282e-13,1.1368683772161603e-13,7,0
2025-05-22,33363.43541186489,0.0,38.09825831832837,19.049129159164185,-19.049129159164185,487.5764823420321,33831.96276504776,52484.54035477325,52446.21589402832,0.0,38.32446074493282,140.86491437132787,6671.364548773546,11155.684448760987,16056.599005801545,8297.792904214766,1955.8629743001459,9.094947017729282e-13,1.1368683772161603e-13,7,0
2025-05-23,14406.277004695288,562.5231261286315,0.0,0.0,562.5231261286315,508.9109497261291,15477.711080550049,27820.410856351755,28237.561364821377,417.1505084696221,0.0,183.18269868763474,20799.125204866246,11793.3771414277,10592.707166118267,1955.8629743001459,1978.3491519428885,1.8189894035458565e-12,1.1368683772161603e-13,7,0
2025-05-24,17427.796027406563,0.0,138.98948281876432,69.49474140938216,-69.49474140938216,622.8385000465369,17981.139786043717,34627.33728424297,34484.172444734184,0.0,143.16483950878057,193.7887437031142,23118.597330850087,18407.472802538818,10602.610328284929,1978.3491519428885,8265.078565495221,1.8189894035458565e-12,1.1368683772161603e-13,7,0
2025-05-25,35938.81487571908,0.0,989.4663936143186,494.7331968071593,-494.7331968071593,1261.3697966592938,36705.451475571215,59808.22918066849,57805.36738050943,0.0,2002.8618001590687,309.0414768060327,7816.549283174307,17591.54194962899,15838.692558821176,8265.078565495221,8258.432718384769,1.8189894035458565e-12,1.1368683772161603e-13,7,0
2025-05-26,34794.53696896459,1943.581603917911,0.0,0.0,1943.581603917911,2054.725829851437,38792.84440273394,57330.03815504637,60027.90809071287,2697.86993566649,0.0,658.4301793271472,5108.4441175523025,17794.00367668629,16795.94247419858,8258.432718384769,7434.828922696022,1.8189894035458565e-12,1.1368683772161603e-13,7,0
2025-05-27,34947.29093063554,177.97632919991398,213.8321354139107,106.91606770695535,71.06026149295863,1637.6258610401462,36655.97705316865,57912.711436282974,57826.41991166753,267.7140932610018,354.00561787645177,471.25863426473063,6341.50975746849,17723.902621277688,15158.101132813914,7434.828922696022,8271.157788152404,1.8189894035458565e-12,1.1368683772161603e-13,7,0
2025-05-28,35979.991083346176,153.40475148324003,309.12318972618084,154.56159486309042,-1.1568433798504003,1098.6607784625262,37077.49501842885,60075.02366795476,59646.654426611094,110.35155020857741,538.7207915522453,347.56298577764016,6352.238967537564,18534.871942842008,17166.717597990842,8271.157788152404,7759.572045649754,9.094947017729282e-13,1.1368683772161603e-13,7,0
2025-05-29,33718.109013256115,459.2726813816095,207.65968142855485,103.82984071427742,355.4428406673321,2579.4640018540344,36653.015855777485,54250.334571729065,54554.41691609095,644.8699646995956,340.7876203377052,603.6454075046693,5263.735570248746,12843.023914971705,17058.82066162483,7759.572045649754,1961.95850122174,9.094947017729282e-13,1.1368683772161603e-13,7,0
2025-05-30,14500.20044165351,236.09042903630558,0.0,0.0,236.09042903630558,904.0701376936012,15640.361008383416,27860.70691525018,28035.485612537595,174.7786972874174,0.0,298.1261381516616,20554.106219768713,11790.628000872146,10607.355736618261,1961.95850122174,1966.395666053583,1.8189894035458565e-12,1.1368683772161603e-13,7,0
2025-05-31,17882.356246716725,0.0,253.6018787491332,126.8009393745666,-126.8009393745666,1055.999215177794,18811.554522519953,35475.48649269868,35195.36793564584,0.0,280.11855705284324,416.5675333830751,19356.414396509652,18859.482151025917,10993.142628506657,1966.395666053583,8270.281609556545,1.8189894035458565e-12,1.1368683772161603e-13,7,0
2025-06-01,40032.22962477935,677.7977916490887,0.0,0.0,677.7977916490887,26697.06776378306,67407.0951802115,67182.59552988196,68086.70526468908,904.1097348071164,0.0,6702.4091481187625,1517.5652972059593,20506.192568518785,18459.469752916903,8270.281609556545,8266.174399850202,1.8189894035458565e-12,1.1368683772161603e-13,7,0
2025-06-02,42139.225008941576,324.508527698429,1383.3372118130462,691.6686059065231,-367.16007820809415,20069.222990220987,61841.28792095447,70338.03821185786,67887.03460238197,267.38171315247223,2718.3853226283577,5023.149755349267,1934.3496185006625,21192.80720945642,18857.779920225843,8266.174399850202,8493.591250898682,1.8189894035458565e-12,1.1368683772161603e-13,7,0
2025-06-03,42850.79229916501,61.50255701422506,18.47984824187116,9.23992412093558,52.26263289328948,11537.376739736055,54440.43167179436,70806.61325524823,70850.06083358145,87.31182988447495,43.86425155125528,2786.525259659556,3249.684291734714,21789.951925062953,19595.416956889996,8493.591250898682,8509.971612710253,9.094947017729282e-13,1.1368683772161603e-13,7,0
2025-06-04,47917.09692395027,0.0,2512.3775121529175,1256.1887560764587,-1256.1887560764587,5715.537666109767,52376.445833983584,78503.19450342769,74588.80860461688,0.0,3914.385898810827,1774.1270936595781,4555.634885340899,22063.414274355404,19901.374278086525,8509.971612710253,8463.273804012975,1.8189894035458565e-12,1.1368683772161603e-13,7,0
2025-06-05,43097.80344815926,283.40025798122815,111.87337920360957,55.93668960180479,227.46356837942338,4377.680168241289,47702.94718477997,68633.78331271763,68621.97759931965,231.81261244491247,243.61832584287652,1194.7899991690815,3272.8346087254417,14956.4733213156,19561.85834821897,8463.273804012975,2032.2210263661257,1.8189894035458565e-12,1.1368683772161603e-13,7,0
2025-06-06,21082.565516571045,0.0,0.0,0.0,0.0,1979.5633414616761,23062.128858032724,36746.85941019659,36746.85941019659,0.0,0.0,542.4967979667867,5136.793329459517,12712.217078705264,11414.649600001405,2032.2210263661257,2059.9919072148477,1.8189894035458565e-12,1.1368683772161603e-13,7,0
2025-06-07,25277.985918265756,101.06753032873043,219.9798605772281,109.98993028861405,-8.922399959883634,867.0928023449529,26136.156320650825,46697.6068609938,46311.07041596757,72.06124082021591,458.59768584644456,241.48407794786897,7151.122371240848,19771.478130563213,11496.559174555285,2059.9919072148477,8698.425571951155,9.094947017729282e-13,1.1368683772161603e-13,7,0
2025-06-08,51139.51332113659,0.0,2589.025924072449,1294.5129620362245,-1294.5129620362245,94.82663661671955,49939.82699571709,82456.60334521212,78181.20391370443,0.0,4275.399431507683,41.251389980706186,10956.01172322375,20746.561735447227,18665.0414216525,8698.425571951155,8705.6610110741,9.094947017729282e-13,1.1368683772161603e-13,7,0
2025-06-09,53168.76863659161,0.0,2329.419968417566,1164.709984208783,-1164.709984208783,689.3991015487245,52693.45775393155,85387.77587616572,81754.8017568109,0.0,3632.9741193548107,255.9075733107968,8402.806811292281,23171.556330310294,20496.3665448142,8705.6610110741,9083.062145046637,9.094947017729282e-13,2.2737367544323206e-13,7,0
2025-06-10,51123.69027941877,27.292950151689666,323.82644042421225,161.91322021210613,-134.62027006041646,1169.9153411894101,52158.98535054776,82172.02968036852,81570.47978806347,20.730555507391273,622.2804478124398,418.52761437531245,8069.705626061528,23138.8842329393,20838.02668989537,9083.062145046637,9069.326391211003,9.094947017729282e-13,2.2737367544323206e-13,7,0
2025-06-11,52544.312070482505,768.542293802794,135.37066378561326,67.68533189280663,700.8569619099874,1823.876158348384,55069.04519074087,83980.2483236759,84403.0210732466,650.8572310551098,228.08448148441755,441.2871939598548,6610.9085488673045,24711.842251375394,22562.888849702926,9069.326391211003,8729.66527972392,1.8189894035458565e-12,2.2737367544323206e-13,7,0
2025-06-12,49329.72987535019,0.0,1132.950127842771,566.4750639213855,-566.4750639213855,868.4482182042459,49631.70302963305,77028.98546417884,75494.46346535812,0.0,1534.5219988207145,251.5059948608661,7496.844252066728,17117.917321565128,21321.18354674621,8729.66527972392,2494.646734027288,1.8189894035458565e-12,1.1368683772161603e-13,7,0
2025-06-13,21823.977568958977,0.0,564.7380606966448,282.3690303483224,-282.3690303483224,793.5045778750566,22335.11311648571,38121.055996824696,37047.83227954348,0.0,1073.2237172812129,175.83007929391476,7680.498122118304,13106.836573719833,11908.986037000745,2494.646734027288,2375.710181771378,9.094947017729282e-13,1.1368683772161603e-13,7,0
2025-06-14,25041.122673488826,0.0,994.3984172882608,497.1992086441304,-497.1992086441304,350.30107321226774,24894.224538056966,45516.83229042971,43919.0512799169,0.0,1597.7810105128126,145.65874138217058,9855.429886071692,19827.113464868846,11811.176079641467,2375.710181771378,8735.288822123119,9.094947017729282e-13,1.1368683772161603e-13,7,0
2025-06-15,51025.48521205198,53.80937115573915,296.35893432437956,148.17946716218978,-94.37009600645064,588.5185806200553,51519.63369666559,81881.75619883715,81617.10029606152,77.92449953844095,342.5804023140781,154.39655651977327,8835.758826782276,23210.76735715672,20902.003664691052,8735.288822123119,8722.309734923732,9.094947017729282e-13,1.1368683772161603e-13,7,0
2025-06-16,51885.81084957732,0.0,1099.573664289287,549.7868321446435,-549.7868321446435,1267.6846431320612,52603.70866056474,83142.46345188536,81691.0141994761,0.0,1451.4492524092507,378.0509138088654,7020.892915474971,23531.3755539334,21177.25617279006,8722.309734923732,8723.344670135533,9.094947017729282e-13,1.1368683772161603e-13,7,0
2025-06-17,52305.7109205841,0.0,193.6029029855886,96.8014514927943,-96.8014514927943,1681.5518400767069,53890.46130916801,83978.11930870314,83666.89025741402,0.0,311.2290512891327,480.8666842408678,7078.533620798957,24427.28010939257,21995.068005203313,8723.344670135533,8712.25993113822,1.8189894035458565e-12,1.1368683772161603e-13,7,0
2025-06-18,52181.061161518264,0.0,1452.5274715833132,726.2637357916566,-726.2637357916566,774.2448976922566,52229.04232341886,84127.47907950473,82104.31301261872,0.0,2023.1660668860168,214.97633046389726,9064.013957669711,23332.234291629004,21005.3498062161,8712.25993113822,8705.57809773499,1.1368683772161603e-12,1.1368683772161603e-13,7,0
2025-06-19,47208.52404856646,76.06075722911791,2504.8734095723635,1252.4367047861817,-1176.3759475570637,1675.9805957552176,47708.128696764616,74020.87143245996,70305.80494210782,68.34060538296961,3783.4070957351037,458.97731038690756,6992.817122664508,15312.915031515133,19800.454101684903,8705.57809773499,2361.17361028421,9.094947017729282e-13,1.1368683772161603e-13,7,0
2025-06-20,20802.216456999173,0.0,248.24741931309876,124.12370965654938,-124.12370965654938,500.52565802106244,21178.61840536369,36037.591626188754,35709.4442639402,0.0,328.1473622485547,223.05554459186368,12162.646634251549,13360.035801082384,11990.763476801872,2361.17361028421,2396.241945776818,9.094947017729282e-13,1.1368683772161603e-13,7,0
2025-06-21,23330.602081359168,0.0,213.04861856346267,106.52430928173133,-106.52430928173133,1154.7708120578038,24378.84858413524,42581.49396000828,42331.15557466324,0.0,250.33838534504272,338.31577805898115,15372.550743449072,19870.353258741263,11908.173049468118,2396.241945776818,8694.597672790855,1.8189894035458565e-12,1.1368683772161603e-13,7,0
2025-06-22,49077.549259815234,73.60875739669265,1408.7803042499086,704.3901521249543,-630.7813947282617,1315.4263016030807,49762.19416669005,79633.33396515284,77121.41095350396,74.16777536497875,2586.090787013851,329.79720570441685,7898.986160296976,20999.28773161405,18904.406832702647,8694.597672790855,8689.276746133482,9.094947017729282e-13,2.2737367544323206e-13,7,0
2025-06-23,49064.070539342756,0.0,886.6716869387318,443.3358434693659,-443.3358434693659,690.2302786567745,49310.964974530165,79024.90900277704,77716.0312815671,0.0,1308.8777212099303,197.50014692460888,8620.09005948587,22312.953575058447,20080.798206052605,8689.276746133482,8690.183277851462,9.094947017729282e-13,1.1368683772161603e-13,7,0
2025-06-24,52038.22462420116,584.7814389298567,572.288324254091,286.1441621270455,298.6372768028112,3368.488200223675,55705.350101227654,83766.2942218098,83437.20551463234,484.8499114438331,813.9386186212981,866.9219601461695,5606.118724175808,24058.513231027027,21629.29673042433,8690.183277851462,8714.812337462832,1.8189894035458565e-12,1.1368683772161603e-13,7,0
2025-06-25,48505.19973674135,277.38161164359417,44.03372498913035,22.016862494565174,255.36474914902894,1919.1898708538447,50679.75435674422,79227.60755828668,79395.5437947177,241.46628286468047,73.53004643365693,419.96797675316225,7172.377474293868,22058.386305103202,19852.67337459288,8714.812337462832,8714.679838028871,1.8189894035458565e-12,1.1368683772161603e-13,7,0
2025-06-26,44809.071661053466,0.0,71.6348856065672,35.8174428032836,-35.8174428032836,647.826505345416,45421.0807235956,70104.61838560202,70014.09455073504,0.0,90.5238348669833,145.54026050863484,7424.168914390801,14869.284254686247,19681.202191166707,8714.679838028871,2075.1127929540494,9.094947017729282e-13,1.1368683772161603e-13,7,0
2025-06-27,19992.543471727848,0.0,767.5339887447981,383.76699437239904,-383.76699437239904,648.3148352352127,20257.091312590663,35243.72618977356,34343.93902777111,0.0,899.7871620024496,219.568456470387,13231.47837877879,14313.714733758945,12753.331494962902,2075.1127929540494,2211.1031341830585,9.094947017729282e-13,1.1368683772161603e-13,7,0
2025-06-28,22284.737043069857,6.533803461096774,0.0,0.0,6.533803461096774,837.2743027699175,23128.545149300873,41299.389077871696,41305.70284649623,6.313768624531839,0.0,268.3528406822214,11662.169009813933,19415.691909189074,11280.731348491227,2211.1031341830585,8739.510857293582,1.8189894035458565e-12,1.1368683772161603e-13,7,0
2025-06-29,47174.83726680345,1207.1182227891163,570.3894555056028,285.1947277528014,921.923495036315,2181.176544372442,50277.9373062122,76802.11657990745,77050.81442025487,1122.9922583927005,874.2944180452896,726.937937252655,6290.875389434413,22090.724747397748,19871.61631265797,8739.510857293582,8750.089687995696,1.8189894035458565e-12,1.1368683772161603e-13,7,0
2025-06-30,49069.669342586545,22.329953364828246,547.0038178831186,273.5019089415593,-251.17195557673108,2324.9884184169023,51143.48580542672,79409.49167291257,78600.16670861692,15.889074704079917,825.2140389997425,603.3435311522987,7100.284160783125,22777.253811527506,20551.71171587475,8750.089687995696,8695.08367533875,1.8189894035458565e-12,1.1368683772161603e-13,7,0
2025-07-01,45509.27574043824,0.0,647.661466300478,323.830733150239,-323.830733150239,31439.584245983133,76625.02925327113,74311.26093920597,73236.64375201249,0.0,1074.6171871934785,8763.160501257691,946.666600906857,21205.44409279986,19018.85047376987,8695.08367533875,8764.705655493484,9.094947017729282e-13,1.1368683772161603e-13,7,0
2025-07-02,45580.76284843362,0.0,2185.124520288522,1092.562260144261,-1092.562260144261,20793.490314234776,65281.69090252413,74136.42023884272,70234.87107639763,0.0,3901.5491624450992,5658.48097126207,1155.5175784966955,18628.328364963418,16795.260262467073,8764.705655493484,8733.330871030466,1.8189894035458565e-12,1.1368683772161603e-13,7,0
2025-07-03,46688.98471212997,72.53265285446518,146.94175652501428,73.47087826250714,-0.9382254080419585,15380.10369840728,62068.150185129205,73323.21889677452,73238.87422197236,98.59757420591495,182.94224900807262,4110.815046451468,2107.6424728837,15503.786072955569,20022.158210748785,8733.330871030466,2336.3059022556536,9.094947017729282e-13,1.1368683772161603e-13,7,0
2025-07-04,22798.689149581533,0.0,0.0,0.0,0.0,6921.760724925121,29720.449874506652,39504.13787354423,39504.13787354423,0.0,0.0,1971.8166290090105,11036.011850121165,13458.08422026032,11899.009034494917,2336.3059022556536,2561.1088097987936,9.094947017729282e-13,1.1368683772161603e-13,7,0
2025-07-05,27271.483284828257,0.0,0.0,0.0,0.0,3764.96509242686,31036.448377255118,48639.13854378254,48639.13854378254,0.0,0.0,1007.6487268575103,13145.640110261567,19624.31817612412,11913.250982412306,2561.1088097987936,8620.702551896391,9.094947017729282e-13,1.1368683772161603e-13,7,0
2025-07-06,52984.60482331353,3656.897661602047,0.0,0.0,3656.897661602047,2036.7751754335616,58678.27766034913,84300.44151692258,87996.94142465471,3696.4999077321254,0.0,515.5615897383091,6406.202703223988,23194.973441690217,20882.65468052119,8620.702551896391,8613.1356610122,1.8189894035458565e-12,1.1368683772161603e-13,7,0
2025-07-07,53177.636708306374,41.734954021348535,900.0668929273081,450.03344646365406,-408.2984924423055,1482.592886073647,54251.93110193771,84818.74769058931,83217.54828672243,29.799014075309287,1630.998417942188,440.7211955066695,8233.912216379642,20193.33702932788,18178.462530145087,8613.1356610122,8608.435247545282,9.094947017729282e-13,1.1368683772161603e-13,7,0
2025-07-08,56344.12789609673,511.02173383184237,852.0374272806416,426.0187136403208,85.00302019152156,186.47239675097646,56615.60331303923,89416.7251417931,88227.35398868767,397.2874434156731,1586.6585965210966,78.87486485780391,10473.699234655018,22456.96378473796,20195.821182514163,8608.435247545282,8624.716996978144,9.094947017729282e-13,2.2737367544323206e-13,7,0
2025-07-09,55493.15721733931,62.23447333331219,951.861106728698,475.930553364349,-413.69608003103684,527.3452311417323,55606.80636845001,88306.32917864289,86965.41494546187,43.391906368568584,1384.3061395495904,92.73321616749541,11016.25936034158,21525.16580621112,19542.002021590008,8624.716996978144,8446.203475818858,4.547473508864641e-13,2.2737367544323206e-13,7,0
2025-07-10,50572.244118674804,95.46252779504054,312.96909770034165,156.48454885017082,-61.022021055130296,627.4964903997163,51138.71858801939,77994.6851005363,77470.59149963381,92.24769560326669,616.3412965057558,229.42444209414262,8828.671731777355,15683.558133066233,19665.837306448964,8446.203475818858,2595.3204697666088,9.094947017729282e-13,1.1368683772161603e-13,7,0
2025-07-11,27046.49372275301,0.0,350.271494393558,175.135747196779,-175.135747196779,754.9895973105686,27626.347572866798,45340.601932076206,44921.15781869188,0.0,419.44411338432855,237.25242021318246,11291.075446916944,13300.146560689289,11951.58891870117,2595.3204697666088,2614.8664931416306,1.8189894035458565e-12,1.1368683772161603e-13,7,0
2025-07-12,28709.17724237388,566.0870702488178,0.0,0.0,566.0870702488178,290.5461165553776,29565.81042917808,50571.84006315799,51031.35563646756,459.5155733095662,0.0,97.36070329436966,12572.97736364134,19252.0565751709,11780.560932383647,2614.8664931416306,8461.169465553448,1.8189894035458565e-12,1.1368683772161603e-13,7,0
2025-07-13,53244.612089169714,0.0,3001.972037698335,1500.9860188491675,-1500.9860188491675,940.8014817891135,52684.42755210966,84214.75695106642,79846.47734227686,0.0,4368.279608789551,199.4383832755795,8695.372038618025,20877.366914344246,18794.543627409825,8461.169465553448,8455.990282458208,4.547473508864641e-13,2.2737367544323206e-13,7,0
2025-07-14,50975.34142479657,0.0,871.5832048747274,435.7916024373637,-435.7916024373637,1441.9048443108668,51981.45466667008,81861.12690628009,80127.16285034537,0.0,1733.9640559347092,320.1660196989751,6427.224876230115,20465.777676475747,18253.352899328172,8455.990282458208,8630.808380174072,1.8189894035458565e-12,2.2737367544323206e-13,7,0
2025-07-15,54674.451000660825,0.0,1177.9303253836354,588.9651626918177,-588.9651626918177,292.9789881216144,54378.464826090625,87041.21310975513,85052.15390770348,0.0,1989.0592020516528,107.946217123457,10339.376835544523,20716.727059490833,18645.054353541753,8630.808380174072,8630.808380174072,1.8189894035458565e-12,2.2737367544323206e-13,7,0
2025-07-16,52909.56765796412,0.0,317.01760598636986,158.50880299318493,-158.50880299318493,1103.3887499648881,53854.44760493582,83618.24898651632,83073.90365125681,0.0,544.3453352595202,364.29416134839755,9423.145188720271,20392.132038016047,18511.642797464447,8630.808380174072,8463.498632467781,9.094947017729282e-13,1.1368683772161603e-13,7,0
2025-07-17,49278.08350131969,1117.9750354990683,269.32359909992834,134.66179954996417,983.313235949104,1736.8396950700649,51998.236432338854,76101.78664944498,76598.58087534939,986.6670048474739,489.87277894307584,455.70182663258396,8466.971174201226,14702.037019624733,18835.141558510655,8463.498632467781,2557.093141443697,1.8189894035458565e-12,1.1368683772161603e-13,7,0
2025-07-18,26690.671178444543,0.0,613.8626627192907,306.93133135964536,-306.93133135964536,409.9287294759808,26793.668576560878,44725.98743733803,43946.644474988774,0.0,779.3429623492655,104.74296896720429,11496.990230486046,13030.672350710753,11750.523237240825,2557.093141443697,2532.9353201262497,1.8189894035458565e-12,1.1368683772161603e-13,7,0
2025-07-19,29067.54242466995,0.0,152.6235152957502,76.3117576478751,-76.3117576478751,804.3318576961241,29795.562524718203,50628.47596384314,50436.14081695753,0.0,192.335146885611,259.032564570561,16012.558190060825,18803.62156267721,11303.825421209945,2532.9353201262497,8456.338838188745,9.094947017729282e-13,1.1368683772161603e-13,7,0
2025-07-20,51509.60402795898,49.86703736961563,346.64483380540565,173.32241690270283,-123.45537953308717,1096.631832464585,52482.78048089047,82865.10868895808,82256.43363446367,38.67945164742383,647.354506141817,253.81204366918402,8085.854420711874,21326.981805043164,18992.56876428885,8456.338838188745,8668.964970286266,1.8189894035458565e-12,1.1368683772161603e-13,7,0
2025-07-21,52128.52295996379,413.1018640925522,140.24259297518773,70.12129648759387,342.9805676049583,1159.9860311610641,53631.489558729816,83350.11764442075,83431.4323116022,369.22355042440455,287.9088832429603,345.88250415032866,7639.576246192141,21404.17554810385,19256.186328543463,8668.964970286266,8676.946205716002,1.8189894035458565e-12,2.2737367544323206e-13,7,0
2025-07-22,53209.924240595356,999.619098587656,0.0,0.0,999.619098587656,710.7176832874343,54920.26102247044,84553.2107683952,85886.3533842702,1333.1426158750044,0.0,171.8707579836965,10187.969547056386,22149.840551141846,20074.73057261099,8676.946205716002,8529.505983177283,1.8189894035458565e-12,1.1368683772161603e-13,7,0
2025-07-23,55994.154963841866,0.0,2304.5185525464954,1152.2592762732477,-1152.2592762732477,1020.9972993176023,55862.89298688622,88848.3417424713,85067.76188292267,0.0,3780.5798595486185,304.54564828502,9021.1133897193,21707.52262738391,19572.875602562184,8529.505983177283,8491.447720750972,1.8189894035458565e-12,2.2737367544323206e-13,7,0
2025-07-24,52727.33067921309,0.0,872.9599880350474,436.4799940175237,-436.4799940175237,208.16287612132558,52499.01356131688,81454.75136546325,79886.63573319308,0.0,1568.1156322701559,60.3856996396988,10294.209852607393,15776.02369073787,19739.684110512484,8491.447720750972,2650.4438786517553,1.8189894035458565e-12,1.1368683772161603e-13,7,0
2025-07-25,25625.15163545452,0.0,107.51047610702554,53.75523805351277,-53.75523805351277,688.8904317311556,26260.286829132165,43267.09533414277,43131.97268262046,0.0,135.12265152230995,168.79977853506568,15494.91740117491,13868.259227650396,12567.723734336458,2650.4438786517553,2559.4857795385738,1.8189894035458565e-12,1.1368683772161603e-13,7,0
2025-07-26,27887.862772412875,0.0,1.400164326968771,0.7000821634843855,-0.7000821634843855,514.6198029049988,28401.782493154387,49311.58326589952,49309.72480515228,0.0,1.858460747237551,199.6339166666662,13489.008639827176,19149.871162756026,11598.612647430917,2559.4857795385738,8500.63749015865,1.8189894035458565e-12,1.1368683772161603e-13,7,0
2025-07-27,50990.671150500966,383.0049546225729,215.67672617472374,107.83836308736187,275.16659153521096,2029.2504610583435,53295.088203094514,81736.0769458214,81645.33973655538,351.6506247787358,442.38783404475475,617.1168782714383,6431.776679602954,21485.095512238782,19339.605377014905,8500.63749015865,8497.454746237463,1.8189894035458565e-12,2.2737367544323206e-13,7,0
2025-07-28,51632.59168819751,944.9641421031641,0.0,0.0,944.9641421031641,4430.314158483629,57007.8699887843,82792.30272112321,83769.44390832314,977.1411871999351,0.0,1147.3047978280802,4743.19471144441,21803.468931234776,19584.7921698613,8497.454746237463,8537.857974932189,1.8189894035458565e-12,2.2737367544323206e-13,7,0
2025-07-29,53485.726948442374,2748.0947671720523,0.0,0.0,2748.0947671720523,400.5542742935484,56634.375989907974,85337.73549437663,88387.16353069572,3049.4280363190865,0.0,69.66109721336784,10066.741693715965,22694.632704431147,20373.795720238035,8537.857974932189,8592.010624036026,9.094947017729282e-13,1.1368683772161603e-13,7,0
2025-07-30,50996.78410294335,3574.183156596025,0.0,0.0,3574.183156596025,330.58724197177565,54901.55450151116,81274.93070630454,84909.7489144713,3634.8182081667574,0.0,103.42113039305224,8780.188690017902,22032.143365964403,19902.416061117958,8592.010624036026,8514.548491097654,1.8189894035458565e-12,1.1368683772161603e-13,7,0
2025-07-31,49019.99235657276,1044.1333037523027,0.0,0.0,1044.1333037523027,1849.99208185702,51914.11774218207,76391.19481812124,77505.63489907808,1114.440080956851,0.0,448.5604296308743,7214.177110668677,15932.256530958555,19887.234579584936,8514.548491097654,2666.228284424409,9.094947017729282e-13,1.1368683772161603e-13,7,0
2025-08-01,24993.794443395065,0.0,519.2532329689418,259.6266164844709,-259.6266164844709,801.2513509888004,25535.4191778994,42235.79185088307,41652.043492767734,0.0,583.7483581153363,258.634173426518,19608.69654327148,12387.433992699662,11336.812536443558,2666.228284424409,2467.930345164338,9.094947017729282e-13,1.1368683772161603e-13,7,0
2025-08-02,27820.5393196901,0.0,74.88235083927226,37.44117541963613,-37.44117541963613,450.7279016680466,28233.826045938513,48942.27806313009,48844.96256704356,0.0,97.3154960865212,107.22610102386022,20277.99255631517,19144.819854328227,11397.648675909299,2467.930345164338,8616.124589726165,1.8189894035458565e-12,1.1368683772161603e-13,7,0
2025-08-03,46683.20758313367,0.0,1810.2984700960628,905.1492350480314,-905.1492350480314,3225.5147930994217,49003.573141185065,74182.91055281376,70761.99926491892,0.0,3420.911287894838,877.502399014302,6828.763360282623,18800.281703172666,16829.023382855397,8616.124589726165,8712.28961148577,9.094947017729282e-13,2.2737367544323206e-13,7,0
2025-08-04,47919.86120144026,0.0,1386.9424384489557,693.4712192244779,-693.4712192244779,1670.695550926856,48897.085533142636,76117.44417184877,73940.82765927516,0.0,2176.6165125736106,486.6167462969209,6812.4710185857,19382.75570153042,17183.437397877376,8712.28961148577,8987.45281298455,9.094947017729282e-13,1.1368683772161603e-13,7,0
2025-08-05,46782.91812567471,0.0,27.980080951602595,13.990040475801298,-13.990040475801298,1680.5472847309866,48449.4753699299,74163.6646045289,74135.58605545873,0.0,28.078549070168492,446.33998585633526,7491.400547993111,19646.367848219532,17708.152088230905,8987.45281298455,8959.602607454814,1.8189894035458565e-12,2.2737367544323206e-13,7,0
2025-08-06,48311.749206716006,114.96448189855855,0.0,0.0,114.96448189855855,1627.8684146810442,50054.5821032956,76201.49507045733,76349.42318949124,147.92811903391265,0.0,522.8109142495916,6809.372996074384,20083.891558020132,18135.42971702036,8959.602607454814,8896.433671177143,1.8189894035458565e-12,1.1368683772161603e-13,7,0
2025-08-07,45247.81072710426,459.6799822274588,2591.3244861255444,1295.6622430627722,-835.9822608353135,1516.195367766997,45928.02383403594,70560.01432338529,65455.48287207693,341.6506212129533,5446.182072521295,496.8556800966311,7624.864631333985,12421.466592389366,17481.977921549787,8896.433671177143,2252.8488190447897,1.8189894035458565e-12,2.2737367544323206e-13,7,0
2025-08-08,23389.81827890472,0.0,37.601196124713326,18.800598062356663,-18.800598062356663,663.4760871773465,24034.493768019704,40528.292434583476,40482.42668611418,0.0,45.865748469292924,143.8541125403266,23617.118799774664,12800.648487965082,11566.65773908524,2252.8488190447897,2204.2824534185083,9.094947017729282e-13,1.1368683772161603e-13,7,0
2025-08-09,25763.593908099807,53.26173812521296,0.0,0.0,53.26173812521296,1790.6203825557182,27607.47602878074,45918.012726679444,45957.36093746935,39.34821078990319,0.0,433.6635152049251,20707.32677320185,18162.738055975675,11400.969376503252,2204.2824534185083,7417.291772795736,1.8189894035458565e-12,1.1368683772161603e-13,7,0
2025-08-10,45336.949026565875,0.0,27.809198869735162,13.904599434867581,-13.904599434867581,2324.6721432317418,47647.716570362754,71567.81876407632,71505.07237673487,0.0,62.746387341460206,683.8387117414867,4996.345116065952,18784.465919400383,16896.518996989987,7417.291772795736,7427.306000399282,1.8189894035458565e-12,2.2737367544323206e-13,7,0
2025-08-11,45661.20352864432,468.5363882730538,0.0,0.0,468.5363882730538,2190.2872651458642,48320.02718206324,72902.93774868519,73342.61665489334,439.6789062081521,0.0,534.4693528516899,7136.5072707005575,20036.58455589557,17857.25915218443,7427.306000399282,7612.4752222908855,9.094947017729282e-13,2.2737367544323206e-13,7,0
2025-08-12,47031.49625675719,1091.5942555126358,142.15762148746796,71.07881074373398,1020.5154447689017,2182.986559610513,50234.998261136614,75454.84767305762,76107.48205675255,970.4325616038234,317.7981779088892,556.7254597002715,6593.175140025398,19918.734267133616,17608.245540706186,7612.4752222908855,7948.325237115436,1.8189894035458565e-12,1.1368683772161603e-13,7,0
2025-08-13,45681.24744235436,286.7063478003806,0.6819890533729478,0.3409945266864739,286.36535327369415,2957.2299468392093,48924.842742467285,72660.65277894144,73051.64949594787,392.53550097160684,1.5387839651916693,697.7522434270602,5633.811442440509,19135.87620715764,17141.265360223224,7948.325237115436,8033.731216524109,1.8189894035458565e-12,1.1368683772161603e-13,7,0
2025-08-14,43264.054941520284,1141.0505658536188,0.0,0.0,1141.0505658536188,1795.6371623152727,46200.74266968918,66396.23054604867,68010.11499676915,1613.8844507204813,0.0,464.05645980381684,6667.181691571264,14234.947308178667,18354.248526510313,8033.731216524109,2191.1112815683496,1.8189894035458565e-12,1.1368683772161603e-13,7,0
2025-08-15,23871.407136437854,0.0,108.18077981983858,54.09038990991929,-54.09038990991929,1234.5961114865117,25051.912858014446,40775.06485840476,40658.44319591789,0.0,116.62166248686034,376.5242967962191,22583.519741120144,12859.199025106449,11567.478156845807,2191.1112815683496,2197.226036367893,9.094947017729282e-13,1.1368683772161603e-13,7,0
2025-08-16,27123.065975936697,0.0,413.4794393839193,206.73971969195966,-206.73971969195966,1528.3318878585653,28444.658144103305,47629.5438552716,47152.2281869186,0.0,477.31566835300094,376.54611243611976,22978.9750211861,18849.932533352843,11229.41362185089,2197.226036367893,8243.000922415555,1.8189894035458565e-12,1.1368683772161603e-13,7,0
2025-08-17,47004.82039008749,77.95200509486966,807.9153031629844,403.9576515814922,-326.0056464866226,1429.3477978609449,48108.16254146181,74924.92181890362,73197.22570763099,56.30225238329979,1783.9983636559314,334.4346628252838,8526.490088529423,19651.86148290813,17812.08481764795,8243.000922415555,8110.807720228547,1.8189894035458565e-12,1.1368683772161603e-13,7,0
2025-08-18,46078.966143331534,0.0,54.64710083311691,27.323550416558454,-27.323550416558454,1862.856239195322,47914.4988321103,72857.87886473608,72737.80173699907,0.0,120.07712773701803,465.63044432281947,7150.115882756903,19673.140398198,18013.939716299683,8110.807720228547,7786.027724043689,1.8189894035458565e-12,1.1368683772161603e-13,7,0
2025-08-19,46072.69816122626,307.56585930753454,0.0,0.0,307.56585930753454,1978.913046886691,48359.17706742049,72879.04871097764,73184.08147830862,305.03276733097346,0.0,427.8905510666426,7229.219527159133,19249.379075919707,17184.286623703578,7786.027724043689,7933.763585855701,1.8189894035458565e-12,1.1368683772161603e-13,7,0
2025-08-20,47600.62223925536,614.2665785963457,17.556434324531338,8.778217162265669,605.4883614340799,3005.0665960666634,51211.1771967561,76109.50607281564,76632.28891878913,561.2078978682948,38.42505189480039,722.5988045033826,4839.213958058743,20532.12024833087,18667.137549763756,7933.763585855701,7735.352454709224,1.8189894035458565e-12,2.2737367544323206e-13,7,0
2025-08-21,44838.64198552029,0.0,165.55727650395443,82.77863825197721,-82.77863825197721,1578.1925097145088,46334.05585698283,69629.66237373727,69288.92924011116,0.0,340.7331336261137,390.20423946685565,7036.834393993168,15251.24494277262,18453.36434052111,7735.352454709224,2752.3998700690713,1.8189894035458565e-12,1.1368683772161603e-13,7,0
2025-08-22,23924.500205040924,0.0,0.0,0.0,0.0,2541.78357937539,26466.283784416315,40735.53620705498,40735.53620705498,0.0,0.0,671.0965809935784,19021.856864848844,12718.25136358522,11564.0448403855,2752.3998700690713,2628.4189657983793,1.8189894035458565e-12,1.1368683772161603e-13,7,0
2025-08-23,26450.437512139273,267.52932523492007,0.0,0.0,267.52932523492007,1096.4688707068806,27814.435708081073,46921.67367224805,47127.635499756274,205.96182750822194,0.0,404.4869762940992,17771.50645244716,19079.18846074721,11848.578587143997,2628.4189657983793,8239.027941909051,1.8189894035458565e-12,1.1368683772161603e-13,7,0
2025-08-24,47054.7461310754,363.17718316225967,293.3292145519229,146.66460727596146,216.5125758862982,573.8666675701684,47845.12537453187,74164.49922666348,73806.66249908434,298.87023796147867,656.7069655406344,164.75911525865882,7814.719687314826,21228.690671598866,18805.578227904036,8239.027941909051,8555.51224931903,9.094947017729282e-13,1.1368683772161603e-13,7,0
2025-08-25,51785.206082183715,0.0,1633.0900461148485,816.5450230574243,-816.5450230574243,502.344108028492,51471.00516715478,82773.43136299348,79764.29225350574,0.0,3009.139109487735,150.8118716673663,7410.485569681524,20649.382526098536,18917.850987273618,8555.51224931903,8204.070715068283,1.8189894035458565e-12,1.1368683772161603e-13,7,0
2025-08-26,47659.87331223184,113.00623848241432,87.2720744687201,43.63603723436005,69.37020124805426,773.8645432857375,48503.10805676563,75215.71195232816,75116.22025669855,92.75237461817096,192.24407024779867,247.857372663407,7432.771484228334,20866.358360153532,18463.87059835325,8204.070715068283,8537.007878011898,1.8189894035458565e-12,2.2737367544323206e-13,7,0
2025-08-27,47931.57208646909,1709.2106255557242,125.02517761000549,62.51258880500274,1646.6980367507213,592.9874867668714,50171.257609986686,75915.24007365976,77567.72776361788,1927.207922017007,274.7202320589002,144.43354752098696,7648.893395904438,20787.219470677483,18638.10042210974,8537.007878011898,8611.212938483251,9.094947017729282e-13,1.1368683772161603e-13,7,0
2025-08-28,44740.28104792666,789.9951547958242,0.0,0.0,789.9951547958242,5175.855157396873,50706.131360119354,69088.18650233958,69991.40388687539,903.2173845358107,0.0,1427.5210916684546,4697.895693312241,14485.595167961625,18532.36086606336,8611.212938483251,2818.631551006051,1.8189894035458565e-12,1.1368683772161603e-13,7,0
2025-08-29,24549.344272217095,0.0,20.651235821761354,10.325617910880677,-10.325617910880677,1197.3254943550726,25736.344148661286,41712.934226129044,41688.01897814235,0.0,24.915247986693913,324.42383501100335,18044.876922157866,13740.50233894388,12328.156797948395,2818.631551006051,2858.998349051077,1.8189894035458565e-12,1.1368683772161603e-13,7,0
2025-08-30,26599.455570639213,0.0,89.89381858352053,44.946909291760264,-44.946909291760264,2125.5879115056027,28680.096572853057,46938.400770616245,46831.78038472315,0.0,106.62038589309529,716.864111145908,21648.52541158971,19517.894518992132,12130.495268046117,2858.998349051077,8588.634161357082,1.8189894035458565e-12,1.1368683772161603e-13,7,0
2025-08-31,47354.30905007307,69.95644325344658,93.64756440803929,46.82378220401964,23.132661049426936,2285.6985342404596,49663.140245362956,74466.50872752133,74472.10584556812,103.70347180567694,98.10635375889262,621.0874567424287,6563.017028301737,19950.164469254723,18066.61127857925,8588.634161357082,8471.141572967419,9.094947017729282e-13,2.2737367544323206e-13,7,0
2025-09-01,49509.24729978265,0.0,1492.128903158543,746.0644515792715,-746.0644515792715,0.0,48763.18284820338,79031.21363815253,76485.22302221034,0.0,2545.9906159421907,0.0,20906.449273102528,20125.9807477448,18121.34153197032,8471.141572967419,8462.752198962044,1.8189894035458565e-12,1.1368683772161603e-13,7,0
2025-09-02,45371.610723904174,104.94956649752886,545.0148604134861,272.50743020674304,-167.5578637092142,125.09221155644848,45329.14507175141,72470.37885158692,71673.97649586141,154.29509331624377,950.6974490417579,23.987001257228854,15639.94617549756,19970.800481210725,17970.53900958965,8462.752198962044,8466.105713782572,1.8189894035458565e-12,1.1368683772161603e-13,7,0
2025-09-03,44436.57573279773,292.3232361318959,521.7227058606335,260.86135293031674,31.461883201579155,26.30242687499997,44494.340042874304,71483.0215495193,70605.41517138292,246.8801181584891,1124.4864962948775,11.969249999999988,12956.650965259354,19967.608059568898,17854.591853445334,8466.105713782572,8588.649665389565,1.8189894035458565e-12,1.1368683772161603e-13,7,0
2025-09-04,39941.07123721997,350.547170566363,1005.4151667889392,502.7075833944696,-152.1604128281067,225.95671593315555,40014.867540325016,62135.99615312872,60427.72854935551,280.71605293320135,1988.9836567064008,99.90517220149286,10404.261881553419,14287.431752083527,18089.625462079937,8588.649665389565,3074.7580474449624,1.8189894035458565e-12,1.1368683772161603e-13,7,0
2025-09-05,18444.252163550296,0.0,405.7110839552287,202.85554197761434,-202.85554197761434,671.9013990651282,18913.29802063781,33351.36335589603,32912.81875873871,0.0,438.5445971573238,142.96500267276213,24995.583453266743,13323.756840119137,12087.818198641082,3074.7580474449624,2973.1044790391156,9.094947017729282e-13,1.1368683772161603e-13,7,0
2025-09-06,19527.322558948643,0.0,218.75782321181254,109.37891160590627,-109.37891160590627,1131.3938076469235,20549.33745498966,37209.53390047455,36968.56435196473,0.0,240.96954850981848,297.1097490923453,22823.100350097553,20228.59264468162,13507.102593722106,2973.1044790391156,7925.896202206112,1.8189894035458565e-12,1.1368683772161603e-13,7,0
2025-09-07,38332.699581546876,918.5499104837786,65.57769745483435,32.788848727417175,885.7610617563614,1810.4547157743004,41028.91535907754,61975.48106962619,63190.694257407915,1311.7213004585547,96.50811267682559,506.85029149193633,6406.030800428504,20230.301175090088,17899.7710432854,7925.896202206112,8250.029677442342,1.8189894035458565e-12,1.1368683772161603e-13,7,0
2025-09-08,37724.0899629361,1367.9696479324814,14.079127470952985,7.039563735476492,1360.9300841970048,6424.61498145424,45509.63502858735,62275.43240923635,63578.920698354115,1333.6880477427253,30.19975862495278,1562.2675922351195,3732.507878218155,20300.796005377502,18287.685126339748,8250.029677442342,8232.143074468653,9.094947017729282e-13,1.1368683772161603e-13,7,0
2025-09-09,36589.07234437867,296.2887040990089,561.8828779561877,280.94143897809386,15.347265120915068,6153.890032060549,42758.30964156013,59536.98630662297,58550.02054717717,287.6268713199779,1274.5926307657708,1499.4648384691486,4974.348379087849,19535.117512542187,17562.81477265038,8232.143074468653,8251.950515662356,1.8189894035458565e-12,1.1368683772161603e-13,7,0
2025-09-10,39478.60240731047,426.95924223844895,55.52744512842317,27.763722564211584,399.19551967423735,5093.149193324034,44970.94712030874,64814.6430805159,65163.05215984223,469.9299433005944,121.5208639742732,1374.5516496971177,3127.2415949140595,20849.41446262871,18755.05089800343,8251.950515662356,8261.882300465331,1.8189894035458565e-12,1.1368683772161603e-13,7,0
2025-09-11,37886.00307088699,0.0,2478.595619887988,1239.297809943994,-1239.297809943994,2430.9776776508443,39077.68293859383,60127.80213820854,55270.922778031876,0.0,4856.879360176669,623.3146074283641,5637.131050265505,15051.681114086761,18290.660562225363,8261.882300465331,3261.111685765767,9.094947017729282e-13,2.2737367544323206e-13,7,0
2025-09-12,17530.574410771704,28.79043432618238,0.0,0.0,28.79043432618238,1403.0483798655634,18962.41322496345,32443.865111693485,32467.6933213572,23.82820966371395,0.0,414.3744325947522,19975.198080789414,13981.395332781804,12626.181859619268,3261.111685765767,3215.863645451515,1.8189894035458565e-12,1.1368683772161603e-13,7,0
2025-09-13,20517.425110108314,0.0,0.0,0.0,0.0,1380.2331027834641,21897.65821289178,38876.11399621755,38876.11399621755,0.0,0.0,329.559812708153,24208.766213253155,20457.047710789306,13467.241598450088,3215.863645451515,8427.404052476817,9.094947017729282e-13,1.1368683772161603e-13,7,0
2025-09-14,42628.765405285216,0.0,547.764252491983,273.8821262459915,-273.8821262459915,1634.9970789993954,43989.88035803862,68948.20560816079,68234.92311150518,0.0,713.2824966556179,458.97110364128645,6554.150150901391,21082.828974085827,19042.409659840756,8427.404052476817,8355.869554817833,1.8189894035458565e-12,1.1368683772161603e-13,7,0
2025-09-15,37470.19001718978,0.0,484.95277704898865,242.47638852449433,-242.47638852449433,5144.381030598754,42372.09465926403,60960.31943960319,59876.20453634436,0.0,1084.1149032588353,1191.021344016719,3841.404578008034,20525.201456686176,18366.410787666464,8355.869554817833,8467.888522127017,1.8189894035458565e-12,1.1368683772161603e-13,7,0
2025-09-16,40334.37189367108,0.0,705.9935067346763,352.99675336733816,-352.99675336733816,4960.475129087809,44941.85026939155,65935.90854019359,64908.31563368773,0.0,1027.5929065058579,1339.848701527317,4933.408305740748,20065.36780031868,18242.38175417771,8467.888522127017,8274.409060363449,1.8189894035458565e-12,1.1368683772161603e-13,7,0
2025-09-17,40747.342855334355,0.0,629.0684938705476,314.5342469352738,-314.5342469352738,2284.6114987508768,42717.420107149956,66091.42607280695,65218.74734881823,0.0,872.6787239887204,702.2704096448332,3699.267326927162,20580.021701450027,18318.389669914122,8274.409060363449,8489.053780903323,9.094947017729282e-13,1.1368683772161603e-13,7,0
2025-09-18,37279.39398146798,1721.614742017945,0.0,0.0,1721.614742017945,2046.427243769237,41047.435967255165,58488.42273505641,60870.838952639315,2382.416217582901,0.0,435.4666181826469,5459.9481001642,15321.212444960016,18430.906090968936,8489.053780903323,3596.1512706097747,1.8189894035458565e-12,1.1368683772161603e-13,7,0
2025-09-19,18572.454410692404,0.0,0.0,0.0,0.0,904.957354360016,19477.41176505242,33820.42780146353,33820.42780146353,0.0,0.0,314.73501960398175,16546.18664916461,14386.992899321642,12899.369044085412,3596.1512706097747,3647.722290574606,1.8189894035458565e-12,1.1368683772161603e-13,7,0
2025-09-20,21135.93270007362,0.0,126.24858747192486,63.12429373596243,-63.12429373596243,951.6607647838266,22024.469171121484,39561.42415777652,39419.008753903174,0.0,142.4154038733431,251.7104744716483,17476.308571752303,19745.51595088334,13196.539027594154,3647.722290574606,8469.589965067264,1.8189894035458565e-12,1.1368683772161603e-13,7,0
2025-09-21,43197.20071238259,0.0,968.7413567937934,484.3706783968967,-484.3706783968967,533.4787986014469,43246.30883258715,69875.55904364225,68162.14594563248,0.0,1713.4130980097677,145.1594377650846,8017.507558801834,19973.11919762393,17970.808856361546,8469.589965067264,8474.858763949114,1.8189894035458565e-12,1.1368683772161603e-13,7,0
2025-09-22,41303.85656505209,0.0,1365.8115377271515,682.9057688635758,-682.9057688635758,5096.401923121804,45717.352719310315,67310.36286703747,64980.0474291383,0.0,2330.315437899187,1443.1218079568725,3755.062290118094,20461.022508937393,18406.935445293653,8474.858763949114,8483.275495609098,1.8189894035458565e-12,1.1368683772161603e-13,7,0
2025-09-23,42105.56525755116,0.0,297.12548715662416,148.56274357831208,-148.56274357831208,4003.8851482181853,45960.88766219104,68365.49104941549,67706.27790729565,0.0,659.2131421198507,912.2258156861681,4370.302666138037,21120.687192604477,18989.101719094033,8483.275495609098,8503.847960930356,1.8189894035458565e-12,1.1368683772161603e-13,7,0
2025-09-24,40722.43984574103,115.60551806437537,0.0,0.0,115.60551806437537,2553.88994026431,43391.93530406972,65681.92454958157,65860.45893774126,178.53438815967934,0.0,806.9813248364843,3476.9590401847654,21091.916748929776,18964.6606265368,8503.847960930356,8522.889560521202,1.8189894035458565e-12,1.1368683772161603e-13,7,0
2025-09-25,40624.64862135119,233.71059356586974,0.0,0.0,233.71059356586974,2751.440447413319,43609.799662330384,64002.677360050206,64256.38320585848,253.70584580826466,0.0,741.4388917403719,7301.067589363669,16552.28884183167,19190.98323359649,8522.889560521202,3996.697010518753,1.8189894035458565e-12,2.2737367544323206e-13,7,0
2025-09-26,19146.399351532462,0.0,216.51988360007977,108.25994180003988,-108.25994180003988,83.40742962979878,19121.54683936222,34672.78304862832,34419.716982899045,0.0,253.0660657292705,22.264637340834895,15242.102095117989,14747.387682139704,13241.751657017812,3996.697010518753,4029.2655789455534,1.8189894035458565e-12,1.1368683772161603e-13,7,0
2025-09-27,21297.81092767311,172.31101452083664,0.0,0.0,172.31101452083664,952.61652227076,22422.738464464706,39684.99422683677,39827.48099276895,142.48676593217863,0.0,268.3831013790458,16105.440142079115,19408.387285288074,13219.2655832192,4029.2655789455534,8507.349026045371,1.8189894035458565e-12,1.1368683772161603e-13,7,0
2025-09-28,43918.21330533056,684.1908488887184,2.2464626719370355,1.1232313359685178,683.0676175527499,1174.2253223687915,45775.506245252094,70902.5787201936,71863.4877513628,966.0018959888284,5.092864819626016,308.3819726617809,6524.730611213942,21519.296878939782,19359.786932795796,8507.349026045371,8515.339319819466,9.094947017729282e-13,1.1368683772161603e-13,7,0
2025-09-29,42793.35290730011,0.0,1871.1309381701444,935.5654690850722,-935.5654690850722,5788.359361227298,47646.146799442344,69687.10961498416,66656.78742905009,0.0,3030.322185934074,1325.167940289551,3137.209168662206,21109.98126177425,19025.126661096827,8515.339319819466,8487.781624270568,9.094947017729282e-13,1.1368683772161603e-13,7,0
2025-09-30,43365.12533393321,275.2630142434879,6.192935579187177,3.0964677895935884,272.1665464538943,3647.4865570341226,47284.778437421235,69983.50761417547,70292.47872255227,324.0280876600164,15.05697928321706,859.5772383498274,3509.971207143615,22146.341188418104,19926.43120132629,8487.781624270568,8493.342877705556,1.8189894035458565e-12,1.1368683772161603e-13,7,0
2025-10-01,42953.176108240456,0.0,2496.6453061738066,1248.3226530869033,-1248.3226530869033,135.17444327040528,41840.027898423956,69858.26439609879,65336.75442994487,0.0,4521.509966153927,62.0017442790637,13681.632816502553,20585.530653880385,18529.92882949234,8493.342877705556,8490.2319965442,9.094947017729282e-13,1.1368683772161603e-13,7,0
2025-10-02,42159.22084041692,0.0,3680.5504698022087,1840.2752349011043,-1840.2752349011043,231.23706828332675,40550.18267379914,66867.40679759378,61040.722477983174,0.0,5826.684319610604,91.89278144721038,11677.000340769686,16683.988195636208,18959.156393642177,8490.2319965442,4333.347369531822,1.8189894035458565e-12,1.1368683772161603e-13,7,0
2025-10-03,17495.015251692137,0.0,102.7941974718817,51.39709873594085,-51.39709873594085,26.07670845791604,17469.694861414115,32914.46687004241,32796.07253607156,0.0,118.39433397085388,12.473331666666411,23548.650270415135,14667.747313751257,13225.005416428166,4333.347369531822,4308.014538120727,1.8189894035458565e-12,1.1368683772161603e-13,7,0
2025-10-04,19683.64347712638,0.0,76.07141096102092,38.03570548051046,-38.03570548051046,133.43500583813315,19779.042777484006,37996.73578302958,37918.354156651956,0.0,78.38162637762682,33.4793176993569,18919.75798494951,19560.653691968546,13624.560635900074,4308.014538120727,8503.332085135975,9.094947017729282e-13,1.1368683772161603e-13,7,0
2025-10-05,41956.72109705215,0.0,2436.9036567525955,1218.4518283762977,-1218.4518283762977,353.02121121885295,41091.29047989471,69002.53670979437,64742.81638392555,0.0,4259.720325868808,128.52516556549574,8025.586562412373,21097.93920412003,18988.14528370802,8503.332085135975,8503.332085135973,9.094947017729282e-13,1.1368683772161603e-13,7,0
2025-10-06,38844.10540196135,0.0,0.0,0.0,0.0,1380.4734415696362,40224.578843530995,63757.5836219575,63757.5836219575,0.0,0.0,437.333073485391,4368.45409304706,20898.73471645828,18805.38136406245,8503.332085135973,8507.00020152123,9.094947017729282e-13,1.1368683772161603e-13,7,0
2025-10-07,40009.06148860736,66.57762483894697,0.0,0.0,66.57762483894697,340.52567883731945,40416.16479228363,65789.18987509428,65892.30760102645,103.11772593218018,0.0,79.47466251992768,6057.938823092482,21434.256192038963,19291.975751585065,8507.00020152123,8505.793077128556,9.094947017729282e-13,1.1368683772161603e-13,7,0
2025-10-08,38173.027838489055,0.0,227.59164874817213,113.79582437408607,-113.79582437408607,1478.184337587269,39537.41635170223,63456.553740048665,63128.446507625806,0.0,328.10723242286247,305.58920614610986,4880.83935489024,20924.787387150023,18850.086694935017,8505.793077128556,8487.053370699095,9.094947017729282e-13,1.1368683772161603e-13,7,0
2025-10-09,38552.24026554499,0.0,2179.6831594045134,1089.8415797022567,-1089.8415797022567,1038.2856704018304,38500.684356244565,62455.59876364991,58499.89050655862,0.0,3955.7082570912935,206.53079540975398,5065.954402476998,16893.868380262822,19013.383164104773,8487.053370699095,4472.11853449475,9.094947017729282e-13,1.1368683772161603e-13,7,0
2025-10-10,16440.678227959506,0.0,12.823146151046462,6.411573075523231,-6.411573075523231,1190.8145003597926,17625.081155243774,32066.279732025352,32050.52521029289,0.0,15.754521732461551,307.08285555991836,21213.387624681855,16574.985534131094,14774.376009626807,4472.11853449475,4622.970743430289,1.8189894035458565e-12,1.1368683772161603e-13,7,0
2025-10-11,18684.864096696303,0.0,0.0,0.0,0.0,408.685732904185,19093.549829600488,36826.62857061,36826.62857061,0.0,0.0,96.30222222078334,17200.957095278027,19569.63934692355,13953.979232704132,4622.970743430289,8479.575141384234,1.8189894035458565e-12,1.1368683772161603e-13,7,0
2025-10-12,40282.008413040516,0.0,354.3252401479314,177.1626200739657,-177.1626200739657,1122.3340969630203,41227.17988992957,66185.18711037423,65735.038405098,0.0,450.1487052762209,288.97022361007487,5466.23687241794,20363.11028956807,18320.29451661126,8479.575141384234,8486.431743596338,1.8189894035458565e-12,2.2737367544323206e-13,7,0
2025-10-13,41050.8257844207,0.0,1201.3794391305732,600.6897195652866,-600.6897195652866,1342.7813690472706,41792.91743390268,67264.83332483766,65017.38221871633,0.0,2247.451106121331,376.40566666713863,6224.075184082726,21183.033545507453,19040.716144206708,8486.431743596338,8511.74477145226,1.8189894035458565e-12,1.1368683772161603e-13,7,0
2025-10-14,41639.26925885092,93.55744790521484,782.8167745186427,391.40838725932133,-297.85093935410646,1752.089211302848,43093.50753079967,68097.61713091285,66603.24381436215,124.97573549780276,1619.349052048501,527.5323963080976,4216.730492745168,21351.051785917487,19210.83535132573,8511.74477145226,8517.132508340328,1.8189894035458565e-12,2.2737367544323206e-13,7,0
2025-10-15,41189.93010987282,86.60025220456757,98.4262082094213,49.21310410471065,37.387148099856915,1282.610335527409,42509.92759350009,67952.0498680249,67872.88556688564,133.82851289236066,212.9928140316186,379.78858720746206,4188.527174287883,21551.68472555218,19407.56139574696,8517.132508340328,8505.489905616429,1.8189894035458565e-12,1.1368683772161603e-13,7,0
2025-10-16,39410.28532953703,1133.1318460763391,0.0,0.0,1133.1318460763391,2366.146254708758,42909.56343032213,63428.31591567401,64632.07898587312,1203.7630701991113,0.0,586.4166643953203,3870.121829251668,18124.272943836,19742.372072819227,8505.489905616429,4889.397548539674,9.094947017729282e-13,1.1368683772161603e-13,7,0
2025-10-17,16776.930246313146,0.0,0.0,0.0,0.0,793.2240201344168,17570.154266447564,32498.335355380303,32498.335355380303,0.0,0.0,199.83192513056014,14980.54058816294,15576.176283771067,13862.748908089812,4889.397548539674,5053.635442918466,1.8189894035458565e-12,1.1368683772161603e-13,7,0
2025-10-18,19081.0676025269,0.0,13.566036410141212,6.783018205070606,-6.783018205070606,288.3421189721285,19362.626703293958,37070.32114780848,37053.315838268245,0.0,17.00530954023155,107.32259091697031,15848.211174060061,19681.206003957966,14445.37201549948,5053.635442918466,8498.107791886387,1.8189894035458565e-12,1.1368683772161603e-13,7,0
2025-10-19,42922.83286395662,239.7621875081236,247.80156712887572,123.90078356443786,115.86140394368572,1266.7394195144957,44305.4336874148,70242.05157109527,69905.41871811173,211.1654949617551,547.7983479452971,293.524916347894,4102.336980537533,21895.522783387594,19684.63866279884,8498.107791886387,8520.593527952191,1.8189894035458565e-12,1.1368683772161603e-13,7,0
2025-10-20,44744.41430115391,0.0,310.1488067617398,155.0744033808699,-155.0744033808699,667.133544568777,45256.47344234181,72668.27191039981,72257.22290671541,0.0,411.04900368439013,154.62474066091212,5840.27894318562,21913.455816073743,19782.669478549706,8520.593527952191,8456.758479725058,1.8189894035458565e-12,1.1368683772161603e-13,7,0
2025-10-21,44596.76289007804,256.3580417505023,8.01422049083668,4.00711024541834,252.35093150508396,905.6352900392936,45754.74911162242,72679.5375224955,73054.06733725329,386.6725730772353,12.142758319449513,241.8881636675936,4581.825464841177,22242.02081246377,19990.472126384062,8456.758479725058,8485.584332240356,9.094947017729282e-13,2.2737367544323206e-13,7,0
2025-10-22,43916.11942007206,2.4544276761111985,381.623360519706,190.811680259853,-188.3572525837418,2896.265243124742,46624.02741061306,72027.49218743274,71466.59889654096,2.0313905864773005,562.9246814782489,574.536102255273,4355.511503960091,21620.75866336145,19490.0318685253,8485.584332240356,8452.539509416534,9.094947017729282e-13,1.1368683772161603e-13,7,0
2025-10-23,45029.43930540161,0.0,3150.87227940894,1575.43613970447,-1575.43613970447,1279.821159699161,44733.8243253963,72507.74763201107,67394.7935421122,0.0,5112.954089898891,299.5310429189816,5468.249266209547,18612.66602349935,19766.08773801106,8452.539509416534,5274.779003822468,9.094947017729282e-13,1.1368683772161603e-13,7,0
2025-10-24,17422.869871323695,48.7845942208326,0.0,0.0,48.7845942208326,1291.6237021954098,18763.27816773994,33553.7847651978,33595.08515626374,41.30039106593715,0.0,293.11543725249794,13686.040009810004,16236.548135938378,14454.438268898812,5274.779003822468,5441.80529570654,1.8189894035458565e-12,1.1368683772161603e-13,7,0
2025-10-25,19260.242897304888,0.0,0.0,0.0,0.0,609.2424920517778,19869.48538935666,37384.69271441769,37384.69271441769,0.0,0.0,158.61166898420765,13340.576007900516,19419.2498250213,14614.954182853256,5441.80529570654,8459.008893100858,9.094947017729282e-13,1.1368683772161603e-13,7,0
2025-10-26,46138.37804261869,0.0,1884.8914449826077,942.4457224913039,-942.4457224913039,457.3767055706495,45653.309025698036,74886.94580823951,72059.05316835821,0.0,2827.8926398812996,179.81156589830613,5478.41117700342,22175.358675864314,19959.217135277882,8459.008893100858,8457.53914339317,1.8189894035458565e-12,1.1368683772161603e-13,7,0
2025-10-27,45329.57983744862,922.3737224690552,301.8341007343605,150.91705036718025,771.4566721018749,206.19595809794896,46307.23246764844,73328.66004660352,73489.77180423755,801.3929658582124,640.2812082241772,42.327160730728906,7789.484124405705,21781.624223959196,19591.59105006328,8457.53914339317,8470.052014152456,1.8189894035458565e-12,1.1368683772161603e-13,7,0
2025-10-28,45289.966834062114,95.23553204441203,0.0,0.0,95.23553204441203,324.19959315893186,45709.40195926546,73344.27273621241,73465.70120994803,121.42847373562586,0.0,94.41767967394337,5379.03629574369,21921.123313782908,19712.46241990462,8470.052014152456,8487.495730653007,9.094947017729282e-13,1.1368683772161603e-13,7,0
2025-10-29,45456.58999817772,673.4024752427549,0.0,0.0,673.4024752427549,1208.9003518012755,47338.892825221745,74035.00586752454,74787.77062008542,752.7647525608751,0.0,316.59580741190234,3538.820342979951,22592.38064017357,20339.091355656208,8487.495730653007,8481.225166480303,9.094947017729282e-13,1.1368683772161603e-13,7,0
2025-10-30,43640.728022122246,123.6173432308142,720.3188922552062,360.1594461276031,-236.54210289678886,953.0452616433863,44357.23118086885,69884.35572378666,68861.34793057817,100.289689182438,1123.2974823909506,254.79907462687743,5191.385892415383,18976.874034644854,19839.9305718552,8481.225166480303,5571.145536799887,9.094947017729282e-13,1.1368683772161603e-13,7,0
2025-10-31,18409.28901150613,0.0,0.0,0.0,0.0,547.0194770628957,18956.308488569026,34902.442450985865,34902.442450985865,0.0,0.0,123.99037928756115,9258.615639955035,16713.35426054689,14849.829136895167,5571.145536799887,5773.731265875084,1.8189894035458565e-12,1.1368683772161603e-13,7,0
2025-11-01,19747.1352678057,0.0,13.493559458204967,6.746779729102483,-6.746779729102483,421.8043574758033,20162.192845552403,37904.74100462457,37886.30318326512,0.0,18.437821359461815,162.22819884854977,10998.875307717099,19428.613862354192,14922.996221290963,5773.731265875084,8475.113550241334,1.8189894035458565e-12,1.1368683772161603e-13,7,0
2025-11-02,47422.81752237213,162.85786890860936,184.42812731196653,92.21406365598327,70.6438052526261,1062.3202626122643,48555.78159023702,76580.28933514477,76559.047827669,227.20478468321915,248.44629215897635,258.3072739403185,5683.579508388199,23252.12727137789,20914.735611490105,8475.113550241334,8487.951272561342,1.8189894035458565e-12,1.1368683772161603e-13,7,0
2025-11-03,48872.96502618582,0.0,783.3937979944562,391.6968989972281,-391.6968989972281,348.18316718840936,48829.451294376995,78798.92762229085,77661.03962908717,0.0,1137.8879932036834,135.32459903199685,6015.16364253196,22740.584022538722,20464.313720284852,8487.951272561342,8490.282819880184,1.8189894035458565e-12,1.1368683772161603e-13,7,0
2025-11-04,48176.41708159144,0.0,837.0474147221538,418.5237073610769,-418.5237073610769,665.9706688797436,48423.8640431101,77944.61168173034,76528.51978136608,0.0,1416.09190036427,156.12403973578068,6726.978020732262,23081.264390362718,20703.67062332645,8490.282819880184,8563.507813028846,1.8189894035458565e-12,1.1368683772161603e-13,7,0
2025-11-05,49133.43580604568,0.0,1117.5424061522742,558.7712030761371,-558.7712030761371,498.4160005855315,49073.08060355508,79212.40558468502,77481.94408108253,0.0,1730.4615036025066,164.96938709502626,5788.864422043651,22832.390069672252,20652.36109020502,8563.507813028846,8454.714891605976,1.8189894035458565e-12,1.1368683772161603e-13,7,0
2025-11-06,47369.471950584695,227.31505347920535,64.14959614076736,32.07479807038368,195.24025540882167,1885.115007051927,49449.82721304544,75598.51546040643,75692.02756326378,178.41927994285663,84.90717708550784,451.52025677712953,4981.5166192554825,20834.41047953026,21041.963828744832,8454.714891605976,6039.794757694631,9.094947017729282e-13,1.1368683772161603e-13,7,0
2025-11-07,19111.9359118449,0.0,100.76419122740893,50.382095613704465,-50.382095613704465,164.1693740208053,19225.723190252,35945.1134016764,35813.77796175874,0.0,131.33543991765816,54.3986905844729,10936.593970070327,17055.76688317767,15442.64598423812,6039.794757694631,5942.337798593309,9.094947017729282e-13,1.1368683772161603e-13,7,0
2025-11-08,20229.17450802312,0.0,0.0,0.0,0.0,248.96971757492884,20478.144225598047,38734.89371726154,38734.89371726154,0.0,0.0,94.20924967236283,10677.564446011529,19826.879436265524,15466.548015343153,5942.337798593309,8448.594082625852,1.8189894035458565e-12,1.1368683772161603e-13,7,0
2025-11-09,49420.041181309294,93.66258332881713,171.8378168766719,85.91890843833595,7.743674890481181,223.36873466473267,49651.1535908645,79500.62233217654,79254.06538912344,89.92311214596856,336.48005519906656,86.56779180797666,5647.125596138609,23417.23668959469,21070.546288135214,8448.594082625852,8453.82947836878,9.094947017729282e-13,1.1368683772161603e-13,7,0
2025-11-10,49697.70330425825,801.5238975975914,0.0,0.0,801.5238975975914,807.894924188144,51307.122126043985,79924.23596990881,80843.16095768489,918.9249877760752,0.0,232.44835760822457,4828.7964645699085,23636.9457222321,21248.5759715089,8453.82947836878,8479.839400279183,9.094947017729282e-13,1.1368683772161603e-13,7,0
2025-11-11,50606.23476550507,6.561306792889486,678.4852855370194,339.2426427685097,-332.6813359756202,63.82070862795381,50337.3741381574,81090.94487934037,80069.59626585322,4.993954251162222,1026.3425677383102,25.58626843378977,6202.379780958867,23203.16982911477,20869.386742453287,8479.839400279183,8494.033919965228,9.094947017729282e-13,1.1368683772161603e-13,7,0
2025-11-12,50080.617642790734,11.856760459947694,328.5172146470659,164.25860732353294,-152.40184686358526,303.0374894692251,50231.25328539637,80344.33384276746,79790.45768294838,11.856103804107306,565.732263623192,75.89581592501759,6587.008632486128,23632.557873872793,21309.200757485512,8494.033919965228,8451.977027973993,9.094947017729282e-13,1.1368683772161603e-13,7,0
2025-11-13,49055.3393163957,22.57430522366228,399.63837961979993,199.81918980989997,-177.24488458623767,1347.0559362004765,50225.15036800994,77948.55206570213,77445.4622892714,20.344404178868217,523.4341806096111,408.5919761751179,5038.559971048928,21427.875116068673,21008.252138337757,8451.977027973993,6635.60212455053,9.094947017729282e-13,1.1368683772161603e-13,7,0
2025-11-14,19356.25941898545,0.0,0.0,0.0,0.0,271.08911641283856,19627.34853539829,36081.76044314615,36081.76044314615,0.0,0.0,84.85845088589514,7156.728396485602,17092.05919981043,15680.62400226398,6635.60212455053,6321.724223414825,1.8189894035458565e-12,1.1368683772161603e-13,7,0
2025-11-15,20518.9917368873,0.0,55.36196755326175,27.680983776630875,-27.680983776630875,562.2279153543024,21053.53866846497,38962.79539778899,38888.60078185116,0.0,74.19461593783056,162.0112116864474,6822.367875698303,19818.512843620938,15802.155642448299,6321.724223414825,8466.281760151622,1.8189894035458565e-12,1.1368683772161603e-13,7,0
2025-11-16,50918.873819044245,146.51643107205012,122.104181484575,61.0520907422875,85.46434032976265,1201.027292519705,52205.36545189372,81487.31380209098,81356.98692433524,132.83043233725562,263.1573100929986,281.4462457861726,4803.3249322318625,24094.455008062178,21693.89115350596,8466.281760151622,8456.91968297766,1.8189894035458565e-12,1.1368683772161603e-13,7,0
2025-11-17,50812.05089518153,313.1943896791904,34.54492404791636,17.27246202395818,295.92192765523225,346.5398909816947,51454.51271381846,81228.91223911697,81536.62371306814,386.72565988325294,79.01418593208848,123.91372183303054,6563.00400384174,23990.659202261028,21588.880104534925,8456.91968297766,8459.77962317643,1.8189894035458565e-12,1.1368683772161603e-13,7,0
2025-11-18,50814.24998199699,144.21618352842765,3.9434596282806806,1.9717298141403403,142.24445371428732,1144.6123119417925,52101.10674765307,81382.71288182185,81587.99201415463,213.65889944675462,8.379767113968683,370.3428580196783,4621.924691701464,24344.23277139513,21898.374424255613,8459.77962317643,8471.83324531092,1.8189894035458565e-12,1.1368683772161603e-13,7,0
2025-11-19,50962.155254299694,1296.109480507456,79.43936394556653,39.71968197278326,1256.3897985346728,1007.4006998017778,53225.94575263615,81574.09465412456,82638.96185775027,1188.2752832798008,123.40807965409749,305.4685209661012,5152.654890895264,24217.332410711133,21793.86852289003,8471.83324531092,8473.657507162641,9.094947017729282e-13,1.1368683772161603e-13,7,0
2025-11-20,50068.31338080676,81.7331287480012,6.46954858026855,3.234774290134275,78.49835445786694,1123.6469626522837,51270.45869791691,79631.98918777189,79697.21865589732,77.93201334052571,12.702545215090936,299.88940252488715,4689.378160532433,22350.046540914787,21835.39267635834,8473.657507162641,6660.248550696079,1.8189894035458565e-12,1.1368683772161603e-13,7,0
2025-11-21,19697.310140307723,0.0,0.0,0.0,0.0,615.310701101544,20312.62084140927,36883.26842058303,36883.26842058303,0.0,0.0,244.48584441827612,6538.877277027024,17651.388089028784,15926.895167721163,6660.248550696079,6617.404023256015,1.8189894035458565e-12,1.1368683772161603e-13,7,0
2025-11-22,20983.094447598774,0.0,240.60810559275978,120.30405279637989,-120.30405279637989,707.5204527474191,21570.310847549812,40214.97919529279,39708.26559874738,0.0,506.71359654541766,222.85438573832113,5957.14058338462,19810.509233874494,16056.359316106751,6617.404023256015,8486.414469654621,1.8189894035458565e-12,1.1368683772161603e-13,7,0
2025-11-23,51622.22064888851,738.3102152692416,676.1048709928787,338.05243549643933,400.2577797728022,783.2461484364871,52805.724577097804,82607.63453082064,82184.22478836958,581.0722016485529,1004.4819440996146,228.39029817996334,4807.47753954992,23723.94003916286,21350.89877549658,8486.414469654621,8487.096741337204,9.094947017729282e-13,1.1368683772161603e-13,7,0
2025-11-24,51424.90552925086,0.17208490134647814,354.32474538255144,177.16237269127572,-176.99028778992925,923.6811681437346,52171.59640960467,82350.69822403791,81695.21992266865,0.15698312474592058,655.6352844939988,256.73816810910785,5410.326141482534,23752.44697295212,21372.7587236569,8487.096741337204,8491.780656411003,1.8189894035458565e-12,2.2737367544323206e-13,7,0
2025-11-25,52979.189056517425,5.687037384689788,610.4822747692957,305.24113738464786,-299.55409999995805,728.3568143646055,53407.99177088207,84626.42107784934,83684.52366788012,4.3285286636144065,946.2259386328468,206.97478060114253,5282.310162790434,24288.254107741483,21847.726288717335,8491.780656411003,8504.116077804052,1.8189894035458565e-12,1.1368683772161603e-13,7,0
2025-11-26,52106.28405657553,435.4601025648272,0.0,0.0,435.4601025648272,994.8615487154768,53536.60570785584,83470.25217441324,83859.38876627182,389.13659185858205,0.0,246.2105479548752,4895.9150798687815,24661.393485245797,22209.37613422122,8504.116077804052,8489.230185400318,9.094947017729282e-13,1.1368683772161603e-13,7,0
2025-11-27,51407.5232260014,62.769359146028734,13.093706290605898,6.546853145302949,56.22250600072579,1020.0830259463252,52483.82875794846,81748.43804950491,81776.78268891771,59.76437884256893,31.419739429783817,268.8096262509059,5218.277870632915,23047.158082715177,22000.736371512816,8489.230185400318,7162.871747705805,1.8189894035458565e-12,2.2737367544323206e-13,7,0
2025-11-28,20071.502078645593,0.0,138.69316584217734,69.34658292108867,-69.34658292108867,631.6381067738857,20633.793602498386,37992.489250001876,37715.722710811606,0.0,276.766539190266,174.89324111578787,5125.397407836359,18162.512563214914,16318.532569123872,7162.871747705805,7192.10040370358,9.094947017729282e-13,1.1368683772161603e-13,7,0
2025-11-29,21863.893686278163,374.918287916471,0.0,0.0,374.918287916471,598.7232374737491,22837.535211668386,42086.803367039174,42595.89624545598,509.0928784168065,0.0,246.75247766039476,4712.537378626184,19716.427339405833,16515.76609491564,7192.10040370358,8487.599663651725,9.094947017729282e-13,1.1368683772161603e-13,7,0
2025-11-30,53496.6276360246,592.9842178966611,0.0,0.0,592.9842178966611,1161.993825270294,55251.60567919155,85307.26919389669,85911.41186682195,604.1426729252478,0.0,311.1370921843824,3501.819156116986,25039.196664726805,22563.294978504127,8487.599663651725,8458.066119309184,1.8189894035458565e-12,1.1368683772161603e-13,7,0
2025-12-01,54550.085855471,0.0,368.53378452953626,184.26689226476813,-184.26689226476813,15320.134455099642,69685.95341830587,86745.82143494238,86065.96376738092,0.0,679.8576675614538,4292.214072076319,1518.1573531132588,25254.344307606407,22713.25155459576,8458.066119309184,8474.571440191483,1.8189894035458565e-12,1.1368683772161603e-13,7,0
2025-12-02,56371.70225575117,4.832100092196618,88.97503590460396,44.48751795230198,-39.65541786010536,12134.013559627732,68466.0603975188,89463.83557543991,89303.42040855926,2.773005131672903,163.1881720123199,3245.148133174998,1347.1271521804888,25799.55030553764,23235.91886598387,8474.571440191483,8457.364864473808,1.8189894035458565e-12,1.1368683772161603e-13,7,0
2025-12-03,56427.980763702064,1043.5403705105493,0.0,0.0,1043.5403705105493,4753.966301212193,62225.48743542481,89433.91724479498,90546.23073039095,1112.313485595973,0.0,1552.3941725180787,2302.6130741163824,26131.094578759752,23497.831316633776,8457.364864473808,8478.608839456205,1.8189894035458565e-12,1.1368683772161603e-13,7,0
2025-12-04,58847.4702239463,0.0,1125.1693587468585,562.5846793734293,-562.5846793734293,4870.024692395753,63154.91023696862,92782.28919473808,91280.63830485482,0.0,1501.6508898832535,1305.2444176244285,3239.004809458296,25907.51065270954,23331.841489688588,8478.608839456205,8462.711118603533,1.8189894035458565e-12,1.1368683772161603e-13,7,0
2025-12-05,25373.655549890078,0.0,126.46350505918836,63.23175252959418,-63.23175252959418,1292.2398168775503,26602.663614238038,48659.09953431363,48375.61138836798,0.0,283.4881459456565,386.4192249050884,5362.601359984412,20505.95553788656,18418.153967931237,8462.711118603533,8501.9297031861,9.094947017729282e-13,1.1368683772161603e-13,7,0
2025-12-06,26827.67344462886,0.0,162.10012532520938,81.05006266260469,-81.05006266260469,950.7238052782027,27697.347187244464,51234.63936669454,50989.32422229853,0.0,245.31514439600485,234.4063856416402,5568.0104997779645,20381.401624122023,18390.312332626483,8501.9297031861,8452.333730522354,9.094947017729282e-13,1.1368683772161603e-13,7,0
2025-12-07,62165.5075898933,0.0,1183.3409033132689,591.6704516566344,-591.6704516566344,1209.313209355595,62783.150347592265,97509.09095352616,95810.53877848753,0.0,1698.5521750386379,291.5684648839032,5837.204722221035,26202.94184900389,23590.7205778535,8452.333730522354,8443.824132254324,9.094947017729282e-13,1.1368683772161603e-13,7,0
2025-12-08,63120.166216822654,0.0,65.28775187266494,32.64387593633247,-32.64387593633247,361.43884587583216,63448.96118676215,98961.3682294733,98850.00315012256,0.0,111.36507935075679,68.78352987237042,8477.107578594505,25880.618957337443,23286.150972603697,8443.824132254324,8450.576742965572,9.094947017729282e-13,2.2737367544323206e-13,7,0
2025-12-09,62781.177135078615,0.0,820.7494413227968,410.3747206613984,-410.3747206613984,625.2120163325687,62996.01443074978,98459.67846003512,97239.50116815578,0.0,1220.1772918793522,141.94276937483554,7381.15145477568,26096.080520882642,23484.24230479438,8450.576742965572,8452.92754223081,9.094947017729282e-13,2.2737367544323206e-13,7,0
2025-12-10,61393.24525230866,2.677116174033178,1.5005282134353353,0.7502641067176676,1.9268520673155103,250.0896487326826,61645.26175310866,96515.24549844662,96517.04038909939,3.8282799571474015,2.0333893043689386,73.00253834517483,5608.6023165798615,25989.225454480395,23395.403310282345,8452.92754223081,8447.551247253887,9.094947017729282e-13,1.1368683772161603e-13,7,0
2025-12-11,61872.29909403689,0.0,1397.6045941801208,698.8022970900604,-698.8022970900604,765.9916093286718,61939.4884062755,97102.46791599039,95292.91842515784,0.0,1809.549490832544,224.64780591107007,6953.887157086996,25950.784644819236,23348.360270837315,8447.551247253887,8455.29451575571,9.094947017729282e-13,1.1368683772161603e-13,7,0
2025-12-12,26389.13543457566,220.62956036597356,0.0,0.0,220.62956036597356,817.8410257958219,27427.606020737454,50505.48660341751,50841.23660290381,335.74999948630136,0.0,258.75750616454695,5362.493105575038,20337.31673909982,18314.229218939832,8455.29451575571,8444.074592550702,1.8189894035458565e-12,1.1368683772161603e-13,7,0
2025-12-13,26437.873248303833,0.0,62.03235736924963,31.016178684624816,-31.016178684624816,699.1488303216308,27106.005899940843,50721.087725968115,50586.83177160467,0.0,134.25595436345122,165.16662254437327,4923.224252405393,20357.205368269788,18326.96460985947,8444.074592550702,8438.29839892747,9.094947017729282e-13,1.1368683772161603e-13,7,0
2025-12-14,60621.49786201729,83.04488627267027,0.0,0.0,83.04488627267027,1327.3274578136977,62031.87020610367,95412.1186506837,95526.09372532711,113.97507464341948,0.0,318.58796938498045,4448.007242901293,26137.628713108115,23519.6760612973,8438.29839892747,8442.714815352858,9.094947017729282e-13,2.2737367544323206e-13,7,0
2025-12-15,61514.65355857008,256.21330592989045,0.0,0.0,256.21330592989045,918.7361355286414,62689.6030000286,96891.00179163436,97221.37137643447,330.3695848000974,0.0,256.9495142983982,5414.163603747531,25945.993203186736,23351.39388286807,8442.714815352858,8442.714815352858,9.094947017729282e-13,1.1368683772161603e-13,7,0
2025-12-16,62443.73424324072,0.0,689.6169250652662,344.8084625326331,-344.8084625326331,459.3309156662632,62558.25669637434,97937.90772932832,97063.9628000232,0.0,873.9449293051207,145.1964829544471,5168.363376711304,26148.046543496843,23525.34197056383,8442.714815352858,8451.04206070393,1.8189894035458565e-12,1.1368683772161603e-13,7,0
2025-12-17,62153.91159519483,0.0,1009.5046841418562,504.7523420709281,-504.7523420709281,1118.9996969684166,62768.15895009232,97827.83401927838,96386.38788593173,0.0,1441.446133346642,296.73959856597065,5876.550643294555,26125.243339531462,23510.51356499498,8451.04206070393,8453.366799199765,1.8189894035458565e-12,1.1368683772161603e-13,7,0
2025-12-18,61258.37743268054,0.0,590.4150191584935,295.20750957924673,-295.20750957924673,541.7449146067237,61504.91483770802,96227.25074772166,95221.61102464648,0.0,1005.6397230751774,215.49146828421954,5456.0898894486645,26158.432918153703,23543.68728133833,8453.366799199765,8452.209769238074,9.094947017729282e-13,1.1368683772161603e-13,7,0
2025-12-19,26183.413506457648,0.0,93.10574255457428,46.55287127728714,-46.55287127728714,1315.9934272702749,27452.85406245064,50210.577588056054,50095.3235255958,0.0,115.25406246025358,312.2496227541039,5427.194323968273,20497.410723816247,18425.42319943462,8452.209769238074,8475.659588630611,1.8189894035458565e-12,1.1368683772161603e-13,7,0
2025-12-20,26360.132237488753,0.0,481.8975113768941,240.94875568844705,-240.94875568844705,509.92907965567895,26629.112561455986,50588.06826462524,49734.527943893,0.0,853.5403207322407,145.99230287470073,5005.6982848911375,20368.755301265657,18350.285589389096,8475.659588630611,8456.258152674245,1.8189894035458565e-12,1.1368683772161603e-13,7,0
2025-12-21,61114.92202565634,0.0,174.35670199408034,87.17835099704017,-87.17835099704017,1946.061932182318,62973.805606841626,96166.75216201326,95818.77751473532,0.0,347.97464727792936,609.6940230381624,4816.689085679089,25875.192086777293,23301.191501349567,8456.258152674245,8442.008272574343,9.094947017729282e-13,2.2737367544323206e-13,7,0
2025-12-22,61885.14642280931,0.0,26.05269375296239,13.026346876481195,-13.026346876481195,829.6841110629229,62701.80418699575,97278.28303694318,97226.70813891955,0.0,51.574898023621245,205.94885642068027,5891.861500313757,26011.21810693129,23407.84969523816,8442.008272574343,8444.376397958878,1.8189894035458565e-12,1.1368683772161603e-13,7,0
2025-12-23,62240.39955731797,0.0,925.8728894672422,462.9364447336211,-462.9364447336211,285.4495813538636,62062.912693938226,97753.68210136665,96408.2760188599,0.0,1345.4060825067302,62.007629586392795,6595.194025497678,26146.84139115297,23529.844301537676,8444.376397958878,8446.814461857291,1.8189894035458565e-12,1.1368683772161603e-13,7,0
2025-12-24,61240.42960775596,0.0,263.9767097613664,131.9883548806832,-131.9883548806832,522.6411266514073,61631.08237952668,96327.53229651676,95916.53865009874,0.0,410.9936464180225,157.99386577088444,5594.993697790152,26158.58229412805,23533.60279271524,8446.814461857291,8456.42912674993,1.8189894035458565e-12,1.1368683772161603e-13,7,0
2025-12-25,60107.45777820771,97.23452414895047,15.400084914631096,7.700042457315548,89.53448169163492,949.2975299226493,61146.289789822,94691.11287705146,94806.25740737058,146.19013060419013,31.04560028507649,349.79796635027714,4715.54397399835,26106.75684639174,23478.693980002565,8456.42912674993,8474.756825557031,1.8189894035458565e-12,1.1368683772161603e-13,7,0
2025-12-26,25711.713391687557,0.0,51.2646368339679,25.63231841698395,-25.63231841698395,893.7943217811502,26579.875395051724,49286.67700133816,49178.94011514651,0.0,107.7368861916342,254.7882471673915,4419.680126414497,20373.898765660833,18367.472963094748,8474.756825557031,8442.117825731033,1.8189894035458565e-12,1.1368683772161603e-13,7,0
2025-12-27,25669.669441444614,0.0,14.436717435192435,7.218358717596217,-7.218358717596217,1105.6695780306113,26768.12066075763,49534.90103719748,49501.81099446001,0.0,33.09004273747166,263.35938045537375,4351.074098525201,20527.67519223507,18452.38798251156,8442.117825731033,8465.855663791719,1.8189894035458565e-12,1.1368683772161603e-13,7,0
2025-12-28,60181.588235589865,0.0,781.850284389781,390.9251421948905,-390.9251421948905,1021.776411387206,60812.439504782174,94800.46732344913,93796.1606171616,0.0,1004.3067062875266,295.8868307294957,4683.258363616731,25957.048575243658,23357.514240969285,8465.855663791719,8469.892286717271,1.8189894035458565e-12,1.1368683772161603e-13,7,0
2025-12-29,60643.703582989045,409.62319790725144,0.0,0.0,409.62319790725144,843.302011020294,61896.62879191659,95813.40697110383,96236.83392182355,423.426950719713,0.0,201.95407869776625,6308.026177931075,26059.94005923562,23452.944503312057,8469.892286717271,8470.948013114119,1.8189894035458565e-12,1.1368683772161603e-13,7,0
2025-12-30,60615.728448337315,0.0,1062.574740506216,531.287370253108,-531.287370253108,638.5195591436549,60722.960637227865,95578.58590856467,94042.4794944195,0.0,1536.1064141451666,185.79643226083547,5412.924676278712,25878.9467440162,23287.99809361458,8470.948013114119,8474.167186473947,1.8189894035458565e-12,1.1368683772161603e-13,7,0
2025-12-31,58938.67526429608,17.101760515038517,23.036675826647574,11.518337913323787,5.58342260171473,1980.5807159419642,60924.83940283977,92518.29487434034,92484.92080429953,17.071168255652765,50.44523829645709,480.64488960162765,4310.969741839742,23553.74105120552,23545.56803247743,8474.167186473947,6000.0,9.094947017729282e-13,2.2737367544323206e-13,7,0
