date,planned_cost_yuan,increase_cost_yuan,cancellation_refund_yuan,breach_cost_yuan,adjustment_net_yuan,emergency_cost_yuan,total_cost_yuan,original_kwh,adjusted_kwh,increase_kwh,decrease_kwh,emergency_kwh,dump_kwh,charge_kwh,discharge_kwh,energy_start_kwh,energy_end_kwh,lp_eq_max,lp_ineq_max,max_tree_nodes,raw_simultaneous_slots
2025-02-01,25932.28462971338,0.0,231.08151329123726,115.54075664561863,-115.54075664561863,398.12277356259494,26214.866646630355,49969.16407162401,49467.57459263288,0.0,501.5894789911227,95.41960220989188,8432.137363920423,23549.745085336945,16797.064187747925,6000.0,8531.36592375,1.8189894035458565e-12,1.1368683772161603e-13,15,0
2025-02-02,58063.399900347824,0.0,443.64299064068473,221.82149532034236,-221.82149532034236,263.4961534089696,58105.07455843645,91929.70353002517,91158.73693581176,0.0,770.9665942134061,42.062259748278166,8129.432997101007,24718.05045583703,20002.962207377997,8531.36592375,8552.09777025,1.8189894035458565e-12,1.1368683772161603e-13,15,0
2025-02-03,57145.78203054407,0.0,432.0597297231411,216.02986486157056,-216.02986486157056,953.7314549442717,57883.483620626765,90628.54017638895,90026.79893149408,0.0,601.7412448948638,250.53040210634185,5369.542258077115,24605.30777328059,19914.43719775728,8552.09777025,8569.72232425,1.8189894035458565e-12,1.1368683772161603e-13,15,0
2025-02-04,57304.33554691804,0.0,57.7585825518879,28.87929127594395,-28.87929127594395,1569.5421853370383,58844.99844097912,90731.30275089163,90606.07806498924,0.0,125.22468590237293,433.6095806353471,5090.267293001322,24985.771275122483,20231.214872499208,8569.72232425,8577.78883575,9.094947017729282e-13,2.2737367544323206e-13,15,0
2025-02-05,55619.50355741063,200.9684982365042,0.0,0.0,200.9684982365042,1904.542096529569,57725.01415217671,88266.83844271877,88548.71439010046,281.8759473816856,0.0,519.3140479219658,3672.067635680496,24384.900851360984,19737.367032352395,8577.78883575,8593.79178825,1.8189894035458565e-12,1.1368683772161603e-13,15,0
2025-02-06,56459.158420961816,0.0,752.7099066899814,376.3549533449907,-376.3549533449907,1081.028901016126,57163.832368632946,89419.72308967152,88395.0109177348,0.0,1024.7121719367199,255.75425893022248,4104.451992488783,24241.962139551444,19966.706172041868,8593.79178825,8226.328633799774,1.8189894035458565e-12,1.1368683772161603e-13,15,0
2025-02-07,21981.605797480013,0.0,723.4189098267188,361.7094549133594,-361.7094549133594,812.2802883705579,22432.17663093721,42373.959435832825,40810.95954077013,0.0,1562.9998950627014,211.36283155932608,5978.229040372118,20071.833826511596,16833.42016122093,8226.328633799774,7587.178898525843,1.8189894035458565e-12,1.1368683772161603e-13,15,0
2025-02-08,21204.082321725225,0.0,0.0,0.0,0.0,933.03831269715,22137.120634422376,40941.968665096996,40941.968665096996,0.0,0.0,230.1889939671124,4703.103892282089,20776.604507308468,15884.713457193115,7587.178898525843,8636.441336,1.8189894035458565e-12,1.1368683772161603e-13,15,0
2025-02-09,54681.35254137013,203.31340841974196,0.19402496650087492,0.09701248325043746,203.2163959364915,1449.9801019552365,56334.54903926185,86937.56230840358,87227.40719741062,290.1261253695578,0.2812363625175749,474.43325931663463,3520.5847431040474,24346.3391197713,19720.499372814753,8636.441336,8636.480574000001,1.8189894035458565e-12,1.1368683772161603e-13,15,0
2025-02-10,54191.15456242704,0.0,1263.2822606272987,631.6411303136493,-631.6411303136493,384.60918085544694,53944.12261296884,86333.52138080573,84338.67816118897,0.0,1994.8432196167573,134.37233497123003,5625.741048456502,23828.797262080934,19308.125397710563,8636.480574000001,8628.925445750001,9.094947017729282e-13,1.1368683772161603e-13,15,0
2025-02-11,53479.476214740214,0.0,1262.7674941032276,631.3837470516138,-631.3837470516138,840.1371651124923,53688.22963280109,85477.23949637657,83765.62806340658,0.0,1711.6114329699826,187.04167621417133,4247.560374142999,23633.415526023222,19148.90329387881,8628.925445750001,8622.440203749999,1.8189894035458565e-12,1.1368683772161603e-13,11,0
2025-02-12,53283.39425317665,0.0,986.324486385654,493.162243192827,-493.162243192827,1482.5644094790218,54272.796419462844,85179.90289582724,83605.49201007889,0.0,1574.410885748357,350.7286037842798,4190.644306576555,23630.458706727775,19131.6185327745,8622.440203749999,8632.499114499999,1.8189894035458565e-12,1.1368683772161603e-13,11,0
2025-02-13,51360.13683005604,0.0,1094.2046178850069,547.1023089425034,-547.1023089425034,672.754130475402,51485.78865158895,81881.5390750345,80290.37547232707,0.0,1591.1636027074387,240.2325771413847,6052.0785668888975,22035.597791924327,18886.54732601143,8632.499114499999,7479.484542774742,1.8189894035458565e-12,1.1368683772161603e-13,11,0
2025-02-14,19281.735312205285,283.26245119736194,52.43605355331374,26.21802677665687,257.04442442070507,1809.720450656213,21348.5001872822,37127.07394909611,37232.54827167617,232.96290403717435,127.48858145712069,515.6390272872362,4771.330580501095,18629.131957866663,15454.077056071015,7479.484542774742,7074.5065758869405,1.8189894035458565e-12,1.1368683772161603e-13,13,0
2025-02-15,19973.958378100346,13.27185438477761,0.0,0.0,13.27185438477761,1677.1192859158023,21664.349518400926,38546.05256088546,38557.58129391837,11.528733032904626,0.0,421.4345832722938,4433.0671811487555,20278.202761790246,15012.345165748346,7074.5065758869405,8644.505544000001,1.8189894035458565e-12,1.1368683772161603e-13,13,0
2025-02-16,51422.85755901014,0.0,979.0240835187167,489.51204175935834,-489.51204175935834,3867.9464128482114,54801.291930098996,82589.3563230849,81213.36840744076,0.0,1375.9879156441357,1040.049062972732,2515.1868335344566,22987.377816073902,18626.526279194866,8644.505544000001,8637.005268249999,9.094947017729282e-13,1.1368683772161603e-13,13,0
2025-02-17,51189.82226965173,0.0,1646.8924258530553,823.4462129265277,-823.4462129265277,500.9054369419406,50867.28149366715,82548.76399144897,79988.63838271234,0.0,2560.1256087366282,181.14758130132265,4686.0687734235635,22578.677534070706,18278.823510147267,8637.005268249999,8648.01114875,1.8189894035458565e-12,1.1368683772161603e-13,13,0
2025-02-18,49140.828848594545,102.02656812109069,0.0,0.0,102.02656812109069,2664.7511779409206,51907.60659465655,79450.51107264767,79565.50546803698,114.99439538931554,0.0,667.5571107250835,3733.372928791033,23249.970660330026,18841.66879369232,8648.01114875,8637.7971945,9.094947017729282e-13,1.1368683772161603e-13,14,0
2025-02-19,49263.579108697966,579.1328323519579,152.73853321119225,76.36926660559612,502.7635657463617,2777.2188690777193,52543.56154352205,79597.92115236836,79800.68888343006,533.5086344108377,330.74090334914115,738.9226821420744,3168.530603174855,23675.458115468093,19183.704536404148,8637.7971945,8630.48223575,1.8189894035458565e-12,1.1368683772161603e-13,14,0
2025-02-20,48976.435646935395,0.0,525.856719312977,262.9283596564885,-262.9283596564885,1863.1299429637284,50576.63723024264,78559.68093346484,77728.06182927734,0.0,831.6191041875012,451.31647053425525,5001.041522353011,20687.160044185264,18501.95700006001,8630.48223575,6691.196275450053,1.8189894035458565e-12,1.1368683772161603e-13,13,0
2025-02-21,18851.173494162,0.0,1.9445182348975378,0.9722591174487689,-0.9722591174487689,1011.3305801615644,19861.531815206115,36161.98405989767,36159.701493593064,0.0,2.2825663046103273,272.3566483293725,7698.777405781529,18089.9482169044,14916.929514096824,6691.196275450053,6397.783543889772,1.8189894035458565e-12,1.1368683772161603e-13,13,0
2025-02-22,19688.10043770774,92.01879245993933,0.0,0.0,92.01879245993933,2046.4008245804796,21826.520054748158,38266.456587591936,38344.83986051425,78.38327292231357,0.0,501.45677924900883,5110.886201936318,20421.6776044442,14531.030049950594,6397.783543889772,8631.7044435,1.8189894035458565e-12,1.1368683772161603e-13,13,0
2025-02-23,48657.17068871849,2.0766755897832265,399.4293922050307,199.71469610251535,-197.6380205127321,3665.8458328968227,52125.37850110259,78916.82465608373,78351.84792489604,1.736641235811362,566.7133724235132,1106.2456663232756,3535.715908527588,23097.748896886245,18707.224897527856,8631.7044435,8633.873009,1.8189894035458565e-12,1.1368683772161603e-13,13,0
2025-02-24,48106.42734267963,149.99469846487005,20.347794614788267,10.173897307394133,139.82080115747593,920.9757389143526,49167.22388275145,78021.70703328807,78208.70670242001,218.4502724141896,31.450603282257134,194.39347663226442,5814.759983253549,23063.701047405553,18678.3944682735,8633.873009,8637.432320250002,1.8189894035458565e-12,1.1368683772161603e-13,13,0
2025-02-25,48274.9419430981,0.0,1686.573007205278,843.286503602639,-843.286503602639,1408.4251317047674,48840.08057120023,78432.54590951007,75784.90057276587,0.0,2647.645336744203,356.1641791264263,6136.618068125798,22194.49408662193,18011.370636188767,8637.432320250002,8599.842957999997,1.8189894035458565e-12,1.1368683772161603e-13,13,0
2025-02-26,46526.03251540904,757.3993034735444,6.4916810289334705,3.2458405144667353,754.1534629590776,1712.1401105256805,48992.326088893795,75944.2972853985,76677.39053837766,747.7405477195354,14.647294740373354,448.08172878847773,3929.7292663604067,23153.554274065267,18772.65930659287,8599.842957999997,8579.531464,1.8189894035458565e-12,1.1368683772161603e-13,13,0
2025-02-27,45855.78121600824,5.334480491194047,288.84733669698926,144.42366834849463,-139.0891878573006,1927.333498809512,47644.02552696045,73819.77466841221,73205.93567391273,4.652433709396519,618.4914282088685,397.9143101977924,4794.941636592017,20643.16817951145,18790.844031992936,8579.531464,6279.667234457042,1.8189894035458565e-12,1.1368683772161603e-13,13,0
2025-02-28,18286.29523367514,0.0,0.0,0.0,0.0,730.0960413753526,19016.391275050497,35010.9630480578,35010.9630480578,0.0,0.0,222.16696029726182,8899.165182230197,17431.065430951676,14389.69415482681,6279.667234457042,5979.0770613948725,1.8189894035458565e-12,1.1368683772161603e-13,13,0
2025-03-01,19487.172689634288,0.025748320122577852,0.0,0.0,0.025748320122577852,823.1891154809305,20310.387553435343,37910.656791295616,37910.67957540332,0.022784107709563628,0.0,241.46756885985388,8227.300533674872,20606.326354001925,14340.245676746948,5979.0770613948725,8591.164472500002,1.8189894035458565e-12,1.1368683772161603e-13,13,0
2025-03-02,46687.952749554606,4121.079591267528,0.0,0.0,4121.079591267528,3761.9571396467672,54570.98948046891,76155.12587368583,80121.39120550884,3966.2653318230105,0.0,983.7829380801779,4160.443468244528,24108.05588975169,19521.63228107387,8591.164472500002,8597.712238750002,1.8189894035458565e-12,1.1368683772161603e-13,15,0
2025-03-03,47777.35994513578,1228.9120263857371,111.16376050086183,55.58188025043091,1173.330146135306,4302.487471187913,53253.177562459,77717.53631238484,78592.20911582613,1109.1862861439981,234.51348270270012,1039.0537692462005,3131.9416298486367,23591.623182975596,19109.448561085235,8597.712238750002,8597.452479999998,1.8189894035458565e-12,1.1368683772161603e-13,15,0
2025-03-04,46632.1546084515,302.2518832219572,10.796490374563957,5.3982451872819786,296.85363803467527,2371.8320588589263,49300.8403053451,75795.89391819893,76076.73263297438,297.39012918954205,16.551414414082046,814.2608327462113,3295.39874053905,23118.855157358983,18722.71836551077,8597.452479999998,8601.401715500002,9.094947017729282e-13,1.1368683772161603e-13,15,0
2025-03-05,47488.59796802749,0.0,1142.4283610961784,571.2141805480892,-571.2141805480892,962.7042246721867,47880.088012151595,77305.79969856396,75560.16798855367,0.0,1745.6317100103138,278.9739196708972,5321.794686140704,23028.699047195732,18641.82384177854,8601.401715500002,8614.093256,1.8189894035458565e-12,1.1368683772161603e-13,15,0
2025-03-06,44357.49715514321,13.38790597785301,81.93928469733149,40.969642348665744,-27.581736370812738,831.7558339908301,45161.67125276322,71261.28116001993,71098.9543878095,10.592984710009773,172.91975692044684,215.45169723793754,4665.533241354826,19572.72131844446,18864.502608085186,8614.093256,5268.98398917203,1.8189894035458565e-12,1.1368683772161603e-13,15,0
2025-03-07,17473.445995565195,0.0,73.43754672253618,36.71877336126809,-36.71877336126809,412.78396113742843,17849.511183341354,33076.58237327822,32985.65313671225,0.0,90.92923656596999,151.6635814788415,9586.18264506818,16050.775835896946,13421.927296107368,5268.98398917203,4801.429690248875,1.8189894035458565e-12,1.1368683772161603e-13,15,0
2025-03-08,18871.12115839791,0.0,0.0,0.0,0.0,872.2258431277364,19743.347001525646,36734.99479477862,36734.99479477862,0.0,0.0,290.28999099767657,10712.89451399204,20235.539024955666,12986.288269838076,4801.429690248875,8584.205624,1.8189894035458565e-12,1.1368683772161603e-13,15,0
2025-03-09,45904.062829027054,0.0,1749.9375139193853,874.9687569596927,-874.9687569596927,1008.9149995671601,46038.009071634515,75269.98715351148,72269.79662939874,0.0,3000.190524112727,288.18260023359926,4850.077208545678,22959.22641282455,18584.84944173788,8584.205624,8597.676682500001,1.8189894035458565e-12,1.1368683772161603e-13,15,0
2025-03-10,44558.372475718395,297.1136023186718,0.0,0.0,297.1136023186718,5397.012345604222,50252.49842364129,73266.50693694378,73630.75753303629,364.2505960924985,0.0,1481.8740811153848,2823.986286211863,22392.31418376215,18145.740305822346,8597.676682500001,8588.825774750001,9.094947017729282e-13,1.1368683772161603e-13,15,0
2025-03-11,42790.91507930859,687.9522660315125,0.0,0.0,687.9522660315125,2495.9365614394233,45974.803906779525,70382.57499495041,71268.36765248273,885.7926575323413,0.0,597.150577679434,3773.3903026405223,21931.11876248241,17777.909634960757,8588.825774750001,8573.599733250001,1.8189894035458565e-12,2.2737367544323206e-13,15,0
2025-03-12,44904.20398388542,64.79014417740176,1546.301205651258,773.150602825629,-708.3604586482272,942.935556404091,45138.77908164129,73750.00010109281,71282.12744014729,48.18465700358081,2516.0573179490934,328.6249270998437,4948.0576271435175,22160.80183155413,17933.641774783842,8573.599733250001,8592.052743000002,9.094947017729282e-13,1.1368683772161603e-13,15,0
2025-03-13,42685.57104931239,833.1602320181903,0.0,0.0,833.1602320181903,2953.5040965388835,46472.23537786947,68909.38190449242,69895.22104407639,985.83913958397,0.0,670.91500228634,3210.6016516443433,17920.805379002973,18110.889000951254,8592.052743000002,4597.567583045725,1.8189894035458565e-12,1.1368683772161603e-13,15,0
2025-03-14,16598.03970226926,157.42192500844695,0.0,0.0,157.42192500844695,529.1117225310047,17284.57334980871,31877.760684585606,32004.087339501402,126.32665491579719,0.0,161.3510788657557,13442.052807794034,15658.117385751753,12964.157758511963,4597.567583045725,4285.25349854235,1.8189894035458565e-12,1.1368683772161603e-13,15,0
2025-03-15,18508.254204138775,123.18607950796381,0.0,0.0,123.18607950796381,1949.6254457382765,20581.065729385013,36476.596825891655,36570.748105924795,94.15128003313927,0.0,530.6335213401486,8413.44582759478,20401.391503201452,12637.580853531292,4285.25349854235,8604.749347500001,1.8189894035458565e-12,1.1368683772161603e-13,15,0
2025-03-16,43452.3863921811,236.31306054142013,0.0,0.0,236.31306054142013,1721.1576145636275,45409.85706728614,71455.13141972428,71679.84215070435,224.71073098008878,0.0,485.8724698786151,4557.604889904482,22359.895576948213,18102.832779603053,8604.749347500001,8614.396722750002,1.8189894035458565e-12,1.1368683772161603e-13,15,0
2025-03-17,42211.739367772025,148.65467248711286,1809.6651135740126,904.8325567870063,-756.1778842998935,1316.8305299944336,42772.39201346657,70104.9718123909,67063.82287437894,109.44146155544286,3150.5903995674025,329.07004614616267,5429.171697510619,21638.612998321812,17533.02320864067,8614.396722750002,8608.011522750003,9.094947017729282e-13,1.1368683772161603e-13,15,0
2025-03-18,44320.64299663654,0.0,1126.4291257725476,563.2145628862738,-563.2145628862738,1075.9850931225,44833.41352687277,72927.95402150284,71011.58526474479,0.0,1916.368756758065,238.17308566293218,5998.9283867859185,21800.852368974403,17675.98077201927,8608.011522750003,8588.80001925,1.8189894035458565e-12,1.1368683772161603e-13,15,0
2025-03-19,41000.333187765515,621.5139638033775,37.998883566057614,18.999441783028807,602.5145220203485,1223.9392750750862,42826.786984860955,67713.23953800248,68237.89641337474,603.1150995247128,78.45822415246369,312.66963069480164,4920.846554846151,21942.024684465152,17777.775645241774,8588.80001925,8583.538185,1.8189894035458565e-12,1.1368683772161603e-13,15,0
2025-03-20,39999.75378883696,101.7963101361757,391.8814802216546,195.9407401108273,-94.1444299746516,3380.745740663694,43286.355099526,64668.94980219385,64101.46672929614,70.31423462198279,637.797307519698,873.5240524884648,3419.4990327101077,17104.50080707876,17757.97087467093,8583.538185,4246.510161736518,1.8189894035458565e-12,1.1368683772161603e-13,15,0
2025-03-21,15672.054143261628,0.0,132.5163698902684,66.2581849451342,-66.2581849451342,873.7505258387653,16479.54648415526,30399.59973393735,30243.372669535296,0.0,156.22706440204885,235.01916420096074,15892.702165083094,14937.764554989764,12385.539403003264,4246.510161736518,3928.7878134459047,1.8189894035458565e-12,1.1368683772161603e-13,15,0
2025-03-22,18270.88191231135,39.84238531540137,0.0,0.0,39.84238531540137,714.76693843267,19025.491236059424,36134.958402501215,36167.80183606433,32.84343356312354,0.0,285.65227638119455,12521.255262020863,20316.30689838235,12265.307781291016,3928.7878134459047,8585.344265,1.8189894035458565e-12,1.1368683772161603e-13,15,0
2025-03-23,41620.042921206594,0.0,502.0040159743583,251.00200798717916,-251.00200798717916,1172.507348172374,42541.54826139179,68680.43902825553,68030.54763795203,0.0,649.8913903035,320.1142852874307,5512.181648179138,21358.34038391392,17289.58022552028,8585.344265,8597.2059155,1.8189894035458565e-12,1.1368683772161603e-13,15,0
2025-03-24,40499.230621479335,922.8376623377878,349.7416714786894,174.8708357393447,747.9668265984433,1294.289878200655,42541.48732627844,67108.34164475421,67183.27811925442,839.5161218161961,764.5796473159821,419.6504074630875,5508.898553953991,21604.790251737828,17509.257362307642,8597.2059155,8586.7867395,1.8189894035458565e-12,1.1368683772161603e-13,15,0
2025-03-25,41990.51285734454,96.37157085919057,711.3688568584311,355.68442842921553,-259.312857570025,1797.3980379907664,43528.59803776529,69550.66398299205,68382.45740517793,67.3832127752438,1235.589790589356,507.0796210760577,3833.8365987719126,21625.47769876533,17519.90198794992,8586.7867395,8583.158904000002,1.8189894035458565e-12,1.1368683772161603e-13,15,0
2025-03-26,39830.41720669584,207.9645373730244,462.18933097420694,231.09466548710347,-23.13012811407907,902.3253540961848,40709.612432677946,65975.30948634748,65358.77837070226,175.48161929136808,792.0127349365941,274.67794207024156,5930.647735313225,21624.259314303225,17514.005603510617,8583.158904000002,8584.98606075,1.8189894035458565e-12,1.1368683772161603e-13,15,0
2025-03-27,38470.41645067965,154.81875562617256,291.8486242074553,145.92431210372766,8.89444352244491,2179.5901184019704,40658.90101260407,61942.66928781316,61472.43066377514,113.72065151607495,583.9592755540941,632.1473992483311,4575.060101079258,15820.144457480577,17007.615895536364,8584.98606075,3925.7650774421136,1.8189894035458565e-12,1.1368683772161603e-13,15,0
2025-03-28,15534.574927630365,58.00453294980282,0.0,0.0,58.00453294980282,853.2043197465437,16445.78378032671,30386.416084211753,30428.700757847706,42.284673635951506,0.0,218.61685720139042,17230.820716527684,15065.65655906404,12471.040427209291,3925.7650774421136,3628.1443948116494,1.8189894035458565e-12,1.1368683772161603e-13,15,0
2025-03-29,17646.172048918863,249.57040251943405,0.0,0.0,249.57040251943405,964.3027921719677,18860.045243610268,35550.94915669808,35739.23957292934,188.29041623126173,0.0,225.43265432661258,19940.386136627418,20300.716210135186,11983.639302839983,3628.1443948116494,8583.634203000001,1.8189894035458565e-12,1.1368683772161603e-13,15,0
2025-03-30,39282.72664732892,0.0,1231.455927852189,615.7279639260945,-615.7279639260945,2795.3357747211885,41462.33445812401,65347.66625794774,63181.93680335849,0.0,2165.72945458925,700.4711145242273,4422.297019577895,21479.807489235925,17365.316290931107,8583.634203000001,8620.6650645,1.8189894035458565e-12,1.1368683772161603e-13,15,0
2025-03-31,37149.299356036645,1930.0059258489678,0.0,0.0,1930.0059258489678,2898.9757460688784,41978.28102795449,61756.53858669616,64351.49504148206,2594.9564547859045,0.0,736.7247144741942,4064.8128427824995,21417.420609160137,17345.40317931971,8620.6650645,8623.6734135,1.8189894035458565e-12,1.1368683772161603e-13,15,0
2025-04-01,39299.54940223896,1158.602515983136,0.0,0.0,1158.602515983136,2493.2169717430925,42951.3688899652,66019.81165149443,67469.89689379506,1450.0852423006204,0.0,631.770514819562,3949.81571625703,20935.72514521535,16992.72496952444,8623.6734135,8585.020522499999,1.8189894035458565e-12,1.1368683772161603e-13,15,0
2025-04-02,39305.682852587546,1931.3220733557107,0.0,0.0,1931.3220733557107,1266.6273387315882,42503.632264674845,65700.51788813005,67829.73452256547,2129.21663443542,0.0,294.9314771575087,3625.804433768108,21439.19166489404,17375.66549893917,8585.020522499999,8573.998022083333,1.8189894035458565e-12,1.1368683772161603e-13,15,0
2025-04-03,37533.800287172926,22.164643810198267,170.52299557810585,85.26149778905292,-63.096853978854654,650.0798100656834,38120.78324325975,60624.02635973407,60263.364797282135,15.16775734633427,375.8293197982632,174.18706970427206,6212.239624322892,16045.336132185072,17683.554156188227,8573.998022083333,3366.407034174094,1.8189894035458565e-12,1.1368683772161603e-13,15,0
2025-04-04,15018.104847356228,0.0,0.0,0.0,0.0,646.2989698337327,15664.40381718996,29610.43188106305,29610.43188106305,0.0,0.0,153.17446758247945,20611.295187074404,14519.438414832859,11797.92950326173,3366.407034174094,3325.091048343971,1.8189894035458565e-12,1.1368683772161603e-13,15,0
2025-04-05,17511.763870637147,0.0,0.0,0.0,0.0,1458.933662790548,18970.697533427694,35493.572247932614,35493.572247932614,0.0,0.0,384.7092729840036,15302.597093010034,20123.64178425172,11592.072339678467,3325.091048343971,8556.288276749998,1.8189894035458565e-12,1.1368683772161603e-13,15,0
2025-04-06,38665.661400804136,714.8729863814881,233.82606685729672,116.91303342864836,597.9599529528397,565.9745927611107,39829.59594651809,65115.366983900574,65161.67377901463,559.3140504507629,513.0072553367137,140.29484060746609,6793.174511518078,21581.79767611759,17483.07983468024,8556.288276749998,8554.2619245,1.8189894035458565e-12,1.1368683772161603e-13,15,0
2025-04-07,36946.535062526615,418.4840644054333,2.041212038929449,1.0206060194647244,417.4634583859686,417.6942383221138,37781.6927592347,62120.45790648307,62514.95335838062,398.87385609945574,4.37840420190787,135.49827997407692,5468.932869067723,20705.582669361254,16766.783183407613,8554.2619245,8559.52723425,1.8189894035458565e-12,1.1368683772161603e-13,15,0
2025-04-08,38403.2446288512,355.5938125229613,470.7564554434449,235.37822772172245,120.21558480123878,1326.9730154593844,39850.43322911182,64414.488531311865,63860.284672388894,251.420933485624,805.6247924085919,301.87596796635177,5748.892059119709,21406.568331678274,17346.4933671094,8559.52723425,8551.557213749998,1.8189894035458565e-12,1.1368683772161603e-13,15,0
2025-04-09,37813.03374428433,2686.0809622711035,0.0,0.0,2686.0809622711035,1564.5182163237132,42063.63292287915,63411.05461734885,66935.275927715,3524.221310366169,0.0,433.0602044922057,4103.713422505118,21759.305652160183,17628.99395912475,8551.557213749998,8547.161234999998,1.8189894035458565e-12,1.1368683772161603e-13,15,0
2025-04-10,35515.24024619772,999.7627847095442,264.2879162858229,132.14395814291146,867.6188265666328,1897.2424054194353,38280.10147818379,57451.85215456527,58308.308329494925,1355.2419660547196,498.785791125068,434.7617650823056,6190.951511320551,15275.520754388217,17184.040071131538,8547.161234999998,3201.7520571365712,1.8189894035458565e-12,1.1368683772161603e-13,15,0
2025-04-11,14310.906574486555,0.0,49.45629480920394,24.72814740460197,-24.72814740460197,1357.897417568427,15644.075844650379,28526.844850039015,28472.158654781266,0.0,54.68619525774932,317.2521542923628,20882.547801540288,13946.353448845366,11356.140607978694,3201.7520571365712,3135.5361522321864,1.8189894035458565e-12,1.1368683772161603e-13,15,0
2025-04-12,17480.194106768166,0.0,88.83970974639092,44.41985487319546,-44.41985487319546,444.7976068535995,17880.571858748568,35512.57000152465,35410.10592143143,0.0,102.46408009321122,123.64007524215829,17766.93538943046,20151.217551458445,11409.56749421531,3135.5361522321864,8594.334732750001,1.8189894035458565e-12,1.1368683772161603e-13,15,0
2025-04-13,37034.93258990302,151.64441244835484,0.0,0.0,151.64441244835484,1026.3657644995822,38212.94276685096,62345.09077666759,62453.678714720365,108.58793805277583,0.0,268.5374728955146,4422.45682573857,21185.46825444199,17162.067375898012,8594.334732750001,8592.29241075,1.8189894035458565e-12,1.1368683772161603e-13,15,0
2025-04-14,37382.00613982366,0.0,1814.4982741222948,907.2491370611474,-907.2491370611474,2191.623742329799,38666.38074509231,62729.74062743249,60235.328559028414,0.0,2494.4120684040718,592.7107955115742,4316.479645907177,21035.426634251642,17051.898725618827,8592.29241075,8577.622242000001,1.8189894035458565e-12,1.1368683772161603e-13,15,0
2025-04-15,36028.19728271437,208.8895034108251,141.72812219621343,70.86406109810672,138.0254423127184,1101.7166403340736,37267.93936536116,60653.59969402475,60535.084550603984,197.7238250533387,316.23896847410464,260.97830161243894,6771.390266160077,20432.38892814742,16547.145175424404,8577.622242000001,8581.055415750001,1.8189894035458565e-12,1.1368683772161603e-13,15,0
2025-04-16,36952.310248510315,594.2941488458131,0.0,0.0,594.2941488458131,1959.1659556009304,39505.77035295706,62604.39833034736,63118.34096097574,513.942630628375,0.0,517.3840939253867,4001.7808548849016,20402.379493594155,16548.027243577937,8581.055415750001,8556.500022675926,1.8189894035458565e-12,1.1368683772161603e-13,15,0
2025-04-17,33254.49076139808,724.210059270975,0.0,0.0,724.210059270975,1306.8983310233755,35285.59915169243,53735.141590589206,54743.49889461657,1008.3573040273642,0.0,283.07692197178653,4662.195760505407,13858.870954309868,16362.833248226925,8556.500022675926,2848.5580501915574,1.8189894035458565e-12,1.1368683772161603e-13,15,0
2025-04-18,13985.165905690443,0.0,11.24099199212538,5.62049599606269,-5.62049599606269,527.4078147627756,14506.953224457153,28001.592204578286,27988.88086074838,0.0,12.711343829906049,180.64756351017058,19274.83099085931,13719.97105630919,11179.390806243286,2848.5580501915574,2774.9866605995126,1.8189894035458565e-12,1.1368683772161603e-13,15,0
2025-04-19,16588.890437322356,148.79511769487357,0.0,0.0,148.79511769487357,605.3588065062523,17343.044361523484,34448.79921821312,34562.422964750105,113.62374653698521,0.0,217.31069854402807,18943.48234942095,20228.839183619755,11177.267119746564,2774.9866605995126,8561.75623725,1.8189894035458565e-12,1.1368683772161603e-13,15,0
2025-04-20,35920.13123819001,649.4072508081169,44.19593421576834,22.09796710788417,627.3092837002328,558.3078631309035,37105.74838502114,60699.13696526917,61092.26355427401,488.700548148314,95.57395914347569,169.41710079962107,5357.548890056917,20777.25577964938,16830.868897965996,8561.75623725,8560.320996749999,1.8189894035458565e-12,1.1368683772161603e-13,15,0
2025-04-21,36003.681617899114,0.0,2437.537995800987,1218.7689979004936,-1218.7689979004936,2066.505932258979,36851.4185522576,61157.69846316104,56393.61801347509,0.0,4764.080449685961,560.2093552364269,4783.803261057035,19210.295245242844,15557.1815209217,8560.320996749999,8563.829472,9.094947017729282e-13,1.1368683772161603e-13,15,0
2025-04-22,35059.944629906626,386.7614838191952,0.0,0.0,386.7614838191952,2584.5880446172437,38031.294158343066,59091.91512335632,59589.575721606234,497.6605982499158,0.0,721.4103076634148,4363.55472132013,19989.42957780447,16194.927586521619,8563.829472,8559.952107000001,1.8189894035458565e-12,1.1368683772161603e-13,15,0
2025-04-23,34470.00484740088,1078.6723347560348,0.0,0.0,1078.6723347560348,1185.2535742507932,36733.93075640771,58230.296102871565,59807.456279736245,1577.1601768646783,0.0,330.876257500017,4921.338899607673,19905.021890983793,16087.94497002187,8559.952107000001,8598.977397749997,1.8189894035458565e-12,1.1368683772161603e-13,15,0
2025-04-24,31886.88625107109,528.035568916184,544.7164736880916,272.3582368440458,255.6773320721382,816.8306870942799,32959.394270237506,52003.04764115341,51248.88252212123,387.702215164264,1141.8673341964407,147.7250539446486,7475.216968858509,12649.320857319413,15818.036950112037,8598.977397749997,2407.7695581018697,1.8189894035458565e-12,1.1368683772161603e-13,15,0
2025-04-25,13315.714104202718,0.0,45.060479375539536,22.530239687769768,-22.530239687769768,731.8974554988441,14025.081320013793,27083.887403415047,27034.17436710062,0.0,49.71303631442839,168.90861425369764,22751.305843501104,13131.652820506393,10680.23333265318,2407.7695581018697,2359.3311713874205,1.8189894035458565e-12,1.1368683772161603e-13,15,0
2025-04-26,16100.074959844698,278.20956079878755,0.0,0.0,278.20956079878755,841.0262786110741,17219.310799254563,33526.30291717246,33729.80543355801,203.50251638554442,0.0,203.4485806859376,25028.70535737111,19380.114653963912,10545.759630424405,2359.3311713874205,8083.923659483374,1.8189894035458565e-12,1.1368683772161603e-13,15,0
2025-04-27,32911.51541523423,1626.3451641736715,28.821472965936398,14.410736482968199,1611.9344276907034,3237.2616042332284,37760.71144715816,55350.736526993496,57297.20643039927,2011.809901061486,65.33999765571616,796.3807362752809,6176.475327875154,20083.029655505597,16739.389000039533,8083.923659483374,7559.329238283371,1.8189894035458565e-12,1.1368683772161603e-13,15,0
2025-04-28,34767.454729693476,3873.9461484229414,0.0,0.0,3873.9461484229414,1682.0784313464014,40323.47930946282,58807.94487842014,63730.93164423194,4922.986765811802,0.0,399.9929112526287,3828.832921960555,20076.877000639124,16396.75268378178,7559.329238283371,7409.9044457677255,1.8189894035458565e-12,1.1368683772161603e-13,15,0
2025-04-29,33991.75657250095,1051.6297059495703,103.78008613661586,51.89004306830793,999.7396628812623,789.9313049629158,35781.427540345125,57132.46358970334,57755.73687308873,860.9151242942276,237.64184090882878,178.31789504697048,6497.946923795564,19611.668500593583,15608.774372920112,7409.9044457677255,7717.323459724051,1.8189894035458565e-12,1.1368683772161603e-13,15,0
2025-04-30,33195.47206360555,0.0,509.82885248057175,254.91442624028588,-254.91442624028588,4328.502200757078,37269.05983812234,55332.12405743275,54743.69296853989,0.0,588.4310888928553,1220.4183976363925,4445.341917092274,18546.08512726802,15284.170111517335,7717.323459724051,7426.388839246011,1.8189894035458565e-12,1.1368683772161603e-13,15,0
2025-05-01,31010.637367813564,558.2198207079234,0.0,0.0,558.2198207079234,11749.457591081802,43318.314779603286,50000.98134923748,50706.08167060106,705.1003213635727,0.0,2531.0300314502474,4116.162109124672,15244.278861709348,17134.70806878271,7426.388839246011,2107.675293914738,1.8189894035458565e-12,1.1368683772161603e-13,15,0
2025-05-02,13925.044465749608,252.90608370889476,0.0,0.0,252.90608370889476,7093.947729682865,21271.898279141365,27625.088249900124,27812.213591495176,187.1253415950536,0.0,1545.4326569161535,12622.554427977688,13176.135857020668,10731.364119920363,2107.675293914738,2042.4596542107124,1.8189894035458565e-12,1.1368683772161603e-13,15,0
2025-05-03,17154.339679382407,0.0,0.0,0.0,0.0,5415.095487657346,22569.435167039752,34769.898878307504,34769.898878307504,0.0,0.0,1076.860757916598,18021.953588746597,19674.339073019186,10716.704675541685,2042.4596542107124,7841.915180437222,1.8189894035458565e-12,1.1368683772161603e-13,15,0
2025-05-04,37350.57747679597,0.0,2266.7153229555433,1133.3576614777717,-1133.3576614777717,5796.628206446171,42013.84802176437,62220.24801672495,58279.759734511594,0.0,3940.488282213364,1626.3918355940373,3893.3927681140794,19017.234352245872,14739.142883587658,7841.915180437222,8580.600671250002,9.094947017729282e-13,1.1368683772161603e-13,15,0
2025-05-05,38392.132798751845,4.6082385817197276,638.5284129233708,319.2642064616854,-314.6559678799657,2862.393430484174,40939.87026135605,63469.01367672637,62706.082653228514,3.9569281999997656,766.8879516978553,713.620840056804,4438.922973807008,20786.664267352953,16881.890547874646,8580.600671250002,8530.9423475625,1.8189894035458565e-12,1.1368683772161603e-13,15,0
2025-05-06,36826.03385740538,327.749607704588,277.5533554049513,138.77667770247564,188.97293000211238,3924.912133433868,40939.91892084136,60014.85874487644,60066.70646266447,469.5104947859703,417.66277699793375,1005.2631929674121,4526.824896215303,20226.62061574254,16551.558222992626,8530.9423475625,8344.280653961203,1.8189894035458565e-12,1.1368683772161603e-13,15,0
2025-05-07,37784.30883076132,859.5638394253947,0.0,0.0,859.5638394253947,2430.3059512069176,41074.178621393636,61883.34680236978,63046.0721014031,1162.7252990333234,0.0,507.9306667943375,4476.713486617364,20177.020094468557,16167.576762888486,8344.280653961203,8539.6245579957,1.8189894035458565e-12,1.1368683772161603e-13,15,0
2025-05-08,36907.44699119758,29.3595573911652,0.0,0.0,29.3595573911652,2054.682419038252,38991.488967627,58418.20601620055,58465.7942444057,47.588228205146606,0.0,486.7720311141225,6305.5321553273225,13111.478349246734,16290.956629054239,8539.6245579957,2238.8921511463823,1.8189894035458565e-12,1.1368683772161603e-13,15,0
2025-05-09,16241.236284023838,2.7549544679997617,0.0,0.0,2.7549544679997617,768.1969222797405,17012.188160771584,30234.16737627976,30236.532956279763,2.3655799999997953,0.0,201.036484192036,19635.342781950534,12992.726251205722,10689.885442684461,2238.8921511463823,2054.695285359911,1.8189894035458565e-12,1.1368683772161603e-13,15,0
2025-05-10,19011.369483613074,97.24031129094386,0.0,0.0,97.24031129094386,819.6386425613632,19928.24843746538,37188.663357161946,37261.182105830536,72.51874866859097,0.0,223.28705941048912,15594.52797606729,20410.403468101696,10641.507562261299,2054.695285359911,8600.16111525,1.8189894035458565e-12,1.1368683772161603e-13,15,0
2025-05-11,38754.90273174043,0.0,457.9116089239311,228.95580446196556,-228.95580446196556,2096.6710577803356,40622.6179850588,64284.20660012287,63264.43126824481,0.0,1019.7753318780613,548.3279085457091,4516.857144051537,19814.214817529682,16002.39186812404,8600.16111525,8652.519042,1.8189894035458565e-12,1.1368683772161603e-13,15,0
2025-05-12,37601.889716885686,250.82567901886927,132.66684399388154,66.33342199694077,184.4922570219285,1673.0110836705717,39459.393057578185,61873.21254853387,61807.1804814069,188.73469876206093,254.76676588902347,445.05790507827004,7029.82075168303,17714.624699177926,14423.402297709119,8652.519042,8569.67871825,1.8189894035458565e-12,1.1368683772161603e-13,15,0
2025-05-13,39196.08529657506,0.0,1284.2947963509466,642.1473981754733,-642.1473981754733,1477.1681453158262,40031.10604371541,65337.06480417638,62702.344994481806,0.0,2634.719809694569,349.57657857304247,6218.41013692562,19416.493777566102,15712.195108103539,8569.67871825,8586.5285535,1.8189894035458565e-12,1.1368683772161603e-13,15,0
2025-05-14,38756.70889204757,405.99059504526804,1362.5437325682444,681.2718662841222,-275.2812712388542,977.342392550957,39458.77001335967,63896.69888463456,62156.04524544164,576.5506219646819,2317.2042611576,324.4880050783031,5870.047622780001,18841.39399240322,15245.057147996606,8586.5285535,8604.83076,1.8189894035458565e-12,1.1368683772161603e-13,15,0
2025-05-15,35850.04655963574,8.295655304944157,292.75833687631365,146.37916843815682,-138.08351313321268,1024.7356774134291,36736.69872391596,55879.050123723195,55340.758328643,12.47842254052972,550.7702176207156,301.54726596774617,6535.00585992083,11998.365672805721,15656.12422144913,8604.83076,2007.6662861372258,1.8189894035458565e-12,1.1368683772161603e-13,15,0
2025-05-16,15653.03038045585,0.0,220.02308146390902,110.01154073195451,-110.01154073195451,944.5296656482535,16487.54850537215,29155.17244474979,28917.876423654787,0.0,237.29602109500166,289.8496896075904,24067.16581430748,12606.789555763524,10181.735790141956,2007.6662861372258,2040.7371195000005,1.8189894035458565e-12,1.1368683772161603e-13,15,0
2025-05-17,18428.416660236097,0.0,30.43519964471642,15.21759982235821,-15.21759982235821,2258.34502845335,20671.544088867086,36154.14992193403,36119.629306416246,0.0,34.52061551778388,531.1010460644476,16534.88343895985,19857.187636644783,10190.139806457279,2040.7371195000005,8589.82842975,1.8189894035458565e-12,1.1368683772161603e-13,15,0
2025-05-18,38508.17465584134,0.0,334.1985043314172,167.0992521657086,-167.0992521657086,950.2589453292377,39291.33434900487,63950.42841678018,63531.1917820438,0.0,419.23663473637293,330.2427899889034,6543.985563795464,19364.263463222323,15722.98255498508,8589.82842975,8547.68493,1.8189894035458565e-12,1.1368683772161603e-13,15,0
2025-05-19,37126.71700593477,62.24272983654152,984.7559866832748,492.3779933416374,-430.13526350509596,1292.9490374171478,37989.53077984683,61774.69732740405,59687.201844156596,51.70506306197399,2139.200546309433,216.74969039317523,8827.015244904542,18748.03639918541,15186.316659540184,8547.68493,8547.232512,1.8189894035458565e-12,1.1368683772161603e-13,15,0
2025-05-20,36609.14669118386,696.6474283140042,0.0,0.0,696.6474283140042,2764.454794377872,40070.24891387573,60760.718013670936,61662.15360430657,901.435590635631,0.0,601.7235340748662,4220.737737905498,18487.155279785646,14971.410695976376,8547.232512,8550.771490500001,1.8189894035458565e-12,1.1368683772161603e-13,15,0
2025-05-21,36189.50959097134,1009.575238785246,55.08254411261352,27.54127205630676,982.0339667289393,1605.6701421313703,38777.21369983166,59503.760598849876,60372.46266635395,999.0076584705728,130.30559096648898,444.3914284441038,5928.6898859663925,18568.55074328074,15043.001817782399,8550.771490500001,8548.020695250001,1.8189894035458565e-12,1.1368683772161603e-13,15,0
2025-05-22,34211.037725730006,0.0,40.34560744799126,20.17280372399563,-20.17280372399563,506.99765442773105,34697.86257643374,53279.32189139983,53238.67817987327,0.0,40.64371152656827,145.79825109730257,6608.431908440425,10930.894673741555,14971.480967878077,8548.020695250001,1750.8470484195386,1.8189894035458565e-12,1.1368683772161603e-13,15,0
2025-05-23,15044.11321685776,557.8310744383094,0.0,0.0,557.8310744383094,497.84629261845356,16099.79058391452,28405.65839661182,28819.457660667533,413.7992640557092,0.0,181.57023710106034,20229.18568728675,12437.075739026737,10086.182411878232,1750.8470484195386,1737.3458670122345,1.8189894035458565e-12,1.1368683772161603e-13,15,0
2025-05-24,18447.840408393087,0.0,141.92962869246387,70.96481434623193,-70.96481434623193,665.5057549569037,19042.381349003757,36114.18892491797,35967.255198431216,0.0,146.9337264867628,202.59777244743083,22567.407839447656,19837.771579519307,9989.827831421651,1737.3458670122345,8491.531587,1.8189894035458565e-12,1.1368683772161603e-13,15,0
2025-05-25,37023.7228253131,2.783641339577088,968.2024569168638,484.1012284584319,-481.3175871188548,1241.4541834510119,37783.85942164526,61153.66628124491,59197.71130970941,2.3038620646199774,1958.2588336001165,305.51304987510076,7788.844822923862,17955.10229164888,14785.732938321558,8491.531587,8222.531495793359,1.8189894035458565e-12,1.1368683772161603e-13,14,0
2025-05-26,36045.39306401907,2037.5903519956262,0.0,0.0,2037.5903519956262,2123.7620416405575,40206.745457655255,59114.375963394705,61946.67854324498,2832.3025798502667,0.0,673.7155701159134,5040.542514440177,18728.402528472823,15728.383879552108,8222.531495793359,7602.111683027666,1.8189894035458565e-12,1.1368683772161603e-13,15,0
2025-05-27,35952.63399381085,0.0,182.51670875298353,91.25835437649177,-91.25835437649177,1748.9209323609082,37610.29657179527,59271.830162464285,59002.15265358091,0.0,269.67750888337514,494.96105545802783,6158.658396991348,18581.88110017401,14633.793088126424,7602.111683027666,8066.0345752660205,1.8189894035458565e-12,1.1368683772161603e-13,15,0
2025-05-28,37338.79011023037,191.85369784416477,296.8990055982473,148.44950279912365,43.40419504504115,1103.7513506987793,38485.945655974196,62126.03587986746,61753.08838871357,136.53988439276424,509.487375546644,348.61542621131514,6279.019051017182,19648.793556948352,16099.932893040645,8066.0345752660205,7861.13445091882,1.8189894035458565e-12,1.1368683772161603e-13,15,0
2025-05-29,34688.03787603713,444.6601521945651,204.24709373455156,102.12354686727578,342.53660532728935,2714.565931460156,37745.14041282457,55296.11298432527,55590.55742969735,624.6883070971586,330.24386172507855,631.8792502499052,5206.760835606558,12902.223329039702,15996.670984699,7861.13445091882,1699.0565751667727,1.8189894035458565e-12,1.1368683772161603e-13,15,0
2025-05-30,15197.159019249717,241.89612958446585,0.0,0.0,241.89612958446585,948.4738124984564,16387.52896133264,28550.669566258803,28728.59534228257,177.9257760237628,0.0,313.18971478021103,20009.309230951832,12535.898038452717,10099.655479008437,1699.0565751667727,1759.5253886537334,1.8189894035458565e-12,1.1368683772161603e-13,15,0
2025-05-31,18932.224369512882,0.0,272.5564072860043,136.27820364300214,-136.27820364300214,1046.7213919713276,19842.667557841207,37022.34070918942,36719.99988301915,0.0,302.3408261702673,415.05111046040366,18790.34305128133,20448.376051903095,10492.849659704867,1759.5253886537334,8504.34199125,1.8189894035458565e-12,1.1368683772161603e-13,15,0
2025-06-01,41326.93518564508,851.9328594675096,0.0,0.0,851.9328594675096,26952.05318445573,69130.92122956831,68995.44813676027,70103.87035377526,1108.4222170149812,0.0,6758.33954129741,1453.1950399156926,21670.578150957772,17486.389595800792,8504.34199125,8578.540554000001,1.8189894035458565e-12,1.1368683772161603e-13,15,0
2025-06-02,43509.71670229759,344.0110083026268,1473.9755408973415,736.9877704486707,-392.97676214604394,20483.97290154433,63600.71284169588,72018.23199017532,69694.45375895462,286.6141464310374,2610.3923776517395,5105.731279355742,1842.9015926946265,22535.76695481968,18219.290959203943,8578.540554000001,8617.074192000002,1.8189894035458565e-12,1.1368683772161603e-13,15,0
2025-06-03,44374.703177849035,147.36985721352238,42.86040879649694,21.43020439824847,125.93965281527392,11485.103404963076,55985.74623562739,72651.61130237265,72768.21345603971,203.37481872523153,86.77266505816442,2771.8124956532383,3174.3235601847955,22185.65415947276,18012.318601297942,8617.074192000002,8570.475600750002,1.8189894035458565e-12,1.1368683772161603e-13,15,0
2025-06-04,49700.27628814704,0.0,2660.7490573566765,1330.3745286783383,-1330.3745286783383,5763.236850329131,54133.13860979783,80484.30290286266,76590.228754101,0.0,3894.074148761651,1790.7234880841768,4435.660329677497,22571.269071926417,18271.2379760854,8570.475600750002,8583.2422365,1.8189894035458565e-12,1.1368683772161603e-13,14,0
2025-06-05,44446.431916274865,284.4667364359111,111.87337920360957,55.93668960180479,228.53004683410634,4326.050422327475,49001.01238543645,70035.5733270705,70024.39044911534,232.43544788772635,243.61832584287652,1182.355891184326,3052.7526671349383,15023.978769143663,18019.30311264559,8583.2422365,2083.3752257897536,1.8189894035458565e-12,1.1368683772161603e-13,14,0
2025-06-06,21881.496458282716,0.0,0.0,0.0,0.0,2139.6099540247287,24021.106412307447,37556.960865476365,37556.960865476365,0.0,0.0,626.2829235702122,4685.148926226919,13556.285374571029,10913.185911751369,2083.3752257897536,2158.2699387354987,1.8189894035458565e-12,1.1368683772161603e-13,14,0
2025-06-07,26316.935105712288,66.23361714400048,232.60902775989868,116.30451387994934,-50.07089673594888,826.3922206230122,27093.25642959935,48180.61975974909,47743.70108521705,47.88258029147923,484.80125482351696,235.0684523530747,7101.9915530518465,20777.782957702955,11027.518139851341,2158.2699387354987,8605.476667500001,9.094947017729282e-13,1.1368683772161603e-13,15,0
2025-06-08,52874.96646790774,0.0,2882.5888990587628,1441.2944495293814,-1441.2944495293814,92.39553038080274,51526.06754875916,84385.38161003767,80109.90911533908,0.0,4275.472494698597,40.89157258472945,10831.059148509261,21860.232005251983,17725.413732504105,8605.476667500001,8584.781325000002,1.8189894035458565e-12,2.2737367544323206e-13,15,0
2025-06-09,54712.739243038915,0.0,2328.210361990549,1164.1051809952744,-1164.1051809952744,712.7034587616199,54261.33752080525,86845.04496957667,83413.8594131711,0.0,3431.1855564055927,260.6064292859219,8344.217029377178,22992.80885274474,18595.27277299824,8584.781325000002,8616.895100250002,1.8189894035458565e-12,2.2737367544323206e-13,14,0
2025-06-10,52682.7243420108,54.999045021451934,266.1074925304296,133.0537462652148,-78.05470124376286,1196.9920733733773,53801.66171414041,83975.63359997259,83474.35240025457,39.87030246123379,541.1515021792518,423.88667374707114,7892.944437268195,23165.137945658447,18778.28754225834,8616.895100250002,8600.755315500002,1.8189894035458565e-12,2.2737367544323206e-13,14,0
2025-06-11,54513.86790751074,394.67747278285555,110.32728248846203,55.163641244231016,339.5138315386245,1931.4104618146894,56784.79220086405,86328.8200362148,86449.04406393066,313.51074612917574,193.286718413323,462.361935735168,6154.367230248364,24464.866761451503,19792.27430870072,8600.755315500002,8627.71950225,9.094947017729282e-13,1.1368683772161603e-13,14,0
2025-06-12,51051.21505690452,0.0,1144.9874104157132,572.4937052078566,-572.4937052078566,954.748345546808,51433.469697243476,78801.4350691589,77324.37903710004,0.0,1477.0560320588652,269.9438038778191,7457.180060816396,16487.06237711076,18802.31103028264,8627.71950225,2574.6189413356424,1.8189894035458565e-12,1.1368683772161603e-13,14,0
2025-06-13,22702.838627711993,0.0,591.557070128079,295.7785350640395,-295.7785350640395,861.7802541729968,23268.84034682095,39386.33253542616,38246.80729032893,0.0,1139.525245097239,186.3227760320838,7491.712157951061,14183.169559843303,11587.065351433357,2574.6189413356424,2464.9544880464396,1.8189894035458565e-12,1.1368683772161603e-13,14,0
2025-06-14,25942.743666257906,0.0,992.5519604966408,496.2759802483204,-496.2759802483204,350.301073212268,25796.76875922185,46805.09931716803,45210.3591064735,0.0,1594.740210694529,145.6587413821707,9792.152677674905,20446.570840381908,11076.048420201143,2464.9544880464396,8560.147777500004,1.8189894035458565e-12,1.1368683772161603e-13,14,0
2025-06-15,52686.43784852046,94.92763940770055,246.4973910815745,123.24869554078725,-28.3210561330867,606.9179373747633,53265.034729762134,83871.07251385736,83719.6291930982,134.95077791775918,286.39409867692063,161.02440951085657,8753.354853382521,23818.341343516906,19318.0169276237,8560.147777500004,8532.191733750002,9.094947017729282e-13,1.1368683772161603e-13,14,0
2025-06-16,53592.31473874033,0.0,887.6392757400313,443.81963787001564,-443.81963787001564,1134.0311993484597,54282.526300218764,85079.94272899732,83915.21579911062,0.0,1164.726929886719,341.8423806717581,7101.164067774942,23469.075832582977,19007.234537242213,8532.191733750002,8535.210497250004,9.094947017729282e-13,1.1368683772161603e-13,14,0
2025-06-17,54083.20479673118,0.0,218.24310946706152,109.12155473353076,-109.12155473353076,1837.9526926245708,55812.035934622225,86022.6550481267,85677.12094793418,0.0,345.53410019250543,508.364092881918,6962.300068411466,24119.618808489304,19533.445052751336,8535.210497250004,8539.039588500002,1.8189894035458565e-12,2.2737367544323206e-13,14,0
2025-06-18,53920.86622252509,0.0,1528.5579728246335,764.2789864123167,-764.2789864123167,883.8333733569845,54040.42060946975,85994.88826547563,83876.88661809202,0.0,2118.0016473836254,240.74874182868095,8937.262662764326,22444.987936086174,18193.0061389298,8539.039588500002,8525.077465500002,9.094947017729282e-13,1.1368683772161603e-13,14,0
2025-06-19,48963.191362541445,52.1339510301319,2576.9443262066793,1288.4721631033397,-1236.3382120732078,1603.2620488511304,49330.11519931936,76057.75038212273,72307.91782923328,44.65934491660744,3794.4918978060673,439.35636450034366,7077.84593980964,15679.983868473259,18270.05981454928,8525.077465500002,2336.996486515622,1.8189894035458565e-12,2.2737367544323206e-13,14,0
2025-06-20,21660.863702687057,0.0,430.37772465985813,215.18886232992907,-215.18886232992907,447.4015941759,21893.07643453303,37201.587677010175,36426.593917709986,0.0,774.993759300185,198.6905541866816,11747.067975813548,13250.205851360202,10772.570205277081,2336.996486515622,2292.6593024319377,1.8189894035458565e-12,1.1368683772161603e-13,14,0
2025-06-21,24123.59713027122,0.0,211.49500607360392,105.74750303680196,-105.74750303680196,1184.5975118032602,25202.447139037682,43570.645688913195,43321.18844938119,0.0,249.45723953200547,342.738738846026,14834.995390983237,20406.592275040653,10912.400877796674,2292.6593024319377,8533.702485750002,1.8189894035458565e-12,1.1368683772161603e-13,14,0
2025-06-22,50741.68438919034,166.96544195117593,1753.7789758572783,876.8894879286391,-709.9240459774632,1406.8070303595061,51438.56737357238,81638.97333965887,79088.41156553966,163.06287823207504,2713.6246523512837,348.4486857527737,7764.703647716974,22142.5389997393,17927.72349616384,8533.702485750002,8542.294812000002,1.8189894035458565e-12,1.1368683772161603e-13,14,0
2025-06-23,50684.19299275925,0.0,826.7718389080972,413.3859194540486,-413.3859194540486,714.829006219859,50985.63607952505,80917.99387664968,79719.64233060153,0.0,1198.3515460481367,203.37363247267513,8562.473823464827,22667.66177439148,18368.405634782095,8542.294812000002,8533.85081475,1.8189894035458565e-12,1.1368683772161603e-13,14,0
2025-06-24,53815.580374971534,281.5600710306589,352.57539488052726,176.28769744026363,105.27237359039526,3320.8273698495127,57241.680118411445,85744.56159209071,85510.44346535031,257.4180387903104,491.53616553070935,860.2669348837534,5461.5482140410895,24322.583761673566,19682.21382548059,8533.85081475,8555.049727500002,9.094947017729282e-13,1.1368683772161603e-13,14,0
2025-06-25,50192.100339059085,128.1378228770609,6.114817897697803,3.0574089488489014,125.08041392821198,1971.075744012816,52288.25649700011,81217.04507166316,81301.7132431601,98.53082825889402,13.862656761953758,428.2304292065604,7015.411514615005,22511.704847815745,18234.594056730755,8555.049727500002,8554.9240275,9.094947017729282e-13,1.1368683772161603e-13,14,0
2025-06-26,46427.57840849932,0.0,105.9511324943619,52.97556624718095,-52.97556624718095,654.16501561985,47028.76785787199,71966.82466103873,71844.7653579408,0.0,122.059303097917,144.56197441971807,7316.537932049316,15289.625901011505,18164.220334033624,8554.9240275,2133.120300595219,2.7284841053187847e-12,1.1368683772161603e-13,14,0
2025-06-27,20579.986948776437,0.0,760.0548243732641,380.02741218663203,-380.02741218663203,754.8514323031026,20954.81096889291,35825.0195358145,34933.14526379284,0.0,891.8742720216574,236.76139958347886,12594.59400249221,14591.247354067662,11787.58055985022,2133.120300595219,2167.9311860892035,1.8189894035458565e-12,1.1368683772161603e-13,14,0
2025-06-28,23105.30213370184,9.779932940581187,0.0,0.0,9.779932940581187,812.8587846172538,23927.940851259675,42300.183712152524,42309.634292372444,9.450580219917077,0.0,262.96758505323777,11119.893423776724,20445.790922303015,10770.008585320727,2167.9311860892035,8602.466810250002,1.8189894035458565e-12,1.1368683772161603e-13,14,0
2025-06-29,48853.08714624652,692.7342571457355,311.5803828794845,155.79019143974224,536.9440657059932,2223.0015031395433,51613.032715092064,78755.93687714418,78840.1806013542,593.5174508386281,509.27372662861933,733.958980672257,6192.331366929455,21975.029654019287,17860.989972255622,8602.466810250002,8534.44908525,9.094947017729282e-13,1.1368683772161603e-13,14,0
2025-06-30,50826.72139365492,28.680777174158187,425.3471973482971,212.67359867414854,-183.99282149999038,2226.6745627550304,52869.40313490997,81411.91979643595,80784.26170043193,20.11506786444295,647.7731638684576,580.8980603359348,7116.195043126956,22741.039796092475,18369.759061784905,8534.44908525,8590.541499750001,1.8189894035458565e-12,1.1368683772161603e-13,15,0
2025-07-01,47055.6809552735,0.0,778.7376676917372,389.3688338458686,-389.3688338458686,31978.099783614096,78644.41190504172,76192.97479553585,74987.04102738165,0.0,1205.9337681541913,8905.570524129753,851.449034133125,21628.088936157583,17453.47045211264,8590.541499750001,8663.0765955,1.8189894035458565e-12,1.1368683772161603e-13,15,0
2025-07-02,46942.04561528799,0.0,2269.295479404759,1134.6477397023796,-1134.6477397023796,21176.706984092853,66984.10485967847,76024.20929791284,72132.42685319323,0.0,3891.7824447196044,5722.02340465166,1123.0432719323069,20080.769178662726,16254.128559416811,8663.0765955,8675.6260125,1.8189894035458565e-12,1.1368683772161603e-13,15,0
2025-07-03,48271.78658763883,72.53265285446518,171.0441507142311,85.52207535711555,-12.98942250265037,15450.554778610562,63709.35194374675,75154.19088595406,75034.0834250443,98.59757420591495,218.70503511567034,4096.907508525779,2043.4068980931356,15738.502024497848,18411.33692235424,8675.6260125,2383.236809710011,1.8189894035458565e-12,1.1368683772161603e-13,15,0
2025-07-04,23423.471136503256,0.0,0.0,0.0,0.0,7317.924131929192,30741.39526843245,40186.855814870134,40186.855814870134,0.0,0.0,2043.5713594943359,10486.019932063336,13853.722422181934,10990.182646547466,2383.236809710011,2640.272937954352,1.8189894035458565e-12,1.1368683772161603e-13,15,0
2025-07-05,27885.977719779014,0.0,0.0,0.0,0.0,4075.3080148604636,31961.285734639478,49466.95451002463,49466.95451002463,0.0,0.0,1058.9668031341293,12461.943603064296,20531.146134008995,11257.248390581199,2640.272937954352,8610.250691250003,1.8189894035458565e-12,1.1368683772161603e-13,15,0
2025-07-06,54360.44381116054,4011.4182296723416,0.0,0.0,4011.4182296723416,2274.311953384593,60646.173994217475,86179.23673660273,89994.7793181182,3815.5425815154804,0.0,556.914266779331,6265.790393705012,23771.509672592263,19279.588031399737,8610.250691250003,8582.844917250004,1.8189894035458565e-12,2.2737367544323206e-13,15,0
2025-07-07,54492.85167851569,28.81321896907119,912.0240449617281,456.01202248086406,-427.1988035117929,1672.5465072309476,55738.199382234845,86578.49355439753,85130.98220933245,20.81267269827265,1468.3240177633393,475.5212861280843,8069.869585467876,21718.314288163183,17591.16314483718,8582.844917250004,8583.590949000003,9.094947017729282e-13,2.2737367544323206e-13,15,0
2025-07-08,57966.584780207995,475.6414522844936,931.7813421174437,465.89067105872186,9.750781225771675,186.47239675097646,58162.80795818475,91232.41705152139,90035.31170997792,366.8514056579147,1563.9567472013737,78.87486485780391,10226.211704804715,22680.84520283869,18364.257349474334,8583.590949000003,8591.621243250003,1.8189894035458565e-12,2.2737367544323206e-13,15,0
2025-07-09,57124.26237650533,44.21915511380751,996.4088111813103,498.20440559065514,-453.98525047684757,576.0333710829502,57246.31049711144,90269.81804367155,88872.61722007526,31.00729607521157,1428.208119671489,102.51213380219468,10814.41073013588,21865.141602367992,17763.14799529308,8591.621243250003,8533.4175795,1.8189894035458565e-12,2.2737367544323206e-13,15,0
2025-07-10,51758.06462791299,304.52439001064243,394.1165347865117,197.05826739325585,107.46612261738662,663.6604056058077,52529.19115613618,79453.29781945766,78975.09993688531,268.4517525432938,746.649635115639,237.40709334284824,8618.032772208579,16360.056754525614,18619.20587983937,8533.4175795,2569.4621254181952,1.8189894035458565e-12,2.2737367544323206e-13,15,0
2025-07-11,27681.202691766248,0.0,356.2700656489693,178.13503282448465,-178.13503282448465,840.5607069767948,28343.628365918557,46056.46077362148,45627.555426474355,0.0,428.9053471471251,253.40805683701677,10644.765064226405,14180.915434864499,11463.494165779532,2569.4621254181952,2595.070277041212,1.8189894035458565e-12,1.1368683772161603e-13,15,0
2025-07-12,29531.378949416016,568.3123021591927,0.0,0.0,568.3123021591927,308.7962803007506,30408.487531875962,51678.55041247027,52137.358953204835,458.80854073456345,0.0,101.16129333482174,11958.055782071464,20449.68274932607,11253.46161819121,2595.070277041212,8495.938509,1.8189894035458565e-12,1.1368683772161603e-13,15,0
2025-07-13,54835.041309073924,0.0,3185.6454374252316,1592.8227187126158,-1592.8227187126158,969.992734879452,54212.21132524077,86315.06784627767,81860.27598314537,0.0,4454.791863132286,204.14011226479334,8542.122594452423,22069.38954556702,17814.81644460928,8495.938509,8564.148605999999,1.8189894035458565e-12,2.2737367544323206e-13,15,0
2025-07-14,52320.83826047076,7.397968508526138,939.6680926003202,469.8340463001601,-462.4360777916339,1383.2024891413955,53241.604671820525,83497.79705447686,81842.21846050049,6.122878964226061,1661.7014729405973,315.6508351330583,6258.081964687979,21612.44247581,17520.334361531102,8564.148605999999,8548.308654749999,1.8189894035458565e-12,2.2737367544323206e-13,15,0
2025-07-15,56172.29047141645,0.0,1288.7172307597957,644.3586153798979,-644.3586153798979,357.1336397044022,55885.06549574096,88904.15158249899,86978.57162637293,0.0,1925.5799561260649,123.94941065466483,10133.600572410083,22199.469419785186,17979.599538501003,8548.308654749999,8550.498311999998,1.8189894035458565e-12,2.2737367544323206e-13,15,0
2025-07-16,54475.94236620986,0.0,473.5040694653041,236.75203473265205,-236.75203473265205,1134.9395966765348,55374.12992815375,85741.79620996416,85056.32820714996,0.0,685.4680028142072,383.2829465844227,9143.093119436997,21977.689067179206,17815.734416215157,8550.498311999998,8535.158009999997,1.8189894035458565e-12,1.1368683772161603e-13,15,0
2025-07-17,50594.78857830938,990.2891893220477,165.6825115493507,82.84125577467535,907.4479335473724,1840.6026746486505,53342.83918650541,77627.05728503485,78191.5067443472,872.0821834876426,307.63272417529845,467.92184998864633,8307.04481848481,15493.382250644512,17861.414541460137,8535.158009999997,2633.1858784021288,1.8189894035458565e-12,1.1368683772161603e-13,15,0
2025-07-18,27371.0135180096,0.0,638.8258724926435,319.41293624632175,-319.41293624632175,396.945856067577,27448.546437830853,45441.4208579016,44627.20356587574,0.0,814.2172920258553,103.49938698650843,10840.124665088686,13758.234989800534,11141.904802026975,2633.1858784021288,2635.703144748194,1.8189894035458565e-12,1.1368683772161603e-13,15,0
2025-07-19,29863.58830577496,9.81196968278055,170.61540537786476,85.30770268893238,-75.49573300615184,824.9795829377933,30613.0721557066,51601.24181694889,51392.3013210456,6.980378958332835,215.9208748616188,263.48225373722823,15411.673335843141,19858.55542954241,10797.264240602726,2635.703144748194,8511.442764,1.8189894035458565e-12,1.1368683772161603e-13,15,0
2025-07-20,52817.87808811014,62.19909009160189,302.58185747868873,151.29092873934437,-89.09183864774249,1184.04970578322,53912.83595524561,84451.70409526155,83926.44825114077,48.14618516482375,573.4020292856048,274.4706129669338,7882.6480493646795,22004.084637244,17775.792039167638,8511.442764,8564.238894000002,1.8189894035458565e-12,2.2737367544323206e-13,15,0
2025-07-21,53532.48712351758,586.3164662103313,140.24259297518773,70.12129648759387,516.1951697227374,1092.3150088009022,55140.99730204123,85111.99114759057,85394.62055532455,570.5382909769529,287.9088832429603,338.06136859838114,7500.76891662383,22430.746646179516,18188.582988880407,8564.238894000002,8542.37422125,1.8189894035458565e-12,2.2737367544323206e-13,15,0
2025-07-22,54631.494434773995,1450.3398203990216,5.132948254915598,2.566474127457799,1447.7733462715637,805.9735269965615,56885.241308042125,86444.44204644294,88070.32297478663,1637.517628082778,11.636699739096798,194.87714564778474,10085.72700588313,22851.833518471627,18467.50502058702,8542.37422125,8589.574365,1.8189894035458565e-12,2.2737367544323206e-13,15,0
2025-07-23,57661.95039998239,0.0,2427.7237235747243,1213.8618617873622,-1213.8618617873622,1072.2389473766439,57520.32748557167,90739.87418256927,87150.38145244034,0.0,3589.492730128912,316.3616618033224,8923.153908162389,22786.622435340112,18459.580345925493,8589.574365,8586.889728,1.8189894035458565e-12,1.1368683772161603e-13,14,0
2025-07-24,54170.76941892711,0.0,1036.5639253763131,518.2819626881566,-518.2819626881566,272.69465517827183,53925.18211141723,82933.01067758154,81370.28638295116,0.0,1562.7242946303772,74.7442905104133,10175.04362624585,16105.286811837414,18451.77176462168,8586.889728,2579.6792312962502,1.8189894035458565e-12,1.1368683772161603e-13,14,0
2025-07-25,26321.50464717266,0.0,105.83620637200902,52.91810318600451,-52.91810318600451,772.9474665422042,27041.534010528863,44019.32083348494,43886.08367359161,0.0,133.23715989333272,182.23025083087066,14892.588641126014,14214.976265983425,11544.570549353624,2579.6792312962502,2545.857260288418,1.8189894035458565e-12,1.1368683772161603e-13,14,0
2025-07-26,28771.26666215793,0.0,1.400164326968771,0.7000821634843855,-0.7000821634843855,517.8721388889612,29288.438718883408,50491.32490507883,50489.46644433159,0.0,1.858460747237551,200.77348778928797,12899.70439184552,20404.177533780363,11082.733560171664,2545.857260288418,8595.468640500001,9.094947017729282e-13,1.1368683772161603e-13,14,0
2025-07-27,52598.01092116192,200.6580936634503,177.73201095215967,88.86600547607983,111.79208818737047,1856.3815624200483,54566.184571769336,83702.60635823419,83495.03781213763,168.0387261344349,375.60727223102003,574.9406482574095,6176.301850749902,22124.503927474336,17916.017117829215,8595.468640500001,8600.836488750003,3.637978807091713e-12,2.2737367544323206e-13,14,0
2025-07-28,53047.37455626945,1000.2485903845119,0.0,0.0,1000.2485903845119,4792.924303928155,58840.54745058212,84540.44151785906,85553.61877823746,1013.177260378407,0.0,1219.0625290152911,4571.162953941211,22511.44542580635,18264.804305828147,8600.836488750003,8566.9103655,9.094947017729282e-13,1.1368683772161603e-13,15,0
2025-07-29,54848.54285780089,3040.8647692017457,0.0,0.0,3040.8647692017457,472.0860224086483,58361.49364941127,87040.79867223259,90195.51563437581,3154.7169621432286,0.0,81.7688659700128,9859.692911025046,22846.923385109374,18498.577745788592,8566.9103655,8575.166139,9.094947017729282e-13,2.2737367544323206e-13,15,0
2025-07-30,52360.47319140649,3832.3239238169645,0.0,0.0,3832.3239238169645,385.5600054071545,56578.35712063062,83209.26890733065,86915.2779106943,3706.0090033636607,0.0,112.44403204749392,8566.727081645817,22829.03724221573,18471.296431119736,8575.166139,8597.636955749998,1.8189894035458565e-12,2.2737367544323206e-13,15,0
2025-07-31,50321.145209741255,1263.9794179257242,0.0,0.0,1263.9794179257242,1851.5889910705405,53436.71361873753,77937.45757482268,79193.88206638675,1256.4244915640675,0.0,448.9025216648041,7095.230133519575,16555.102377931187,18702.54419006588,8597.636955749998,2716.6244402593093,1.8189894035458565e-12,1.1368683772161603e-13,15,0
2025-08-01,25602.18670778365,0.0,527.6148296951617,263.80741484758084,-263.80741484758084,860.9934537949683,26199.37274673104,42954.684634626145,42359.28131419624,0.0,595.4033204298994,266.4576135875214,18978.06156655991,13236.378904857007,10840.06121029982,2716.6244402593093,2584.8529987419247,1.8189894035458565e-12,1.1368683772161603e-13,15,0
2025-08-02,28522.725518202184,0.0,89.66793860164339,44.83396930082169,-44.83396930082169,494.8549200924362,28972.7464689938,49804.00834870736,49688.76929261034,0.0,115.23905609701904,114.68222833855611,19596.802691693127,20148.93213244823,10869.308236525794,2584.8529987419247,8641.88276625,1.8189894035458565e-12,1.1368683772161603e-13,15,0
2025-08-03,47836.31506298641,0.0,1823.137272457114,911.568636228557,-911.568636228557,3427.926836365423,50352.67326312329,75757.3091602528,72314.70987218319,0.0,3442.599288069605,917.413754462427,6740.629746960447,19363.29681395705,15711.282917605211,8641.88276625,8611.86887925,1.8189894035458565e-12,2.2737367544323206e-13,15,0
2025-08-04,49136.185089015504,4.563690913934021,1397.6770903841266,698.8385451920633,-694.2748542781294,1712.027397653858,50153.93763239123,77739.08619120928,75553.74347526334,3.918676724999159,2189.2613926709414,492.1773805642964,6762.078480684344,19878.75912926293,16010.57183745297,8611.86887925,8713.227831749999,1.8189894035458565e-12,1.1368683772161603e-13,15,0
2025-08-05,48072.56065284958,0.0,43.548450165125395,21.774225082562698,-21.774225082562698,1701.4487509179457,49752.23517868496,75974.64424561309,75928.94401363177,0.0,45.700231981312754,447.78761701583716,7382.08064922461,20298.994994287685,16456.653746198022,8713.227831749999,8697.1524975,1.8189894035458565e-12,1.1368683772161603e-13,15,0
2025-08-06,49579.593878960644,223.34756667610313,0.0,0.0,223.34756667610313,1750.813026803162,51553.75447243991,77986.15094940006,78261.08195069275,274.9310012926955,0.0,551.6518974351319,6713.095360684666,20951.265297508195,16966.026076731636,8697.1524975,8702.151179999999,9.094947017729282e-13,2.2737367544323206e-13,15,0
2025-08-07,46507.37700558971,449.63278453617,2572.2955712364046,1286.1477856182023,-836.5150010820321,1657.992778975266,47328.854783482944,72302.90562826136,67311.5002048432,331.24201291689405,5322.647436335053,526.4500714922171,7555.574649153149,13461.69655885194,16567.306181669665,8702.151179999999,2409.560103333784,1.8189894035458565e-12,2.2737367544323206e-13,15,0
2025-08-08,24067.50916443563,2.723828592000231,37.601196124713326,18.800598062356663,-16.07676947035643,679.9972121425919,24731.429607107868,41205.465003157544,41161.93810802158,2.3388533333335317,45.865748469292924,151.6174649988917,23043.06064909845,13548.5661943922,11053.24252047018,2409.560103333784,2321.889099986565,1.8189894035458565e-12,1.1368683772161603e-13,15,0
2025-08-09,26578.473934590336,51.08399206903309,0.0,0.0,51.08399206903309,1965.6326838309765,28595.190610490346,46997.71601054072,47035.499743367676,37.78373282696444,0.0,471.511280293866,20116.307550030964,19367.86546837017,10899.090994739594,2321.889099986565,7642.866916253504,1.8189894035458565e-12,1.1368683772161603e-13,15,0
2025-08-10,46699.45882185396,0.0,27.809198869735162,13.904599434867581,-13.904599434867581,2265.582938146262,48951.137160565355,73529.30549934655,73466.55911200508,0.0,62.746387341460206,673.8530953944664,4946.840629444689,19808.060887158084,15919.108359203223,7642.866916253504,7782.223537803313,1.8189894035458565e-12,2.2737367544323206e-13,15,0
2025-08-11,46874.88349483319,466.12291462331706,0.0,0.0,466.12291462331706,2213.7951675110826,49554.8015769676,74465.52211360387,74913.42509533963,447.90298173574166,0.0,548.6489581723717,7001.931107274378,20525.804582935405,16626.914970031128,7782.223537803313,7781.09769574392,1.8189894035458565e-12,2.2737367544323206e-13,15,0
2025-08-12,48233.98262974089,1111.0036825070288,142.1576214874687,71.07881074373435,1039.9248717632943,2074.2875509011737,51348.19505240535,77012.51602352384,77686.47904500781,991.7611993928704,317.7981779088908,540.895707872003,6472.261510292188,20405.6504826104,16411.080890022757,7781.09769574392,7911.64880784577,1.8189894035458565e-12,1.1368683772161603e-13,15,0
2025-08-13,46883.27273351836,286.27841053679964,0.6819890533729478,0.3409945266864739,285.93741601011317,2944.376635076247,50113.58678460472,74276.06640906994,74665.31290697384,390.7852818690831,1.5387839651916693,686.3546391525449,5552.867407522141,19667.22006670385,15989.399378099615,7911.64880784577,7846.147558879667,1.8189894035458565e-12,1.1368683772161603e-13,15,0
2025-08-14,44585.75009405079,1256.5072160364052,0.0,0.0,1256.5072160364052,1719.8316108898437,47562.08892097703,68250.02010091356,70022.35501654114,1772.334915627579,0.0,457.7759025929161,6612.375132241479,15129.560736328001,17188.095932768767,7846.147558879667,2364.8678518317856,1.8189894035458565e-12,2.2737367544323206e-13,15,0
2025-08-15,24559.76107895741,0.0,115.69162618698299,57.84581309349149,-57.84581309349149,1252.9764334728598,25754.891699336782,41527.733232982595,41401.72513183032,0.0,126.00810115227543,377.3753748737612,22029.25324441882,13639.514311753312,11049.393932801388,2364.8678518317856,2363.3263626304533,1.8189894035458565e-12,1.1368683772161603e-13,15,0
2025-08-16,27694.587381236368,0.0,417.07518454232354,208.53759227116177,-208.53759227116177,1636.540228041181,29122.59001700639,48100.93947157055,47618.93340342297,0.0,482.00606814757805,395.59295689167953,22408.611475385882,19414.608685275572,10737.974167013474,2363.3263626304533,7905.3917715857215,9.094947017729282e-13,1.1368683772161603e-13,15,0
2025-08-17,48219.363934698646,98.59514811247917,820.5666404824901,410.28332024124506,-311.68817212876587,1376.6554285138925,49284.331191083766,76524.82751215239,74794.12572249703,70.19415264857923,1800.8959423039475,333.7629773982733,8400.05150672834,20122.748117095558,16560.30454059526,7905.3917715857215,7615.5266985325425,1.8189894035458565e-12,1.1368683772161603e-13,15,0
2025-08-18,47668.98007385682,0.0,69.9543772488045,34.97718862440225,-34.97718862440225,1879.1935588402082,49513.19644407262,75340.1114332784,75185.65708081047,0.0,154.45435246791936,470.94562947019097,7043.014514510158,21163.751798700217,16944.27921959637,7615.5266985325425,7835.9264067001095,1.8189894035458565e-12,2.2737367544323206e-13,15,0
2025-08-19,47255.83007897204,331.9794802423865,0.0,0.0,331.9794802423865,2060.603317893328,49648.41287710775,74434.00005078572,74751.76734544981,317.7672946641043,0.0,444.6885366707867,7132.532756377189,19610.005722300644,15863.742646557232,7835.9264067001095,7858.550838373763,1.8189894035458565e-12,1.1368683772161603e-13,15,0
2025-08-20,49030.766083238734,876.4509501649263,29.139263456513167,14.569631728256583,861.8813184366697,3014.7528413965056,52907.40024307191,78232.23650939544,78941.56962863609,770.8914428190609,61.558323578407,715.1211478098868,4878.543348091167,21827.808754737754,17700.352393049616,7858.550838373763,7836.520503138176,1.8189894035458565e-12,1.1368683772161603e-13,15,0
2025-08-21,45922.581820331536,9.033881841029384,180.1745803374358,90.0872901687179,-81.05340832768852,1643.3578277958723,47484.88623979972,70960.07773758868,70598.41002060377,8.259153077153144,369.92687006206614,406.19664265934864,6834.3745546818245,15429.43507019534,17103.621444947377,7836.520503138176,2718.9882385946667,1.8189894035458565e-12,2.2737367544323206e-13,15,0
2025-08-22,24662.65163233227,0.0,0.0,0.0,0.0,2387.9310888432337,27050.582721175506,41461.82869949909,41461.82869949909,0.0,0.0,647.9643045844148,18431.746758859605,13523.049216096104,11075.572370872202,2718.9882385946667,2583.541009889828,1.8189894035458565e-12,1.1368683772161603e-13,15,0
2025-08-23,27086.8725791555,272.25983367519245,0.0,0.0,272.25983367519245,1122.2580453046526,28481.390458135345,47489.687871145274,47699.669465925224,209.98159477995077,0.0,410.3698722976552,17220.608226270822,19714.756038084393,11355.331076132334,2583.541009889828,7709.786915129858,1.8189894035458565e-12,1.1368683772161603e-13,15,0
2025-08-24,48584.83563828511,418.44424652107773,284.61284976489554,142.30642488244777,276.13782163863,659.8540014300775,49520.827461353816,76590.7081027309,76299.71493038555,346.5611568801329,637.5543292254786,182.5849740689755,7624.621483194992,22677.735696854557,17553.64675892835,7709.786915129858,8615.697087934128,1.8189894035458565e-12,1.1368683772161603e-13,15,0
2025-08-25,53487.10910669326,15.200911887306358,1866.9396000172646,933.4698000086323,-918.268888121326,441.7070270963044,53010.54724566823,84967.43364482507,81993.62062359099,12.954034588015134,2986.7670558220843,140.22092833544275,7189.421007712956,22432.281164428525,18260.947636881712,8615.697087934128,8514.808317162342,1.8189894035458565e-12,1.1368683772161603e-13,15,0
2025-08-26,48898.12495562821,131.19036283781062,97.88586969636422,48.94293484818211,82.24742798962852,811.0587407469889,49791.43112436483,76891.47445126163,76780.53150198242,105.2398595621205,216.18280884134134,258.32862733382,7347.405047169825,21348.992828995724,17186.35613018264,8514.808317162342,8632.950607499999,1.8189894035458565e-12,2.2737367544323206e-13,15,0
2025-08-27,49267.173164536114,1768.3967625026316,125.02517761000581,62.512588805002906,1705.8841736976287,755.5787065189386,51728.63604475268,77696.09733118558,79379.62915816835,1958.2520590416743,274.72023205890093,171.054519092637,7594.432257794527,21691.76801190313,17649.665459103333,8632.950607499999,8544.802419209112,9.094947017729282e-13,2.2737367544323206e-13,15,0
2025-08-28,46131.18559358302,818.7922623053744,0.0,0.0,818.7922623053744,5290.617365413449,52240.595221301846,70990.46969333937,71921.33340544441,930.863712105049,0.0,1448.6418105027496,4713.033606761006,15420.15781751736,17531.011191664533,8544.802419209112,2944.043130903036,1.8189894035458565e-12,1.1368683772161603e-13,14,0
2025-08-29,25379.426549931006,0.0,28.627934975907834,14.313967487953917,-14.313967487953917,1185.392965879479,26550.50554832253,42648.06155405509,42613.62931419522,0.0,34.43223985987905,323.4979036680445,17551.97878466159,14674.000644591863,11844.072561390196,2944.043130903036,2990.563087268832,1.8189894035458565e-12,1.1368683772161603e-13,14,0
2025-08-30,27473.72032890579,0.0,102.76889986350514,51.38444993175257,-51.38444993175257,2039.9798984923389,29462.315777466378,48006.80582072304,47886.08740104898,0.0,120.71841967406655,704.2870446359439,21077.559957714788,20599.623380546036,11599.528725909237,2990.563087268832,8641.85887875,1.8189894035458565e-12,1.1368683772161603e-13,14,0
2025-08-31,48787.65597429842,49.395499042291206,88.83880393346277,44.419401966731385,4.976097075559821,2347.9282745040573,51140.56034587803,76478.43527287839,76459.69524805041,74.30129218154514,93.04131700951427,639.3102899977687,6573.261044493731,20729.865172479578,16850.74376225846,8641.85887875,8575.688909249999,1.8189894035458565e-12,1.1368683772161603e-13,15,0
2025-09-01,51111.40458226881,0.0,1709.705811897105,854.8529059485525,-854.8529059485525,0.0,50256.55167632026,81106.46039404193,78491.75776565252,0.0,2614.7026283894033,0.0,20802.947344018237,21620.17946539975,17505.503577098792,8575.688909249999,8583.290898000001,1.8189894035458565e-12,1.1368683772161603e-13,14,0
2025-09-02,46808.867259642626,113.31369992609976,536.6862352587326,268.3431176293663,-155.02941770326655,150.93199347986973,46804.769835419225,74420.13607051039,73649.50979854513,166.25581607982292,936.8820880450754,28.94189711982162,15601.09755631048,21125.04948594462,17105.451196590147,8583.290898000001,8589.778550250001,1.8189894035458565e-12,1.1368683772161603e-13,14,0
2025-09-03,45746.428170686595,317.7265213318895,522.2070831340143,261.10354156700714,56.62297976488232,26.30242687499997,45829.353577326474,73256.05035342123,72397.45353448589,266.76669299104225,1125.3635119263922,11.969249999999988,12942.402662438335,20509.174890908158,16589.87201886061,8589.778550250001,8614.844820000002,1.8189894035458565e-12,1.1368683772161603e-13,15,0
2025-09-04,41157.22991422753,362.5342230582512,927.8097035860833,463.90485179304164,-101.37062873479046,225.95671593315555,41281.816001425905,63748.417703541476,62202.378097704175,288.86670601461606,1834.9063118519114,99.90517220149286,10374.928771784045,14851.058381491868,16849.269433370246,8614.844820000002,3259.3868818201877,1.8189894035458565e-12,1.1368683772161603e-13,15,0
2025-09-05,19142.84877528935,0.0,416.51396325100734,208.25698162550367,-208.25698162550367,687.2294029295751,19621.821196593417,34100.38781613303,33649.253571613765,0.0,451.1342445192637,146.21266195756357,24412.71306299752,14148.24050199753,11589.748998090392,3259.3868818201877,3115.304446850856,1.8189894035458565e-12,1.1368683772161603e-13,15,0
2025-09-06,20443.125420791814,0.0,219.03130344782346,109.51565172391173,-109.51565172391173,1155.7197029035094,21489.329471971414,38457.50516012023,38216.201961778424,0.0,241.30319834181068,301.0319345895439,22138.75249324156,21194.714420804565,12537.316717678163,3115.304446850856,8260.195517043672,1.8189894035458565e-12,1.1368683772161603e-13,15,0
2025-09-07,39662.284480246744,923.8273045562569,68.73036876736055,34.36518438368027,889.4621201725766,1856.2065582677524,42407.95315868708,63765.78118909168,64981.3638179579,1316.078551939177,100.49592307295771,513.9274242598209,6384.5995463760155,20771.24096544363,16621.532886268586,8260.195517043672,8485.942512311167,1.8189894035458565e-12,1.1368683772161603e-13,15,0
2025-09-08,38879.05754380692,1423.0378395700736,14.079127470952985,7.039563735476492,1415.998275834597,6301.119089844089,46596.174909485606,63885.21188151212,65226.26802465968,1371.2559017725196,30.19975862495278,1535.5977058863004,3470.9708952520214,21283.86088084039,17388.535578879764,8485.942512311167,8320.822217423332,1.8189894035458565e-12,1.1368683772161603e-13,15,0
2025-09-09,37889.77237349772,304.19816504453775,559.7423475681796,279.8711737840898,24.32699126044794,6270.276906202074,44184.37627096024,61360.44829462004,60378.822202150026,287.7622339242302,1269.3883263942462,1541.3693623211343,4934.943728689147,20179.150679914914,16296.737110799571,8320.822217423332,8374.572150680564,1.8189894035458565e-12,2.2737367544323206e-13,15,0
2025-09-10,40915.292999846046,460.57847738934254,50.85691633817405,25.428458169087026,435.1500192202555,5281.5420005512515,46631.98501961755,66837.68390265142,67231.19264377671,504.43490873684067,110.92616761156285,1417.3275001743566,3053.9710182479776,22063.72654531193,17785.17606960884,8374.572150680564,8470.61929745148,1.8189894035458565e-12,1.1368683772161603e-13,15,0
2025-09-11,39082.590127913594,0.0,2362.5285885372887,1181.2642942686443,-1181.2642942686443,2325.2273358688158,40226.55316951376,61680.991666621885,57099.77237140217,0.0,4581.219295219707,600.8725388897462,5782.584244217397,15757.844818611884,17335.86993587069,8470.61929745148,3390.601927679186,1.8189894035458565e-12,2.2737367544323206e-13,15,0
2025-09-12,18352.49412423262,15.121038474567548,0.0,0.0,15.121038474567548,1236.5850916891966,19604.200254396386,33385.928643761756,33398.44346972871,12.514825966950173,0.0,381.61171279418846,19435.82583056786,14921.845493266723,12129.272341311695,3390.601927679186,3343.293603495133,1.8189894035458565e-12,1.1368683772161603e-13,15,0
2025-09-13,21361.686220441756,0.0,0.0,0.0,0.0,1366.1946195060736,22727.88083994783,40019.5700753321,40019.5700753321,0.0,0.0,327.5666733794554,23493.250217929824,21741.58253286324,12894.797485414847,3343.293603495133,8583.1651215,1.8189894035458565e-12,1.1368683772161603e-13,15,0
2025-09-14,44182.37861219657,0.0,503.42207879986216,251.71103939993108,-251.71103939993108,1586.5718242781513,45517.23939707479,70886.10318534248,70274.45871404056,0.0,611.644471301914,450.6690918860456,6547.069121201872,21487.446773945994,17408.71283922125,8583.1651215,8578.852952250001,1.8189894035458565e-12,1.1368683772161603e-13,15,0
2025-09-15,38737.81195089974,0.0,489.9884586044091,244.99422930220456,-244.99422930220456,5270.1227761568825,43762.94049775442,62709.16672363199,61632.117994391796,0.0,1077.048729240188,1221.6893238672997,3714.3403669079626,21483.384597198994,17410.94827918119,8578.852952250001,8568.401001750002,1.8189894035458565e-12,1.1368683772161603e-13,15,0
2025-09-16,41898.41022029718,0.0,750.1586562711998,375.0793281355999,-375.0793281355999,4983.3560965026245,46506.686988664194,68167.06269650612,67066.76906096327,0.0,1100.2936355428524,1343.2363695254799,4879.107456908028,21333.770094854706,17294.642104607316,8568.401001750002,8552.525082000002,1.8189894035458565e-12,1.1368683772161603e-13,15,0
2025-09-17,42149.874667043914,0.0,654.9696354228984,327.4848177114492,-327.4848177114492,2405.2007637384927,44227.590613070955,67894.88327970076,66988.20993942046,0.0,906.6733402803078,730.0793727567666,3690.2134237890104,21454.971835859054,17387.01434747084,8552.525082000002,8543.094903750001,1.8189894035458565e-12,1.1368683772161603e-13,15,0
2025-09-18,38641.013988223494,1776.3841776262439,0.0,0.0,1776.3841776262439,2141.4373651466676,42558.83553099641,60266.81748285766,62693.53809021713,2426.720607359473,0.0,452.420886875982,5451.533572237647,16239.636290335684,17501.262002146883,8543.094903750001,3712.9208960000224,1.8189894035458565e-12,1.1368683772161603e-13,15,0
2025-09-19,19355.827013771705,0.0,0.0,0.0,0.0,856.7792310896525,20212.60624486136,34707.627796967754,34707.627796967754,0.0,0.0,304.3801445431087,15982.775040690889,15281.276613647899,12353.39602949459,3712.9208960000224,3740.074259955806,1.8189894035458565e-12,1.1368683772161603e-13,15,0
2025-09-20,22027.15930871616,0.0,131.51957022634832,65.75978511317416,-65.75978511317416,879.7047531332491,22841.104276736234,40713.227495888736,40564.93064701691,0.0,148.29684887181963,241.0130638985442,16935.565068431344,20633.202822031606,12408.25791288083,3740.074259955806,8523.00356325,1.8189894035458565e-12,1.1368683772161603e-13,15,0
2025-09-21,44733.81424567953,0.0,1020.9568001225143,510.47840006125716,-510.47840006125716,532.0974126280594,44755.43325824633,71821.63266674783,70008.2898315158,0.0,1813.3428352320439,145.34001852796234,8039.627664124166,20115.874332822365,16289.359630236111,8523.00356325,8528.00198475,1.8189894035458565e-12,1.1368683772161603e-13,15,0
2025-09-22,42785.848747474105,0.0,1398.0706509706392,699.0353254853196,-699.0353254853196,5181.435185918267,47268.24860790705,69276.61766358287,66953.19845725816,0.0,2323.419206324726,1462.2899070042429,3708.978322774118,21501.599087789193,17409.108929634247,8528.00198475,8535.986797500002,1.8189894035458565e-12,1.1368683772161603e-13,15,0
2025-09-23,43523.27413865474,0.0,310.7277738202837,155.36388691014184,-155.36388691014184,4198.580475436897,47566.4907271815,70219.94960108762,69537.44492895606,0.0,682.5046721315497,949.1762495375499,4298.461941988336,21514.85379195762,17443.310138785673,8535.986797500002,8517.899500500002,1.8189894035458565e-12,1.1368683772161603e-13,15,0
2025-09-24,42210.32258121521,110.65990632340714,0.0,0.0,110.65990632340714,2516.8307352238553,44837.81322276247,67544.31992672375,67715.37965042189,171.05972369815402,0.0,801.8522664674244,3420.578933471321,21244.667587726293,17211.239704308296,8517.899500500002,8514.500657999999,1.8189894035458565e-12,1.1368683772161603e-13,15,0
2025-09-25,42034.71266227112,232.56093519178071,0.0,0.0,232.56093519178071,2775.442509707944,45042.716107170854,65699.65789860574,65950.46837858876,250.81047998301796,0.0,745.5122060073202,7230.33167519435,16591.69562493886,17461.495615537126,8514.500657999999,4045.364925403717,1.8189894035458565e-12,1.1368683772161603e-13,15,0
2025-09-26,19947.32681459337,0.0,222.78567789597653,111.39283894798827,-111.39283894798827,81.74508808813297,19917.679063733514,35588.637532654626,35328.033083882954,0.0,260.6044487716735,22.01805400750169,14700.307190978168,15686.859116404648,12731.358669492356,4045.364925403717,4017.5840529541697,1.8189894035458565e-12,1.1368683772161603e-13,15,0
2025-09-27,22223.694630038637,156.38434010271732,0.0,0.0,156.38434010271732,919.1979479283253,23299.276918069678,40887.555696134325,41017.49020221929,129.93450608496693,0.0,264.8394873829192,15532.998172240303,20644.249627214005,12696.220359852092,4017.5840529541697,8490.4972065,1.8189894035458565e-12,1.1368683772161603e-13,15,0
2025-09-28,45554.24017950973,684.1908488887184,6.03821961988133,3.019109809940665,681.1717390787777,1195.2637050247445,47430.67562361325,72862.91178214223,73815.48911270068,966.0018959888284,13.42456543035837,314.9617035611532,6487.291386464377,21778.449528188445,17622.91926505764,8490.4972065,8510.080376250002,1.8189894035458565e-12,1.1368683772161603e-13,15,0
2025-09-29,44354.255157079955,0.0,1919.504986035391,959.7524930176955,-959.7524930176955,5815.682910579562,49210.185574641815,71613.45249014693,68616.78546271194,0.0,2996.6670274349926,1335.2149975078337,3070.5377168340474,21577.458327161723,17455.887183775998,8510.080376250002,8534.362666500001,9.094947017729282e-13,1.1368683772161603e-13,15,0
2025-09-30,44983.001041402335,279.9836954110557,15.036258839266164,7.518129419633082,272.4655659914226,3759.7849168855982,49015.25152427936,71970.9459275693,72261.26315734515,324.80581367362447,34.48858389776109,900.1137897996293,3467.252059001894,22440.337604216973,18168.38748274075,8534.362666500001,8543.56930725,9.094947017729282e-13,1.1368683772161603e-13,15,0
2025-10-01,44543.274906733335,0.0,2638.398166964057,1319.1990834820285,-1319.1990834820285,135.17444327040528,43359.25026652172,71843.5231421809,67219.37684093195,0.0,4624.14630124894,62.0017442790637,13465.154796530322,21706.809951433457,17552.107696086096,8543.56930725,8577.356378999999,9.094947017729282e-13,1.1368683772161603e-13,15,0
2025-10-02,43651.09683430067,0.0,4016.1013683145866,2008.0506841572933,-2008.0506841572933,236.67371847172384,41879.7198686151,68550.32023271156,62234.99646408477,0.0,6315.323768626803,93.08778093910996,11185.57495409005,16741.776497695842,17330.050323428684,8577.356378999999,4389.343756449942,1.8189894035458565e-12,1.1368683772161603e-13,15,0
2025-10-03,18282.387596330616,0.0,112.46741981758818,56.23370990879409,-56.23370990879409,27.47321938701385,18253.62710580884,33855.73961937141,33727.3213233744,0.0,128.4182959970108,12.962648740632005,22904.205229147814,16130.79889011665,13111.87384714943,4389.343756449942,4338.314038500001,1.8189894035458565e-12,1.1368683772161603e-13,15,0
2025-10-04,20634.03999418244,0.0,68.10062764717316,34.05031382358658,-34.05031382358658,136.16892410738694,20736.15860446624,39250.58288873234,39179.0865997437,0.0,71.49628898864037,34.080244893390045,18388.628153892205,20832.481206508164,13103.924949096614,4338.314038500001,8527.63051425,1.8189894035458565e-12,1.1368683772161603e-13,15,0
2025-10-05,43504.375567357325,0.0,2545.023078407951,1272.5115392039754,-1272.5115392039754,392.02310903317823,42623.887137186524,70941.6758987126,66659.91879996624,0.0,4281.757098746348,136.88971601609535,7951.576194315953,21624.924434209017,17515.6531792093,8527.63051425,8528.22563925,1.8189894035458565e-12,1.1368683772161603e-13,15,0
2025-10-06,40296.77436775032,0.0,0.0,0.0,0.0,1349.9556893015526,41646.73005705187,65687.2525535432,65687.2525535432,0.0,0.0,424.09413023700085,4308.383144800686,21445.55191936587,17375.697630386356,8528.22563925,8522.891666250001,1.8189894035458565e-12,1.1368683772161603e-13,15,0
2025-10-07,41519.59541830246,69.03840833513104,0.0,0.0,69.03840833513104,357.1686755006125,41945.802502138205,67752.78543398358,67859.50791124688,106.72247726329283,0.0,82.81419408931913,6013.277560584974,21709.15541224329,17551.67386749207,8522.891666250001,8559.2716845,1.8189894035458565e-12,1.1368683772161603e-13,15,0
2025-10-08,39644.6370584915,0.0,240.74587282009043,120.37293641004521,-120.37293641004521,1447.9628770192605,40972.22699910072,65377.40667231956,65034.80340216658,0.0,342.60327015297275,298.3096315965197,4843.24979298598,21337.514329002406,17326.146754891954,8559.2716845,8511.7604085,1.8189894035458565e-12,2.2737367544323206e-13,15,0
2025-10-09,39956.21017184333,0.0,2231.0365561569233,1115.5182780784617,-1115.5182780784617,1066.8689296606926,39907.56082342557,64167.38836246813,60198.11930434033,0.0,3969.269058127794,213.1349816818141,4991.339407311475,17019.77113210099,17359.83793672365,8511.7604085,4540.845608809064,1.8189894035458565e-12,1.1368683772161603e-13,15,0
2025-10-10,17146.7970113559,0.0,16.65171437964168,8.32585718982084,-8.32585718982084,1116.0401427649283,18254.511296931007,33009.525495538204,32988.94196773358,0.0,20.583527804622204,292.5370164344963,20447.365610683275,17934.493991690186,14443.991534872051,4540.845608809064,4633.010718139063,1.8189894035458565e-12,1.1368683772161603e-13,15,0
2025-10-11,19539.51225850876,0.0,0.0,0.0,0.0,389.11789593725524,19928.630154446015,38112.97407811749,38112.97407811749,0.0,0.0,91.89552605506043,16599.984326465554,20925.06602552014,13426.494331146476,4633.010718139063,8547.2431065,1.8189894035458565e-12,1.1368683772161603e-13,15,0
2025-10-12,41810.847537693306,0.0,351.9913240759597,175.99566203797986,-175.99566203797986,1098.1547728531325,42733.00664850846,68113.32284349724,67665.59198977303,0.0,447.7308537242039,281.49859348589246,5513.931007908268,20573.33123930175,16655.127647284426,8547.2431065,8557.543835999999,1.8189894035458565e-12,2.2737367544323206e-13,15,0
2025-10-13,42525.028985993085,0.0,1192.787118442266,596.393559221133,-596.393559221133,1377.7811657524348,43306.41659252439,69101.1895175119,66877.6094581857,0.0,2223.580059326204,385.4163528144723,6185.47425503448,21402.513979293046,17352.357723327368,8557.543835999999,8539.408947,1.8189894035458565e-12,1.1368683772161603e-13,15,0
2025-10-14,43203.32474738708,100.67008946431622,796.0893998854071,398.0446999427036,-297.37461047838735,1748.7813792342135,44654.7315161429,70073.4996270129,68578.52057832987,127.91901012667682,1622.8980588097054,527.0751095097118,4211.749694393181,21637.024724937175,17517.008014824103,8539.408947,8549.388960749999,1.8189894035458565e-12,2.2737367544323206e-13,15,0
2025-10-15,42727.217481049374,80.67932489934614,98.4262082094213,49.21310410471065,31.46622079463549,1287.546787776056,44046.23048962006,69916.15036878064,69828.3126225301,125.1550677810717,212.9928140316186,378.8638968827965,4133.430533538125,21837.856502893505,17684.13416701874,8549.388960749999,8554.42185,1.8189894035458565e-12,1.1368683772161603e-13,15,0
2025-10-16,40794.6663722715,1147.4723275161386,0.0,0.0,1147.4723275161386,2487.955348460676,44430.09404824831,65021.84548259063,66222.9158600424,1201.0703774517665,0.0,609.3478318618958,3819.9241697875145,18002.38581066391,17956.51923854714,8554.42185,4804.881036767367,1.8189894035458565e-12,1.1368683772161603e-13,15,0
2025-10-17,17500.720848676356,0.0,0.0,0.0,0.0,799.2118699989163,18299.932718675274,33530.39344773047,33530.39344773047,0.0,0.0,199.26188091529968,14386.937248056136,16691.990669849692,13353.471905926725,4804.881036767367,4990.481633046843,1.8189894035458565e-12,1.1368683772161603e-13,15,0
2025-10-18,19962.213376049687,0.0,29.908855908571603,14.954427954285801,-14.954427954285801,286.09421606970807,20233.353164165113,38439.80363526565,38403.555597126644,0.0,36.248038139006766,107.06070435694636,15267.929348157448,20665.174921850685,13499.081235191206,4990.481633046843,8590.1599125,9.094947017729282e-13,1.1368683772161603e-13,15,0
2025-10-19,44406.14645957998,226.3519443683693,283.54026206630977,141.77013103315488,84.58181333521439,1644.1309759845576,46134.85924889975,72049.73894303334,71692.63630291194,197.981023820713,555.0836639421318,372.2584842177347,3976.598184767682,22109.034072387643,17906.460003358996,8590.1599125,8592.22390725,1.8189894035458565e-12,1.1368683772161603e-13,15,0
2025-10-20,46460.054222852224,0.0,320.4764314552075,160.23821572760374,-160.23821572760374,663.88505855112,46963.701065675734,74875.59360283776,74442.1577354393,0.0,433.4358673984767,153.77479664791971,5858.082076620738,22889.870659735825,18592.802570936015,8592.22390725,8534.43797775,1.8189894035458565e-12,1.1368683772161603e-13,15,0
2025-10-21,46251.81368098047,309.30211426686134,8.01422049083668,4.00711024541834,305.295004021443,983.3490703523963,47540.457755354306,74733.34514146991,75181.53079037245,460.3284072219842,12.142758319449513,257.4788775650155,4584.56476342184,22829.368771924295,18437.505217408678,8534.43797775,8594.752964250001,1.8189894035458565e-12,2.2737367544323206e-13,15,0
2025-10-22,45479.18904919327,0.0,350.4317798615442,175.2158899307721,-175.2158899307721,3012.8410159510695,48316.81417521357,74094.68538596758,73573.30598384024,0.0,521.3794021273327,589.8641238227849,4384.566395438123,22656.89718289423,18433.190170669328,8594.752964250001,8504.638017000001,9.094947017729282e-13,1.1368683772161603e-13,15,0
2025-10-23,46612.907655417395,0.0,3212.762997465848,1606.381498732924,-1606.381498732924,1189.1975747327547,46195.72373141723,74243.5973031621,69220.9372643482,0.0,5022.660038813901,285.1825692405797,5459.721615320099,19232.666185366055,18565.765000430707,8504.638017000001,5185.40980557311,1.8189894035458565e-12,1.1368683772161603e-13,15,0
2025-10-24,17990.957537507747,73.14318012779111,0.0,0.0,73.14318012779111,1338.8430262820787,19402.943743917614,34213.43662308661,34274.46944067819,61.0328175915848,0.0,307.88705775540893,13105.757899394877,17000.977860330804,13944.429977958745,5185.40980557311,4992.47879325,1.8189894035458565e-12,1.1368683772161603e-13,15,0
2025-10-25,20359.111064545265,1.4151469680277706,0.0,0.0,1.4151469680277706,661.1621371617705,21021.688348675067,39227.43491884402,39228.60615573045,1.171236886428943,0.0,181.1575049977048,12782.085476278113,21300.177114166883,14070.931663050173,4992.47879325,8528.269681500002,1.8189894035458565e-12,1.1368683772161603e-13,15,0
2025-10-26,47819.95006813553,0.6451336874419292,1881.9961491579902,940.9980745789951,-940.3529408915532,453.46221894973587,47333.05934619372,76960.47734060278,74214.56268492226,0.48923799904594034,2746.4038936795573,177.04217824480128,5459.124661008611,23093.780969956802,18705.612784465015,8528.269681500002,8528.6583495,9.094947017729282e-13,1.1368683772161603e-13,15,0
2025-10-27,47056.60761109447,857.2307604059592,372.5080057582479,186.25400287912396,670.9767575268352,206.1959580979488,47933.78032671925,75531.57368536943,75585.04045312271,761.6947986295003,708.2280308762058,42.32716073072885,7718.5603430798,22856.998978326188,18500.773374219218,8528.6583495,8543.542569750001,1.8189894035458565e-12,1.1368683772161603e-13,15,0
2025-10-28,46962.45621133819,33.303638039939976,0.0,0.0,33.303638039939976,292.30767732118227,47288.06752669931,75461.12304488527,75503.49645077661,42.37340589133794,0.0,86.34250072587257,5296.795147415529,22707.599096905018,18386.97699281806,8543.542569750001,8550.4073205,1.8189894035458565e-12,1.1368683772161603e-13,15,0
2025-10-29,47126.36817835353,643.9791267892338,0.0,0.0,643.9791267892338,1269.0660042660386,49039.4133094088,76181.28762412569,76866.77048100217,685.4828568764865,0.0,331.16631635450176,3441.7013232827603,23402.50371736267,18958.52504328876,8550.4073205,8547.632840249998,1.8189894035458565e-12,1.1368683772161603e-13,15,0
2025-10-30,45269.927508674395,111.95607692869143,741.7385223786516,370.8692611893258,-258.91318426063435,899.9665448593328,45910.980869273095,71937.68227510028,70881.91261467327,90.3400219451986,1146.1096823722055,247.121517806552,5158.774129280006,19854.63526106506,18672.192907865247,8547.632840249998,5669.92356646939,1.8189894035458565e-12,1.1368683772161603e-13,15,0
2025-10-31,19097.12466928498,0.0,0.0,0.0,0.0,556.4494513932138,19653.574120678197,35845.76248698744,35845.76248698744,0.0,0.0,127.87393978629603,8653.022436771731,17742.952207566872,14326.630284231529,5669.92356646939,5720.102459688985,1.8189894035458565e-12,1.1368683772161603e-13,15,0
2025-11-01,20620.765346729815,4.180275237977941,14.94176467055897,7.470882335279485,-3.2906070973015433,432.11955583022456,21049.59429546274,39305.39251592172,39288.27359726868,3.1701173457535674,20.28903599879967,164.2538217159282,10393.939065564036,20898.891594643785,14384.341674556552,5720.102459688985,8546.503034250001,9.094947017729282e-13,1.1368683772161603e-13,15,0
2025-11-02,49251.142252594225,162.85786890860936,249.92900317107035,124.96450158553517,37.89336732307419,1124.345691541979,50413.38131145928,78828.85847680036,78711.63165330351,227.20478468321915,344.4316081800639,271.7692874559488,5618.2649747688465,23962.023346485737,19393.271313828445,8546.503034250001,8564.244808500003,1.8189894035458565e-12,1.1368683772161603e-13,15,0
2025-11-03,50714.130293973896,0.0,875.3037446976372,437.6518723488186,-437.6518723488186,348.18316718840936,50624.66158881349,80926.74519146158,79693.91348024571,0.0,1232.831711215866,135.32459903199685,5983.767532419808,22834.471334339898,18493.931070815317,8564.244808500003,8566.456708500002,1.8189894035458565e-12,1.1368683772161603e-13,15,0
2025-11-04,49882.028029923626,0.0,887.8608176738792,443.9304088369396,-443.9304088369396,679.7415537538616,50117.839174840556,79925.14041165257,78480.04346356724,0.0,1445.096948085344,158.96343285659532,6661.465038944689,23174.03759037266,18776.567766226857,8566.456708500002,8560.23746625,9.094947017729282e-13,1.1368683772161603e-13,15,0
2025-11-05,50971.06902097451,0.0,1229.667523067444,614.833761533722,-614.833761533722,495.6342183355164,50851.8694777763,81424.59630349015,79618.93669840496,0.0,1805.6596050852013,164.35285734103354,5682.48142410018,23198.41666107442,18775.62859609528,8560.23746625,8577.002910000001,9.094947017729282e-13,1.1368683772161603e-13,15,0
2025-11-06,48997.33264242056,12.79582537056246,5.620589184409992,2.810294592204996,9.985530778357464,1804.9407463474927,50812.25891954641,77411.29900112007,77419.75917629838,16.976219397097793,8.516044218803017,446.9144865413971,4684.357091547643,20805.30226936013,18992.570248068005,8577.002910000001,6198.9191212374435,1.8189894035458565e-12,1.1368683772161603e-13,15,0
2025-11-07,19725.282706561506,0.0,108.87625577028597,54.43812788514298,-54.43812788514298,213.4583048458648,19884.30288352223,36733.19793456026,36591.5035555154,0.0,141.69437904485034,63.71730093601519,10267.942970983433,17968.47118447629,14899.655082341631,6198.9191212374435,5815.37087355318,1.8189894035458565e-12,1.1368683772161603e-13,15,0
2025-11-08,21219.352850122545,0.0,4.893832894601024,2.446916447300512,-2.446916447300512,280.3988371621425,21497.304770837385,40407.20981496447,40400.9541165181,0.0,6.25569844637738,100.30222338641983,10013.819776140364,21620.123589273746,14923.894125509598,5815.37087355318,8691.377520000002,9.094947017729282e-13,1.1368683772161603e-13,14,0
2025-11-09,51175.81679757184,129.15542595641668,174.23162358786269,87.11581179393134,42.039614162485336,273.95732536110745,51491.81373709543,81416.53695070444,81202.37984074013,126.53591023157514,340.69302019588247,96.9476851918151,5631.36052759778,23132.58220882018,18811.43239381935,8691.377520000002,8609.10995925,1.8189894035458565e-12,1.1368683772161603e-13,14,0
2025-11-10,51474.35242499887,823.0519472660756,0.0,0.0,823.0519472660756,874.6578508537336,53172.06222311868,81904.46552336821,82874.6668448991,970.2013215308816,0.0,245.789779050422,4795.02048152251,23626.09606593159,19159.10302350458,8609.10995925,8584.704170250001,1.8189894035458565e-12,1.1368683772161603e-13,14,0
2025-11-11,52442.893990256125,0.0,669.5859928299959,334.79299641499796,-334.79299641499796,52.455945609790774,52160.55693945092,83186.64860633075,82137.76296440995,0.0,1048.8856419208112,23.779500027555287,6223.507969576027,22987.17493970952,18608.160111514713,8584.704170250001,8597.428158749999,1.8189894035458565e-12,1.1368683772161603e-13,14,0
2025-11-12,51945.250214701126,4.4309655152648375,268.7911375273569,134.39556876367845,-129.96460324841362,221.0242688346812,52036.30988028739,82424.91044289623,81936.38078481835,6.2041686937957365,494.7338267716833,59.86717925303208,6597.698972546821,23408.449419076584,18965.88817755203,8597.428158749999,8591.823549749999,1.8189894035458565e-12,1.1368683772161603e-13,14,0
2025-11-13,50783.40054393321,0.0,315.26132169983003,157.63066084991502,-157.63066084991502,1368.661467915898,51994.43135099919,79886.86794975965,79459.35855621958,0.0,427.5093935400587,412.382920909085,4994.237815642422,21221.42568204523,18739.79333722566,8591.823549749999,6869.114066673305,1.8189894035458565e-12,1.1368683772161603e-13,14,0
2025-11-14,20119.58702748323,0.0,0.0,0.0,0.0,273.9706218178387,20393.557649301067,37196.450341582866,37196.450341582866,0.0,0.0,85.0081329568367,6502.672880556285,18315.134719420552,15134.80442543713,6869.114066673305,6536.285952554988,1.8189894035458565e-12,1.1368683772161603e-13,14,0
2025-11-15,21459.414164948575,0.0,207.5430383917674,103.7715191958837,-103.7715191958837,562.2279153543024,21917.870561106996,40571.07043967326,40124.12393887357,0.0,446.946500799695,162.0112116864474,6202.088663941622,21147.04879553276,15274.889225581026,6536.285952554988,8596.530729000002,1.8189894035458565e-12,1.1368683772161603e-13,14,0
2025-11-16,52683.24507348426,28.677849777180473,133.13486696589752,66.56743348294876,-37.88958370576828,1224.6629650284603,53870.01845480694,83440.973339172,83196.66589223241,38.26324837223024,282.5706953117992,287.9246162635815,4560.319428626946,23824.307348872237,19334.58065233651,8596.530729000002,8555.5399515,1.8189894035458565e-12,1.1368683772161603e-13,14,0
2025-11-17,52574.161994599046,283.10759384897966,35.92234359098449,17.961171795492245,265.1464220534874,344.189045716097,53183.497462368636,83206.59289215438,83487.35087426644,361.85916735181155,81.10118523976746,123.51128320158352,6403.259412924899,23624.785809919907,19112.937398710128,8555.5399515,8581.250070750002,9.094947017729282e-13,1.1368683772161603e-13,14,0
2025-11-18,52545.05481977234,136.81724267969517,3.9434596282806806,1.9717298141403403,134.84551286555484,1275.7025956203956,53955.60292825829,83313.28549869549,83512.86866334875,207.96293176723327,8.379767113968683,397.46047713295565,4478.880502166168,23850.99380095901,19310.096995976804,8581.250070750002,8591.48116275,1.8189894035458565e-12,1.1368683772161603e-13,14,0
2025-11-19,52690.69495940488,735.5002603676803,23.049463417337762,11.524731708668881,723.9755286590114,1049.3094680962638,54463.979956160154,83505.7639518182,84225.03799188195,766.1482260513875,46.87418598762497,314.8512608443748,4579.2341156100965,24161.139276532846,19568.7957394166,8591.48116275,8593.4001345,1.8189894035458565e-12,1.1368683772161603e-13,14,0
2025-11-20,51917.019780920295,146.8029246052664,6.46954858026855,3.234774290134275,143.56815031513213,1175.4090463730731,53235.9969776085,81683.40968345274,81795.19136724705,124.48422900939565,12.702545215090936,309.69591735546976,4701.243866870652,21765.03209069225,19154.46470629373,8593.4001345,6899.1904535744425,1.8189894035458565e-12,1.1368683772161603e-13,14,0
2025-11-21,20519.126121407757,0.0,0.0,0.0,0.0,685.7437463361375,21204.86986774389,38242.34119340082,38242.34119340082,0.0,0.0,260.2650691214925,6101.683583141414,18912.301472911917,15375.762860197683,6899.1904535744425,6836.080823419971,1.8189894035458565e-12,1.1368683772161603e-13,14,0
2025-11-22,22040.13132029763,0.0,249.89626430187354,124.94813215093677,-124.94813215093677,754.3196489823173,22669.50283712901,42037.85268356377,41518.18987680219,0.0,519.6628067615732,229.93165602565244,5917.289361672103,21176.581942107314,15565.579254284901,6836.080823419971,8599.916511,1.8189894035458565e-12,1.1368683772161603e-13,14,0
2025-11-23,53459.13795829044,595.4336612180051,618.9599208918087,309.47996044590434,285.9537007721008,859.5567190036634,54604.64837806621,84712.84643733306,84292.32992571912,451.8984456393337,872.4149572532808,243.6752851516123,4731.764524155497,24073.767260299413,19501.622856917522,8599.916511,8597.83720425,1.8189894035458565e-12,1.1368683772161603e-13,14,0
2025-11-24,53211.80471160269,0.5104151349372971,397.02047505146874,198.51023752573437,-197.99982239079708,865.8636068671071,53879.66849607899,84418.3001137295,83724.03941987903,0.45165484022413693,694.7123486906853,243.26152552473962,5292.024947482741,23743.037410373952,19229.705112452903,8597.83720425,8600.23185975,1.8189894035458565e-12,1.1368683772161603e-13,14,0
2025-11-25,54804.05029587263,0.0,612.1302511428406,306.0651255714203,-306.0651255714203,765.9515963110437,55263.936766612256,86670.86129617803,85759.26012593167,0.0,911.6011702463685,215.6789962905894,5207.926257752549,24377.68552856867,19779.333130765626,8600.23185975,8563.1120235,9.094947017729282e-13,1.1368683772161603e-13,15,0
2025-11-26,53911.4142688898,362.30926372312894,0.0,0.0,362.30926372312894,1167.2167654076945,55440.94029802062,85538.96908443866,85876.69194796427,337.7228635256083,0.0,283.9178759456388,4718.193926423496,24607.008331068806,19922.25931691573,8563.1120235,8573.575836,1.8189894035458565e-12,1.1368683772161603e-13,15,0
2025-11-27,53317.51930181051,78.26815403905873,13.093706290605898,6.546853145302949,71.7213008937558,1112.0537570732954,54501.29435977756,84010.90847046333,84052.52351729514,73.03478626160518,31.419739429783817,289.6160436650168,5171.049504879311,23098.901758450473,19708.704435702955,8573.575836,7464.026934491028,1.8189894035458565e-12,2.2737367544323206e-13,14,0
2025-11-28,21160.07267267548,0.0,137.19685115817134,68.59842557908567,-68.59842557908567,644.9077898119151,21736.38203690831,39855.468124410305,39584.6329795296,0.0,270.83514488070693,178.10932900471875,5050.923352030709,19588.987483101075,15798.407076597465,7464.026934491028,7540.330028618136,1.8189894035458565e-12,1.1368683772161603e-13,14,0
2025-11-29,22858.056961024566,383.2419181891332,0.0,0.0,383.2419181891332,605.8914101024625,23847.19028931616,43720.706275864344,44233.18088220841,512.4746063440602,0.0,248.41930073415674,4627.176644802119,20908.60662629878,15983.633188158334,7540.330028618136,8598.483561,1.8189894035458565e-12,1.1368683772161603e-13,14,0
2025-11-30,55404.19416176291,524.1027909829895,0.0,0.0,524.1027909829895,1230.463830262562,57158.76078300846,87455.18029923637,87973.34794361412,518.1676443777626,0.0,325.73457333077704,3402.80564067182,24629.63344845482,19978.1846888484,8598.483561,8567.170677,1.8189894035458565e-12,2.2737367544323206e-13,14,0
2025-12-01,56463.189015143646,0.0,501.6246972274976,250.8123486137488,-250.8123486137488,16388.42029552444,72600.79696205433,88826.4197087459,88044.0966040056,0.0,782.3231047402875,4518.672781550418,1509.6498886662878,24743.931964770494,19989.740201214096,8567.170677,8625.8869995,1.8189894035458565e-12,1.1368683772161603e-13,15,0
2025-12-02,58361.87269213436,4.832100092196618,138.89499460016748,69.44749730008374,-64.61539720788711,12428.615638400206,70725.87293332667,91541.99396355927,91326.04583637886,2.773005131672903,218.72113231208647,3305.2116137565085,1317.1278141601272,24896.03329986968,20219.713613894437,8625.8869995,8565.9685095,9.094947017729282e-13,1.1368683772161603e-13,14,0
2025-12-03,58404.56907553118,906.4563712185934,0.0,0.0,906.4563712185934,5100.959952234756,64411.98539898455,91513.45401944447,92480.60872271318,967.1547032687051,0.0,1625.4205009171183,2216.904855460253,24898.99665001777,20172.620848514387,8565.9685095,8561.0423295,1.8189894035458565e-12,1.1368683772161603e-13,14,0
2025-12-04,60920.9151063007,0.0,1158.5859469260063,579.2929734630031,-579.2929734630031,4847.641983374979,65189.264116212675,95016.75509295183,93448.43103019029,0.0,1568.32406276155,1299.4917085517138,3209.140493667286,25114.42518118266,20346.851686107955,8561.0423295,8556.412008000001,1.8189894035458565e-12,1.1368683772161603e-13,14,0
2025-12-05,26692.620791962196,0.0,119.91263137252874,59.95631568626437,-59.95631568626437,1323.2330335446873,27955.89750982062,50645.79455092675,50376.70076597134,0.0,269.0937849554132,393.8800223380041,5309.188393318027,21593.71998412095,17443.95527246296,8556.412008000001,8608.587468750002,9.094947017729282e-13,1.1368683772161603e-13,15,0
2025-12-06,28070.52846214448,0.0,159.53876178304193,79.76938089152097,-79.76938089152097,1053.6528840203077,29044.411965273262,53092.08819923061,52857.44291924354,0.0,234.6452799870755,257.53879450333113,5405.318762057026,21440.590134990427,17395.557999967248,8608.587468750002,8576.7208125,9.094947017729282e-13,1.1368683772161603e-13,14,0
2025-12-07,64217.31400791873,0.0,1098.6976086680363,549.3488043340182,-549.3488043340182,1148.0234440724946,64815.988647657214,99705.36924741858,97994.62351775468,0.0,1710.7457296638986,275.5640306686924,5835.42019907312,25131.93471486972,20349.84861551947,8576.7208125,8584.519149750002,9.094947017729282e-13,1.1368683772161603e-13,14,0
2025-12-08,65148.32833211116,36.15185234845373,253.37514916871967,126.68757458435984,-90.5357222359061,360.96198564438544,65418.75459551964,101125.99910395779,100840.42550468678,52.51584954682198,338.0894488178167,67.09800148332101,8258.151449676754,25254.254997640455,20452.094057813774,8584.519149750002,8588.7996945,1.8189894035458565e-12,1.1368683772161603e-13,14,0
2025-12-09,64811.47068405102,0.0,946.3144632172325,473.15723160861626,-473.15723160861626,663.9156436224919,65002.2290960649,100614.98104769003,99170.11099625556,0.0,1444.8700514344573,148.8981212775589,7169.456833940976,25175.448964870942,20414.350947945466,8588.7996945,8564.0915985,1.8189894035458565e-12,2.2737367544323206e-13,14,0
2025-12-10,63360.21074308705,31.486532720627654,28.351769974714177,14.175884987357088,17.310647733270564,306.7189073989555,63684.24029821927,98634.90051003156,98642.29255174813,41.73654714446059,34.34450542788147,82.27147995689768,5472.402831475691,25525.526311119305,20660.983577556635,8564.0915985,8580.416859000003,1.8189894035458565e-12,1.1368683772161603e-13,15,0
2025-12-11,63886.15139468582,0.0,1369.5171681371226,684.7585840685613,-684.7585840685613,775.2376039146845,63976.630414531945,99214.18957277061,97406.92068117631,0.0,1807.268891594287,226.84091258232678,6933.497827948446,25058.423795580024,20319.414729769822,8580.416859000003,8555.870797500002,1.8189894035458565e-12,1.1368683772161603e-13,14,0
2025-12-12,27587.20303775971,221.20862391695445,0.0,0.0,221.20862391695445,893.5501912457017,28701.961852922366,52325.36528353704,52631.72949124221,306.36420770516435,0.0,272.128259615553,5101.105837409303,21454.876986790114,17366.538556674994,8555.870797500002,8569.106133750001,1.8189894035458565e-12,1.1368683772161603e-13,14,0
2025-12-13,27683.973433979307,0.0,121.8577841000995,60.92889205004975,-60.92889205004975,930.3469094252829,28553.391451354542,52571.90298174021,52315.45254314931,0.0,256.4504385909032,211.86265242283775,4682.346472781398,21258.122939117962,17211.687599660552,8569.106133750001,8577.319446000003,1.8189894035458565e-12,1.1368683772161603e-13,14,0
2025-12-14,62679.47725840607,72.51638147365114,0.0,0.0,72.51638147365114,1305.6470926543147,64057.64073253404,97559.50543740502,97659.51234647761,100.0069090725815,0.0,316.18657668428546,4378.758883424174,25339.197038356455,20520.97879861873,8577.319446000003,8581.509226499998,1.8189894035458565e-12,2.2737367544323206e-13,14,0
2025-12-15,63567.997166925416,242.189304015565,0.0,0.0,242.189304015565,886.7359409238882,64696.92241186487,99030.90651689304,99351.51233619521,320.6058193021766,0.0,250.91357782632838,5335.372893122513,25287.999590170333,20490.504535937962,8581.509226499998,8573.4815955,9.094947017729282e-13,1.1368683772161603e-13,14,0
2025-12-16,64520.08055926375,0.0,670.469795816276,335.234897908138,-335.234897908138,396.7796295180615,64581.62529087368,100138.11099613608,99243.86759701201,0.0,894.2433991240773,134.63747840523388,5157.91466574123,25279.6175008825,20477.118424539825,8573.4815955,8572.783541249999,9.094947017729282e-13,1.1368683772161603e-13,14,0
2025-12-17,64196.04456691602,0.0,1067.0399473082634,533.5199736541317,-533.5199736541317,1151.5172236642911,64814.04181692617,99974.59776977354,98413.54445272252,0.0,1561.053317051031,303.39499641441375,5801.712182192294,24897.34971488402,20173.969514606062,8572.783541249999,8564.876601749998,9.094947017729282e-13,1.1368683772161603e-13,14,0
2025-12-18,63276.650423322935,0.0,587.6719991548862,293.8359995774431,-293.8359995774431,566.908080415235,63549.72250416072,98335.82092648154,97333.6528545492,0.0,1002.1680719323188,220.0103131859188,5398.758431754947,25221.89591441324,20433.25814509972,8564.876601749998,8560.9627635,1.8189894035458565e-12,1.1368683772161603e-13,14,0
2025-12-19,27452.931281844438,0.0,92.32548263801023,46.162741319005114,-46.162741319005114,1356.3742227233151,28763.14276324875,52088.69689598197,51974.49676047216,0.0,114.20013550981594,320.3900364064148,5275.150732796114,21562.521527276076,17451.17676319362,8560.9627635,8577.0357345,1.8189894035458565e-12,1.1368683772161603e-13,15,0
2025-12-20,27698.200759671607,0.0,438.37873655933413,219.18936827966706,-219.18936827966706,478.88331070262035,27957.894702094556,52550.28644113541,51800.46763236984,0.0,749.8188087655632,139.35046858037214,5008.5654407405,21461.81853886691,17386.9181286572,8577.0357345,8573.87449875,1.8189894035458565e-12,1.1368683772161603e-13,15,0
2025-12-21,63209.92530331653,0.3887200893288408,151.49437792644034,75.74718896322017,-75.35846887389133,1955.8210595814771,65090.38789402413,98380.06371635321,98056.58795019481,0.3312625926361079,323.8070287510177,607.8139931815618,4843.395150661138,25160.268577624076,20377.0436515755,8573.87449875,8576.956605750001,9.094947017729282e-13,1.1368683772161603e-13,15,0
2025-12-22,63980.331000276565,0.0,65.21665593453021,32.608327967265105,-32.608327967265105,832.6044848541425,64780.32715716344,99476.1773251867,99379.35128674543,0.0,96.82603844126896,205.61481825436584,5848.891269229748,25245.399008087945,20446.751255651234,8576.956605750001,8579.203206750002,1.8189894035458565e-12,1.1368683772161603e-13,15,0
2025-12-23,64282.711038876965,0.0,961.1810827013751,480.59054135068754,-480.59054135068754,304.5850823431802,64106.70557986946,99887.91197619068,98419.0037715339,0.0,1468.9082046567805,67.06292832805957,6503.3409153032735,24890.54279381767,20165.909542592315,8579.203206750002,8574.125562750003,1.8189894035458565e-12,1.1368683772161603e-13,15,0
2025-12-24,63198.845089280236,0.0,202.99093855771113,101.49546927885557,-101.49546927885557,657.0324133447314,63754.38203334611,98393.35596666938,98060.60040317346,0.0,332.75556349590636,184.87506124186007,5534.665567598015,25507.13033816134,20650.87975801069,8574.125562750003,8585.120913750003,1.8189894035458565e-12,2.2737367544323206e-13,15,0
2025-12-25,62178.34743316101,74.37534456417818,15.400084914631096,7.700042457315548,66.67530210686263,951.3067700426469,63196.329505310525,96824.08262471226,96905.74121115857,112.70418673138226,31.04560028507649,350.50849635027663,4687.1212969012495,25106.52597578556,20349.846098511305,8585.120913750003,8570.0541825,1.8189894035458565e-12,1.1368683772161603e-13,15,0
2025-12-26,26991.156315263237,0.0,42.949867976030276,21.474933988015138,-21.474933988015138,1023.0639289415114,27992.745310216735,51235.45405852228,51145.552369366116,0.0,89.90168915616096,280.337664944424,4332.252301671295,21494.73508924165,17408.719789935734,8570.0541825,8572.293773999998,1.8189894035458565e-12,1.1368683772161603e-13,15,0
2025-12-27,26908.230728957293,0.0,22.1671302889214,11.0835651444607,-11.0835651444607,1138.1925073967045,28035.339671209535,51377.0652806545,51327.329172410224,0.0,49.736108244273396,273.24894070590125,4154.742167238783,21610.515734398294,17503.488855187617,8572.293773999998,8573.43698475,1.8189894035458565e-12,1.1368683772161603e-13,15,0
2025-12-28,62305.300136745056,0.0,795.2490527037155,397.62452635185775,-397.62452635185775,1040.723108283098,62948.3987186763,97027.79166418687,95979.88617172709,0.0,1047.9054924597804,301.902749772024,4747.7353991413065,24866.953542146348,20142.154769788543,8573.43698475,8573.523206249998,1.8189894035458565e-12,1.1368683772161603e-13,15,0
2025-12-29,62749.53329832721,325.14628906696043,0.0,0.0,325.14628906696043,883.9521927092622,63958.631780103424,97984.658550685,98298.2256838759,313.56713319090505,0.0,209.21289412435658,6243.465659210127,24960.37415512346,20220.167502999997,8573.523206249998,8571.007164749997,9.094947017729282e-13,1.1368683772161603e-13,15,0
2025-12-30,62732.35769945697,0.0,1158.4958035936559,579.2479017968279,-579.2479017968279,756.300910901279,62909.41070856142,97792.19582803786,96135.00084480784,0.0,1657.1949832300065,209.6573291506909,5384.717741453977,24906.455791734497,20170.91795922994,8571.007164749997,8574.686311500001,1.8189894035458565e-12,1.1368683772161603e-13,15,0
2025-12-31,60890.82896890309,0.0,23.036675826647574,11.518337913323787,-11.518337913323787,2086.3974057129562,62965.70803670273,94421.61804370739,94371.17280541094,0.0,50.44523829645709,497.7700818569768,4300.765759566561,22310.37828798958,20388.624093621554,8574.686311500001,6000.0,9.094947017729282e-13,2.2737367544323206e-13,15,0
