date,planned_cost_yuan,increase_cost_yuan,cancellation_refund_yuan,breach_cost_yuan,adjustment_net_yuan,emergency_cost_yuan,total_cost_yuan,original_kwh,adjusted_kwh,increase_kwh,decrease_kwh,emergency_kwh,dump_kwh,charge_kwh,discharge_kwh,energy_start_kwh,energy_end_kwh,lp_eq_max,lp_ineq_max,max_tree_nodes,raw_simultaneous_slots
2025-02-01,16212.80427370995,11.873826015966735,106.5686577534107,53.28432887670535,-41.41050286073862,533.3399438010406,16704.733714650254,37833.20919668226,37580.28508267252,12.162814476537285,265.08692848627715,163.5136631628444,6250.192449324686,16691.10193819811,19575.671575020766,6000.0,1200.0,1.8189894035458565e-12,1.1368683772161603e-13,7,0
2025-02-02,60086.42963577884,91.03410413015497,642.1356639606497,321.06783198032485,-230.0337278501699,806.0241641185431,60662.420072047214,87210.00083260004,86403.82166684531,63.28701791919718,869.4661836739222,168.38171461645882,5422.252156764242,27936.732746975315,25143.059472277782,1200.0,1200.0,1.8189894035458565e-12,1.1368683772161603e-13,7,0
2025-02-03,60182.568643596416,0.0,598.2997709190372,299.1498854595186,-299.1498854595186,3107.6986610826734,62991.117419219576,86047.47455722408,85348.46953948883,0.0,699.0050177352646,729.8205077387735,3135.9542221240345,27254.193251035616,24528.77392593205,1200.0,1200.0,1.8189894035458565e-12,1.1368683772161603e-13,7,0
2025-02-04,59948.20045707308,386.3988480590418,104.68256927636217,52.34128463818109,334.05756342086073,4032.666120656241,64314.92414115017,85916.2079192475,86016.22364816416,253.40580217147877,153.39007325482044,910.0933071655029,2981.0988013106776,27503.542040189834,24753.18783617085,1200.0,1200.0,1.8189894035458565e-12,1.1368683772161603e-13,7,0
2025-02-05,58214.956153724015,858.7350940486715,3.96611410843534,1.98305705421767,856.7520369944538,5477.602929383951,64549.31112010242,83473.03764972191,84162.88380349493,693.5550600290586,3.708906256045907,1245.8528046720453,1989.9460239519858,26703.636008816597,24033.27240793494,1200.0,1200.0,1.8189894035458565e-12,1.1368683772161603e-13,7,0
2025-02-06,59584.15025346796,0.0,1103.0596245301067,551.5298122650534,-551.5298122650534,5964.8073288051355,64997.427770008035,85013.97445656391,83680.99880165205,0.0,1332.9756549118429,1296.0027312970424,2042.4668146982526,26634.7750158418,23971.297514257618,1200.0,1200.0,1.8189894035458565e-12,1.1368683772161603e-13,7,0
2025-02-07,16073.353624790136,0.0,210.51862978967262,105.25931489483631,-105.25931489483631,2018.3896867437745,17986.483996639072,38885.525611630124,38300.29369111697,0.0,585.2319205131607,610.9887130712988,5122.300496546666,19833.022409749345,17849.720168774416,1200.0,1200.0,9.094947017729282e-13,1.1368683772161603e-13,7,0
2025-02-08,14902.454954494686,65.7867060804183,0.0,0.0,65.7867060804183,2452.7270336305637,17420.968694205665,36116.295924851795,36185.342842102866,69.0469172510669,0.0,735.387301597172,3396.5537503126907,19470.136767206837,17523.12309048616,1200.0,1200.0,1.8189894035458565e-12,1.1368683772161603e-13,7,0
2025-02-09,56608.83606530773,1252.3565757592169,4.5492623286597835,2.2746311643298918,1250.0819445948869,4748.8578757170235,62607.775885619645,81733.79587133018,82793.055262035,1064.533286286388,5.273895581567103,1170.0984015507233,1892.9054075359793,25148.322893830813,22633.49060444773,1200.0,1200.0,9.094947017729282e-13,2.2737367544323206e-13,7,0
2025-02-10,54592.48845270758,33.02453658957306,1440.545939348214,720.272969674107,-687.248433084534,2391.3713089151274,56296.61132853817,81329.86710090819,79447.87705459459,24.968553448271905,1906.9585997618626,643.6218636393733,3213.9207731978163,25509.405617028173,22958.465055325356,1200.0,1200.0,1.8189894035458565e-12,1.1368683772161603e-13,7,0
2025-02-11,54660.670233252975,0.0,1414.6442783497948,707.3221391748974,-707.3221391748974,3238.744468391108,57192.09256246919,80737.170550813,78920.33949377014,0.0,1816.8310570428393,731.3215696475966,1943.4780670997611,24875.858629846505,22388.27276686185,1200.0,1200.0,1.8189894035458565e-12,1.1368683772161603e-13,6,0
2025-02-12,53991.834261791206,0.0,1251.0903912189797,625.5451956094898,-625.5451956094898,4921.671733165898,58287.96079934761,80225.17420208671,78676.23043698653,0.0,1548.9437651001865,1052.2626022329068,2016.214549595443,24455.423562906588,22009.88120661593,1200.0,1200.0,1.8189894035458565e-12,1.1368683772161603e-13,6,0
2025-02-13,52131.17587297033,0.0,1312.3333701713273,656.1666850856636,-656.1666850856636,2366.25439266787,53841.26358055253,78524.78615680157,76879.33662247212,0.0,1645.449534329447,710.5322004376885,3752.1347772231175,25082.55029020018,22574.29526118016,1200.0,1200.0,9.094947017729282e-13,1.1368683772161603e-13,6,0
2025-02-14,14307.670556866058,206.45478901931426,0.0,0.0,206.45478901931426,2392.7928085722506,16906.91815445762,35141.02601612713,35351.253154153674,210.2271380265505,0.0,804.4884097258521,4283.460910235686,20704.78836977177,18634.309532794592,1200.0,1200.0,9.094947017729282e-13,1.1368683772161603e-13,7,0
2025-02-15,14644.888691790235,17.792731488052294,0.0,0.0,17.792731488052294,2720.654414747065,17383.335838025352,34601.09582692105,34619.54411971671,18.448292795658134,0.0,867.897735067249,4146.107472901065,20612.43281882896,18551.18953694606,1200.0,1200.0,9.094947017729282e-13,1.1368683772161603e-13,7,0
2025-02-16,52261.668026944884,0.0,1263.6349960935322,631.8174980467661,-631.8174980467661,11144.326582366066,62774.17711126419,77859.97936263317,76239.13744914535,0.0,1620.8419134878104,2591.002783486949,1146.7765478888919,23059.845847434033,20753.861262690632,1200.0,1200.0,1.8189894035458565e-12,1.1368683772161603e-13,7,0
2025-02-17,51785.57732478618,2.3291828196165194,2031.9019217324237,1015.9509608662119,-1013.6217780465953,3413.190307984056,54185.14585472364,77801.652214887,75073.92752134553,1.8614103888887712,2729.5861039303622,898.5735825793749,2513.8366357615832,22748.013014966466,20473.21171346982,1200.0,1200.0,1.8189894035458565e-12,2.2737367544323206e-13,7,0
2025-02-18,48764.308712998594,369.85094537129913,0.0,0.0,369.85094537129913,6461.431682792167,55595.59134116206,74809.13926851308,75156.99469043448,347.85542192139553,0.0,1459.20302847805,2198.400911638295,23264.09023940901,20937.68121546811,1200.0,1200.0,1.8189894035458565e-12,1.1368683772161603e-13,7,0
2025-02-19,49111.95830117894,874.6409517267087,220.27475487127066,110.13737743563533,764.5035742910735,6588.991203885187,56465.4530793552,75094.17268433997,75406.08224450001,724.1585835241035,412.2490233640576,1556.320217790644,1626.222699954716,24568.523790025996,22111.671411023388,1200.0,1200.0,9.094947017729282e-13,1.1368683772161603e-13,7,0
2025-02-20,50362.94668881877,0.0,475.2610350680908,237.6305175340454,-237.6305175340454,4214.699739366944,54340.015910651666,76137.09151228209,75477.83731428898,0.0,659.254197993105,941.5333771005412,3024.5520819855983,24016.84876070587,21615.16388463528,1200.0,1200.0,1.8189894035458565e-12,2.2737367544323206e-13,7,0
2025-02-21,14289.387695586147,0.0,0.16197849201740616,0.08098924600870308,-0.08098924600870308,2246.3122009236768,16535.618907263815,34108.746794658386,34108.469006128085,0.0,0.27778853029910167,736.4867036265504,7347.705499745966,19369.881766753326,17432.893590077987,1200.0,1200.0,2.5011104298755527e-12,1.1368683772161603e-13,7,0
2025-02-22,14108.487163451675,94.99102537864312,0.0,0.0,94.99102537864312,3319.0838429372466,17522.562031767564,33459.59833254758,33556.480231060275,96.88189851268889,0.0,1008.7026577034642,4826.638183691645,18937.818217387638,17044.03639564888,1200.0,1200.0,1.8189894035458565e-12,1.1368683772161603e-13,7,0
2025-02-23,48386.90637229857,192.5581294573085,409.91072376609395,204.95536188304698,-12.39723242573848,8279.43863490338,56653.947774776214,74069.88031141045,73673.655884622,133.29561568104862,529.52004246949,2094.5596616237644,1957.4481510229925,22789.137118894494,20510.22340700504,1200.0,1200.0,9.094947017729282e-13,1.1368683772161603e-13,7,0
2025-02-24,47817.19940367375,441.18254587082606,23.584019421087163,11.792009710543581,429.39053616028247,3101.7070926259676,51348.29703246001,73223.6251882465,73720.72859543617,526.1736865812751,29.070279391590248,652.8378064612534,3820.9578595804996,23495.74925650267,21146.174330852406,1200.0,1200.0,9.094947017729282e-13,1.1368683772161603e-13,7,0
2025-02-25,47201.747567118,0.0,1841.8496258910081,920.9248129455041,-920.9248129455041,3869.93832577295,50150.76107994545,73678.59197943182,71183.24801707413,0.0,2495.3439623576824,935.4765501506821,3973.0290135794235,23243.7232031206,20919.350882808543,1200.0,1200.0,9.094947017729282e-13,1.1368683772161603e-13,7,0
2025-02-26,46049.83870083754,1256.5075264268662,11.725942155217702,5.862971077608851,1250.6445553492574,4431.751925202909,51732.235181389704,71176.90417414901,72317.01208611712,1151.5004269059227,11.392514937822284,1091.936854217427,2239.1584703449707,23549.424366562314,21194.481929906076,1200.0,1200.0,1.8189894035458565e-12,1.1368683772161603e-13,7,0
2025-02-27,45314.824423992904,459.08568615969483,401.66588367943154,200.83294183971577,258.252744319979,4922.738565097429,50495.815733410316,71510.43584022908,71089.36007612318,370.8638356551187,791.9395997610222,999.9939897500814,2791.8469520968465,23409.22913776421,21068.306223987787,1200.0,1200.0,9.094947017729282e-13,1.1368683772161603e-13,7,0
2025-02-28,13401.047366234205,0.0,0.0,0.0,0.0,1851.6541826547489,15252.701548888956,32874.466407207336,32874.466407207336,0.0,0.0,623.6089954283907,8441.240726832704,17642.411258030173,15878.170132227146,1200.0,1200.0,1.8189894035458565e-12,1.1368683772161603e-13,7,0
2025-03-01,13161.32121001403,24.45323365969697,0.0,0.0,24.45323365969697,1590.406139982184,14776.18058365591,32558.848275315642,32586.095981257862,27.247705942220335,0.0,549.9457188487029,7710.698913796886,17665.76852976344,15899.191676787097,1200.0,1200.0,9.094947017729282e-13,1.1368683772161603e-13,7,0
2025-03-02,45808.28368286029,5119.347422478044,0.0,0.0,5119.347422478044,7246.054648385539,58173.68575372386,71353.62843800859,75770.65347128487,4417.025033276261,0.0,1650.5765322978127,2571.4532257366545,24914.697111793415,22423.227400614072,1200.0,1200.0,9.094947017729282e-13,1.1368683772161603e-13,7,0
2025-03-03,46785.133674905155,1653.1494818071837,172.36705674308695,86.18352837154347,1566.9659534356406,9571.253487197828,57923.353115538615,72970.67303614598,73987.69828819003,1294.6892708728692,277.66401882881314,2181.9358129315115,1759.2634481306986,23932.24019657511,21539.0161769176,1200.0,1200.0,9.094947017729282e-13,1.1368683772161603e-13,7,0
2025-03-04,45482.44424430398,934.0761849064764,0.0,0.0,934.0761849064764,5527.60916438772,51944.129593598176,70982.99274038101,71746.39333623875,763.40059585774,0.0,1566.7923910626473,1781.0278079770926,23326.99985990966,20994.2998739187,1200.0,1200.0,1.8189894035458565e-12,1.1368683772161603e-13,7,0
2025-03-05,45598.13225671463,0.0,1303.370639890129,651.6853199450645,-651.6853199450645,3449.4082791137644,48395.85521588332,72622.75588286796,70718.10345410295,0.0,1904.6524287650068,871.2514055261114,3099.9804581261087,23589.023848362925,21230.121463526637,1200.0,1200.0,9.094947017729282e-13,1.1368683772161603e-13,7,0
2025-03-06,44313.35996750542,66.86222496190194,154.40760539687398,77.20380269843699,-10.341577736535037,2906.4391826051615,47209.45757237405,70474.55354752661,70246.39934567333,51.666564729204765,279.8207665824858,751.3784688420345,2587.1294422155493,24699.942389664862,22229.94815069838,1200.0,1200.0,1.8189894035458565e-12,1.1368683772161603e-13,7,0
2025-03-07,12845.265245878378,0.0,30.359567199654336,15.179783599827168,-15.179783599827168,857.0188436091491,13687.1043058877,31386.77587478028,31337.250915713084,0.0,49.52495906719655,384.30800127951744,9082.687298344405,17165.86085314863,15449.27476783377,1200.0,1200.0,9.094947017729282e-13,1.1368683772161603e-13,7,0
2025-03-08,12459.063014516578,0.0,0.0,0.0,0.0,1704.358294691759,14163.421309208337,30568.348391758016,30568.348391758016,0.0,0.0,652.0137197161532,10481.68523643017,16755.373583773322,15079.83622539599,1200.0,1200.0,1.8189894035458565e-12,1.1368683772161603e-13,7,0
2025-03-09,43631.484802489125,0.0,1774.0378009033561,887.0189004516781,-887.0189004516781,3308.9005169760735,46053.366419013524,70745.65807925332,67551.91073726473,0.0,3193.7473419885846,860.3868786041096,2646.716451796806,24320.561140720383,21888.505026648345,1200.0,1200.0,9.094947017729282e-13,1.1368683772161603e-13,7,0
2025-03-10,43832.76858746262,887.5577418323253,0.0,0.0,887.5577418323253,9841.357717463008,54561.68404675796,69015.64907539557,69850.36490925116,834.7158338555939,0.0,2414.171013851735,1791.468218634198,24309.96254468701,21878.966290218308,1200.0,1200.0,9.094947017729282e-13,2.2737367544323206e-13,7,0
2025-03-11,41447.06257622756,1062.315701569447,0.0,0.0,1062.315701569447,5345.676287801916,47855.054565598926,66162.8400039652,67357.1317356642,1194.291731698989,0.0,1283.5934974558459,2446.6888012138215,22551.17631906223,20296.05868715601,1200.0,1200.0,9.094947017729282e-13,1.1368683772161603e-13,7,0
2025-03-12,42824.14387690047,61.935391885775715,1589.2293652990793,794.6146826495396,-732.6792907637639,2399.462494102362,44490.92708023907,69256.90987305208,66638.25846780399,41.80409002637839,2660.4554952744747,711.7087804330349,2666.5814397603185,22478.511251433683,20230.660126290317,1200.0,1200.0,9.094947017729282e-13,1.1368683772161603e-13,7,0
2025-03-13,43628.89483667293,1478.0606589379915,0.0,0.0,1478.0606589379915,6072.80255311739,51179.75804872831,68886.2330596642,70339.16049478267,1452.927435118459,0.0,1377.9618948436478,1922.4986276842196,22490.057452754336,20241.051707478902,1200.0,1200.0,1.8189894035458565e-12,1.1368683772161603e-13,7,0
2025-03-14,12011.97519971426,150.77523213986186,0.0,0.0,150.77523213986186,1283.817419528054,13446.567851382177,30201.708221784953,30354.12096723831,152.41274545335608,0.0,438.58925070808186,13132.004645946774,16312.79588666281,14681.516297996528,1200.0,1200.0,1.8189894035458565e-12,1.1368683772161603e-13,7,0
2025-03-15,12015.455692849548,97.65044016548019,0.0,0.0,97.65044016548019,2971.4382573165403,15084.544390331568,29771.97451624322,29874.342399511945,102.36788326872343,0.0,953.0521106021309,8236.317376649116,16669.519834649593,15002.567851184633,1200.0,1200.0,1.8189894035458565e-12,1.1368683772161603e-13,7,0
2025-03-16,41425.38752034375,430.4901643950891,0.0,0.0,430.4901643950891,3879.556783735252,45735.43446847409,67123.40279213633,67554.41623306033,431.0134409240009,0.0,1047.7360418094925,2888.2602750318974,23628.450665045937,21265.60559854134,1200.0,1200.0,1.8189894035458565e-12,1.1368683772161603e-13,7,0
2025-03-17,39405.10380401369,215.98666262830096,1706.152978747711,853.0764893738555,-637.0898267455544,3115.906084247283,41883.92006151542,65764.28457435477,62610.08181360227,149.69697811654027,3303.899738869027,790.1049371588026,3418.040405680659,21240.14911747087,19116.134205723793,1200.0,1200.0,1.8189894035458565e-12,1.1368683772161603e-13,7,0
2025-03-18,41987.05530052997,16.373042639719124,1196.4949533070094,598.2474766535047,-581.8744340137856,3276.4586693746496,44681.639535890834,68364.26678849274,66464.69106115837,10.126350824087922,1909.7020781584495,731.0562698091586,3838.976837415726,22308.121268851348,20077.309141966216,1200.0,1200.0,9.094947017729282e-13,1.1368683772161603e-13,7,0
2025-03-19,38579.19857988544,842.6536557410965,57.936902827952515,28.968451413976258,813.6852043271202,3092.8176888205585,42485.701473033114,63578.36891855096,64307.22653141376,839.0220834497256,110.16447058691813,833.4411845351507,3434.647399841118,22405.49866107805,20164.94879497025,1200.0,1200.0,9.094947017729282e-13,1.1368683772161603e-13,7,0
2025-03-20,40430.887359324115,131.74722965195542,653.5992941771649,326.79964708858245,-195.05241743662702,7676.234207847386,47912.069149734874,65326.57073321649,64292.75069346028,83.7639809768599,1117.584020733069,1936.900749054079,1873.0412079574342,21476.48417890255,19328.83576101229,1200.0,1200.0,9.094947017729282e-13,1.1368683772161603e-13,7,0
2025-03-21,11199.429255953184,0.0,77.88978455950028,38.94489227975014,-38.94489227975014,2128.2044276740676,13288.688791347502,28708.531586450754,28579.09682942653,0.0,129.43475702422364,697.8080661759222,15745.823973007606,14976.164059281822,13478.547653353644,1200.0,1200.0,1.8189894035458565e-12,1.1368683772161603e-13,7,0
2025-03-22,11433.184799665618,55.16264030498978,0.0,0.0,55.16264030498978,1208.9960344266194,12697.343474397225,28921.8147150849,28979.610592964385,57.79587787948543,0.0,573.3684128062516,12188.440243214227,14833.390292230752,13350.051263007676,1200.0,1200.0,9.094947017729282e-13,1.1368683772161603e-13,7,0
2025-03-23,38938.81169668923,169.55547517832017,650.8677094405022,325.4338547202511,-155.8783795419309,3606.768233017549,42389.70155016484,64537.691416907524,63874.31518503398,225.54391775464035,888.9201496281908,918.1697740736536,3819.3149586938307,22034.498837471292,19831.048953724166,1200.0,1200.0,1.8189894035458565e-12,1.1368683772161603e-13,7,0
2025-03-24,37958.78876066192,1139.5594982886414,491.54717228199604,245.77358614099802,893.7859121476433,3012.3327522811896,41864.90742509075,62859.22964623774,62896.983407872925,967.0860424885433,929.3322808533617,940.463229761027,3682.7370629303205,21562.124913702966,19405.912422332673,1200.0,1200.0,1.8189894035458565e-12,1.1368683772161603e-13,7,0
2025-03-25,39023.67647856623,180.72630298131276,555.627569308695,277.8137846543475,-97.08748167303474,4671.590540711523,43598.179537604716,64735.157098503696,63866.626744628586,118.09157892300072,986.6219327981037,1274.663195748084,1983.3511027912602,22078.141209187426,19870.327088268685,1200.0,1200.0,1.8189894035458565e-12,1.1368683772161603e-13,7,0
2025-03-26,37065.16153595662,430.4564244153921,386.67964744221683,193.33982372110842,237.1166006942837,2584.2074830566953,39886.4856197076,61310.99858280638,61049.93679918194,391.49419173370984,652.5559753581473,738.5046079203048,4028.902407285236,21669.84133150345,19502.857198353104,1200.0,1200.0,1.8189894035458565e-12,1.1368683772161603e-13,7,0
2025-03-27,37486.26513531839,305.34361296569193,489.35331316169516,244.67665658084758,60.666956384844354,5372.006990592743,42918.93908229598,62542.38622908806,62049.92415371013,221.93372362124097,714.3957989991617,1415.4591684975167,2589.464313586774,21589.296086208786,19430.366477587908,1200.0,1200.0,9.094947017729282e-13,1.1368683772161603e-13,7,0
2025-03-28,11144.412889328447,64.29744707707326,0.0,0.0,64.29744707707326,1471.2892196459948,12679.999556051516,28722.96236452985,28788.033755031043,65.07139050119463,0.0,484.6950005247543,16898.145807968678,15527.021809204582,13974.319628284124,1200.0,1200.0,9.094947017729282e-13,1.1368683772161603e-13,7,0
2025-03-29,11178.801187704168,190.18794247799775,0.0,0.0,190.18794247799775,1731.8277404871465,13100.816870669312,28169.51420471022,28371.225943296264,201.7117385860455,0.0,557.881284214222,19708.804005173275,15130.940390038813,13617.846351034932,1200.0,1200.0,1.8189894035458565e-12,1.1368683772161603e-13,7,0
2025-03-30,35831.34040553757,12.269825487493822,1002.1610280242068,501.0805140121034,-488.81068852460953,5154.082129429124,40496.61184644209,60600.8562449122,58643.78579299221,7.770436183510469,1964.8408881034952,1354.678257253228,2541.9910063855577,21108.5334385989,18997.680094739015,1200.0,1200.0,1.8189894035458565e-12,1.1368683772161603e-13,7,0
2025-03-31,34515.17715194478,2432.812911560485,0.0,0.0,2432.812911560485,5343.944960017321,42291.93502352259,57378.305726368824,60611.53959825938,3233.2338718905603,0.0,1373.4709485076614,2903.259893759485,21303.61169674228,19173.250527068056,1200.0,1200.0,1.8189894035458565e-12,1.1368683772161603e-13,7,0
2025-04-01,37490.297706903795,2385.8505500894244,0.0,0.0,2385.8505500894244,5036.00489248186,44912.15314947508,61318.883776517425,63863.416858106706,2544.533081589283,0.0,1309.9450246130364,2860.005879150087,21045.044869029927,18940.540382126943,1200.0,1200.0,1.8189894035458565e-12,1.1368683772161603e-13,7,0
2025-04-02,36493.38884886382,2944.4832276751567,207.83524671698942,103.91762335849471,2840.565604316662,3574.742380487053,42908.696833667535,60923.81422784463,63909.18882217216,3226.4147589800677,241.04016465252863,920.415815364667,2195.3831615510635,21988.86075985762,19789.974683871857,1200.0,1200.0,9.094947017729282e-13,1.1368683772161603e-13,7,0
2025-04-03,37463.237079551545,265.42396906037726,97.10272956509118,48.55136478254559,216.87260427783167,1807.324950171867,39487.43463400124,61502.98250149035,61508.22894858329,251.58004101201016,246.33359391906527,477.62604296395,3962.6269064620506,21596.97818418524,19437.280365766714,1200.0,1200.0,9.094947017729282e-13,1.1368683772161603e-13,7,0
2025-04-04,10555.602038046209,0.0,0.0,0.0,0.0,1225.485134589132,11781.08717263534,27729.471518582915,27729.471518582915,0.0,0.0,402.1505665677938,20262.21291366146,14386.06921489252,12947.462293403272,1200.0,1200.0,9.094947017729282e-13,1.1368683772161603e-13,7,0
2025-04-05,10823.374691763733,0.0,0.0,0.0,0.0,2055.0423682602045,12878.417060023938,27790.24288441416,27790.24288441416,0.0,0.0,688.0985262901585,14999.745982847397,14344.804445235877,12910.324000712288,1200.0,1200.0,9.094947017729282e-13,1.1368683772161603e-13,7,0
2025-04-06,36205.37799578217,824.2176998931238,200.03629481508597,100.01814740754298,724.1995524855809,1437.9789009781198,38367.556449245865,60509.33290708154,60751.045432707164,667.0209493752731,425.3084237496487,347.9462002772219,4564.026204442913,21248.89161874801,19124.00245687321,1200.0,1200.0,9.094947017729282e-13,1.1368683772161603e-13,7,0
2025-04-07,34317.436263651114,706.5125210966195,0.0,0.0,706.5125210966195,1526.0139481572282,36549.96273290496,57610.51701293576,58376.696286156366,766.179273220607,0.0,483.106394503324,3566.082499348142,20510.00897978212,18459.00808180391,1200.0,1200.0,1.8189894035458565e-12,1.1368683772161603e-13,7,0
2025-04-08,35352.92480574013,367.734784679211,371.71353090614883,185.85676545307442,181.8780192261366,3632.6122921454107,39167.41511711168,59847.82254661917,59417.29453502454,253.1834356320408,683.7114472266686,846.0697268078076,3802.292993989382,21078.776511763048,18970.89886058674,1200.0,1200.0,9.094947017729282e-13,1.1368683772161603e-13,7,0
2025-04-09,35137.73748024933,3430.0241477229292,0.0,0.0,3430.0241477229292,4011.391864113686,42579.15349208594,58809.37890169033,62927.55015368481,4118.171251994476,0.0,1086.3740748955443,2741.6380951043957,21379.75116809291,19241.776051283618,1200.0,1200.0,9.094947017729282e-13,1.1368683772161603e-13,7,0
2025-04-10,35345.88804298882,1200.4256951454868,216.0457409555804,108.0228704777902,1092.4028246676964,3701.2286188628736,40139.51948651939,58758.77350871253,60158.26041427636,1859.5007636232626,460.01385805943715,856.2178990179182,4450.230118586868,21036.102947074105,18932.49265236669,1200.0,1200.0,1.8189894035458565e-12,1.1368683772161603e-13,7,0
2025-04-11,10289.906544993266,0.0,33.13138468608537,16.565692343042684,-16.565692343042684,2341.7963195983434,12615.137172248567,26747.53386598872,26691.590133192905,0.0,55.94373279581495,762.7552947809173,20753.89691872454,13837.983425826174,12454.185083243554,1200.0,1200.0,9.094947017729282e-13,1.1368683772161603e-13,7,0
2025-04-12,10470.550009536943,0.0,43.560313686665545,21.780156843332772,-21.780156843332772,1024.4021885476964,11473.172041241305,27536.635403849985,27461.006710650297,0.0,75.6286931996853,335.7416688026384,17330.029545611334,14415.58283841604,12974.024554574436,1200.0,1200.0,1.8189894035458565e-12,1.1368683772161603e-13,7,0
2025-04-13,34618.31177133182,459.58968078771545,0.0,0.0,459.58968078771545,3272.093651840661,38349.995103960195,57718.5952268793,58217.792102295236,499.19687541594266,0.0,872.4403004855574,2707.3209530286076,21065.52966418851,18958.976697769656,1200.0,1200.0,1.8189894035458565e-12,1.1368683772161603e-13,7,0
2025-04-14,34980.483463412034,0.0,2056.8910501094842,1028.4455250547421,-1028.4455250547421,4813.389004888659,38765.426943245955,59125.480048276084,55795.545967595135,0.0,3329.934080680946,1345.8940177563245,2569.0126458824802,20443.955394689732,18399.55985522076,1200.0,1200.0,1.8189894035458565e-12,1.1368683772161603e-13,7,0
2025-04-15,33157.52228932731,278.6625511454639,158.37872769408924,79.18936384704462,199.4731872984193,2852.4805687252165,36209.47604535094,56623.18638496997,56493.067427080314,286.8329795185441,416.9519374081959,686.412828124717,5013.474821328008,20265.766005436897,18239.189404893208,1200.0,1200.0,1.8189894035458565e-12,1.1368683772161603e-13,7,0
2025-04-16,34965.66824445926,650.6262574593758,73.76581986523762,36.88290993261881,613.7433475267569,3876.2057165960023,39455.61730858202,58934.92792787845,59319.60374329543,533.0084513816616,148.33263596468453,1066.7891860062311,2579.991934329202,20268.09044972462,18241.281404752157,1200.0,1200.0,1.8189894035458565e-12,1.1368683772161603e-13,7,0
2025-04-17,33234.79550517239,887.8290083978252,0.0,0.0,887.8290083978252,3247.2221182006874,37369.8466317709,55971.35815719665,57059.59664700283,1088.2384898061778,0.0,747.5764582719835,2920.4926160377718,20183.38139237033,18165.04325313329,1200.0,1200.0,1.8189894035458565e-12,1.1368683772161603e-13,7,0
2025-04-18,10000.427734414832,0.0,0.0,0.0,0.0,1015.6614029037514,11016.089137318582,26231.82926077233,26231.82926077233,0.0,0.0,434.5261663108764,18948.001850999193,13642.363927506836,12278.127534756153,1200.0,1200.0,1.8189894035458565e-12,1.1368683772161603e-13,7,0
2025-04-19,10080.64653266071,108.4028903114171,0.0,0.0,108.4028903114171,1233.4759752083128,11422.525398180438,26253.469679877446,26381.46560431023,127.99592443278385,0.0,487.15809957826707,18615.650766773473,14682.936871150228,13214.643184035209,1200.0,1200.0,1.8189894035458565e-12,1.1368683772161603e-13,7,0
2025-04-20,33411.3872524639,753.2904005760593,212.19062473133977,106.09531236566988,647.1950882103893,2307.7283274013726,36366.31066807566,56780.577779862964,56910.258453324386,582.7698202740839,453.0891468126599,708.8121752864425,3612.4612867813144,20488.644584961796,18439.780126465615,1200.0,1200.0,9.094947017729282e-13,1.1368683772161603e-13,7,0
2025-04-21,33145.91148494872,0.0,2290.3074641098096,1145.1537320549048,-1145.1537320549048,4482.327583616738,36483.08533651056,57374.955054653125,52253.81176628805,0.0,5121.143288365078,1268.2318950006293,3103.330882455119,19018.02395500226,17116.221559502035,1200.0,1200.0,9.094947017729282e-13,1.1368683772161603e-13,7,0
2025-04-22,32695.17736398708,551.0404118555681,0.0,0.0,551.0404118555681,4636.652347971172,37882.870123813824,55272.140021038125,55924.65844928063,652.5184282425126,0.0,1305.057223778506,3089.2800152775753,19875.06341114906,17887.557070034163,1200.0,1200.0,1.8189894035458565e-12,1.1368683772161603e-13,7,0
2025-04-23,32625.30996236728,908.6534232172172,0.0,0.0,908.6534232172172,2834.3360068987604,36368.299392483255,54693.33613739211,55979.61541231848,1286.2792749263745,0.0,810.735679478096,3417.5051197314647,19729.292553984444,17756.363298586,1200.0,1200.0,1.8189894035458565e-12,1.1368683772161603e-13,7,0
2025-04-24,32601.395016115493,629.6070300782633,863.4141168601071,431.70705843005356,197.89997164820977,2067.307949190532,34866.60293695423,55402.72221046894,53935.60794327703,464.5856161321569,1931.6998833240687,496.3338484472371,5413.190841857674,19286.442498665903,17357.798248799307,1200.0,1200.0,1.8189894035458565e-12,1.1368683772161603e-13,7,0
2025-04-25,9347.354753336287,0.0,63.8198015718717,31.90990078593585,-31.90990078593585,1302.747308534455,10618.192161084808,25430.22549808788,25323.382304182058,0.0,106.84319390582144,378.52323011319237,22394.328347797593,13072.195364976571,11764.975828478911,1200.0,1200.0,9.094947017729282e-13,1.1368683772161603e-13,7,0
2025-04-26,9638.388533543015,207.43055860938836,0.0,0.0,207.43055860938836,1608.6177165053446,11454.436808657749,25502.00604485201,25728.845017323034,226.83897247102811,0.0,504.3648792664459,24817.66185325227,13453.544100038813,12108.189690034931,1200.0,1200.0,9.094947017729282e-13,1.1368683772161603e-13,7,0
2025-04-27,30376.6270853733,2001.5207588415071,27.294799450045588,13.647399725022794,1987.8733591164844,5357.227048319234,37721.72749280902,51543.67842069429,53848.067569310304,2400.9192108327925,96.53006221678328,1320.3360997854747,4687.569270349586,19073.63215412859,17166.26893871573,1200.0,1200.0,1.8189894035458565e-12,1.1368683772161603e-13,7,0
2025-04-28,32421.381624360125,5113.597016434003,0.0,0.0,5113.597016434003,3963.6679711215493,41498.646611915676,54516.88857627555,60008.86677100419,5491.978194728636,0.0,928.8029585831596,2375.2174179530807,19404.849949675998,17464.3649547084,1200.0,1200.0,9.094947017729282e-13,1.1368683772161603e-13,7,0
2025-04-29,30862.6168869823,1194.655564182875,49.11287787871977,24.556438939359886,1170.0991252435151,1841.0018008580018,33873.71781308382,52295.832200640674,53147.56477503208,994.8197881576598,143.08721376625527,473.3052421146087,4353.684719815252,18339.715806647695,16505.744225982922,1200.0,1200.0,9.094947017729282e-13,1.1368683772161603e-13,7,0
2025-04-30,30278.739154865583,277.1185813170025,559.9316236571108,279.9658118285554,-2.8472305115528798,6804.484519691705,37080.37644404574,51242.747594590895,50971.53438692256,437.8176110837534,709.030818752088,2020.2463831951443,2925.347019616438,18095.79317167929,16286.213854511356,1200.0,1200.0,9.094947017729282e-13,1.1368683772161603e-13,7,0
2025-05-01,31670.02344297813,1464.5799926600303,0.0,0.0,1464.5799926600303,15137.684025366874,48272.287461005035,51584.83038389591,52956.59884148858,1371.7684575926705,0.0,3269.036789445305,3249.1977743941875,19650.590565397004,17685.53150885731,1200.0,1200.0,9.094947017729282e-13,1.1368683772161603e-13,7,0
2025-05-02,10327.692554191502,242.97715082451285,0.0,0.0,242.97715082451285,8435.40799865009,19006.077703666102,25920.98488354049,26170.31924464355,249.33436110306096,0.0,2313.772392165495,12828.417991968048,13653.53561507667,12288.182053569008,1200.0,1200.0,1.8189894035458565e-12,1.1368683772161603e-13,7,0
2025-05-03,10626.269521231196,0.0,0.0,0.0,0.0,6402.909232630709,17029.178753861903,26520.20049338534,26520.20049338534,0.0,0.0,1570.8662691346801,17908.863572368144,13150.315401518765,11835.283861366886,1200.0,1200.0,1.8189894035458565e-12,1.1368683772161603e-13,7,0
2025-05-04,34802.42306490059,0.0,1938.8101767772273,969.4050883886136,-969.4050883886136,10623.78154853868,44456.79952505066,56684.79854154099,53239.72700370978,0.0,3445.071537831224,2848.5658576271016,2546.4764289061204,18071.490990974173,16264.341891876755,1200.0,1200.0,1.8189894035458565e-12,1.1368683772161603e-13,7,0
2025-05-05,36225.96813208221,364.0541237662283,895.6153781331127,447.80768906655635,-83.75356530032803,6069.064095314305,42211.278662096185,58755.41923897805,58191.936766727216,551.9402982000483,1115.4227704508899,1462.2781286087102,2544.32048626919,20338.876090667305,18304.988481600572,1200.0,1200.0,1.8189894035458565e-12,1.1368683772161603e-13,7,0
2025-05-06,34962.72476457903,937.0395552607057,436.6278057348304,218.3139028674152,718.7256523932905,7038.110628716054,42719.56104568837,55456.19338819022,55731.03364890964,1191.7181092951005,916.8778485756834,1789.8820941446213,2779.0778224172973,18717.555539702997,16845.7999857327,1200.0,1200.0,1.8189894035458565e-12,1.1368683772161603e-13,7,0
2025-05-07,35755.39368139229,1270.4215434643152,0.0,0.0,1270.4215434643152,5092.032931411683,42117.848156268294,56940.770416392465,58713.817652085214,1773.0472356927528,0.0,1129.383037744581,2847.772801475524,19275.819383542723,17348.237445188453,1200.0,1200.0,1.8189894035458565e-12,1.1368683772161603e-13,7,0
2025-05-08,38026.72463617169,267.9023924757659,203.02990123486614,101.51495061743307,166.38744185833283,3774.7297863641643,41967.841864394184,60856.116439261525,61008.16131310884,379.16432107028754,227.11944722297528,930.143126545111,4161.878598731095,19499.134409228518,17549.220968305668,1200.0,1200.0,9.094947017729282e-13,1.1368683772161603e-13,7,0
2025-05-09,11878.740769218148,7.216605620902074,0.0,0.0,7.216605620902074,1313.886138973284,13199.843513812335,28563.116824776745,28571.542394451055,8.42556967430382,0.0,463.6689215610309,19189.611357685066,13462.141083270144,12115.926974943126,1200.0,1200.0,1.8189894035458565e-12,1.1368683772161603e-13,7,0
2025-05-10,11819.157167826115,102.3415416577013,0.0,0.0,102.3415416577013,1553.6674989236053,13475.166208407423,28107.286377055156,28225.769323250654,118.4829461954988,0.0,551.034720930129,15280.147620021093,13756.11140826355,12380.50026743719,1200.0,1200.0,9.094947017729282e-13,1.1368683772161603e-13,7,0
2025-05-11,36462.70580057861,15.582457303693623,398.4945790159217,199.24728950796086,-183.66483220426724,5433.106920630244,41712.147889004584,59587.55401788828,58762.72038517845,15.211370197300667,840.0450029071283,1476.8608231855144,2840.467161187399,19150.349638432304,17235.314674589074,1200.0,1200.0,1.8189894035458565e-12,1.1368683772161603e-13,7,0
2025-05-12,35622.6018497625,648.4689184925586,30.94140715234009,15.470703576170045,632.9982149163885,3462.2125783141537,39717.81264299304,57330.75939137074,57941.12877174272,660.5916370248772,50.2222566528949,908.7698796759689,5144.430438331641,17742.729797537148,15968.456817783434,1200.0,1200.0,9.094947017729282e-13,1.1368683772161603e-13,7,0
2025-05-13,36824.20682090161,0.0,1326.7760024945185,663.3880012472592,-663.3880012472592,3757.3804027923948,39918.199222446754,60725.13911934885,58175.186223887096,0.0,2549.9528954617576,873.8697192444805,4026.4927580764706,18933.504183884364,17040.15376549593,1200.0,1200.0,9.094947017729282e-13,1.1368683772161603e-13,7,0
2025-05-14,35995.94603783901,787.4107845889382,1368.4207332443043,684.2103666221522,103.20041796678606,2975.1522230125483,39074.29867881834,59385.78341091152,57992.28143070583,1117.0889705023587,2510.590950708055,838.9879988458567,3944.5811320235453,18725.395141948087,16852.855627753277,1200.0,1200.0,9.094947017729282e-13,1.1368683772161603e-13,7,0
2025-05-15,36831.74952994255,146.23056978671787,258.5294461514166,129.2647230757083,16.96584671100956,2363.417095392886,39212.13247204645,58715.70158388035,58450.06162103117,245.9738952761058,511.6138581252765,685.1049240972422,4467.910299739828,19021.979620552593,17119.781658497333,1200.0,1200.0,9.094947017729282e-13,1.1368683772161603e-13,7,0
2025-05-16,11166.408347376811,0.0,172.18958354808936,86.09479177404468,-86.09479177404468,1704.0635519138905,12784.377107516659,27258.630377515132,26976.33290443589,0.0,282.29747307924333,604.3414668320538,23519.554046958503,13456.137909761037,12110.524118784931,1200.0,1200.0,9.094947017729282e-13,1.1368683772161603e-13,7,0
2025-05-17,11159.328946507745,0.0,20.917154256494243,10.458577128247121,-10.458577128247121,3223.648900581722,14372.519269961218,27053.60797804878,27020.051349688383,0.0,33.55662836039785,946.8366279757865,16254.68626229974,12634.026320310968,11370.623688279871,1200.0,1200.0,1.8189894035458565e-12,1.1368683772161603e-13,7,0
2025-05-18,36349.65132421625,0.0,491.8442482188981,245.92212410944904,-245.92212410944904,2591.5655236796424,38695.29472378644,60136.72418324592,59415.505378713424,0.0,721.2188045324908,844.199135708164,4676.667950707957,19068.68463713638,17161.81617342275,1200.0,1200.0,1.8189894035458565e-12,1.1368683772161603e-13,7,0
2025-05-19,34572.20677623821,83.99259197877028,903.6993013035748,451.8496506517874,-367.85705867301715,2878.410769493889,37082.76048705908,57900.96515068579,55389.490986378296,70.69116799254451,2582.1653323000373,533.2443821970197,6564.148364752655,18433.704538226564,16590.334084403905,1200.0,1200.0,1.8189894035458565e-12,1.1368683772161603e-13,7,0
2025-05-20,34327.19851781108,1012.3920035729371,19.011222654558313,9.505611327279157,1002.8863922456579,5138.382213781592,40468.46712383833,56965.86730137757,58085.00751837142,1136.5004787549306,17.36026176107964,1164.2803515724936,2870.3428930893792,18515.501601878634,16663.95144169077,1200.0,1200.0,1.8189894035458565e-12,1.1368683772161603e-13,7,0
2025-05-21,34102.98042082619,1189.4452563888083,154.95193887933672,77.47596943966836,1111.96928694914,3439.42971178853,38654.37941956386,55583.376767789894,56316.65333169747,1168.261699411124,434.98513550354465,886.8234530307955,4029.828420382145,18110.33081012784,16299.29772911505,1200.0,1200.0,9.094947017729282e-13,1.1368683772161603e-13,7,0
2025-05-22,35086.799428321865,0.0,294.33522895195586,147.16761447597793,-147.16761447597793,2127.4939680550983,37067.125781900984,56879.59615594502,56372.28646644359,0.0,507.30968950143296,666.1135532731316,4402.4590177566315,18193.101852934233,16373.79166764081,1200.0,1200.0,1.8189894035458565e-12,1.1368683772161603e-13,7,0
2025-05-23,10804.235507651358,401.0741877405835,0.0,0.0,401.0741877405835,988.3260241345779,12193.63571952652,26604.516769418387,27061.32232473471,456.80555531632245,0.0,403.42380925685427,19823.654240513428,12201.430101448044,10981.28709130324,1200.0,1200.0,1.8189894035458565e-12,1.1368683772161603e-13,7,0
2025-05-24,11247.537006078375,0.0,130.8107194382639,65.40535971913195,-65.40535971913195,1451.3953584785254,12633.527004837772,26811.491487732357,26600.81896039418,0.0,210.6725273381792,560.8968230460838,22148.91349534978,12583.00904757138,11324.70814281424,1200.0,1200.0,1.8189894035458565e-12,1.1368683772161603e-13,7,0
2025-05-25,34692.44660727438,29.353314273266907,983.903035398864,491.951517699432,-462.5982034261651,3076.559963251207,37306.40836709943,57397.16840763473,55111.767171332656,25.531333539080606,2310.932569841154,740.5645029322411,5508.311726393866,17990.097645376954,16191.087880839259,1200.0,1200.0,1.8189894035458565e-12,1.1368683772161603e-13,7,0
2025-05-26,34045.83367400516,2188.914530719014,0.0,0.0,2188.914530719014,4490.817594049397,40725.565798773576,55974.6850894401,58578.26338624737,2603.57829680727,0.0,1290.8667861265506,3380.806819932952,19084.90402440971,17176.41362196874,1200.0,1200.0,1.8189894035458565e-12,1.1368683772161603e-13,7,0
2025-05-27,33168.797554844015,86.4602009798035,199.4233664851792,99.7116832425896,-13.251482262786098,4092.7578854359276,37248.30395801716,54549.73411591722,54326.20457964114,137.73339699445793,361.26293327053685,1097.4771772177262,4295.93152972859,17373.829271302842,15636.446344172564,1200.0,1200.0,1.8189894035458565e-12,1.1368683772161603e-13,7,0
2025-05-28,35414.16576290655,293.47127569053964,445.5717080209955,222.78585401049776,70.68542168004193,2901.0919893730734,38385.94317395968,58296.6859899448,57654.0943032453,203.185029103617,845.776715803121,873.6715050424843,4309.88655943611,19440.55148851675,17496.49633966508,1200.0,1200.0,1.8189894035458565e-12,1.1368683772161603e-13,7,0
2025-05-29,35443.160760672305,617.121434266111,301.4938008975655,150.74690044878275,466.37453381732826,5707.108152519363,41616.643447009,58034.40760368594,58180.04930032216,715.6891028687876,570.0474062325605,1418.8545813991973,3469.2841137387754,20194.96267982586,18175.466411843277,1200.0,1200.0,1.8189894035458565e-12,1.1368683772161603e-13,7,0
2025-05-30,10964.118704191551,201.66366060577423,0.0,0.0,201.66366060577423,1489.9593215491905,12655.741686346517,26693.021569462515,26905.2962474784,212.27467801588665,0.0,600.0959971134969,19563.188903338083,13459.700745871483,12113.730671284335,1200.0,1200.0,1.8189894035458565e-12,1.1368683772161603e-13,7,0
2025-05-31,11080.279952228308,0.0,206.54417638800416,103.27208819400208,-103.27208819400208,1852.8678605983657,12829.875724632671,27646.2972227157,27283.69661960243,0.0,362.60060311326833,736.9232535108513,18244.156081107063,13872.82242006219,12485.54017805597,1200.0,1200.0,1.8189894035458565e-12,1.1368683772161603e-13,7,0
2025-06-01,42639.03218132167,1967.6571775640687,99.19747045539658,49.59873522769829,1918.0584423363707,35762.93542005251,80320.02604371055,64382.22725803267,66217.31522748154,1931.0242566659288,95.93628721706375,8285.297550051197,1033.5117504026634,22442.747271300672,20198.472544170603,1200.0,1200.0,1.8189894035458565e-12,3.163131623296067e-08,7,0
2025-06-02,43694.094919612646,973.9780669255457,1524.9864910963254,762.4932455481627,211.484821377383,29757.544449614536,73663.12419060458,67318.71622669179,64839.67719901222,791.5521379270647,3270.5911656066373,6880.520229218617,961.5484360601972,21178.41542170631,19060.57387953568,1200.0,1200.0,9.094947017729282e-13,1.1368683772161603e-13,7,0
2025-06-03,44862.66383522299,14.728373568942823,170.89316197511044,85.44658098755522,-70.71820741861241,18347.608082494666,63139.55371029905,68537.34903107527,68239.80415702163,11.00555956058895,308.55043361423805,4247.596153931412,2085.506919969268,22095.265576504404,19885.739018853972,1200.0,1200.0,1.8189894035458565e-12,1.1368683772161603e-13,7,0
2025-06-04,50100.6888974164,34.77065844666948,2634.0883185208268,1317.0441592604134,-1282.2735008137438,11868.240303318515,60686.655699921175,75448.05701304832,71369.24494124795,24.167935421961033,4102.98000722233,3141.694352743124,2689.2408379293624,21764.376393950395,19587.938754555355,1200.0,1200.0,9.094947017729282e-13,1.1368683772161603e-13,7,0
2025-06-05,48481.20832120268,606.8743813226475,243.89746566419905,121.94873283209952,484.9256484905481,9848.519431058785,58814.65340075201,72723.8120613133,72755.26662715324,452.29695194180823,420.8423861019003,2403.683267873203,1786.0291678327494,22236.0271052701,20012.424394743088,1200.0,1200.0,1.8189894035458565e-12,1.1368683772161603e-13,7,0
2025-06-06,17458.319438999955,4.504672948183471,0.0,0.0,4.504672948183471,4231.682730125811,21694.50684207395,34932.52281810654,34936.78134802541,4.258529918872632,0.0,1230.5614055746523,4001.5351511424255,13108.122024576332,11797.309822118692,1200.0,1200.0,1.8189894035458565e-12,1.1368683772161603e-13,7,0
2025-06-07,18065.053121659104,208.7158400124869,160.06458733786707,80.03229366893353,128.68354634355336,1895.0011380442616,20088.73780604692,36921.70021679514,36793.68401662648,199.08274852837508,327.09894869703885,583.7934283411846,4785.497313809819,14654.66964491176,13189.202680420583,1200.0,1200.0,9.094947017729282e-13,1.1368683772161603e-13,7,0
2025-06-08,52913.36581549651,0.0,3092.720562723186,1546.360281361593,-1546.360281361593,799.666450483895,52166.67198461882,79448.86095011912,74551.29573841918,0.0,4897.565211699962,234.91946277777757,7615.263916855651,19860.280176746353,17874.252159071715,1200.0,1200.0,9.094947017729282e-13,1.1368683772161603e-13,7,0
2025-06-09,56128.80611572423,0.0,2826.517355561331,1413.2586777806655,-1413.2586777806655,2507.9088160438837,57223.456253987446,81884.08706836762,77760.09903676502,0.0,4123.9880316026065,708.191680902148,5291.368954058094,22442.09030275742,20197.88127248168,1200.0,1200.0,9.094947017729282e-13,1.1368683772161603e-13,7,0
2025-06-10,53720.526213490375,164.81326367553018,631.8944158716009,315.94720793580046,-151.1339442602703,3766.6649214266154,57336.05719065672,79052.2687048205,78114.08028889127,110.97222568865823,1049.1606416178756,1095.626336224857,5305.765925896347,22854.964658864603,20569.468192978144,1200.0,1200.0,9.094947017729282e-13,1.1368683772161603e-13,7,0
2025-06-11,55339.93665828595,386.1669704405838,133.6390737420399,66.81953687101995,319.34743356956386,4787.70049667569,60446.98458853121,81195.59698428508,81354.71376099426,354.72567847940667,195.60890177022384,1047.968878497761,3767.151048658688,25510.85274166664,22959.76746749998,1200.0,1200.0,1.8189894035458565e-12,1.1368683772161603e-13,7,0
2025-06-12,54659.72594141368,0.0,1369.7785358146798,684.8892679073399,-684.8892679073399,2972.829032929972,56947.6657064363,80251.2580385482,78456.40201138896,0.0,1794.8560271592396,700.0945454432322,4376.173999691955,23279.31123806895,20951.38011426205,1200.0,1200.0,1.8189894035458565e-12,1.1368683772161603e-13,7,0
2025-06-13,17461.701336980077,0.0,210.58331581259438,105.29165790629719,-105.29165790629719,1767.6257145108007,19124.03539358458,35576.98885375728,35247.62279677528,0.0,329.36605698200384,472.6915307803094,5986.562128671234,13884.384988843469,12495.946489959122,1200.0,1200.0,1.8189894035458565e-12,1.1368683772161603e-13,7,0
2025-06-14,17968.82218747273,0.0,521.3127816909087,260.6563908454543,-260.6563908454543,2137.2525490925004,19845.418345719772,35597.84271665846,34837.216163926896,0.0,760.6265527315616,720.9255162810618,7988.555867484645,13762.430627233121,12386.187564509808,1200.0,1200.0,1.8189894035458565e-12,1.1368683772161603e-13,7,0
2025-06-15,53246.05360189435,140.0955580354688,447.35581083095974,223.67790541547987,-83.58234738001111,2147.61375603128,55310.085010545634,78556.70696119216,78248.15838232214,164.51108500929126,473.0596638792987,495.2827433983631,5812.562414165601,23039.043782215733,20735.139403994162,1200.0,1200.0,9.094947017729282e-13,1.1368683772161603e-13,7,0
2025-06-16,54577.25078947401,6.0180335525080215,1212.634134983037,606.3170674915185,-600.2990339390105,3897.1473833630607,57874.09913889805,79729.51977194422,78341.04020162363,7.286637065635091,1395.7662073862168,1002.4038198672116,4303.666633201214,23457.245716229772,21111.5211446068,1200.0,1200.0,1.8189894035458565e-12,1.1368683772161603e-13,7,0
2025-06-17,54828.352409889725,39.56762286382507,243.15259496233756,121.57629748116878,-82.00867461734371,5834.234725176658,60580.57846044904,80502.04011145755,80162.14861199343,30.59076335677844,370.48226282088785,1297.6744083288168,4369.921058950926,24528.90744704646,22076.01670234181,1200.0,1200.0,9.094947017729282e-13,1.1368683772161603e-13,7,0
2025-06-18,54741.36777182199,0.0,1471.3837007126824,735.6918503563412,-735.6918503563412,2276.2484764815117,56281.924397947165,80473.99292064586,78584.69466907313,0.0,1889.2982515727415,559.7869298112533,5939.189794432462,22769.009044519153,20492.108140067234,1200.0,1200.0,1.8189894035458565e-12,2.2737367544323206e-13,7,0
2025-06-19,51501.02481979794,343.8657389586323,2356.290977428375,1178.1454887141874,-834.2797497555551,4571.224022334287,55237.969092376676,77278.50459891715,73837.39719544124,277.17712878168095,3718.284532257589,1150.1549892635555,4522.375915658404,22056.720690463902,19851.048621417514,1200.0,1200.0,9.094947017729282e-13,2.2737367544323206e-13,7,0
2025-06-20,16740.22855516898,0.0,194.05578361453144,97.02789180726572,-97.02789180726572,1372.4039484890807,18015.604611850795,33965.98212457329,33674.88910820779,0.0,291.09301636550487,541.013186517318,10447.695797866905,13676.256468581985,12308.630821723786,1200.0,1200.0,1.8189894035458565e-12,1.1368683772161603e-13,7,0
2025-06-21,16572.56366399941,0.0,183.63653010299635,91.81826505149817,-91.81826505149817,2211.3274292696287,18692.072828217544,33961.31801913067,33654.30794890651,0.0,307.0100702241558,701.6668597057718,13637.635574296786,13835.988343154975,12452.389508839477,1200.0,1200.0,1.8189894035458565e-12,1.1368683772161603e-13,7,0
2025-06-22,50889.27256511162,628.1090591531276,1804.96643503697,902.483217518485,-274.3741583653573,3660.8416514040823,54275.74005815035,76198.20108700072,73749.94303448951,523.3482060925571,2971.606258603763,820.572680529516,5025.373124736525,20878.014902825023,18790.213412542522,1200.0,1200.0,9.094947017729282e-13,2.2737367544323206e-13,7,0
2025-06-23,50233.24321585958,0.0,1001.7944072820127,500.89720364100634,-500.89720364100634,3238.817258359587,52971.16327057815,75509.66330422455,73993.13894260844,0.0,1516.5243616161072,773.3466475205577,5487.586725740714,22176.128643882883,19958.5157794946,1200.0,1200.0,1.8189894035458565e-12,1.1368683772161603e-13,7,0
2025-06-24,55080.23331591234,552.3508981297231,487.72748910808826,243.86374455404413,308.4871535756789,8149.174763404107,63537.895232892115,80173.23955072556,80022.35920173892,490.4783810665299,641.3587300531728,1840.9375562596256,3148.2712045953317,24462.333034032068,22016.099730628863,1200.0,1200.0,1.8189894035458565e-12,1.1368683772161603e-13,7,0
2025-06-25,49959.997469333204,711.5120525760192,110.64209987139375,55.32104993569688,656.1910026403224,4440.5269369650305,55056.71540893856,75706.9552746836,76144.98407565494,595.0716385932074,157.0428376218789,928.1319979105994,4457.846671223309,21778.480356755634,19600.632321080077,1200.0,1200.0,1.8189894035458565e-12,1.1368683772161603e-13,7,0
2025-06-26,48071.34400130478,27.213114614516297,192.57367857295978,96.28683928647989,-69.07372467196359,3453.227403370291,51455.4976800031,73547.21595592925,73355.31521088959,36.55465728325112,228.45540232291825,832.8644764409532,4508.572257721494,21322.235962757157,19190.012366481445,1200.0,1200.0,1.8189894035458565e-12,1.1368683772161603e-13,7,0
2025-06-27,15665.991424650263,0.0,509.40747032465475,254.70373516232738,-254.70373516232738,2313.592200387554,17724.879889875487,33042.54383239946,32222.830187088897,0.0,819.7136453105682,754.2995115657907,11852.770983827031,13527.12848160993,12174.415633448938,1200.0,1200.0,9.094947017729282e-13,1.1368683772161603e-13,7,0
2025-06-28,15709.568756073344,22.572522937413805,0.0,0.0,22.572522937413805,1883.753701168478,17615.894980179233,32577.480999759067,32602.87613876085,25.395139001781565,0.0,672.4246024067395,10264.106121584653,12342.685029162687,11108.41652624642,1200.0,1200.0,1.8189894035458565e-12,1.1368683772161603e-13,7,0
2025-06-29,49527.1773244292,1702.891164849204,862.2799466170844,431.1399733085422,1271.7511915406617,5937.224342252988,56736.15285822284,73803.92504733888,73953.21322735415,1438.052551816961,1288.7643718016993,1593.2769017970963,4144.2439563779735,21344.77639439939,19210.29875495945,1200.0,1200.0,9.094947017729282e-13,1.1368683772161603e-13,7,0
2025-06-30,50500.71709340342,57.39925610361823,644.5768287269458,322.2884143634729,-264.88915825985464,5872.521197657328,56108.34913280088,76197.46619194193,75304.90469630394,37.30446482757395,929.8659604655703,1437.1444073494317,4651.114009636483,22132.511106835664,19919.2599961521,1200.0,1200.0,9.094947017729282e-13,1.1368683772161603e-13,7,0
2025-07-01,50902.149859286525,0.0,1075.9605961437182,537.9802980718591,-537.9802980718591,51404.49602811717,101768.66558933185,71029.85141888337,69549.38842308123,0.0,1480.4629958021437,11866.787548025492,509.92042695787825,20397.115108154976,18357.403597339482,1200.0,1200.0,9.094947017729282e-13,2.2737367544323206e-13,7,0
2025-07-02,50998.98185778606,0.0,2720.216204601859,1360.1081023009294,-1360.1081023009294,39061.27323759865,88700.14699308379,70771.49674435437,66406.93525260188,0.0,4364.561491752496,8694.107069793185,315.37700053189155,18808.9895519651,16928.090596768594,1200.0,1200.0,1.8189894035458565e-12,2.2737367544323206e-13,7,0
2025-07-03,56230.02842271624,74.66162370262134,292.7738930828636,146.3869465414318,-71.72532283881046,30276.147213562148,86434.45031343958,76597.94666263502,76350.90251809145,76.87770123361258,323.92184577718103,6612.3672301974975,986.5525923530743,22162.982226025386,19946.68400342284,1200.0,1200.0,1.8189894035458565e-12,2.2737367544323206e-13,7,0
2025-07-04,20804.208718893395,0.0,80.84589058284357,40.42294529142178,-40.42294529142178,13468.39110302313,34232.176876625104,37216.205380963045,37111.597654656856,0.0,104.60772630618291,3641.7302825766224,10508.416695507964,13640.437750588495,12276.393975529643,1200.0,1200.0,9.094947017729282e-13,1.1368683772161603e-13,7,0
2025-07-05,22071.966472485823,0.0,5.9865612198620495,2.9932806099310247,-2.9932806099310247,7365.924505491136,29434.89769736703,40001.69941836552,39996.54835897827,0.0,5.151059387250086,2052.956477877296,11884.6894526092,13747.354175796967,12372.618758217272,1200.0,1200.0,9.094947017729282e-13,1.1368683772161603e-13,7,0
2025-07-06,60047.71044122484,4848.597836278343,0.0,0.0,4848.597836278343,6359.245640633892,71255.55391813707,80626.57155741766,84989.19759769467,4362.626040276993,0.0,1268.5030281115412,4022.987181437659,24407.318943685437,21966.587049316895,1200.0,1200.0,9.094947017729282e-13,2.2737367544323206e-13,7,0
2025-07-07,59553.59085206596,163.33363308612223,1362.6294060899113,681.3147030449556,-517.9810699588334,4703.64257690255,63739.25235900968,81219.66584434801,79122.52452965133,109.41585077910582,2206.5571654757787,1172.5660693673194,4887.717186779002,19978.906455729822,17981.015810156838,1200.0,1200.0,1.8189894035458565e-12,2.2737367544323206e-13,7,0
2025-07-08,63195.43158614701,960.040762297288,1280.6528313935487,640.3264156967743,319.71434660051364,1168.251798040556,64683.397730788085,85980.1555730725,84404.29997707496,652.274714541494,2228.1303105390484,271.06401943730776,6846.434328576076,22575.42651269515,20317.88386142564,1200.0,1200.0,9.094947017729282e-13,2.2737367544323206e-13,7,0
2025-07-09,62191.530534855345,153.61566528707758,1298.8114987798976,649.4057493899488,-495.7900841028712,1816.0752340052838,63511.81568475776,85028.44248697383,83415.24265652179,89.28580822873812,1702.485638680762,282.12011269399386,7439.221791855163,21994.15960693954,19794.743646245588,1200.0,1200.0,1.8189894035458565e-12,2.2737367544323206e-13,7,0
2025-07-10,59808.77467437419,9.17179068011216,396.65186754879846,198.32593377439923,-189.15414309428706,3311.3714381475384,62930.99196942744,80676.88715318349,79987.74224591698,5.220736953615756,694.3656442201241,888.7133958492177,5796.030493008428,22268.01765424434,20041.215888819905,1200.0,1200.0,9.094947017729282e-13,2.2737367544323206e-13,7,0
2025-07-11,24864.819476944533,0.0,444.06594436674175,222.03297218337087,-222.03297218337087,1998.7779207931396,26641.5644255543,43050.10026375779,42362.742828781586,0.0,687.357434976202,585.1568842492186,9115.83962528592,13132.82937744886,11819.546439703974,1200.0,1200.0,1.8189894035458565e-12,1.1368683772161603e-13,7,0
2025-07-12,23767.454567306962,555.353474701483,0.0,0.0,555.353474701483,1660.0453784856259,25982.85342049407,42210.94770737231,42753.52465295579,542.5769455834834,0.0,481.8931740272358,10862.883885983796,12882.906076658986,11594.61546899309,1200.0,1200.0,1.8189894035458565e-12,1.1368683772161603e-13,7,0
2025-07-13,57914.97663582655,0.0,3693.618576593604,1846.809288296802,-1846.809288296802,4689.708972035161,60757.87631956491,80746.30079401299,75567.15468494457,0.0,5179.146109068398,934.7581461311129,5213.282108401785,20209.103226739127,18188.192904065218,1200.0,1200.0,1.8189894035458565e-12,2.2737367544323206e-13,7,0
2025-07-14,56165.17459880633,58.95636492721516,1122.9288246312758,561.4644123156379,-502.5080473884227,5815.431428689353,61478.09798010725,78215.09350274515,76112.73332178146,36.090514982646255,2138.4506959463415,1159.582277705039,3517.31729293148,19473.190898883506,17525.871808995154,1200.0,1200.0,1.8189894035458565e-12,2.2737367544323206e-13,7,0
2025-07-15,60788.07327885686,72.27373878405793,1901.8843481544409,950.9421740772204,-878.6684352931625,2699.2577305926898,62608.66257415639,83413.85812134505,80612.8109980558,82.01048308600207,2883.057606375264,721.064633420011,6621.041328380863,19637.83719761607,17674.05347785446,1200.0,1200.0,9.094947017729282e-13,2.2737367544323206e-13,7,0
2025-07-16,59732.53857349133,188.56386606596155,735.9348830876904,367.9674415438452,-179.40357547788366,3822.6598663111236,63375.79486432457,80479.94494991763,79438.9057266284,211.9315016029892,1252.9707248922118,1015.3674331869325,6254.825082083935,20648.84694398062,18583.962249582557,1200.0,1200.0,1.8189894035458565e-12,1.1368683772161603e-13,7,0
2025-07-17,57978.96217357011,1600.97985240965,344.86725861682476,172.43362930841238,1428.5462231012377,4468.670615398059,63876.179012069406,78867.57731972956,79470.07357174665,1267.7860181357014,665.2897661186071,996.9516855838455,5681.804560133329,20648.046305305033,18583.241674774537,1200.0,1200.0,4.547473508864641e-13,2.2737367544323206e-13,7,0
2025-07-18,23687.814106639787,0.0,561.1514954245048,280.5757477122524,-280.5757477122524,1745.4860869432136,25152.72444587075,42281.17161911585,41417.45771315739,0.0,863.7139059584638,521.9063201067278,9335.832782003536,13292.831512605855,11963.54836134527,1200.0,1200.0,1.8189894035458565e-12,1.1368683772161603e-13,7,0
2025-07-19,23703.103201509657,0.0,239.0188896211254,119.5094448105627,-119.5094448105627,2597.107093993632,26180.700850692723,42046.568814915925,41651.80209287597,0.0,394.7667220399494,719.4434269582034,13948.075755370795,12403.50714463382,11163.156430170438,1200.0,1200.0,9.094947017729282e-13,1.1368683772161603e-13,7,0
2025-07-20,56430.97476890071,142.99683082007394,325.2284953857426,162.6142476928713,-19.61741687279734,4181.547188864393,60592.90454089231,78746.54555134357,78159.61332764829,100.88191657629972,687.814140271589,930.2556784502792,4964.309060646964,20355.81728784932,18320.23555906439,1200.0,1200.0,1.8189894035458565e-12,2.2737367544323206e-13,7,0
2025-07-21,58509.66794610066,682.8356333620179,159.83889621847703,79.91944810923852,602.9161852527794,4584.627740065141,63697.21187141858,79788.4764921829,80044.15987670896,555.8729955072279,300.1896109811744,1090.9077178997259,4972.905076212792,21724.131683958876,19551.718515562985,1200.0,1200.0,1.8189894035458565e-12,1.1368683772161603e-13,7,0
2025-07-22,59112.98640398233,1652.1287575198887,4.814756698486072,2.407378349243036,1649.7213791706456,2496.505509020407,63259.21329217339,80755.72517354657,82660.28198992854,1914.4291901742251,9.872373792261783,571.0618511128708,7296.398814614101,21398.004097606325,19258.20368784569,1200.0,1200.0,9.094947017729282e-13,2.2737367544323206e-13,7,0
2025-07-23,61997.95430577801,0.0,2655.7849044521836,1327.8924522260918,-1327.8924522260918,4055.167637388493,64725.229490940415,85233.45057127901,80881.74089786767,0.0,4351.709673411338,924.1567120964254,5425.812783907179,21635.37709390257,19471.839384512317,1200.0,1200.0,1.8189894035458565e-12,2.2737367544323206e-13,7,0
2025-07-24,61829.15188023899,0.0,1148.9002667940567,574.4501333970284,-574.4501333970284,1491.759884165179,62746.46163100715,83977.86814563326,81939.52875196011,0.0,2038.3393936731507,370.55140109615445,6523.208224714041,21703.99928342231,19533.599355080078,1200.0,1200.0,9.094947017729282e-13,2.2737367544323206e-13,7,0
2025-07-25,22933.525172359048,0.0,152.42896059342516,76.21448029671258,-76.21448029671258,1789.7846862558677,24647.0953783182,41001.888903268016,40764.59656593529,0.0,237.292337332727,443.0781961698482,13372.967482635524,13293.877128029493,11964.489415226548,1200.0,1200.0,1.8189894035458565e-12,1.1368683772161603e-13,7,0
2025-07-26,22817.53673159149,0.0,18.045369359709238,9.022684679854619,-9.022684679854619,2217.2663897731036,25025.78043668474,40770.6795866516,40742.429824510575,0.0,28.24976214102611,642.8864342384509,11650.358261847925,12658.664302344332,11392.797872109899,1200.0,1200.0,1.8189894035458565e-12,1.1368683772161603e-13,7,0
2025-07-27,56156.91386793996,759.2243693034422,397.8218984939913,198.91094924699564,560.3134200564466,6352.653546981403,63069.88083497781,78020.93168431046,77846.67010278188,613.514744094407,787.7763256229995,1515.8499786112175,3571.766600903086,21055.636804900114,18950.073124410108,1200.0,1200.0,9.094947017729282e-13,1.1368683772161603e-13,7,0
2025-07-28,57582.76100912605,1867.0095246936953,0.0,0.0,1867.0095246936953,10293.035805466818,69742.80633928656,79015.373989201,80660.85568335422,1645.4816941532006,0.0,2286.798333146553,2767.73679707812,22250.399860893165,20025.359874803853,1200.0,1200.0,9.094947017729282e-13,2.2737367544323206e-13,7,0
2025-07-29,59455.1466338686,3719.1765033529587,0.0,0.0,3719.1765033529587,1729.0614755774789,64903.38461279904,81593.15678719632,85322.61050620396,3729.4537190076458,0.0,293.528021407325,7255.655552672499,22912.37024938785,20621.13322444907,1200.0,1200.0,9.094947017729282e-13,2.2737367544323206e-13,7,0
2025-07-30,57356.489474509275,4965.902494235704,0.0,0.0,4965.902494235704,1804.1319517848622,64126.52392052984,77442.5999906073,82079.74390602614,4637.143915418839,0.0,435.6831202435894,6170.64396247854,22415.290137911874,20173.761124120687,1200.0,1200.0,9.094947017729282e-13,1.1368683772161603e-13,7,0
2025-07-31,57231.96131352085,1935.3822709977787,0.0,0.0,1935.3822709977787,4388.3719383249045,63555.71552284354,78911.96506459443,80740.13648083087,1828.1714162364378,0.0,951.0607439426551,4746.574920355113,22496.26037751758,20246.634339765827,1200.0,1200.0,1.8189894035458565e-12,2.2737367544323206e-13,7,0
2025-08-01,22526.63055571518,0.0,530.5195684674421,265.25978423372106,-265.25978423372106,2606.470227358569,24867.840998840024,40491.293226302194,39716.97253040917,0.0,774.3206958930211,779.2960513015587,17921.91205071211,13229.968643319504,11906.97177898755,1200.0,1200.0,9.094947017729282e-13,1.1368683772161603e-13,7,0
2025-08-02,22275.266163122193,0.0,121.12151303823435,60.56075651911718,-60.56075651911718,1651.8116826520045,23866.51708925508,40504.99623834972,40321.59722553509,0.0,183.39901281461846,384.55054541902666,18375.38212499514,14037.407126256474,12633.666413630825,1200.0,1200.0,1.8189894035458565e-12,1.1368683772161603e-13,7,0
2025-08-03,50445.18171994436,0.020227914280396043,2097.124770150077,1048.5623850750385,-1048.542157160758,8660.120072680465,58056.75963546407,70583.28788305889,66597.23503236704,0.00806873462988733,3986.060919426478,2039.465509911558,3819.078392734515,19781.421662107437,17803.279495896695,1200.0,1200.0,1.8189894035458565e-12,2.2737367544323206e-13,7,0
2025-08-04,52268.00707328879,0.0,1652.0031165672456,826.0015582836228,-826.0015582836228,6991.514364756022,58433.51987976119,72293.93047756169,69965.74062751386,0.0,2328.1898500478223,1724.9132714029433,4256.954722368895,20180.440932145808,18162.39683893123,1200.0,1200.0,9.094947017729282e-13,2.2737367544323206e-13,7,0
2025-08-05,50817.040611447344,89.67385011165402,198.31772247134177,99.15886123567088,-9.485011124016836,5096.078730374578,55903.63433069791,70728.96641715447,70598.10013064678,127.48986882064577,258.3561553283242,1301.185322065843,4680.236255247167,20667.394641321214,18600.655177189095,1200.0,1200.0,1.8189894035458565e-12,1.1368683772161603e-13,7,0
2025-08-06,53449.622253597074,488.64696270191655,39.358418135308824,19.679209067654412,468.9677536342622,5335.372842552428,59253.96284978377,72689.25991515696,73054.44288835776,440.1584727391502,74.97549953835852,1359.3424736648988,4212.398716290449,20869.873790655343,18782.886411589807,1200.0,1200.0,1.8189894035458565e-12,2.2737367544323206e-13,7,0
2025-08-07,52149.528061478704,775.4704230840339,2483.927486380787,1241.9637431903934,-466.49332010635953,4787.344974977475,56470.379716349824,74083.38632301906,69005.8140278002,534.85843870181,5612.430733920668,1234.6830568237483,4771.083224777545,20814.286098463977,18732.857488617577,1200.0,1200.0,1.8189894035458565e-12,2.2737367544323206e-13,7,0
2025-08-08,20784.39216776724,66.90984768986948,28.110762229232137,14.055381114616068,52.85446657525341,2462.4701392508864,23299.716773593376,38662.56624784152,38680.635525834456,66.85793288510024,48.78865489216487,624.412994519607,22114.874697226413,14150.025731276397,12735.023158148757,1200.0,1200.0,9.094947017729282e-13,1.1368683772161603e-13,7,0
2025-08-09,20883.86292550695,193.2748631079558,0.0,0.0,193.2748631079558,3393.1666334040947,24470.304422019,38430.28887000072,38603.93764838227,173.6487783815556,0.0,904.8338368063332,19266.60118664881,13202.41298539794,11882.171686858144,1200.0,1200.0,1.8189894035458565e-12,1.1368683772161603e-13,7,0
2025-08-10,49825.28822663982,230.8622282117068,45.47044227244371,22.735221136221856,208.12700707548493,7695.350787290468,57728.76602100578,67478.39894529058,67670.40910710317,275.2615902995927,83.25142848700148,1972.9053623386408,2466.107477364685,18725.87942077129,16853.29147869416,1200.0,1200.0,1.8189894035458565e-12,1.1368683772161603e-13,7,0
2025-08-11,48644.93883916046,1035.9833481574608,0.0,0.0,1035.9833481574608,6979.676832672703,56660.599019990615,68767.0259887256,69691.38163153909,924.3556428134902,0.0,1531.3006271839022,4685.219843389508,19762.090820001526,17785.88173800137,1200.0,1200.0,9.094947017729282e-13,2.2737367544323206e-13,7,0
2025-08-12,51333.594404273426,1683.8212465112128,156.3507148455886,78.1753574227943,1605.6458890884185,6778.054758612148,59717.29505197399,71162.32832288486,72121.82941691163,1316.9529468240075,357.4518527972363,1485.256142114532,3891.1789829603567,19553.629260658065,17598.266334592256,1200.0,1200.0,1.8189894035458565e-12,2.2737367544323206e-13,7,0
2025-08-13,49700.42375765134,1033.164959884416,0.0,0.0,1033.164959884416,7050.5602626805885,57784.14898021634,68655.91032220432,70045.63914063481,1389.7288184304966,0.0,1524.325070429566,3506.364568093459,19426.201929709237,17483.58173673832,1200.0,1200.0,9.094947017729282e-13,2.2737367544323206e-13,7,0
2025-08-14,50312.25435336868,1589.6607234770229,44.32112603905157,22.160563019525785,1567.500160457497,6134.911203607409,58014.66571743358,69035.99383196354,71017.36539005215,2043.709477486352,62.337919397734524,1325.180383577179,4496.804865729419,19194.499245665735,17275.049321099163,1200.0,1200.0,9.094947017729282e-13,1.1368683772161603e-13,7,0
2025-08-15,21247.479811401972,10.214937371897317,258.1694990771708,129.0847495385854,-118.86981216668809,3982.2993451245648,25110.909344359847,38687.9961840301,38340.411299800864,11.895123577173004,359.48000780641,1218.7206052743404,21142.2372461524,12571.677755894696,11314.509980305225,1200.0,1200.0,9.094947017729282e-13,1.1368683772161603e-13,7,0
2025-08-16,21777.080382656408,0.0,408.5253064445143,204.26265322225714,-204.26265322225714,3409.051226720452,24981.868956154605,39156.429612705564,38544.665867761476,0.0,611.7637449440889,930.6923196967341,21320.315992808617,12257.618279829254,11031.856451846326,1200.0,1200.0,1.8189894035458565e-12,1.1368683772161603e-13,7,0
2025-08-17,51065.9883686299,231.6767777978991,967.3144011238318,483.6572005619159,-251.98042276401688,4528.973417185767,55342.98136305165,71607.41519370899,69645.43924280845,150.33343056665376,2112.3093814671947,988.4128842549239,5543.603293986605,19248.552164101045,17323.696947690943,1200.0,1200.0,1.8189894035458565e-12,1.1368683772161603e-13,7,0
2025-08-18,50606.84593766157,45.339342276185995,67.80280151577497,33.90140075788749,11.437941518298507,5788.191315897553,56406.47519507744,69749.76898623788,69654.07263930433,43.359960097724844,139.05630703125598,1276.7602324021077,4568.7345221915575,19679.827328482228,17711.844595634,1200.0,1200.0,9.094947017729282e-13,2.2737367544323206e-13,7,0
2025-08-19,50286.448280875804,527.964775394297,10.862316085743824,5.431158042871912,522.5336173514252,5655.443442142926,56464.42534037015,69101.48824657704,69613.42757914861,521.1864930995939,9.24716052801881,1162.4718811851603,4599.583705151056,18586.55705182714,16727.901346644427,1200.0,1200.0,1.8189894035458565e-12,2.2737367544323206e-13,7,0
2025-08-20,52722.63058988047,957.4015060441785,287.7145686186021,143.85728430930104,813.5442217348775,8099.019339953851,61635.1941515692,73131.61852026402,73601.82702547866,1014.1317030114117,543.9231977967636,1801.6321582298724,2638.529349044914,21142.387679969528,19028.148911972574,1200.0,1200.0,1.8189894035458565e-12,2.2737367544323206e-13,7,0
2025-08-21,51268.87667740091,147.24334363574587,424.95079747108116,212.47539873554058,-65.23205509979474,5246.158818285274,56449.8034405864,71480.15595786695,70766.10023135734,146.46853779748622,860.5242643070967,1319.5692991198298,4259.343637307208,19819.07409836631,17837.166688529676,1200.0,1200.0,1.8189894035458565e-12,2.2737367544323206e-13,7,0
2025-08-22,21600.593285710034,0.0,41.775860802467136,20.887930401233568,-20.887930401233568,5336.916409350971,26916.62176465977,38835.59948184971,38783.34454061498,0.0,52.254941234736634,1435.0437948075814,17728.718535127922,12591.004002946298,11331.903602651662,1200.0,1200.0,1.8189894035458565e-12,1.1368683772161603e-13,7,0
2025-08-23,21234.788949162015,264.8399985797299,0.0,0.0,264.8399985797299,2156.087443059807,23655.71639080155,39014.06490675047,39269.476840616044,255.4119338655678,0.0,854.7232667152148,16299.773463058373,12944.204942728858,11649.78444845597,1200.0,1200.0,1.8189894035458565e-12,1.1368683772161603e-13,7,0
2025-08-24,51025.81750237743,881.8208953882564,470.60189761003926,235.30094880501963,646.5199465832368,3811.1966448176704,55483.53409377835,70035.19217568488,69475.4704009229,704.8297035749285,1264.5514783369122,913.7591152176827,4675.094730677934,19805.45302129317,17824.90771916385,1200.0,1200.0,1.8189894035458565e-12,2.2737367544323206e-13,7,0
2025-08-25,56624.95704571506,53.9632414949711,1951.2758177544222,975.6379088772111,-921.6746673822399,3318.019657705202,59021.30203603803,79718.12516544733,76179.18311311834,44.16021774516372,3583.1022700741464,842.5729969178265,4201.027399409097,20476.416939604107,18428.775245643694,1200.0,1200.0,1.8189894035458565e-12,2.2737367544323206e-13,7,0
2025-08-26,51359.705602343165,229.64913187166707,107.12580749309686,53.56290374654843,176.08622812511862,3636.8832917384157,55172.675122206696,71064.35023147284,71064.00608266707,232.288456689363,232.6326054951306,946.067863377196,4493.595599350963,19876.599633599642,17888.939670239677,1200.0,1200.0,1.8189894035458565e-12,2.2737367544323206e-13,7,0
2025-08-27,51975.75237304459,2229.6184703492145,149.76084302352672,74.88042151176336,2154.738048837451,3400.7697139252705,57531.260135807315,72560.77058616746,74470.04125261173,2351.738068080721,442.4674016364629,697.784511404272,5180.132856782594,20735.440405667345,18661.89636510061,1200.0,1200.0,1.8189894035458565e-12,1.1368683772161603e-13,7,0
2025-08-28,51975.63144882682,1324.8403640861761,0.0,0.0,1324.8403640861761,10378.230845720707,63678.70265863371,72300.83285027152,73582.4362028256,1281.603352554084,0.0,2444.8460067242354,3066.805648270408,21926.815779460987,19734.13420151489,1200.0,1200.0,9.094947017729282e-13,1.1368683772161603e-13,7,0
2025-08-29,21857.690632510254,0.0,29.86820149904412,14.93410074952206,-14.93410074952206,2630.2965214051087,24473.05305316584,39889.57117843705,39845.69515951239,0.0,43.876018924659476,774.9535539058329,16714.87438737128,13505.539760469434,12154.985784422488,1200.0,1200.0,1.8189894035458565e-12,1.1368683772161603e-13,7,0
2025-08-30,21636.3580103,0.0,143.42299818104345,71.71149909052173,-71.71149909052173,4972.943504125122,26537.5900153346,39085.04378510962,38873.4613625206,0.0,211.58242258901703,1553.4033169410327,20588.632951010586,13255.118951177135,11929.60705605942,1200.0,1200.0,1.8189894035458565e-12,1.1368683772161603e-13,7,0
2025-08-31,50921.63432113365,916.7627586506967,708.1362399900727,354.06811999503634,562.6946386556605,5721.974653898392,57206.303613687705,70964.31281701598,71387.27860985819,1210.5697235059938,787.6039306637917,1424.2849227011438,4149.520414173666,20154.20035052323,18138.780315470907,1200.0,1200.0,1.8189894035458565e-12,1.1368683772161603e-13,7,0
2025-09-01,48091.652929416894,0.0,1411.2724726403828,705.6362363201914,-705.6362363201914,0.0,47386.0166930967,75780.50663152488,73053.83770957988,0.0,2726.6689219450127,0.0,17460.97792225887,20187.25253987684,18168.527285889155,1200.0,1200.0,1.8189894035458565e-12,2.2737367544323206e-13,7,0
2025-09-02,43956.90775927999,397.22425569804886,640.047210529446,320.023605264723,77.20065043332585,375.59635627660583,44409.704765989925,69002.29320649776,68512.81828254444,672.9895486325983,1162.4644725859198,71.14070910801068,12431.771562148811,20944.315795036408,18849.884215532766,1200.0,1200.0,1.8189894035458565e-12,2.2737367544323206e-13,7,0
2025-09-03,44267.13670095148,587.1465553452997,666.6934890335597,333.34674451677984,253.79981082851992,115.41320834150278,44636.34972012151,68199.40172272663,67161.61427810095,484.97905965534994,1522.7665042810208,44.22714398143137,9672.883635163958,19852.40536918431,17867.164832265884,1200.0,1200.0,9.094947017729282e-13,1.1368683772161603e-13,7,0
2025-09-04,41652.73492373599,547.2901394485024,1115.7530488784214,557.8765244392107,-10.586384990708325,1236.6684023009693,42878.81694104624,64762.019618718274,62653.216789610626,417.1598835311037,2525.9627126387404,446.80361484914584,7250.795386590234,19236.59467869541,17312.935210825868,1200.0,1200.0,9.094947017729282e-13,1.1368683772161603e-13,7,0
2025-09-05,14142.73519617582,0.0,341.3003648848905,170.65018244244524,-170.65018244244524,1192.1591392692626,15164.244153002637,31817.653023570307,31294.19237648676,0.0,523.4606470835463,341.8291759390206,23404.89286429983,14068.670214592794,12661.803193133512,1200.0,1200.0,9.094947017729282e-13,1.1368683772161603e-13,7,0
2025-09-06,13254.708763715833,0.0,197.71869973202155,98.85934986601077,-98.85934986601077,3209.937650006003,16365.787063855823,30348.122193250714,30044.000594977624,0.0,304.1215982730894,924.4092158756412,21649.69759475679,15976.285160964739,14378.656644868268,1200.0,1200.0,1.8189894035458565e-12,1.1368683772161603e-13,7,0
2025-09-07,37072.18315149848,978.9555847619438,193.0769009780394,96.5384504890197,882.417134272924,4516.502887871968,42471.10317364338,58599.40957484533,59636.78094003156,1463.5124523875465,426.141087201323,1198.0748652295886,3876.3667141368855,19975.054744576002,17977.54927011841,1200.0,1200.0,1.8189894035458565e-12,1.1368683772161603e-13,7,0
2025-09-08,37264.0814775288,1869.5335655803424,56.02097659758031,28.010488298790154,1841.5230772815523,11696.682204959947,50802.2867597703,59193.023916054546,60731.6622611832,1664.2018215179032,125.56347638924308,2885.0170798042063,2117.446760877605,21036.63046776477,18932.9674209883,1200.0,1200.0,1.8189894035458565e-12,1.1368683772161603e-13,7,0
2025-09-09,36011.040298929845,477.2606509152692,285.9676631879356,142.9838315939678,334.27681932130145,11488.074517229066,47833.39163548021,56573.710796931584,56015.73006672388,445.8863361542028,1003.8670663619027,2856.169339803776,3772.1504286980207,19969.147111629667,17972.2324004667,1200.0,1200.0,1.8189894035458565e-12,1.1368683772161603e-13,7,0
2025-09-10,39344.02215243752,796.806006052971,138.87305181413987,69.43652590706994,727.3694801459011,10442.406584178292,50513.798216761716,61719.517263086935,62246.305968920286,811.5827059523152,284.7940001189648,2658.637428831782,1438.3103474626173,21506.34400289451,19355.709602605057,1200.0,1200.0,1.8189894035458565e-12,1.1368683772161603e-13,7,0
2025-09-11,39114.62830230093,0.0,2186.8678558791726,1093.4339279395863,-1093.4339279395863,5836.632471492523,43857.826845853866,62340.898667147936,57296.15806051313,0.0,5044.740606634814,1479.017110202698,3216.4855764612953,20626.03810921198,18563.434298290784,1200.0,1200.0,1.8189894035458565e-12,1.1368683772161603e-13,7,0
2025-09-12,13293.440439127222,89.87650462593325,0.0,0.0,89.87650462593325,3221.9589194224363,16605.275863175593,30801.234379253663,30898.192279522355,96.95790026869005,0.0,1071.898271766282,18952.90389763774,14655.304536508898,13189.774082858006,1200.0,1200.0,1.8189894035458565e-12,1.1368683772161603e-13,7,0
2025-09-13,13740.220625814358,0.0,7.7082695822528216,3.8541347911264108,-3.8541347911264108,2595.1176777143187,16331.48416873755,31585.008299895915,31573.226728542326,0.0,11.781571353589186,797.2693032563834,22812.603927952616,15507.906205127627,13957.115584614863,1200.0,1200.0,1.8189894035458565e-12,1.1368683772161603e-13,7,0
2025-09-14,42161.00173405387,136.50055876416008,768.5018412442605,384.25092062213025,-247.7503618579702,4134.823714577484,46048.07508677339,65730.77405401901,64838.981051146024,205.75270197192185,1097.5457048449061,1154.7907637455576,3662.5624142181496,22318.846506734393,20086.96185606096,1200.0,1200.0,9.094947017729282e-13,1.1368683772161603e-13,7,0
2025-09-15,37138.04296372377,0.0,385.3689909071149,192.68449545355745,-192.68449545355745,10630.18243453428,47575.540902804496,57849.750027633105,56870.00022772218,0.0,979.7497999109233,2573.9112579743482,2263.1448310574947,21137.36021305705,19023.624191751347,1200.0,1200.0,9.094947017729282e-13,1.1368683772161603e-13,7,0
2025-09-16,40045.86608602428,55.853905139220615,746.4429863144993,373.22149315724965,-317.36758801802904,10646.370016158733,50374.868514164984,62741.608182817086,61750.13537865732,76.79096052687237,1068.2637646866344,2755.662666706854,2912.737156153782,21012.909058770667,18911.6181528936,1200.0,1200.0,1.8189894035458565e-12,1.1368683772161603e-13,7,0
2025-09-17,40129.70454970762,0.0,628.2571227972949,314.12856139864743,-314.12856139864743,7773.252800277665,47588.82878858663,62489.899300440455,61652.53029997283,0.0,837.3690004676275,2122.3988052715054,1703.9499449237003,21108.607603206277,18997.746842885652,1200.0,1200.0,9.094947017729282e-13,1.1368683772161603e-13,7,0
2025-09-18,38579.109888088235,1790.9581151731206,83.55451537085452,41.77725768542726,1749.1808574876934,5731.61285848617,46059.9036040621,60601.23253304649,63213.381781055075,2697.3539852664335,85.20473725784927,1247.2355306118275,3380.041572771136,21245.246222290945,19120.72160006185,1200.0,1200.0,1.8189894035458565e-12,1.1368683772161603e-13,7,0
2025-09-19,14181.891264742597,0.0,5.676507887974033,2.8382539439870165,-2.8382539439870165,2271.3858629685546,16450.438873767165,32002.167131764363,31994.153992453277,0.0,8.013139311087002,832.0327767967221,15188.83336492132,15360.010876620105,13824.009788958092,1200.0,1200.0,9.094947017729282e-13,1.1368683772161603e-13,7,0
2025-09-20,14215.742942229117,0.0,125.33532533699497,62.667662668497485,-62.667662668497485,2588.2486541458934,16741.323933706513,32690.32031946177,32510.49208929918,0.0,179.82823016258942,707.1322892260631,16049.227964332556,15229.626808593566,13706.664127734211,1200.0,1200.0,9.094947017729282e-13,1.1368683772161603e-13,7,0
2025-09-21,43048.64540808763,177.9885097083399,1170.3837236356148,585.1918618178074,-407.2033521094676,2833.184541059425,45474.62659703759,66495.12567073546,64842.98895305038,241.60141352187952,1893.7381312069613,744.8311114397895,5220.551741796255,20797.80839360586,18718.027554245273,1200.0,1200.0,9.094947017729282e-13,1.1368683772161603e-13,7,0
2025-09-22,41406.41724737406,0.0,1508.0124854401615,754.0062427200808,-754.0062427200808,11352.204896029021,52004.615900683006,63970.950255381795,61409.27315910697,0.0,2561.6770962748296,3047.6114995846965,1740.5596748151913,21023.051005431378,18920.745904888237,1200.0,1200.0,9.094947017729282e-13,1.1368683772161603e-13,7,0
2025-09-23,41647.85870527567,117.38183865317106,466.0204319413731,233.01021597068655,-115.6283773175155,9557.262844799347,51089.4931727575,64956.28061858321,64135.2932333263,101.7667395011797,922.7541247580812,2112.1900714100298,2004.9582661187214,21259.094552842842,19133.185097558562,1200.0,1200.0,1.8189894035458565e-12,2.2737367544323206e-13,7,0
2025-09-24,40287.047842330794,337.30427775397965,0.0,0.0,337.30427775397965,6880.018570969356,47504.37069105413,62436.144337524296,62912.40529186366,476.26095433936206,0.0,2002.3710093845307,1661.3497278927748,21902.014733554177,19711.81326019876,1200.0,1200.0,1.8189894035458565e-12,1.1368683772161603e-13,7,0
2025-09-25,42024.853469274865,515.2087868955467,22.49924249207925,11.249621246039625,503.9591656495071,5574.526611376272,48103.33924630064,65565.35516078034,66060.36030616566,543.5953621893914,48.590216804064596,1480.0301208764974,5004.26384533642,22006.776817057413,19806.099135351673,1200.0,1200.0,9.094947017729282e-13,2.2737367544323206e-13,7,0
2025-09-26,14357.840372660656,0.0,187.91340165681453,93.95670082840726,-93.95670082840726,1018.8926555272283,15282.776327359477,32901.292674884564,32616.70646750225,0.0,284.5862073823187,342.2376375020982,13734.298168258934,15304.0243674541,13773.62193070869,1200.0,1200.0,9.094947017729282e-13,1.1368683772161603e-13,7,0
2025-09-27,14941.372492865132,140.56410031425403,0.0,0.0,140.56410031425403,2459.623957082543,17541.56055026193,33234.247742691856,33380.35679283166,146.10905013980067,0.0,756.3947717645773,14806.857234856938,15285.920797392995,13757.328717653696,1200.0,1200.0,9.094947017729282e-13,1.1368683772161603e-13,7,0
2025-09-28,43915.96847961405,1194.7623361415299,104.79897004080884,52.39948502040442,1142.3628511211255,3011.005120933464,48069.33645166864,67619.28670516086,68986.56922101032,1484.3361462700427,117.05363042058866,774.4949489143773,4053.4300305274382,22200.049727305835,19980.044754575247,1200.0,1200.0,9.094947017729282e-13,1.1368683772161603e-13,7,0
2025-09-29,42488.3942919667,0.0,1940.6429627365706,970.3214813682853,-970.3214813682853,13217.747240205634,54735.820050804046,66358.79566618288,63169.74242966455,0.0,3189.053236518328,3146.583209323071,1381.5972470697461,21748.367919178756,19573.53112726088,1200.0,1200.0,9.094947017729282e-13,1.1368683772161603e-13,7,0
2025-09-30,42994.23363251333,573.2706624259152,22.357750267426145,11.178875133713072,562.0917872922022,8665.002812688192,52221.32823249373,66756.20339371207,67286.56262588008,576.5433276318397,46.184095463829294,2064.047835544231,1644.970724641967,22834.649701156806,20551.18473104112,1200.0,1200.0,1.8189894035458565e-12,1.1368683772161603e-13,7,0
2025-10-01,40836.314628150976,0.0,2082.259541911908,1041.129770955954,-1041.129770955954,393.3585238600216,40188.543381055046,66645.38079244416,61948.713479878184,0.0,4696.667312565978,185.53083572922174,10345.796022111355,21269.26760162718,19142.34084146446,1200.0,1200.0,9.094947017729282e-13,1.1368683772161603e-13,7,0
2025-10-02,41574.861843065955,0.0,3473.087063260276,1736.543531630138,-1736.543531630138,1090.0589701682745,40928.377281604095,67879.89769099563,61915.02895902728,0.0,5964.86873196834,350.9443490650682,8371.611219773167,21635.78971652512,19472.21074487261,1200.0,1200.0,9.094947017729282e-13,1.1368683772161603e-13,7,0
2025-10-03,12686.51515030272,0.0,66.68521367558756,33.34260683779378,-33.34260683779378,202.80101957157402,12855.973563036498,31302.45353235349,31192.46528748283,0.0,109.98824487065895,105.86320326553619,21882.543741395788,15986.310493525776,14387.679444173196,1200.0,1200.0,1.8189894035458565e-12,1.1368683772161603e-13,7,0
2025-10-04,13276.484248620964,0.0,80.37697498936812,40.18848749468406,-40.18848749468406,394.1387406228771,13630.434501749156,31867.950117178676,31754.227299427672,0.0,113.72281775100478,138.08103066554025,17191.359689922614,16049.662068372652,14444.69586153539,1200.0,1200.0,9.094947017729282e-13,1.1368683772161603e-13,7,0
2025-10-05,39948.051766743956,0.0,2296.9629213432986,1148.4814606716493,-1148.4814606716493,1723.787782250394,40523.3580883227,65586.16360906535,61129.64793565884,0.0,4456.515673406509,552.8331650171989,4818.487791691373,21280.32242317999,19152.29018086199,1200.0,1200.0,9.094947017729282e-13,7.735366125416476e-08,7,0
2025-10-06,37925.81286710446,553.1204214070552,281.2087361881544,140.6043680940772,412.516053312978,4271.064311573042,42609.39323199048,60382.621187905206,60788.25054128077,790.0508876199872,384.4215342444217,1212.0494633362152,2103.6981037359938,21634.926508809876,19471.433857928885,1200.0,1200.0,9.094947017729282e-13,7.735366125416476e-08,7,0
2025-10-07,38558.993030523445,478.3283237267987,0.0,0.0,478.3283237267987,2055.4543642810772,41092.775718531324,62360.503108459285,62901.95511653589,541.4520080766011,0.0,511.0165923106553,3467.673447273727,21737.352615728138,19563.617354155318,1200.0,1200.0,1.8189894035458565e-12,1.1368683772161603e-13,7,0
2025-10-08,37077.75929811589,0.0,323.04170898606395,161.52085449303198,-161.52085449303198,5253.281376971421,42169.51982059428,60446.37167753519,59967.632071948814,0.0,478.73960558638146,1118.558155009632,2480.8999839692215,21267.945763225587,19141.15118690303,1200.0,1200.0,9.094947017729282e-13,1.1368683772161603e-13,7,0
2025-10-09,39126.3585054076,0.0,2221.238473527072,1110.619236763536,-1110.619236763536,4912.866555338472,42928.605823982536,63589.98934959409,59262.495833780325,0.0,4327.493515813769,1053.4165743045514,2340.583545362225,22153.47179389325,19938.124614503926,1200.0,1200.0,1.8189894035458565e-12,1.1368683772161603e-13,7,0
2025-10-10,12110.619621820395,0.0,10.106331867354358,5.053165933677179,-5.053165933677179,2254.833293618103,14360.39974950482,30329.780394893205,30312.06863206924,0.0,17.711762823964875,783.7963224710799,19997.362237132773,17548.91800740872,15794.026206667846,1200.0,1200.0,1.8189894035458565e-12,1.1368683772161603e-13,7,0
2025-10-11,12537.286421564202,0.0,2.9823449876340375,1.4911724938170188,-1.4911724938170188,1430.2288121676272,13966.024061238013,31176.65147911863,31171.465694059276,0.0,5.185785059353222,409.4208881340255,15792.260025844917,16823.129730150504,15140.816757135455,1200.0,1200.0,1.8189894035458565e-12,1.1368683772161603e-13,7,0
2025-10-12,38374.16840601437,430.77246395292747,850.1425050905549,425.07125254527745,5.701211407649936,4943.619895605919,43323.48951302794,62956.0867867148,62522.55540152073,618.4874040543623,1052.0187892484357,1175.080715724383,2908.139223243548,22745.409106682266,20470.868196014042,1200.0,1200.0,1.8189894035458565e-12,1.1368683772161603e-13,7,0
2025-10-13,39832.130558450444,0.0,1214.603917682945,607.3019588414725,-607.3019588414725,3751.84178034524,42976.67037995421,64095.185417795314,61787.00072415414,0.0,2308.1846936411794,1047.9927589491463,3519.1074072845213,22884.90775818755,20596.416982368788,1200.0,1200.0,1.8189894035458565e-12,2.2737367544323206e-13,7,0
2025-10-14,40535.929521114944,582.0532948517399,905.5809393740669,452.79046968703346,129.26282516470633,5157.573656921071,45822.76600320072,64981.1709772678,63791.60284947529,643.352547927459,1832.9206757199722,1442.3961583754176,2202.3969420842777,22577.727824330916,20319.95504189782,1200.0,1200.0,9.094947017729282e-13,2.2737367544323206e-13,7,0
2025-10-15,40079.901003891326,242.56794084769786,175.73243581103208,87.86621790551604,154.70172294218185,5269.570912461337,45504.17363929484,64785.45088995251,64831.152061957204,330.8343364503773,285.13316444567664,1442.9722557392522,2047.2732852978816,23068.27382398575,20761.446441587177,1200.0,1200.0,9.094947017729282e-13,1.1368683772161603e-13,7,0
2025-10-16,40119.42863015657,1844.7327574212436,0.0,0.0,1844.7327574212436,6462.210946215759,48426.37233379357,64047.333422296266,65760.91298763969,1713.579565343438,0.0,1513.852016518968,2035.547945306715,22727.44108851948,20454.69697966753,1200.0,1200.0,9.094947017729282e-13,1.1368683772161603e-13,7,0
2025-10-17,12406.213666895688,86.49076946802293,0.0,0.0,86.49076946802293,2141.7704633440603,14634.474899707773,30812.98034201844,30902.983859523854,90.00351750541401,0.0,649.5876686570525,13844.326077113168,17040.4613440107,15336.41520960963,1200.0,1200.0,1.8189894035458565e-12,1.1368683772161603e-13,7,0
2025-10-18,13120.773420943482,0.0,16.978614948710405,8.489307474355202,-8.489307474355202,930.5639890755572,14042.848102544685,31977.64920909199,31950.6029512141,0.0,27.046257877889346,388.87571786956937,14430.545060331358,18323.403420856448,16491.0630787708,1200.0,1200.0,1.8189894035458565e-12,1.1368683772161603e-13,7,0
2025-10-19,42497.33977182755,554.3499613019742,438.24522007349645,219.12261003674823,335.22735126522593,5262.424947913868,48094.99207100664,67369.84788932161,66972.662195601,432.8246938258552,830.0103875464652,1150.0865494038408,1965.591302238618,22714.349094328878,20442.914184895984,1200.0,1200.0,9.094947017729282e-13,1.1368683772161603e-13,7,0
2025-10-20,44433.40982797687,19.54445299216035,415.4139770713757,207.70698853568786,-188.16253554352753,2787.289723022759,47032.5370154561,69993.76577831258,69506.01887984306,31.015556601063793,518.7624550705802,606.4450118658558,3324.327346744225,23473.54178298034,21126.18760468231,1200.0,1200.0,4.547473508864641e-13,2.2737367544323206e-13,7,0
2025-10-21,44491.22588706488,756.3831407817805,66.00469697937298,33.00234848968649,723.3807922920939,3973.248417551468,49187.855096908446,69615.44518102096,70383.5512832355,840.7499481970028,72.64384598246465,984.3919980771243,2564.425617590477,23409.363137221433,21068.426823499285,1200.0,1200.0,9.094947017729282e-13,1.1368683772161603e-13,7,0
2025-10-22,43709.309389368536,130.85714811569326,444.4677245711776,222.2338622855888,-91.37671416989555,7160.812783049681,50778.74545824832,69279.82652308929,68710.35944475737,90.06586001611468,659.5329383480265,1376.2771613192763,2297.5928186620717,22341.470874145733,20107.323786731158,1200.0,1200.0,9.094947017729282e-13,1.1368683772161603e-13,7,0
2025-10-23,45666.06920306052,0.0,3452.755751404351,1726.3778757021755,-1726.3778757021755,4427.966923049996,48367.65825040835,72989.59778037097,67462.07829798941,0.0,5527.519482381569,1027.861600800282,2845.695562649894,22647.473028064665,20382.7257252582,1200.0,1200.0,9.094947017729282e-13,1.1368683772161603e-13,7,0
2025-10-24,12931.117373161644,86.80882647410435,0.0,0.0,86.80882647410435,2930.79527337055,15948.721473006297,31827.633798319515,31918.518060932107,90.8842626125921,0.0,782.8703296339402,12615.401886864358,16659.357870350206,14993.422083315185,1200.0,1200.0,1.8189894035458565e-12,1.1368683772161603e-13,7,0
2025-10-25,13635.557509744445,0.4729956779446324,0.0,0.0,0.4729956779446324,1361.7028961419423,14997.733401564332,32807.166677411995,32807.67225774222,0.505580330227815,0.0,411.3229789650079,12057.147922680706,17634.145806931898,15870.731226238713,1200.0,1200.0,9.094947017729282e-13,1.1368683772161603e-13,7,0
2025-10-26,45950.97054031481,22.369353600138872,2212.5177202999357,1106.2588601499679,-1083.8895065498289,2588.937713960011,47456.018747725,72023.0084626456,68906.89508552538,15.50226375557611,3131.615640875781,791.257821615771,2873.514169392752,22803.267210817397,20522.940489735658,1200.0,1200.0,9.094947017729282e-13,1.1368683772161603e-13,7,0
2025-10-27,44889.613935487534,1399.964895588458,531.5955772860758,265.7977886430379,1134.16710694542,1030.634443561436,47054.41548599439,70570.30610116807,70779.86372395259,1066.7347853060494,857.177162521529,266.44422745202314,5210.63004171703,22830.962430209194,20547.86618718828,1200.0,1200.0,9.094947017729282e-13,2.2737367544323206e-13,7,0
2025-10-28,45146.95694139363,507.10813124553147,279.2284204341938,139.6142102170969,367.49392102843456,2018.7413735669058,47533.19223598897,70529.83688178043,70711.85415894637,492.5000217571704,310.4827445912115,506.67960335793305,2984.5836360555395,22615.28426248791,20353.75583623912,1200.0,1200.0,9.094947017729282e-13,1.1368683772161603e-13,7,0
2025-10-29,45794.556262065846,1366.4647582047967,0.0,0.0,1366.4647582047967,4361.666566319401,51522.687586590044,71147.01342221412,72415.87910089659,1268.8656786824563,0.0,1004.3494116497013,1809.3788442602186,22985.928682860645,20687.335814574588,1200.0,1200.0,9.094947017729282e-13,1.1368683772161603e-13,7,0
2025-10-30,45756.76521469261,271.35792092304837,920.0334393936128,460.0167196968064,-188.65879877375798,3424.303367049017,48992.409782967865,70366.01835933799,69124.49873735441,197.88092772587197,1439.400549709439,847.6581595171974,2890.259506914033,22940.797399575913,20646.717659618324,1200.0,1200.0,9.094947017729282e-13,1.1368683772161603e-13,7,0
2025-10-31,13773.320685098472,8.484284983365486,0.19322154959683277,0.09661077479841639,8.387674208567068,1512.0423884228042,15293.750747729842,33204.09100169982,33212.75987650841,8.996091658039703,0.32721684944425533,412.21213402449854,8002.82752516897,17178.52418697271,15460.671768275433,1200.0,1200.0,1.8189894035458565e-12,1.1368683772161603e-13,7,0
2025-11-01,13752.820283193709,0.0,13.245817080435472,6.622908540217736,-6.622908540217736,1065.866941340235,14812.064315993728,33660.12928745655,33635.58580805358,0.0,24.54347940296835,452.63410887877455,9793.879339556512,17503.021440425044,15752.719296382535,1200.0,1200.0,1.8189894035458565e-12,1.1368683772161603e-13,7,0
2025-11-02,48074.52918815031,186.53035345555736,215.86084634086583,107.93042317043292,78.59993028512444,2952.5314392602168,51105.66055769565,73831.04055031919,73813.65645406247,247.39729767419334,264.78139393091203,686.9595506668652,3343.7465644432814,23604.855069527155,21244.369562574444,1200.0,1200.0,1.8189894035458565e-12,1.1368683772161603e-13,7,0
2025-11-03,50143.21660045275,0.0,1139.3692497889774,569.6846248944887,-569.6846248944887,1972.9226400916211,51546.45461564989,76054.03449845113,74648.42788355812,0.0,1405.60661489301,568.3352854225711,3400.5339805652,23112.98905082162,20801.69014573945,1200.0,1200.0,9.094947017729282e-13,1.1368683772161603e-13,7,0
2025-11-04,48825.174015812445,36.82951576466382,925.462117045471,462.7310585227355,-425.9015427580717,2324.3359201094795,50723.60839316385,75221.8318050674,73732.04755839404,38.54787653870483,1528.3321232120618,515.6634640065965,4321.302735428044,23463.362536392633,21117.026282753366,1200.0,1200.0,9.094947017729282e-13,1.1368683772161603e-13,7,0
2025-11-05,50663.11400678409,0.0,1409.107208421899,704.5536042109495,-704.5536042109495,2205.7546303265854,52164.31503289973,76668.02276540679,74649.20037001517,0.0,2018.8223953916079,612.2007721965033,3229.0349743283223,23543.46101216684,21189.114910950157,1200.0,1200.0,1.8189894035458565e-12,1.1368683772161603e-13,7,0
2025-11-06,50251.51631640768,393.8970546506364,118.0879075950958,59.0439537975479,334.8531008530885,4861.981355314505,55448.35077257527,75528.78547975273,75648.6498871547,280.963353096676,161.09894569469492,1067.449362467979,2976.9169901499963,23695.9770947269,21326.37938525421,1200.0,1200.0,9.094947017729282e-13,1.1368683772161603e-13,7,0
2025-11-07,14407.14247050377,0.0,88.38503526903169,44.192517634515845,-44.192517634515845,865.0017233041135,15227.951676173365,34606.43138727446,34466.99250603486,0.0,139.43888123959792,283.06736359862145,9589.143925096,18424.54161204155,16582.087450837396,1200.0,1200.0,9.094947017729282e-13,1.1368683772161603e-13,7,0
2025-11-08,14500.770470690277,0.0,0.0,0.0,0.0,767.2960857483172,15268.066556438594,34580.9141413646,34580.9141413646,0.0,0.0,279.9932920290687,9328.647946206156,17410.523871875157,15669.471484687645,1200.0,1200.0,1.8189894035458565e-12,1.1368683772161603e-13,7,0
2025-11-09,51062.01382653853,424.0330586517178,478.80630106458136,239.40315053229068,184.62990811942709,1746.4668820075392,52993.11061666549,77090.01780087702,76755.44677061013,330.9556573739976,665.5266876408679,514.1708362676035,3498.713111370418,24240.873121739904,21816.785809565918,1200.0,1200.0,1.8189894035458565e-12,2.2737367544323206e-13,7,0
2025-11-10,52271.294677468264,1230.9969775779305,0.0,0.0,1230.9969775779305,3166.168074978461,56668.45973002465,77473.60791856464,78573.28423386063,1099.6763152959888,0.0,771.1894020406546,3062.441559136221,24235.889767650682,21812.30079088562,1200.0,1200.0,9.094947017729282e-13,1.1368683772161603e-13,7,0
2025-11-11,52594.212746830905,20.163596615816015,1180.6645804484908,590.3322902242454,-570.1686936084294,1314.5555617702069,53338.59961499269,78801.14498980885,77326.554972158,14.005388210944886,1488.595405861778,325.57948003289533,3611.3208856784113,24817.938998458238,22336.145098612415,1200.0,1200.0,9.094947017729282e-13,2.2737367544323206e-13,7,0
2025-11-12,52167.400288017416,10.690938269689543,431.7746147895814,215.8873073947907,-205.19636912510114,1610.3422279167085,53572.54614680902,78086.50128067206,77427.59491937293,12.873486607683958,671.7798479068015,358.171262363561,4404.968385703542,24248.10046032964,21823.290414296684,1200.0,1200.0,9.094947017729282e-13,1.1368683772161603e-13,7,0
2025-11-13,52514.85138457026,322.1114028422212,809.5074045522875,404.75370227614377,-82.64229943392257,4045.5090827351205,56477.71816787146,77444.6826267461,76768.64702900549,261.41753184952836,937.4531295901373,1057.442989009775,2983.0252372852474,24471.934640633524,22024.741176570176,1200.0,1200.0,9.094947017729282e-13,2.2737367544323206e-13,7,0
2025-11-14,14823.52510460688,14.04667742519728,0.0,0.0,14.04667742519728,757.3264345927844,15594.898216624862,35068.17965235308,35084.18038859432,16.000736241241604,0.0,294.90976242369703,5918.045965588724,18625.888854292905,16763.299968863616,1200.0,1200.0,1.8189894035458565e-12,1.1368683772161603e-13,7,0
2025-11-15,15139.675560407497,0.0,48.48970117893591,24.244850589467955,-24.244850589467955,1157.175902721909,16272.606612539937,35302.61141143138,35228.11147804084,0.0,74.49993339055115,399.1798959579903,5527.009686518937,18883.947708132226,16995.552937319004,1200.0,1200.0,1.8189894035458565e-12,1.1368683772161603e-13,7,0
2025-11-16,53397.0050261769,348.9221944794707,234.23939453573195,117.11969726786597,231.8024972116047,4349.794886998252,57978.60241038675,78905.23178818915,78716.78292058772,242.75982341592498,431.2086910173581,997.7574220248807,2821.0551880762514,24589.407712030086,22130.46694082708,1200.0,1200.0,9.094947017729282e-13,1.1368683772161603e-13,7,0
2025-11-17,53070.93744026433,580.2233291794332,43.51196637077809,21.755983185389045,558.4673459940442,1494.5954991051503,55124.00028536352,78484.34548012402,78929.22279131797,536.2856150205763,91.40830382663353,404.73863765338535,4272.897084739483,23653.100108985316,21287.790098086785,1200.0,1200.0,9.094947017729282e-13,2.2737367544323206e-13,7,0
2025-11-18,53391.42664985587,320.2355998172995,136.39239065730146,68.19619532865073,252.03940448864876,3942.8667651087794,57586.332819453295,78645.20179336048,78832.47915346181,338.2745157507785,150.99715564946118,1037.7669910523655,2578.5164184026157,24011.7789277822,21610.601035003987,1200.0,1200.0,9.094947017729282e-13,2.2737367544323206e-13,7,0
2025-11-19,54241.45984110928,1736.82409823324,91.87703542241397,45.938517711206984,1690.885580522033,2515.1129824932987,58447.458404124605,78820.55821210169,80035.68598293845,1338.6770742813144,123.54930344454885,694.8251132187668,2977.750309679076,23844.49186478146,21460.04267830332,1200.0,1200.0,1.8189894035458565e-12,1.1368683772161603e-13,7,0
2025-11-20,53484.16739591922,472.09556530948726,99.27312215855733,49.636561079278664,422.4590042302086,3372.2596623018244,57278.886062451245,78988.27787010458,79233.34916526359,377.94619444732996,132.8748992883202,794.3746549559492,2794.694357982609,24399.534289035983,21959.580860132388,1200.0,1200.0,9.094947017729282e-13,2.2737367544323206e-13,7,0
2025-11-21,15324.030554037934,1.736925221250143,0.0,0.0,1.736925221250143,1187.9655680204505,16513.733047279635,35568.57664132501,35570.364981321145,1.7883399961391433,0.0,508.57607759256814,5381.081015371086,18334.75976875958,16501.283791883623,1200.0,1200.0,1.8189894035458565e-12,1.1368683772161603e-13,7,0
2025-11-22,15385.940794792823,0.0,64.58016448054676,32.29008224027338,-32.29008224027338,1957.2389913605386,17310.88970391309,36147.72056960352,36047.514570163476,0.0,100.20599944005158,633.7135461255376,4617.255716551341,18441.429164043388,16597.286247639044,1200.0,1200.0,1.8189894035458565e-12,1.1368683772161603e-13,7,0
2025-11-23,54703.20976515316,915.9027365629123,835.9903223132135,417.99516115660674,497.90757540630557,3291.2592952910886,58492.37663585055,80129.48167511544,79637.16991602359,603.5668047811291,1095.8785638729864,779.8145537340383,2841.8611395736198,23430.27046850665,21087.243421655985,1200.0,1200.0,1.8189894035458565e-12,1.1368683772161603e-13,7,0
2025-11-24,54142.8121430673,18.957024159268123,561.6648701140273,280.83243505701364,-261.87541089774555,3243.3558394414385,57124.29257161099,79756.5843594865,78982.79508916935,13.643985464253205,787.4332557814116,761.2476640363348,3232.3710300595803,23497.280231460925,21147.55220831484,1200.0,1200.0,9.094947017729282e-13,2.2737367544323206e-13,7,0
2025-11-25,55742.308136098574,0.0,699.4076449511873,349.70382247559365,-349.70382247559365,2391.3015815232284,57783.90589514622,81867.94582582725,80970.69594166992,0.0,897.249884157336,598.1176298474319,3083.7761068626287,23163.76997988057,20847.392981892517,1200.0,1200.0,9.094947017729282e-13,2.2737367544323206e-13,7,0
2025-11-26,55341.02915929162,831.6032808328425,0.0,0.0,831.6032808328425,3295.0042281137194,59467.63666823818,80780.93433462236,81418.79117127303,637.8568366506697,0.0,721.8922916094002,2960.625116250153,24223.914632989417,21801.52316969047,1200.0,1200.0,9.094947017729282e-13,2.2737367544323206e-13,7,0
2025-11-27,55469.043175791216,457.3329186038326,6.142919208341984,3.071459604170992,454.26145899966156,2976.3276147743854,58899.63224956526,80472.02996911872,80786.14109909766,324.2212279152961,10.110097936358102,654.1675390861519,3238.3717307359366,24210.441741145467,21789.397567030923,1200.0,1200.0,9.094947017729282e-13,1.1368683772161603e-13,7,0
2025-11-28,14934.047523768902,0.0,50.98421254170704,25.49210627085352,-25.49210627085352,1583.727736847225,16492.283154345274,36035.884044323335,35964.96804505031,0.0,70.91599927302573,492.1279766651078,3663.8675438456685,18719.899278697536,16847.909350827784,1200.0,1200.0,9.094947017729282e-13,1.1368683772161603e-13,7,0
2025-11-29,16096.021082801506,531.0847642732401,0.0,0.0,531.0847642732401,1355.2024691857462,17982.30831626049,38671.90763350508,39468.59271581711,796.685082312041,0.0,580.9813522433465,3212.352763769101,19077.71204291359,17169.940838622228,1200.0,1200.0,1.8189894035458565e-12,1.1368683772161603e-13,7,0
2025-11-30,57154.819017072135,1477.0190218362802,3.691623960388411,1.8458119801942054,1475.173209856086,4185.8946389878965,62815.886865916116,82542.45860460676,83690.6530090833,1153.8703330749295,5.675928598383166,976.211024060168,1871.7730157399264,25502.62900736878,22952.366106631904,1200.0,1200.0,1.8189894035458565e-12,1.1368683772161603e-13,7,0
2025-12-01,61680.05472179922,2.588861173843246,635.0126214791546,317.5063107395773,-314.91744956573405,27452.111378466518,88817.2486507,84150.58882435672,83325.87300968799,1.6192020351147676,826.3350167038511,6107.103812265817,548.9590505167666,25850.90038103706,23265.810342933357,1200.0,1200.0,1.8189894035458565e-12,2.2737367544323206e-13,7,0
2025-12-02,64045.41350737158,19.216259610242535,103.03243830145797,51.516219150728986,-32.299959540486455,24712.157546111164,88725.27109394225,86792.66458593003,86650.09516133304,9.292179088923831,151.86160368590242,5241.5151043135065,597.1829127555828,26566.174028909823,23909.55662601885,1200.0,1200.0,1.8189894035458565e-12,1.1368683772161603e-13,7,0
2025-12-03,63922.483253036844,1984.323562441915,0.0,0.0,1984.323562441915,11750.767478687108,77657.57429416588,86686.91372256103,88214.1382177534,1527.2244951923542,0.0,2854.093766841157,1300.7135146291266,26047.69903298757,23442.929129688815,1200.0,1200.0,1.8189894035458565e-12,2.2737367544323206e-13,7,0
2025-12-04,66357.5438879918,0.288684787646294,1342.665494911451,671.3327474557256,-671.0440626680794,11614.496891596977,77300.9967169207,90043.53520365639,88561.15226790213,0.1650853706446469,1482.5480211249028,2483.4170311643293,1706.5689520223314,25667.91597044117,23101.124373397048,1200.0,1200.0,1.8189894035458565e-12,1.1368683772161603e-13,7,0
2025-12-05,20378.8352478737,0.0,132.35457994997293,66.17728997498646,-66.17728997498646,2635.7044146142844,22948.362372513002,46501.817989731615,46180.65755779532,0.0,321.16043193629963,795.7916138579117,3498.8383033969203,21659.831849229806,19493.848664306825,1200.0,1200.0,9.094947017729282e-13,1.1368683772161603e-13,7,0
2025-12-06,22318.831055813986,0.0,147.0682296799278,73.5341148399639,-73.5341148399639,2430.617383392079,24675.914324366102,49037.572910228366,48791.33430822419,0.0,246.2386020041719,718.5715200718698,3637.963664766977,22073.113468624168,19865.80212176175,1200.0,1200.0,1.8189894035458565e-12,1.1368683772161603e-13,7,0
2025-12-07,70801.59902149744,0.0,1572.3647084290228,786.1823542145114,-786.1823542145114,3447.7984656007384,73463.21513288368,94900.60904642899,93166.39470896218,0.0,1734.2143374668158,752.8263103442147,3574.79295350705,26917.468157993353,24225.72134219401,1200.0,1200.0,1.8189894035458565e-12,1.1368683772161603e-13,7,0
2025-12-08,72136.10344288842,146.8936357337953,151.9312032640949,75.96560163204745,70.92803410174784,1373.5273606722135,73580.55883766236,96392.05316352639,96403.80378279685,140.3615180057243,128.6108987352518,249.89708099109964,6095.528089686404,27109.616574348882,24398.654916913998,1200.0,1200.0,9.094947017729282e-13,2.2737367544323206e-13,7,0
2025-12-09,70905.44176556179,0.0,1010.9135157509202,505.4567578754601,-505.4567578754601,2678.207003892384,73078.19201157872,95814.70422350333,94624.41418772229,0.0,1190.290035781041,523.9383341934118,5016.33112183994,27435.67133409082,24692.104200681744,1200.0,1200.0,9.094947017729282e-13,2.2737367544323206e-13,7,0
2025-12-10,70334.5976241813,160.10563464100377,14.082971771822029,7.0414858859110145,153.06414875509276,2154.658512918353,72642.32028585474,94070.26264801726,94210.84694449903,156.97850074727523,16.394204265502367,501.26998510866525,3543.871886681722,27806.265762593193,25025.63918633388,1200.0,1200.0,1.8189894035458565e-12,1.1368683772161603e-13,7,0
2025-12-11,69258.40701134258,0.8531646504953064,1769.4435570836326,884.7217785418163,-883.868613891321,1993.982226218754,70368.52062367,94524.91853043024,92646.79220719506,0.5224363310953777,1878.6487595662818,498.78697253798373,4490.8284460368495,26934.960336961856,24241.464303265675,1200.0,1200.0,9.094947017729282e-13,2.2737367544323206e-13,7,0
2025-12-12,21672.499210674614,532.6405651001329,0.0,0.0,532.6405651001329,2208.2236884278745,24413.363464202623,48178.50829100171,48856.85391785013,678.345626848417,0.0,685.0445393758275,3575.784946857067,22517.000270355562,20265.30024332001,1200.0,1200.0,9.094947017729282e-13,1.1368683772161603e-13,7,0
2025-12-13,22067.894233180996,32.83464042523028,79.69783732082524,39.84891866041262,-7.0142782351823385,2389.5272548853272,24450.407209831137,48413.8893867273,48283.363108031044,53.50711386821524,184.0333925644627,632.566554182054,2891.938730961434,22254.575479183324,20029.11793126499,1200.0,1200.0,9.094947017729282e-13,1.1368683772161603e-13,7,0
2025-12-14,69301.3767345446,369.67118558133296,0.0,0.0,369.67118558133296,4366.149881525465,74037.1978016514,92634.51274384139,92954.65755652933,320.1448126879409,0.0,830.3290777944759,2484.155169014654,25221.096653091525,22698.986987782377,1200.0,1200.0,1.8189894035458565e-12,1.1368683772161603e-13,7,0
2025-12-15,70566.48353733768,883.5172956830321,4.2676615115493,2.13383075577465,881.3834649272575,2550.637715212095,73998.50471747703,94237.30622503068,94848.16523243171,614.8632961165156,4.004288715487462,554.0179076804952,3271.5262383069235,26610.98935138613,23949.890416247516,1200.0,1200.0,9.094947017729282e-13,1.1368683772161603e-13,7,0
2025-12-16,71154.48125677768,0.0,814.6082861327424,407.3041430663712,-407.3041430663712,1903.6479176334196,72650.82503134474,95250.68680145797,94421.41879763204,0.0,829.2680038259418,454.68522985984725,2863.500425962511,25945.122681960267,23350.61041376424,1200.0,1200.0,1.8189894035458565e-12,1.1368683772161603e-13,7,0
2025-12-17,71368.67266025563,0.0,1529.6639208351824,764.8319604175912,-764.8319604175912,3143.6842182098417,73747.52491804789,95246.63916786705,93662.57053715232,0.0,1584.0686307147316,717.9549336780963,3482.7841195679894,27058.94284595761,24353.048561361844,1200.0,1200.0,9.094947017729282e-13,2.2737367544323206e-13,7,0
2025-12-18,69350.7325426148,0.0,689.2637169886408,344.6318584943204,-344.6318584943204,2210.068391146652,71216.16907526716,93517.6362952393,92591.68098379302,0.0,925.9553114462876,599.9704998243798,3203.577662922433,26218.068540282933,23596.261686254627,1200.0,1200.0,9.094947017729282e-13,1.1368683772161603e-13,7,0
2025-12-19,21397.897291410816,0.0,92.74323461336223,46.37161730668112,-46.37161730668112,2949.7336490571865,24301.25932316132,47875.2822192952,47736.166593034024,0.0,139.11562626117637,809.5167601095109,3456.445451093014,21808.46602050519,19627.61941845467,1200.0,1200.0,1.8189894035458565e-12,1.1368683772161603e-13,7,0
2025-12-20,21786.02753219985,0.0,486.52138745650177,243.26069372825089,-243.26069372825089,2017.692828712166,23560.459667183757,48566.773017196756,47588.33108250878,0.0,978.441934687966,567.9052032536051,2990.6919661750267,23091.920695873705,20782.72862628634,1200.0,1200.0,9.094947017729282e-13,1.1368683772161603e-13,7,0
2025-12-21,69727.58054239342,148.41889796956724,738.8359071365869,369.41795356829346,-220.9990555987262,5834.611411804481,75341.19289859917,94060.58884675603,93376.83314945015,114.01825383912467,797.7739511449979,1302.267323612789,2799.564620329287,28417.539860669836,25575.78587460285,1200.0,1200.0,1.8189894035458565e-12,1.1368683772161603e-13,7,0
2025-12-22,71692.64260809592,9.883255872327348,217.8317634633049,108.91588173165245,-99.03262585932511,2654.3252065813367,74247.93518881794,95145.09197861562,94898.15611670361,9.617336517615286,256.5531984296211,555.7877453044669,3676.385915021664,28401.30863653093,25561.177772877843,1200.0,1200.0,1.8189894035458565e-12,2.2737367544323206e-13,7,0
2025-12-23,71342.54281890093,0.0,1875.9515717932636,937.9757858966318,-937.9757858966318,1270.799682705554,71675.36671570985,95743.54429293479,93768.079698215,0.0,1975.464594719802,298.00068325873764,4042.8808255961158,27651.07022544284,24885.963202898554,1200.0,1200.0,1.8189894035458565e-12,2.2737367544323206e-13,7,0
2025-12-24,69795.02330363973,0.0,589.044955114397,294.5224775571985,-294.5224775571985,2498.903167912318,71999.40399399484,94329.70827679682,93605.77065203676,0.0,723.9376247600418,570.0701819062763,3479.4725618272287,28418.089554491533,25576.28059904238,1200.0,1200.0,1.8189894035458565e-12,2.2737367544323206e-13,7,0
2025-12-25,68839.97263289265,253.06487548207886,306.83462805757404,153.41731402878702,99.64756145329184,3408.9207688682686,72348.54096321421,92594.90497832035,92507.05278919693,228.78070512000807,316.63289424343,869.7871687340942,2772.334076348575,27920.573482491192,25128.516134242076,1200.0,1200.0,9.094947017729282e-13,2.2737367544323206e-13,7,0
2025-12-26,21352.127958135752,0.0,47.248709675997596,23.624354837998798,-23.624354837998798,2995.441037995807,24323.94464129356,47180.77136260481,47062.66350980663,0.0,118.10785279818043,915.3294780233107,2729.9484928027505,22404.220616938575,20163.798555244713,1200.0,1200.0,1.8189894035458565e-12,1.1368683772161603e-13,7,0
2025-12-27,20856.396132172013,0.0,17.31750490487404,8.65875245243702,-8.65875245243702,2721.0962627111476,23568.833642430727,47258.09115201688,47218.22234817325,0.0,39.868803843631326,832.4310769535919,2593.015107503739,21188.292509564417,19069.463258607982,1200.0,1200.0,9.094947017729282e-13,1.1368683772161603e-13,7,0
2025-12-28,68145.16263022186,0.0,1102.2630295142171,551.1315147571086,-551.1315147571086,3991.3289873297326,71585.36010279448,92449.38866129624,91313.02407490925,0.0,1136.3645863869847,948.9152059944686,2811.875143975444,26408.093869282875,23767.284482354586,1200.0,1200.0,1.8189894035458565e-12,1.1368683772161603e-13,7,0
2025-12-29,68870.1052649005,922.9508413500955,0.0,0.0,922.9508413500955,2140.609846758766,71933.66595300936,93567.93030372282,94270.24628115488,702.3159774320516,0.0,473.7113769871873,4457.408180395691,27627.832110797095,24865.048899717385,1200.0,1200.0,9.094947017729282e-13,2.2737367544323206e-13,7,0
2025-12-30,68308.38275472602,3.6972311646951597,1484.152047369818,742.076023684909,-738.3787925202139,3169.0927121807777,70739.09667438659,93388.05573533503,91663.67424250706,1.7524511557355709,1726.1339439837025,683.6810873420288,3401.5196447297562,27214.330851193365,24492.89776607403,1200.0,1200.0,1.8189894035458565e-12,1.1368683772161603e-13,7,0
2025-12-31,70702.62399043607,76.2521889843886,79.41932308646435,39.70966154323217,36.54252744115641,5593.435224325949,76332.60174220317,97987.38009361543,97927.35698043223,50.72555239000917,110.74866557320274,1130.8793027221145,2591.5854300560873,32665.48089122463,24845.252971459704,1200.0,6000.0,1.8189894035458565e-12,2.2737367544323206e-13,7,0
