date,planned_cost_yuan,increase_cost_yuan,cancellation_refund_yuan,breach_cost_yuan,adjustment_net_yuan,emergency_cost_yuan,total_cost_yuan,original_kwh,adjusted_kwh,increase_kwh,decrease_kwh,emergency_kwh,dump_kwh,charge_kwh,discharge_kwh,energy_start_kwh,energy_end_kwh,lp_eq_max,lp_ineq_max,max_tree_nodes,raw_simultaneous_slots
2025-02-01,16209.866016925725,0.0,295.5497100417185,147.77485502085926,-147.77485502085926,861.228734695793,16923.31989660066,37737.745855851965,37063.93921946004,0.0,673.8066363919229,259.78596952838507,5856.80979519245,16424.192911051083,19335.45345058844,6000.0,1200.0,1.8189894035458565e-12,1.1368683772161603e-13,3,0
2025-02-02,59887.87742960159,12.086051844367438,265.0522540005024,132.5261270002512,-120.44007515588375,811.3004238067499,60578.737778252456,86955.22123984447,86559.76013484476,5.9803814267386315,401.4414864264385,175.4952886386973,5575.597046309298,28033.804271741606,25230.423844567442,1200.0,1200.0,1.8189894035458565e-12,1.1368683772161603e-13,3,0
2025-02-03,59885.7456974151,0.0,376.2125859614038,188.1062929807019,-188.1062929807019,3129.7218235243113,62827.361227958696,85675.95483999283,85271.55279085154,0.0,404.40204914127776,739.9952539746121,3066.866282838322,27277.65261987841,24549.88735789057,1200.0,1200.0,1.8189894035458565e-12,1.1368683772161603e-13,3,0
2025-02-04,59716.00915309799,336.6712984954676,102.89059642417037,51.445298212085184,285.2260002833824,4897.324832154798,64898.55998553617,85618.06563766391,85729.81610295945,229.25220714271794,117.50174184716661,1086.8515918950802,2898.653210731688,27231.50534122857,24508.354807105716,1200.0,1200.0,1.8189894035458565e-12,1.1368683772161603e-13,3,0
2025-02-05,57890.1637877366,1050.7577495722128,2.1220879806247184,1.0610439903123592,1049.6967055819005,5614.5080339193955,64554.36852723791,83121.08151253739,83992.72851744875,874.3065963145605,2.6595914032143355,1271.9992451035162,1842.6115232308202,26736.892559881115,24063.203303893002,1200.0,1200.0,9.094947017729282e-13,1.1368683772161603e-13,3,0
2025-02-06,59848.15659331498,0.0,636.8553056499005,318.42765282495026,-318.42765282495026,4310.813147712727,63840.54208820277,85338.14438379345,84594.84490468737,0.0,743.2994791060889,918.4034347754638,2529.2777314837103,27129.133913124504,24416.220521812054,1200.0,1200.0,1.8189894035458565e-12,1.1368683772161603e-13,3,0
2025-02-07,16042.126624456288,16.942749725225244,0.0,0.0,16.942749725225244,1973.4017227457502,18032.471096927264,38676.43411447026,38696.20633160406,19.772217133794904,0.0,588.6179903727565,5500.17922717855,19789.654281315932,17810.688853184336,1200.0,1200.0,9.094947017729282e-13,1.1368683772161603e-13,3,0
2025-02-08,14912.835192123917,113.12692239185503,0.0,0.0,113.12692239185503,2260.5313497080315,17286.493464223808,36123.18491132822,36241.37567266923,118.19076134100368,0.0,659.2485563339906,3376.247479220305,19472.14033116248,17524.926298046234,1200.0,1200.0,1.8189894035458565e-12,1.1368683772161603e-13,3,0
2025-02-09,56277.490332111905,1438.2653831586504,4.5492623286597835,2.2746311643298918,1435.9907519943206,5353.19052100111,63066.67160510733,81337.47570509076,82531.11116523022,1198.9093557210163,5.273895581567103,1296.1868086295117,1779.0824418068114,24927.995653862512,22435.196088476263,1200.0,1200.0,9.094947017729282e-13,1.1368683772161603e-13,3,0
2025-02-10,54300.19322896625,0.0,2069.45519457094,1034.72759728547,-1034.72759728547,4153.178450824306,57418.64408250508,80981.03969429688,78294.8289516775,0.0,2686.210742619374,1029.4868969186589,2516.5172194294646,24811.610458333565,22330.449412500206,1200.0,1200.0,9.094947017729282e-13,1.1368683772161603e-13,3,0
2025-02-11,54679.67801915628,0.0,906.6668979106286,453.3334489553143,-453.3334489553143,2868.757176619228,57095.10174682019,80765.29495420263,79538.95565029429,0.0,1226.3393039083307,666.8310901863439,2475.977910484133,25092.116966631653,22582.905269968483,1200.0,1200.0,9.094947017729282e-13,1.1368683772161603e-13,3,0
2025-02-12,53992.81558200292,0.0,1291.5391032989708,645.7695516494854,-645.7695516494854,4910.212612753913,58257.25864310734,80229.68174400477,78635.87573634546,0.0,1593.8060076593229,1056.6603530933612,1981.0220335943536,24447.77922511138,22003.00130260024,1200.0,1200.0,1.8189894035458565e-12,1.1368683772161603e-13,3,0
2025-02-13,52122.05181257861,0.0,1514.0272760588282,757.0136380294141,-757.0136380294141,2680.5472129904974,54045.585387539686,78518.21228349835,76584.6991437891,0.0,1933.5131397092512,774.6148594551331,3542.645692728673,24871.892938488883,22384.703644639998,1200.0,1200.0,9.094947017729282e-13,1.1368683772161603e-13,3,0
2025-02-14,14283.98517798031,129.63208091462326,0.0,0.0,129.63208091462326,2569.5056042808465,16983.12286317578,35104.285244200044,35235.28844479703,131.00320059697773,0.0,854.2723899154337,4217.8295875793,20699.294304664883,18629.364874198392,1200.0,1200.0,9.094947017729282e-13,1.1368683772161603e-13,3,0
2025-02-15,14622.891083020011,0.0,30.89302952174651,15.446514760873255,-15.446514760873255,2921.0421633263522,17528.48673158549,34566.614450132285,34518.526575458614,0.0,48.087874673674484,926.912702375497,4106.727988745128,20586.201890889843,18527.58170180086,1200.0,1200.0,1.8189894035458565e-12,1.1368683772161603e-13,3,0
2025-02-16,52272.734362181625,0.0,965.3061351031208,482.6530675515604,-482.6530675515604,10212.237405059164,62002.31869968923,77882.05674057838,76585.9787150675,0.0,1296.0780255108875,2398.5869791875825,1286.98973313565,23201.968611194367,20881.771750074935,1200.0,1200.0,9.094947017729282e-13,1.1368683772161603e-13,3,0
2025-02-17,51766.15783726802,56.83621736001837,1442.800669102724,721.400334551362,-664.5641171913436,2209.4787516424167,53311.0724717191,77800.3983525126,75934.30526154989,43.508240142888894,1909.6013311055858,616.181307259623,3060.4572296223487,23061.661725204984,20755.495552684486,1200.0,1200.0,9.094947017729282e-13,1.1368683772161603e-13,3,0
2025-02-18,48849.857307864986,101.35909237544519,16.412851071811048,8.206425535905524,93.15266683953966,7170.132800594571,56113.1427752991,74916.14275940359,74973.05736732486,73.34705488824616,16.432446966982297,1608.8274282891657,2187.9818734628316,23025.151388178547,20722.63624936069,1200.0,1200.0,1.8189894035458565e-12,1.1368683772161603e-13,3,0
2025-02-19,49153.22600323474,0.0,238.20482025805194,119.10241012902597,-119.10241012902597,8472.634529173592,57506.75812227931,75154.22217692834,74706.44951932895,0.0,447.7726575993887,1975.3952137692504,1392.690662083391,24098.266876814647,21688.44018913318,1200.0,1200.0,4.547473508864641e-13,2.2737367544323206e-13,3,0
2025-02-20,50353.48318710379,318.96836531746453,270.46921430380473,135.23460715190237,183.73375816556214,4200.740321423053,54737.9572666924,76127.4569917266,75951.48995907049,238.9001770042339,414.86720966035153,944.4171311228906,3486.63177959129,24161.41577268752,21745.274195418762,1200.0,1200.0,9.094947017729282e-13,1.1368683772161603e-13,3,0
2025-02-21,14260.041521786035,0.0,5.610469779538478,2.805234889769239,-2.805234889769239,2327.0967214362136,16584.333008332484,34068.70235063287,34059.82335463363,0.0,8.878995999240665,757.4183062570929,7320.892021459916,19360.876060974704,17424.78845487723,1200.0,1200.0,9.094947017729282e-13,1.1368683772161603e-13,3,0
2025-02-22,14102.798819336589,129.29291856111564,0.0,0.0,129.29291856111564,3233.64735556715,17465.739093464854,33450.916805907415,33582.42067046952,131.50386456210225,0.0,988.5253958846324,4833.200543280123,18929.826397406898,17036.843757666207,1200.0,1200.0,1.8189894035458565e-12,1.1368683772161603e-13,3,0
2025-02-23,48424.428537907486,359.55451866798563,0.0,0.0,359.55451866798563,7365.009006791584,56148.992063367055,74126.7233792784,74397.83846482994,271.1150855515522,0.0,1867.3342436247917,2434.113202697096,22992.05822424311,20692.852401818796,1200.0,1200.0,9.094947017729282e-13,1.1368683772161603e-13,3,0
2025-02-24,47836.37515369709,556.672127803669,35.70522498595715,17.852612492978576,538.8195153106905,3390.1600813049163,51765.35475031269,73250.03463811515,73895.86512849327,679.7753917730524,33.94490139491916,716.3459540506996,4068.581346215203,23405.961196621,21065.365076958897,1200.0,1200.0,9.094947017729282e-13,1.1368683772161603e-13,3,0
2025-02-25,47201.34023702922,212.21192314193414,963.529022299013,481.7645111495065,-269.55258800757235,3336.0819596565857,50267.86960867824,73681.24948398452,72795.12185822843,179.3847724240083,1065.512398180103,823.6242615441837,5427.760759353256,23696.62127086024,21326.95914377422,1200.0,1200.0,9.094947017729282e-13,1.1368683772161603e-13,3,0
2025-02-26,46086.989147641,23.229845596362022,23.527917051555875,11.763958525777937,11.465887070584083,7952.330523582367,54050.785558293945,71209.9443617695,71209.60047331787,22.937389351440743,23.28127780307682,1905.0817485231694,1984.1840483899857,23156.501401177193,20840.851261059477,1200.0,1200.0,9.094947017729282e-13,1.1368683772161603e-13,3,0
2025-02-27,45297.007467248884,254.03105701820795,316.25433595517785,158.12716797758893,95.90388904061899,5238.563715634276,50631.47507192378,71496.8182416801,71091.72421046192,190.56271161845902,595.6567428366473,1037.504922263388,2850.1186930124973,23225.262397128172,20902.736157415355,1200.0,1200.0,9.094947017729282e-13,1.1368683772161603e-13,3,0
2025-02-28,13394.244744096082,0.0,26.63867838776403,13.319339193882016,-13.319339193882016,1841.5329213402904,15222.45832624249,32861.29175283536,32818.55466735034,0.0,42.7370854850143,625.2696673614138,8387.010197041558,17642.205876701944,15877.985289031749,1200.0,1200.0,1.8189894035458565e-12,1.1368683772161603e-13,3,0
2025-03-01,13142.662685557545,0.0,3.8633772076320247,1.9316886038160124,-1.9316886038160124,1810.2155512832317,14950.94654823696,32531.8507763677,32525.205075050766,0.0,6.645701316934245,618.1365116820244,7719.293866012995,17652.81787386454,15887.536086478076,1200.0,1200.0,9.094947017729282e-13,1.1368683772161603e-13,3,0
2025-03-02,45844.86411302406,2237.4317096011814,4.742215777917167,2.3711078889585835,2235.0606017122227,16264.115737735334,64344.040452471614,71397.02105897349,73339.91198355232,1949.088279228476,6.197354649656518,3613.520850896619,2232.84910786534,23622.76659916931,21260.48993925238,1200.0,1200.0,4.547473508864641e-13,1.1368683772161603e-13,3,0
2025-03-03,46813.31179960468,869.8788296683076,524.7740997393396,262.3870498696698,607.4917797986379,13259.894588089455,60680.69816749277,73004.6695287048,72839.99616496598,639.6075631179333,804.2809268567547,3062.6039044991967,1506.8752620475163,23785.78174084328,21407.20356675895,1200.0,1200.0,9.094947017729282e-13,1.1368683772161603e-13,3,0
2025-03-04,45474.12036281947,854.7817397358369,7.541429313972234,3.770714656986117,851.0110250788508,5680.614294586511,52005.745682484834,70972.94879367195,71647.50768491245,685.281810782603,10.722919542118916,1650.311629532321,1761.5298029499443,23368.315781614743,21031.484203453274,1200.0,1200.0,9.094947017729282e-13,1.1368683772161603e-13,3,0
2025-03-05,45607.93862669582,49.34046687389171,494.4012386532066,247.2006193266033,-197.8601524527116,2344.5647749369564,47754.643249180066,72622.58712734183,71875.89493030067,33.543558192711544,780.2357552338792,566.8245560269614,3936.610963993478,23756.3650566749,21380.728551007407,1200.0,1200.0,9.094947017729282e-13,1.1368683772161603e-13,3,0
2025-03-06,44341.50369765005,0.0,337.07802929024996,168.53901464512498,-168.53901464512498,3504.298062639391,47677.262745644315,70527.76417351032,70014.36282625145,0.0,513.4013472588667,891.5678016616705,2511.985461921534,24532.910326582652,22079.61929392439,1200.0,1200.0,1.8189894035458565e-12,1.1368683772161603e-13,3,0
2025-03-07,12855.669490967552,0.0,51.35378022896676,25.67689011448338,-25.67689011448338,853.1154581996268,13683.108059052694,31402.529835187404,31318.88746835399,0.0,83.6423668334152,381.75276236231446,9061.163861595882,17171.908357870852,15454.717522083767,1200.0,1200.0,9.094947017729282e-13,1.1368683772161603e-13,3,0
2025-03-08,12436.4694423264,0.0,4.969002635013343,2.4845013175066715,-2.4845013175066715,1710.5360648897827,14144.521005898678,30521.304010564687,30512.52013986862,0.0,8.783870696068028,656.704930739714,10432.501699795812,16735.838541458506,15062.254687312652,1200.0,1200.0,1.8189894035458565e-12,1.1368683772161603e-13,3,0
2025-03-09,43447.28743302084,0.0,1922.0075764192356,961.0037882096178,-961.0037882096178,3750.70318854282,46236.98683335404,70469.19956290328,67420.23540795436,0.0,3048.964154948906,963.2959856536525,2651.395802182177,23986.105414258403,21587.494872832565,1200.0,1200.0,4.547473508864641e-13,1.1368683772161603e-13,3,0
2025-03-10,43825.42829924004,337.5674460176065,62.15163863640212,31.07581931820106,306.4916266994055,11307.619221070197,55439.53914700965,69030.39816228143,69235.76863521809,275.43377076407586,70.06329782742381,2808.709290077611,1589.0761718817228,24133.303034139713,21719.97273072574,1200.0,1200.0,9.094947017729282e-13,2.2737367544323206e-13,3,0
2025-03-11,41395.66068287392,1955.8884119876575,0.0,0.0,1955.8884119876575,4153.376215824981,47504.925310686565,66104.33923969894,68069.55195024962,1965.212710550677,0.0,1020.4387216191097,2863.10530130258,22879.66570566141,20591.699135095274,1200.0,1200.0,9.094947017729282e-13,1.1368683772161603e-13,3,0
2025-03-12,42822.309298152904,0.0,2212.075636479216,1106.037818239608,-1106.037818239608,4381.523986296337,46097.79546620963,69298.89880540814,65893.04808361625,0.0,3405.8507217919073,1143.078258846604,2370.298617827047,22302.930413024624,20072.637371722165,1200.0,1200.0,9.094947017729282e-13,1.1368683772161603e-13,3,0
2025-03-13,43793.572382651255,637.5777385128608,0.0,0.0,637.5777385128608,7730.795782254448,52161.945903418564,69131.12729260446,69731.92540644808,600.7981138436243,0.0,1812.627749373598,1765.97471674798,22329.604224070375,20096.64380166334,1200.0,1200.0,1.8189894035458565e-12,1.1368683772161603e-13,3,0
2025-03-14,11996.009162739196,130.11622451208666,0.0,0.0,130.11622451208666,1356.8317364566592,13482.957123707944,30171.813926600917,30304.324759615705,132.51083301479022,0.0,459.8220896695731,13105.746344354604,16289.745215973437,14660.770694376097,1200.0,1200.0,1.8189894035458565e-12,1.1368683772161603e-13,3,0
2025-03-15,12002.982315638466,145.8017285929876,0.0,0.0,145.8017285929876,2856.4016329117226,15005.185677143178,29750.870467420435,29912.35952809805,161.4890606776157,0.0,928.0702887242842,8287.310075084111,16289.945917382234,14660.95132564401,1200.0,1200.0,1.8189894035458565e-12,1.1368683772161603e-13,3,0
2025-03-16,41674.72025920196,593.5531339957693,0.0,0.0,593.5531339957693,3234.1347498707964,45502.40814306852,67546.302791922,68141.12311811387,594.820326191875,0.0,874.5556064795796,3282.3033082111015,23823.28483049011,21440.956347441097,1200.0,1200.0,1.8189894035458565e-12,1.1368683772161603e-13,3,0
2025-03-17,39652.510002288815,0.0,2113.4164315228163,1056.7082157614082,-1056.7082157614082,4031.8751698253573,42627.67695635276,66214.30418733002,62307.437551126,0.0,3906.8666362040285,1003.7454594427444,3324.6697631395373,21283.818140958767,19155.436326862895,1200.0,1200.0,9.094947017729282e-13,1.1368683772161603e-13,3,0
2025-03-18,42319.981829730124,282.7828831331214,919.8041363121401,459.9020681560701,-177.11918502294867,3131.272383068497,45274.13502777567,68933.74308327243,67695.49914403938,256.14065473716244,1494.3845939702155,700.101680173989,5012.73214264142,22569.103149052833,20312.19283414755,1200.0,1200.0,9.094947017729282e-13,1.1368683772161603e-13,3,0
2025-03-19,38754.740339808806,1260.982981767103,46.50088300122676,23.25044150061338,1237.7325402664897,3015.5181848432953,43007.9910649186,63983.72879109491,65012.68488231434,1117.9698316548952,89.013740435464,823.1817386678822,4130.11081913833,22402.853518439006,20162.568166595116,1200.0,1200.0,9.094947017729282e-13,1.1368683772161603e-13,3,0
2025-03-20,40623.46456420105,0.0,1494.6903905943918,747.3451952971959,-747.3451952971959,10522.577576525058,50398.69694542891,65675.95555932111,63254.69593663921,0.0,2421.259622681906,2616.8034739464792,1525.4886065835487,21370.48987335476,19233.440886019285,1200.0,1200.0,9.094947017729282e-13,1.1368683772161603e-13,3,0
2025-03-21,11178.816597238641,0.0,127.30230108185242,63.65115054092621,-63.65115054092621,1993.8355476406539,13109.000994338368,28670.91645771625,28466.843638501196,0.0,204.07281921505307,685.1393737527451,15622.663004737418,14958.554908498525,13462.69941764867,1200.0,1200.0,1.8189894035458565e-12,1.1368683772161603e-13,3,0
2025-03-22,11427.513139943032,0.0,0.0,0.0,0.0,1190.3173118797797,12617.83045182281,28908.326094837656,28908.326094837656,0.0,0.0,562.4188229540848,12107.32182209902,14822.233623593898,13340.010261234513,1200.0,1200.0,9.094947017729282e-13,1.1368683772161603e-13,3,0
2025-03-23,39146.21161444007,14.914501496450725,179.80952172045207,89.90476086022603,-74.99025936377531,3700.163533433535,42771.384888509834,64926.640344821804,64715.721535360535,20.370847161629626,231.28965662290295,947.8745512319895,4672.732835000774,22211.43134925081,19990.28821432573,1200.0,1200.0,9.094947017729282e-13,1.1368683772161603e-13,3,0
2025-03-24,38145.49727627954,423.98543636614374,445.4252082938691,222.71260414693455,201.2728322192092,3460.181393643116,41806.95150214186,63210.05716897064,62787.02064283789,380.3951233348331,803.4316494675858,1026.7480285939837,3671.786195874742,21434.853922238035,19291.368530014235,1200.0,1200.0,2.2737367544323206e-13,1.1368683772161603e-13,3,0
2025-03-25,39062.12218154315,0.0,932.1494845240434,466.0747422620217,-466.0747422620217,6536.258664985045,45132.30610426617,64778.93205216143,63290.80043237406,0.0,1488.1316197873684,1769.5623410979233,1906.9016575276846,22033.363992776336,19830.027593498708,1200.0,1200.0,9.094947017729282e-13,1.1368683772161603e-13,3,0
2025-03-26,37127.752159574025,363.1578699276067,2.454225654848194,1.227112827424097,361.93075710018263,1876.1089373593486,39365.79185403355,61400.34434477839,61763.24381656214,366.22003145747874,3.3205596737223573,550.449095745063,4542.827035713404,21783.110099271427,19604.799089344287,1200.0,1200.0,9.094947017729282e-13,1.1368683772161603e-13,3,0
2025-03-27,37522.23713749388,803.1221682906337,451.12237980599446,225.56118990299723,577.5609783876364,4524.71849349934,42624.516609380866,62595.17385568371,62632.519307875096,695.9246510913651,658.5791988999827,1210.0766950175355,2951.9413921553023,21736.652107373266,19562.986896635943,1200.0,1200.0,9.094947017729282e-13,1.1368683772161603e-13,3,0
2025-03-28,11132.651451036674,0.0,0.0,0.0,0.0,1369.8662133141083,12502.51766435078,28715.06111503696,28715.06111503696,0.0,0.0,462.9678857109392,16804.778351849323,15513.698822319104,13962.328940087194,1200.0,1200.0,9.094947017729282e-13,1.1368683772161603e-13,3,0
2025-03-29,11161.860098858226,95.45535577713912,0.0,0.0,95.45535577713912,1906.6606797479035,13163.976134383269,28151.405131957203,28252.425088027885,101.01995607068318,0.0,616.4436951543698,19649.784663095037,15118.749367538818,13606.87443078493,1200.0,1200.0,1.8189894035458565e-12,1.1368683772161603e-13,3,0
2025-03-30,35812.317891160375,0.0,497.27254566786934,248.63627283393467,-248.63627283393467,3888.7331676574363,39452.41478598388,60586.038141716905,59570.05607879312,0.0,1015.9820629237881,1055.9912154932736,3165.349688928957,21150.77905357431,19035.701148216875,1200.0,1200.0,1.8189894035458565e-12,1.1368683772161603e-13,3,0
2025-03-31,34482.85000303125,3243.143928050133,0.0,0.0,3243.143928050133,3748.0143929897736,41474.008324071154,57341.44850228765,61181.42501746876,3839.9765151811134,0.0,1046.2998899492538,3126.0814843001294,21502.539397845518,19352.285458060967,1200.0,1200.0,9.094947017729282e-13,1.1368683772161603e-13,3,0
2025-04-01,37489.116753486014,1853.862097238479,0.0,0.0,1853.862097238479,6432.848958614875,45775.82780933937,61342.47542776585,63336.01938198111,1993.5439542152658,0.0,1779.4632813792,2795.9586023622437,21106.72544331399,18996.05289898259,1200.0,1200.0,1.8189894035458565e-12,1.1368683772161603e-13,3,0
2025-04-02,36506.84146896126,2991.8507624102867,0.0,0.0,2991.8507624102867,3614.263799597399,43112.95603096895,60970.3052264774,64145.21708685582,3174.911860378413,0.0,1003.9865150022929,2513.1611346055834,22007.070672525268,19806.36360527274,1200.0,1200.0,9.094947017729282e-13,1.1368683772161603e-13,3,0
2025-04-03,37445.657480155205,36.84620903692302,166.88240525507788,83.44120262753894,-46.594993590615935,2253.457051474562,39652.51953803915,61467.44765659015,61329.26573239161,59.90427735851591,198.08620155705887,574.0049683171862,3892.2979063014864,21474.425277406364,19326.982749665727,1200.0,1200.0,9.094947017729282e-13,1.1368683772161603e-13,3,0
2025-04-04,10547.424558908015,0.0,61.367771976125795,30.683885988062897,-30.683885988062897,1208.0697106641865,11724.81038358414,27716.563845396508,27614.11661272859,0.0,102.4472326679165,409.1941861483905,20158.367707514113,14341.408413628684,12907.267572265811,1200.0,1200.0,9.094947017729282e-13,1.1368683772161603e-13,3,0
2025-04-05,10820.09959613582,0.0,0.0,0.0,0.0,1931.4619567022228,12751.561552838044,27788.655944793358,27788.655944793358,0.0,0.0,691.3919784283391,15006.172628663138,14297.603112252253,12867.842801027024,1200.0,1200.0,9.094947017729282e-13,1.1368683772161603e-13,3,0
2025-04-06,36197.07129985214,40.66005868255567,198.49064929308713,99.24532464654357,-58.585265963987894,2059.6751227369036,38198.161156625065,60464.67403755274,60092.09270649217,27.907593338458128,400.4889243990305,520.9959103755717,4080.480932350683,21225.31417850386,19102.78276065347,1200.0,1200.0,9.094947017729282e-13,1.1368683772161603e-13,3,0
2025-04-07,34318.89682646752,1022.6017415733189,0.0,0.0,1022.6017415733189,1409.4239016230442,36750.922469663885,57592.71812826558,58593.11372919392,1000.3956009283545,0.0,465.3699790091522,3762.7290587374823,20530.35366132267,18477.318295190402,1200.0,1200.0,1.8189894035458565e-12,1.1368683772161603e-13,3,0
2025-04-08,35357.174280800486,260.02751718015327,35.33205035935989,17.666025179679945,242.36149200047328,3598.995423314198,39198.53119611516,59824.708736620625,59946.80638283318,178.34631340887904,56.24866719632729,826.0149858595685,4303.0648084138065,21165.62943612274,19049.066492510472,1200.0,1200.0,9.094947017729282e-13,1.1368683772161603e-13,3,0
2025-04-09,35131.696564642494,2598.0055878423054,0.0,0.0,2598.0055878423054,5465.392752071777,43195.09490455658,58774.52068380172,61960.51837110505,3185.9976873033283,0.0,1437.0958549147613,2130.9996902560274,21323.035190971143,19190.731671874033,1200.0,1200.0,9.094947017729282e-13,1.1368683772161603e-13,3,0
2025-04-10,35367.471656867885,1625.6244352701797,0.0,0.0,1625.6244352701797,3242.428014373997,40235.524106512064,58757.69497392365,61222.609855353236,2464.914881429584,0.0,758.3052222836611,5406.106769617125,21141.704080197735,19027.53367217796,1200.0,1200.0,9.094947017729282e-13,1.1368683772161603e-13,3,0
2025-04-11,10275.135355126211,37.12546307437729,0.0,0.0,37.12546307437729,2195.850872538713,12508.1116907393,26730.3203816624,26772.85522246248,42.53484080007833,0.0,697.1016041468945,20770.65670935552,13826.499505871898,12443.849555284707,1200.0,1200.0,9.094947017729282e-13,1.1368683772161603e-13,3,0
2025-04-12,10467.646020883692,0.0,79.4084669321349,39.70423346606745,-39.70423346606745,1176.52901021571,11604.470797633334,27541.290027111707,27404.028924597704,0.0,137.26110251400442,379.2121774768417,17317.38429626072,14406.962558138266,12966.266302324439,1200.0,1200.0,9.094947017729282e-13,1.1368683772161603e-13,3,0
2025-04-13,34720.84608433588,258.63022589059597,94.3270183045876,47.1635091522938,211.46671673830218,3942.6591016232,38874.97190269738,57969.66668734874,58229.70802836651,357.83384431231735,97.79250329455057,975.3290588570852,2822.2547714571842,21064.238324330803,18957.814491897727,1200.0,1200.0,9.094947017729282e-13,1.1368683772161603e-13,3,0
2025-04-14,35186.49703338646,0.0,1825.520801348167,912.7604006740835,-912.7604006740835,4208.459529266094,38482.19616197847,59562.87100357056,56319.57583175447,0.0,3243.295171816091,1185.965564153186,2932.932398973885,20445.771969337628,18401.194772403862,1200.0,1200.0,1.8189894035458565e-12,1.1368683772161603e-13,3,0
2025-04-15,33315.89694840782,843.4804222124404,116.5063175082298,58.2531587541149,785.2272634583255,1841.892163533309,35943.01637539945,57099.41406750245,57645.65633662524,805.8611863013988,259.618917178603,417.054152120518,5886.165175511103,20371.164799013197,18334.04831911188,1200.0,1200.0,9.094947017729282e-13,1.1368683772161603e-13,3,0
2025-04-16,35092.81384324981,1023.5722517927647,0.0,0.0,1023.5722517927647,3204.8915048135927,39321.27759985616,59201.31826872701,60065.11876953121,863.8005008041987,0.0,908.8670128374408,3151.1374380689995,20432.563942996425,18389.30754869678,1200.0,1200.0,9.094947017729282e-13,1.1368683772161603e-13,3,0
2025-04-17,33377.27876989793,946.6536481922863,0.0,0.0,946.6536481922863,2789.2176650838933,37113.150083174114,56390.46895605897,57646.866941342414,1256.3979852834473,0.0,644.5412332219887,3399.2307948969456,20238.350296674595,18214.515267007137,1200.0,1200.0,4.547473508864641e-13,9.833911462919787e-09,3,0
2025-04-18,9976.386702570015,0.0,9.41459336938765,4.707296684693825,-4.707296684693825,963.9612919538308,10935.640697839151,26190.030241814395,26173.969006755695,0.0,16.0612350587029,411.60494508022964,18867.22218933524,13642.34579167351,12278.111212506155,1200.0,1200.0,1.8189894035458565e-12,1.1368683772161603e-13,3,0
2025-04-19,10054.737660962124,0.0,24.45832450378926,12.22916225189463,-12.22916225189463,1565.6885409107654,11608.197039620994,26206.014959779215,26163.822753736487,0.0,42.192206042728195,609.7891328267926,18521.869518851967,14670.631177113115,13203.568059401801,1200.0,1200.0,1.8189894035458565e-12,1.1368683772161603e-13,3,0
2025-04-20,33478.06465449861,72.98990980490191,92.40962706601672,46.20481353300836,26.78509627189355,2799.8276038867734,36304.67735465727,56977.57129088321,56829.654118684804,56.98180350393733,204.8989757023346,738.8531118524252,3563.6992415745176,20470.63105629378,18423.56795066441,1200.0,1200.0,1.8189894035458565e-12,1.1368683772161603e-13,3,0
2025-04-21,33164.68714442884,0.0,2092.7490451507474,1046.3745225753737,-1046.3745225753737,4325.501848657308,36443.81447051078,57536.71755599791,52910.40931305215,0.0,4626.308242945755,1232.1824600463224,3722.245087418172,19034.363023469745,17130.92672112277,1200.0,1200.0,1.8189894035458565e-12,1.1368683772161603e-13,3,0
2025-04-22,32838.50997546657,1008.228008487051,0.0,0.0,1008.228008487051,3099.9710803009166,36946.70906425454,55639.443264921094,56711.39529485321,1071.952029932116,0.0,915.1367481476084,3478.3595140877305,19952.43212246421,17957.188910217792,1200.0,1200.0,9.094947017729282e-13,1.1368683772161603e-13,3,0
2025-04-23,32695.943876608402,622.380881411644,0.0,0.0,622.380881411644,3379.45166040049,36697.77641842053,54937.87457081975,55712.29262894341,774.4180581236513,0.0,968.6814446468097,3316.2976397886578,19647.597171348887,17682.837454214,1200.0,1200.0,1.8189894035458565e-12,1.1368683772161603e-13,3,0
2025-04-24,32674.74853603063,14.708225046168131,1007.1207052384485,503.56035261922426,-488.8521275730561,2680.082755541956,34865.979163999524,55632.77729562216,53348.65185525715,9.86942500620853,2293.9948653712245,620.3650675298826,4950.477866843832,19284.32355943189,17355.891203488696,1200.0,1200.0,1.8189894035458565e-12,1.1368683772161603e-13,3,0
2025-04-25,9315.751907967599,1.0172900695999034,0.0,0.0,1.0172900695999034,1545.924603385926,10862.693801423125,25384.612035374772,25385.799351096935,1.1873157221638841,0.0,422.45948040405307,22500.72895443389,13071.722270671013,11764.550043603913,1200.0,1200.0,9.094947017729282e-13,1.1368683772161603e-13,3,0
2025-04-26,9618.49052581879,0.0,0.0,0.0,0.0,1761.1410348840495,11379.631560702841,25472.009593570983,25472.009593570983,0.0,0.0,584.7465363136388,24641.328684130745,13452.338124205484,12107.10431178493,1200.0,1200.0,1.8189894035458565e-12,1.1368683772161603e-13,3,0
2025-04-27,30378.353360156725,1511.1273764890598,6.077446177210487,3.0387230886052436,1508.0886534004544,7391.993984526389,39278.43599808357,51679.14196978808,53781.42101548385,2124.622597817868,22.34355212209738,1801.9326062100772,5102.3958523946585,19074.86585965929,17167.37927369336,1200.0,1200.0,9.094947017729282e-13,1.1368683772161603e-13,3,0
2025-04-28,32302.412117680367,4643.533200890395,0.0,0.0,4643.533200890395,5034.678205180402,41980.623523751165,54359.17868804329,59500.06853165513,5140.889843611841,0.0,1194.5884724648733,2138.1339648505036,19345.557226028435,17411.001503425596,1200.0,1200.0,9.094947017729282e-13,1.1368683772161603e-13,3,0
2025-04-29,30751.780496611533,336.3411095753992,3.0474686606071995,1.5237343303035997,334.8173752450956,4190.717675740374,35277.315547597005,52117.07951214535,52380.979484453725,272.9214899537528,9.021517645373592,1077.5397309590903,4195.88369073009,18294.21808016066,16464.79627214459,1200.0,1200.0,9.094947017729282e-13,1.1368683772161603e-13,3,0
2025-04-30,30175.725789775366,557.7590301765273,86.8261537365475,43.41307686827375,514.3459533082536,7211.081512733197,37901.15325581682,51102.32866087076,51855.370092107194,843.9436951317807,90.90226389534928,2164.779537190787,3948.675934716716,18146.19261247928,16331.573351231353,1200.0,1200.0,9.094947017729282e-13,1.1368683772161603e-13,3,0
2025-05-01,31582.583325505002,1253.2608188016072,8.435479320780235,4.217739660390118,1249.043079141217,15861.12359918958,48692.750003835805,51483.945987033774,52632.78078866543,1168.6640473764267,19.82924574477471,3430.2451529483587,3087.5304807992857,19641.166608144966,17677.04994733047,1200.0,1200.0,1.8189894035458565e-12,1.1368683772161603e-13,3,0
2025-05-02,10318.244392163884,116.87084993413715,0.0,0.0,116.87084993413715,8880.05875793978,19315.1740000378,25907.408557653158,26027.807365565925,120.3988079127698,0.0,2461.61875053941,12835.052025143968,13640.540076280375,12276.48606865234,1200.0,1200.0,1.8189894035458565e-12,1.1368683772161603e-13,3,0
2025-05-03,10606.179144466427,0.0,28.15504513386701,14.077522566933505,-14.077522566933505,6601.176155852681,17193.277777752173,26491.825056128066,26448.525494913432,0.0,43.29956121463167,1625.9946614864787,17894.540563754526,13128.07942645382,11815.271483808436,1200.0,1200.0,1.8189894035458565e-12,1.1368683772161603e-13,3,0
2025-05-04,34620.38396886161,51.068218830642564,661.6939547329421,330.84697736647104,-279.7787585358285,8490.956515641123,42831.56172596691,56371.828761513156,54969.80008838223,37.148043374049735,1439.1767165049703,2388.8475424951894,3810.2425460263457,18137.377515177384,16323.639763659641,1200.0,1200.0,1.8189894035458565e-12,1.1368683772161603e-13,3,0
2025-05-05,36021.17451444552,669.8043384468685,503.4978213896155,251.74891069480776,418.0554277520607,5838.489116639205,42277.719058836796,58455.278345363695,58963.46518746953,1041.3724102492924,533.1855681434597,1373.9273214113632,3228.6944476533927,20326.912612275006,18294.221351047505,1200.0,1200.0,1.8189894035458565e-12,1.1368683772161603e-13,3,0
2025-05-06,34784.090201570456,1182.047279710705,126.17477756865595,63.08738878432798,1118.9598909263768,7470.128319938969,43373.1784124358,55191.02321557206,56731.48060132506,1677.278646665036,136.82126091203844,1850.8068206825028,3834.7748608219863,18774.30194518912,16896.87175067021,1200.0,1200.0,1.8189894035458565e-12,1.1368683772161603e-13,3,0
2025-05-07,35474.43982453071,1577.5727749479631,0.0,0.0,1577.5727749479631,5245.527193314205,42297.539792792886,56558.596893178765,58571.142089322835,2012.5451961440679,0.0,1180.477141394138,2766.4730658199824,19173.002148969837,17255.701934072848,1200.0,1200.0,1.8189894035458565e-12,1.1368683772161603e-13,3,0
2025-05-08,37795.573295154274,1.930109110444784,145.8102086112546,72.9051043056273,-70.97499519518253,5775.280234030775,43499.878533989875,60578.945928841546,60372.43395462942,1.1508267659093008,207.6628009780431,1444.5397546108984,4065.4937075967027,19249.676016436097,17324.708414792483,1200.0,1200.0,9.094947017729282e-13,1.1368683772161603e-13,3,0
2025-05-09,11862.36483617427,33.24748932883202,0.0,0.0,33.24748932883202,1218.7609176625742,13114.373243165677,28525.749301187414,28561.02875296856,35.27945178114325,0.0,434.5599498443458,19150.856608059024,13453.462447538812,12108.116202784931,1200.0,1200.0,1.8189894035458565e-12,1.1368683772161603e-13,3,0
2025-05-10,11807.182793095817,223.35036740013942,0.0,0.0,223.35036740013942,1446.6195132005864,13477.152673696544,28076.48530634052,28333.413064788227,256.9277584477051,0.0,512.6445966922887,15352.513125967444,13724.992521797409,12352.49326961767,1200.0,1200.0,9.094947017729282e-13,1.1368683772161603e-13,3,0
2025-05-11,36261.97463951107,494.38810485945027,0.0,0.0,494.38810485945027,4924.711270639306,41681.07401500983,59318.127669571695,59827.95341910923,509.82574953753357,0.0,1328.112818947327,3745.6077931216805,19263.793616015424,17337.414254413878,1200.0,1200.0,9.094947017729282e-13,1.1368683772161603e-13,3,0
2025-05-12,35406.82215617137,1584.98139601368,0.0,0.0,1584.98139601368,3745.681744954155,40737.4852971392,57049.56005748135,58719.02463079193,1669.4645733105758,0.0,997.3943261843369,5995.0535779024085,17901.701457405186,16111.531311664668,1200.0,1200.0,9.094947017729282e-13,1.1368683772161603e-13,3,0
2025-05-13,36565.94121461875,75.55777427756657,1217.2487310199963,608.6243655099981,-533.0665912324315,3891.737926955909,39924.61255034224,60351.7722180709,58090.767787824465,69.4061759318196,2330.410606178261,919.9720996516811,3999.104895553157,18824.222252563188,16941.80002730687,1200.0,1200.0,9.094947017729282e-13,1.1368683772161603e-13,3,0
2025-05-14,35755.16555345667,1160.4317670000305,4.748086745819319,2.3740433729096595,1158.0577236271208,2195.9341712930764,39109.15744837686,59021.052092482234,60661.81573036796,1644.9703241139755,4.20668622824428,644.2043486193163,6395.627227733998,18962.4406791995,17066.19661127955,1200.0,1200.0,9.094947017729282e-13,1.1368683772161603e-13,3,0
2025-05-15,36671.49862137333,1793.1864255642322,0.0,0.0,1793.1864255642322,1581.358125959568,40046.04317289713,58469.79662364149,60467.49941428554,1997.7027906440596,0.0,482.78002482272564,6255.609912058157,19296.112437167816,17366.501193451037,1200.0,1200.0,9.094947017729282e-13,1.1368683772161603e-13,3,0
2025-05-16,11158.78433408745,0.0,51.54905311819561,25.774526559097804,-25.774526559097804,1718.2547116709152,12851.264519199265,27241.923501370595,27157.190700424042,0.0,84.73280094655345,609.3700334947151,23704.77626891487,13462.779316705482,12116.501385034931,1200.0,1200.0,9.094947017729282e-13,1.1368683772161603e-13,3,0
2025-05-17,11140.891126506454,0.0,38.79057074223832,19.39528537111916,-19.39528537111916,3301.081561741662,14422.577402876997,27021.74908722043,26960.780210040066,0.0,60.96887718035928,979.6566347367499,16228.725325421083,12629.124360223996,11366.211924201596,1200.0,1200.0,1.8189894035458565e-12,1.1368683772161603e-13,3,0
2025-05-18,36589.31226393959,10.776356522937899,407.72511090418357,203.86255545209178,-193.08619892915385,2808.258366993332,39204.48443200377,60571.45475942406,59814.91449553746,6.775004296948737,763.3152681835466,945.237177556045,5167.807190650115,19161.763824433878,17245.58744199049,1200.0,1200.0,9.094947017729282e-13,1.1368683772161603e-13,3,0
2025-05-19,34673.588929313715,96.72181443191897,899.3256063480733,449.66280317403664,-352.94098874211767,2964.609877545443,37285.25781811705,58589.80941850248,56119.907147612015,80.03783700406912,2549.9401078945357,549.0156153528119,7321.312156834809,18323.940561300136,16491.546505170125,1200.0,1200.0,1.8189894035458565e-12,1.1368683772161603e-13,3,0
2025-05-20,34560.86026157799,683.2240539461798,0.0,0.0,683.2240539461798,5371.88025604073,40615.9645715649,57466.44298878874,58105.049127758735,638.6061389699935,0.0,1264.2733897717217,3006.6463899939854,18352.81310869803,16517.531797828226,1200.0,1200.0,9.094947017729282e-13,1.1368683772161603e-13,3,0
2025-05-21,34458.74725066203,1082.5861475412016,18.238198814735124,9.119099407367562,1073.4670481338342,3411.7673336796806,38943.981632475545,56463.67927257199,57476.6141203875,1064.6077497481906,51.672901932678656,888.3201137167539,5190.780523399886,18115.384273710442,16303.845846339402,1200.0,1200.0,9.094947017729282e-13,1.1368683772161603e-13,3,0
2025-05-22,35494.74364015286,71.62904096127265,550.6936264378132,275.3468132189066,-203.71777225763392,1845.3306134478535,37136.35648134308,57790.62755873977,56624.947382135215,53.27323940165962,1218.9534160062135,598.2165004941807,4586.542208826376,18199.908571363543,16379.917714227184,1200.0,1200.0,9.094947017729282e-13,1.1368683772161603e-13,3,0
2025-05-23,10784.3758858303,0.0,3.137125466901424,1.568562733450712,-1.568562733450712,1184.616627245353,11967.423950342203,26563.247738061025,26559.113958291753,0.0,4.13377976927319,472.3554145382439,19393.599542480242,12169.20947016421,10952.28852314779,1200.0,1200.0,1.8189894035458565e-12,1.1368683772161603e-13,3,0
2025-05-24,11243.613878318476,0.0,119.66784339953878,59.83392169976939,-59.83392169976939,1431.2547817549316,12615.034738373639,26796.33160802223,26599.27528368457,0.0,197.05632433765962,554.1521610109879,22143.314215755083,12556.118456071377,11300.506610464241,1200.0,1200.0,1.8189894035458565e-12,1.1368683772161603e-13,3,0
2025-05-25,35050.2894073962,35.77944474374238,713.971012797361,356.9855063986805,-321.20606165493814,2747.661483643693,37476.74482938496,58198.03281296308,56609.211291388994,30.980738991113526,1619.8022605652034,603.1247400081254,6869.794389857708,17975.314582060797,16177.783123854719,1200.0,1200.0,9.094947017729282e-13,1.1368683772161603e-13,3,0
2025-05-26,34431.07740935728,852.5843961242028,167.48815829929703,83.74407914964851,768.8403169745543,6185.743762496411,41385.66148882825,56776.96096731416,57461.609793912765,910.3016486471987,225.65282204859503,1801.7755188876383,2780.265505640242,19032.86857160159,17129.58171444143,1200.0,1200.0,9.094947017729282e-13,1.1368683772161603e-13,3,0
2025-05-27,33469.5238143312,787.1555605038541,0.3357818995559375,0.16789094977796876,786.9876695540761,3930.7908556924226,38187.3023395777,55311.00533269243,56119.67083080711,809.6010843491612,0.9355862344829688,1059.9283668218873,6034.524338464849,17547.07559164155,15792.368032477398,1200.0,1200.0,9.094947017729282e-13,1.1368683772161603e-13,3,0
2025-05-28,35745.83652486009,195.58415318103258,486.4852191047996,243.2426095523998,-47.658456371367265,3299.3743111744184,38997.552379663146,59010.595195382426,58243.87815900741,135.00836707613212,901.7254034511461,1001.551799883292,5027.364373279757,19442.414856109346,17498.173370498407,1200.0,1200.0,1.8189894035458565e-12,1.1368683772161603e-13,3,0
2025-05-29,35672.271709587556,1028.1266694283481,0.0,0.0,1028.1266694283481,4446.732689073769,41147.13106808967,58551.96080618135,59708.57849599795,1156.6176898165977,0.0,1076.4826989375244,4653.86242949961,20210.752654358632,18189.67738892277,1200.0,1200.0,1.8189894035458565e-12,1.1368683772161603e-13,3,0
2025-05-30,10951.727314478758,131.98905847521468,0.0,0.0,131.98905847521468,1773.9474073320043,12857.663780285979,26678.462044718643,26817.309944004992,138.84789928635,0.0,688.7835171802881,19563.499367449982,13463.6082706863,12117.247443617667,1200.0,1200.0,1.8189894035458565e-12,1.1368683772161603e-13,3,0
2025-05-31,11071.853916778917,0.0,180.9481967656207,90.47409838281035,-90.47409838281035,1847.753039533965,12829.132857930072,27630.352381374745,27310.455639928852,0.0,319.89674144589367,735.79430139223,18269.101926767646,13879.664645534409,12491.69818098097,1200.0,1200.0,1.8189894035458565e-12,1.1368683772161603e-13,3,0
2025-06-01,42611.50127315484,1325.0123209462313,1.9615786954757835,0.9807893477378917,1324.0315315984935,36965.35458738793,80900.88739214126,64390.89461756086,65627.88874092442,1239.2282676636519,2.2341443000863137,8611.911986263072,776.8792746127181,22380.95152574784,20142.856373173057,1200.0,1200.0,1.8189894035458565e-12,1.1368683772161603e-13,3,0
2025-06-02,43631.87179774276,29.75913679866391,1870.3697697633597,935.1848848816799,-905.4257480830158,35127.98330733017,77854.42935698992,67288.16946087673,63509.364790687265,21.375815183434952,3800.1804853728904,8077.347519602712,859.8958891623079,20860.089711276833,18774.080740149155,1200.0,1200.0,1.8189894035458565e-12,1.1368683772161603e-13,3,0
2025-06-03,45216.58670556705,978.0578157055401,102.93083730309819,51.46541865154909,926.592397053991,14846.869489972494,60990.04859259354,69149.17540978458,69689.70152802496,726.145956990858,185.6198387504911,3423.0310878416367,2697.0238482152695,22233.419343179892,20010.077408861907,1200.0,1200.0,9.094947017729282e-13,1.1368683772161603e-13,3,0
2025-06-04,50514.70928108122,0.0,5788.4721000321315,2894.2360500160657,-2894.2360500160657,23374.51412297265,70994.9873540378,75963.28439388234,67554.0807822468,0.0,8409.203611635523,5733.087347506398,1598.7059910465812,20432.01322039958,18388.811898359625,1200.0,1200.0,1.8189894035458565e-12,1.1368683772161603e-13,3,0
2025-06-05,48669.324593723395,44.579795263418426,306.2075002981992,153.1037501490996,-108.52395488568116,10871.829895190964,59432.63053402867,72987.62476144909,72486.21745429945,29.632743434889733,531.0400505845439,2639.1417389271355,1742.534590849706,22335.06585710199,20101.559271391794,1200.0,1200.0,1.8189894035458565e-12,1.1368683772161603e-13,3,0
2025-06-06,17472.535124797483,0.0,26.448385186845233,13.224192593422616,-13.224192593422616,4497.286051463236,21956.5969836673,34938.58063394439,34901.89829873078,0.0,36.68233521360707,1343.3033292309387,4089.8346912580096,13003.71536703711,11703.343830333397,1200.0,1200.0,9.094947017729282e-13,1.1368683772161603e-13,3,0
2025-06-07,18234.16998026533,0.0,479.6776656160646,239.8388328080323,-239.8388328080323,2935.908463425265,20930.239610882563,37386.296261460964,36503.04601878785,0.0,883.2502426731124,887.7791917085501,4793.52095636842,14707.910874613126,13237.119787151809,1200.0,1200.0,9.094947017729282e-13,1.1368683772161603e-13,3,0
2025-06-08,52893.99501475548,98.698836979046,2502.4438059077597,1251.2219029538799,-1152.5230659748338,363.28999444628107,52104.76194322693,79403.17233069378,75489.08581521019,91.49873804303326,4005.5852535266263,81.81426798079116,8354.367253690938,20316.095628333685,18284.48606550032,1200.0,1200.0,4.547473508864641e-13,1.1368683772161603e-13,3,0
2025-06-09,56290.52677309686,0.0,2894.9027124394297,1447.4513562197149,-1447.4513562197149,2339.284476935501,57182.35989381265,82079.06493991041,77955.33843601745,0.0,4123.726503892975,675.8815848489074,5443.905531689414,22546.01755843607,20291.415802592463,1200.0,1200.0,1.8189894035458565e-12,1.1368683772161603e-13,3,0
2025-06-10,53868.90828334961,21.02604258099988,1477.4131281833543,738.7065640916771,-717.6805215106772,4175.971122334269,57327.1988841732,79233.84674877631,77079.77989693268,12.730279899626794,2166.7971317432657,1190.7725100767432,4426.892797387538,22252.153762885508,20026.938386596958,1200.0,1200.0,1.8189894035458565e-12,1.1368683772161603e-13,3,0
2025-06-11,55510.69355602297,293.68109161639774,1016.9693267041423,508.48466335207115,-214.80357173567347,6807.333304827991,62103.22328911528,81421.2806573048,80620.7086989354,276.7227846458113,1077.2947430152176,1483.5599072750988,3472.932031460914,25468.902580829206,22922.01232274629,1200.0,1200.0,9.094947017729282e-13,1.1368683772161603e-13,3,0
2025-06-12,54839.39505032288,0.0,826.1878308112767,413.09391540563837,-413.09391540563837,2203.693680404127,56629.99481532136,80467.27392853213,79293.79333181775,0.0,1173.4805967143839,554.5912500398414,5021.043212174189,23749.49936350066,21374.54942715059,1200.0,1200.0,1.8189894035458565e-12,1.1368683772161603e-13,3,0
2025-06-13,17476.9941457921,0.0,596.5309638370618,298.2654819185309,-298.2654819185309,3122.5694664012663,20301.298130274838,35604.85237226422,34719.25505896712,0.0,885.5973132970987,851.633365025773,5836.395152986401,13891.795710064973,12502.616139058478,1200.0,1200.0,9.094947017729282e-13,1.1368683772161603e-13,3,0
2025-06-14,18072.974805822905,0.0,86.95692389298554,43.47846194649277,-43.47846194649277,1028.4546168920112,19057.950960768423,35836.015128577645,35709.53386031136,0.0,126.48126826627357,394.2158301755739,8559.468552089027,13509.383883979128,12158.445495581213,1200.0,1200.0,9.094947017729282e-13,1.1368683772161603e-13,3,0
2025-06-15,53402.65450012892,141.04441025256028,204.50486367920658,102.25243183960329,38.791978412957,2234.4137213612134,55675.860199903094,78762.75939384213,78715.58340020836,168.9276970768209,216.10369071059836,520.2681326982953,6295.239365256124,23136.378343171946,20822.740508854753,1200.0,1200.0,9.094947017729282e-13,1.1368683772161603e-13,3,0
2025-06-16,54741.688090219286,0.0,250.36595492538459,125.18297746269229,-125.18297746269229,2707.004880090298,57323.50999284689,79921.20289647178,79642.8681058652,0.0,278.334790606566,748.2161135655103,5284.139475771511,24128.91926992542,21716.027342932877,1200.0,1200.0,9.094947017729282e-13,1.1368683772161603e-13,3,0
2025-06-17,55050.85690236431,329.7059514956727,161.91057053271194,80.95528526635597,248.75066622931678,5752.524068397769,61052.13163699139,80766.41141755632,80751.25706280957,239.91448064586143,255.0688353925916,1280.0178592252323,4943.962748469612,24503.009568985275,22052.708612086753,1200.0,1200.0,9.094947017729282e-13,2.2737367544323206e-13,3,0
2025-06-18,55038.66261484268,330.96228559453397,0.0,0.0,330.96228559453397,1994.9491189865134,57364.57401942373,80826.57891988712,81073.1023527188,246.5234328316759,0.0,504.8865373877425,8223.911593429651,24256.86396676884,21831.177570091953,1200.0,1200.0,9.094947017729282e-13,1.1368683772161603e-13,3,0
2025-06-19,51761.91152826945,109.72089777993047,2613.9775517612334,1306.9887758806167,-1197.2678781006862,4639.911372774755,55204.55502294352,77606.40788522427,73731.06722346428,90.41730950128579,3965.7579712612765,1168.3813326306754,4445.070975193086,21948.73380901872,19753.86042811685,1200.0,1200.0,1.8189894035458565e-12,1.1368683772161603e-13,3,0
2025-06-20,16779.11063480284,0.0,224.50831878131385,112.25415939065692,-112.25415939065692,1390.0951371601511,18056.95161257234,34012.44686769467,33676.75846044469,0.0,335.688407249982,549.3096097613713,10497.797635425934,13276.895847801261,11949.206263021133,1200.0,1200.0,1.8189894035458565e-12,1.1368683772161603e-13,3,0
2025-06-21,16620.196364101153,0.0,162.35917960063333,81.17958980031666,-81.17958980031666,2148.009009957349,18687.02578425819,34019.60535866113,33746.09601649362,0.0,273.50934216751034,687.2895783122344,13767.218186524871,13314.27008280986,11982.843074528875,1200.0,1200.0,1.8189894035458565e-12,1.1368683772161603e-13,3,0
2025-06-22,51108.42983721615,1256.1794424147267,1718.5439580812285,859.2719790406143,396.90746337411247,2666.759570172042,54172.09687076231,76495.90847846831,74671.71431427888,1009.0147945356043,2833.208958725013,628.2899862413713,5729.148114555926,21135.150859643385,19021.635773679045,1200.0,1200.0,4.547473508864641e-13,1.1368683772161603e-13,3,0
2025-06-23,50370.67306638191,0.0,540.2549047415847,270.12745237079235,-270.12745237079235,2452.1310130164293,52552.676627027555,75709.81744900462,74843.70983789364,0.0,866.1076111109859,601.6596210632831,6157.375810094201,22267.07648862721,20040.368839764487,1200.0,1200.0,1.8189894035458565e-12,2.2737367544323206e-13,3,0
2025-06-24,55308.43406968878,523.3504318252343,1099.7201907854774,549.8600953927387,-26.509663567504447,9326.450385128699,64608.374791249975,80452.49242552991,79477.96161351063,470.5771744962284,1445.1079865154948,2109.644575897331,2909.068174456189,24097.457649517866,21687.711884566088,1200.0,1200.0,1.8189894035458565e-12,1.1368683772161603e-13,3,0
2025-06-25,50071.389135658086,295.6994942095541,108.80065732089216,54.40032866044608,241.299165549108,4583.89523980329,54896.58354101049,75860.50447980344,75984.88206810309,274.0153738606843,149.63778556103605,970.1648976347244,4319.670722328353,21979.548767427896,19781.5938906851,1200.0,1200.0,9.094947017729282e-13,1.1368683772161603e-13,3,0
2025-06-26,48228.14615279768,64.16105257600304,99.81694183512946,49.90847091756473,14.252581658438313,3405.058242270922,51647.45697672704,73783.14007167582,73759.75503824357,86.18584535697903,109.57087878922403,803.0507137475564,4858.165195247297,21572.56723410503,19415.31051069453,1200.0,1200.0,1.8189894035458565e-12,1.1368683772161603e-13,3,0
2025-06-27,15682.290941795338,0.0,310.066860891561,155.0334304457805,-155.0334304457805,1939.784063513648,17467.041574863208,33064.05806761672,32554.327535076653,0.0,509.73053254006857,636.4204066775969,12154.392006491109,12647.10068596474,11382.390617368266,1200.0,1200.0,9.094947017729282e-13,1.1368683772161603e-13,3,0
2025-06-28,15728.20421268033,7.030110650026896,29.65451406015687,14.827257030078435,-7.797146380051539,1920.4837190094677,17640.890785309748,32599.620526581442,32576.684449563378,8.995663019868068,31.93174003793399,679.8622522983488,10243.426727518758,12361.93857676302,11125.744719086717,1200.0,1200.0,9.094947017729282e-13,1.1368683772161603e-13,3,0
2025-06-29,49643.278806355695,1314.3915418411034,1038.2507552516663,519.1253776258332,795.2661642152702,6960.105931372776,57398.65090194374,73960.58504582821,73440.43778410801,998.4450014590507,1518.5922631792353,1882.9740588044856,3948.6515864474586,21069.917231317246,18962.925508185526,1200.0,1200.0,9.094947017729282e-13,1.1368683772161603e-13,3,0
2025-06-30,50548.300090805395,305.8082201359639,1135.989740938512,567.994870469256,-262.18665033329216,6687.633142407852,56973.74658287994,76275.72340657956,74873.5131272043,205.34650893221487,1607.5567883074702,1634.8209957407314,4447.403691009631,21832.46448602079,19649.218037418716,1200.0,1200.0,9.094947017729282e-13,1.1368683772161603e-13,3,0
2025-07-01,50887.26827133415,0.05770849305331694,683.9911311299342,341.9955655649671,-341.93785707191375,49103.45484117941,99648.78525544165,71060.86450484689,70124.8826055061,0.022709597250582192,936.0046089380304,11362.942106385166,557.0875606219175,20641.931179360283,18577.738061424265,1200.0,1200.0,1.8189894035458565e-12,1.1368683772161603e-13,3,0
2025-07-02,51073.94621427386,0.0752003653167693,1693.6688992677791,846.8344496338896,-846.7592492685728,34527.572246833806,84754.7592118391,70987.81579069329,68150.91793783935,0.02954595525568493,2836.9273988092,7768.900679761518,1113.2926310017733,19017.596199324293,17115.836579391864,1200.0,1200.0,4.547473508864641e-13,1.1368683772161603e-13,3,0
2025-07-03,56366.70626572991,74.77738725988586,13.044838310547402,6.522419155273701,68.25496810461215,28537.906944374176,84972.8681782087,76791.66323082981,76850.91106348431,77.01848143215875,17.770648777674296,6280.732247013417,1139.701734054367,22315.22643110031,20083.703787990285,1200.0,1200.0,9.094947017729282e-13,2.2737367544323206e-13,3,0
2025-07-04,20783.38498697948,241.85640912619286,0.0,0.0,241.85640912619286,12764.307393087076,33789.54878919275,37190.93531753743,37433.81836513606,242.88304759863246,0.0,3427.709680045603,10660.663586806933,13199.96991708062,11879.972925372558,1200.0,1200.0,9.094947017729282e-13,1.1368683772161603e-13,3,0
2025-07-05,22093.733977861884,0.0,55.180162079131556,27.590081039565778,-27.590081039565778,7454.773290680285,29520.9171875026,40016.52415815147,39950.505833166324,0.0,66.0183249851473,2081.4003290729893,11884.607586354234,13572.18609218416,12214.967482965745,1200.0,1200.0,9.094947017729282e-13,1.1368683772161603e-13,3,0
2025-07-06,60017.73080801263,2942.229214772322,0.0,0.0,2942.229214772322,9929.722734043564,72889.68275682852,80651.20257510476,83587.3712278248,2936.1686527200263,0.0,1918.8060052640305,3338.1186420368995,23740.770410519224,21366.6933694673,1200.0,1200.0,1.8189894035458565e-12,2.2737367544323206e-13,3,0
2025-07-07,59570.09021994441,0.0,2357.972043775291,1178.9860218876454,-1178.9860218876454,5435.82805401766,63826.932252074424,81327.48425367793,77960.20890657922,0.0,3367.275347098712,1331.558870576212,3911.327746884109,19709.572636046563,17738.615372441902,1200.0,1200.0,9.094947017729282e-13,2.2737367544323206e-13,3,0
2025-07-08,63161.57807584358,77.94126273454052,1632.0222241913932,816.0111120956966,-738.0698493611561,2758.0773527399524,65181.58557922238,86011.65403817268,83358.59998980141,40.36650954248012,2693.420557913745,552.1968392521244,6100.902465690624,22385.073466962513,20146.56612026626,1200.0,1200.0,9.094947017729282e-13,1.1368683772161603e-13,3,0
2025-07-09,62098.62355252885,0.0,618.0160195137206,309.0080097568603,-309.0080097568603,1715.814590503485,63505.43013327548,84982.05314023762,84199.28596289674,0.0,782.7671773408794,273.3012157952636,8152.9007812101,22609.61380815232,20348.65242733709,1200.0,1200.0,9.094947017729282e-13,2.2737367544323206e-13,3,0
2025-07-10,59838.46458755212,561.3629926411901,470.2478058305371,235.12390291526856,326.2390897259215,3348.2215639147976,63512.92524119283,80783.53557218413,80218.10161862071,331.83747077793697,897.2714243413714,978.8704879916423,6105.536911715727,22378.11811563283,20140.30630406955,1200.0,1200.0,1.8189894035458565e-12,2.2737367544323206e-13,3,0
2025-07-11,24786.4850366446,0.0,75.73949260788902,37.86974630394451,-37.86974630394451,1893.310350633123,26641.92564097378,42959.62351075386,42840.32133000271,0.0,119.30218075115032,551.1908844368371,9563.449942130112,13092.85122309433,11783.566100784894,1200.0,1200.0,1.8189894035458565e-12,1.1368683772161603e-13,3,0
2025-07-12,23704.23877899363,288.6893107763637,0.0,0.0,288.6893107763637,2033.4851854333558,26026.413275203347,42132.598118900874,42402.32666151299,269.7285426121212,0.0,598.737532587215,10631.43068887169,12853.901718951838,11568.51154705665,1200.0,1200.0,9.094947017729282e-13,1.1368683772161603e-13,3,0
2025-07-13,57978.77651965502,0.0,2661.811291201859,1330.9056456009296,-1330.9056456009296,3420.321967639935,60068.19284169402,80890.56419342606,77200.05683760913,0.0,3690.507355816946,657.8225901141972,6554.278442517907,20358.805852054094,18322.925266848688,1200.0,1200.0,9.094947017729282e-13,2.2737367544323206e-13,3,0
2025-07-14,56209.4156285996,0.0,1241.5908344577276,620.7954172288638,-620.7954172288638,6640.3249997419625,62228.9452111127,78363.1393316408,75993.66161804777,0.0,2369.477713593047,1318.7185278542229,3550.3385734658905,19543.623557694347,17589.26120192492,1200.0,1200.0,1.8189894035458565e-12,2.2737367544323206e-13,3,0
2025-07-15,60841.322676345124,32.74261364323773,1868.5214829432182,934.2607414716091,-901.5181278283713,3828.343901065988,63768.148449582746,83544.91971330537,80525.95738842443,22.101295551581984,3041.0636204325187,999.5983221105676,6838.888498642231,19376.16628559435,17438.54965703492,1200.0,1200.0,1.8189894035458565e-12,2.2737367544323206e-13,3,0
2025-07-16,59713.350696595124,0.0,1472.5681469889944,736.2840734944972,-736.2840734944972,5707.093685707629,64684.16030880825,80522.24760392008,78346.66020740871,0.0,2175.5873965113647,1491.0795502001615,5674.028035632086,20291.483386434542,18262.33504779109,1200.0,1200.0,9.094947017729282e-13,2.2737367544323206e-13,3,0
2025-07-17,57929.090041276664,1543.7708403236325,71.69414135762852,35.84707067881426,1507.923769644818,4596.06197356564,64033.07578448712,78846.22139019631,79992.28199729137,1290.6446876616192,144.58408056656685,1027.9228213066622,6218.203049471047,20815.857024603167,18734.271322142857,1200.0,1200.0,4.547473508864641e-13,2.2737367544323206e-13,3,0
2025-07-18,23621.976824707825,0.0,39.51098807197913,19.755494035989564,-19.755494035989564,1208.1833148784058,24810.40464555024,42203.833008216476,42144.5866788695,0.0,59.24632934698471,363.9702141722598,9962.854435863446,12714.543571783146,11443.089214604832,1200.0,1200.0,9.094947017729282e-13,1.1368683772161603e-13,3,0
2025-07-19,23621.292997935496,0.0,539.661190257488,269.830595128744,-269.830595128744,2908.545420027833,26260.00782283458,41930.75426169498,41081.42418754088,0.0,849.3300741540971,797.908985830041,13459.77076672377,12367.433566471524,11130.690209824374,1200.0,1200.0,1.8189894035458565e-12,1.1368683772161603e-13,3,0
2025-07-20,56528.24505242979,207.67466235159097,53.32113380521683,26.660566902608416,181.01409544898254,4119.093654918644,60828.35280279742,78948.43865010669,79043.06003584251,177.47113881626404,82.84975308043045,915.3521078198993,5828.0610882049095,20403.7283879084,18363.355549117565,1200.0,1200.0,1.8189894035458565e-12,2.2737367544323206e-13,3,0
2025-07-21,58555.21158170544,0.0,786.1697275215633,393.0848637607817,-393.0848637607817,6342.199366510336,64504.32608445499,79899.14330345894,78656.8741557259,0.0,1242.269147733034,1456.1709795686327,3986.325476645986,21369.7030864856,19232.732777837045,1200.0,1200.0,9.094947017729282e-13,1.1368683772161603e-13,3,0
2025-07-22,59230.85122972907,5592.396161569481,0.0,0.0,5592.396161569481,1494.7655368322035,66318.01292813075,80932.65616153939,86348.26415107414,5415.607989534755,0.0,347.6340255210914,10624.560491497536,22761.93068431034,20485.737615879312,1200.0,1200.0,9.094947017729282e-13,2.2737367544323206e-13,3,0
2025-07-23,61938.98832012246,0.0,2757.497180256979,1378.7485901284895,-1378.7485901284895,3947.485005850953,64507.72473584492,85203.04945286915,80996.68046188416,0.0,4206.368990984987,902.8809119026788,5519.14060675393,21638.736503662476,19474.862853296225,1200.0,1200.0,9.094947017729282e-13,2.2737367544323206e-13,3,0
2025-07-24,61723.602737649715,101.82800285169378,1424.5744255601278,712.2872127800639,-610.4592099283701,1970.3131869235451,63083.45671464489,83901.35212742686,81525.27698741433,66.42869340225286,2442.5038334147685,479.1441151380451,6243.678981942539,21442.701206098416,19298.431085488577,1200.0,1200.0,4.547473508864641e-13,1.1368683772161603e-13,3,0
2025-07-25,22851.37111151561,42.292735265634015,3.1188937175629707,1.5594468587814854,40.73328840685253,1770.7610626401859,24662.86546256265,40878.935726968135,40914.207014683976,40.438440992122054,5.167153276280601,440.3517532879639,13583.659905181732,12655.792961235456,11390.213665111914,1200.0,1200.0,1.8189894035458565e-12,1.1368683772161603e-13,3,0
2025-07-26,22722.786790600716,142.02705870438044,0.0,0.0,142.02705870438044,2248.206093586772,25113.01994289187,40638.613960969065,40778.047242577115,139.43328160805294,0.0,649.3466119964048,11693.44976843676,12648.52519470095,11383.672675230848,1200.0,1200.0,9.094947017729282e-13,1.1368683772161603e-13,3,0
2025-07-27,56077.42144085125,682.5189709916874,388.73630856079586,194.36815428039793,488.1508167112894,7396.8222552112,63962.39451277374,77946.1974611356,77663.51805703375,505.69440350730105,788.3738076091585,1712.4718417041956,3600.9006018152704,20898.994969226755,18809.095472304078,1200.0,1200.0,9.094947017729282e-13,1.1368683772161603e-13,3,0
2025-07-28,57551.1975484348,1758.6604000119614,0.0,0.0,1758.6604000119614,10267.17784202002,69577.03579046679,78999.07387400103,80381.66472748574,1382.5908534847226,0.0,2384.6971380501564,2629.3271208521533,21821.57511350419,19639.41760215377,1200.0,1200.0,9.094947017729282e-13,2.2737367544323206e-13,3,0
2025-07-29,59468.50183575695,3007.8812188195084,3.6598676136855732,1.8299338068427866,3006.051285012665,2401.5225210387734,64876.07564180839,81677.84743435137,84740.45096800734,3067.788951074063,5.185417418086672,439.7964031072653,6813.910264194628,22970.911569199692,20673.82041227972,1200.0,1200.0,9.094947017729282e-13,1.1368683772161603e-13,3,0
2025-07-30,57244.21134818904,4379.398733876191,0.0,0.0,4379.398733876191,2235.3798489290602,63858.9899309943,77342.98486147585,81402.05774199078,4059.0728805149342,0.0,541.5536914289096,5627.5922814315145,22127.65101988173,19914.885917893556,1200.0,1200.0,9.094947017729282e-13,1.1368683772161603e-13,3,0
2025-07-31,56984.0850281102,924.7180640260058,0.0,0.0,924.7180640260058,6223.859623198141,64132.66271533435,78587.80998164022,79611.77231587282,1023.9623342325951,0.0,1356.2070916248795,4082.207246945968,21907.758938850686,19716.983044965622,1200.0,1200.0,9.094947017729282e-13,2.2737367544323206e-13,3,0
2025-08-01,22421.12215024841,0.0,205.2100634630398,102.6050317315199,-102.6050317315199,2281.2094332241495,24599.72655174104,40356.82907303806,40046.29157138879,0.0,310.5375016492751,697.8415445010305,18168.484720838547,13242.887283846028,11918.598555461425,1200.0,1200.0,9.094947017729282e-13,1.1368683772161603e-13,3,0
2025-08-02,22232.268490256924,0.0,164.47689226954208,82.23844613477104,-82.23844613477104,1726.315715646464,23876.345759768617,40458.46661672732,40204.8401397166,0.0,253.62647701072274,399.76793504497414,18273.7328881593,14038.502532689334,12634.652279420397,1200.0,1200.0,1.8189894035458565e-12,1.1368683772161603e-13,3,0
2025-08-03,50630.046912429796,411.5294403910473,742.8760946678517,371.43804733392585,40.09139305712131,6858.6116785753475,57528.74998406226,70881.79745910612,69723.86572752806,355.8307768463136,1513.762508424371,1608.2635335605225,6482.602531611072,20100.46746144177,18090.420715297594,1200.0,1200.0,1.8189894035458565e-12,1.1368683772161603e-13,3,0
2025-08-04,52517.72589316241,143.21723439281305,1.1990317375502668,0.5995158687751334,142.6177185240379,2803.7768237178025,55464.12043540425,72656.21104940065,72746.9049333545,93.51157894177561,2.817694987934715,840.3398439634068,6125.40116385072,20461.88530133843,18415.69677120458,1200.0,1200.0,9.094947017729282e-13,2.2737367544323206e-13,3,0
2025-08-05,51014.735507562305,472.5707828057716,0.0,0.0,472.5707828057716,4718.010784674121,56205.3170750422,71054.14389258307,71581.45384655836,527.3099539752911,0.0,1222.6379574609446,5581.875981419904,20699.06089266074,18629.15480339467,1200.0,1200.0,1.8189894035458565e-12,1.1368683772161603e-13,3,0
2025-08-06,53696.32270326494,91.1381347503442,837.906305870853,418.9531529354265,-327.8150181850823,7170.563349361795,60539.07103444165,73027.72293989279,72140.89416522752,97.19545865970201,984.0242333249466,1766.7231011251552,3736.3996346002177,20568.183650857998,18511.3652857722,1200.0,1200.0,1.8189894035458565e-12,2.2737367544323206e-13,3,0
2025-08-07,52320.043324162965,758.9088579245617,2001.4437664610346,1000.7218832305173,-241.81302530595565,4617.975941536699,56696.2062403937,74354.99796527898,70498.63508752211,547.9896576870276,4404.352535443895,1183.054258325027,6196.2505139453315,20974.535819017998,18877.0822371162,1200.0,1200.0,1.8189894035458565e-12,1.1368683772161603e-13,3,0
2025-08-08,20795.940629258675,38.610747717296896,13.899763907257622,6.949881953628811,31.660865763668088,2422.029097976689,23249.63059299903,38667.40122380384,38681.98020672986,38.76992949509102,24.190946569074065,614.9861257765263,22112.34313534162,14094.519471647694,12685.067524482929,1200.0,1200.0,9.094947017729282e-13,1.1368683772161603e-13,3,0
2025-08-09,20899.09572737656,0.0,26.382534665674747,13.191267332837374,-13.191267332837374,3762.776011178451,24648.68047122217,38453.02053785282,38408.811257264824,0.0,44.20928058799595,1014.2628283878041,19174.2303463691,13269.147392835339,11942.232653551806,1200.0,1200.0,9.094947017729282e-13,1.1368683772161603e-13,3,0
2025-08-10,49848.65115463066,24.624194292050284,66.41465160917718,33.20732580458859,-8.583131512538303,8661.301058501216,58501.36908161933,67546.31956837559,67428.8639220346,22.558386188194888,140.01403252918755,2302.617888455385,2553.806264005224,18730.564964847545,16857.50846836279,1200.0,1200.0,9.094947017729282e-13,2.2737367544323206e-13,3,0
2025-08-11,48634.91199125572,805.8738915683041,0.0,0.0,805.8738915683041,7619.312837598012,57060.09872042204,68782.15724851497,69451.45618273673,669.298934221757,0.0,1696.3027046845311,4618.525776786719,19679.797773012047,17711.817995710848,1200.0,1200.0,9.094947017729282e-13,1.1368683772161603e-13,3,0
2025-08-12,51335.09553098551,1777.4652339749348,176.63301399522055,88.31650699761028,1689.1487269773245,6876.950338265906,59901.19459622874,71216.12349487892,72167.24592800687,1351.1840968436536,400.06166371569543,1489.2473485705518,3948.315775940209,19476.338506372194,17528.704655734975,1200.0,1200.0,9.094947017729282e-13,1.1368683772161603e-13,3,0
2025-08-13,49697.23884347912,736.8123633419939,123.9370568970578,61.9685284485289,674.843834893465,7698.821185814187,58070.90386418677,68679.82134375806,69596.976364978,1050.1497310458767,132.99470982593346,1643.928982338344,3184.171139097249,19357.547582191,17421.792823971904,1200.0,1200.0,9.094947017729282e-13,2.2737367544323206e-13,3,0
2025-08-14,50464.62112625877,1785.5988290090615,0.0,0.0,1785.5988290090615,6032.222995353158,58282.442950620985,69263.34402954974,71520.2994017791,2256.955372229355,0.0,1305.0399487831692,4973.054516033661,19259.93851195273,17333.944660757457,1200.0,1200.0,9.094947017729282e-13,1.1368683772161603e-13,3,0
2025-08-15,21251.605070375936,10.214937371897317,56.49290135215578,28.24645067607789,-18.031513304180574,3593.675701536844,24827.2492586086,38677.71863685585,38605.635221429766,11.895123577173004,83.97853900325293,1106.3116682523832,21296.10792148157,12561.120848672475,11305.008763805226,1200.0,1200.0,1.8189894035458565e-12,1.1368683772161603e-13,3,0
2025-08-16,21797.45137175374,0.0,424.0938342176904,212.0469171088452,-212.0469171088452,3367.037998707511,24952.442453352407,39159.395426748764,38517.304888471524,0.0,642.0905382772382,936.5270327950923,21299.273166583378,12252.783880165676,11027.505492149105,1200.0,1200.0,1.8189894035458565e-12,1.1368683772161603e-13,3,0
2025-08-17,50991.66299815169,0.0,276.89873351566183,138.44936675783092,-138.44936675783092,5399.6521962217885,56252.86582761566,71529.52805187435,70981.0740154892,0.0,548.4540363851614,1138.7713997353903,7013.5550102533825,19408.96788304537,17468.07109474084,1200.0,1200.0,1.8189894035458565e-12,1.1368683772161603e-13,3,0
2025-08-18,50741.66643021746,101.12430829166553,0.0,0.0,101.12430829166553,5354.486165145012,56197.27690365414,69989.36488175526,70088.4171892734,99.05230751812915,0.0,1163.3683054469234,4892.58118750656,19650.88690547099,17685.798214923896,1200.0,1200.0,9.094947017729282e-13,1.1368683772161603e-13,3,0
2025-08-19,50444.43145175924,0.0,388.3322045597787,194.16610227988934,-194.16610227988934,7146.627815344738,57396.89316482409,69366.38426992153,68942.27319522278,0.0,424.11107469875225,1530.0618959615965,4314.058796900562,18406.16244283823,16565.54619855441,1200.0,1200.0,1.8189894035458565e-12,1.1368683772161603e-13,3,0
2025-08-20,52653.34597908819,1144.9519516882492,540.733672748834,270.366836374417,874.5851153138323,9271.900719106783,62799.831813508805,73086.7588679747,73163.43364817707,1081.7148600419441,1005.0400798395484,2166.2148386157883,2577.684563036735,21012.72857089469,18911.455713805222,1200.0,1200.0,9.094947017729282e-13,1.1368683772161603e-13,3,0
2025-08-21,51236.03628801422,248.17538879739692,733.2365296386487,366.61826481932434,-118.44287602192742,7046.172024999043,58163.765436991336,71471.00769266678,70197.1101965354,167.07943702469447,1440.9769331560674,1744.6805534109685,4144.164429755137,19532.07836857902,17578.870531721113,1200.0,1200.0,1.8189894035458565e-12,1.1368683772161603e-13,3,0
2025-08-22,21562.686901669258,0.0,61.80569029106799,30.902845145533995,-30.902845145533995,5661.369127545552,27193.153184069273,38811.549817706415,38721.57622824445,0.0,89.97358946196552,1511.4477949798247,17747.719577139793,12547.350460844773,11292.615414760292,1200.0,1200.0,9.094947017729282e-13,1.1368683772161603e-13,3,0
2025-08-23,21194.436927568866,136.11843822839228,0.0,0.0,136.11843822839228,2800.245857792447,24130.801223589704,38982.08893899768,39108.44494260125,126.3560036035677,0.0,1032.0142141331653,16318.651814484478,12918.011922499365,11626.210730249428,1200.0,1200.0,9.094947017729282e-13,1.1368683772161603e-13,3,0
2025-08-24,51111.808242042265,1.5840597506186893,1342.5808618968144,671.2904309484072,-669.7063711977885,9342.380505341778,59784.48237618625,70198.17773630189,67994.24987170924,1.6322099439656768,2205.5600745366346,2107.2389412356965,4433.143022784705,19347.563068268882,17412.806761441996,1200.0,1200.0,9.094947017729282e-13,1.1368683772161603e-13,3,0
2025-08-25,56583.94059138209,482.8919997001627,1982.8116952279847,991.4058476139924,-508.51384791382964,2762.9414107694843,58838.368154237745,79647.4549010201,76280.54950982754,341.90899518887386,3708.8143863814335,726.9856021175988,4184.0828705451,20503.652247333703,18453.287022600336,1200.0,1200.0,9.094947017729282e-13,2.2737367544323206e-13,3,0
2025-08-26,51352.40165381842,952.8261760619968,0.0,0.0,952.8261760619968,3707.5097593578353,56012.737589238255,71044.54747269186,72077.89971341044,1033.352240718586,0.0,916.2763693988121,5434.070127165482,20312.875723104495,18281.58815079405,1200.0,1200.0,9.094947017729282e-13,2.2737367544323206e-13,3,0
2025-08-27,52078.12346512162,2864.9749377656617,0.0,0.0,2864.9749377656617,3599.839125215005,58542.93752810228,72797.3997411978,75982.77493667469,3185.3751954768854,0.0,741.7550770302619,6687.27367914006,21231.074678982306,19107.967211084077,1200.0,1200.0,9.094947017729282e-13,1.1368683772161603e-13,3,0
2025-08-28,51948.36303800108,2297.6378836048175,0.0,0.0,2297.6378836048175,10681.606569084512,64927.60749069041,72325.75409394233,74392.64684149134,2066.892747549001,0.0,2568.0458124317574,3972.8115222058736,22200.861483838864,19980.77533545498,1200.0,1200.0,1.8189894035458565e-12,1.1368683772161603e-13,3,0
2025-08-29,21801.566342653394,0.0,370.9714318341319,185.48571591706596,-185.48571591706596,3198.0252738299805,24814.105900566305,39823.47860801992,39294.22857428464,0.0,529.2500337352718,924.1337289898579,16313.858494031729,13492.834592427733,12143.551133184956,1200.0,1200.0,1.8189894035458565e-12,1.1368683772161603e-13,3,0
2025-08-30,21577.3462856463,0.0,2.1662460282623264,1.0831230141311632,-1.0831230141311632,4856.711596936918,26432.974759569086,39013.879682083316,39010.43783657988,0.0,3.4418455034432185,1514.4994957112178,20687.571285468046,13246.462134897087,11921.815921407371,1200.0,1200.0,1.8189894035458565e-12,1.1368683772161603e-13,3,0
2025-08-31,50794.29405226417,1264.8418424657243,380.6864965915994,190.3432482957997,1074.4985941699244,5250.698029107969,57119.49067554207,70747.48548341103,72004.23506843098,1670.6461675598862,413.89658253992945,1323.9841658454593,4655.840908219123,20257.552427239818,18231.79718451583,1200.0,1200.0,9.094947017729282e-13,1.1368683772161603e-13,3,0
2025-09-01,47927.12583444211,3.231108605172039e-05,1567.465970060793,783.7329850303965,-783.7329527193106,0.0,47143.3928817228,75490.10162047051,72724.32017290375,1.6921228620958573e-05,2765.7814644879886,0.0,17129.158258787138,20210.27380783282,18189.246427049537,1200.0,1200.0,1.8189894035458565e-12,1.1368683772161603e-13,3,0
2025-09-02,43850.38064158848,1394.1696923310114,0.0,0.0,1394.1696923310114,379.2407615415346,45623.79109546103,68793.01999212508,70618.7063608561,1825.6863687310374,0.0,71.8115614347348,14509.32191804673,21234.401542441126,19110.961388197014,1200.0,1200.0,9.094947017729282e-13,1.1368683772161603e-13,3,0
2025-09-03,44342.879582868125,297.9422069069789,676.7185232098585,338.35926160492926,-40.417054697950334,240.34970203618803,44542.81223020636,68382.37323369588,67116.42502977457,232.30462997362991,1498.252833894937,70.96691484210697,9652.345399369806,19873.292952468713,17885.963657221844,1200.0,1200.0,9.094947017729282e-13,1.1368683772161603e-13,3,0
2025-09-04,41584.44066911332,455.4130431906362,838.6153711289714,419.3076855644857,36.105357626150465,1170.059699829772,42790.605726569236,64719.5548245947,63104.22565326829,351.403829300824,1966.7330006272323,433.7035515589452,7676.433849841727,19359.298049855104,17423.368244869594,1200.0,1200.0,4.547473508864641e-13,1.1368683772161603e-13,3,0
2025-09-05,14091.553075984832,0.0,171.5171517661853,85.75857588309265,-85.75857588309265,1159.6593558318636,15165.453855933603,31761.155133880868,31495.951003626706,0.0,265.20413025416116,327.13421319596273,23592.465302780056,14063.582473759456,12657.224226383512,1200.0,1200.0,9.094947017729282e-13,1.1368683772161603e-13,3,0
2025-09-06,13207.271605928223,0.0,81.79519470349965,40.89759735174982,-40.89759735174982,3001.5083596158615,16167.882368192335,30299.448642525087,30166.302723085617,0.0,133.14591943946948,848.9860065084922,21864.748878256894,14294.561513372151,12865.105362034934,1200.0,1200.0,1.8189894035458565e-12,1.1368683772161603e-13,3,0
2025-09-07,37056.77053280271,1462.519859923178,0.0,0.0,1462.519859923178,3945.4562742151047,42464.74666694099,58664.48820175785,60750.91935773498,2086.431155977127,0.0,1011.8304367725846,4794.186064436906,20075.801134039943,18068.221020635945,1200.0,1200.0,9.094947017729282e-13,1.1368683772161603e-13,3,0
2025-09-08,37240.133822773496,397.18985902485724,83.90878881724825,41.954394408624125,355.23546461623306,17730.81575517678,55326.1850425665,59213.983276275685,59358.02183380029,337.29598815791087,193.25743063330418,4276.591450362013,2157.5299233194346,20815.138275095298,18733.624447585767,1200.0,1200.0,9.094947017729282e-13,1.1368683772161603e-13,3,0
2025-09-09,35891.91490104045,1034.426268316035,0.0,0.0,1034.426268316035,10242.24414397219,47168.58531332867,56377.82155704282,57315.025963633816,937.204406590997,0.0,2566.172525998998,4765.374665122188,20129.895578439613,18116.906020595656,1200.0,1200.0,9.094947017729282e-13,1.1368683772161603e-13,3,0
2025-09-10,39221.76821183039,0.0,536.1723172889609,268.08615864448046,-268.08615864448046,15979.162527877854,54932.84458106377,61589.49816933695,60663.2787485738,0.0,926.2194207631443,3952.9729653544255,1183.6929982462786,21165.600656819486,19049.04059113754,1200.0,1200.0,9.094947017729282e-13,1.1368683772161603e-13,3,0
2025-09-11,39024.07465014105,0.0,1674.6075984153167,837.3037992076584,-837.3037992076584,5731.920635320874,43918.69148625426,62268.57118338466,58452.89271636086,0.0,3815.678467023805,1413.7757509142666,4297.114304568488,20734.68379373307,18661.215414359773,1200.0,1200.0,9.094947017729282e-13,1.1368683772161603e-13,3,0
2025-09-12,13251.477837312437,0.0,94.35710131464658,47.17855065732329,-47.17855065732329,3503.213167021473,16707.512453676587,30752.679050356324,30606.034330791557,0.0,146.64471956476413,1149.4996370229335,18740.739452856204,14631.383149582825,13168.24483462454,1200.0,1200.0,1.8189894035458565e-12,1.1368683772161603e-13,3,0
2025-09-13,13700.356480007891,0.0,30.63932766063903,15.319663830319515,-15.319663830319515,2787.370153223639,16472.40696940121,31527.716297090934,31481.86165933841,0.0,45.85463775252443,852.3226134163376,22870.34545197214,14567.373374492725,13110.63603704345,1200.0,1200.0,9.094947017729282e-13,1.1368683772161603e-13,3,0
2025-09-14,42034.680458801944,0.0,728.6125124463865,364.30625622319326,-364.30625622319326,5240.993475177391,46911.36767775615,65556.79226255373,64434.55194601382,0.0,1122.2403165399126,1565.8151368814474,3667.7730021491043,22332.69330746163,20099.423976715472,1200.0,1200.0,1.8189894035458565e-12,1.1368683772161603e-13,3,0
2025-09-15,36904.563507226434,0.0,33.59614575874398,16.79807287937199,-16.79807287937199,11105.78189555374,47993.5473299008,57423.74551644885,57329.691356989875,0.0,94.0541594589697,2689.070442842225,2836.561450738393,21151.697157603805,19036.52744184342,1200.0,1200.0,1.8189894035458565e-12,1.1368683772161603e-13,3,0
2025-09-16,39947.75958243799,70.01296239387906,242.3391926776324,121.1695963388162,-51.15663394493714,9785.626915786732,49682.22986427978,62601.648467981606,62415.585209196935,98.2148631666945,284.2781219513687,2568.324574493823,3371.3728880708413,21207.669122865816,19086.902210579232,1200.0,1200.0,9.094947017729282e-13,1.1368683772161603e-13,3,0
2025-09-17,40046.87952012407,0.0,39.78012021922474,19.89006010961237,-19.89006010961237,7742.894160265991,47769.88362028045,62377.68076096603,62291.58167328515,0.0,86.09908768088229,2113.376809052325,2319.663197868966,21251.76884468503,19126.591960216523,1200.0,1200.0,4.547473508864641e-13,1.1368683772161603e-13,3,0
2025-09-18,38472.77160767313,2363.411233976681,0.0,0.0,2363.411233976681,5484.00913742254,46320.191979072355,60366.43388920973,63917.992755978776,3551.558866769047,0.0,1158.520137888107,3990.7308326708408,21297.309445293842,19167.578500764466,1200.0,1200.0,1.8189894035458565e-12,1.1368683772161603e-13,3,0
2025-09-19,14145.90089701899,127.9632104128314,0.0,0.0,127.9632104128314,2070.741714779995,16344.605822211817,31963.187755919404,32094.072253378177,130.88449745877566,0.0,766.2351612378461,15226.457910152785,15324.971877965709,13792.47469016914,1200.0,1200.0,9.094947017729282e-13,1.1368683772161603e-13,3,0
2025-09-20,14186.856411487184,0.0,13.189022216424053,6.594511108212027,-6.594511108212027,2293.6585177889824,16473.920418167956,32659.175053717874,32640.14462255913,0.0,19.030431158739958,616.8188676967641,16119.813469096247,14917.162878263163,13425.446590436844,1200.0,1200.0,9.094947017729282e-13,1.1368683772161603e-13,3,0
2025-09-21,42939.9070397806,456.4211060759427,455.3116638350621,227.65583191753106,228.76527415841161,2249.524305725503,45418.196619664515,66345.09630069503,66321.64896745572,651.3358062216619,674.7831394609705,581.9433896970535,6528.613455695333,20874.91418124107,18787.42276311696,1200.0,1200.0,4.547473508864641e-13,2.2737367544323206e-13,3,0
2025-09-22,41266.571183090724,0.0,1089.234670977592,544.617335488796,-544.617335488796,11154.299457566887,51876.253305168815,63777.48830925509,61774.7647739936,0.0,2002.7235352614862,3092.1864584836803,2143.2777428240665,21096.53606319878,18986.882456878895,1200.0,1200.0,1.8189894035458565e-12,1.1368683772161603e-13,3,0
2025-09-23,41560.48433300443,13.542332963791946,258.9192990158219,129.45964950791094,-115.91731654411899,10001.398874215573,51445.965890675885,64827.712979551434,64460.30917240662,11.753240747771201,379.15704789258,2212.475181515791,2443.5373902921474,21126.31380296933,19013.682422672402,1200.0,1200.0,1.8189894035458565e-12,1.1368683772161603e-13,3,0
2025-09-24,40221.69337539243,191.1807479743876,55.79391016693528,27.89695508346764,163.28379289091995,7851.250215967248,48236.2273842506,62304.776591940565,62517.777845935234,276.71771316474366,63.716459170073904,2345.849028338189,1613.7794545543607,21866.22319719062,19679.60087747156,1200.0,1200.0,1.8189894035458565e-12,1.1368683772161603e-13,3,0
2025-09-25,41958.962304155604,630.8469449384902,0.0,0.0,630.8469449384902,5753.075147676554,48342.88439677065,65418.340235479554,66302.61958099827,884.279345518732,0.0,1508.939001258597,5285.559340405257,21905.503418516266,19714.953076664642,1200.0,1200.0,9.094947017729282e-13,1.1368683772161603e-13,3,0
2025-09-26,14371.623099742024,0.0,187.65726676474088,93.82863338237044,-93.82863338237044,1067.7756697403,15345.570136099952,32915.26000031276,32627.278397493195,0.0,287.98160281955796,360.6691029076809,13765.839405627685,15278.64594773188,13750.78135295869,1200.0,1200.0,9.094947017729282e-13,1.1368683772161603e-13,3,0
2025-09-27,14955.155638839115,289.0678034412811,0.0,0.0,289.0678034412811,2172.238594274814,17416.46203655521,33253.06239981706,33549.52771430936,296.46531449229735,0.0,674.1618525278725,14898.694565654432,15236.927511828013,13713.234760645206,1200.0,1200.0,9.094947017729282e-13,1.1368683772161603e-13,3,0
2025-09-28,43834.46398526782,2324.6694529389642,0.0,0.0,2324.6694529389642,2519.7197890663297,48678.85322727311,67472.23201991343,70146.29089856982,2674.058878656392,0.0,659.7953763897934,5065.47802279017,22529.79085502774,20276.811769524964,1200.0,1200.0,1.8189894035458565e-12,1.1368683772161603e-13,3,0
2025-09-29,42446.39830063211,0.0,1840.9697429630223,920.4848714815112,-920.4848714815112,13422.746602102943,54948.660031253545,66293.16604134117,63094.25536529057,0.0,3198.9106760506,3203.0218501023214,1356.8448124127663,21805.408029801267,19624.867226821145,1200.0,1200.0,1.8189894035458565e-12,1.1368683772161603e-13,3,0
2025-09-30,42916.42180800683,110.64688900947085,87.29928353212847,43.649641766064235,66.99724724340662,10077.637790284218,53061.056845534455,66648.8580983278,66643.1779237281,127.22331296670839,132.9034875663982,2384.814441961292,1353.5497857817836,22522.678132409448,20270.410319168506,1200.0,1200.0,1.8189894035458565e-12,1.1368683772161603e-13,3,0
2025-10-01,40786.1937002253,0.2519778086550236,933.2956016043637,466.64780080218185,-466.39582299352685,385.3650623600211,40705.1629395918,66568.96568562504,64512.049668938154,0.17962489924082092,2057.0956415861347,181.74066906255484,12875.904774919949,21563.64029747427,19407.27626772684,1200.0,1200.0,4.547473508864641e-13,1.1368683772161603e-13,3,0
2025-10-02,41540.72478371108,0.0,1852.9526087787804,926.4763043893902,-926.4763043893902,627.2789206439093,41241.52739996559,67825.74236977447,64902.744980428964,0.0,2922.997389345498,256.41961968850853,11242.380465640901,21860.010178099044,19674.009160289144,1200.0,1200.0,1.8189894035458565e-12,1.1368683772161603e-13,3,0
2025-10-03,12660.010712636347,0.0,15.159242237322486,7.579621118661243,-7.579621118661243,199.73126015490755,12852.162351672592,31271.347999530604,31242.64775456207,0.0,28.70024496853572,104.01728659886965,21932.328666864436,15971.826742965088,14374.644068668582,1200.0,1200.0,1.8189894035458565e-12,1.1368683772161603e-13,3,0
2025-10-04,13259.051140074069,0.0,7.122927206830962,3.561463603415481,-3.561463603415481,397.68233348287697,13653.17200995353,31836.54557449022,31826.887328273406,0.0,9.658246216816792,139.77421141554026,17300.995358684424,15696.837476711828,14127.153729040641,1200.0,1200.0,1.8189894035458565e-12,1.1368683772161603e-13,3,0
2025-10-05,39853.908357814726,0.0,2018.1519179534066,1009.0759589767033,-1009.0759589767033,1666.247774888733,40511.080173726754,65357.92085579399,61615.3601525198,0.0,3742.560703274192,544.632308016834,5297.99348931214,21260.379045578346,19134.341141020515,1200.0,1200.0,1.8189894035458565e-12,1.1368683772161603e-13,3,0
2025-10-06,37854.39866298496,554.5914944499527,36.156506057054926,18.078253028527463,536.5132414214253,4571.70463657182,42962.61654097821,60260.12556677254,60954.35654075783,745.6371528300685,51.406178844784506,1414.881403704759,2468.4356081479546,21676.930863146277,19509.23777683165,1200.0,1200.0,9.094947017729282e-13,1.1368683772161603e-13,3,0
2025-10-07,38463.91778410395,182.9692606261615,27.81697293302089,13.908486466510444,169.06077415965106,2821.382378876452,41454.36093714005,62166.214874690646,62348.93113848785,220.05963113625097,37.34336733904017,754.4975860007573,3172.5126850248716,21593.530394637342,19434.177355173604,1200.0,1200.0,1.8189894035458565e-12,1.1368683772161603e-13,3,0
2025-10-08,37070.281598338996,0.0,73.15090139083898,36.57545069541949,-36.57545069541949,5778.100598833965,42811.80674647754,60442.99458678444,60299.93105049306,0.0,143.06353629137413,1407.1634404957827,3107.596417466175,21210.024068560055,19089.021661704053,1200.0,1200.0,1.8189894035458565e-12,2.2737367544323206e-13,3,0
2025-10-09,38952.90510808467,0.0,1830.6937717842825,915.3468858921412,-915.3468858921412,4693.22524671235,42730.783468904876,63274.255696592154,59897.418529661954,0.0,3376.8371669302005,994.2295710342095,2919.980293546244,22116.861238165868,19905.175114349277,1200.0,1200.0,1.8189894035458565e-12,2.2737367544323206e-13,3,0
2025-10-10,12063.681673821648,14.62453160790268,0.0,0.0,14.62453160790268,2245.995743579503,14324.301949009052,30246.6745392915,30260.999247112562,14.324707821062123,0.0,762.9841587505292,20047.093666553712,16332.78822642718,14699.509403784463,1200.0,1200.0,1.8189894035458565e-12,1.1368683772161603e-13,3,0
2025-10-11,12493.469408216039,101.23687182091282,0.0,0.0,101.23687182091282,1508.4773655392028,14103.183645576155,31105.28154120862,31216.08438726407,110.80284605544901,0.0,414.49267360690317,15843.71178719099,16805.516903466487,15124.96521311984,1200.0,1200.0,9.094947017729282e-13,1.1368683772161603e-13,3,0
2025-10-12,38308.15631533429,689.4621590084793,472.78021173913595,236.39010586956798,453.07205313891114,3604.4015823792897,42365.6299508525,62830.98853993171,63183.82357128599,980.2380415500627,627.4030101957919,867.2523261725369,3260.5137906292834,22756.061234959074,20480.45511146317,1200.0,1200.0,9.094947017729282e-13,1.1368683772161603e-13,3,0
2025-10-13,39759.06858988578,0.0,726.0999704426395,363.04998522131973,-363.04998522131973,2685.797274326954,42081.815878991416,63882.34695719085,62534.63202734223,0.0,1347.7149298486192,741.135864452455,3957.1761852334166,22911.96406561269,20620.76765905142,1200.0,1200.0,9.094947017729282e-13,2.2737367544323206e-13,3,0
2025-10-14,40400.15966431062,190.66783827944954,1116.0270234651312,558.0135117325656,-367.345673453116,7804.939117931848,47837.75310878935,64726.376292700705,62586.52722128255,150.99144534581154,2290.8405167639576,2061.3329132488684,1629.4614568751708,22445.693943229144,20201.124548906228,1200.0,1200.0,4.547473508864641e-13,2.2737367544323206e-13,3,0
2025-10-15,39976.79122856065,0.0,551.025658822782,275.512829411391,-275.512829411391,8078.825855131481,47780.10425428074,64565.720598540356,63715.1741202334,0.0,850.5464783069531,2183.5273858155356,1690.1837695560232,22884.94086492915,20596.446778436242,1200.0,1200.0,9.094947017729282e-13,2.2737367544323206e-13,3,0
2025-10-16,40004.320401341414,428.0284727832691,0.0,0.0,428.0284727832691,11354.471559249041,51786.82043337373,63809.781953046186,64204.64387902171,394.8619259755164,0.0,2680.2290915448807,1688.0647916236965,22303.352289428927,20073.01706048604,1200.0,1200.0,9.094947017729282e-13,2.2737367544323206e-13,3,0
2025-10-17,12385.854238917713,97.16849888221554,0.0,0.0,97.16849888221554,2119.7794357217485,14602.802173521679,30778.02908875669,30879.465947060206,101.43685830351319,0.0,638.6379071964338,13810.849013344829,17030.55524245135,15327.499718206209,1200.0,1200.0,1.8189894035458565e-12,1.1368683772161603e-13,3,0
2025-10-18,13126.703135653024,16.177212537751792,0.0,0.0,16.177212537751792,820.639119377047,13963.519467567823,31972.610424168557,31991.73115718517,19.120733016616327,0.0,362.3023765170764,14558.066586039851,17193.7368099573,15474.363128961564,1200.0,1200.0,1.8189894035458565e-12,1.1368683772161603e-13,3,0
2025-10-19,42560.81607422984,137.97879029528434,216.10513184943778,108.05256592471889,29.92622437056545,5728.588785456539,48319.33108405695,67484.17471745628,67206.72923719781,104.47262523624667,381.91810549472075,1243.7584450568893,2298.4583684730724,22663.06780448287,20396.761024034582,1200.0,1200.0,9.094947017729282e-13,1.1368683772161603e-13,3,0
2025-10-20,44471.87429094319,81.34579109534131,102.17859036023988,51.08929518011994,30.256495915221375,2768.1526042377936,47270.28339109621,70106.12702127532,70091.22835197629,124.01268256888301,138.91135186790285,608.7204011135868,3900.408986743423,23587.573996797895,21228.81659711811,1200.0,1200.0,4.547473508864641e-13,1.1368683772161603e-13,3,0
2025-10-21,44414.652690417795,531.3997774939783,0.8705109755976099,0.43525548779880496,530.9645220061794,4445.733842657034,49391.35105508101,69496.72830573453,70084.87831948645,588.9802578869576,0.830244135047792,1139.536076862704,2429.436229423296,23323.968169258475,20991.571352332627,1200.0,1200.0,4.547473508864641e-13,1.1368683772161603e-13,3,0
2025-10-22,43742.40889568117,85.29018177771307,716.8863553894157,358.44317769470786,-273.15299591699477,8063.657697275503,51532.913597039675,69356.26753085908,68417.97098634648,55.963733217018714,994.2602777296154,1594.4660707070734,2231.6801585705816,22258.6019848298,20032.741786346818,1200.0,1200.0,9.094947017729282e-13,1.1368683772161603e-13,3,0
2025-10-23,45624.01002970713,0.0,3616.0226263371924,1808.0113131685962,-1808.0113131685962,4834.5004637134125,48650.49918025195,72945.24797655552,67066.2709195742,0.0,5878.977056981317,1156.9576952065045,2590.13197419907,22535.996072483085,20282.396465234782,1200.0,1200.0,9.094947017729282e-13,1.1368683772161603e-13,3,0
2025-10-24,12905.235085968314,73.88169750113182,0.0,0.0,73.88169750113182,3039.3130398402163,16018.429823309662,31782.44606578478,31861.798888202833,79.35282241805058,0.0,813.7469487254853,12591.06453470495,16644.305855567,14979.8752700103,1200.0,1200.0,9.094947017729282e-13,1.1368683772161603e-13,3,0
2025-10-25,13574.371250647764,11.092494976088659,0.0,0.0,11.092494976088659,1421.1225843618595,15006.586329985712,32710.769881032676,32722.767082757593,11.99720172491618,0.0,432.32456356630956,11994.273714977424,17623.85198013141,15861.466782118263,1200.0,1200.0,9.094947017729282e-13,1.1368683772161603e-13,3,0
2025-10-26,45960.11053880575,27.333074338344844,2420.8252866913926,1210.4126433456963,-1183.0795690073514,2958.2541188985606,47735.28508869695,72093.47918408981,68596.98015290915,18.503557927433803,3515.002589108088,910.1914147121006,2692.6122215874248,22702.473293671643,20432.225964304478,1200.0,1200.0,9.094947017729282e-13,1.1368683772161603e-13,3,0
2025-10-27,44947.22260325987,884.302251235234,345.9218763551426,172.9609381775713,711.3413130576628,1940.3350366484874,47598.89895296602,70660.2843630413,71040.31514105112,763.9149601088791,383.88418209906706,476.0054025652665,5673.306344087025,22904.325328626834,20613.892795764154,1200.0,1200.0,9.094947017729282e-13,1.1368683772161603e-13,3,0
2025-10-28,45160.36515903307,414.39972146052065,279.2284204341938,139.6142102170969,274.78551124342374,2327.6564906551903,47762.80716093168,70561.11990596239,70589.14416806347,338.50700669230247,310.4827445912115,599.6121603303199,2949.4399419200745,22668.94686473727,20402.052178263544,1200.0,1200.0,1.8189894035458565e-12,1.1368683772161603e-13,3,0
2025-10-29,45815.68228284619,915.73656094962,0.0,0.0,915.73656094962,5372.809190448205,52104.228034244006,71212.86698128872,71983.22215569462,770.3551744058806,0.0,1244.0393288232658,1627.9911473960838,22870.13537121789,20583.121834096102,1200.0,1200.0,1.8189894035458565e-12,1.1368683772161603e-13,3,0
2025-10-30,45701.33561528893,201.86271273756333,692.8888343217424,346.4444171608712,-144.58170442330788,3740.2470815426695,49297.00099240829,70318.19089295651,69481.19842365701,146.80849662628492,983.8009659257849,923.5950280927079,3320.8950378015,22960.807639482187,20664.72687553397,1200.0,1200.0,9.094947017729282e-13,1.1368683772161603e-13,3,0
2025-10-31,13741.147017934698,0.0,7.61584195882711,3.807920979413555,-3.807920979413555,1547.9759509581595,15285.315047913442,33152.55255562946,33139.5000183039,0.0,13.052537325563687,424.90024722594814,7943.2580886204905,17168.501102426926,15451.650992184235,1200.0,1200.0,1.8189894035458565e-12,1.1368683772161603e-13,3,0
2025-11-01,13712.914121565136,0.0,31.06639352852506,15.53319676426253,-15.53319676426253,1116.7633609123318,14814.144285713206,33601.9960104154,33547.07494964296,0.0,54.921060772441294,466.6673003648914,9721.135526447037,17485.68290227479,15737.114612047308,1200.0,1200.0,9.094947017729282e-13,1.1368683772161603e-13,3,0
2025-11-02,48069.463409972246,645.8992657538522,0.0,0.0,645.8992657538522,2833.245773859096,51548.6084495852,73855.07176933612,74576.50244096716,721.4306716310404,0.0,640.0091306328391,4048.626110772704,23715.015274939615,21343.513747445657,1200.0,1200.0,1.8189894035458565e-12,1.1368683772161603e-13,3,0
2025-11-03,50088.94554553032,45.53328288072435,738.0609473115794,369.0304736557897,-323.49719077506535,1866.013551265484,51631.46190602073,76015.09782496188,75204.75570560477,32.7261602861513,843.0682796432561,538.7449173787074,3891.90376259623,23466.665770539028,21119.99919348512,1200.0,1200.0,9.094947017729282e-13,1.1368683772161603e-13,3,0
2025-11-04,48797.758762255704,56.662675578966244,138.86392635034963,69.43196317517481,-12.769287596208578,2208.0608921406256,50993.05036680012,75183.4963378356,74935.07223730045,45.194238912873914,293.6183394480372,494.6526132472684,5461.8712077427945,23877.816094715872,21490.034485244283,1200.0,1200.0,9.094947017729282e-13,2.2737367544323206e-13,3,0
2025-11-05,50643.66488467003,0.0,1434.1047795814125,717.0523897907062,-717.0523897907062,2270.014920470825,52196.62741535016,76662.9438738151,74616.68661620504,0.0,2046.2572576100508,632.345448216267,3204.088541195711,23669.23456558936,21302.311109030423,1200.0,1200.0,9.094947017729282e-13,1.1368683772161603e-13,3,0
2025-11-06,50261.13792600299,409.43138967243715,6.688522982032634,3.344261491016317,406.08712818142084,4743.769645329997,55410.99469951441,75581.98450361111,75866.66273618696,297.5185531403347,12.840320564470403,1027.4915493570359,3147.3958850818963,23771.73850462098,21394.564654158883,1200.0,1200.0,9.094947017729282e-13,1.1368683772161603e-13,3,0
2025-11-07,14398.080915593167,0.0,0.0,0.0,0.0,813.5187456181505,15211.599661211318,34590.01963124957,34590.01963124957,0.0,0.0,267.2037311458691,9748.180396410085,17905.81182652025,16115.23064386823,1200.0,1200.0,9.094947017729282e-13,1.1368683772161603e-13,3,0
2025-11-08,14455.892911391982,0.0,0.0,0.0,0.0,787.3124099794782,15243.20532137146,34517.755725139505,34517.755725139505,0.0,0.0,285.07397078734425,9273.284831874676,17383.377640521696,15645.039876469527,1200.0,1200.0,9.094947017729282e-13,1.1368683772161603e-13,3,0
2025-11-09,51044.19213664661,12.832244439251982,440.29927730516255,220.14963865258127,-207.3173942133293,3189.220171306517,54026.0949137398,77104.91219387486,76517.0562058792,8.942953822044728,596.7989418177033,814.2859454369327,3572.9151890942394,24116.097788885505,21704.48800999696,1200.0,1200.0,9.094947017729282e-13,1.1368683772161603e-13,3,0
2025-11-10,52238.46970816885,1018.424675203892,0.0,0.0,1018.424675203892,3535.8622702223947,56792.756653595134,77463.19312184853,78437.18198391433,973.9888620658055,0.0,802.6171687247067,2963.9372921666895,24174.18760472349,21756.768844251143,1200.0,1200.0,9.094947017729282e-13,1.1368683772161603e-13,3,0
2025-11-11,52545.682112442766,79.80893244388685,978.4804810560374,489.2402405280187,-409.43130808413184,1288.5767797550184,53424.82758411366,78783.76859905446,77685.83398521965,58.807498073341094,1156.7421119081519,319.2320330460139,3943.618357744714,25024.279938542808,22521.851944688533,1200.0,1200.0,9.094947017729282e-13,1.1368683772161603e-13,3,0
2025-11-12,52127.240724508185,281.17865813096836,1.7458812848152483,0.8729406424076241,280.30571748856073,1512.4984914650013,53920.044933461744,78079.12115168944,78317.07408529893,241.36219212307742,3.409258513601344,338.6403926100393,5260.185456089308,24395.412718196458,21955.87144637681,1200.0,1200.0,9.094947017729282e-13,1.1368683772161603e-13,3,0
2025-11-13,52571.008313040395,15.644760911707037,860.2058640521816,430.1029320260908,-414.4581711143838,5144.7342966682245,57301.28443859423,77523.22342586756,76546.52563084383,16.01853437007901,992.716329393815,1277.255482378173,3004.2920061159502,24236.177904393735,21812.560113954365,1200.0,1200.0,9.094947017729282e-13,1.1368683772161603e-13,3,0
2025-11-14,14791.760550978472,0.0,21.311144876955176,10.655572438477588,-10.655572438477588,912.1738847286065,15693.278863268599,35014.707665661845,34980.675908196325,0.0,34.03175746552836,345.58776970823294,5867.206436487447,18606.019414171056,16745.417472753954,1200.0,1200.0,1.8189894035458565e-12,1.1368683772161603e-13,3,0
2025-11-15,15100.88574855712,0.0,1.5637132364074828,0.7818566182037414,-0.7818566182037414,1104.2848403702096,16204.388732309126,35244.28338771952,35241.50641518105,0.0,2.776972538461166,384.3058975905181,5528.359983213693,18855.654128912138,16970.088716020924,1200.0,1200.0,9.094947017729282e-13,1.1368683772161603e-13,3,0
2025-11-16,53314.54566075108,611.5792101923578,52.22492547057567,26.112462735287835,585.4667474570699,3871.7546917120617,57771.76709992022,78802.56851956082,79146.41874929762,443.5535878754114,99.70335813862869,900.5521502967513,3152.432867469298,24599.936487917294,22139.942839125564,1200.0,1200.0,9.094947017729282e-13,1.1368683772161603e-13,3,0
2025-11-17,53082.06679334988,1339.3973066442522,0.0,0.0,1339.3973066442522,1518.366369115019,55939.83046910915,78551.03019621206,79741.76043732127,1190.7302411092091,0.0,410.37232790866994,5059.5240606379775,23968.54371258636,21571.68934132773,1200.0,1200.0,9.094947017729282e-13,1.1368683772161603e-13,3,0
2025-11-18,53334.544662912725,18.551144523999582,495.8148499384574,247.9074249692287,-229.35628044522912,5734.439677306463,58839.62805977395,78632.9195768375,78093.64620254889,12.960987882718541,552.2343621713417,1483.2629650081121,2320.7858387715432,23655.714954521194,21290.143459069084,1200.0,1200.0,9.094947017729282e-13,2.2737367544323206e-13,3,0
2025-11-19,54266.35832913409,2034.548277476113,0.0,0.0,2034.548277476113,2596.1968639364122,58897.103470546615,78899.82270546329,80519.91839935868,1620.0956938953855,0.0,714.526217708084,3472.1682100248286,23939.648070419316,21545.68326337739,1200.0,1200.0,1.8189894035458565e-12,1.1368683772161603e-13,3,0
2025-11-20,53533.24399687657,4.605121204080701,144.47108405134873,72.23554202567436,-67.63042082159366,4210.3092493107215,57675.92282536569,79090.03314743338,78916.26224042685,5.111689648219226,178.88259665476096,963.503732755642,2653.0603251871507,24336.29614662008,21902.66653195807,1200.0,1200.0,9.094947017729282e-13,1.1368683772161603e-13,3,0
2025-11-21,15293.18325880698,0.0,0.0,0.0,0.0,1238.5153749353356,16531.698633742315,35523.04548783053,35523.04548783053,0.0,0.0,521.2891458414609,5352.974261818195,18269.763051871272,16442.78674668414,1200.0,1200.0,9.094947017729282e-13,1.1368683772161603e-13,3,0
2025-11-22,15456.084905815049,0.0,29.5700553381283,14.78502766906415,-14.78502766906415,1858.882578008449,17300.182456154434,36393.84830467176,36347.70236847075,0.0,46.145936201008226,608.8829532680916,4885.942476575628,18508.133618298903,16657.32025646902,1200.0,1200.0,1.8189894035458565e-12,1.1368683772161603e-13,3,0
2025-11-23,54707.589480300776,1038.509918366074,13.969013272310697,6.9845066361553485,1031.5254117299187,3223.8378183917275,58962.952710422425,80201.34900173437,80869.70977325604,695.6404450345432,27.279673512893737,757.9167490193853,4005.4660441833726,23900.641947587035,21510.57775282833,1200.0,1200.0,9.094947017729282e-13,1.1368683772161603e-13,3,0
2025-11-24,54208.92245786042,129.9366210281803,515.1801754724987,257.59008773624936,-127.65346670806906,2769.147585443458,56850.4165765958,79904.04059111583,79296.89909311377,100.70166742675059,707.8431654287972,648.3119439222899,3424.8932052090345,23583.741318270382,21225.367186443356,1200.0,1200.0,9.094947017729282e-13,2.2737367544323206e-13,3,0
2025-11-25,55809.543266236724,0.0,144.49991084285006,72.24995542142503,-72.24995542142503,1998.6705237840458,57735.96383459936,82030.73213181486,81807.32785641239,0.0,223.40427540247128,518.2195930174528,3800.979012133701,23559.07970629481,21203.17173566534,1200.0,1200.0,9.094947017729282e-13,2.2737367544323206e-13,3,0
2025-11-26,55480.42273148755,729.4864632558758,0.0,0.0,729.4864632558758,3108.93908912106,59318.84828386449,80991.3285965805,81515.59537804552,524.2667814650051,0.0,681.3263906739032,3021.4855244401715,24177.693609459053,21759.92424851315,1200.0,1200.0,9.094947017729282e-13,2.2737367544323206e-13,3,0
2025-11-27,55598.15797985594,172.0709665342982,0.0,0.0,172.0709665342982,3669.823241711875,59440.05218810212,80675.55624580206,80807.09209591517,131.53585011310338,0.0,799.4218567180894,3400.631012205565,24249.902070943434,21824.911863849087,1200.0,1200.0,9.094947017729282e-13,1.1368683772161603e-13,3,0
2025-11-28,15011.390796702108,19.09656230370092,0.0,0.0,19.09656230370092,1538.2896690168807,16568.77702802269,36261.35063298179,36299.5779159717,38.227282989912915,0.0,476.0350193760993,3986.1232128018764,18682.511725459164,16814.260552913245,1200.0,1200.0,1.8189894035458565e-12,1.1368683772161603e-13,3,0
2025-11-29,16195.095312030118,0.0,108.84182751486142,54.42091375743071,-54.42091375743071,2628.4940157289866,18769.168414001673,38922.662413906146,38660.40887756777,0.0,262.25353633837585,975.9979439040758,2798.7957259297373,19081.60995542101,17173.448959878904,1200.0,1200.0,9.094947017729282e-13,1.1368683772161603e-13,3,0
2025-11-30,57378.18391394387,834.6784985921104,3.691623960388411,1.8458119801942054,832.8326866119161,4892.8437966937,63103.860397249475,82854.62850679655,83452.25539374506,603.3028155469032,5.675928598383166,1134.8784501014068,1797.154917438667,25451.50809741138,22906.357287670242,1200.0,1200.0,9.094947017729282e-13,2.2737367544323206e-13,3,0
2025-12-01,61943.04589836976,223.2825325659141,669.9441445226772,334.9720722613386,-111.68953969542449,26071.310456750816,87902.66681542515,84463.8222939225,83824.26231678488,160.2459983190118,799.8059754566259,5772.113794794378,687.8989509215085,26095.494273244207,23485.94484591979,1200.0,1200.0,1.8189894035458565e-12,2.2737367544323206e-13,3,0
2025-12-02,64258.21378366689,17.601775277930013,48.23739191635281,24.118695958176406,-6.516920680246396,23637.1577554357,87888.85461842234,87020.54134701088,86955.4698965928,8.451214834823872,73.5226652529027,4998.826656083496,668.0251032091271,26484.614994671698,23836.153495204533,1200.0,1200.0,1.8189894035458565e-12,1.1368683772161603e-13,3,0
2025-12-03,64137.34168341267,858.1138566233312,0.0,0.0,858.1138566233312,13621.430453268658,78616.88599330466,86942.05260994476,87639.7774850845,697.7248751397402,0.0,3215.8406471802846,1116.2223127625325,25766.472528355924,23189.825275520336,1200.0,1200.0,1.8189894035458565e-12,2.2737367544323206e-13,3,0
2025-12-04,66601.67455058623,0.0,792.0468301718007,396.02341508590035,-396.02341508590035,11331.781767517583,77537.4329030179,90352.53714409808,89495.91510200169,0.0,856.6220420964011,2409.4104074428305,2545.5979578086212,25885.188016358872,23296.66921472298,1200.0,1200.0,1.8189894035458565e-12,2.2737367544323206e-13,3,0
2025-12-05,20512.52387087937,0.0,6.052637578418689,3.0263187892093444,-3.0263187892093444,2433.561361294138,22943.058913384302,46789.02502814224,46774.04440119306,0.0,14.980626949176099,750.3207799054385,4051.0383597002483,21616.991380649226,19455.2922425843,1200.0,1200.0,4.547473508864641e-13,1.1368683772161603e-13,3,0
2025-12-06,22449.356241176894,0.0,55.42510725781112,27.71255362890556,-27.71255362890556,2290.5047724602464,24712.14846000824,49340.28563294273,49249.17729101244,0.0,91.10834193029461,673.1936695300642,4042.322849036906,22154.172948389307,19938.755653550375,1200.0,1200.0,9.094947017729282e-13,1.1368683772161603e-13,3,0
2025-12-07,71162.50005100193,0.0,1891.7539544027632,945.8769772013816,-945.8769772013816,3492.9325133889147,73709.55558718945,95305.28083929425,93211.54381192784,0.0,2093.7370273664096,768.0730352648321,3639.9268137699073,26870.0878342276,24183.07905080484,1200.0,1200.0,9.094947017729282e-13,1.1368683772161603e-13,3,0
2025-12-08,72537.74497003554,458.042300938023,133.2002231234984,66.6001115617492,391.44218937627375,1022.7338270695662,73951.92098648136,96847.30119530435,97104.77158947413,360.0287517010195,102.55835753124006,193.4168388391446,6722.344059718349,27286.332519282503,24557.699267354248,1200.0,1200.0,4.547473508864641e-13,2.2737367544323206e-13,3,0
2025-12-09,71328.79849357106,0.0,825.3134747988631,412.65673739943156,-412.65673739943156,2126.236993925723,73042.37875009734,96318.59538439507,95372.46761544992,0.0,946.1277689451441,426.21462457235265,5635.97813670034,27742.498366552707,24968.248529897442,1200.0,1200.0,9.094947017729282e-13,2.2737367544323206e-13,3,0
2025-12-10,70711.77695707596,96.72897880027773,1.9485111937563129,0.9742555968781564,95.75472320339956,2378.4303735752,73185.96205385454,94486.4801169039,94574.26783937555,90.00118514772646,2.213462676083509,536.653639846432,3902.254230004608,28210.487825507073,25389.43904295637,1200.0,1200.0,9.094947017729282e-13,1.1368683772161603e-13,3,0
2025-12-11,69632.07486899331,0.0,941.7461234971603,470.87306174858014,-470.87306174858014,1340.603203510453,70501.80501075518,94965.02346724024,93955.83194633933,0.0,1009.1915209009248,373.1840857492151,5612.826647879444,27549.346842090887,24794.412157881798,1200.0,1200.0,1.8189894035458565e-12,1.1368683772161603e-13,3,0
2025-12-12,21887.300542569577,184.38834972420747,0.0,0.0,184.38834972420747,2374.413099797286,24446.10199209107,48619.41889402355,48868.50649812762,249.08760410408274,0.0,737.2655596498162,3636.4796251588555,22548.78949285257,20293.91054356732,1200.0,1200.0,1.8189894035458565e-12,1.1368683772161603e-13,3,0
2025-12-13,22240.064266667105,186.33372659053316,111.25195448791133,55.62597724395567,130.70774934657746,2154.809696056902,24525.581712070583,48794.04507692293,48741.77365012992,199.02020747179773,251.29163426480426,585.6288300587053,3285.267806682803,22436.012901724942,20192.411611552445,1200.0,1200.0,9.094947017729282e-13,1.1368683772161603e-13,3,0
2025-12-14,69594.68702090587,122.74085504943372,0.0,0.0,122.74085504943372,4395.3234678260105,74112.75134378132,92988.88265872204,93094.8962416916,106.01358296955902,0.0,828.509203688048,2621.675437816044,25230.082075636008,22707.073868072406,1200.0,1200.0,9.094947017729282e-13,2.2737367544323206e-13,3,0
2025-12-15,70898.07534634543,913.810504379025,0.0,0.0,913.810504379025,2763.044174842522,74574.93002556698,94619.14606326693,95261.1060911435,641.96002787657,0.0,599.478187024458,3693.366920732952,26976.593907683353,24278.934516915015,1200.0,1200.0,9.094947017729282e-13,1.1368683772161603e-13,3,0
2025-12-16,71480.1578832744,0.0,418.4455290052713,209.22276450263564,-209.22276450263564,1671.4810505752937,72942.41616934705,95617.96266700578,95177.99470706697,0.0,439.9679599388225,413.5391997342796,3575.84698742433,25975.955860435814,23378.36027439223,1200.0,1200.0,1.8189894035458565e-12,2.2737367544323206e-13,3,0
2025-12-17,71691.22424288228,0.0,1193.6430892660355,596.8215446330178,-596.8215446330178,2621.5738455051633,73715.97654375441,95630.86986615982,94405.81645276803,0.0,1225.0534133917793,615.9812895270105,4075.5075798397875,27544.43095788591,24789.987862097314,1200.0,1200.0,1.8189894035458565e-12,2.2737367544323206e-13,3,0
2025-12-18,69698.22878501964,1.8545997929306568,241.46391050371426,120.73195525185713,-118.87735545892647,1975.8002154738037,71555.15164503454,93954.97086831598,93596.42891363217,1.4350044823047483,359.97695916612327,556.4210046562632,4133.966232784052,26526.1671883771,23873.550469539387,1200.0,1200.0,4.547473508864641e-13,1.1368683772161603e-13,3,0
2025-12-19,21539.89564865703,0.0,9.272911458289657,4.636455729144829,-4.636455729144829,2487.6159900417774,24022.875182969663,48173.4114902241,48152.46049280365,0.0,20.950997420446583,640.0529006027859,3706.219246608161,21779.028467982705,19601.125621184434,1200.0,1200.0,9.094947017729282e-13,1.1368683772161603e-13,3,0
2025-12-20,21904.03682718984,0.0,449.46181137132953,224.73090568566477,-224.73090568566477,1606.286037883604,23285.59195938778,48847.38665594191,47968.890362708546,0.0,878.4962932333647,466.28043661292554,3265.1627738083916,23136.557755130772,20822.901979617694,1200.0,1200.0,9.094947017729282e-13,1.1368683772161603e-13,3,0
2025-12-21,69990.0975834679,0.0,1111.0687692899605,555.5343846449803,-555.5343846449803,6209.171695462544,75643.73489428547,94371.31920134349,93159.07138317927,0.0,1212.247818164214,1385.8874827656784,2670.532211566472,28366.44787711814,25529.80308940632,1200.0,1200.0,2.2737367544323206e-13,1.1368683772161603e-13,3,0
2025-12-22,71939.73402057693,0.0,591.8317631484736,295.9158815742368,-295.9158815742368,2845.684174016374,74489.50231301907,95437.8697740925,94807.55096715518,0.0,630.3188069373266,585.7944549661274,3609.980510238565,28459.378285494025,25613.44045694462,1200.0,1200.0,1.8189894035458565e-12,1.1368683772161603e-13,3,0
2025-12-23,71319.00892503551,0.0,1584.5365729510434,792.2682864755217,-792.2682864755217,1310.161279662691,71836.90191822268,95720.99965666301,94037.84093079976,0.0,1683.1587258632587,317.02691819555235,4340.638976373395,27561.36339288584,24805.227053597257,1200.0,1200.0,1.8189894035458565e-12,1.1368683772161603e-13,3,0
2025-12-24,69889.74047320252,0.0,325.1994914642103,162.59974573210516,-162.59974573210516,2260.5338675674047,71987.6745950378,94436.94938591498,93986.10090950958,0.0,450.8484764054085,502.1354681235733,3783.0994311624563,28505.77629804031,25655.198668236277,1200.0,1200.0,9.094947017729282e-13,2.2737367544323206e-13,3,0
2025-12-25,68770.05441301971,0.0,458.6167967402416,229.3083983701208,-229.3083983701208,4133.246743096954,72673.99275774654,92544.128839215,92057.40561333163,0.0,486.72322588339296,1042.7431929328393,2500.0570427349217,27876.43230196213,25088.78907176592,1200.0,1200.0,9.094947017729282e-13,1.1368683772161603e-13,3,0
2025-12-26,21399.434555954198,0.0,165.7852125203839,82.89260626019195,-82.89260626019195,3612.3905706235364,24928.93252031754,47343.808964425196,46936.60446968983,0.0,407.20449473536655,1056.108194847545,2744.9517221011233,22401.385091029148,20161.24658192623,1200.0,1200.0,9.094947017729282e-13,1.1368683772161603e-13,3,0
2025-12-27,20792.030616444492,0.0,65.17415796714383,32.587078983571914,-32.587078983571914,3091.0643900795444,23850.507927540464,47136.85849804277,46993.059857338674,0.0,143.79864070409326,909.4683280464257,2446.0288204950366,21176.90298223401,19059.212684010614,1200.0,1200.0,9.094947017729282e-13,1.1368683772161603e-13,3,0
2025-12-28,68041.06861443096,0.0,563.9333115853417,281.96665579267085,-281.96665579267085,4109.077151860443,71868.17911049872,92362.93679356761,91790.68782183918,0.0,572.2489717284351,954.1697878850237,3279.95832153245,26556.445381917467,23900.800843725723,1200.0,1200.0,9.094947017729282e-13,1.1368683772161603e-13,3,0
2025-12-29,68701.82981952705,393.22665826450935,0.0,0.0,393.22665826450935,2568.7556697685905,71663.81214756015,93395.91921003078,93772.02843420576,376.10922417497284,0.0,537.0314927588288,4023.0541799061584,27622.39480391767,24860.155323525905,1200.0,1200.0,9.094947017729282e-13,1.1368683772161603e-13,3,0
2025-12-30,68124.48286742042,34.83129779909982,240.20221692276516,120.10110846138258,-85.26981066228275,3082.7143654286056,71121.92742218674,93190.77602360712,92857.8626926369,25.662190152321728,358.5755211225477,654.2626489577909,4531.688490783995,27560.34250810693,24804.308257296238,1200.0,1200.0,9.094947017729282e-13,1.1368683772161603e-13,3,0
2025-12-31,70415.73312148527,0.0,62.79581932276095,31.397909661380474,-31.397909661380474,6340.452069921915,76724.78728174581,97689.44501601771,97600.506136554,0.0,88.93887946370228,1242.9386769992916,2385.6574165653783,32576.84633012122,24765.481866466638,1200.0,6000.0,2.2737367544323206e-13,1.1368683772161603e-13,3,0
