date,planned_cost_yuan,increase_cost_yuan,cancellation_refund_yuan,breach_cost_yuan,adjustment_net_yuan,emergency_cost_yuan,total_cost_yuan,original_kwh,adjusted_kwh,increase_kwh,decrease_kwh,emergency_kwh,dump_kwh,charge_kwh,discharge_kwh,energy_start_kwh,energy_end_kwh,lp_eq_max,lp_ineq_max,max_tree_nodes,raw_simultaneous_slots
2025-02-01,17110.07519901522,16.299356577091693,139.82177409134545,69.91088704567272,-53.61153046858102,600.8526742904141,17657.316342837054,39118.849517931434,38690.15357109748,16.387422901590227,445.08336973555333,182.66287321453825,5972.441908774048,14958.940011603321,16436.741409398688,6000.0,1200.0,1.8189894035458565e-12,1.1368683772161603e-13,7,0
2025-02-02,61978.54130715855,141.44875535514342,596.2610600780299,298.13053003901496,-156.68177468387154,731.7847062458429,62553.644238720524,88959.79078569925,88257.95780261882,98.07229993663339,799.9052830170582,157.48063485949322,5399.573079001855,24524.144255139345,19864.556846662876,1200.0,1200.0,1.8189894035458565e-12,1.1368683772161603e-13,7,0
2025-02-03,62006.41184428667,2.7233409760924694,513.4394490516296,256.7197245258148,-253.9963835497223,3121.1882275860694,64873.60368832301,87680.88181260793,87063.61265832942,1.9874774501678303,619.2566317286729,735.0088584909549,3045.1276482342287,23876.722992558658,19340.145623972512,1200.0,1200.0,1.8189894035458565e-12,1.1368683772161603e-13,7,0
2025-02-04,62061.4167689695,360.8052068662291,99.57897589484229,49.789487947421144,311.01571891880803,4154.76719074608,66527.19967863438,87710.59466600993,87843.51934216381,285.04088262112157,152.11620646724964,930.9941396049226,2910.770394492509,24573.048090927463,19904.168953651246,1200.0,1200.0,1.8189894035458565e-12,1.1368683772161603e-13,7,0
2025-02-05,60209.30031879844,953.5311706553841,27.354337237843943,13.677168618921971,939.8540020364622,5582.964787923851,66732.11910875875,85161.54302376209,85972.39536184663,837.8962925072916,27.043954422747433,1268.6246880380625,1995.3125657757491,23669.897372503234,19172.616871727623,1200.0,1200.0,1.8189894035458565e-12,2.2737367544323206e-13,7,0
2025-02-06,61515.154276634945,0.0,1152.2852040277353,576.1426020138676,-576.1426020138676,6034.85431747023,66973.8659920913,86885.61237064424,85564.82821386108,0.0,1320.7841567831815,1307.7815206199255,2031.140319875024,24054.801041785813,19484.388843846504,1200.0,1200.0,1.8189894035458565e-12,1.1368683772161603e-13,7,0
2025-02-07,16924.38591652632,0.0,211.91448169713698,105.95724084856849,-105.95724084856849,2242.9240319494093,19061.352707627157,40386.907177525834,39800.86401884237,0.0,586.0431586834661,657.4308528368114,4867.953250134249,19919.27344672769,16134.61149184943,1200.0,1200.0,1.8189894035458565e-12,1.1368683772161603e-13,7,0
2025-02-08,15588.800897836232,69.35286518214491,0.0,0.0,69.35286518214491,2813.542872631047,18471.696635649423,37381.21462647411,37453.99387810375,72.77925162963903,0.0,838.5854913330917,3040.7221414739015,19340.497427875132,15665.802916578861,1200.0,1200.0,9.094947017729282e-13,1.1368683772161603e-13,7,0
2025-02-09,58590.10560479763,1002.0539170854454,0.0,0.0,1002.0539170854454,5299.305435081531,64891.4649569646,83716.59931532253,84562.2454484677,845.6461331451683,0.0,1275.722155834643,1785.6379990683458,23667.966518775418,19171.052880208084,1200.0,1200.0,1.8189894035458565e-12,2.2737367544323206e-13,7,0
2025-02-10,56593.94289185852,19.415735633710295,1533.3669186509997,766.6834593254998,-747.2677236917896,2342.1752832469842,58188.85045141372,83243.372949752,81187.65001201749,14.547540387652589,2070.270478122162,629.4524108021424,3151.189335087078,22838.292128416986,18499.016624017757,1200.0,1200.0,9.094947017729282e-13,1.1368683772161603e-13,7,0
2025-02-11,56519.66219658154,0.0,1499.4325405250372,749.7162702625186,-749.7162702625186,3328.5505885115226,59098.49651483055,82402.62600363343,80665.55734271462,0.0,1737.068660918796,749.7448084165134,1943.3804001433944,22375.39272449687,18124.06810684246,1200.0,1200.0,9.094947017729282e-13,1.1368683772161603e-13,6,0
2025-02-12,55878.97801852529,0.0,1234.1309206079102,617.0654603039551,-617.0654603039551,4961.4877349276085,60223.400293148945,82014.99149456182,80492.37430805837,0.0,1522.6171865034544,1065.1234483810354,2012.2897232640125,22518.273157063446,18239.801257221392,1200.0,1200.0,9.094947017729282e-13,2.2737367544323206e-13,6,0
2025-02-13,54033.549735986875,0.0,1336.7898107066069,668.3949053533034,-668.3949053533034,2435.8003161745646,55800.95514680813,80339.16583020843,78648.70246092993,0.0,1690.4633692785033,724.6656180483299,3686.1187634836133,22935.633151726142,18577.86285289818,1200.0,1200.0,9.094947017729282e-13,2.2737367544323206e-13,6,0
2025-02-14,14980.655882953444,227.79919655449845,0.0,0.0,227.79919655449845,2596.4181330262027,17804.873212534145,36070.047168683246,36300.62477154484,230.57760286159242,0.0,890.3943430517154,3775.0212069740455,19022.08468924129,15407.888598285444,1200.0,1200.0,1.8189894035458565e-12,1.1368683772161603e-13,7,0
2025-02-15,15205.842435800536,29.12286489835703,0.0,0.0,29.12286489835703,2812.5917715316505,18047.557072230542,35402.029410046,35431.815772901005,29.786362855004413,0.0,893.5178550781161,3563.46171959989,18325.162149364372,14843.381340985137,1200.0,1200.0,9.094947017729282e-13,1.1368683772161603e-13,7,0
2025-02-16,54208.54798130451,0.0,1320.5072132319158,660.2536066159579,-660.2536066159579,11341.558458333771,64889.85283302232,79713.80863340192,78138.28345822131,0.0,1575.5251751806074,2622.182917369405,1134.4127703083645,22361.444764643944,18112.770259361594,1200.0,1200.0,9.094947017729282e-13,1.1368683772161603e-13,7,0
2025-02-17,53651.568446696474,0.0,2067.433111004382,1033.716555502191,-1033.716555502191,3570.411818931678,56188.26371012596,79683.25645891129,76945.92317605576,0.0,2737.3332828555267,931.4592219163121,2483.695727046007,22156.96581189155,17947.14230763216,1200.0,1200.0,9.094947017729282e-13,1.1368683772161603e-13,7,0
2025-02-18,50665.63028053541,402.0955542111287,0.0,0.0,402.0955542111287,6585.2624847931775,57652.98831953971,76724.07638972826,77087.74925414028,363.67286441201435,0.0,1482.2896630585742,2208.1989231834,22476.064266747962,18205.612056065846,1200.0,1200.0,1.8189894035458565e-12,1.1368683772161603e-13,7,0
2025-02-19,50903.83508097449,870.9721909949914,220.27475487127066,110.13737743563533,760.834813559356,7063.511046852486,58728.18094138634,76879.14096295861,77137.06770086652,670.175761271973,412.2490233640576,1646.642822955835,1574.1546333572974,22790.676353324947,18460.44784619321,1200.0,1200.0,9.094947017729282e-13,1.1368683772161603e-13,7,0
2025-02-20,52199.04629939546,0.0,559.7671712988191,279.88358564940955,-279.88358564940955,4529.482949077852,56448.645662823896,78039.41655027786,77264.93065232664,0.0,774.4858979512253,1002.1352918035985,2935.146654168754,22835.713455937635,18496.927899309478,1200.0,1200.0,9.094947017729282e-13,1.1368683772161603e-13,7,0
2025-02-21,14880.796767127897,0.0,0.16197849201740616,0.08098924600870308,-0.08098924600870308,2345.8884979470404,17226.604275828926,35118.67590286066,35118.39811433037,0.0,0.27778853029910167,761.4444739025055,6775.401721705759,18653.57280628304,15109.393973089262,1200.0,1200.0,1.8189894035458565e-12,1.1368683772161603e-13,7,0
2025-02-22,14605.573654930768,111.67671037818744,0.0,0.0,111.67671037818744,3379.1847882250445,18096.435153534,34410.71148410965,34524.75323659201,114.04175248236909,0.0,1017.4271994395324,4241.0068967727375,18191.6350311867,14735.224375261223,1200.0,1200.0,9.094947017729282e-13,1.1368683772161603e-13,7,0
2025-02-23,50212.49589630243,221.10571382857816,409.7483420463369,204.87417102316846,16.231542805409703,8395.971950558785,58624.699389666624,76218.5496396111,75841.40460909244,150.88530985232998,528.0303403709986,2121.716810065165,1940.3863850579635,23636.217635612116,19145.336284845813,1200.0,1200.0,9.094947017729282e-13,1.1368683772161603e-13,7,0
2025-02-24,49508.75792287328,478.42017955221297,18.505177938505973,9.252588969252987,469.1675905829599,3181.068503566242,53158.99401702249,75118.12261290775,75667.04189976507,568.0513672845892,19.132080427272058,667.4269108954541,3800.16718428057,22796.14741954362,18464.879409830333,1200.0,1200.0,9.094947017729282e-13,1.1368683772161603e-13,7,0
2025-02-25,48868.88145667863,0.0,1888.372105402398,944.186052701199,-944.186052701199,4048.06926209991,51972.76466607734,75583.81397239174,72866.74548351509,0.0,2717.068488876655,973.5879518597567,3896.9740612834626,21694.927056621294,17572.890915863245,1200.0,1200.0,9.094947017729282e-13,1.1368683772161603e-13,7,0
2025-02-26,47767.17204743449,1304.9714539164775,7.7377196765577985,3.8688598382788992,1301.1025940781985,4543.235049194135,53611.50969070682,72923.93682117367,74066.78646287826,1151.198497635276,8.348855930683857,1115.8824082792448,2144.6788025717055,22227.06334343402,18003.92130818155,1200.0,1200.0,1.8189894035458565e-12,1.1368683772161603e-13,7,0
2025-02-27,46955.85769693545,471.1234271836581,381.1533746749213,190.57668733746064,280.5467398461975,4935.433230362598,52171.83766714425,73292.40290580195,72958.56603437453,422.8578675011116,756.6947389285303,1002.4819568317872,2738.50125563638,22452.434397736426,18186.4718621665,1200.0,1200.0,1.8189894035458565e-12,1.1368683772161603e-13,7,0
2025-02-28,14000.365374901823,1.3955670788100436,0.0,0.0,1.3955670788100436,1894.0716971260204,15895.832639106653,33845.920589289904,33847.57078094039,1.650191650478945,0.0,634.4157777705475,7869.497064004294,17473.136551087602,14153.240606380961,1200.0,1200.0,1.8189894035458565e-12,1.1368683772161603e-13,7,0
2025-03-01,13746.019914609766,43.53625295475865,0.0,0.0,43.53625295475865,1605.9148303027528,15395.470997867276,33470.40875472489,33516.631440121244,46.222685396353555,0.0,553.159354723254,7107.962506074998,17384.53871282195,14081.476357385785,1200.0,1200.0,1.8189894035458565e-12,1.1368683772161603e-13,7,0
2025-03-02,47616.695628823596,5363.593989386423,0.0,0.0,5363.593989386423,7348.903432806132,60329.19305101615,73199.56604864396,77752.33582712413,4552.769778480155,0.0,1670.7757147300504,2560.0509157229344,23709.229260339856,19204.47570087528,1200.0,1200.0,1.8189894035458565e-12,1.1368683772161603e-13,7,0
2025-03-03,48606.33029366989,1574.3013239017814,172.36705674308695,86.18352837154347,1488.1177955302378,9928.789183963645,60023.23727316377,75014.4430997452,75944.01898063597,1207.2398997195742,277.66401882881314,2251.9782322834862,1719.3437021117852,23471.088828812226,19011.581951337903,1200.0,1200.0,1.8189894035458565e-12,1.1368683772161603e-13,7,0
2025-03-04,47227.23852872858,1026.8716558770775,12.120953016043421,6.0604765080217105,1020.8111793690559,5612.449218069414,53860.49892616705,72773.47642796853,73695.83607733299,939.5940486479049,17.234399283440098,1583.3479712256765,1779.295197332569,22633.846936277696,18333.41601838493,1200.0,1200.0,1.8189894035458565e-12,1.1368683772161603e-13,7,0
2025-03-05,47436.01587319386,0.0,1375.962994188856,687.981497094428,-687.981497094428,3586.158727824759,50334.19310392419,74791.61252977364,72807.56837412779,0.0,1984.0441556458545,899.7120872113645,3039.461172450872,23880.77511695584,19343.42784473423,1200.0,1200.0,1.8189894035458565e-12,1.1368683772161603e-13,7,0
2025-03-06,45972.34683691144,74.89327472597968,164.00395743036384,82.00197871518192,-7.10870398920224,2915.7293948179085,48880.96752774015,72338.80303740274,72102.49496828153,57.763575823563315,294.07164494478184,754.3888953489501,2492.5339730806286,23282.609248508,18858.91349129148,1200.0,1200.0,9.094947017729282e-13,1.1368683772161603e-13,7,0
2025-03-07,13381.62258334902,0.0,32.17493815374413,16.087469076872065,-16.087469076872065,860.8343162279025,14226.369430500052,32352.55869543055,32300.127065052042,0.0,52.431630378509894,386.4398511688226,8504.021976156819,17159.260035424806,13899.000628694093,1200.0,1200.0,1.8189894035458565e-12,1.1368683772161603e-13,7,0
2025-03-08,12931.226779267468,0.0,0.0,0.0,0.0,1855.2337412328666,14786.460520500335,31375.322533651866,31375.322533651866,0.0,0.0,695.2519855491898,9896.72065930194,16372.18075385501,13261.466410622555,1200.0,1200.0,1.8189894035458565e-12,1.1368683772161603e-13,7,0
2025-03-09,45316.76329193882,0.0,1842.4236766450051,921.2118383225026,-921.2118383225026,3137.767298152472,47533.31875176879,72654.11707027518,69586.23179470615,0.0,3067.8852755690327,829.8300335638298,2664.0966468023134,23254.948060356128,18836.50792888846,1200.0,1200.0,1.8189894035458565e-12,1.1368683772161603e-13,7,0
2025-03-10,45438.98932094559,870.7733730007253,0.0,0.0,870.7733730007253,10180.136109435818,56489.89880338214,70760.24606159405,71595.87053843401,835.6244768399631,0.0,2492.7207156406057,1664.5675758970842,23062.906464092244,18680.954235914713,1200.0,1200.0,9.094947017729282e-13,1.1368683772161603e-13,7,0
2025-03-11,42822.30781057299,1098.327908032813,0.0,0.0,1098.327908032813,5755.846380301061,49676.48209890687,67867.91622903885,69055.57618084994,1187.659951811091,0.0,1369.4354700937452,2313.517553029983,21960.92262059841,17788.34732268471,1200.0,1200.0,9.094947017729282e-13,1.1368683772161603e-13,7,0
2025-03-12,44411.10198334502,70.50718331915768,1584.9917437477886,792.4958718738943,-721.9886885547365,2406.5523668786973,46095.66566166898,71132.86607346233,68540.37741437752,47.19205775545174,2639.6807168402584,714.5715803498385,2612.427803730515,22142.034250860575,17935.047743197065,1200.0,1200.0,9.094947017729282e-13,1.1368683772161603e-13,7,0
2025-03-13,45181.15818575455,1370.542785438885,0.0,0.0,1370.542785438885,6705.716683694902,53257.41765488834,70767.60567947078,72118.90752707425,1351.3018476034727,0.0,1501.4050319416983,1788.9625066619271,22556.484398354467,18270.752362667117,1200.0,1200.0,1.8189894035458565e-12,1.1368683772161603e-13,7,0
2025-03-14,12508.035303005428,171.6642223367383,0.0,0.0,171.6642223367383,1324.0458940422182,14003.745419384384,30961.74979343261,31134.51227604085,172.76248260823957,0.0,444.2516893651403,12543.577157971822,15819.793811057029,12814.032986956197,1200.0,1200.0,1.8189894035458565e-12,1.1368683772161603e-13,7,0
2025-03-15,12616.783906796973,125.3608123336761,0.0,0.0,125.3608123336761,3039.69661748394,15781.84133661459,30451.51273025967,30581.247221432917,129.7344911732476,0.0,969.7591919495503,7618.923862297196,15831.354742554056,12823.397341468786,1200.0,1200.0,1.8189894035458565e-12,1.1368683772161603e-13,7,0
2025-03-16,42961.08139859016,510.14347071537895,0.0,0.0,510.14347071537895,4051.2188728215674,47522.4437421271,68826.59675675939,69331.35899954126,504.76224278188135,0.0,1083.797346892903,2824.7352886137514,22312.495392037286,18073.1212675502,1200.0,1200.0,1.8189894035458565e-12,1.1368683772161603e-13,7,0
2025-03-17,40897.926913929296,215.11632878031332,1803.9008241531265,901.9504120765632,-686.8340832962498,3202.333270027049,43413.426100660094,67652.17138651617,64493.74116393528,148.56272872788128,3306.9929513087727,807.3651462934811,3349.6376293200997,21543.880250396447,17450.543002821123,1200.0,1200.0,9.094947017729282e-13,1.1368683772161603e-13,7,0
2025-03-18,43503.26158179193,21.891658138702358,1203.7964738887813,601.8982369443906,-580.0065788056884,3408.515073120927,46331.77007610716,70206.02302929923,68266.45112662652,13.772972887049718,1953.344875559752,756.1176759547811,3782.057164704491,21655.543532685006,17540.990261474857,1200.0,1200.0,9.094947017729282e-13,1.1368683772161603e-13,7,0
2025-03-19,40075.165343008084,925.4415612300908,73.37004914583409,36.685024572917044,888.7565366571738,3243.6272965484964,44207.54917621375,65426.25587602584,66171.88663940872,887.1697944859154,141.53903110304248,860.1202499303448,3408.7173342284714,21883.25844795048,17725.439342839887,1200.0,1200.0,1.8189894035458565e-12,1.1368683772161603e-13,7,0
2025-03-20,41794.0760082552,131.30290318808494,515.116788777942,257.558394388971,-126.25549120088604,7642.406233739277,49310.22675079359,67066.8129549328,66308.24466194314,83.42872408368123,841.9970170733536,1928.2849564349865,1885.2806153046458,21801.511507404255,17659.22432099744,1200.0,1200.0,9.094947017729282e-13,1.1368683772161603e-13,7,0
2025-03-21,11665.375403243614,6.126968258904792,78.56954245133137,39.284771225665686,-33.1578029667609,2260.067821967766,13892.285422244619,29476.72475816083,29352.406170877806,6.145446329636599,130.4640336126635,727.9888291591299,15168.58311779358,15149.196660929962,12270.849295353273,1200.0,1200.0,9.094947017729282e-13,1.1368683772161603e-13,7,0
2025-03-22,11931.276557316747,49.985187763883545,0.0,0.0,49.985187763883545,1238.4152892876161,13219.677034368247,29675.12751791894,29727.529220926408,52.40170300746771,0.0,585.1943712085832,11585.71134195913,14977.96061496071,12132.148098118178,1200.0,1200.0,1.8189894035458565e-12,1.1368683772161603e-13,7,0
2025-03-23,40351.57953810142,228.5347812163925,675.3856687398456,337.6928343699228,-109.15805315353032,3884.303184588801,44126.72466953669,66214.995935857,65577.8504486171,290.6613481247108,927.8068353646051,974.8054766046433,3726.5724265294916,21349.280958029427,17292.91757600384,1200.0,1200.0,4.547473508864641e-13,1.1368683772161603e-13,7,0
2025-03-24,39430.028102050535,1160.6028684631915,489.27002950107874,244.63501475053937,915.9678537126521,3032.440545211216,43378.4365009744,64718.690153953416,64802.56231740925,987.1748116587228,903.3026482028909,944.4841423206099,3590.696638835173,21883.435460849225,17725.582723287873,1200.0,1200.0,9.094947017729282e-13,1.1368683772161603e-13,7,0
2025-03-25,40614.9824051426,182.8369515949942,698.1342204287985,349.06711021439924,-166.23015861940507,4816.891805693011,45265.64405221621,66680.77793423363,65600.61947066593,119.93103371109635,1200.089497278796,1308.9233899432588,1861.7342899981486,21566.75712602305,17469.07327207867,1200.0,1200.0,4.547473508864641e-13,1.1368683772161603e-13,7,0
2025-03-26,38404.89885552159,409.16008354994636,388.1858066203656,194.0929033101828,215.06718023976356,2651.9525980285725,41271.91863378993,63195.00932397296,62902.82455354533,359.79830170862556,651.9830721362547,752.2380078198775,3970.706835158791,21535.7939975776,17443.99313803785,1200.0,1200.0,9.094947017729282e-13,1.1368683772161603e-13,7,0
2025-03-27,38961.11380573208,302.159341066436,470.44572350327803,235.22286175163902,66.93647931479703,5512.64389569068,44540.694180737555,64328.87380528616,63933.42362129867,219.86860066852472,615.3187846560079,1441.5403599807419,2560.0870903521154,21567.828899617358,17469.941408690058,1200.0,1200.0,1.8189894035458565e-12,1.1368683772161603e-13,7,0
2025-03-28,11679.073734346799,102.18471333778471,0.0,0.0,102.18471333778471,1528.993173653914,13310.251621338499,29409.83785874872,29511.519331226053,101.68147247733188,0.0,497.4085698049355,16311.705315918607,15133.377991819536,12258.036173373825,1200.0,1200.0,9.094947017729282e-13,1.1368683772161603e-13,7,0
2025-03-29,11559.126120177058,231.80546931916908,0.0,0.0,231.80546931916908,1791.4546026648438,13582.38619216107,28795.92173868796,29038.09608948233,242.17435079436416,0.0,573.0232896448956,19129.856433398538,14600.282959975535,11826.229197580185,1200.0,1200.0,9.094947017729282e-13,1.1368683772161603e-13,7,0
2025-03-30,37211.35995137515,18.796561553567685,1013.6818135620101,506.84090678100506,-488.0443452274375,5284.636910555231,42007.952516702935,62414.48889389094,60503.08091445324,11.924442358501324,1923.332421796203,1384.9984594953535,2480.2314459300505,21380.1485685186,17317.920340500063,1200.0,1200.0,1.8189894035458565e-12,1.1368683772161603e-13,7,0
2025-03-31,35909.63169480691,2422.855460469277,0.0,0.0,2422.855460469277,5403.143196909318,43735.63035218551,59305.672940748336,62496.68065946481,3191.0077187164693,0.0,1383.9892111390946,2838.968463935959,21527.95749123479,17437.645567900174,1200.0,1200.0,1.8189894035458565e-12,1.1368683772161603e-13,7,0
2025-04-01,38917.32933274243,2309.667575478611,0.0,0.0,2309.667575478611,5123.9165959110815,46350.91350413213,63144.296687724156,65586.65597857037,2442.359290846208,0.0,1329.5423815945314,2673.4482771433377,21231.045086078368,17197.146519723476,1200.0,1200.0,9.094947017729282e-13,1.1368683772161603e-13,7,0
2025-04-02,38037.52426433287,2758.6057068707373,89.84099611640968,44.92049805820484,2713.6852088125324,3657.978942724624,44409.18841587003,62839.096877751166,65665.38440034034,2927.0667578101375,100.77923522096637,943.1878017708655,2103.518159539677,21419.571803008013,17349.85316043649,1200.0,1200.0,1.8189894035458565e-12,1.1368683772161603e-13,7,0
2025-04-03,38856.89098468545,267.01094801460704,107.4479575260973,53.72397876304865,213.2869692515584,1883.2019244662265,40953.37987840324,63430.69166854338,63409.18362839082,251.6466264770463,273.1546666296049,492.55822989625517,3908.9311758512495,21733.054819837685,17603.77440406852,1200.0,1200.0,1.8189894035458565e-12,1.1368683772161603e-13,7,0
2025-04-04,11052.722570484755,7.157570362847529,0.0,0.0,7.157570362847529,1290.1657679295745,12350.045908777178,28413.37572681052,28420.91874542454,7.543018614024163,0.0,421.8908936515115,19678.418043533296,14387.312344961909,11653.722999419153,1200.0,1200.0,9.094947017729282e-13,1.1368683772161603e-13,7,0
2025-04-05,11329.904887738427,0.0,0.0,0.0,0.0,2081.01110278639,13410.915990524816,28436.20790437371,28436.20790437371,0.0,0.0,693.2749891223975,14400.612939590406,14130.289318801915,11445.53434822955,1200.0,1200.0,1.8189894035458565e-12,1.1368683772161603e-13,7,0
2025-04-06,37534.14163255977,838.0263595511974,192.10965200155934,96.05482600077967,741.9715335504178,1498.2712294104972,39774.38439552068,62355.2246302871,62642.08862880687,679.6447365836046,392.78073806382287,364.8046722656831,4508.328100225518,21518.36281147565,17429.873877295275,1200.0,1200.0,1.8189894035458565e-12,1.1368683772161603e-13,7,0
2025-04-07,35662.8500595638,690.4050830347076,0.0,0.0,690.4050830347076,1542.4257866970793,37895.68092929559,59545.65454784689,60276.09039737325,730.4358495263562,0.0,479.8511274428008,3585.6890872374147,20671.227127606868,16743.69397336156,1200.0,1200.0,1.8189894035458565e-12,1.1368683772161603e-13,7,0
2025-04-08,36667.83149097264,376.0549574633349,368.58372718298904,184.29186359149452,191.76309387184034,3771.68217140421,40631.276756248684,61688.50776593297,61271.51174565141,259.77490032364767,676.7709206051973,876.8390032235109,3737.4554335684575,21356.324729683114,17298.623031043317,1200.0,1200.0,9.094947017729282e-13,1.1368683772161603e-13,7,0
2025-04-09,36466.95997363867,3555.760845248815,0.0,0.0,3555.760845248815,3999.0054765267996,44021.72629541428,60680.982561000215,64896.22148003625,4215.238919036047,0.0,1084.1740270848559,2728.4030919905417,21672.007360336323,17554.32596187242,1200.0,1200.0,1.8189894035458565e-12,1.1368683772161603e-13,7,0
2025-04-10,36613.88713085257,1163.3629173163324,175.14192194967532,87.57096097483766,1075.7919563414948,3974.7440084623463,41664.423095656406,60602.98193094156,61962.1062665469,1706.4291132351354,347.3047776297933,911.2287945508624,4375.559823771297,21248.091249086654,17210.95391176019,1200.0,1200.0,9.094947017729282e-13,1.1368683772161603e-13,7,0
2025-04-11,10777.244287120797,0.0,33.40912630171123,16.704563150855616,-16.704563150855616,2395.927314313243,13156.467038283185,27412.4876988099,27356.284436844842,0.0,56.20326196505387,779.7382768028226,20190.701600282948,13835.110245779246,11206.43929908119,1200.0,1200.0,1.8189894035458565e-12,1.1368683772161603e-13,7,0
2025-04-12,10887.14368508957,0.0,49.54907360303555,24.774536801517776,-24.774536801517776,1064.2477809293318,11926.616929217384,28145.798007029916,28059.410640155074,0.0,86.38736687484176,340.9779552408562,16734.345665510544,13899.380946765217,11258.498566879829,1200.0,1200.0,1.8189894035458565e-12,1.1368683772161603e-13,7,0
2025-04-13,35974.48543114881,401.94265632911066,0.0,0.0,401.94265632911066,3369.677260292695,39746.105347770615,59679.654394899844,60097.38109262702,417.7266977271819,0.0,890.4340192124489,2669.118498140929,21275.463844027487,17233.125713662273,1200.0,1200.0,9.094947017729282e-13,1.1368683772161603e-13,7,0
2025-04-14,36296.49219283423,0.0,2097.9647645312853,1048.9823822656426,-1048.9823822656426,4853.6288696816155,40101.13868025021,60995.27749710164,57643.18111005216,0.0,3352.096387049488,1354.9033230637692,2526.634896444318,20754.83019300844,16811.41245633684,1200.0,1200.0,1.8189894035458565e-12,1.1368683772161603e-13,7,0
2025-04-15,34408.06633538632,303.652975191386,166.8508089150107,83.42540445750535,220.22757073388067,2832.8250193150707,37461.11892543527,58513.09009250531,58376.4556618285,303.0985445887684,439.73297526557985,684.0731130362526,4951.238287384767,20894.00870603495,16924.147051888307,1200.0,1200.0,1.8189894035458565e-12,1.1368683772161603e-13,7,0
2025-04-16,36223.06997551599,659.7092983927221,66.38450506025521,33.192252530127604,626.5170458625945,4098.21843410965,40947.805455488226,60692.94357816044,61101.44255095265,541.9888281315584,133.48985533934285,1117.056780621922,2498.0845872677683,20741.172601614755,16800.34980730795,1200.0,1200.0,1.8189894035458565e-12,1.1368683772161603e-13,7,0
2025-04-17,34501.914577980875,912.9663838930749,0.0,0.0,912.9663838930749,3277.0736840942536,38691.9546459682,57739.52282701791,58877.125010628486,1137.6021836105751,0.0,753.9729435907966,2882.501425994932,20422.39041170707,16542.136233482728,1200.0,1200.0,1.8189894035458565e-12,1.1368683772161603e-13,7,0
2025-04-18,10506.032034091046,0.0,2.8087138640935,1.40435693204675,-1.40435693204675,1008.8500063338768,11513.477683492876,26883.18429239607,26878.390447261925,0.0,4.793845134141492,429.2057376025433,18363.155382440622,13633.282205739568,11042.958586649049,1200.0,1200.0,9.094947017729282e-13,1.1368683772161603e-13,7,0
2025-04-19,10459.827533372967,109.72407046230398,0.0,0.0,109.72407046230398,1237.571429386635,11807.123033221906,26788.54149916141,26918.27479671463,129.73329755322283,0.0,489.1071134518746,18039.067168874895,13598.081533113722,11014.446041822115,1200.0,1200.0,9.094947017729282e-13,1.1368683772161603e-13,7,0
2025-04-20,34611.525613078506,760.9739646228467,192.57323078024785,96.28661539012393,664.6873492327227,2438.6315449648464,37714.844507276066,58629.403096033166,58804.3195341826,587.3898624960746,412.4734243466311,735.2946727870451,3557.5003439275943,21180.889366887983,17156.520387179266,1200.0,1200.0,9.094947017729282e-13,1.1368683772161603e-13,7,0
2025-04-21,34315.89468799524,0.0,2350.9888454155707,1175.4944227077854,-1175.4944227077854,4647.213712264869,37787.61397755233,59149.319482611565,53868.876521924045,0.0,5280.442960687515,1300.2680315177656,2937.977412458522,19548.719777105012,15834.463019455055,1200.0,1200.0,1.8189894035458565e-12,1.1368683772161603e-13,7,0
2025-04-22,33973.61462738976,505.88849598232775,0.0,0.0,505.88849598232775,4705.520649758949,39185.02377313104,57217.6357229489,57788.659816194966,571.0240932460624,0.0,1316.7836239506378,3061.2920653411124,20480.116095462203,16588.894037324382,1200.0,1200.0,1.8189894035458565e-12,1.1368683772161603e-13,7,0
2025-04-23,33870.08584506889,994.817222757241,0.0,0.0,994.817222757241,2896.8089814583573,37761.712049284484,56455.07726461254,57787.329733332794,1332.252468720246,0.0,826.0157514553423,3357.429219339031,20294.734467275986,16438.73491849355,1200.0,1200.0,1.8189894035458565e-12,1.1368683772161603e-13,7,0
2025-04-24,33855.41853278209,627.6203905500217,902.1166659827896,451.0583329913948,176.56205755862686,2081.7130771826487,36113.69366752337,57234.27879833491,55709.5355725702,463.38178941337304,1988.125015178085,499.358932084411,5344.349401952955,19865.465277377167,16091.026874675503,1200.0,1200.0,9.094947017729282e-13,1.1368683772161603e-13,7,0
2025-04-25,9780.383567882245,0.0,69.11115229233393,34.55557614616696,-34.55557614616696,1382.9395403866276,11128.767532122707,25992.447660969498,25876.261142867366,0.0,116.18651810213015,395.14307983904246,21799.563234461217,13007.807043395742,10536.323705150551,1200.0,1200.0,9.094947017729282e-13,1.1368683772161603e-13,7,0
2025-04-26,10057.238493113293,250.25346195267906,0.0,0.0,250.25346195267906,1639.770531104887,11947.262486170857,25986.39727781828,26259.39979130397,273.0025134856893,0.0,516.290292621665,24265.65165964904,12841.288373385563,10401.443582442309,1200.0,1200.0,1.8189894035458565e-12,1.1368683772161603e-13,7,0
2025-04-27,31425.041183186822,2247.4307395329906,27.29479945004455,13.647399725022275,2233.7833398079683,5397.114581443297,39055.93910443809,52931.2067484152,55582.48209866525,2747.8054124668274,96.53006221677975,1332.3508846753994,4646.856823875804,19444.763032271094,15750.258056139584,1200.0,1200.0,1.8189894035458565e-12,1.1368683772161603e-13,7,0
2025-04-28,33655.071560736484,5084.354813318464,0.0,0.0,5084.354813318464,4213.024441971345,42952.45081602629,56214.47510636087,61632.26096401014,5417.78585764927,0.0,978.7515712863792,2223.973219260097,19816.168417735535,16051.096418365783,1200.0,1200.0,9.094947017729282e-13,1.1368683772161603e-13,7,0
2025-04-29,31963.736571274516,1205.2568040051847,57.22436335465594,28.61218167732797,1176.6446223278567,1848.5774250300165,34988.95861863239,53946.14229111676,54782.89346979596,1001.0893368414129,164.33815816221068,476.633931899841,4258.399572489847,18778.495329154153,15210.58121661486,1200.0,1200.0,9.094947017729282e-13,1.1368683772161603e-13,7,0
2025-04-30,31367.08828600373,235.93367007302814,550.2662849316869,275.13314246584343,-39.19947239281533,7170.213918844266,38498.10273245518,52803.37209459463,52453.63484141645,347.8224383922807,697.5596915704631,2128.149765923518,2805.0560129174755,18525.653479416604,15005.779318327444,1200.0,1200.0,1.8189894035458565e-12,1.1368683772161603e-13,7,0
2025-05-01,32734.080931736782,1486.2763144791531,27.464518036687934,13.732259018343967,1472.5440554608092,15377.63081169715,49584.25579889475,53245.17611655176,54474.52406551795,1297.8206682301388,68.47271926394285,3327.509331551624,3118.092014043558,19329.276752768514,15656.714169742492,1200.0,1200.0,9.094947017729282e-13,1.1368683772161603e-13,7,0
2025-05-02,10857.334379067703,265.4336554971262,0.0,0.0,265.4336554971262,8466.900731177118,19589.668765741946,26441.475288916416,26715.157387963183,273.6820990467678,0.0,2328.015822532852,12270.412340513993,13065.47782446686,10583.037037818154,1200.0,1200.0,9.094947017729282e-13,1.1368683772161603e-13,7,0
2025-05-03,11077.787081096172,0.0,6.7378317664423,3.36891588322115,-3.36891588322115,6569.372652291483,17643.790817504436,27070.58432909907,27060.3431207301,0.0,10.241208368970632,1609.2546340686708,17323.415619015013,13047.423609388215,10568.41312360446,1200.0,1200.0,1.8189894035458565e-12,1.1368683772161603e-13,7,0
2025-05-04,35978.90932016318,0.0,2030.246885259212,1015.123442629606,-1015.123442629606,10714.840795910308,45678.62667344388,58369.1049748448,54828.76011505428,0.0,3540.344859790518,2879.5631675165705,2458.37438668142,18501.481908189995,14986.20034563389,1200.0,1200.0,1.8189894035458565e-12,1.1368683772161603e-13,7,0
2025-05-05,37370.666529218004,489.33449890507757,931.7503211609794,465.8751605804897,23.45933832458786,6246.014107915671,43640.13997545826,60505.896189848034,59996.888913880626,679.4144101761246,1188.421686143536,1507.4698417894442,2424.9578835749294,21070.495116290218,17067.101044195075,1200.0,1200.0,1.8189894035458565e-12,1.1368683772161603e-13,7,0
2025-05-06,36079.56493908138,1141.0820818346551,456.5978025962496,228.2989012981248,912.7831805365304,7162.010488357247,44154.358607975155,57062.809665785215,57454.35544461604,1365.1354724933612,973.5896936625367,1817.6796075892537,2760.140771715839,19167.431125383107,15525.619211560317,1200.0,1200.0,1.8189894035458565e-12,1.1368683772161603e-13,7,0
2025-05-07,36947.705680357685,1420.6188040540171,0.0,0.0,1420.6188040540171,5101.2701949175025,43469.59467932921,58639.505274676034,60534.413453275905,1894.908178599869,0.0,1131.6035899892454,2815.4534987502684,19909.03997113095,16126.322376616074,1200.0,1200.0,1.8189894035458565e-12,1.1368683772161603e-13,7,0
2025-05-08,39310.41021412855,327.72190573159344,226.9710890135875,113.48554450679374,214.23636122479965,3843.7734427317228,43368.42001808507,62645.5034978333,62830.864584774434,439.2319360528738,253.8708491117435,947.8898306944242,4125.808726261999,20139.122574772893,16312.689285566039,1200.0,1200.0,1.8189894035458565e-12,1.1368683772161603e-13,7,0
2025-05-09,12470.917713089999,24.261857853065212,0.0,0.0,24.261857853065212,1301.2700552884953,13796.449626231559,29103.808331367738,29130.065553387514,26.257222019777853,0.0,458.74879737004767,18624.070035809054,12975.570868150047,10510.212403201538,1200.0,1200.0,9.094947017729282e-13,1.1368683772161603e-13,7,0
2025-05-10,12322.13579211226,96.79330162531758,0.0,0.0,96.79330162531758,1563.419962102946,13982.349055840525,28605.586247627733,28717.56139144044,111.97514381270616,0.0,556.7744382650055,14698.823334488563,12918.248483597628,10463.781271714082,1200.0,1200.0,9.094947017729282e-13,1.1368683772161603e-13,7,0
2025-05-11,37694.204133960666,13.769403279251474,390.9913979412215,195.49569897061076,-181.7262956913593,5577.758310602113,43090.236148871416,61315.506565172116,60494.85094048432,14.103180334862387,834.7588050226611,1507.0588654169142,2757.660429117877,19790.36996552642,16030.199672076398,1200.0,1200.0,1.8189894035458565e-12,1.1368683772161603e-13,7,0
2025-05-12,36799.72294137436,650.8919125554983,19.554273940218344,9.777136970109172,641.1147755853892,3530.932501858398,40971.77021881816,58897.05055503544,59529.38003579939,662.6406809172379,30.31120015329401,922.3274459892322,5072.577471393116,18147.025142432485,14699.090365370314,1200.0,1200.0,1.8189894035458565e-12,1.1368683772161603e-13,7,0
2025-05-13,38070.00203543893,0.0,1359.0005810168843,679.5002905084422,-679.5002905084422,3914.6781502226722,41305.17989515316,62412.93774812644,59795.928366833876,0.0,2617.009381292561,907.5562309595609,3983.644384880092,18898.039190771946,15307.411744525272,1200.0,1200.0,1.8189894035458565e-12,1.1368683772161603e-13,7,0
2025-05-14,37154.12448085549,770.9042482715923,1355.190085669381,677.5950428346905,93.30920543690183,3065.5135502764424,40312.94723656884,60965.04496278171,59569.73622861912,1097.3082744922472,2492.617008654828,865.5996472529697,3893.3295160455723,18567.67145522729,15039.813878734103,1200.0,1200.0,9.094947017729282e-13,1.1368683772161603e-13,7,0
2025-05-15,38031.23746220506,143.94548788118095,279.1933439617958,139.5966719808979,4.348815900283057,2486.0572305226297,40521.64350862798,60369.76184704791,60070.51859655577,242.12792724524337,541.3711777373805,713.2858638428638,4422.734206219882,18926.378793923242,15330.366823077822,1200.0,1200.0,1.8189894035458565e-12,1.1368683772161603e-13,7,0
2025-05-16,11728.787821797116,0.0,172.78748044211795,86.39374022105898,-86.39374022105898,1712.908149785601,13355.302231361657,27716.527902162823,27433.218721653837,0.0,283.3091805089876,608.1260482041155,22968.41652342334,12407.482700533019,10050.060987431742,1200.0,1200.0,1.8189894035458565e-12,1.1368683772161603e-13,7,0
2025-05-17,11633.82391017743,0.0,27.12933986739875,13.564669933699374,-13.564669933699374,3460.0977404318073,15080.35698067554,27536.031699342107,27492.867611789807,0.0,43.164087552299726,989.5083911326697,15671.144874425201,12433.852869283895,10071.420824119954,1200.0,1200.0,1.8189894035458565e-12,1.1368683772161603e-13,7,0
2025-05-18,37533.03448819401,0.0,458.09095300492163,229.04547650246082,-229.04547650246082,2707.913963836318,40011.90297552787,61675.15100209663,61006.95296718358,0.0,668.1980349130561,870.8387623123757,4598.33459178944,18964.67914582378,15361.390108117259,1200.0,1200.0,9.094947017729282e-13,1.1368683772161603e-13,7,0
2025-05-19,35755.46988190206,130.63063408827057,902.5900779678298,451.2950389839149,-320.6644048956443,2903.3361114145846,38338.141588421,59426.60392239881,56973.63912693485,107.78054896952196,2560.745344433485,538.069876816666,6523.610885366153,18278.324044133507,14805.44247574814,1200.0,1200.0,9.094947017729282e-13,1.1368683772161603e-13,7,0
2025-05-20,35454.763597335084,1054.2140247264247,43.52400881824433,21.762004409122166,1032.4520203173026,5248.0025621068135,41735.2181797592,58575.69481206378,59713.29461533651,1178.942771092383,41.34296781965213,1191.6717102192708,2787.438248482131,18895.438212668352,15305.304952261367,1200.0,1200.0,1.8189894035458565e-12,1.1368683772161603e-13,7,0
2025-05-21,35306.15057417266,1262.9913172905253,162.67051383695951,81.33525691847976,1181.6560603720454,3423.2929114317185,39911.09954597642,57139.61966295869,57952.750840412584,1267.7872659260752,454.65608847217936,888.2218475867071,3956.6746325965623,18535.172484575764,15013.48971250637,1200.0,1200.0,9.094947017729282e-13,1.1368683772161603e-13,7,0
2025-05-22,36172.55153521835,0.0,300.6747520371174,150.3373760185587,-150.3373760185587,2232.030461770275,38254.24462097007,58560.53286052951,58044.335545469694,0.0,516.1973150598083,693.7551692760817,4378.791740014718,18645.621884549415,15102.953726485022,1200.0,1200.0,9.094947017729282e-13,1.1368683772161603e-13,7,0
2025-05-23,11312.83149880527,396.6521701843467,0.0,0.0,396.6521701843467,1028.8724732179642,12738.356142207582,27126.137399829568,27578.147619555748,452.0102197261823,0.0,411.81222263038717,19231.42183369078,12303.100658747448,9965.511533585426,1200.0,1200.0,1.8189894035458565e-12,1.1368683772161603e-13,7,0
2025-05-24,11760.200530221973,0.0,131.69867165173733,65.84933582586866,-65.84933582586866,1454.9718452265413,13149.323039622646,27284.683483789464,27072.532050214213,0.0,212.15143357525085,560.5678709573406,21563.977338487264,12182.216838689259,9867.595639338298,1200.0,1200.0,1.8189894035458565e-12,1.1368683772161603e-13,7,0
2025-05-25,35894.94384107983,42.69164902488218,975.5869341820354,487.7934670910177,-445.1018180661355,3161.2093485983223,38611.051371612026,58974.67071713179,56739.58804558419,36.828282439272016,2271.9109539868705,759.7984369474466,5461.356252912157,18384.316033084964,14891.29598679882,1200.0,1200.0,1.8189894035458565e-12,1.1368683772161603e-13,7,0
2025-05-26,35133.76840780112,2332.6158762585137,0.0,0.0,2332.6158762585137,4604.20958101807,42070.593865077695,57463.726557342685,60149.426603023385,2685.700045680699,0.0,1312.1608168453981,3332.9212169047455,18678.06975244231,15129.236499478267,1200.0,1200.0,1.8189894035458565e-12,1.1368683772161603e-13,7,0
2025-05-27,34306.310166972515,72.8621791526265,194.8504158997856,97.4252079498928,-24.5630287972663,4175.763281928763,38457.510420104016,56021.88326283972,55776.43289245061,116.91744318324169,362.36781357235793,1122.9808884081422,4261.904122986168,17090.22293617148,13843.080578298901,1200.0,1200.0,9.094947017729282e-13,1.1368683772161603e-13,7,0
2025-05-28,36683.39789090937,297.48315229968085,495.7903756233376,247.8951878116688,49.58796448801208,2952.154358075897,39685.14021347328,60039.64281465981,59287.172367749736,205.5947744841967,958.0652213942781,885.5947638145051,4220.624124069778,19359.57319733924,15681.254289844785,1200.0,1200.0,1.8189894035458565e-12,1.1368683772161603e-13,7,0
2025-05-29,36593.26244291272,705.4630530369844,298.56317843869994,149.28158921934997,556.1814638176345,5865.8310909855,43015.27499771585,59510.45168896232,59761.99977014371,816.501174956969,564.9530937755825,1455.0426116772876,3410.064442415296,19457.128628451042,15760.274189045342,1200.0,1200.0,9.094947017729282e-13,1.1368683772161603e-13,7,0
2025-05-30,11553.848872139595,201.66366060577423,0.0,0.0,201.66366060577423,1505.7157325012706,13261.228265246638,27129.513131203843,27341.787809219728,212.27467801588665,0.0,605.8792143130177,19014.380850444282,12300.278454851574,9963.225548429777,1200.0,1200.0,9.094947017729282e-13,1.1368683772161603e-13,7,0
2025-05-31,11666.658036710793,0.0,199.36033358437987,99.68016679218994,-99.68016679218994,1896.5491646268638,13463.527034545466,28092.895523952393,27741.334811706103,0.0,351.56071224628613,753.7672829668788,17678.302851216526,12776.935228718168,10349.31753526171,1200.0,1200.0,1.8189894035458565e-12,1.1368683772161603e-13,7,0
2025-06-01,43738.50592374869,2255.698080771851,104.23793551321988,52.11896775660994,2203.5791130152406,36114.87582577279,82056.96086253673,65750.25016672464,67841.17708905543,2190.964960009936,100.03803767914599,8353.981382365784,939.0479938614451,21217.285145051406,17186.000967491644,1200.0,1200.0,9.094947017729282e-13,3.163131623296067e-08,7,0
2025-06-02,45035.39059285116,863.7520005445751,1391.7382823524301,695.8691411762151,167.88285936835996,29968.882640398242,75172.15609261776,68943.13584835826,66729.10188732416,664.8566835429409,2878.8906445770485,6922.421720756092,859.3309510655486,21849.395826393113,17698.010619378412,1200.0,1200.0,9.094947017729282e-13,1.1368683772161603e-13,7,0
2025-06-03,46076.82552658742,254.79110896772104,78.8823269584294,39.4411634792147,215.34994548850636,18580.429176198286,64872.60464827421,69964.4219853203,70027.73010040127,217.32664737786442,154.01853229690255,4293.190200693329,1962.0320476023144,21929.06010609971,17762.538685940774,1200.0,1200.0,9.094947017729282e-13,1.1368683772161603e-13,7,0
2025-06-04,51862.10297080378,37.68596658178517,2798.03182743687,1399.015913718435,-1361.3299471366497,12039.163459682473,62539.93648334961,77355.38570374555,73295.37164402762,25.941111107697452,4085.955170825622,3177.344405605732,2557.344141721111,22474.26890129254,18204.157810046963,1200.0,1200.0,1.8189894035458565e-12,1.1368683772161603e-13,7,0
2025-06-05,49975.4762422997,697.8873159629126,243.89746566419905,121.94873283209952,575.938583130813,10051.799277428265,60603.214102858794,74477.9635257951,74582.40739299232,525.2862532991232,420.8423861019003,2438.017539373226,1679.9714898782713,22058.607504318996,17867.47207849838,1200.0,1200.0,9.094947017729282e-13,1.1368683772161603e-13,7,0
2025-06-06,18082.90255361749,26.97142248603769,0.0,0.0,26.97142248603769,4353.573333216244,22463.44730931977,35537.211275810514,35563.78010633817,26.568830527657646,0.0,1283.741993327752,3482.833272013577,13208.912777117592,10699.219349465246,1200.0,1200.0,1.8189894035458565e-12,1.1368683772161603e-13,7,0
2025-06-07,18860.717368821137,221.77325104471458,177.1056416543833,88.55282082719165,133.22043021752293,1901.3867413629196,20895.324540401576,37985.984620622236,37833.792735072246,209.35421687313942,361.5461024231273,586.8062894320838,4733.498451511822,13476.775822767611,10916.188416441764,1200.0,1200.0,9.094947017729282e-13,1.1368683772161603e-13,7,0
2025-06-08,54603.722439958554,0.0,3356.73621216257,1678.368106081285,-1678.368106081285,864.3857433695817,53789.74007724685,81311.37809720944,76459.1992926879,0.0,4852.1788045215235,250.26301653475352,7524.491951790724,21052.87942508035,17052.83233431508,1200.0,1200.0,9.094947017729282e-13,1.1368683772161603e-13,7,0
2025-06-09,57830.41829661554,0.0,2939.8596602062657,1469.9298301031329,-1469.9298301031329,2645.0044220327864,59005.4928885452,83504.18818040076,79549.22209924422,0.0,3954.9660811565495,736.753392603431,5227.181543216599,21716.216922619526,17590.135707321817,1200.0,1200.0,9.094947017729282e-13,2.2737367544323206e-13,7,0
2025-06-10,55347.34240134304,145.23792693976878,593.3507518314643,296.67537591573216,-151.43744897596338,3826.795227240473,59022.70017960755,80778.9739711628,79950.02378790895,98.21394581009054,927.1641290639452,1108.026444697783,5236.267529103167,22122.834053527582,17919.49558335734,1200.0,1200.0,1.8189894035458565e-12,2.2737367544323206e-13,7,0
2025-06-11,57077.58102515241,624.6174606798977,100.72649246678574,50.36324623339287,574.2542144465048,4558.5791262868515,62210.414365885765,82865.39343714666,83282.17079598937,573.2139429799151,156.43658413721482,999.4843326564835,3740.5942641841775,23455.86604102629,18999.251493231295,1200.0,1200.0,9.094947017729282e-13,1.1368683772161603e-13,7,0
2025-06-12,56426.66188632655,0.0,1410.7870502179846,705.3935251089923,-705.3935251089923,3128.872469603699,58850.140830821256,81951.49411048632,80152.45581168748,0.0,1799.0382987988412,730.8345353674067,4310.079046697669,21688.525615915187,17567.7057488913,1200.0,1200.0,1.8189894035458565e-12,2.2737367544323206e-13,7,0
2025-06-13,18123.952360818486,0.0,226.98444219439705,113.49222109719852,-113.49222109719852,1920.963404534919,19931.423544256206,36377.376049216065,36021.367484950824,0.0,356.00856426523245,515.1948107523165,5528.405209182872,14014.965192211936,11352.121805691666,1200.0,1200.0,9.094947017729282e-13,1.1368683772161603e-13,7,0
2025-06-14,18731.21288124759,0.0,520.8913528292501,260.44567641462504,-260.44567641462504,2122.8777527189422,20593.644957551907,36719.65436217701,35960.9700693522,0.0,758.6842928248127,709.8702456224052,7912.291080409626,13501.086760868326,10935.880276303345,1200.0,1200.0,1.8189894035458565e-12,1.1368683772161603e-13,7,0
2025-06-15,54847.902093092765,140.0955580354688,442.8295019098454,221.4147509549227,-81.31919291945393,2368.7030466750693,57135.28594684838,80339.19894749984,80042.39987738812,164.51108500929126,461.31015512101305,539.6910599321535,5685.6000224506715,22471.139902822397,18201.623321286137,1200.0,1200.0,9.094947017729282e-13,1.1368683772161603e-13,7,0
2025-06-16,56245.67435939373,6.0180335525080215,1254.953379234315,627.4766896171575,-621.4586560646495,4146.834939970593,59771.05064329968,81482.87898409473,80128.79601694454,7.286637065635091,1361.369604215823,1050.3151208686545,4216.814409561325,22464.441639922057,18196.19772833686,1200.0,1200.0,9.094947017729282e-13,1.1368683772161603e-13,7,0
2025-06-17,56732.226557236216,93.64569323475313,270.16322905225144,135.08161452612572,-41.4359212913726,5988.963452219084,62679.75408816393,82254.36794037087,81926.32575059673,69.78967000717705,397.8318597813285,1329.6469971379256,4280.090230334683,22836.16474070159,18497.293439968285,1200.0,1200.0,1.8189894035458565e-12,1.1368683772161603e-13,7,0
2025-06-18,56572.14010190646,0.0,1661.4786192086087,830.7393096043044,-830.7393096043044,2310.268481398386,58051.66927370053,82292.01520130027,80357.7789180146,0.0,1934.2362832856484,567.4559888776619,5818.892304156022,21989.219488085513,17811.267785349268,1200.0,1200.0,1.8189894035458565e-12,1.1368683772161603e-13,7,0
2025-06-19,53140.15881570974,792.4646662020422,2775.6509984134577,1387.8254992067289,-595.3608330046867,4701.102928972139,57245.9009116772,78921.49828613838,75561.61645549924,639.9811439722537,3999.86297461139,1176.5577298628555,4338.287433738849,21791.487113806594,17651.104562183347,1200.0,1200.0,9.094947017729282e-13,1.1368683772161603e-13,7,0
2025-06-20,17348.855562019664,0.0,196.53426517516965,98.26713258758483,-98.26713258758483,1394.8653269508245,18645.453756382907,34573.09526977275,34277.03103941508,0.0,296.0642303576646,550.9387881503465,9834.339999626063,13647.626199680852,11054.577221741489,1200.0,1200.0,1.8189894035458565e-12,1.1368683772161603e-13,7,0
2025-06-21,17140.928103635866,0.0,186.77740508583565,93.38870254291783,-93.38870254291783,2205.0256062214667,19252.565007314413,34572.33022256039,34259.65953339804,0.0,312.6706891623562,697.0003593244522,13007.166381812727,13761.858478472408,11147.10536756265,1200.0,1200.0,9.094947017729282e-13,1.1368683772161603e-13,7,0
2025-06-22,52496.471102989,676.31864299628,2022.442435192793,1011.2212175963965,-334.9025746001164,3833.2106798176064,55994.77920820649,77985.07601376457,75588.42647036855,563.5894142642505,2960.238957660272,853.7172567415006,4935.303892688971,21313.15123379517,17263.65249937409,1200.0,1200.0,9.094947017729282e-13,2.2737367544323206e-13,7,0
2025-06-23,51769.03891584555,0.0,1024.2418758372614,512.1209379186307,-512.1209379186307,3500.5645735443513,54757.48255147128,77351.90765397492,75815.49426504126,0.0,1536.4133889336592,824.5329707222791,5425.049679202974,21861.534508213477,17707.84295165291,1200.0,1200.0,9.094947017729282e-13,1.1368683772161603e-13,7,0
2025-06-24,56834.48610534289,33.421748999783986,109.49191566176393,54.74595783088196,-21.324208831097977,8250.868466735348,65064.03036324715,82112.11337658248,81971.65801453197,22.791380424586578,163.24674247508779,1854.2650828650721,2975.520405341751,24113.739168712054,19532.128726656756,1200.0,1200.0,9.094947017729282e-13,1.1368683772161603e-13,7,0
2025-06-25,51568.999329531376,745.7887348268358,152.74302741876394,76.37151370938197,669.4172211174539,4530.46848699817,56768.885037647,77694.57858925422,78099.93587166106,620.3083361893107,214.95105378248047,946.3189233421141,4377.885867488039,22268.145057097194,18037.19749624873,1200.0,1200.0,1.8189894035458565e-12,1.1368683772161603e-13,7,0
2025-06-26,49803.556985000905,0.0,219.7410137725559,109.87050688627795,-109.87050688627795,3447.75900951131,53141.44548762594,75582.21511686519,75319.8001588124,0.0,262.4149580527826,829.6402424530495,4442.584707076375,21891.957162398678,17732.485301542933,1200.0,1200.0,1.8189894035458565e-12,1.1368683772161603e-13,7,0
2025-06-27,16256.341651521121,0.0,488.52353944508434,244.26176972254217,-244.26176972254217,2331.8597419934317,18343.939623792012,33680.49227396032,32893.296590713835,0.0,787.1956832464888,759.6903812154796,11088.531789724111,14698.996397571234,11906.1870820327,1200.0,1200.0,1.8189894035458565e-12,1.1368683772161603e-13,7,0
2025-06-28,16282.785394075398,57.420905576236635,0.0,0.0,57.420905576236635,1944.406348421002,18284.612648072634,33182.1001122084,33249.0830774382,66.9829652298044,0.0,689.2406480649975,9683.666509898801,13040.689994409073,10562.958895471345,1200.0,1200.0,9.094947017729282e-13,1.1368683772161603e-13,7,0
2025-06-29,51036.193938446784,1659.4906368727156,748.623150359987,374.3115751799935,1285.1790616927221,5929.85169489102,58251.22469503053,75600.61989854486,75918.95315705833,1396.6528910337688,1078.3196325202944,1586.9810214409758,4060.803610792599,21986.11597038624,17808.75393601286,1200.0,1200.0,9.094947017729282e-13,1.1368683772161603e-13,7,0
2025-06-30,52166.6563306451,41.46499977906585,625.1401742869001,312.57008714345005,-271.1050873643842,6013.492203004023,57909.04344628473,78038.46691447226,77175.98086457863,26.787128185181018,889.2731780788273,1464.47013567772,4553.875010100385,22152.06319380332,17943.17118698069,1200.0,1200.0,9.094947017729282e-13,1.1368683772161603e-13,7,0
2025-07-01,52593.55394611071,0.0,1084.380017523668,542.190008761834,-542.190008761834,51835.472257557594,103886.83619490647,72881.89317092445,71389.38945510105,0.0,1492.5037158233954,11950.081171639009,477.73878294335634,21027.30426559667,17032.1164551333,1200.0,1200.0,1.8189894035458565e-12,1.1368683772161603e-13,7,0
2025-07-02,52592.99853044814,0.0,2844.4389665421245,1422.2194832710622,-1422.2194832710622,39367.96314765881,90538.74219483588,72565.45965682279,68067.56153919047,0.0,4497.898117632321,8758.928456727412,294.39027813774385,19091.22816375509,15463.894812641624,1200.0,1200.0,1.8189894035458565e-12,1.1368683772161603e-13,7,0
2025-07-03,58071.87111408372,74.66162370262134,349.864159255183,174.9320796275915,-100.27045592497015,30604.732275924216,88576.33293408297,78494.3239152825,78185.18353441494,76.87770123361258,386.0180821011434,6662.179565734711,918.3411087948184,21940.0160948501,17771.41303682858,1200.0,1200.0,1.8189894035458565e-12,1.1368683772161603e-13,7,0
2025-07-04,21499.56224496773,0.0,84.92932291297095,42.46466145648547,-42.46466145648547,13570.339668386023,35027.43725189727,37828.42607304998,37717.28812694938,0.0,111.13794610059836,3673.4118155185715,9994.814193698223,13236.938326858257,10721.920044755187,1200.0,1200.0,1.8189894035458565e-12,1.1368683772161603e-13,7,0
2025-07-05,22763.118199434226,0.0,7.610393344137054,3.805196672068527,-3.805196672068527,7499.481417036395,30258.794419798553,40538.224776785064,40531.27416760975,0.0,6.950609175305772,2089.7865626388666,11340.310502610002,13108.790847220826,10618.120586248873,1200.0,1200.0,1.8189894035458565e-12,1.1368683772161603e-13,7,0
2025-07-06,61506.9656579891,5111.239669902085,0.0,0.0,5111.239669902085,6627.248382694768,73245.45371058595,82389.14459236903,86781.76350320602,4392.618910837,0.0,1310.2852120158468,3922.1040578521806,23031.38477562997,18655.42166826027,1200.0,1200.0,9.094947017729282e-13,2.2737367544323206e-13,7,0
2025-07-07,61099.44472859839,155.78290966357287,1336.0935720805367,668.0467860402683,-512.2638763766954,4817.489865408862,65404.67071763055,82943.10637086278,80933.05511591275,105.34354636831955,2115.394801318338,1194.6956404037815,4817.729438564985,20529.150268867837,16628.611717782944,1200.0,1200.0,9.094947017729282e-13,2.2737367544323206e-13,7,0
2025-07-08,64933.0917819047,939.3701603244814,1251.0642487486512,625.5321243743256,313.83803595015576,1376.391804962252,66623.32162281711,87692.50171543696,86294.22000010626,637.5390650288523,2035.8207803595442,312.1740613811765,6786.400491845348,22361.087120923286,18112.48056794786,1200.0,1200.0,9.094947017729282e-13,2.2737367544323206e-13,7,0
2025-07-09,63947.757723116374,159.90229518511768,1372.027148034244,686.013574017122,-526.1112788320042,1889.869656918715,65311.51610120309,86889.70679829453,85203.14840878376,91.80842411906247,1778.3668136298093,295.0044505609948,7316.396605999012,21700.164403574094,17577.133166895015,1200.0,1200.0,1.8189894035458565e-12,2.2737367544323206e-13,7,0
2025-07-10,61452.44929459403,124.41121997291954,425.6285008836976,212.8142504418488,-88.40303046892926,3412.853385911032,64776.89965003613,82537.36910650106,81856.03091662508,115.37854223978677,796.7167321157631,901.2981074349824,5601.7515886916535,22641.86343176362,18339.909379728535,1200.0,1200.0,9.094947017729282e-13,2.2737367544323206e-13,7,0
2025-07-11,25559.424840440544,0.0,437.60723843387944,218.80361921693972,-218.80361921693972,2021.6327958220668,27362.25401704567,43672.42792750256,42991.961622809,0.0,680.4663046935601,589.7472343700725,8519.302598615837,13387.52162401707,10843.892515453826,1200.0,1200.0,1.8189894035458565e-12,1.1368683772161603e-13,7,0
2025-07-12,24424.78689706984,557.3807239454993,0.0,0.0,557.3807239454993,1740.441099603277,26722.608720618613,42805.349548256774,43347.58629447188,542.2367462151078,0.0,501.12547435834347,10265.277198914131,13153.638087277684,10654.446850694925,1200.0,1200.0,9.094947017729282e-13,1.1368683772161603e-13,7,0
2025-07-13,59573.517666064436,0.0,3744.591401400378,1872.295700700189,-1872.295700700189,4717.233606446863,62418.45557181111,82633.85404287654,77557.27155291183,0.0,5076.582489964726,945.0403046030093,5125.693229040826,21625.780149863218,17516.88192138921,1200.0,1200.0,9.094947017729282e-13,2.2737367544323206e-13,7,0
2025-07-14,57634.51202026123,82.27223026035931,1073.4848902231574,536.7424451115787,-454.4702148512194,5814.3642738648905,62994.40607927489,79852.37996492069,77976.45550551396,50.36268749668966,1926.287146903404,1160.5979174939866,3368.8909208488785,20844.648871012665,16884.165585520255,1200.0,1200.0,9.094947017729282e-13,2.2737367544323206e-13,7,0
2025-07-15,62353.874751779265,43.31050858895415,1863.2824107397196,931.6412053698598,-888.3306967809057,2827.015413790477,64292.559468788844,85148.99747235722,82464.07090070438,49.84519884467409,2734.7717704975175,745.2352643597507,6465.120159307567,21027.028539069637,17031.89311664641,1200.0,1200.0,1.8189894035458565e-12,2.2737367544323206e-13,7,0
2025-07-16,61203.92407419563,315.53715517116683,806.0588425446208,403.0294212723104,-87.49226610114351,3901.4686443949167,65017.900452489404,82115.67128727016,81217.14812430445,336.6565756552192,1235.17973862092,1028.416585560191,6089.582440390448,21165.36255863613,17143.94367249526,1200.0,1200.0,1.8189894035458565e-12,1.1368683772161603e-13,7,0
2025-07-17,59392.40773260636,1639.6504282212156,251.11662097396515,125.55831048698258,1514.0921177342332,4844.873548286,65751.3733986266,80442.42403262715,81245.69453694345,1297.8068733659702,494.53636904968687,1068.4358303611098,5514.707845417528,21468.455027475542,17389.44857225519,1200.0,1200.0,9.094947017729282e-13,2.2737367544323206e-13,7,0
2025-07-18,24401.319003828976,0.0,551.9345644415902,275.9672822207951,-275.9672822207951,1791.5209752308567,25916.872696839037,42889.97435015337,42038.73236143165,0.0,851.2419887217188,533.2496157218615,8759.141364360792,13361.013225224859,10822.420712432138,1200.0,1200.0,1.8189894035458565e-12,1.1368683772161603e-13,7,0
2025-07-19,24384.939781262874,0.0,231.28233595778602,115.64116797889301,-115.64116797889301,2653.008348126461,26922.306961410442,42690.59253334114,42307.335763183946,0.0,383.25677015719634,737.4324239435574,13371.627671925538,13106.955080010339,10616.63361480837,1200.0,1200.0,9.094947017729282e-13,1.1368683772161603e-13,7,0
2025-07-20,57901.50273265474,217.52863446165924,299.0637766660485,149.53188833302426,67.99674612863501,4397.579128248857,62367.07860703223,80435.15610455202,79970.40596677118,159.61869520905208,624.3688329898998,970.80762288179,4822.697449791928,21202.831174707175,17174.293251512812,1200.0,1200.0,9.094947017729282e-13,1.1368683772161603e-13,7,0
2025-07-21,60098.2891579202,1006.2619319308994,263.0111031019231,131.50555155096154,874.7563803799379,4785.231538893646,65758.27707719378,81440.52115432432,81788.54791046944,838.8768134545826,490.8500573094718,1132.0708720392877,4789.093862684123,21798.81878855052,17657.043218725918,1200.0,1200.0,9.094947017729282e-13,2.2737367544323206e-13,7,0
2025-07-22,60573.238129669764,2215.02355573036,52.0917717979613,26.04588589898065,2188.9776698313794,2543.8108769285873,65306.02667642971,82514.21513641144,84631.14394812763,2218.3168941795275,101.3880824633327,562.717621854774,7271.924493845941,21719.960312998937,17593.16785352914,1200.0,1200.0,9.094947017729282e-13,2.2737367544323206e-13,7,0
2025-07-23,63771.89859971801,11.480783759190146,2754.2093745532384,1377.1046872766192,-1365.623903517429,4197.195156029055,66603.46985222962,87055.98753425974,82808.1475217149,5.629904994086132,4253.469917538924,951.9344850244137,5350.906340747539,22066.466049079478,17873.83749975438,1200.0,1200.0,9.094947017729282e-13,2.2737367544323206e-13,7,0
2025-07-24,63314.40122257246,0.0,1179.4155209884548,589.7077604942274,-589.7077604942274,1633.4648515093088,64358.15831358754,85706.8202375372,83794.40292303855,0.0,1912.4173144986544,393.8951822096188,6418.125720338019,21861.58097321131,17707.880588301163,1200.0,1200.0,9.094947017729282e-13,2.2737367544323206e-13,7,0
2025-07-25,23607.120270098203,0.0,151.63591540119486,75.81795770059743,-75.81795770059743,1849.3069669123297,25380.609279309934,41649.92156028047,41414.18257897474,0.0,235.73898130572792,456.8257536810895,12730.09041023696,13871.570293432655,11235.971937680453,1200.0,1200.0,1.8189894035458565e-12,1.1368683772161603e-13,7,0
2025-07-26,23520.311233693938,6.644783941144378,18.045369359709238,9.022684679854619,-2.3779007387102413,2261.996943887417,25779.93027684265,41386.28848935499,41363.88981156315,5.851084349178336,28.24976214102611,653.5816204240953,11091.52216331844,12930.830010537557,10473.972308535414,1200.0,1200.0,9.094947017729282e-13,1.1368683772161603e-13,7,0
2025-07-27,57928.551763023046,777.0598628460874,339.587606250461,169.7938031252305,607.2660597208569,6468.261910284522,65004.079733028426,79820.85138372565,79749.46062433385,625.9920459072835,697.382805299088,1531.5689201631092,3532.1611160931366,21387.782254756952,17324.103626353128,1200.0,1200.0,9.094947017729282e-13,1.1368683772161603e-13,7,0
2025-07-28,59011.111621592456,2233.5720228911277,0.0,0.0,2233.5720228911277,10594.197814191586,71838.88145867518,80509.10352178573,82469.60606668476,1960.5025448990564,0.0,2339.1779163722294,2674.2753929890923,21998.059772287233,17818.42841555266,1200.0,1200.0,1.8189894035458565e-12,2.2737367544323206e-13,7,0
2025-07-29,61012.96720340257,3935.1838064080534,0.0,0.0,3935.1838064080534,1858.622888045421,66806.77389785604,83198.99921347157,87122.43824233665,3923.4390288650748,0.0,315.77275246995254,7039.957436952294,22784.250567654217,18455.242959799907,1200.0,1200.0,1.8189894035458565e-12,1.1368683772161603e-13,7,0
2025-07-30,58849.22265767196,5151.5649859004825,0.0,0.0,5151.5649859004825,1885.5343173754707,65886.32196094791,79143.91187018018,83867.99548139983,4724.08361121965,0.0,452.909526104216,6007.689710568113,22157.69077334704,17947.7295264111,1200.0,1200.0,9.094947017729282e-13,1.1368683772161603e-13,7,0
2025-07-31,58685.495323621,2302.6042463470353,0.0,0.0,2302.6042463470353,4421.889658836188,65409.98922880422,80481.42012716006,82529.20398837984,2047.7838612197863,0.0,959.2936645755483,4589.511479944512,22126.262664969523,17922.27275862531,1200.0,1200.0,9.094947017729282e-13,1.1368683772161603e-13,7,0
2025-08-01,23213.30878799454,0.0,526.97246757046,263.48623378523,-263.48623378523,2619.8789083919014,25569.701462601213,40968.85131829235,40198.04351570733,0.0,770.8078025850186,782.6122846348919,17321.582728528505,12672.175816563438,10264.462411416385,1200.0,1200.0,9.094947017729282e-13,1.1368683772161603e-13,7,0
2025-08-02,22950.987625421352,0.0,116.44013140193854,58.22006570096927,-58.22006570096927,1681.0297381126272,24573.797297833007,40919.86590768052,40741.613030940134,0.0,178.2528767403839,394.92283739863365,17797.463737830843,12694.985248287301,10282.93805111271,1200.0,1200.0,9.094947017729282e-13,1.1368683772161603e-13,7,0
2025-08-03,51932.10436152554,0.020227914280396043,2133.128199238214,1066.564099619107,-1066.5438717048266,8800.01429256373,59665.57478238444,72147.40227536106,68107.95808269572,0.00806873462988733,4039.4522613999734,2073.993376911246,3771.4780147263473,18794.70242919627,15223.708967648978,1200.0,1200.0,9.094947017729282e-13,2.2737367544323206e-13,7,0
2025-08-04,53731.761995382534,0.0,1696.7597804525396,848.3798902262698,-848.3798902262698,7066.188564788711,59949.57066994497,73916.81534614558,71509.63657936087,0.0,2407.1787667847184,1744.075948621261,4196.752108031651,19164.76492956392,15523.459592946776,1200.0,1200.0,1.8189894035458565e-12,1.1368683772161603e-13,7,0
2025-08-05,52270.29860751959,44.03881181217175,181.8504461012348,90.9252230506174,-46.886411238445646,5335.16345780816,57558.575654089305,72289.60745190414,72116.67944881594,62.39924223459201,235.3272453228039,1351.2234854828812,4585.590342496561,19631.59399194171,15901.591133472786,1200.0,1200.0,1.8189894035458565e-12,1.1368683772161603e-13,7,0
2025-08-06,54810.344997781496,549.372952778227,54.023233573413734,27.011616786706867,522.3613359915201,5528.855783292529,60861.56211706554,74106.45262543185,74493.76742335214,486.53851601334804,99.22371809304508,1392.3376067566514,4023.4213242084006,19727.81283807227,15979.528398838538,1200.0,1200.0,1.8189894035458565e-12,1.1368683772161603e-13,7,0
2025-08-07,53455.0679128785,796.2043695975938,2533.0369183902917,1266.5184591951459,-470.31408959755197,4856.917100930472,57841.670924211416,75558.79715917187,70516.15629177433,545.8347051193994,5588.475572516937,1252.5219888711313,4627.000212009149,19756.277992822685,16002.585174186379,1200.0,1200.0,1.8189894035458565e-12,2.2737367544323206e-13,7,0
2025-08-08,21304.392775046497,81.46015223755154,28.110762229232137,14.055381114616068,67.40477112293549,2636.408340487392,24008.205886656826,39046.76692998895,39077.069952719234,79.09167762244789,48.78865489216487,661.9815169920195,21525.926199933005,12831.33694620127,10393.382926423026,1200.0,1200.0,1.8189894035458565e-12,1.1368683772161603e-13,7,0
2025-08-09,21543.504714276976,204.7163945529781,0.0,0.0,204.7163945529781,3511.719294567808,25259.940403397763,38928.118071101424,39112.25233021538,184.13425911395342,0.0,927.5045923821183,18695.41293919321,12749.552544233084,10327.137560828802,1200.0,1200.0,9.094947017729282e-13,1.1368683772161603e-13,7,0
2025-08-10,51130.30183548448,230.5184264640991,32.9746411511783,16.48732057558915,214.03110588850996,7878.776863828058,59223.10980520105,68852.31662451026,69043.24059826131,261.6390457521255,70.71507200108584,2013.4199691697581,2277.503207906212,18287.043734341336,14812.505424816482,1200.0,1200.0,1.8189894035458565e-12,1.1368683772161603e-13,7,0
2025-08-11,50083.32763728154,1013.156735311119,0.0,0.0,1013.156735311119,7338.303696726836,58434.7880693195,70356.6310044557,71258.8212141892,902.1902097335085,0.0,1606.9558540009753,4621.114626610583,19386.363727611882,15702.954619365622,1200.0,1200.0,1.8189894035458565e-12,1.1368683772161603e-13,7,0
2025-08-12,52793.5497809907,1679.6883862778843,187.66881829394626,93.83440914697313,1585.8539771309113,6930.3666959135735,61309.770454035184,72815.45491386813,73702.31094136687,1313.086052914357,426.2300254156273,1516.5324585855583,3787.69232069016,19318.986469801403,15648.379040539137,1200.0,1200.0,1.8189894035458565e-12,1.1368683772161603e-13,7,0
2025-08-13,51041.737848682635,972.2322397150485,0.0,0.0,972.2322397150485,7324.615460942916,59338.58554934059,70242.68367383521,71512.0953142838,1269.4116404485794,0.0,1579.080617797952,3320.395405560847,19209.47935011004,15559.678273589136,1200.0,1200.0,9.094947017729282e-13,2.2737367544323206e-13,7,0
2025-08-14,51802.46362258799,1623.9092158053024,47.14413064660721,23.572065323303605,1600.3371504819988,6184.267577824161,59587.068350894144,70800.51061847937,72760.4947078891,2025.6413321659907,65.65724275625804,1339.3572957161932,4414.498831465453,19784.53783582375,16025.47564701724,1200.0,1200.0,9.094947017729282e-13,1.1368683772161603e-13,7,0
2025-08-15,21937.74502330986,25.718887410927884,258.847461428882,129.423730714441,-103.70484330351312,4011.505131451239,25845.545311457587,39274.9825713114,38943.770013455,29.375195778571687,360.5877536349592,1226.1193688822045,20574.37343917007,12819.94242017794,10384.153360344137,1200.0,1200.0,1.8189894035458565e-12,1.1368683772161603e-13,7,0
2025-08-16,22464.2937568922,0.0,408.10997927864815,204.05498963932408,-204.05498963932408,3536.354976230219,25796.593743483092,39813.206469744015,39201.13822499373,0.0,612.0682447502844,965.7959167951522,20766.448524600208,13006.34342380003,10535.138173278025,1200.0,1200.0,9.094947017729282e-13,1.1368683772161603e-13,7,0
2025-08-17,52465.96710175976,226.8914134408916,985.9285211530815,492.96426057654077,-266.07284713564917,4558.75438165354,56758.64863627765,73371.80889897911,71385.46633455373,146.79979036332696,2133.142354788711,991.2919514140711,5433.458611466369,19883.71609386719,16105.810036032422,1200.0,1200.0,1.8189894035458565e-12,1.1368683772161603e-13,7,0
2025-08-18,52052.254056694335,24.351616767605663,127.48902651737463,63.74451325868731,-39.39289649108165,6006.4037938067695,58019.264954010025,71491.91522092963,71262.62737819667,23.768288919988542,253.05613165293374,1324.8035260856288,4352.330615247221,20215.70880193903,16374.724129570614,1200.0,1200.0,9.094947017729282e-13,1.1368683772161603e-13,7,0
2025-08-19,51786.99976014856,570.6867049249581,10.862316085743824,5.431158042871912,565.2555468820862,5618.722008103807,57970.97731513445,70817.21175822837,71370.7160631239,562.7514654235495,9.24716052801881,1162.5284499328427,4587.64257610849,19094.43098393815,15466.489096989899,1200.0,1200.0,9.094947017729282e-13,1.1368683772161603e-13,7,0
2025-08-20,54277.8805989964,1045.7627394162892,287.7145686186015,143.85728430930075,901.9054551069884,8489.554568089834,63669.34062219323,74924.42885096958,75373.33571871012,992.8300655373008,543.9231977967625,1870.834981978831,2578.9580483964255,21129.060976978144,17114.539391352293,1200.0,1200.0,1.8189894035458565e-12,1.1368683772161603e-13,7,0
2025-08-21,52776.571115391496,120.84677624240673,427.18142571918327,213.59071285959163,-92.74393661718489,5247.75577793566,57931.582956709964,73287.4890678089,72556.8299353467,107.34821009924715,838.0073425614476,1313.0383202054577,4154.981933096868,20370.883363799825,16500.415524677854,1200.0,1200.0,1.8189894035458565e-12,2.2737367544323206e-13,7,0
2025-08-22,22255.76960612242,0.0,64.32421772947387,32.162108864736936,-32.162108864736936,5531.449485004362,27755.056982262053,39510.62651028586,39433.62634972831,0.0,77.00016055755472,1483.3756689607687,17155.104982384506,13322.777033181917,10791.449396877353,1200.0,1200.0,1.8189894035458565e-12,1.1368683772161603e-13,7,0
2025-08-23,21912.992390897518,264.41002472777666,0.0,0.0,264.41002472777666,2195.1200644133955,24372.522480038693,39718.92565446768,39972.79673434069,253.8710798730105,0.0,858.2320679317461,15694.177745071636,13720.236353688428,11113.391446487627,1200.0,1200.0,1.8189894035458565e-12,1.1368683772161603e-13,7,0
2025-08-24,52444.59097994026,978.6503902645028,518.4962484317018,259.2481242158509,719.4022660486519,3790.8812909897542,56954.87453697867,71794.13358711927,71235.20887062806,794.2446244471073,1353.169340938314,919.5613231289486,4544.910685083424,20401.421186001353,16525.151160661095,1200.0,1200.0,9.094947017729282e-13,1.1368683772161603e-13,7,0
2025-08-25,58135.47214788732,67.83406984912622,1960.4321027026144,980.2160513513072,-912.381981502181,3347.394030250519,60570.484196635654,81510.49054167613,78132.31653298413,54.12577546895591,3432.299784160975,848.5385782172783,4105.847220350107,21589.05723255063,17487.136358366006,1200.0,1200.0,9.094947017729282e-13,1.1368683772161603e-13,7,0
2025-08-26,52821.392077509954,235.18303958278602,96.273584847923,48.1367924239615,187.0462471588245,3709.901120060703,56718.339444729485,72839.22317164252,72850.47681853845,217.06033438211477,205.806687486203,964.605069389308,4431.812183311698,20286.585901487968,16432.13458020525,1200.0,1200.0,1.8189894035458565e-12,2.2737367544323206e-13,7,0
2025-08-27,53520.314551440155,2273.8143039117967,150.5364992100186,75.2682496050093,2198.5460543067875,3652.3227188126757,59371.18332455961,74480.84541508001,76416.79391494146,2380.714142050475,444.76564218903144,744.6124834280125,5101.692023296709,21818.765833716283,17673.200325310187,1200.0,1200.0,9.094947017729282e-13,2.2737367544323206e-13,7,0
2025-08-28,53309.69842196753,1422.7782002285692,0.0,0.0,1422.7782002285692,10726.796227200466,65459.27284939656,73837.53976479216,75197.66773410852,1360.1279693163654,0.0,2513.3337970429975,2965.6688111599215,20934.40914030664,16956.871403648376,1200.0,1200.0,1.8189894035458565e-12,2.2737367544323206e-13,7,0
2025-08-29,22546.61609982446,0.0,29.219225120691945,14.609612560345973,-14.609612560345973,2765.4293011746645,25297.43578843878,40582.23668750785,40538.38468329026,0.0,43.85200421758377,814.4661482511287,16135.443665458064,14011.509558333331,11349.32274225,1200.0,1200.0,1.8189894035458565e-12,1.1368683772161603e-13,7,0
2025-08-30,22304.472428377976,0.0,138.00235615669266,69.00117807834633,-69.00117807834633,5043.036188142965,27278.507438442593,39789.08961410911,39584.80530130756,0.0,204.28431280153967,1564.1619988965806,19964.667145527354,14060.949059702409,11389.36873835895,1200.0,1200.0,1.8189894035458565e-12,1.1368683772161603e-13,7,0
2025-08-31,52468.74823809841,960.7391293283547,650.5197902526135,325.25989512630673,635.479234202048,5827.0792332911005,58931.30670559156,72631.3052384335,73108.77314537192,1182.1267356179656,704.6588286795547,1440.528546069808,4118.306587138548,19917.747478788617,16133.375457818778,1200.0,1200.0,1.8189894035458565e-12,2.2737367544323206e-13,7,0
2025-09-01,49263.911904709465,0.0,1362.5936941497616,681.2968470748808,-681.2968470748808,0.0,48582.61505763458,77347.43921513096,74787.10450917733,0.0,2560.334705953621,0.0,17279.70520289884,20701.393541816633,16768.128768871473,1200.0,1200.0,9.094947017729282e-13,2.2737367544323206e-13,7,0
2025-09-02,45195.42672334712,315.72826233067804,638.805784954498,319.402892477249,-3.6746301465709053,448.10930636976934,45639.86139957032,70915.80865153919,70253.83286334675,494.6131282377063,1156.5889164301482,85.48587213860908,12291.72663646855,20999.13815272003,17009.301903703225,1200.0,1200.0,9.094947017729282e-13,2.2737367544323206e-13,7,0
2025-09-03,45513.669563190386,626.714829898677,688.285602917811,344.1428014589055,282.5720284397713,136.98723947947454,45933.228831109634,69949.36421820291,68935.2106854731,516.7525461053558,1530.9060788351721,49.368714796009954,9552.455967360536,20444.24306793983,16559.83688503126,1200.0,1200.0,1.8189894035458565e-12,1.1368683772161603e-13,7,0
2025-09-04,42843.34689723303,559.9306403352443,1057.653877623368,528.826938811684,31.10370152356029,1303.6030497036231,44178.05364846022,66529.99121908273,64604.52449878508,426.191829516809,2351.658549814469,463.70411650742227,7205.339184433848,20722.757267677134,16785.433386818477,1200.0,1200.0,1.8189894035458565e-12,1.1368683772161603e-13,7,0
2025-09-05,14735.74789998483,0.0,341.56613720557294,170.78306860278647,-170.78306860278647,1202.6516161625368,15767.61644754458,32517.430666747732,31993.192203910665,0.0,524.2384628370688,343.5209958360324,22835.36878279361,14089.909212033795,11412.826461747372,1200.0,1200.0,9.094947017729282e-13,1.1368683772161603e-13,7,0
2025-09-06,13858.8595605916,0.0,193.09865021315395,96.54932510657697,-96.54932510657697,3302.784310663559,17065.094546148583,30971.057007405223,30673.13681788229,0.0,297.92018952293154,954.8790186096496,21054.630128533332,15012.11583136108,12159.813823402475,1200.0,1200.0,1.8189894035458565e-12,1.1368683772161603e-13,7,0
2025-09-07,38282.43265748815,1012.3696194880945,146.43985617372365,73.21992808686183,939.1496914012326,4585.177077114058,43806.75942600344,60314.191713501365,61473.59811246261,1481.0198576605928,321.613458699352,1212.4228272474252,3811.644761475706,20596.80295561927,16683.41039405161,1200.0,1200.0,1.8189894035458565e-12,1.1368683772161603e-13,7,0
2025-09-08,38465.6525683833,2014.3632418502775,154.03415400842658,77.01707700421329,1937.3461648460643,11786.005813084259,52189.004546313634,60935.982746560185,62464.762281518124,1831.9881990598847,303.20866410195515,2914.2092225793767,1900.331998492675,21489.841959323625,17406.771987052136,1200.0,1200.0,1.8189894035458565e-12,1.1368683772161603e-13,7,0
2025-09-09,37142.85197174661,511.6556821458595,383.6744787588327,191.83723937941636,319.8184427664431,11441.801439887524,48904.471854400574,58311.65516440632,57435.155407242986,473.8806144344852,1350.3803715978197,2851.321075724445,3278.4114095706136,20553.84635121132,16648.615544481167,1200.0,1200.0,9.094947017729282e-13,1.1368683772161603e-13,7,0
2025-09-10,40734.26038535535,844.3117119165131,150.35047915111727,75.17523957555863,769.1364723409544,10645.423934968008,52148.82079266432,63586.91159950354,64138.39743714363,857.495045405961,306.0092077658731,2706.5545144409916,1395.0129973816065,21757.58054843692,17623.64024423391,1200.0,1200.0,1.8189894035458565e-12,1.1368683772161603e-13,7,0
2025-09-11,40324.92774551908,0.0,2231.6950873778173,1115.8475436889087,-1115.8475436889087,5979.017495637732,45188.0976974679,64237.268715990846,59115.644381510996,0.0,5121.624334479853,1509.4904612597154,3081.4747768448915,21303.022539960442,17255.448257367956,1200.0,1200.0,9.094947017729282e-13,1.1368683772161603e-13,7,0
2025-09-12,13972.383713273173,94.30800778356578,0.0,0.0,94.30800778356578,3311.4885169295976,17378.180237986337,31522.999054899494,31624.191347368873,101.19229246938045,0.0,1087.7288667041944,18362.620496740303,14724.439564909291,11926.796047576525,1200.0,1200.0,1.8189894035458565e-12,1.1368683772161603e-13,7,0
2025-09-13,14361.589512551547,0.0,10.449858256100729,5.2249291280503645,-5.2249291280503645,2601.3819043085314,16957.746487732027,32333.98799912791,32319.185039848915,0.0,14.802959278991096,799.1979177535915,22143.331533865807,15620.789160017695,12652.839219614334,1200.0,1200.0,1.8189894035458565e-12,1.1368683772161603e-13,7,0
2025-09-14,43567.00720930113,136.30083503595102,811.235726003613,405.6178630018065,-269.31702796585546,4154.809996986927,47452.5001783222,67541.75665150976,66581.65996616476,205.48007881029332,1165.5767641553034,1163.7769105384232,3568.5020336654243,21461.105752830237,17383.49565979249,1200.0,1200.0,1.8189894035458565e-12,1.1368683772161603e-13,7,0
2025-09-15,38339.85286639225,0.0,389.39266608981353,194.69633304490677,-194.69633304490677,10859.533379090928,49004.68991243827,59512.59554094529,58504.8611066668,0.0,1007.7344342784853,2654.3024035412845,2027.0859225582867,21394.983970086658,17329.937015770192,1200.0,1200.0,1.8189894035458565e-12,1.1368683772161603e-13,7,0
2025-09-16,41366.3567491212,55.853905139220615,773.628040149789,386.8140200748945,-330.96011493567386,10778.893933168365,51814.2905673539,64533.912964778036,63529.376721285764,76.79096052687237,1081.3272040191364,2791.615177044452,2765.179703644464,21389.695849223262,17325.65363787084,1200.0,1200.0,9.094947017729282e-13,1.1368683772161603e-13,7,0
2025-09-17,41533.86845772311,0.0,612.3222238068312,306.1611119034156,-306.1611119034156,7988.391544501562,49216.09889032126,64308.81871047089,63496.80110599996,0.0,812.017604470937,2173.4197376272996,1650.840216351186,21364.538038295108,17305.275811019037,1200.0,1200.0,9.094947017729282e-13,1.1368683772161603e-13,7,0
2025-09-18,39752.99464472782,1969.1876175715865,87.15250986357546,43.57625493178773,1925.611362639799,5928.042052657583,47606.6480600252,62248.375453182714,65045.65499259729,2886.997390671968,89.71785125739734,1290.3823967520498,3299.1574490529247,21478.04644015657,17397.21761652682,1200.0,1200.0,1.8189894035458565e-12,1.1368683772161603e-13,7,0
2025-09-19,14863.541585566536,0.0,5.676507887974033,2.8382539439870165,-2.8382539439870165,2284.802337772227,17145.505669394777,32709.421271306248,32701.408131995162,0.0,8.013139311087002,838.9447708296649,14604.675248539765,14917.501776938887,12083.176439320494,1200.0,1200.0,1.8189894035458565e-12,1.1368683772161603e-13,7,0
2025-09-20,14839.51104964805,0.0,127.6796307465499,63.83981537327495,-63.83981537327495,2655.6256437946267,17431.296878069403,33451.945192780506,33268.90488719182,0.0,183.0403055886843,729.6134138013864,15500.866963736771,15011.671599595278,12159.453995672175,1200.0,1200.0,1.8189894035458565e-12,1.1368683772161603e-13,7,0
2025-09-21,44543.673271157764,97.95900049390904,1148.1083581534924,574.0541790767462,-476.0951785828372,2823.5560469538323,46891.13413952875,68367.90939697588,66689.10277773565,135.48962723915497,1814.2962464793745,746.2367793227406,5187.7039323669505,20842.884954516358,16882.736813158248,1200.0,1200.0,1.8189894035458565e-12,1.1368683772161603e-13,7,0
2025-09-22,42841.01165251578,0.0,1531.3313536219496,765.6656768109748,-765.6656768109748,11458.549878657072,53533.89585436188,65856.76132886267,63269.99357684689,0.0,2586.7677520157913,3072.1199415008878,1660.4167805767415,21408.82554967211,17341.148695234406,1200.0,1200.0,1.8189894035458565e-12,1.1368683772161603e-13,7,0
2025-09-23,43135.612263423136,181.37821009743402,476.84704386532303,238.42352193266152,-57.04531183522752,9679.01072184032,52757.577673428226,66811.92230986316,66039.99490169961,157.14019139549265,929.0675995590428,2140.5001623960434,1945.4051939630963,21676.18045683805,17557.706170038822,1200.0,1200.0,9.094947017729282e-13,1.1368683772161603e-13,7,0
2025-09-24,41692.64109064189,362.14345402258596,0.0,0.0,362.14345402258596,7006.405395975021,49061.189940639495,64201.39296701212,64712.66306333472,511.27009632260393,0.0,2032.8352968531362,1618.2310982141028,21389.695589335577,17325.653427361816,1200.0,1200.0,9.094947017729282e-13,1.1368683772161603e-13,7,0
2025-09-25,43495.17179063166,574.6775554862846,22.49924249207925,11.249621246039625,563.427934240245,5603.902078278811,49662.50180315071,67281.32228753768,67843.09918423521,610.367113501603,48.590216804064596,1491.4532205062933,4909.798863488028,21522.656006597274,17433.35136534379,1200.0,1200.0,9.094947017729282e-13,1.1368683772161603e-13,7,0
2025-09-26,15024.316455578908,0.0,188.67125862935706,94.33562931467853,-94.33562931467853,1054.595173897785,15984.576000162013,33730.57236855742,33445.25901496213,0.0,285.31335359528305,349.92781273971667,13161.503744736541,15470.734647185822,12531.295064220512,1200.0,1200.0,1.8189894035458565e-12,1.1368683772161603e-13,7,0
2025-09-27,15666.633058189924,150.8238856032057,0.0,0.0,150.8238856032057,2429.181379868029,18246.638323661162,34077.737780392665,34234.05663691707,156.31885652440434,0.0,741.4029057864175,14245.412783508298,15414.4447852378,12485.700276042615,1200.0,1200.0,1.8189894035458565e-12,1.1368683772161603e-13,7,0
2025-09-28,45383.60823075801,1167.1876488369803,41.460582847177754,20.730291423588877,1146.4573574133915,3346.7787254088325,49876.84431358023,69336.90832447227,70725.36927952002,1425.2285875848975,36.76763253715751,851.1365137370669,3844.748031159687,22337.518923319625,18093.390327888897,1200.0,1200.0,1.8189894035458565e-12,1.1368683772161603e-13,7,0
2025-09-29,44063.216364880354,0.0,2020.8745635090481,1010.4372817545241,-1010.4372817545241,13340.176687587635,56392.955770713466,68225.30297101865,65023.16638114367,0.0,3202.136589874985,3169.0573422127336,1351.840490896142,21476.271749790794,17395.780117330545,1200.0,1200.0,1.8189894035458565e-12,1.1368683772161603e-13,7,0
2025-09-30,44559.694012621425,657.5407230340109,20.974369367344533,10.487184683672266,647.0535383503386,8831.197395361613,54037.94494633337,68562.52833892417,69158.50008299312,641.0282978422833,45.05655377332346,2093.420184615362,1598.764053675113,22268.323406666856,18037.341959400143,1200.0,1200.0,4.547473508864641e-13,1.1368683772161603e-13,7,0
2025-10-01,42248.80635271452,0.0,2231.3418999035,1115.67094995175,-1115.67094995175,397.5634199825653,41530.69882274534,68523.3829994671,63809.24689609087,0.0,4714.136103376226,186.60129748328495,10241.890879802895,21539.13568651545,17446.699906077512,1200.0,1200.0,9.094947017729282e-13,2.2737367544323206e-13,7,0
2025-10-02,42979.77570554578,0.0,3556.8784856643574,1778.4392428321787,-1778.4392428321787,1099.9439005868146,42301.280363300415,69785.23687316263,63695.12963216352,0.0,6090.107240999121,352.90817749827374,8246.58408408846,21424.582152140312,17353.911543233655,1200.0,1200.0,9.094947017729282e-13,1.1368683772161603e-13,7,0
2025-10-03,13234.78946841929,0.0,72.59621753939204,36.29810876969602,-36.29810876969602,223.9757098792276,13422.46706952882,32044.43359805135,31928.01263610411,0.0,116.42096194723729,110.31228024863026,21280.560471028894,15476.898659599192,12536.287914275343,1200.0,1200.0,9.094947017729282e-13,1.1368683772161603e-13,7,0
2025-10-04,13871.663143221282,0.0,86.40715845571357,43.203579227856785,-43.203579227856785,433.9707003174621,14262.430264310886,32688.716003446723,32567.69041918722,0.0,121.02558425950336,149.0544401281016,16537.46687909761,16227.871299391452,13144.575752507077,1200.0,1200.0,1.8189894035458565e-12,1.1368683772161603e-13,7,0
2025-10-05,41422.78735003683,0.0,2240.708396114405,1120.3541980572024,-1120.3541980572024,1709.5684705900303,42012.00162256966,67444.39548482292,63075.60925739927,0.0,4368.786227423649,546.8761522644019,4792.372087872817,21548.169763811507,17454.017508687324,1200.0,1200.0,9.094947017729282e-13,7.735366125416476e-08,7,0
2025-10-06,39403.030125313555,560.3510594781991,264.05294421629,132.026472108145,428.32458737005413,4367.257578533978,44198.61229121759,62188.6778873293,62626.95358131438,797.1157810140461,358.8400870289677,1239.619123913951,2051.3294502878216,21484.915815476317,17402.781810535813,1200.0,1200.0,9.094947017729282e-13,7.735366125416476e-08,7,0
2025-10-07,39948.978716454556,507.6047115834939,0.16287261292173374,0.08143630646086687,507.5232752770331,2178.162654561317,42634.66464629291,64215.893641528484,64759.94487850026,544.1939449477029,0.1427079759237131,536.5408058763696,3421.7832009658723,21595.470965319837,17492.331481909077,1200.0,1200.0,1.8189894035458565e-12,7.735366125416476e-08,7,0
2025-10-08,38461.77731012803,0.0,310.66991601239914,155.33495800619957,-155.33495800619957,5314.491813914152,43620.93416603598,62291.35122233356,61846.114827946876,0.0,445.23639438667453,1135.1086592352638,2436.121379014563,21403.19179737321,17336.5853558723,1200.0,1200.0,1.8189894035458565e-12,1.1368683772161603e-13,7,0
2025-10-09,40525.29810581521,0.0,2241.456622757348,1120.728311378674,-1120.728311378674,5019.423933547749,44423.99372798428,65298.52409092384,61071.93349012695,0.0,4226.590600796896,1074.517566511267,2320.1141235442155,21401.869735582448,17335.514485821783,1200.0,1200.0,9.094947017729282e-13,1.1368683772161603e-13,7,0
2025-10-10,12572.861037800554,0.0,33.89890969545043,16.949454847725214,-16.949454847725214,2431.5371734743126,14987.448756427142,31135.886490754776,31085.323748393028,0.0,50.562742361746054,829.8760260071688,19228.08825583453,17597.371588942115,14253.870987043108,1200.0,1200.0,1.8189894035458565e-12,1.1368683772161603e-13,7,0
2025-10-11,13101.330495817325,0.0,1.7859816105568027,0.8929908052784014,-0.8929908052784014,1555.681435333807,14656.118940345852,31946.95811411414,31943.8525992288,0.0,3.1055148853361203,434.43287990417764,15169.284237195745,16329.935045283717,13227.247386679812,1200.0,1200.0,1.8189894035458565e-12,1.1368683772161603e-13,7,0
2025-10-12,39764.32294927513,437.5572445277444,917.8527665477036,458.9263832738518,-21.369138746107495,5080.768027565195,44823.72183809421,64643.681921782394,64228.54286093707,636.0567746334507,1051.1958354787657,1199.2900698069961,2850.9778971532733,21378.416053986657,17316.517003729194,1200.0,1200.0,9.094947017729282e-13,1.1368683772161603e-13,7,0
2025-10-13,41157.37836216787,0.0,1253.1682448280417,626.5841224140208,-626.5841224140208,3832.0909644477147,44362.88520420156,65832.01209437748,63487.25957274984,0.0,2344.752521627639,1060.970727397976,3457.664764248607,21385.10650473264,17321.936268833437,1200.0,1200.0,9.094947017729282e-13,1.1368683772161603e-13,7,0
2025-10-14,42009.05716648078,610.5855986500435,859.6815097174072,429.8407548587036,180.74484379133992,5345.064046505973,47534.86605677809,66658.96291772707,65583.04876699395,647.9958301981467,1723.9099809312706,1484.6638453525616,2200.097801455191,21546.239618726227,17452.45409116825,1200.0,1200.0,9.094947017729282e-13,2.2737367544323206e-13,7,0
2025-10-15,41562.94484389693,255.54830635935048,167.34025871049073,83.67012935524536,171.87817700410508,5431.739768751166,47166.56278965219,66496.2663264247,66563.38235693476,340.82223190536115,273.7062013952848,1477.4483900475548,2000.4835072185663,21685.91363033552,17565.59004057177,1200.0,1200.0,9.094947017729282e-13,1.1368683772161603e-13,7,0
2025-10-16,41663.05865847164,1941.0829399261804,0.0,0.0,1941.0829399261804,6658.474091146701,50262.61568954452,65793.80357491909,67599.02602154872,1805.222446629643,0.0,1555.9620394676185,1983.7432713492472,22130.37810351106,17925.606263843958,1200.0,1200.0,1.8189894035458565e-12,1.1368683772161603e-13,7,0
2025-10-17,12920.179960183284,82.43672020769692,0.0,0.0,82.43672020769692,2176.585032721542,15179.201713112525,31611.356062121315,31697.163492828273,85.80743070696036,0.0,659.155273163439,13257.723623257647,16286.293821407347,13191.89799533995,1200.0,1200.0,1.8189894035458565e-12,1.1368683772161603e-13,7,0
2025-10-18,13665.672913376417,0.0,23.860660188209636,11.930330094104818,-11.930330094104818,916.9992745063478,14570.74185778866,32769.44201655726,32734.983174241566,0.0,34.45884231569367,387.36359395132183,13827.559502043277,16937.863155173392,13719.669155690448,1200.0,1200.0,1.8189894035458565e-12,1.1368683772161603e-13,7,0
2025-10-19,44133.92178326292,548.1158188627587,440.30853991144573,220.15426995572287,327.9615489070358,5435.461345753472,49897.34467792344,69260.95793850564,68852.2565396344,424.53621382446227,833.2376126957116,1182.2753798826718,1931.1748958101834,22198.07626512392,17980.441774750376,1200.0,1200.0,1.8189894035458565e-12,2.2737367544323206e-13,7,0
2025-10-20,46009.41455140657,47.39789518189243,492.46296298855424,246.23148149427712,-198.83358631238468,2854.0905763448945,48664.67154143908,71986.99194726841,71385.004766573,71.962013757786,673.9491944532081,619.328545159262,3189.8488944549063,23019.484476898313,18645.782426287635,1200.0,1200.0,1.8189894035458565e-12,2.2737367544323206e-13,7,0
2025-10-21,46155.65722025871,666.4141099688389,41.38012702576066,20.69006351288033,645.7240464559586,4115.249634516336,50916.63090123101,71774.4967845222,72482.27114463257,752.0776709700294,44.30331085966293,1015.4850136258369,2485.234297125098,23947.055321754226,19397.114810620922,1200.0,1200.0,1.8189894035458565e-12,1.1368683772161603e-13,7,0
2025-10-22,45473.62785988345,159.6107041956194,500.59641284404506,250.29820642202253,-90.68750222640313,7110.973752584177,52493.91411024121,71345.22023923881,70707.62738321698,109.07719814170315,746.670054163528,1369.106284392917,2209.9532695191597,22694.124726793387,18382.241028702643,1200.0,1200.0,9.094947017729282e-13,2.2737367544323206e-13,7,0
2025-10-23,47364.359939717004,0.0,3571.356148287803,1785.6780741439015,-1785.6780741439015,4440.186659154646,50018.868524727746,75139.39013839146,69512.42417233219,0.0,5626.965966059279,1031.6737293527922,2808.388642190547,22927.43276926892,18571.220543107826,1200.0,1200.0,9.094947017729282e-13,1.1368683772161603e-13,7,0
2025-10-24,13471.173350910965,94.89100629965823,0.0,0.0,94.89100629965823,3040.8156849601964,16606.880042170822,32860.587175822046,32957.85635291762,97.26917709556426,0.0,806.0650474305056,12005.964476979456,17567.927403694695,14230.021196992704,1200.0,1200.0,9.094947017729282e-13,1.1368683772161603e-13,7,0
2025-10-25,14201.824678852288,10.287673035371492,0.0,0.0,10.287673035371492,1404.6901996128431,15616.802551500503,33778.37665517689,33788.34536055797,9.968705381071914,0.0,418.36090928120876,11411.29734491993,17878.822060978484,14481.84586939257,1200.0,1200.0,1.8189894035458565e-12,1.1368683772161603e-13,7,0
2025-10-26,47655.40205566909,22.27178678218732,2190.091360189384,1095.045680094692,-1072.7738933125047,2555.7933749926665,49138.42153734925,74169.725373858,70991.90171427502,15.436114518007685,3193.2597741009818,785.3734998111354,2843.7922047541015,23100.899961396804,18711.72896873141,1200.0,1200.0,9.094947017729282e-13,1.1368683772161603e-13,7,0
2025-10-27,46451.38128346755,1404.3002912181748,553.6207717233763,276.81038586168813,1127.4899053564866,1067.4006800043894,48646.27186882842,72575.30952507806,72769.39358025244,1079.451764543946,885.3677093695717,277.42479384635203,5111.223280228908,23068.491722122162,18685.478294918954,1200.0,1200.0,1.8189894035458565e-12,1.1368683772161603e-13,7,0
2025-10-28,46795.066621673286,675.1988088095882,274.7141648300967,137.35708241504835,537.8417263945398,2074.1519430416065,49407.06029110943,72404.54049211075,72758.00575816352,657.8290310928631,304.36376504008956,523.4976044440073,2958.9029127128465,22895.67763102468,18545.498881129988,1200.0,1200.0,1.8189894035458565e-12,1.1368683772161603e-13,7,0
2025-10-29,47517.21070168332,1428.6655541390955,0.0,0.0,1428.6655541390955,4596.913178291642,53542.78943411405,73207.04046781521,74453.34270876777,1246.3022409525547,0.0,1051.4469812396264,1747.0813421682924,23397.113409679463,18951.661861840366,1200.0,1200.0,1.8189894035458565e-12,1.1368683772161603e-13,7,0
2025-10-30,47397.431907756174,288.3612899730016,909.7719975425489,454.88599877127444,-166.5247087982728,3491.723969895823,50722.631168853724,72389.54650311265,71167.77059211943,209.5335481164597,1431.3094591096933,863.6896730145795,2868.0669200993652,23029.345763340192,18653.77006830556,1200.0,1200.0,9.094947017729282e-13,1.1368683772161603e-13,7,0
2025-10-31,14387.137555404574,23.97970222289665,0.8700415521811558,0.4350207760905779,23.544681446806067,1503.7284399161622,15914.410676767542,34337.024090744344,34360.61227003191,25.061577343752376,1.473398056191627,407.24833814858664,7403.443420249107,18211.18484876165,14751.059727496935,1200.0,1200.0,1.8189894035458565e-12,1.1368683772161603e-13,7,0
2025-11-01,14390.693330731341,0.0,13.835347822546662,6.917673911273331,-6.917673911273331,1134.970792631559,15518.746449451628,34772.80379885461,34747.20210594938,0.0,25.601692905232202,467.30553843355676,9193.220055334761,18301.311345867587,14824.062190152745,1200.0,1200.0,9.094947017729282e-13,1.1368683772161603e-13,7,0
2025-11-02,49827.68995229629,197.67706709564158,187.59727122250942,93.79863561125471,103.87843148438687,3063.745309242713,52995.3136930234,75781.09999909461,75788.01163591957,254.84979911359355,247.93816228864932,714.1105630407257,3254.967292396035,23425.11038542587,18974.339412194953,1200.0,1200.0,9.094947017729282e-13,1.1368683772161603e-13,7,0
2025-11-03,51868.356333541204,9.531991937258413,1066.5362536228804,533.2681268114402,-523.7361348741819,1966.13829965193,53310.758498318944,78019.35780364045,76633.32009505766,5.656129320432228,1391.6938379032329,566.9762193671568,3374.9307031782955,22739.13330480626,18418.69797689307,1200.0,1200.0,1.8189894035458565e-12,1.1368683772161603e-13,7,0
2025-11-04,50555.84123076388,40.70421963349443,927.038590497585,463.5192952487925,-422.81507561529804,2374.870663309097,52507.89681845768,77091.02750188955,75683.4925440305,40.891707327701965,1448.4266651867551,524.501523252231,4252.623284612695,23027.888154403663,18652.589405066967,1200.0,1200.0,9.094947017729282e-13,2.2737367544323206e-13,7,0
2025-11-05,52373.39007156521,0.0,1417.60395164303,708.801975821515,-708.801975821515,2191.155529502394,53855.7436252461,78370.38290517044,76469.57997862155,0.0,1900.8029265489022,607.5328598586691,3152.3585136141587,22351.232937891524,18104.498679692137,1200.0,1200.0,9.094947017729282e-13,1.1368683772161603e-13,7,0
2025-11-06,52022.906665245624,411.5750569479148,84.60706669828532,42.30353334914266,369.27152359877215,4912.573299928816,57304.75148877321,77368.20149382569,77588.44187413384,327.23054264102996,106.99016233286227,1074.3976398836044,2944.8447421785895,22886.36958862563,18537.95936678676,1200.0,1200.0,1.8189894035458565e-12,1.1368683772161603e-13,7,0
2025-11-07,15036.1342245151,0.0,88.35907274914828,44.17953637457414,-44.17953637457414,994.6872527707872,15986.641940911315,35639.16950729997,35499.99428888947,0.0,139.17521841049407,313.44253891407755,9028.404535018677,18245.107944481806,14778.537435030263,1200.0,1200.0,1.8189894035458565e-12,1.1368683772161603e-13,7,0
2025-11-08,15117.556421441499,12.1615444978169,0.0,0.0,12.1615444978169,796.3749069308557,15926.092872870171,35648.056628875005,35660.180098014505,12.123469139498212,0.0,283.3938414903475,8707.065140333953,18133.166837741563,14687.865138570663,1200.0,1200.0,9.094947017729282e-13,1.1368683772161603e-13,7,0
2025-11-09,52798.950326842976,306.34849924317655,320.29232757476984,160.14616378738492,146.20233545579157,1825.073882020547,54770.22654431932,78789.03476424766,78514.47478208906,234.12159316104783,508.6815753196446,528.4585287816763,3423.7172872633882,22486.309685652726,18213.910845378705,1200.0,1200.0,9.094947017729282e-13,2.2737367544323206e-13,7,0
2025-11-10,54065.18855760361,1264.4106384312965,0.0,0.0,1264.4106384312965,3222.873333141444,58552.47252917635,79169.97708558865,80292.45914197559,1122.4820563869412,0.0,783.3296616777965,2938.1346592777763,22522.16339145052,18242.952347074915,1200.0,1200.0,9.094947017729282e-13,1.1368683772161603e-13,7,0
2025-11-11,54454.978776620424,27.507784847018456,1101.596732432176,550.798366216088,-523.2905813690695,1273.9295516939258,55205.61774694528,80457.16402608753,79089.57590115404,19.749317689438897,1387.3374426229263,313.76255743419966,3591.6751988814417,22382.334700211166,18129.691107171042,1200.0,1200.0,1.8189894035458565e-12,2.2737367544323206e-13,7,0
2025-11-12,53936.46161253481,10.690938269689543,412.5641913014851,206.28209565074255,-195.591157381053,1746.530628690407,55487.40108384416,79792.51382463507,79183.44210582145,12.873486607683958,621.9452054213048,384.52390688818133,4323.06109927145,22573.24822862204,18284.331065183847,1200.0,1200.0,9.094947017729282e-13,1.1368683772161603e-13,7,0
2025-11-13,54284.06485287764,66.15093697727698,394.2633073527873,197.13165367639365,-130.98071669911667,3835.352507470365,57988.436643648885,79170.7802578737,78737.47222906066,51.694450781562296,485.00247959462007,1016.2381948937293,3006.5497621201494,22901.522869302913,18550.233524135365,1200.0,1200.0,1.8189894035458565e-12,2.2737367544323206e-13,7,0
2025-11-14,15385.30473638409,18.55470775088658,0.0,0.0,18.55470775088658,801.7463134641413,16205.605757599118,36179.990640947064,36200.75728801836,20.76664707129401,0.0,306.04999184764137,5310.698972787839,18935.015826727147,15337.362819648988,1200.0,1200.0,1.8189894035458565e-12,1.1368683772161603e-13,7,0
2025-11-15,15765.201343944793,0.0,53.05317858273116,26.52658929136558,-26.52658929136558,1262.0457139996984,17000.720468653126,36484.90942370412,36403.03591165308,0.0,81.8735120510407,425.3658746900986,4940.780704549261,19345.969290143425,15670.235125016172,1200.0,1200.0,1.8189894035458565e-12,1.1368683772161603e-13,7,0
2025-11-16,55329.68045254462,361.3004228522181,225.4955232901932,112.7477616450966,248.55266120712147,4269.404696983451,59847.63781073519,80827.38690953393,80667.3249784858,256.66295800544225,416.7248890535702,986.248472939928,2802.173635170599,23246.60754169368,18829.752108771885,1200.0,1200.0,1.8189894035458565e-12,1.1368683772161603e-13,7,0
2025-11-17,54947.3376976234,598.6394660412308,43.51196637077809,21.755983185389045,576.8834828558417,1471.560877074025,56995.78205755327,80493.65587227815,80951.23636331595,548.9887948644332,91.40830382663353,398.4084508829434,4234.100276433537,23262.053707536976,18842.263503104954,1200.0,1200.0,1.8189894035458565e-12,1.1368683772161603e-13,7,0
2025-11-18,55287.34696628914,311.82638427118167,47.45495440015487,23.727477200077434,288.09890707110424,3960.5135595605425,59535.95943292078,80401.7604442991,80671.20694018998,332.4972146352237,63.050718744353404,1045.332870241425,2556.4662369865955,22471.167053218298,18201.645313106827,1200.0,1200.0,9.094947017729282e-13,1.1368683772161603e-13,7,0
2025-11-19,56150.15451402524,1381.2249417518447,25.994464854832465,12.997232427416233,1368.2277093244284,2728.140452618417,60246.52267596808,80629.27644459279,81665.70383688464,1081.5409555470908,45.113563255245026,735.7466350598022,2740.0868832951887,22595.01046657505,18301.958477925793,1200.0,1200.0,9.094947017729282e-13,1.1368683772161603e-13,7,0
2025-11-20,55277.64234131386,576.5251914133735,150.22724104403545,75.11362052201773,501.4115708913557,3468.251722819873,59247.3056350251,80784.19232241795,81029.4259518384,431.2317451254823,185.9981157050296,810.102055836351,2805.2955789098773,22321.87576542918,18080.719369997638,1200.0,1200.0,1.8189894035458565e-12,2.2737367544323206e-13,7,0
2025-11-21,16002.020682814658,0.0,0.0,0.0,0.0,1250.8137823592863,17252.834465173946,36702.55835918135,36702.55835918135,0.0,0.0,524.1965212517827,4798.650819682491,18756.421021494614,15192.701027410634,1200.0,1200.0,1.8189894035458565e-12,1.1368683772161603e-13,7,0
2025-11-22,16197.420159552032,0.0,72.6112468022383,36.30562340111915,-36.30562340111915,1994.556172068571,18155.67070821948,37797.90008138273,37686.5110274686,0.0,111.38905391412425,637.65262271646,4502.9417196384475,18954.697090596244,15353.304643382962,1200.0,1200.0,1.8189894035458565e-12,1.1368683772161603e-13,7,0
2025-11-23,56586.29444963372,415.6222608035188,535.30262332447,267.651311662235,147.97094914128382,3272.719964761458,60006.98536353647,81930.47499631444,81520.36640699682,274.93226109596543,685.040850413593,773.3035944801911,2766.349824758958,22606.441544130103,18311.21765074538,1200.0,1200.0,9.094947017729282e-13,1.1368683772161603e-13,7,0
2025-11-24,56045.46482272729,46.76602416568848,482.7908146809679,241.39540734048396,-194.62938317479546,3150.3093334383107,59001.14477299081,81559.86336887287,80864.85218338628,35.50755992755734,730.5187454141656,743.8215275905837,3221.554247383029,22237.767176809553,18012.591413215738,1200.0,1200.0,1.8189894035458565e-12,1.1368683772161603e-13,7,0
2025-11-25,57536.17230548103,0.0,690.1993111478885,345.09965557394423,-345.09965557394423,2446.295402942176,59637.368052849255,83723.9848278651,82856.44879725813,0.0,867.536030606984,610.2774137038349,3012.951065606231,22553.23515099504,18268.120472305982,1200.0,1200.0,1.8189894035458565e-12,2.2737367544323206e-13,7,0
2025-11-26,57297.66075413421,987.8876607013832,0.0,0.0,987.8876607013832,3365.5214518837147,61651.069866719314,82537.26953567535,83310.31455497387,773.0450192985022,0.0,733.0708437529536,2945.471017052593,22843.40788600473,18503.160387663833,1200.0,1200.0,9.094947017729282e-13,2.2737367544323206e-13,7,0
2025-11-27,57224.63140843157,538.6593191356753,6.142919208341984,3.071459604170992,535.5878595315044,3096.111930731735,60856.33119869481,82215.34116926075,82582.51429507381,377.28322374940586,10.110097936358102,676.1922094349801,3198.003150264286,22525.319057427172,18245.508436516007,1200.0,1200.0,9.094947017729282e-13,1.1368683772161603e-13,7,0
2025-11-28,15779.412988039028,0.0,62.95153871671876,31.47576935835938,-31.47576935835938,1719.102516025294,17467.039734705962,37723.318565238595,37635.6113158899,0.0,87.70724934869062,520.2436191352,3575.4820833638087,19258.60158769102,15599.467286029727,1200.0,1200.0,1.8189894035458565e-12,1.1368683772161603e-13,7,0
2025-11-29,16912.76363111397,543.7457402970975,0.0,0.0,543.7457402970975,1620.2139997441209,19076.72337115519,40145.05482361886,40948.47251645635,803.4176928374875,0.0,651.549532884529,2981.663673373871,19415.306715615836,15726.398439648823,1200.0,1200.0,1.8189894035458565e-12,1.1368683772161603e-13,7,0
2025-11-30,59078.86022959996,1568.1761926447052,3.691623960388411,1.8458119801942054,1566.3303806645108,4329.480336959401,64974.67094722388,84208.86438913314,85340.03899374224,1136.8505332074744,5.675928598383166,997.4644944298805,1839.5317284935395,22384.966542168015,18131.82289915609,1200.0,1200.0,1.8189894035458565e-12,1.1368683772161603e-13,7,0
2025-12-01,63926.283848526786,6.371460742432633,458.93315268860385,229.46657634430193,-223.09511560186928,27673.528464080788,91376.7171970057,85746.35928945367,85123.66916206802,3.913394983172793,626.6035223688228,6137.068423633733,556.747436645249,23184.53903012194,18779.476614398776,1200.0,1200.0,1.8189894035458565e-12,2.2737367544323206e-13,7,0
2025-12-02,66353.54711067834,23.528255026599794,103.03243830145797,51.516219150728986,-27.9879641241292,24863.251346130928,91188.81049268512,88618.1185497904,88478.62610953391,12.369163429411174,151.86160368590242,5267.196024512708,574.6413261284133,23859.846620622135,19326.47576270394,1200.0,1200.0,1.8189894035458565e-12,1.1368683772161603e-13,7,0
2025-12-03,66196.50559734556,1942.5036200237669,0.0,0.0,1942.5036200237669,12272.176574820796,80411.18579219012,88631.18691631724,90032.477788186,1401.2908718687806,0.0,2938.3651046934947,1241.173355251164,24036.426162956144,19469.505191994474,1200.0,1200.0,1.8189894035458565e-12,1.1368683772161603e-13,7,0
2025-12-04,68579.00399308722,0.0,1407.5079641111417,703.7539820555709,-703.7539820555709,11856.956072311164,79732.20608334281,91949.73924107416,90493.05302435101,0.0,1456.6862167231334,2522.948857402159,1679.62734442496,24027.188354359067,19462.022567030843,1200.0,1200.0,4.547473508864641e-13,1.1368683772161603e-13,7,0
2025-12-05,21472.18894676192,0.0,124.93823152414943,62.469115762074715,-62.469115762074715,3013.721058289352,24423.4408892892,48187.84945965778,47884.74329478159,0.0,303.10616487618785,878.2074765343657,3375.1179561348417,21453.711220251487,17377.50608840371,1200.0,1200.0,9.094947017729282e-13,1.1368683772161603e-13,7,0
2025-12-06,23588.01121197068,0.0,157.5608489501923,78.78042447509615,-78.78042447509615,2464.9488188780633,25974.179606373644,50805.4230123225,50538.74168758386,0.0,266.6813247386409,728.4715893191631,3529.256324502814,21438.55860912388,17365.23247339034,1200.0,1200.0,1.8189894035458565e-12,1.1368683772161603e-13,7,0
2025-12-07,73064.6713392217,0.0,1488.0652959483132,744.0326479741566,-744.0326479741566,3440.731641313051,75761.3703325606,96817.69806097745,95101.03436220152,0.0,1716.6636987759425,754.4088350178705,3573.5338103764525,24364.358614962774,19735.13047811984,1200.0,1200.0,1.8189894035458565e-12,1.1368683772161603e-13,7,0
2025-12-08,74508.93922653206,152.56237193688517,210.89062486162,105.44531243081,47.117059506075165,1297.1844065876242,75853.24069262575,98231.50672887384,98151.09760976605,145.4478672233913,225.85698633117443,236.34199524769815,5910.222130779521,24368.45451351344,19738.44815594588,1200.0,1200.0,1.8189894035458565e-12,1.1368683772161603e-13,7,0
2025-12-09,73123.63205930412,0.0,1107.8448995551987,553.9224497775994,-553.9224497775994,2664.319833695905,75234.02944322242,97756.92907473224,96423.53118662181,0.0,1333.3978881104235,521.3137469203739,4871.878128098768,24655.329151456583,19970.81661267983,1200.0,1200.0,1.8189894035458565e-12,2.2737367544323206e-13,7,0
2025-12-10,72542.55710677314,187.13074962437597,0.18229147213777996,0.09114573606888998,187.03960388830708,2276.640258465867,75006.23696912732,95853.67063542065,96036.10063497552,182.6162393097918,0.18623975494256229,520.1695186967892,3408.414087587641,25053.882102199932,20293.64450278194,1200.0,1200.0,1.8189894035458565e-12,2.2737367544323206e-13,7,0
2025-12-11,71362.78907375399,0.0,1664.805611600674,832.402805800337,-832.402805800337,2001.0456804330756,72531.43194838671,96337.00441236622,94577.25157702006,0.0,1759.7528353461742,500.206767383094,4475.077269839697,24426.980918755,19785.85454419155,1200.0,1200.0,1.8189894035458565e-12,1.1368683772161603e-13,7,0
2025-12-12,22757.47542296235,481.29197861127204,0.0,0.0,481.29197861127204,2312.690605247466,25551.458006821085,49849.999130335535,50466.91799292679,616.9188625912536,0.0,704.5221314457366,3392.4971941700023,21392.260246679944,17327.730799810754,1200.0,1200.0,9.094947017729282e-13,1.1368683772161603e-13,7,0
2025-12-13,23214.647540611753,32.83464042523028,94.12322369256455,47.061611846282275,-14.226971421051992,2496.4904836839423,25696.911052874642,50142.827906831764,49976.78693900698,53.50711386821524,219.54808169298894,656.19777047611,2792.083630911559,21275.61944862211,17233.251753383905,1200.0,1200.0,1.8189894035458565e-12,1.1368683772161603e-13,7,0
2025-12-14,71525.44477062386,546.8668471001995,0.0,0.0,546.8668471001995,4646.274572826644,76718.5861905507,94576.19243796905,95012.35985189366,436.16741392460744,0.0,873.7857296466291,2413.9194968156507,24702.654130129664,20009.149845405027,1200.0,1200.0,9.094947017729282e-13,2.2737367544323206e-13,7,0
2025-12-15,72725.61801313239,1048.8591646538464,17.142958299859988,8.571479149929994,1040.2876855039165,2585.212308777487,76351.11800741378,96045.2913786947,96798.48243480438,768.2010887687009,15.010032659014087,561.351807738288,3266.279515535672,24336.825054422778,19712.82829408245,1200.0,1200.0,1.8189894035458565e-12,1.1368683772161603e-13,7,0
2025-12-16,73445.63917107704,0.0,744.4252937970662,372.2126468985331,-372.2126468985331,1892.4623418515353,74965.88886603006,97202.32969133244,96423.1887645918,0.0,779.1409267406452,452.23834165130233,2840.47090859096,24299.288759572675,19682.423895253865,1200.0,1200.0,9.094947017729282e-13,1.1368683772161603e-13,7,0
2025-12-17,73506.0600785366,0.0,1446.0881740702762,723.0440870351381,-723.0440870351381,3147.410722904986,75930.42671440645,97000.9638508099,95476.94081841325,0.0,1524.0230323966475,720.0747924443574,3442.9555555661373,24011.647308551568,19449.434319926768,1200.0,1200.0,1.8189894035458565e-12,2.2737367544323206e-13,7,0
2025-12-18,71482.77064237432,0.0,602.9075368890619,301.45376844453097,-301.45376844453097,2223.3400923655145,73404.65696629531,95334.1594371711,94503.65040690539,0.0,830.509030265707,598.7995667007636,3124.7601897575596,24270.64640622066,19659.22358903873,1200.0,1200.0,9.094947017729282e-13,2.2737367544323206e-13,7,0
2025-12-19,22666.44420560389,0.0,122.94932871446804,61.47466435723402,-61.47466435723402,3006.631066562858,25611.600607809512,49716.28781844149,49528.643877732524,0.0,187.6439407089611,829.6495589727907,3371.0549614950723,21467.61671163285,17388.769536422602,1200.0,1200.0,9.094947017729282e-13,1.1368683772161603e-13,7,0
2025-12-20,22979.34423733514,0.0,528.241774225158,264.120887112579,-264.120887112579,2168.6525604387507,24883.87591066131,50242.43113138898,49261.64708794956,0.0,980.784043439415,598.0507254695867,2932.591617739792,21425.02076673347,17354.266821054112,1200.0,1200.0,1.8189894035458565e-12,1.1368683772161603e-13,7,0
2025-12-21,72018.02110232116,23.124055002520965,456.86456700593754,228.43228350296877,-205.30822850044783,5847.114583097819,77659.82745691855,95850.48143276991,95297.53981944406,16.753983187936797,569.69559651379,1301.8340713497312,2920.2578942935434,24428.074367545163,19786.74023771158,1200.0,1200.0,1.8189894035458565e-12,1.1368683772161603e-13,7,0
2025-12-22,73974.88113593921,0.0,224.7545711294393,112.37728556471966,-112.37728556471966,2674.4190159209566,76536.92286629544,96985.10836153512,96715.4138531893,0.0,269.6945083458298,555.8456653626445,3656.666314382051,24616.663793876658,19939.497673040096,1200.0,1200.0,9.094947017729282e-13,2.2737367544323206e-13,7,0
2025-12-23,73672.31229024727,0.0,1803.1157988410678,901.5578994205339,-901.5578994205339,1357.6310128558573,74128.38540368261,97569.97640869505,95585.04057335708,0.0,1984.9358353379648,307.98721225972065,4007.215078660215,24356.421966438167,19728.701792814914,1200.0,1200.0,9.094947017729282e-13,2.2737367544323206e-13,7,0
2025-12-24,72052.10236217061,0.0,629.7238655268382,314.8619327634191,-314.8619327634191,2740.717339436354,74477.95776884354,96141.19392536486,95380.56142891262,0.0,760.6324964522412,607.8261724029417,3419.248431589247,24813.578173998125,20098.998320938477,1200.0,1200.0,9.094947017729282e-13,2.2737367544323206e-13,7,0
2025-12-25,71172.29968795684,195.79863490483427,273.64859141006116,136.82429570503058,58.974339199803694,3324.765282254124,74556.03930941077,94571.97827496767,94468.64770067701,183.6973747806627,287.02794907130686,853.7261434882442,2845.3095269878336,24550.609388653094,19885.99360480901,1200.0,1200.0,9.094947017729282e-13,1.1368683772161603e-13,7,0
2025-12-26,22367.95206027019,0.0,81.07956512938094,40.53978256469047,-40.53978256469047,3291.853764336433,25619.26604204193,48891.27410131819,48695.60437586205,0.0,195.66972545613424,966.0031612214323,2580.833766879261,21437.638615109958,17364.487278239067,1200.0,1200.0,1.8189894035458565e-12,1.1368683772161603e-13,7,0
2025-12-27,21957.255604280745,0.0,17.31750490487404,8.65875245243702,-8.65875245243702,2792.5513572589334,24741.14820908724,49098.637174012896,49058.76837016926,0.0,39.868803843631326,832.3276651878907,2462.7780603577385,21523.731096488136,17434.222188155392,1200.0,1200.0,1.8189894035458565e-12,1.1368683772161603e-13,7,0
2025-12-28,70457.15728176784,0.0,1169.2134470140431,584.6067235070216,-584.6067235070216,3950.671412563517,73823.22197082435,94477.37244491286,93238.08140064916,0.0,1239.2910442636974,943.4309504374805,2793.267970457933,24099.945424361602,19520.955793732894,1200.0,1200.0,1.8189894035458565e-12,2.2737367544323206e-13,7,0
2025-12-29,71263.56914456844,782.340400570203,3.3500216078995546,1.6750108039497773,780.6653897662532,2249.910709874237,74294.14524420892,95422.07090868002,96035.97651190005,616.7131975947497,2.807594374706298,486.9067888090462,4383.336678007876,24293.580821234526,19677.800465199965,1200.0,1200.0,9.094947017729282e-13,1.1368683772161603e-13,7,0
2025-12-30,70616.96141252632,3.6972311646951597,1597.952449111387,798.9762245556935,-795.2789933909984,3305.1341167447345,73126.81653588006,95305.88080052297,93434.17695234502,1.7524511557355709,1873.4562993336967,701.2366643752462,3336.21478833958,24077.874886214067,19503.078657833386,1200.0,1200.0,9.094947017729282e-13,1.1368683772161603e-13,7,0
2025-12-31,72961.12524190909,56.681094091060345,79.41932308646435,39.70966154323217,16.97143254782816,5801.899652642301,78779.99632709922,100145.62471242245,100073.44708161356,38.57103476433059,110.74866557320274,1157.9639104535072,2585.2435701945124,29893.39204494329,19893.647556404063,1200.0,6000.0,9.094947017729282e-13,2.2737367544323206e-13,7,0
