date,planned_cost_yuan,increase_cost_yuan,cancellation_refund_yuan,breach_cost_yuan,adjustment_net_yuan,emergency_cost_yuan,total_cost_yuan,original_kwh,adjusted_kwh,increase_kwh,decrease_kwh,emergency_kwh,dump_kwh,charge_kwh,discharge_kwh,energy_start_kwh,energy_end_kwh,lp_eq_max,lp_ineq_max,max_tree_nodes,raw_simultaneous_slots
2025-02-01,24793.23850404869,0.0,333.560991399567,166.7804956997835,-166.7804956997835,388.314265000095,25014.772273349005,48252.01087378952,47514.73399589061,0.0,737.276877898905,93.3262272098919,8468.077703782103,22612.826435926036,17851.01984994097,6000.0,8635.783667247952,1.8189894035458565e-12,1.1368683772161603e-13,15,0
2025-02-02,56145.53826377915,0.0,578.5049352103883,289.25246760519417,-289.25246760519417,263.4961534089696,56119.78194958292,89791.17902760358,88824.5549901296,0.0,966.6240374739967,42.062259748278166,8098.262486840204,24946.10709037662,22534.03027733895,8635.783667247952,8548.785302072134,1.8189894035458565e-12,1.1368683772161603e-13,15,0
2025-02-03,55271.077505703724,0.0,518.4078977515328,259.2039488757664,-259.2039488757664,986.3795575514151,55998.25311437937,88592.21965814628,87882.57102888564,0.0,709.6486292606353,257.10417558228175,5390.372722028103,25147.61428439814,22615.228301958326,8548.785302072134,8567.363213200346,1.8189894035458565e-12,1.1368683772161603e-13,15,0
2025-02-04,55434.61472165869,26.98852123847995,85.18253890655241,42.591269453276205,-15.602748214796257,1391.2272690724503,56810.23924251634,88707.89192791903,88564.82436436965,22.51858259364201,165.5861461430178,385.65479904499466,5214.943884686402,25425.0959372824,22884.42460855416,8567.363213200346,8565.425511752688,9.094947017729282e-13,2.2737367544323206e-13,15,0
2025-02-05,53814.95422161662,181.16867571735636,0.0,0.0,181.16867571735636,2111.168465968991,56107.29136330297,86310.20291688913,86537.48739223112,227.28447534199105,0.0,564.3355314095874,3828.346936749629,24696.776829744107,22171.72782618637,8565.425511752688,8623.792008450919,1.8189894035458565e-12,1.1368683772161603e-13,15,0
2025-02-06,54311.54978321574,0.0,793.4439187438454,396.7219593719227,-396.7219593719227,1217.2816870780334,55132.10951092185,86788.40815304357,85663.0348488151,0.0,1125.373304228471,278.837442656251,4095.6162897858585,23783.394033922894,22208.19524890407,8623.792008450919,7777.20746329884,1.8189894035458565e-12,1.1368683772161603e-13,15,0
2025-02-07,20997.54328606552,0.0,576.0035873537482,288.0017936768741,-288.0017936768741,772.1872022190503,21481.7286946077,40772.12807483014,39504.51882704337,0.0,1267.6092477867771,203.29764474771565,6407.039840818767,18864.638001881878,17369.541037576226,7777.20746329884,7364.670595951471,1.8189894035458565e-12,1.1368683772161603e-13,15,0
2025-02-08,20201.70529572536,0.0,0.0,0.0,0.0,879.8913896252628,21081.596685350625,39282.138445801516,39282.138445801516,0.0,0.0,218.25681415714863,4788.927683202381,19549.683286669508,16415.378426579886,7364.670595951471,8607.800451664258,1.8189894035458565e-12,1.1368683772161603e-13,15,0
2025-02-09,52841.909625546075,128.40153922071207,0.09357914237447716,0.04678957118723858,128.35474964952482,1495.9573894312425,54466.22176462684,84891.3638849092,85045.55969900345,154.32495325462753,0.1291391603710963,474.6693098393445,3519.981439730286,24429.89507195836,21985.063469512523,8607.800451664258,8609.742190549918,1.8189894035458565e-12,1.1368683772161603e-13,15,0
2025-02-10,52331.6281909071,0.0,1317.9337995940562,658.9668997970281,-658.9668997970281,396.4527315221129,52069.11402263218,84239.76336961922,82231.29154211306,0.0,2008.471827506162,137.42322386011875,5622.337027197847,24272.952836919987,21853.21268147799,8609.742190549918,8601.778386121689,9.094947017729282e-13,1.1368683772161603e-13,15,0
2025-02-11,51613.40181521703,0.0,1339.7471361264147,669.8735680632074,-669.8735680632074,863.4529078856699,51806.981155039495,83394.6375941216,81512.77657254788,0.0,1881.8610215737172,191.8580940103094,4154.444880001837,23574.20235223007,21244.609699007066,8601.778386121689,8572.445539156652,9.094947017729282e-13,1.1368683772161603e-13,11,0
2025-02-12,51469.24009604991,0.0,1013.8032106194281,506.90160530971406,-506.90160530971406,1448.2217857344058,52410.5602764746,83095.06255352998,81574.55929698716,0.0,1520.5032565428264,345.39600592630654,4211.229815877856,24110.245839522664,21668.25648582039,8572.445539156652,8605.085272367547,1.8189894035458565e-12,1.1368683772161603e-13,11,0
2025-02-13,49441.66058866008,0.0,1103.8486392639363,551.9243196319682,-551.9243196319682,667.1343963023525,49556.87066533047,79594.34649277692,77969.04103620586,0.0,1625.305456571047,239.18626655247203,6101.618688985443,22252.63108734227,21475.501490236034,8605.085272367547,7078.618521446748,1.8189894035458565e-12,1.1368683772161603e-13,11,0
2025-02-14,18440.77977083954,228.62892585641754,0.0,0.0,228.62892585641754,1557.5698403279262,20226.978537023886,35781.90023970142,35973.08791738223,191.18767768081167,0.0,429.53437422500286,5230.699786000679,17426.3193354857,16056.198646545814,7078.618521446748,6685.957192450888,1.8189894035458565e-12,1.1368683772161603e-13,13,0
2025-02-15,19316.982460643965,1.6798743261496087,0.0,0.0,1.6798743261496087,1470.522071720862,20789.184406690976,37647.390331018185,37648.83277849041,1.442447472221886,0.0,377.25879469843585,4988.688871054937,19272.499861472195,15515.18825933829,6685.957192450888,8615.011514106334,1.8189894035458565e-12,1.1368683772161603e-13,13,0
2025-02-16,49653.6227791182,0.0,1044.8837923362048,522.4418961681024,-522.4418961681024,3987.4397919978855,53118.62067494799,80631.69177587223,79114.63030255155,0.0,1517.0614733206812,1065.6253248223488,2484.5491192386953,23133.93658885192,20815.60918071673,8615.011514106334,8620.212142451051,1.8189894035458565e-12,1.1368683772161603e-13,13,0
2025-02-17,49389.40923842253,0.0,1615.8809043714368,807.9404521857184,-807.9404521857184,473.0326013189822,49054.50138755579,80470.85626930761,77925.09613567515,0.0,2545.760133632464,175.6335825337294,4728.182103582174,22722.59007460025,20533.905626640226,8620.212142451051,8532.116821629297,9.094947017729282e-13,1.1368683772161603e-13,13,0
2025-02-18,47476.32480049492,89.24045915720598,0.0,0.0,89.24045915720598,2561.161354051256,50126.72661370337,77481.50169181568,77582.29538370615,100.79369189046466,0.0,645.0226998581393,3741.2385638844034,23046.13731346548,20651.445577118924,8532.116821629297,8627.067375923974,1.8189894035458565e-12,1.1368683772161603e-13,14,0
2025-02-19,47653.30639102998,426.54342544313755,151.18016688632483,75.59008344316241,350.9533419999752,2717.308074066125,50721.56780709608,77718.52138129818,77810.60735293536,419.5413193111087,327.45534767393644,726.8753881653384,3297.64052017326,23599.502833441045,21238.98799584694,8627.067375923974,8627.662468354882,9.094947017729282e-13,1.1368683772161603e-13,14,0
2025-02-20,47160.115220131265,9.97369104403528,497.84136949280827,248.92068474640413,-238.94699370236887,1662.1630139961921,48583.33124042509,76312.01809028981,75523.90625962615,7.505680153119783,795.6175108167713,406.2420051325498,5079.971428456305,20414.048673239515,20557.00557027044,8627.662468354882,6325.142998639737,9.094947017729282e-13,1.1368683772161603e-13,13,0
2025-02-21,18073.670285428525,0.0,4.677980311348156,2.338990155674078,-2.338990155674078,972.5076123017124,19043.838907574565,35021.52476986761,35016.03353813695,0.0,5.491231730658711,264.0021122797225,8297.884845514956,16867.118183476297,15445.229411907916,6325.142998639737,6045.994997063817,1.8189894035458565e-12,1.1368683772161603e-13,13,0
2025-02-22,18988.762770501882,68.29764329169477,0.0,0.0,68.29764329169477,1933.9592795934407,20991.019693387017,37295.89129524479,37354.928682755606,59.03738751080911,0.0,482.6845724338112,5697.511316309601,19364.65169412347,15069.312638576985,6045.994997063817,8532.46639482267,1.8189894035458565e-12,1.1368683772161603e-13,13,0
2025-02-23,46974.35441161489,32.41404207618423,512.5163473649063,256.25817368245316,-223.84413160626895,3726.6210617210872,50477.13134172971,76927.8686633377,76222.87312884751,28.672156317609165,733.6676908077902,1115.6344006128568,3533.9538478000563,22712.880093269727,20440.180094942756,8532.46639482267,8533.954761913037,1.8189894035458565e-12,1.1368683772161603e-13,13,0
2025-02-24,46495.520448959585,132.51247994566555,2.960298130362806,1.480149065181403,131.03233088048415,878.0338844751215,47504.58666431518,76009.4705001906,76196.59532973348,193.4506749321297,6.325845389252436,186.70081768675243,5936.973238395167,22448.710198583984,20205.42090622558,8533.954761913037,8532.287474733797,1.8189894035458565e-12,1.1368683772161603e-13,13,0
2025-02-25,46621.93921585566,0.0,1725.929625332833,862.9648126664165,-862.9648126664165,1384.606198060105,47143.58060124934,76416.69608495232,73741.28867587398,0.0,2675.4074090783406,352.5086398704257,6157.703979907603,21623.196240034595,19508.426137531133,8532.287474733797,8482.165878203417,1.8189894035458565e-12,1.1368683772161603e-13,13,0
2025-02-26,44941.520498714,731.1129343779596,6.4916810289334705,3.2458405144667353,727.8670938634929,1639.8543414100493,47309.24193398755,73912.11941588894,74629.63202915306,732.1599080044828,14.647294740373354,433.10046775073243,4057.525748419109,22119.367321513433,19929.008606362095,8482.165878203417,8459.420651166805,1.8189894035458565e-12,1.1368683772161603e-13,13,0
2025-02-27,44172.04247444827,7.4608654781915575,391.5286584559126,195.7643292279563,-188.30346374976475,1962.1101128145242,45945.849123513035,71596.97616245758,70806.52800233295,7.202700397233173,797.6508605218685,409.31825805179074,4724.23616883503,19273.51923073308,19738.49333918337,8459.420651166805,5937.687596058024,1.8189894035458565e-12,1.1368683772161603e-13,13,0
2025-02-28,17525.875621062587,0.0,0.0,0.0,0.0,725.215100527081,18251.090721589666,33923.51423419998,33923.51423419998,0.0,0.0,220.62484249749514,9486.596261640263,16279.972384799967,14915.023119742757,5937.687596058024,5660.410686088869,1.8189894035458565e-12,1.1368683772161603e-13,13,0
2025-03-01,18734.080014933992,0.0,0.0,0.0,0.0,805.6478092206785,19539.72782415467,36841.46859160543,36841.46859160543,0.0,0.0,238.08322713092554,8807.895004603677,19462.810398529542,14849.919517730192,5660.410686088869,8471.26426222551,1.8189894035458565e-12,1.1368683772161603e-13,13,0
2025-03-02,45096.00626392547,3835.122278394585,0.0,0.0,3835.122278394585,3632.764666876663,52563.893209196714,74259.19973840825,78109.31278846652,3850.1130500582794,0.0,956.5286826956453,4159.06055234389,24021.73008123829,21473.25622908668,8471.26426222551,8625.47889246978,1.8189894035458565e-12,1.1368683772161603e-13,15,0
2025-03-03,46135.85278028202,910.0972840497434,114.31148951701897,57.155744758509485,852.9415392912338,4228.328972484176,51217.123292057426,75788.38727435443,76346.67143161566,794.0907118425393,235.80655458132503,1023.5821329548962,3059.886355092027,22948.16414172967,20654.943565584486,8625.47889246978,8623.796731488286,1.8189894035458565e-12,1.1368683772161603e-13,15,0
2025-03-04,44961.42634044323,446.08753086630554,12.096268489721709,6.048134244860854,440.03939662144467,2027.470978470174,47428.936715534845,73719.76004452925,74068.76414787666,367.5248785420389,18.520775194624093,703.4110671098232,3387.2197847390016,22164.430899141425,19978.93340222728,8623.796731488286,8591.177212346765,1.8189894035458565e-12,1.1368683772161603e-13,15,0
2025-03-05,45769.7654021783,0.0,1149.6585947575195,574.8292973787597,-574.8292973787597,896.1261988243659,46091.062303623905,75256.61872207955,73455.56370124692,0.0,1801.0550208326342,263.7997555644305,5357.001473982698,22320.487619119893,20088.597652957902,8591.177212346765,8591.00982692918,1.8189894035458565e-12,1.1368683772161603e-13,15,0
2025-03-06,42758.70894988913,23.27449620788874,98.00694224998676,49.00347112499338,-25.728974917104637,842.6777394109439,43575.65771438296,69265.90952169188,69098.08508158402,19.987582276960325,187.8120223848082,218.69353286334092,4905.13057442487,18881.479485209748,20410.48557852058,8591.00982692918,4989.013197649578,1.8189894035458565e-12,1.1368683772161603e-13,15,0
2025-03-07,16756.863283214974,0.0,72.5766585875895,36.28832929379475,-36.28832929379475,412.7839611374282,17133.358915058612,32091.748789806003,32001.779754858246,0.0,89.96903494775907,151.6635814788414,10168.360627177215,14995.604752073168,13932.807576246634,4989.013197649578,4528.624256178482,1.8189894035458565e-12,1.1368683772161603e-13,15,0
2025-03-08,18146.95970005275,0.0,0.0,0.0,0.0,852.2990585636774,18999.258758616426,35724.62218940244,35724.62218940244,0.0,0.0,285.71983246311095,11291.740137196683,19149.02974039612,13493.567372393914,4528.624256178482,8471.52005886544,1.8189894035458565e-12,1.1368683772161603e-13,15,0
2025-03-09,44095.525954874756,0.0,1706.7262820489016,853.3631410244508,-853.3631410244508,1016.260021162542,44258.42283501285,73122.12632857107,70014.46936194328,0.0,3107.656966627809,289.44713007699806,4729.20443592646,22298.740228438062,20057.553222344257,8471.52005886544,8483.444990265883,9.094947017729282e-13,1.1368683772161603e-13,15,0
2025-03-10,42985.63945286607,370.2250284960786,0.0,0.0,370.2250284960786,5280.003297145966,48635.86777850811,71443.9041971534,71870.86460694965,426.9604097962249,0.0,1438.855380544847,2972.481675103542,22205.715233909392,19910.548371518445,8483.444990265883,8562.075381623348,9.094947017729282e-13,1.1368683772161603e-13,15,0
2025-03-11,41298.03649344397,669.9384132313069,0.0,0.0,669.9384132313069,2268.6994248447663,44236.674331520044,68552.50832750152,69437.49472405686,884.9863965553329,0.0,549.4416107477724,3870.570124322493,21782.62297898796,19605.17556850583,8562.075381623348,8561.216414865588,1.8189894035458565e-12,2.2737367544323206e-13,15,0
2025-03-12,43321.79770448494,45.48073225914072,1528.3742931472366,764.1871465736183,-718.7064143144775,948.6888503185787,43551.78014048904,71883.83815360483,69281.70070487488,34.201105678021236,2636.3385544079642,329.6904665732583,5020.868797126208,21784.837848774776,19629.850157786186,8561.216414865588,8536.449357263573,1.8189894035458565e-12,1.1368683772161603e-13,15,0
2025-03-13,41144.23740440224,910.0838317217256,0.0,0.0,910.0838317217256,2602.8725496203706,44657.19378574435,67026.24919372107,68098.76255111961,1072.5133573985463,0.0,592.9454995903928,3330.940915998118,17454.679180245996,19639.530062200774,8536.449357263573,4393.529577758712,1.8189894035458565e-12,1.1368683772161603e-13,15,0
2025-03-14,15886.913406674712,144.5041047797234,0.0,0.0,144.5041047797234,518.727195465304,16550.14470691974,30885.665996967116,31002.196405548617,116.53040858149807,0.0,159.1138697332537,14009.59107371968,14582.292116157427,13459.998897928568,4393.529577758712,4039.4219487141027,1.8189894035458565e-12,1.1368683772161603e-13,15,0
2025-03-15,17785.008306700467,98.0737150154757,0.0,0.0,98.0737150154757,1913.7335197100251,19796.815541425964,35467.4590939574,35543.411411160625,75.95231720322641,0.0,520.8162412916854,8973.079035446182,19312.487182509703,13145.463715503578,4039.4219487141027,8504.320569212021,1.8189894035458565e-12,1.1368683772161603e-13,15,0
2025-03-16,41772.9283061863,299.88978282274843,0.0,0.0,299.88978282274843,1556.8260687531028,43629.64415776216,69329.361843157,69656.77785888183,327.41601572481295,0.0,449.5101072190332,4540.649040010021,22142.18071007505,19927.588717317547,8504.320569212021,8504.714717344244,1.8189894035458565e-12,1.1368683772161603e-13,15,0
2025-03-17,40705.06730465506,147.8677717338408,1746.7593680044163,873.3796840022081,-725.5119122683674,1271.9520630373052,41251.507455424,68168.7263939375,65075.62376993129,109.716805229449,3202.8194292356625,320.81901672087815,5479.643173591982,20540.530787268348,18481.86260754151,8504.714717344244,8509.579460941484,1.8189894035458565e-12,1.1368683772161603e-13,15,0
2025-03-18,42661.60146639511,0.0,1099.5681959223468,549.7840979611734,-549.7840979611734,1036.0900429568558,43147.907411390785,70877.78130339294,69071.45163157745,0.0,1806.3296718154877,232.48685567265352,6025.979217571824,21509.472777616123,19357.47187460451,8509.579460941484,8510.690079471573,1.8189894035458565e-12,1.1368683772161603e-13,15,0
2025-03-19,39477.8303845863,602.5327741943809,18.31888682349638,9.15944341174819,593.3733307826326,1064.4253391237671,41135.6290544927,65699.67581670708,66263.52995182521,603.1481866486134,39.29405153045127,280.1770959580228,4960.417891691478,21624.50435425109,19506.68564815932,8510.690079471573,8463.64410593641,1.8189894035458565e-12,1.1368683772161603e-13,15,0
2025-03-20,38546.571262280806,98.85619392185399,512.9917077984371,256.49585389921856,-157.63965997736454,3572.1052836264885,41961.03688592993,62872.2910029551,62070.58361932511,68.40154277189288,870.1089264018754,910.210992916401,3344.340484357229,16439.276838827314,19011.7845276097,8463.64410593641,4019.1309777621886,1.8189894035458565e-12,1.1368683772161603e-13,15,0
2025-03-21,15042.460624594038,0.0,124.54596787543352,62.27298393771676,-62.27298393771676,847.2564302761018,15827.44407093242,29538.248097686235,29390.890722787015,0.0,147.35737489921988,236.913586835386,16476.66403951995,13985.62084754276,12867.945094106974,4019.1309777621886,3723.0507875704843,1.8189894035458565e-12,1.1368683772161603e-13,15,0
2025-03-22,17535.61626463717,22.73569011551484,0.0,0.0,22.73569011551484,713.9108175873266,18272.26277234001,35083.3282800756,35102.145321346456,18.817041270858546,0.0,285.35230411583274,13088.669669737206,19185.004384081214,12767.376161689466,3723.0507875704843,8465.547881415237,1.8189894035458565e-12,1.1368683772161603e-13,15,0
2025-03-23,40148.08103078267,0.0,480.6644147411886,240.3322073705943,-240.3322073705943,1096.7365473597383,41004.485370771814,66893.92531501761,66273.22803917859,0.0,620.6972758390148,304.41905956642404,5603.884519663143,21265.518211651997,19061.475749236793,8465.547881415237,8547.23018931424,1.8189894035458565e-12,1.1368683772161603e-13,15,0
2025-03-24,39032.18873750965,886.0621646741257,353.1880015250523,176.59400076252615,709.4681639115996,1243.7662577656629,40985.42315918691,65148.77009253173,65195.818420355805,808.0946085206187,761.0462806965455,409.63019162682787,5575.109510361604,21078.901850376988,19047.059832089297,8547.23018931424,8467.068383044141,1.8189894035458565e-12,1.1368683772161603e-13,15,0
2025-03-25,40432.79377368582,47.669515252882675,630.5584982321097,315.27924911605487,-267.6097338631722,1806.8924409082465,41972.076480730895,67597.44407594333,66449.61254525594,33.943723384998066,1181.775254072391,509.27165422150813,3874.976501742917,21359.959213178605,19226.176232110745,8467.068383044141,8464.73573920552,1.8189894035458565e-12,1.1368683772161603e-13,15,0
2025-03-26,38383.08472466477,159.7541768439136,446.6345355875558,223.3172677937779,-63.56309094986429,901.6373789858318,39221.15901270074,63996.48338719038,63376.86450997315,151.23944649282458,770.8583237100488,274.53331029993694,5974.075135838506,20843.555562679237,18758.787744911315,8464.73573920552,8465.170300982718,1.8189894035458565e-12,1.1368683772161603e-13,15,0
2025-03-27,37109.09038330926,120.33556723071564,436.57070068346616,218.28535034173308,-97.94978311101742,2340.1893118207295,39351.32991201897,60295.43833630595,59664.43750086233,89.68992930072676,720.6907647443486,673.8099663399855,4532.962285616519,16002.869566032823,18914.57378444702,8465.170300982718,3709.1140024378283,1.8189894035458565e-12,1.1368683772161603e-13,15,0
2025-03-28,14907.818922133267,38.12863744936077,0.0,0.0,38.12863744936077,844.536425242168,15790.483984824798,29544.943415968002,29573.732440821703,28.789024853704007,0.0,217.363928209726,17811.47246261106,14124.36915156201,12966.626011808306,3709.1140024378283,3440.6431903914113,1.8189894035458565e-12,1.1368683772161603e-13,15,0
2025-03-29,16935.33892971107,224.72872147908805,0.0,0.0,224.72872147908805,940.2452171667808,18100.312868356945,34510.829303770544,34683.42604771689,172.59674394634348,0.0,221.71334367548513,20515.280755531043,19173.16359858008,12490.514146052084,3440.6431903914113,8463.745317795203,1.8189894035458565e-12,1.1368683772161603e-13,15,0
2025-03-30,37875.13976486573,0.0,1258.579702646949,629.2898513234745,-629.2898513234745,2749.8499975883897,39995.69991113065,63432.26877756027,61195.10209984324,0.0,2237.166677717034,693.401113906214,4451.612405738003,20410.102945947794,18318.831837936345,8463.745317795203,8516.724866945011,1.8189894035458565e-12,1.1368683772161603e-13,15,0
2025-03-31,35872.34356958531,1826.400690731759,0.0,0.0,1826.400690731759,2838.907099729227,40537.65136004631,59880.40272239554,62387.15042726058,2506.7477048650503,0.0,725.4151473211092,4137.056446615505,20261.491355495196,18237.37171086234,8516.724866945011,8514.58559568258,1.8189894035458565e-12,1.1368683772161603e-13,15,0
2025-04-01,37924.8285149504,1118.845731458685,0.0,0.0,1118.845731458685,2462.451460963137,41506.12570737223,64143.383265307726,65565.91699577997,1422.5337304722484,0.0,626.152364912448,4038.3150661313957,19917.477808943655,17972.57503104929,8514.58559568258,8465.20662685677,1.8189894035458565e-12,1.1368683772161603e-13,15,0
2025-04-02,37883.261887491906,1826.2418277254894,0.0,0.0,1826.2418277254894,1263.757453354854,40973.26116857225,63836.053495361484,65926.90726765437,2090.85377229289,0.0,294.4401846167685,3681.029229129895,21180.400141412498,19075.417318271255,8465.20662685677,8451.443139055487,1.8189894035458565e-12,1.1368683772161603e-13,15,0
2025-04-03,36165.51959074589,0.0,175.9971197404008,87.9985598702004,-87.9985598702004,651.3839757452424,36728.90500662094,58900.927051618324,58513.06933330919,0.0,387.8577183091288,174.68809126517192,6256.391037257045,15578.951672519788,19011.11555186913,8451.443139055487,3191.459057059331,1.8189894035458565e-12,1.1368683772161603e-13,15,0
2025-04-04,14390.81134874978,0.0,0.0,0.0,0.0,621.813313381678,15012.624662131455,28788.820350371097,28788.820350371097,0.0,0.0,148.85466272703593,21189.85997794797,13607.738224211356,12290.725439061192,3191.459057059331,3145.3308735434025,1.8189894035458565e-12,1.1368683772161603e-13,15,0
2025-04-05,16793.946299220224,0.0,0.0,0.0,0.0,1416.8474077201993,18210.79370694043,34461.42514069262,34461.42514069262,0.0,0.0,377.3804188442328,15876.415450587947,19001.30096493284,12083.025839317266,3145.3308735434025,8434.920180569541,2.9558577807620168e-12,1.1368683772161603e-13,15,0
2025-04-06,37249.620703506014,727.4182319764453,233.8260668572965,116.91303342864825,610.505198547797,549.1434949780743,38409.269397031894,63132.142363994695,63189.93365197442,570.7985433164365,513.0072553367131,136.44290544491543,6870.786374045913,20475.402689567578,18429.888772860828,8434.920180569541,8432.78421775227,1.8189894035458565e-12,1.1368683772161603e-13,15,0
2025-04-07,35690.80023527105,392.18360255315497,2.041212038929449,1.0206060194647244,391.16299653369026,430.5079062559407,36512.471138060675,60308.58758207716,60681.020237372766,376.81105949750327,4.37840420190787,138.33141407842686,5619.985223799718,19513.818345681342,17557.171201363202,8432.78421775227,8438.334341551035,1.8189894035458565e-12,1.1368683772161603e-13,15,0
2025-04-08,36966.02739014834,346.99766112464494,477.9517526228518,238.9758763114259,108.02178481321901,1321.8888382198897,38395.93801318145,62433.89318856719,61847.01905586703,245.8828526066318,832.7569853067987,301.29268870356134,5770.68288781135,20324.052605925717,18299.617365833146,8438.334341551035,8429.933202291624,1.8189894035458565e-12,1.1368683772161603e-13,15,0
2025-04-09,36436.064057072486,2587.166632914247,0.0,0.0,2587.166632914247,1495.140785253756,40518.37147524049,61474.674914886135,64923.67606620905,3449.00115132292,0.0,418.114436766105,4148.6774343334855,20631.98030725003,18573.178255275023,8429.933202291624,8425.29943382639,1.8189894035458565e-12,1.1368683772161603e-13,15,0
2025-04-10,34240.97949698898,984.8424831497335,259.90447570895066,129.95223785447533,854.8902452952582,1814.2933191337902,36910.163061418025,55763.66356376557,56632.47997717031,1352.5578191471443,483.7414057424111,418.1405248503236,6248.50300187088,14484.991522348933,18143.51192219919,8425.29943382639,3042.0281539590655,1.8189894035458565e-12,1.1368683772161603e-13,15,0
2025-04-11,13737.86004655946,0.0,47.64659887422796,23.82329943711398,-23.82329943711398,1272.996910538057,14987.033657660404,27770.35441322166,27717.6771749742,0.0,52.67723824745913,302.3398936992809,21474.123766539316,13066.439722396388,11837.196586928892,3042.0281539590655,2960.440508291436,1.8189894035458565e-12,1.1368683772161603e-13,15,0
2025-04-12,16790.282624114465,0.0,88.30518995133257,44.15259497566628,-44.15259497566628,444.7976068535995,17190.927635992397,34535.00971226393,34433.20632071232,0.0,101.80339155160905,123.64007524215829,18354.838975169867,19077.108455106532,11900.261584321928,2960.440508291436,8514.597555328848,1.8189894035458565e-12,1.1368683772161603e-13,15,0
2025-04-13,35808.5512217628,142.59642255989525,0.0,0.0,142.59642255989525,962.9412308924639,36914.088875215166,60587.78890852026,60689.86324520672,102.07433668645922,0.0,245.6888873121863,4659.709134131308,19984.844208042632,17985.359692988368,8514.597555328848,8515.65174723046,1.8189894035458565e-12,1.1368683772161603e-13,15,0
2025-04-14,36027.253525986154,0.0,1663.4037790967,831.70188954835,-831.70188954835,2035.9257234827646,37231.477359920566,60791.675563922356,58403.11343215173,0.0,2388.562131770618,556.4784891983237,4464.835222099518,19648.69231250532,17681.967413254788,8515.65174723046,8517.607793050822,1.8189894035458565e-12,1.1368683772161603e-13,15,0
2025-04-15,34708.369554760844,214.88985585824219,130.09456480890705,65.04728240445353,149.84257345378865,1080.8510903857464,35939.06321860038,58677.828353140474,58597.941579637474,211.6090024524241,291.495775955427,256.1690632987311,6762.061929729083,19506.638678737796,17554.01879886401,8517.607793050822,8519.669610734365,1.8189894035458565e-12,1.1368683772161603e-13,15,0
2025-04-16,35709.64871632641,531.6600724731126,0.0,0.0,531.6600724731126,1817.50260137951,38058.81139017903,60745.79033914274,61188.854643665334,443.0643045225882,0.0,485.464933556368,4056.456051432328,19184.612763727026,17346.341187937654,8519.669610734365,8435.142244490942,1.8189894035458565e-12,1.1368683772161603e-13,15,0
2025-04-17,32148.8762834599,699.1836329604505,0.0,0.0,699.1836329604505,1206.3349697933234,34054.394886213675,52278.53312441506,53265.47427665819,986.9411522431268,0.0,263.5076320360962,4727.913448201938,13502.110394192958,17569.384283700616,8435.142244490942,2724.611722809419,1.8189894035458565e-12,1.1368683772161603e-13,15,0
2025-04-18,13375.262713917171,0.0,9.342014832710962,4.671007416355481,-4.671007416355481,528.2241868400358,13898.815893340852,27206.61102760446,27196.030208599237,0.0,10.580819005223493,180.85786028432318,19840.891461251667,12848.98062704696,11667.1012027484,2724.611722809419,2616.0205432051907,1.8189894035458565e-12,1.1368683772161603e-13,15,0
2025-04-19,15878.023821847077,133.43841505141256,0.0,0.0,133.43841505141256,598.718466033072,16610.18070293156,33409.45779650643,33511.77402086076,102.31622435432571,0.0,215.7054918207001,19505.345644676974,19124.800945047242,11687.346327042764,2616.0205432051907,8439.855046092756,1.8189894035458565e-12,1.1368683772161603e-13,15,0
2025-04-20,34566.732119783104,644.9046980314502,30.914416616388483,15.457208308194241,629.4474897232559,473.3916865520753,35669.571296058435,58661.00965215314,59084.2072814553,490.09492993472446,66.89730063255968,152.18945370025733,5391.457227923586,19889.24070218738,18002.04607828874,8439.855046092756,8332.62279426631,1.8189894035458565e-12,1.1368683772161603e-13,15,0
2025-04-21,34684.506031184195,0.0,2381.509446531254,1190.754723265627,-1190.754723265627,2042.8596404376917,35536.61094835627,59189.28566332833,54533.20265896495,0.0,4656.083004363385,557.850324694738,4830.257297005518,18436.365620356635,16692.4803170358,8332.62279426631,8227.475735263779,1.8189894035458565e-12,1.1368683772161603e-13,15,0
2025-04-22,33608.30884021237,467.06349531081366,0.0,0.0,467.06349531081366,2570.929161366411,36646.30149688959,56844.27702989105,57482.908149476854,638.6311195858049,0.0,718.0528111658784,4391.175589750001,18993.246038305042,17336.389984078978,8227.475735263779,7971.891442694594,1.8189894035458565e-12,1.1368683772161603e-13,15,0
2025-04-23,33406.755695102285,1154.1152781549417,0.0,0.0,1154.1152781549417,1178.572566759198,35739.44354001643,56868.67558880582,58567.10522478317,1698.4296359773514,0.0,328.7702434404739,5039.2643462978995,19747.376541197038,17290.682135937965,7971.891442694594,8479.918465126386,1.8189894035458565e-12,1.1368683772161603e-13,15,0
2025-04-24,30758.40787317994,503.0455826106674,505.62115248311306,252.81057624155653,250.23500636911086,823.1935189526139,31831.83639850167,50495.75006989865,49813.01985290449,371.07581793975436,1053.8060349339096,150.22477061131542,7492.495524824072,12353.004016689698,16972.361617997965,8479.918465126386,2308.5670615460717,9.094947017729282e-13,1.1368683772161603e-13,15,0
2025-04-25,12736.008810221025,0.0,42.096831095944765,21.048415547972382,-21.048415547972382,716.0057010070249,13430.966095680076,26344.796641588127,26298.451781380354,0.0,46.34486020777206,166.45975883404537,23309.03886432977,12321.066164776546,11165.551138891915,2308.5670615460717,2227.8324362497096,1.8189894035458565e-12,1.1368683772161603e-13,15,0
2025-04-26,15211.559919221423,266.84293809289693,0.0,0.0,266.84293809289693,831.8241769087514,16310.227034223071,32045.79371630572,32241.308617311188,195.51490100546872,0.0,200.34562887452654,25533.770566880798,18315.57395159107,11477.883905619488,2227.8324362497096,7504.7595847509765,1.8189894035458565e-12,1.1368683772161603e-13,15,0
2025-04-27,31809.850606703985,1441.127063810456,0.0,0.0,1441.127063810456,3193.6242212804505,36444.6018917949,53701.367690234045,55514.356617154815,1812.98892692077,0.0,789.9438557286724,6182.111908150768,18834.17392671498,17285.456545315596,7504.7595847509765,7151.954795249672,9.094947017729282e-13,1.1368683772161603e-13,15,0
2025-04-28,33621.7716124408,3699.218898799749,0.0,0.0,3699.218898799749,1561.844942742457,38882.83545398301,57230.345413878975,61936.576656098114,4706.231242219132,0.0,375.5506625816481,3890.434041069372,19381.795872827952,17582.069911884235,7151.954795249672,7006.011858735881,1.8189894035458565e-12,1.1368683772161603e-13,15,0
2025-04-29,32780.256447903725,1035.9980193119559,122.18389025874741,61.091945129373705,974.9060741825821,789.9313049629158,34545.09382704922,55237.964871313656,55790.006838004294,844.3501357509342,292.3081690602892,178.31789504697048,6574.358142777062,18100.634804456156,16139.88193084862,7006.011858735881,7164.852425942641,1.8189894035458565e-12,1.1368683772161603e-13,15,0
2025-04-30,32101.19047067661,0.0,491.52638159151286,245.76319079575643,-245.76319079575643,4200.560439235119,36055.98771911596,53702.53116126578,53138.95326104632,0.0,563.5779002194665,1189.4733248848997,4465.21338670245,17421.27459051896,15814.915824623517,7164.852425942641,7021.739657502997,1.8189894035458565e-12,1.1368683772161603e-13,15,0
2025-05-01,30219.55495192478,359.7288069627007,0.0,0.0,359.7288069627007,11596.934145083234,42176.21790397071,49026.874297205504,49459.252841110065,432.3785439045671,0.0,2499.839112965579,4244.642466231583,14445.097512654713,17742.02682481065,7021.739657502997,2023.824048400592,9.094947017729282e-13,1.1368683772161603e-13,15,0
2025-05-02,13387.804354386974,196.64822399750136,0.0,0.0,196.64822399750136,7158.162846158987,20742.615424543463,27000.82863231369,27147.50507340885,146.6764410951591,0.0,1555.0576353145257,13179.13164518969,12477.292459503518,11244.181479303168,2023.824048400592,2008.4150433300485,1.8189894035458565e-12,1.1368683772161603e-13,15,0
2025-05-03,16147.905488402965,0.0,0.0,0.0,0.0,5320.86813877997,21468.773627182934,33122.95297597901,33122.95297597901,0.0,0.0,1062.6292618601517,18586.23018566546,17943.652763045964,11211.47236087226,2008.4150433300485,7213.32919752251,1.8189894035458565e-12,1.1368683772161603e-13,15,0
2025-05-04,36130.84535868314,0.0,2257.933570520554,1128.966785260277,-1128.966785260277,5787.454292877734,40789.332866300596,60497.82540134509,56572.06967955823,0.0,3925.755721786859,1623.7778749455956,3898.682479912796,18352.515390922592,15790.017649664893,7213.32919752251,7979.914003705862,1.8189894035458565e-12,1.1368683772161603e-13,15,0
2025-05-05,37029.55166331914,1.2666070228500077,650.2708607783844,325.1354303891922,-323.8688233663422,2816.0657465142986,39521.74858646709,61451.14165262897,60677.456414195425,1.0875897500000065,774.7728281835434,703.4450740299625,4475.585505247929,19853.448006931925,18024.13882395446,7979.914003705862,7815.438021008191,1.8189894035458565e-12,1.1368683772161603e-13,15,0
2025-05-06,35540.86572677189,168.11389784381564,232.1642832076547,116.08214160382735,52.03175623998828,3701.620360067461,39294.51784307933,58019.77398026491,57935.362185322025,252.87890770730394,337.29070265018765,962.6670853927998,4501.616644279951,18654.822254962794,17128.491995194592,7815.438021008191,7457.940459466827,9.094947017729282e-13,1.1368683772161603e-13,15,0
2025-05-07,36737.81598356665,814.0825345298414,0.0,0.0,814.0825345298414,2391.4401832186923,39943.33870131518,60619.253124478106,61717.83958288476,1098.5864584066512,0.0,499.3042471838046,4528.431670404572,19920.990194425904,17300.12398476191,7457.940459466827,8120.719272494819,1.8189894035458565e-12,1.1368683772161603e-13,15,0
2025-05-08,35889.92320179903,20.998893732166437,0.0,0.0,20.998893732166437,2007.0341146366795,37917.956210167875,57267.25333116743,57301.28995282586,34.03662165842684,0.0,476.20143344313846,6329.680771488146,13017.09594470838,17395.797729927537,8120.719272494819,2133.0399369748447,1.8189894035458565e-12,1.1368683772161603e-13,15,0
2025-05-09,15600.12472298848,0.0,0.0,0.0,0.0,760.1390673428991,16360.263790331377,29615.67091376468,29615.67091376468,0.0,0.0,198.7518487869379,20169.383323569156,12329.580328093503,11183.926739111037,2133.0399369748447,2041.0129728591148,1.8189894035458565e-12,1.1368683772161603e-13,15,0
2025-05-10,18137.58108557358,79.40751907926071,0.0,0.0,79.40751907926071,808.3040749824488,19025.29267963529,36012.38742671269,36071.942125429545,59.554698716862745,0.0,220.85480140122934,16147.391928561934,19160.20525305133,11135.84553811582,2041.0129728591148,8479.7678262255,1.8189894035458565e-12,1.1368683772161603e-13,15,0
2025-05-11,37584.430490197614,0.0,461.12742198402725,230.56371099201363,-230.56371099201363,2078.2573682174493,39432.12414742305,62728.76483447195,61701.78400615629,0.0,1026.9808283156508,544.2827290119519,4591.515072190019,19285.787641189258,17115.31506154436,8479.7678262255,8734.746295882389,1.8189894035458565e-12,1.1368683772161603e-13,15,0
2025-05-12,36284.48291487382,248.3887030394877,83.77565858119769,41.887829290598845,206.50087374888886,1643.2090952258918,38134.1928838486,59989.77499431344,60021.07709443707,186.60678874109226,155.30468861747062,438.96936558295107,7048.030025474059,16988.695827126227,15507.874625913604,8734.746295882389,8504.903120664616,1.8189894035458565e-12,1.1368683772161603e-13,15,0
2025-05-13,37819.2672095841,0.0,1176.552462347372,588.276231173686,-588.276231173686,1312.546864899188,38543.537843309605,63342.82783977507,60918.36111943814,0.0,2424.466720336923,303.2091242602965,6260.910716051154,18646.978851472817,16815.532090492205,8504.903120664616,8469.853358288707,1.8189894035458565e-12,1.1368683772161603e-13,15,0
2025-05-14,37476.09585962994,458.67666179681135,1346.8108259436797,673.4054129718398,-214.7287511750285,935.9617158056794,38197.328824260585,62120.03187218908,60472.31216544064,649.9551036805207,2297.674810428963,314.87946680954866,5911.216926648423,18204.978360184396,16343.152437915956,8469.853358288707,8513.416986250666,1.8189894035458565e-12,1.1368683772161603e-13,15,0
2025-05-15,34755.60890167201,8.295655304944157,288.85938893585364,144.42969446792682,-136.13403916298267,1008.5032980492197,35627.97816055824,54512.791775516656,54000.38808435444,12.47842254052972,524.8821137027478,297.26729854680184,6575.203069295745,11721.904601404189,16764.51057113203,8513.416986250666,1962.4463486951286,1.8189894035458565e-12,1.1368683772161603e-13,15,0
2025-05-16,14988.878221878032,0.0,219.58339512083177,109.79169756041588,-109.79169756041588,957.6510524454584,15836.737576763073,28476.20172764054,28239.688640376873,0.0,236.5130872636641,296.04203709775805,24607.328192859834,11892.119938590478,10679.223987309007,1962.4463486951286,1987.411431848896,1.8189894035458565e-12,1.1368683772161603e-13,15,0
2025-05-17,17575.984340698236,0.0,29.340686270986954,14.670343135493477,-14.670343135493477,2262.987664693071,19824.301662255817,35036.631224755285,35003.39540014457,0.0,33.23582461071795,532.0896153791635,17091.567452247622,18667.966387777058,10672.847907834292,1987.411431848896,8447.229849394975,1.8189894035458565e-12,1.1368683772161603e-13,15,0
2025-05-18,37265.43466037538,0.0,363.66240374248156,181.83120187124078,-181.83120187124078,856.7908883965649,37940.394346900706,62239.099795981296,61772.39094996959,0.0,466.7088460117119,309.8310616936311,6597.392050555391,18591.162243270453,16782.500382162627,8447.229849394975,8394.046280839586,1.8189894035458565e-12,1.1368683772161603e-13,15,0
2025-05-19,35893.93955137808,16.331458409905768,1029.3624888435031,514.6812444217516,-498.34978601184577,1331.3683161427764,36726.958081509,60018.68142729975,57794.29487437013,13.706907525755696,2238.0934604553795,223.5147712111335,8832.364821409577,17909.84303766788,16239.6147634962,8394.046280839586,8266.758249266508,1.8189894035458565e-12,1.1368683772161603e-13,15,0
2025-05-20,35309.749626473415,803.8070326875754,0.0,0.0,803.8070326875754,2456.226471803685,38569.78313096467,58845.30437162083,59886.604305144734,1041.2999335239133,0.0,546.3685151767255,4297.89960860007,17731.69684719332,16124.018452138593,8266.758249266508,8092.315113180225,1.8189894035458565e-12,1.1368683772161603e-13,15,0
2025-05-21,35041.17303531777,832.8711319737073,30.19080438448659,15.095402192243295,817.7757297814641,1592.6900550600478,37451.63882015928,57896.52075341181,58571.342445091315,748.2250575547494,73.40336587524092,443.0336189954873,5834.9919585691205,17697.082941014767,15880.314118830416,8092.315113180225,8141.921265390954,1.8189894035458565e-12,1.1368683772161603e-13,15,0
2025-05-22,33423.6806535848,0.0,38.09825831832837,19.049129159164185,-19.049129159164185,502.09352393516764,33906.7250483608,52638.82632614391,52600.50186539898,0.0,38.32446074493282,140.68577414945486,6675.9601572739175,11323.878556326074,16075.281890718215,8141.921265390954,1939.8607862873544,9.094947017729282e-13,1.1368683772161603e-13,15,0
2025-05-23,14407.39042259634,562.5231261286315,0.0,0.0,562.5231261286315,500.0214624934538,15469.935011218426,27793.720466366947,28210.870974836565,417.1505084696221,0.0,182.59698710106045,20791.965092609673,11786.854326612887,10606.300340618265,1939.8607862873544,1941.830414441632,1.8189894035458565e-12,1.1368683772161603e-13,15,0
2025-05-24,17288.473800262745,0.0,136.62075495070658,68.31037747535329,-68.31037747535329,619.3505219593005,17839.513944746694,34206.599420461556,34065.83548268713,0.0,140.76393777442763,193.53544925351892,23168.926700346674,17916.808803545577,10580.865955284931,1941.830414441632,7785.995668851825,1.8189894035458565e-12,1.1368683772161603e-13,15,0
2025-05-25,35825.86827065946,0.0,989.4663936143186,494.7331968071593,-494.7331968071593,1138.2331063103868,36469.368180162695,59515.27987617574,57512.41807601667,0.0,2002.8618001590687,261.40129464345995,7778.85291815594,17301.123477282777,15851.167208111923,7785.995668851825,7490.6852326576545,1.8189894035458565e-12,1.1368683772161603e-13,14,0
2025-05-26,34861.05763708134,1943.581603917911,0.0,0.0,1943.581603917911,2033.0681259299981,38837.70736692925,57471.30917883858,60169.17911450506,2697.86993566649,0.0,653.5317221968528,5109.702694401602,17943.57794824889,16810.402755948577,7490.6852326576545,6793.73757490583,1.8189894035458565e-12,1.1368683772161603e-13,15,0
2025-05-27,34877.50966624393,177.97632919991398,212.1296284016627,106.06481420083135,71.91151499908263,1633.4252187574457,36582.84640000046,57724.066932337635,57639.5747176062,267.7140932610018,352.2063079924442,470.6316725658361,6351.269179965046,17545.080141117458,15176.510230910468,6793.73757490583,7441.015646900038,1.8189894035458565e-12,1.1368683772161603e-13,15,0
2025-05-28,36005.826823293275,185.19527741627599,309.12318972618084,154.56159486309042,30.633682553185565,1099.5935442153648,37136.05405006183,60181.55132337828,59774.480537072406,131.65000524637964,538.7207915522453,347.70152215957,6351.927123418234,18680.06801630459,17183.63718049084,7441.015646900038,7049.340188314142,1.8189894035458565e-12,1.1368683772161603e-13,15,0
2025-05-29,34083.02469506196,459.2726813816095,207.65968142855485,103.82984071427742,355.4428406673321,2497.5835200614533,36936.051055790755,55013.297764556104,55317.38010891799,644.8699646995956,340.7876203377052,590.9217309904739,5303.502679656749,13617.821376043212,17123.145715791496,7049.340188314142,1918.9594939831536,1.8189894035458565e-12,1.1368683772161603e-13,15,0
2025-05-30,14544.393594926729,232.69970190231962,0.0,0.0,232.69970190231962,924.7553302458639,15701.848627074913,27904.74982740996,28076.38228400435,171.63245659438746,0.0,302.94502589202824,20578.553861544802,11841.32457601573,10636.784394330822,1918.9594939831536,1940.471123971022,1.8189894035458565e-12,1.1368683772161603e-13,15,0
2025-05-31,17669.795740602156,0.0,252.38862869126334,126.19431434563167,-126.19431434563167,1050.6590198183644,18594.26044607489,34946.94123437595,34668.14675247084,0.0,278.79448190510794,415.95031755038696,19370.853170699356,18329.78261316186,11005.720263839992,1940.471123971022,7728.581971173167,1.8189894035458565e-12,1.1368683772161603e-13,15,0
2025-06-01,40359.08639626304,677.7977916490887,0.0,0.0,677.7977916490887,26720.89135811886,67757.77554603099,67948.5671381578,68852.67687296492,904.1097348071164,0.0,6710.839491495787,1517.5652972059593,21287.81227975498,18466.687512500237,7728.581971173167,8458.376140314724,1.8189894035458565e-12,1.1368683772161603e-13,15,0
2025-06-02,42148.23386377641,324.81883526876726,1383.3372118130462,691.6686059065231,-366.8497706377559,20263.070617461846,62044.454710600505,70409.86587883714,67960.00671204648,268.5261558377029,2718.3853226283577,5060.1815141364,1934.3495816485236,21306.860317843537,18861.82912330918,8458.376140314724,8789.7250355635,1.8189894035458565e-12,1.1368683772161603e-13,15,0
2025-06-03,42740.32505640262,61.50255701422506,18.47984824187116,9.23992412093558,52.26263289328948,11498.70454410317,54291.29223339909,70528.99826709324,70572.44584542644,87.31182988447495,43.86425155125528,2777.671226806937,3246.214177656171,21521.331334938808,19609.79527369493,8789.7250355635,8536.113453337468,1.8189894035458565e-12,1.1368683772161603e-13,15,0
2025-06-04,47991.40188534559,0.0,2512.3775121529175,1256.1887560764587,-1256.1887560764587,5679.492254346567,52414.70538361571,78641.09329903562,74726.70740022481,0.0,3914.385898810827,1767.0969395625152,4571.327916326054,22187.857395446015,19910.641788651417,8536.113453337468,8597.703941301226,9.094947017729282e-13,1.1368683772161603e-13,14,0
2025-06-05,43070.56617303772,271.6058671753783,111.87337920360957,55.93668960180479,215.66917757357353,4343.994467577217,47630.22981818851,68549.90580601383,68529.5189213795,223.23144120852714,243.61832584287652,1190.6395140134796,3269.003646287653,14879.935804716039,19578.099032277383,8597.703941301226,2076.922115854187,1.8189894035458565e-12,1.1368683772161603e-13,14,0
2025-06-06,21199.449925091052,0.0,0.0,0.0,0.0,1908.5723251710056,23108.02225026206,36861.51968509999,36861.51968509999,0.0,0.0,535.5608452265611,5179.672331099078,12803.433678312216,11441.020879084735,2076.922115854187,2163.4308923498893,1.8189894035458565e-12,1.1368683772161603e-13,14,0
2025-06-07,25412.086582626154,56.153621265364805,219.9798605772281,109.98993028861405,-53.836309023249264,826.367134949289,26184.617408552193,46936.01290603755,46518.119322208884,40.70410201777875,458.59768584644456,235.05966269865166,7150.055803306841,19990.26295332265,11513.652938388623,2163.4308923498893,8991.4036551389,9.094947017729282e-13,1.1368683772161603e-13,15,0
2025-06-08,51194.84492785251,0.0,2589.025924072449,1294.5129620362245,-1294.5129620362245,92.39553038080274,49992.72749619708,82477.30484762212,78201.90541611444,0.0,4275.399431507683,40.89157258472945,11004.009936101156,20745.59128431335,18691.72749838201,8991.4036551389,8969.588848719806,1.8189894035458565e-12,1.1368683772161603e-13,15,0
2025-06-09,53030.969421964815,0.0,2329.419968417566,1164.709984208783,-1164.709984208783,689.3991015487245,52555.65853930476,85041.21834935452,81408.24422999969,0.0,3632.9741193548107,255.9075733107968,8422.408371012149,22805.709814650094,20496.67911568509,8969.588848719806,8999.588025008123,1.8189894035458565e-12,1.1368683772161603e-13,14,0
2025-06-10,51130.59082185456,27.292950151689666,323.82644042421225,161.91322021210613,-134.62027006041646,1173.1645609208913,52169.135112715034,82178.67642311801,81577.12653081297,20.730555507391273,622.2804478124398,419.24424863457165,8080.088001022781,23139.78329841428,20841.944753322852,8999.588025008123,8982.57519808984,1.8189894035458565e-12,2.2737367544323206e-13,14,0
2025-06-11,52605.183260983256,768.542293802794,135.37066378561326,67.68533189280663,700.8569619099874,1823.876158348384,55129.91638124164,84109.91549363516,84532.68824320585,650.8572310551098,228.08448148441755,441.2871939598548,6624.121938990973,24832.522219731225,22567.11503822317,8982.57519808984,8752.946363142786,1.8189894035458565e-12,2.2737367544323206e-13,14,0
2025-06-12,49318.401105464,0.0,1123.929654855131,561.9648274275655,-561.9648274275655,868.4482182042459,49624.88449624067,77063.46505740364,75545.1818034715,0.0,1518.28325393214,251.5059948608661,7465.692897460673,17205.16025148787,21326.55678394951,8752.946363142786,2595.0298386132613,1.8189894035458565e-12,1.1368683772161603e-13,14,0
2025-06-13,21795.651309767018,0.0,568.3669369005112,284.1834684502556,-284.1834684502556,869.9057428932956,22381.373584210054,38124.9817137833,37047.835629964,0.0,1077.1460838192975,187.00048220286294,7664.256147516272,13134.87621248353,11909.609947832936,2595.0298386132613,2502.0363635736453,1.8189894035458565e-12,1.1368683772161603e-13,14,0
2025-06-14,24963.878445199065,0.0,994.3984172882608,497.1992086441304,-497.1992086441304,350.30107321226825,24816.980309767205,45372.15984604812,43774.3788355353,0.0,1597.7810105128126,145.6587413821708,9886.691111988479,19278.78228470809,11438.77856977909,2502.0363635736453,8733.96381355326,9.094947017729282e-13,1.1368683772161603e-13,14,0
2025-06-15,50979.63891865073,53.80937115573915,295.85647406180885,147.92823703090443,-94.11886587516528,588.5185806200553,51474.03863339561,81837.36090100986,81572.8807688022,77.92449953844095,342.40463174610363,154.39655651977327,8805.773780841078,23203.58952397569,20909.060312828125,8733.96381355326,8706.736875645658,1.8189894035458565e-12,1.1368683772161603e-13,14,0
2025-06-16,51845.9239549533,0.0,1103.6771914600868,551.8385957300434,-551.8385957300434,1250.3187901070614,52544.404149330316,83118.20719063627,81662.70044682188,0.0,1455.5067438143865,372.9658446421988,6983.832828875727,23548.25925671686,21190.478610795173,8706.736875645658,8709.851424258532,1.8189894035458565e-12,1.1368683772161603e-13,14,0
2025-06-17,52291.19604292964,0.0,193.6029029855886,96.8014514927943,-96.8014514927943,1700.8270387793573,53895.22163021621,83994.87270116233,83683.64364987318,0.0,311.2290512891327,482.24657594883,7061.344100096594,24477.97267808758,22010.437769028824,8709.851424258532,8730.65672492163,1.8189894035458565e-12,1.1368683772161603e-13,14,0
2025-06-18,52152.72081993308,0.0,1452.5274715833132,726.2637357916566,-726.2637357916566,774.1399545055903,52200.597038647014,84100.7430702645,82077.57700337848,0.0,2023.1660668860168,214.67375713056398,9048.757645861067,23324.613681479877,21009.511466831893,8730.65672492163,8712.358570484135,1.8189894035458565e-12,1.1368683772161603e-13,14,0
2025-06-19,47247.25875210094,76.34424454872315,2504.8734095723635,1252.4367047861817,-1176.0924602374585,1655.706829389888,47726.873121253375,74165.12535507804,70450.30044921575,68.58218987281174,3783.4070957351037,449.3673655619042,7016.356708922946,15425.364800424299,19801.557894569592,8712.358570484135,2473.46980080689,1.8189894035458565e-12,1.1368683772161603e-13,14,0
2025-06-20,20773.875329863906,0.0,247.37026623155677,123.68513311577838,-123.68513311577838,478.7673901325654,21128.95758688069,36024.717764678906,35696.94499215736,0.0,327.77277252154676,213.5165525200146,12205.842123117724,13030.137158742791,11726.098587183138,2473.46980080689,2474.55009355314,1.8189894035458565e-12,1.1368683772161603e-13,14,0
2025-06-21,23277.52857513551,0.0,213.52068224822148,106.76034112411074,-106.76034112411074,1184.5975118032602,24355.365745814663,42480.24244606926,42229.41430713999,0.0,250.82813892926373,342.738738846026,15416.395494221875,19276.315305117903,11455.298153353764,2474.55009355314,8686.723991167755,1.8189894035458565e-12,1.1368683772161603e-13,14,0
2025-06-22,49011.396518898626,74.10460824649292,1408.7803042499086,704.3901521249543,-630.2855438784615,1315.4263016030807,49696.53727662325,79594.15607300424,77082.7268875179,74.66160152751263,2586.090787013851,329.79720570441685,7842.498899233099,21011.40290489213,18898.71881090291,8686.723991167755,8698.892228474899,1.8189894035458565e-12,2.2737367544323206e-13,14,0
2025-06-23,49030.75577923347,0.0,886.6716869387318,443.3358434693659,-443.3358434693659,692.2840561438579,49279.703991907954,78992.58881125509,77683.71109004517,0.0,1308.8777212099303,198.56455609127556,8595.357955445405,22305.862604410304,20080.230913719268,8698.892228474899,8693.669653396175,9.094947017729282e-13,1.1368683772161603e-13,14,0
2025-06-24,52015.094244819615,584.7814389298567,572.288324254091,286.1441621270455,298.6372768028112,3359.0286814135716,55672.760203035985,83760.80181857539,83431.71311139794,484.8499114438331,813.9386186212981,864.4094065504685,5583.628997751593,24082.541881968034,21638.84061177123,8693.669653396175,8731.03415857176,1.8189894035458565e-12,1.1368683772161603e-13,14,0
2025-06-25,48477.32617232096,277.81888094668176,44.03372498913035,22.016862494565174,255.80201845211658,1963.4597995543145,50696.58799032738,79206.90820513506,79375.14367464834,241.7655159469275,73.53004643365693,426.91186972614764,7156.097143488161,22086.62734219656,19878.09030797691,8731.03415857176,8730.901659137799,1.8189894035458565e-12,1.1368683772161603e-13,14,0
2025-06-26,44792.58665614882,0.0,71.6348856065672,35.8174428032836,-35.8174428032836,646.1284709166429,45402.89768426218,70095.44649118505,70004.92265631807,0.0,90.5238348669833,142.68439426860635,7448.534691714495,14846.884449904504,19695.195924365653,8730.901659137799,2055.3336034278195,1.8189894035458565e-12,1.1368683772161603e-13,14,0
2025-06-27,19933.10078727932,0.0,767.9713568539133,383.98567842695667,-383.98567842695667,751.0122897864468,20300.12739863881,35205.28277504512,34305.1881270267,0.0,900.0946480184193,235.94203291681401,13241.161202550797,13892.506916949344,12364.183826223294,2055.3336034278195,2201.9287836285253,1.8189894035458565e-12,1.1368683772161603e-13,14,0
2025-06-28,22292.977366867155,6.533803461096774,0.0,0.0,6.533803461096774,841.4055731517549,23140.91674348001,41314.671492827474,41320.985261452006,6.313768624531839,0.0,269.44313653234747,11667.47645581837,19421.16724578831,11275.141420288992,2201.9287836285253,8741.423168813906,1.8189894035458565e-12,1.1368683772161603e-13,14,0
2025-06-29,47150.87500226256,1203.5562312136972,570.3894555056028,285.1947277528014,918.3615034608958,2246.257049321998,50315.493555045454,76777.8439916278,77024.7507949312,1121.2012213486803,874.2944180452896,737.5770191831114,6269.082687185266,22108.483580957072,19883.00698736136,8741.423168813906,8756.842682923683,3.637978807091713e-12,1.1368683772161603e-13,14,0
2025-06-30,49185.498127276645,33.48289599655678,547.0038178831186,273.5019089415593,-240.01901294500254,2324.8346425309364,51270.31375686258,79693.50529463799,78892.29480713795,24.00355149969164,825.2140389997425,603.3206920756687,7096.546098400653,23097.26407764561,20575.878660165985,8756.842682923683,8979.950868922122,9.094947017729282e-13,1.1368683772161603e-13,15,0
2025-07-01,45525.920175793886,0.0,649.8961735551384,324.9480867775692,-324.9480867775692,31316.21548901452,76517.18757803083,74290.55017466248,73213.65412732078,0.0,1076.8960473416914,8747.073680485184,946.666600906857,21181.005528157704,19033.488354591933,8979.950868922122,9010.958709800581,9.094947017729282e-13,1.1368683772161603e-13,15,0
2025-07-02,45572.51728228742,0.0,2192.4411938607777,1096.2205969303889,-1096.2205969303889,21115.15252960774,65591.44921496478,74185.44538562091,70276.96841352989,0.0,3908.476972091025,5704.059747265938,1162.0857955337326,18718.943090954388,16804.76709235895,9010.958709800581,9055.527523847255,1.8189894035458565e-12,1.1368683772161603e-13,15,0
2025-07-03,46522.16284995263,72.53265285446518,146.94175652501428,73.47087826250714,-0.9382254080419585,15493.859208260821,62015.0838328054,72951.8002035307,72867.45552872855,98.59757420591495,182.94224900807262,4130.219664401104,2105.2652050354463,15177.060969957578,20045.069915196713,9055.527523847255,2324.3928497603915,1.8189894035458565e-12,1.1368683772161603e-13,15,0
2025-07-04,22683.831316112522,0.0,0.0,0.0,0.0,7224.703463283333,29908.53477939585,39356.13299866291,39356.13299866291,0.0,0.0,2021.988879011305,11057.429460307403,12953.238273872288,11513.413323172132,2324.3928497603915,2476.7104078009565,1.8189894035458565e-12,1.1368683772161603e-13,15,0
2025-07-05,27351.254022058034,0.0,0.0,0.0,0.0,3921.1149873240356,31272.36900938207,48976.90049489311,48976.90049489311,0.0,0.0,1033.919049112723,13093.511937715204,19911.806264519928,11784.578624895965,2476.7104078009565,8944.671871633169,9.094947017729282e-13,1.1368683772161603e-13,15,0
2025-07-06,52846.6751337651,3656.897661602047,0.0,0.0,3656.897661602047,2209.340892612138,58712.913687979286,84173.46574969134,87869.96565742347,3696.4999077321254,0.0,541.7768888771711,6325.162782085327,23200.03988215318,20907.441667937863,8944.671871633169,8915.783649339895,9.094947017729282e-13,1.1368683772161603e-13,15,0
2025-07-07,53102.191191557715,41.734954021348535,900.0668929273081,450.03344646365406,-408.2984924423055,1531.3026703412968,54225.195369456706,84751.7923182117,83150.59291434482,29.799014075309287,1630.998417942188,449.1632358098595,8167.370361814483,20221.569899235285,18198.666877561755,8915.783649339895,8916.570035852163,1.8189894035458565e-12,2.2737367544323206e-13,15,0
2025-07-08,56280.81900880094,524.0397767820187,852.0374272806416,426.0187136403208,98.02106314169794,186.47239675097646,56565.31246869362,89377.66796406882,88196.75667553217,405.74730798445205,1586.6585965210966,78.87486485780391,10401.047922213414,22520.478322599072,20217.28172108916,8916.570035852163,8970.485572633625,1.8189894035458565e-12,1.1368683772161603e-13,15,0
2025-07-09,55322.62946567013,50.8186966573133,951.861106728698,475.930553364349,-425.1118567070357,576.0333710829502,55473.55098004604,87962.56492672977,86613.86945786318,35.61067068299212,1384.3061395495904,102.51213380219468,10962.557044986934,21261.29740226845,19566.19787225667,8970.485572633625,8516.139837760027,1.8189894035458565e-12,2.2737367544323206e-13,15,0
2025-07-10,50340.90814791517,95.46252779504054,312.96909770034165,156.48454885017082,-61.022021055130296,663.7117814920142,50943.59790835205,77610.5696456881,77086.47604478561,92.24769560326669,616.3412965057558,237.20802709139767,8722.94088619775,15438.628318044897,19691.508515698966,8516.139837760027,2405.836176495505,1.8189894035458565e-12,2.2737367544323206e-13,15,0
2025-07-11,26913.465573881273,0.0,340.3365699125832,170.1682849562916,-170.1682849562916,844.282430434185,27587.579719359164,45221.08471152379,44811.309151621135,0.0,409.77555990266177,254.2289045338386,11199.846865651962,13313.842629672987,11966.928589169973,2405.836176495505,2422.2059993516955,1.8189894035458565e-12,1.1368683772161603e-13,15,0
2025-07-12,28745.61833256625,583.5662260157371,0.0,0.0,583.5662260157371,301.9925749646322,29631.17713354662,50789.024640137635,51261.11876538079,472.09412524315815,0.0,99.18891898024326,12513.524784024508,19522.838108303506,11760.298541300313,2422.2059993516955,8546.753325221733,1.8189894035458565e-12,1.1368683772161603e-13,15,0
2025-07-13,53164.99523504342,0.0,3007.4540756670367,1503.7270378335184,-1503.7270378335184,1006.7574121133445,52668.02560932324,84149.9840079057,79776.60103105739,0.0,4373.382976848295,209.99584482991378,8630.5831346514,20877.68529485911,18789.3919536232,8546.753325221733,8547.306525379337,2.7284841053187847e-12,2.2737367544323206e-13,15,0
2025-07-14,50882.625841036206,0.0,871.5832048747274,435.7916024373637,-435.7916024373637,1390.2285340328008,51837.06277263164,81652.97996412206,79919.01590818736,0.0,1733.9640559347092,312.05814290154217,6396.614066431569,20264.85946740657,18238.078699415913,8547.306525379337,8547.617294263544,1.8189894035458565e-12,1.1368683772161603e-13,15,0
2025-07-15,54687.759429974234,0.0,1177.9303253836354,588.9651626918177,-588.9651626918177,292.9789881216144,54391.773255404034,87041.08014885176,85052.0209468001,0.0,1989.0592020516528,107.946217123457,10337.946100419205,20743.182791463092,18670.212311292067,8547.617294263544,8546.196589400235,1.8189894035458565e-12,2.2737367544323206e-13,15,0
2025-07-16,53005.06747902658,0.0,317.01760598636986,158.50880299318493,-158.50880299318493,1066.02087041052,53912.579546443914,83790.80425768168,83246.45892242216,0.0,544.3453352595202,358.7168658925217,9420.14343729914,20556.967007069245,18506.498039387036,8546.196589400235,8540.686074947771,1.8189894035458565e-12,1.1368683772161603e-13,15,0
2025-07-17,49280.33940218022,1110.2243898887102,269.32359909992834,134.66179954996417,975.562590338746,1677.8485911905468,51933.75058370952,76033.04042408016,76524.59524917988,981.4276040427974,489.87277894307584,427.9027357112846,8513.839987129846,14555.419418188634,18837.177487093984,8540.686074947771,2493.040857082107,1.8189894035458565e-12,1.1368683772161603e-13,15,0
2025-07-18,26632.63081223083,0.0,613.8626627192907,306.93133135964536,-306.93133135964536,389.61664740812694,26715.31612827931,44662.4297445188,43883.08678216953,0.0,779.3429623492655,101.80208288823187,11388.570665630901,13078.47050871457,11756.400409287715,2493.040857082107,2508.033266650851,1.8189894035458565e-12,1.1368683772161603e-13,15,0
2025-07-19,29085.395315280177,0.0,152.6235152957502,76.3117576478751,-76.3117576478751,835.0446083479509,29844.128165980248,50700.21298626141,50507.8778393758,0.0,192.335146885611,265.6828003649648,15992.618547252081,18906.91146569862,11308.788423209942,2508.033266650851,8524.194727116363,1.8189894035458565e-12,1.1368683772161603e-13,15,0
2025-07-20,51546.778973018074,50.818889861356325,346.64483380540565,173.32241690270283,-122.50352704134649,1091.6431824888882,52515.91862846562,82965.53698107842,82357.48462291599,39.30214797938078,647.354506141817,254.75599874165002,8054.245089527975,21470.715784629967,19002.69846916697,8524.194727116363,8862.501238530156,1.8189894035458565e-12,2.2737367544323206e-13,15,0
2025-07-21,52002.355402827714,409.9284953468053,140.24259297518773,70.12129648759387,339.80719885921144,1163.2531757344498,53505.41577742138,83092.82365180844,83171.91258570168,366.9978171361884,287.9088832429603,346.86596268008344,7592.101451264395,21193.419521173615,19256.49177405626,8862.501238530156,8670.219783407196,1.8189894035458565e-12,2.2737367544323206e-13,15,0
2025-07-22,53353.24479311315,1000.0964747292105,0.0,0.0,1000.0964747292105,710.7176832874343,55064.0589511298,84903.78013875423,86237.36372838708,1333.5835896328488,0.0,171.8707579836965,10161.41188140183,22542.982880522737,20090.30489222046,8670.219783407196,8879.330348184354,9.094947017729282e-13,2.2737367544323206e-13,15,0
2025-07-23,55943.81674773482,0.0,2304.5185525464954,1152.2592762732477,-1152.2592762732477,1007.8738507217686,55799.43132218334,88688.84072060126,84908.26086105265,0.0,3780.5798595486185,302.5999924516866,9030.4795067778,21549.657308098773,19585.8230780389,8879.330348184354,8677.860056525626,1.8189894035458565e-12,2.2737367544323206e-13,14,0
2025-07-24,52601.71206185867,0.0,873.317653903754,436.658826951877,-436.658826951877,208.16287612132558,52373.216111028116,81127.4596855753,79558.7145815193,0.0,1568.7451040559822,60.3856996396988,10332.832731673469,15419.357521248037,19749.561971762487,8677.860056525626,2488.080796464713,1.8189894035458565e-12,1.1368683772161603e-13,14,0
2025-07-25,25626.53080513493,0.0,107.51047610702554,53.75523805351277,-53.75523805351277,708.5512862774233,26281.32685335884,43292.62812692199,43157.50547539968,0.0,135.12265152230995,171.93680364087027,15566.43587852845,12960.080262008814,11702.393428163377,2488.080796464713,2447.686712965836,1.8189894035458565e-12,1.1368683772161603e-13,14,0
2025-07-26,28002.868648070704,0.0,1.400164326968771,0.7000821634843855,-0.7000821634843855,514.6198029049988,28516.788368812217,49605.8828694375,49604.02440869025,0.0,1.858460747237551,199.6339166666662,13469.16011721308,19462.27065732476,11596.864015847583,2447.686712965836,8687.049825933305,1.8189894035458565e-12,1.1368683772161603e-13,14,0
2025-07-27,51018.89311623272,391.0217775181013,215.67672617472374,107.83836308736187,283.1834144307394,2029.2504610583433,53331.3269917218,81749.59222792793,81664.6877684131,357.4833745299297,442.38783404475475,617.116878271438,6450.036806126556,21476.66803557979,19330.089995021808,8687.049825933305,8685.902168962597,1.8189894035458565e-12,1.1368683772161603e-13,14,0
2025-07-28,51616.1751180914,944.41250947321,0.0,0.0,944.41250947321,4589.505045053359,57150.09267261796,82823.92424223598,83800.6925283138,976.7682860778139,0.0,1177.635731461394,4725.285609645035,21898.86232963495,19600.696912838124,8685.902168962597,8800.038450328402,1.8189894035458565e-12,2.2737367544323206e-13,15,0
2025-07-29,53380.374292034205,2757.5414400739933,0.0,0.0,2757.5414400739933,455.3263884534781,56593.24212056168,85232.94308893206,88289.15118248062,3056.2080935485524,0.0,78.40921197478974,10002.741906027319,22685.367551780866,20389.795013352774,8800.038450328402,8828.53666812728,1.8189894035458565e-12,1.1368683772161603e-13,15,0
2025-07-30,50925.31110756308,3574.411494911105,0.0,0.0,3574.411494911105,422.10727079614617,54921.82987327033,81278.06926166968,84913.06615928754,3634.9968976178507,0.0,117.63121172592554,8687.635435488148,22163.032595253062,19923.22470972775,8828.53666812728,8853.312719364085,1.8189894035458565e-12,2.2737367544323206e-13,15,0
2025-07-31,48831.21413187467,1040.917689634453,0.0,0.0,1040.917689634453,1848.069717101791,51720.20153861091,76005.6373967508,77118.02961488104,1112.3922181302414,0.0,446.7742565286427,7175.0048913203755,15594.406613593483,19899.60390017083,8853.312719364085,2671.441530118769,9.094947017729282e-13,2.2737367544323206e-13,15,0
2025-08-01,24872.864203825324,0.0,525.2285082458038,262.6142541229019,-262.6142541229019,865.0301119866359,25475.280061689056,42157.91610772042,41567.666291909845,0.0,590.2498158105659,268.3613177541885,19495.452585709434,12441.131463148162,11351.916105860222,2671.441530118769,2508.164924169043,1.8189894035458565e-12,1.1368683772161603e-13,15,0
2025-08-02,27873.423899119458,0.0,83.79382826762057,41.896914133810284,-41.896914133810284,473.7110616246842,28305.238046610335,49136.04574485752,49027.91940293972,0.0,108.12634191779617,111.21727845815883,20215.11996511038,19411.298374905782,11414.306591951625,2508.164924169043,8891.603905236809,1.8189894035458565e-12,1.1368683772161603e-13,15,0
2025-08-03,46574.602350408895,0.0,1810.2984700960628,905.1492350480314,-905.1492350480314,3382.862983664422,49052.31609902528,74025.26158368406,70604.35029578922,0.0,3420.911287894838,904.0993822124633,6794.299410666835,18720.82549751507,16846.155213513564,8891.603905236809,8894.331616639885,9.094947017729282e-13,2.2737367544323206e-13,15,0
2025-08-04,47855.73330120683,4.90817952599959,1394.9257952528953,697.4628976264477,-692.5547181004481,1675.0709578245155,48838.24954093089,75975.42027840925,73795.82382482928,4.2144766666663145,2183.810930246634,483.5335456804733,6798.882579609974,19243.478444347067,17178.658736780628,8894.331616639885,9042.401961527788,1.8189894035458565e-12,1.1368683772161603e-13,15,0
2025-08-05,46761.18753552547,0.0,27.980080951602595,13.990040475801298,-13.990040475801298,1697.2289512110885,48444.42644626076,74142.53972945148,74114.46118038132,0.0,28.078549070168492,449.3346647053113,7476.304371158398,19627.175600948904,17691.993860354014,9042.401961527788,9013.376659241361,1.8189894035458565e-12,1.1368683772161603e-13,15,0
2025-08-06,47916.89012312978,114.96448189855855,0.0,0.0,114.96448189855855,1649.0706173779568,49680.925222406295,75375.1773374514,75523.10545648533,147.92811903391265,0.0,514.707209540531,6778.879042635081,19297.02529064127,18152.490933917165,9013.376659241361,8185.736735619325,1.8189894035458565e-12,1.1368683772161603e-13,15,0
2025-08-07,45509.02847050004,473.02089970420286,2591.3244861255444,1295.6622430627722,-822.6413433585694,1536.4727018821711,46222.85982902365,71270.35266339104,66174.83961097186,350.6690201021198,5446.182072521295,500.0755133038954,7580.592753191122,13197.529414855026,17491.192293770386,8185.736735619325,2268.6769202561904,1.8189894035458565e-12,2.2737367544323206e-13,15,0
2025-08-08,23382.013943848928,0.0,35.20496698645768,17.60248349322884,-17.60248349322884,699.2976210470138,24063.70908140271,40512.63805927094,40469.74714523772,0.0,42.89091403322136,155.5992782618457,23618.210083841237,12808.76051632806,11576.795426669732,2268.6769202561904,2217.1202394597753,1.8189894035458565e-12,1.1368683772161603e-13,15,0
2025-08-09,25636.50395584393,44.88898781036794,0.0,0.0,44.88898781036794,1891.415006100715,27572.807949755013,45679.81576071447,45713.199711161695,33.3839504472281,0.0,456.2314736875498,20669.62069021762,18007.250930380982,11429.369435749357,2217.1202394597753,7252.685228756299,1.8189894035458565e-12,1.1368683772161603e-13,15,0
2025-08-10,45390.47738141542,0.0,27.809198869735162,13.904599434867581,-13.904599434867581,2275.941637520608,47652.51441950117,71659.36772477583,71596.62133743436,0.0,62.746387341460206,675.900826298826,4982.099082880494,18901.764510828747,16915.96047997605,7252.685228756299,7353.485548490331,1.8189894035458565e-12,2.2737367544323206e-13,15,0
2025-08-11,45589.73785466615,444.9441599021188,0.0,0.0,444.9441599021188,2187.380896016674,48222.06291058495,72682.0810509055,73103.87175206006,421.79070115456176,0.0,539.8258366532295,7098.566160986906,19841.68881746493,17857.810723071885,7353.485548490331,7353.179031706434,1.8189894035458565e-12,1.1368683772161603e-13,15,0
2025-08-12,46924.60802387072,1088.329348892137,142.15762148746796,71.07881074373398,1017.2505381484032,2092.9912235433767,50034.8497855625,75204.46986379148,75854.80842667827,968.136740795691,317.7981779088892,544.2943187102085,6553.77508851428,19684.78627457545,17600.002267701235,7353.179031706434,7475.77566606868,1.8189894035458565e-12,2.2737367544323206e-13,15,0
2025-08-13,45569.86230398233,286.7063478003806,0.6819890533729478,0.3409945266864739,286.36535327369415,3013.5529758832163,48869.780633139235,72465.09757018462,72856.09428719104,392.53550097160684,1.5387839651916693,706.4983654898901,5593.888671187956,18998.729121874636,17151.00459038167,7475.77566606868,7420.806446307293,1.8189894035458565e-12,1.1368683772161603e-13,15,0
2025-08-14,43556.55821057494,1141.0505658536188,0.0,0.0,1141.0505658536188,1785.7411581332105,46483.349934561775,67087.4641514917,68701.34860221218,1613.8844507204813,0.0,463.92834959625594,6653.154863247939,14934.414022652114,18348.582917424956,7420.806446307293,2247.7309772620492,1.8189894035458565e-12,1.1368683772161603e-13,15,0
2025-08-15,23854.145061522333,0.0,113.5620437757319,56.78102188786595,-56.78102188786595,1253.865666637086,25051.22970627156,40792.203861750124,40670.572644286636,0.0,121.6312174634879,378.7473149487125,22602.75150204979,12868.996319031367,11582.154745179138,2247.7309772620492,2247.6697787029234,1.8189894035458565e-12,1.1368683772161603e-13,15,0
2025-08-16,26716.93269052759,0.0,413.4794393839193,206.73971969195966,-206.73971969195966,1634.174450837101,28144.367421672727,46727.772665524724,46250.45699717173,0.0,477.31566835300094,387.9240798016194,23004.829876305383,17945.34763751885,11241.076803517557,2247.6697787029234,7422.986009460453,1.8189894035458565e-12,1.1368683772161603e-13,15,0
2025-08-17,46914.40594141135,93.01329950248824,807.9153031629844,403.9576515814922,-310.94435207900403,1467.723565604911,48071.18515493725,74746.12073266102,73028.73139919419,66.60903018910187,1783.9983636559314,348.07611783513096,8479.512397195555,19525.370344399525,17793.468841232432,7422.986009460453,7190.415738932604,1.8189894035458565e-12,2.2737367544323206e-13,15,0
2025-08-18,46299.32903567726,0.0,54.64710083311691,27.323550416558454,-27.323550416558454,1841.0389124588564,48113.04439771956,73364.55676959528,73244.47964185826,0.0,120.07712773701803,462.7509007180639,7094.261182516029,20220.94673817823,18002.09299478461,7190.415738932604,7397.818008984298,4.547473508864641e-12,1.1368683772161603e-13,15,0
2025-08-19,45989.07627878478,307.56585930753454,0.0,0.0,307.56585930753454,2029.6201456669896,48326.26228375929,72717.0015987228,73022.03436605376,305.03276733097346,0.0,438.1139194333456,7210.331246062045,19114.571939437734,17182.414950012666,7397.818008984298,7419.6375092578155,1.8189894035458565e-12,1.1368683772161603e-13,15,0
2025-08-20,47657.730322856616,614.2665785963457,17.556434324531338,8.778217162265669,605.4883614340799,3011.9838173573835,51275.20250164808,76275.358462167,76798.14130814049,561.2078978682948,38.42505189480039,724.1664960551209,4818.926440825121,20716.29451340851,18663.604216704687,7419.6375092578155,7399.673887387429,1.8189894035458565e-12,2.2737367544323206e-13,15,0
2025-08-21,44902.4559719847,0.0,165.55727650395443,82.77863825197721,-82.77863825197721,1648.3400464172607,46468.01738014998,69839.63430389305,69498.90117026694,0.0,340.7331336261137,401.61291178375365,6978.376870115809,15512.875652122664,18435.156923521106,7399.673887387429,2684.1182896409273,1.8189894035458565e-12,1.1368683772161603e-13,15,0
2025-08-22,23998.682966424487,0.0,0.0,0.0,0.0,2449.8677895628443,26448.550755987333,40841.314838665916,40841.314838665916,0.0,0.0,656.8707162367741,19014.102887910092,12815.663332514036,11562.150065521433,2684.1182896409273,2654.547761397783,1.8189894035458565e-12,1.1368683772161603e-13,15,0
2025-08-23,26045.077321925983,243.64463454772033,0.0,0.0,243.64463454772033,1093.5436704818808,27382.26562695558,45920.711555652466,46108.98583115861,188.27427550613578,0.0,403.7334471274326,17792.872322012125,18044.36512111884,11854.524314844928,2654.547761397783,7277.169771476139,1.8189894035458565e-12,1.1368683772161603e-13,15,0
2025-08-24,47185.58045338468,368.9612418218238,293.3292145519229,146.66460727596146,222.29663454586236,614.258912766309,48022.13600069686,74556.02096745968,74202.14239950523,302.82839758617183,656.7069655406344,171.24239961815346,7764.197588775334,21693.182896828635,18817.585169813916,7277.169771476139,8021.653666979734,1.8189894035458565e-12,2.2737367544323206e-13,15,0
2025-08-25,51794.73222090337,5.230601825702278,1625.1866847995398,812.5933423997699,-807.3627405740676,523.1801713541475,51510.54965168345,82844.50331557529,79851.79928243454,4.628441576588159,2997.33247471733,154.40972376565924,7380.35310244412,20779.02435985369,18926.25547276427,8021.653666979734,7784.342069570369,9.094947017729282e-13,2.2737367544323206e-13,15,0
2025-08-26,47614.62025875113,121.35604051584106,87.2720744687201,43.63603723436005,77.72000328148101,803.6291360592072,48495.969398091824,75189.28100452555,75096.14414094054,99.10720666279258,192.24407024779867,254.14876830354015,7389.853738375909,20903.437758375912,18471.816970841086,7784.342069570369,8144.079626243433,1.8189894035458565e-12,1.1368683772161603e-13,15,0
2025-08-27,47908.09753909784,1751.5055539633922,125.02517761000549,62.51258880500274,1688.9929651583893,699.4934161635808,50296.58392041982,75981.07175168168,77664.65922000469,1958.3077003818971,274.7202320589002,160.1130817309703,7651.854970582797,20916.531444139335,18657.76297965314,8144.079626243433,8320.234640688897,1.8189894035458565e-12,1.1368683772161603e-13,15,0
2025-08-28,44954.92487564574,793.9655894764453,0.0,0.0,793.9655894764453,5125.9436632680645,50874.834128390256,69488.27626723262,70394.21070828018,905.9344410475612,0.0,1417.4061769204468,4751.812803914756,14831.131747846064,18539.122649893525,8320.234640688897,2848.330489430553,1.8189894035458565e-12,1.1368683772161603e-13,14,0
2025-08-29,24605.760386214723,0.0,24.6904143768371,12.34520718841855,-12.34520718841855,1177.9502292495017,25771.365408275808,41743.311899588065,41713.65527520147,0.0,29.656624386595013,321.1804447190575,18101.17860056983,13739.606379965824,12361.169610615128,2848.330489430553,2853.0487461589114,1.8189894035458565e-12,1.1368683772161603e-13,14,0
2025-08-30,26661.219974550513,0.0,89.89381858352053,44.946909291760264,-44.946909291760264,2042.3492877995996,28658.622353058356,47004.53002387521,46897.90963798211,0.0,106.62038589309529,702.6507551156378,21690.215379894187,19560.74258179598,12163.11740192575,2853.0487461589114,8588.947051602556,1.8189894035458565e-12,1.1368683772161603e-13,14,0
2025-08-31,47467.266647272394,69.95644325344658,93.64756440803929,46.82378220401964,23.132661049426936,2271.881076806497,49762.28038512831,74658.96459330595,74664.56171135274,103.70347180567694,98.10635375889262,619.1201174522375,6592.693152869509,20124.26158102138,18079.895988419237,8588.947051602556,8622.614171668476,1.8189894035458565e-12,1.1368683772161603e-13,15,0
2025-09-01,49569.72394390036,0.0,1492.128903158543,746.0644515792715,-746.0644515792715,0.0,48823.65949232108,79064.42091998996,76518.43030404778,0.0,2545.9906159421907,0.0,20963.663400747395,20136.524647170565,18155.89227720351,8622.614171668476,8587.807935680286,1.8189894035458565e-12,1.1368683772161603e-13,14,0
2025-09-02,45413.485977181655,104.94956649752886,548.416501333218,274.208250666609,-169.25868416908014,125.09221155644848,45369.31950456902,72505.5693898474,71705.73203594337,154.29509331624377,954.1324472202635,23.987001257228854,15664.400893718423,20010.74641232183,18003.184118839647,8587.807935680286,8594.646521605993,1.8189894035458565e-12,1.1368683772161603e-13,14,0
2025-09-03,44422.59476881977,292.3232361318959,521.7227058606335,260.86135293031674,31.461883201579155,26.30242687499997,44480.35907889635,71434.01980603852,70556.41342790212,246.8801181584891,1124.4864962948775,11.969249999999988,12958.57869355423,19936.370723478944,17874.283989131047,8594.646521605993,8666.798800602215,1.8189894035458565e-12,1.1368683772161603e-13,15,0
2025-09-04,39899.11118833202,358.24187389961503,1005.4151667889392,502.7075833944696,-144.46570949485462,225.95671593315555,39980.60219477032,62042.77445428663,60340.19147177027,286.4006741900365,1988.9836567064008,99.90517220149286,10401.253976255572,14224.595816129462,18111.318698413274,8666.798800602215,3070.4291008227347,1.8189894035458565e-12,1.1368683772161603e-13,15,0
2025-09-05,18472.1559198153,0.0,405.7110839552287,202.85554197761434,-202.85554197761434,645.8341458710553,18915.134523708744,33402.754362561485,32964.20976540416,0.0,438.5445971573238,137.3380469320216,25013.632898483876,13364.364436410055,12100.711189224416,3070.4291008227347,2993.7088754272468,1.8189894035458565e-12,1.1368683772161603e-13,15,0
2025-09-06,19455.263859761493,0.0,204.83942204649216,102.41971102324608,-102.41971102324608,1141.5876937939552,20494.4318425322,37032.7871913892,36806.82767934393,0.0,225.9595120452721,299.77723719982885,22882.300609113692,19341.381014985498,12838.160407555437,2993.7088754272468,7809.944720751704,1.8189894035458565e-12,1.1368683772161603e-13,15,0
2025-09-07,38332.402593908846,918.5499104837786,65.57769745483435,32.788848727417175,885.7610617563614,1746.540074897206,40964.70373056242,61899.907635234864,63115.1208230166,1311.7213004585547,96.50811267682559,493.5960699360634,6442.919772284089,20097.969334775535,17893.155830773634,7809.944720751704,8015.510235528969,1.8189894035458565e-12,1.1368683772161603e-13,15,0
2025-09-08,37623.7729977432,1380.3076254446578,14.079127470952985,7.039563735476492,1373.2680617091812,6376.786446800792,45373.827506253176,62108.26720699513,63421.50466936318,1343.4372209930063,30.19975862495278,1550.5773555673918,3693.440248989411,20175.015668081207,18291.943425473382,8015.510235528969,7873.809285932257,1.8189894035458565e-12,1.1368683772161603e-13,15,0
2025-09-09,36633.12644497171,307.4128024108737,561.8828779561877,280.94143897809386,26.471363432779846,6099.686336263434,42759.28414466792,59574.920838594815,58597.2817006083,296.95349277925413,1274.5926307657708,1505.916226603543,4998.745937455983,19542.615527150447,17540.997804061255,7873.809285932257,7923.727072480689,1.8189894035458565e-12,1.1368683772161603e-13,15,0
2025-09-10,39555.57277731968,436.46612699055345,55.52744512842317,27.763722564211584,408.70240442634184,5027.900728055026,44992.17590980105,64935.6884587642,65293.70045198154,479.532857191609,121.5208639742732,1360.363721467021,3159.341929955038,20937.20517441361,18758.481580920095,7923.727072480689,8013.328181962466,1.8189894035458565e-12,1.1368683772161603e-13,15,0
2025-09-11,37957.006228782484,0.0,2478.595619887988,1239.297809943994,-1239.297809943994,2434.5517556693517,39152.26017450784,60312.622659531815,55455.74329935515,0.0,4856.879360176669,621.1329607819576,5631.307938078086,15243.760999790793,18294.278461065107,8013.328181962466,3190.9669464958747,1.8189894035458565e-12,2.2737367544323206e-13,15,0
2025-09-12,17601.089907191024,7.006621083842055,0.0,0.0,7.006621083842055,1275.7344315733383,18883.83095984821,32508.600129341965,32514.39911223776,5.798982895793134,0.0,389.4221327570244,19996.481827781936,13986.09277328489,12630.409556072045,3190.9669464958747,3145.7189061816234,1.8189894035458565e-12,1.1368683772161603e-13,15,0
2025-09-13,20576.237901279856,0.0,0.0,0.0,0.0,1345.4731957646497,21921.711097044506,39060.76715780371,39060.76715780371,0.0,0.0,323.08854115699285,24173.81259950985,20670.62366828207,13467.682052164546,3145.7189061816234,8559.410977964935,1.8189894035458565e-12,1.1368683772161603e-13,15,0
2025-09-14,42772.15740132454,0.0,553.5769969023303,276.78849845116514,-276.78849845116514,1590.7001250281523,44086.06902790153,69214.43854571882,68494.25852024823,0.0,720.1800254705997,451.2815085527124,6573.581867701198,21328.713015997368,19056.079604897634,8559.410977964935,8706.733176834889,1.8189894035458565e-12,1.1368683772161603e-13,15,0
2025-09-15,37423.658275907525,0.0,486.5113392438087,243.25566962190436,-243.25566962190436,5116.829793961868,42297.23240024749,60837.398465561404,59751.56144931007,0.0,1085.8370162513288,1186.5416125347201,3845.3298705252914,20395.654689861676,18369.912131875506,8706.733176834889,8692.162549283623,1.8189894035458565e-12,1.1368683772161603e-13,15,0
2025-09-16,40403.6526030698,0.0,714.1928763612017,357.09643818060084,-357.09643818060084,4978.074927121179,45024.63109201038,66118.69135643584,65085.486210138464,0.0,1033.2051462973654,1342.5053068992825,4924.032676417864,20280.647770365584,18268.458913079026,8692.162549283623,8675.427860496939,1.8189894035458565e-12,1.1368683772161603e-13,15,0
2025-09-17,40616.750195652196,0.0,627.2161274089622,313.6080637044811,-313.6080637044811,2277.1243307768127,42580.266462724525,65778.94470708886,64908.167406279754,0.0,870.7773008091009,700.5664369113722,3702.904946117328,20279.26277323792,18333.552276164126,8675.427860496939,8588.764818764312,1.8189894035458565e-12,1.1368683772161603e-13,15,0
2025-09-18,37201.33862353057,1721.2470781812026,0.0,0.0,1721.2470781812026,2055.225638059556,40977.81133977133,58297.530196300446,60679.35047606546,2381.8202797650188,0.0,434.3860462135964,5460.679716910993,15141.064835337005,18444.059146635605,8588.764818764312,3511.0947420051357,1.8189894035458565e-12,1.1368683772161603e-13,15,0
2025-09-19,18651.20819892351,0.0,0.0,0.0,0.0,881.6335124644187,19532.84171138793,33924.31791800494,33924.31791800494,0.0,0.0,309.89192228228274,16591.125255521023,14438.836145100107,12897.103877000569,3511.0947420051357,3614.2362791130386,1.8189894035458565e-12,1.1368683772161603e-13,15,0
2025-09-20,21249.544488679967,0.0,128.7830630074513,64.39153150372564,-64.39153150372564,875.3810876439868,22060.53404482023,39744.19864024732,39599.014642267204,0.0,145.18399798011558,241.2551982503955,17534.183391741113,19577.257192003788,12916.604476560631,3614.2362791130386,8571.556604986808,1.8189894035458565e-12,1.1368683772161603e-13,15,0
2025-09-21,43202.70732733405,0.0,968.7413567937934,484.3706783968967,-484.3706783968967,553.7903235692229,43272.126972506376,69875.69769047151,68162.28459246174,0.0,1713.4130980097677,149.95548720952866,8020.574404686658,19991.79770151282,17987.619509861543,8571.556604986808,8576.825403868661,1.8189894035458565e-12,1.1368683772161603e-13,15,0
2025-09-22,41326.469865338135,0.0,1359.3790387925726,679.6895193962863,-679.6895193962863,5072.604571968899,45719.38491791075,67322.28262604728,64998.88483649086,0.0,2323.3977895564267,1442.528231208771,3771.734095889218,20476.742757270727,18421.08366879365,8576.825403868661,8585.242135528644,1.8189894035458565e-12,1.1368683772161603e-13,15,0
2025-09-23,42078.939074318885,0.0,297.12548715662416,148.56274357831208,-148.56274357831208,4138.589821831284,46068.966152571855,68362.02559237924,67702.8124502594,0.0,659.2131421198507,934.6382883176107,4364.538486392386,21157.381786012877,19001.085117161594,8585.242135528644,8627.994538077886,1.8189894035458565e-12,1.1368683772161603e-13,15,0
2025-09-24,40679.86873753215,115.60551806437537,0.0,0.0,115.60551806437537,2485.7419668654484,43281.21622246198,65576.28049950482,65754.81488766448,178.53438815967934,0.0,796.5102387245223,3469.9737420717456,20983.122335672608,18964.99605135534,8627.994538077886,8543.471126086995,1.8189894035458565e-12,2.2737367544323206e-13,15,0
2025-09-25,40520.019859028325,231.08049570887906,0.0,0.0,231.08049570887906,2833.467459357958,43584.567814095164,63801.51900947715,64053.62385440623,252.10484492906986,0.0,756.1323565170414,7289.402701478902,16368.41522006673,19183.51061062237,8543.471126086995,3850.717578395402,1.8189894035458565e-12,2.2737367544323206e-13,15,0
2025-09-26,19161.07023669357,0.0,220.71335245688604,110.35667622844302,-110.35667622844302,81.74508808813297,19132.458648553256,34626.31953342528,34368.94261030538,0.0,257.37692311990963,22.01805400750169,15275.578233840439,14668.66758885938,13247.52865838694,3850.717578395402,3802.516214982063,1.8189894035458565e-12,1.1368683772161603e-13,15,0
2025-09-27,21482.194446221154,148.21791279332922,0.0,0.0,148.21791279332922,914.6095488011151,22545.0219078156,40052.757378511036,40176.33724490781,123.57986639677166,0.0,262.4811582877512,16107.438155990161,19772.99026229588,13242.91226509048,3802.516214982063,8601.56662551579,9.094947017729282e-13,1.1368683772161603e-13,15,0
2025-09-28,43954.84746368168,684.1908488887184,2.2464626719370355,1.1232313359685178,683.0676175527499,1143.509481515887,45781.42456275031,70879.4982946174,71840.4073257866,966.0018959888284,5.092864819626016,304.35378985622845,6581.39838311725,21448.7849210891,19373.051355230193,8601.56662551579,8528.681473651002,1.8189894035458565e-12,1.1368683772161603e-13,15,0
2025-09-29,42845.466965308326,0.0,1867.4847609140058,933.7423804570029,-933.7423804570029,5659.85073501318,47571.5753198645,69767.70866519358,66741.04793461665,0.0,3026.660730576933,1305.8247003557838,3140.852375628344,21174.53246344092,19028.40380409683,8528.681473651002,8558.90801295967,1.8189894035458565e-12,1.1368683772161603e-13,15,0
2025-09-30,43410.469067205675,275.2630142434897,6.192935579187177,3.0964677895935884,272.1665464538961,3481.9584035307894,47164.59401719036,70016.20879143229,70325.1798998091,324.02808766001823,15.05697928321706,833.3312564684668,3521.771019328838,22138.062795320642,19923.49742503858,8558.90801295967,8559.708164866592,1.8189894035458565e-12,1.1368683772161603e-13,15,0
2025-10-01,43024.26390241129,0.0,2494.2447196203457,1247.1223598101728,-1247.1223598101728,135.17444327040528,41912.31598587152,69928.38589536364,65409.06465991575,0.0,4519.321235447891,62.0017442790637,13731.981356354205,20613.436582572736,18535.873068065455,8559.708164866592,8576.805394556763,1.8189894035458565e-12,1.1368683772161603e-13,15,0
2025-10-02,42059.20185595603,0.0,3681.4680600591564,1840.7340300295782,-1840.7340300295782,231.23706828332698,40449.70489420978,66640.93279405725,60813.56616466562,0.0,5827.3666293916285,91.8927814472105,11687.738869534469,16445.471872053873,18958.53491214217,8576.805394556763,4194.299414070624,1.8189894035458565e-12,1.1368683772161603e-13,15,0
2025-10-03,17566.861036973372,0.0,104.56333391127713,52.28166695563856,-52.28166695563856,26.07670845791604,17540.656078475648,33039.01383454313,32918.70331321574,0.0,120.31052132739556,12.473331666666411,23560.694927477714,15006.254646399779,13452.926628995088,4194.299414070624,4249.85278248452,1.8189894035458565e-12,1.1368683772161603e-13,15,0
2025-10-04,19809.726323680436,0.0,56.69175847279328,28.34587923639664,-28.34587923639664,133.43500583813315,19914.815450282174,38192.732914994005,38133.46353036167,0.0,59.26938463233296,33.4793176993569,18976.279625936208,19718.705460125057,13624.02467133357,4249.85278248452,8595.676358435634,1.8189894035458565e-12,1.1368683772161603e-13,15,0
2025-10-05,41913.26055189084,0.0,2437.6089101105154,1218.8044550552577,-1218.8044550552577,385.3339420063532,41079.79003884193,68957.77569817583,64697.680378393095,0.0,4260.0953197827375,135.4214905654958,7987.154298342772,21099.865039491408,18989.878535542255,8595.676358435634,8595.676358435634,1.8189894035458565e-12,1.1368683772161603e-13,15,0
2025-10-06,38834.256633994,0.0,0.0,0.0,0.0,1356.3168223874952,40190.57345638149,63749.954190294855,63749.954190294855,0.0,0.0,428.69574614954666,4353.936527225183,20901.033994692087,18809.42983547287,8595.676358435634,8597.258298112536,1.8189894035458565e-12,1.1368683772161603e-13,15,0
2025-10-07,39958.190640403955,66.57762483894697,0.0,0.0,66.57762483894697,343.73283254398496,40368.50109778689,65698.86534279524,65801.98306872742,103.11772593218018,0.0,80.12447585326078,6039.071696448425,21364.586298822473,19293.113450690227,8597.258298112536,8528.757269493668,1.8189894035458565e-12,1.1368683772161603e-13,15,0
2025-10-08,38221.99654295416,0.0,228.00708517352925,114.00354258676462,-114.00354258676462,1457.7262158053773,39565.71921617278,63522.533220016216,63193.888057856224,0.0,328.6451621599957,303.08021502536724,4899.504446485065,20981.155549798554,18862.187390068695,8528.757269493668,8550.737844879415,1.8189894035458565e-12,2.2737367544323206e-13,15,0
2025-10-09,38429.714648867135,0.0,2180.35674029258,1090.17837014629,-1090.17837014629,1029.9583542020014,38369.49463292285,62210.45939958638,58251.8519039416,0.0,3958.6074956447806,205.02926361364405,5032.296047520751,16687.09187203887,19022.488435337706,8550.737844879415,4330.039790290578,1.8189894035458565e-12,1.1368683772161603e-13,15,0
2025-10-10,16452.41401124565,0.0,10.479843094161357,5.239921547080678,-5.239921547080678,1167.1361860002214,17614.310275698794,32061.114704129675,32048.19333806991,0.0,12.921366059767674,302.3310197944195,21228.253879401243,16563.770003678415,14785.110441881998,4330.039790290578,4458.936927701822,1.8189894035458565e-12,1.1368683772161603e-13,15,0
2025-10-11,18817.043709758993,0.0,0.0,0.0,0.0,370.11231779507455,19187.15602755407,37075.75221443183,37075.75221443183,0.0,0.0,89.49189377160627,17230.345090043713,19775.52580752229,13946.940372695903,4458.936927701822,8518.28198203955,1.8189894035458565e-12,1.1368683772161603e-13,15,0
2025-10-12,40303.019842318674,0.0,359.04333259233545,179.52166629616772,-179.52166629616772,1117.2871877866478,41240.78536380916,66198.22530272198,65742.16802818807,0.0,456.0572745339206,288.529101323687,5481.340324101243,20358.835458271773,18324.434636194594,8518.28198203955,8516.719053975941,1.8189894035458565e-12,2.2737367544323206e-13,15,0
2025-10-13,41063.62062441635,0.0,1201.5306538857794,600.7653269428897,-600.7653269428897,1377.6023493922705,41840.457646865725,67272.92033036466,65025.46922424332,0.0,2247.4511061213307,385.37552250047196,6238.837820433739,21193.33490560056,19048.723279290505,8516.719053975941,8543.364548633584,1.8189894035458565e-12,1.1368683772161603e-13,15,0
2025-10-14,41650.79816415315,86.06178198939489,782.8167745186427,391.40838725932133,-305.34660526992644,1746.1749383404394,43091.62649722366,68095.39227350315,66592.22432370615,116.18110225150457,1619.349052048501,526.5311091313503,4221.446376178741,21339.79508575432,19216.315312428887,8543.364548633584,8532.296855893996,1.8189894035458565e-12,2.2737367544323206e-13,15,0
2025-10-15,41185.381427277855,88.2756007915811,98.4262082094213,49.21310410471065,39.062496686870446,1276.990279981749,42501.434203946475,67966.26458705217,67889.55446973626,136.28269671571604,212.9928140316186,378.5580818261113,4179.42197312533,21575.7577743705,19407.09084593345,8532.296855893996,8543.987955571616,1.8189894035458565e-12,1.1368683772161603e-13,15,0
2025-10-16,39210.126501528495,1130.5724436951082,0.0,0.0,1130.5724436951082,2395.8781204383436,42736.57706566195,62975.72291872371,64176.90073399228,1201.177815268575,0.0,592.581340291655,3861.8937231243935,17697.367459788482,19756.252058628932,8543.987955571616,4508.266706249651,1.8189894035458565e-12,1.1368683772161603e-13,15,0
2025-10-17,16796.904978910625,0.0,0.0,0.0,0.0,789.0706371827243,17585.975616093347,32525.8857829454,32525.8857829454,0.0,0.0,198.94012727366112,14992.547595734894,15616.670661659684,13888.591663842182,4508.266706249651,4683.680284198683,1.8189894035458565e-12,1.1368683772161603e-13,15,0
2025-10-18,19411.214627675938,0.0,26.553421357929537,13.276710678964768,-13.276710678964768,296.19360875459154,19694.131525751563,37753.85620673098,37721.54693435162,0.0,32.30927237936119,109.10884726606895,15950.01594268714,19833.36500762776,14029.318435363875,4683.680284198683,8711.062319228111,1.8189894035458565e-12,1.1368683772161603e-13,15,0
2025-10-19,42900.684969046866,249.30364839430302,247.80156712887572,123.90078356443786,125.40286482986514,1266.6380340451915,44292.72586792192,70208.6336779407,69879.63303315942,218.79770316402875,547.7983479452971,293.4824331467122,4102.257682775747,21885.743387804057,19700.608137606992,8711.062319228111,8707.43720156197,9.094947017729282e-13,1.1368683772161603e-13,15,0
2025-10-20,44753.28796445595,0.0,288.46888056399257,144.23444028199629,-144.23444028199629,667.133544568777,45276.18706874273,72604.74447144335,72226.98637879729,0.0,377.75809264607,154.62474066091212,5896.13207352509,21849.48231766437,19804.78563839793,8707.43720156197,8559.599084470412,1.8189894035458565e-12,1.1368683772161603e-13,15,0
2025-10-21,44666.23992879776,256.3580417505023,8.01422049083668,4.00711024541834,252.35093150508396,905.6352900392936,45824.22615034213,72819.70877039449,73194.23858515227,386.6725730772353,12.142758319449513,241.8881636675936,4593.269826434599,22373.421371352662,19993.145798967395,8559.599084470412,8710.26415419781,1.8189894035458565e-12,2.2737367544323206e-13,15,0
2025-10-22,43819.599999510116,2.4544276761111985,381.623360519706,190.811680259853,-188.3572525837418,3048.4331229023146,46679.675869828694,71872.7449359775,71311.85164508574,2.0313905864773005,562.9246814782489,597.4898059441193,4345.257450480752,21510.386590491078,19501.199289941967,8710.26415419781,8560.739693514786,9.094947017729282e-13,1.1368683772161603e-13,15,0
2025-10-23,44841.96437385537,0.0,3150.87227940894,1575.43613970447,-1575.43613970447,1181.2528987519945,44447.78113290289,71993.44132866577,66880.48723876687,0.0,5112.954089898891,284.78317742936804,5477.732489966274,18088.736952157695,19780.696059261063,8560.739693514786,4870.537905928628,9.094947017729282e-13,1.1368683772161603e-13,15,0
2025-10-24,17458.055321141976,48.7845942208326,0.0,0.0,48.7845942208326,1318.567669476956,18825.407584839762,33641.384535610225,33682.68492667616,41.30039106593715,0.0,298.8312917704461,13688.561223133882,16347.921848479855,14475.017569833795,4870.537905928628,5121.530090873149,1.8189894035458565e-12,1.1368683772161603e-13,15,0
2025-10-25,19457.384236961123,0.0,0.0,0.0,0.0,615.7846841867918,20073.168921147913,37788.34407378109,37788.34407378109,0.0,0.0,160.76943281576496,13370.118122468753,19762.480505237112,14581.917854442338,5121.530090873149,8499.174249735997,1.8189894035458565e-12,1.1368683772161603e-13,15,0
2025-10-26,46207.37489805017,0.0,1885.9212279006174,942.9606139503087,-942.9606139503087,410.19373985048554,45674.60802395035,74961.01085533226,72131.57984837895,0.0,2829.4310069533185,172.14763903723832,5516.51116632119,22227.004354283312,19984.100049854984,8499.174249735997,8520.470997598555,1.8189894035458565e-12,1.1368683772161603e-13,15,0
2025-10-27,45427.35916161055,850.1680050776627,301.8341007343605,150.91705036718025,699.2509547104823,206.19595809794896,46332.80607441897,73439.5153430001,73547.65956414127,748.4254293653569,640.2812082241772,42.327160730728906,7784.666543581045,21867.543373742963,19614.804859118667,8520.470997598555,8590.02442747931,1.8189894035458565e-12,1.1368683772161603e-13,15,0
2025-10-28,45319.00056370728,65.94931225129815,0.0,0.0,65.94931225129815,324.19959315893186,45709.14946911752,73351.2649502006,73452.35400254997,101.08905234936731,0.0,94.41767967394337,5383.445083445589,21910.777182783073,19719.87228400476,8590.02442747931,8589.84225973128,1.8189894035458565e-12,1.1368683772161603e-13,15,0
2025-10-29,45458.97729837363,673.4024752427549,0.0,0.0,673.4024752427549,1184.052450398024,47316.43222401441,74039.00316763441,74791.76792019529,752.7647525608751,0.0,313.37167411764824,3532.3183653197057,22605.644289932236,20345.079860938997,8589.84225973128,8589.84225973128,1.8189894035458565e-12,1.1368683772161603e-13,15,0
2025-10-30,43510.38035191656,139.11957534660604,720.3188922552062,360.1594461276031,-221.03987078099703,874.1275924030044,44163.46807353856,69543.65721650065,68533.12754268419,112.76780857448,1123.2974823909506,241.60179059255915,5206.626701409728,18641.882170044955,19861.597188177937,8589.84225973128,5339.122824199196,1.8189894035458565e-12,1.1368683772161603e-13,15,0
2025-10-31,18414.42610446224,0.0,0.0,0.0,0.0,506.81546407294024,18921.24156853518,34843.66543741528,34843.66543741528,0.0,0.0,118.27364602418965,9287.30339525395,16620.66736274936,14850.323741230506,5339.122824199196,5453.256682639004,1.8189894035458565e-12,1.1368683772161603e-13,15,0
2025-11-01,19991.21354027758,0.0,19.46686109272381,9.733430546361905,-9.733430546361905,415.560137982176,20397.040247713394,38397.40434569532,38371.330960441555,0.0,26.07338525377198,161.65012026257472,11036.157838580071,19855.80939397142,14903.024585180698,5453.256682639004,8580.964185755163,1.8189894035458565e-12,1.1368683772161603e-13,15,0
2025-11-02,47406.447487521684,162.85786890860936,188.27509923228234,94.13754961614117,68.72031929246819,1060.889840035094,48536.05764684924,76551.51524408275,76526.08336309204,227.20478468321915,252.63666567393648,258.0949348063248,5664.81878044668,23236.296591183513,20913.321007065166,8580.964185755163,8580.274730168305,1.8189894035458565e-12,1.1368683772161603e-13,15,0
2025-11-03,48868.98556934945,0.0,780.8648180044335,390.43240900221673,-390.43240900221673,348.18316718840936,48826.73632753564,78787.48275140836,77653.09895661124,0.0,1134.383794797112,135.32459903199685,6006.3220045041035,22749.593678058,20472.422410252206,8580.274730168305,8582.606277487146,1.8189894035458565e-12,1.1368683772161603e-13,15,0
2025-11-04,48111.83700032762,0.0,831.860335810411,415.9301679052055,-415.9301679052055,676.491247873387,48372.3980802958,77836.4128957075,76429.44996210097,0.0,1406.9629336065389,158.40928898846096,6699.602827399653,23024.26550606454,20716.08111570809,8582.606277487146,8588.675573491231,1.8189894035458565e-12,1.1368683772161603e-13,15,0
2025-11-05,49120.98701121634,0.0,1117.5424061522742,558.7712030761371,-558.7712030761371,498.4160005855315,49060.63180872573,79274.84071214181,77544.3792085393,0.0,1730.4615036025066,164.96938709502626,5730.364325385677,22961.7584183199,20660.794214737907,8588.675573491231,8593.72294995484,1.8189894035458565e-12,1.1368683772161603e-13,15,0
2025-11-06,47176.50040980715,227.31505347920535,64.14959614076736,32.07479807038368,195.24025540882167,1968.7511917217537,49340.49185693772,75201.99522725059,75295.50733010794,178.41927994285663,84.90717708550784,468.98785151787075,4953.6383313869155,20493.139933601287,21051.867633362388,8593.72294995484,5844.6056223065125,9.094947017729282e-13,1.1368683772161603e-13,15,0
2025-11-07,19162.611473862293,0.0,100.76419122740893,50.382095613704465,-50.382095613704465,156.564388229137,19268.793766477727,36015.37099662327,35884.03555670561,0.0,131.33543991765816,53.27110725113933,10954.623165569988,17068.8591718127,15404.637456759272,5844.6056223065125,5799.6336045472535,1.8189894035458565e-12,1.1368683772161603e-13,15,0
2025-11-08,20361.768446740796,0.0,2.0941677077020526,1.0470838538510263,-1.0470838538510263,315.74084642409287,20676.462209311037,39109.85292116691,39107.175984304195,0.0,2.676936862715138,107.51706467236227,10643.488608744497,20276.746833163186,15496.749492931129,5799.6336045472535,8700.836421727228,1.8189894035458565e-12,1.1368683772161603e-13,14,0
2025-11-09,49353.48187818471,93.66258332881713,171.8378168766719,85.91890843833595,7.743674890481181,233.5024286947317,49594.72798176993,79295.77782069091,79049.22087763782,89.92311214596856,336.48005519906656,88.80283680797645,5666.38012298484,23238.20901044298,21113.382602315345,8700.836421727228,8491.077808578257,1.8189894035458565e-12,1.1368683772161603e-13,14,0
2025-11-10,49718.95812495654,813.9134047379624,0.0,0.0,813.9134047379624,814.4741089561115,51347.34563865061,79977.87890028188,80906.49947606935,928.6205757874781,0.0,235.17451010623006,4833.54435437631,23713.237391326173,21263.5508595269,8491.077808578257,8573.679444790992,1.8189894035458565e-12,1.1368683772161603e-13,14,0
2025-11-11,50580.79629103061,6.561306792889486,677.0837076335549,338.54185381677746,-331.9805470238879,50.17253577041765,50298.98827977714,80992.67987067395,79973.27330776663,4.993954251162222,1024.4005171584786,23.440539166667122,6211.740375321148,23110.770428621552,20884.816623676066,8573.679444790992,8483.951673582631,9.094947017729282e-13,1.1368683772161603e-13,14,0
2025-11-12,50135.10385314477,11.856760459947694,328.5172146470659,164.25860732353294,-152.40184686358526,272.61832276464264,50255.32032904582,80412.89937982081,79859.02322000172,11.856103804107306,565.732263623192,71.39056009168439,6613.410916770939,23681.310990724647,21320.295877402175,8483.951673582631,8476.450765993532,1.8189894035458565e-12,1.1368683772161603e-13,14,0
2025-11-13,48958.35094545335,22.57430522366228,399.63837961979993,199.81918980989997,-177.24488458623767,1355.2639678204769,50136.37002868759,77737.32712906966,77234.2373526389,20.344404178868217,523.4341806096111,412.4563978417847,4994.962856243848,21292.81946749126,21036.95988992109,8476.450765993532,6501.690197288756,1.8189894035458565e-12,1.1368683772161603e-13,14,0
2025-11-14,19333.860954091615,0.0,0.0,0.0,0.0,257.62485575667216,19591.485809848287,36041.44630990454,36041.44630990454,0.0,0.0,81.58392610919131,7147.724395765925,17044.836325783166,15667.985785535358,6501.690197288756,6156.334594419204,1.8189894035458565e-12,1.1368683772161603e-13,14,0
2025-11-15,20579.25770069254,0.0,55.36196755326175,27.680983776630875,-27.680983776630875,562.2279153543024,21113.80463227021,39140.27071496588,39066.076099028054,0.0,74.19461593783056,162.0112116864474,6796.456151525237,20008.46922846468,15788.72498594208,6156.334594419204,8495.257735825646,1.8189894035458565e-12,1.1368683772161603e-13,14,0
2025-11-16,50873.0878029039,146.51643107205012,122.104181484575,61.0520907422875,85.46434032976265,1218.5625662055395,52177.11470943921,81459.97674182078,81329.64986406502,132.83043233725562,263.1573100929986,284.18194161950606,4762.146262702379,24128.57185148811,21711.430691839298,8495.257735825646,8499.773441445008,9.094947017729282e-13,1.1368683772161603e-13,14,0
2025-11-17,50757.275567148434,313.1943896791904,34.54492404791636,17.27246202395818,295.92192765523225,346.5398909816947,51399.73738578536,81178.81086187129,81486.52233582246,386.72565988325294,79.01418593208848,123.91372183303054,6513.169295800886,23997.96974612937,21596.4573176081,8499.773441445008,8501.581688635464,1.8189894035458565e-12,1.1368683772161603e-13,14,0
2025-11-18,50734.288126857085,139.3920482881155,3.9434596282806806,1.9717298141403403,137.42031847397516,1155.4826944216989,52027.19113975276,81318.47582334327,81516.68817879139,206.59212256209605,8.379767113968683,372.24517070486326,4548.992815763114,24376.647105072087,21927.258404672284,8501.581688635464,8513.939859077262,1.8189894035458565e-12,1.1368683772161603e-13,14,0
2025-11-19,50898.23051171137,1299.2929354085597,84.85364243477122,42.42682121738561,1256.8661141911741,1017.4914329953815,53172.58805889793,81528.62511850428,82588.8143227945,1190.5182586205347,130.32905433031465,306.9857728224806,5097.691275921019,24256.251719135602,21826.45449943964,8513.939859077262,8518.33758357708,9.094947017729282e-13,1.1368683772161603e-13,14,0
2025-11-20,49959.65295567851,77.7602983554326,6.46954858026855,3.234774290134275,74.52552406529833,1143.4826748315154,51177.661154575326,79409.73664817025,79471.34193239443,74.30782943925897,12.702545215090936,303.81291267423273,4671.482091480112,22152.981106233798,21842.384385978596,8518.33758357708,6510.606031559428,1.8189894035458565e-12,1.1368683772161603e-13,14,0
2025-11-21,19681.711228055545,0.0,0.0,0.0,0.0,645.9313835873767,20327.64261164292,36856.87928494612,36856.87928494612,0.0,0.0,249.99716691827595,6538.987043743498,17629.143863930112,15925.638522475881,6510.606031559428,6447.983399685481,1.8189894035458565e-12,1.1368683772161603e-13,14,0
2025-11-22,21093.29909634034,0.0,243.76657978397844,121.88328989198922,-121.88328989198922,688.70691769451,21660.122724142857,40458.310546376575,39947.53652888852,0.0,510.7740174880489,218.6191303361644,5966.096439207857,20038.760643765352,16058.530907081853,6447.983399685481,8531.243088528165,9.094947017729282e-13,1.1368683772161603e-13,14,0
2025-11-23,51616.968845585165,738.3102152692416,676.1048709928787,338.05243549643933,400.2577797728022,783.2585888947443,52800.48521425271,82605.19294538265,82181.78320293158,581.0722016485529,1004.4819440996146,228.08264946887527,4802.398206063419,23754.762407537004,21379.391044533306,8531.243088528165,8531.132537672871,1.8189894035458565e-12,1.1368683772161603e-13,14,0
2025-11-24,51438.86278105927,0.0,354.32474538255144,177.16237269127572,-177.16237269127572,901.8191003979202,52163.519508765916,82365.84941473589,81710.21413024189,0.0,655.6352844939988,253.38973722519904,5419.260850925117,23779.557645419703,21397.15832887773,8531.132537672871,8535.81645274667,1.8189894035458565e-12,1.1368683772161603e-13,14,0
2025-11-25,52947.811327293624,5.687037384689788,610.4822747692957,305.24113738464786,-299.55409999995805,735.3022897210067,53383.55951701468,84555.75625723824,83613.858847269,4.3285286636144065,946.2259386328468,208.85585836082095,5280.423819651982,24216.916680611852,21843.286261300666,8535.81645274667,8485.155448332696,1.8189894035458565e-12,1.1368683772161603e-13,15,0
2025-11-26,52102.23556586795,435.4601025648272,0.0,0.0,435.4601025648272,994.8615487154768,53532.557217148256,83478.0229165201,83867.15950837868,389.13659185858205,0.0,246.2105479548752,4881.934314466388,24680.74446033839,22206.975601804552,8485.155448332696,8491.157886144874,1.8189894035458565e-12,1.1368683772161603e-13,15,0
2025-11-27,51351.97443304679,62.769359146028734,13.093706290605898,6.546853145302949,56.22250600072579,1018.3776652273615,52426.57460427488,81624.73473232603,81653.07937173882,59.76437884256893,31.419739429783817,268.55677419086237,5210.919796596403,22925.152693429416,21995.32907742948,8491.157886144874,7054.754761790038,1.8189894035458565e-12,2.2737367544323206e-13,14,0
2025-11-28,20086.288424325903,0.0,138.69316584217734,69.34658292108867,-69.34658292108867,633.5220497874466,20650.463891192267,38034.720613452766,37757.954074262496,0.0,276.766539190266,175.29145354731628,5103.7136727639945,18235.476344029434,16327.183038983607,7054.754761790038,7144.084542146694,1.8189894035458565e-12,1.1368683772161603e-13,14,0
2025-11-29,21866.28802138,374.918287916471,0.0,0.0,374.918287916471,598.7232374737491,22839.929546770225,42115.35997047182,42624.45284888863,509.0928784168065,0.0,246.75247766039476,4693.201372460252,19760.838103886377,16512.28424979761,7144.084542146694,8485.385739622161,9.094947017729282e-13,1.1368683772161603e-13,14,0
2025-11-30,53515.72282688228,592.9842178966611,0.0,0.0,592.9842178966611,1160.1758515308336,55268.88289630977,85341.01927637782,85945.16194930307,604.1426729252478,0.0,310.7687457677152,3509.931110189681,25082.017409644388,22580.845941429954,8485.385739622161,8477.975181468088,1.8189894035458565e-12,1.1368683772161603e-13,14,0
2025-12-01,54579.4522363728,0.0,365.51153019692106,182.75576509846053,-182.75576509846053,15335.949564047287,69732.64603532164,86816.39892005756,86144.27007775189,0.0,672.128842305678,4295.4241436043785,1516.039379000056,25319.56223439536,22694.835125372487,8477.975181468088,8575.764281132822,1.8189894035458565e-12,1.1368683772161603e-13,15,0
2025-12-02,56300.038683771236,4.832100092196618,88.97503590460396,44.48751795230198,-39.65541786010536,12204.279887932287,68464.66315384343,89352.39680445312,89191.98163757246,2.773005131672903,163.1881720123199,3258.191499433944,1329.7207722803416,25730.930440593987,23248.288025867914,8575.764281132822,8480.420946303166,1.8189894035458565e-12,1.1368683772161603e-13,14,0
2025-12-03,56364.56675320755,1043.5403705105493,0.0,0.0,1043.5403705105493,4763.1592826546075,62171.266406372706,89341.03265115953,90453.34613675551,1112.313485595973,0.0,1553.9683329903523,2273.6306785911656,26077.165714880175,23506.230490392154,8480.420946303166,8441.650002326836,1.8189894035458565e-12,1.1368683772161603e-13,14,0
2025-12-04,58820.619586866174,0.0,1125.1693587468585,562.5846793734293,-562.5846793734293,4906.545982335844,63164.58088982858,92770.16366462305,91268.51277473981,0.0,1501.6508898832535,1311.3674373356241,3217.1114749900908,25930.27583335346,23338.715846268115,8441.650002326836,8440.103020048327,1.8189894035458565e-12,1.1368683772161603e-13,14,0
2025-12-05,25422.08911942535,0.0,126.46350505918836,63.23175252959418,-63.23175252959418,1215.121318407792,26573.978685303548,48715.955194885,48432.46704893935,0.0,283.4881459456565,374.80882438786307,5386.4968578441685,20505.37756399703,18396.226231847322,8440.103020048327,8501.88715377393,1.8189894035458565e-12,1.1368683772161603e-13,15,0
2025-12-06,26831.201610671407,0.0,162.58288703275414,81.29144351637707,-81.29144351637707,986.3351254466259,27736.245292601656,51260.33950967755,51014.49750540208,0.0,245.84200427546003,243.60237432760528,5558.811460408886,20426.83885404138,18392.181251387236,8501.88715377393,8493.426708895759,1.8189894035458565e-12,1.1368683772161603e-13,14,0
2025-12-07,62171.036101056714,0.0,1183.3409033132689,591.6704516566344,-591.6704516566344,1197.7705813972618,62777.13623079735,97508.97362795798,95810.42145291936,0.0,1698.5521750386379,289.8570482172365,5841.550140477861,26193.750006587175,23587.70289592845,8493.426708895759,8479.377879294365,1.8189894035458565e-12,1.1368683772161603e-13,14,0
2025-12-08,63088.64697724594,0.0,65.28775187266494,32.64387593633247,-32.64387593633247,388.0037728316654,63444.00687414127,98934.00410312228,98822.63902377151,0.0,111.36507935075679,73.08997737237041,8455.343505990852,25881.11489986374,23287.940521377368,8479.377879294365,8484.714632360854,1.8189894035458565e-12,2.2737367544323206e-13,14,0
2025-12-09,62749.351385590766,0.0,820.8061639541747,410.40308197708737,-410.40308197708737,664.5337415757582,63003.48204518945,98427.08128254134,97206.83821003881,0.0,1220.2430725025438,149.66859975629657,7358.34526894183,26098.986351866035,23489.27907767943,8484.714632360854,8484.512920155747,1.8189894035458565e-12,2.2737367544323206e-13,14,0
2025-12-10,61353.83631789402,2.677116174033178,1.5005282134353353,0.7502641067176676,1.9268520673155103,256.8031693852652,61612.5663393466,96505.60485927522,96507.399749928,3.8282799571474015,2.0333893043689386,74.00020041898918,5557.654333310119,26040.2289962019,23404.101845831705,8484.512920155747,8518.353771803471,1.8189894035458565e-12,1.1368683772161603e-13,15,0
2025-12-11,61854.05188536394,0.0,1397.4670280447717,698.7335140223859,-698.7335140223859,776.703311568185,61932.02168290975,97046.35207182684,95236.95855166929,0.0,1809.3935201575453,227.21847766566026,6958.040271881744,25888.13450378215,23343.25244632893,8518.353771803471,8472.046017661201,1.8189894035458565e-12,1.1368683772161603e-13,14,0
2025-12-12,26358.911575429527,220.62956036597356,0.0,0.0,220.62956036597356,850.073226621702,27429.614362417204,50480.65183783865,50816.40183732496,335.74999948630136,0.0,262.81634523862107,5329.820524829518,20350.275987257224,18315.2918128565,8472.046017661201,8472.000244403582,1.8189894035458565e-12,1.1368683772161603e-13,14,0
2025-12-13,26416.83806628087,0.0,62.03235736924963,31.016178684624816,-31.016178684624816,734.5763860015111,27120.398273597755,50705.67936600758,50571.42341164412,0.0,134.25595436345122,172.1586703067404,4909.049441999829,20358.330644510377,18322.331387892675,8472.000244403582,8472.175426328897,1.8189894035458565e-12,1.1368683772161603e-13,14,0
2025-12-14,60658.224480388664,83.04488627267027,0.0,0.0,83.04488627267027,1294.4000886057815,62035.66945526711,95446.57365997405,95560.54873461748,113.97507464341948,0.0,313.7145335516472,4475.485971479606,26134.941494395098,23514.885997705584,8472.175426328897,8479.091693605324,1.8189894035458565e-12,2.2737367544323206e-13,14,0
2025-12-15,61532.95443298951,256.21330592989045,0.0,0.0,256.21330592989045,889.6454474305541,62678.813186349944,96904.49405132547,97234.86363612556,330.3695848000974,0.0,251.4552844929949,5419.867559396256,25931.70947647307,23334.81608191743,8479.091693605324,8483.015497171786,9.094947017729282e-13,1.1368683772161603e-13,14,0
2025-12-16,62456.35318183333,0.0,689.6169250652662,344.8084625326331,-344.8084625326331,420.1930279314173,62531.73774723211,97943.4900278502,97069.54509854509,0.0,873.9449293051207,139.13657529407044,5170.2931991191,26126.435826367215,23506.138684980495,8483.015497171786,8491.08305645709,9.094947017729282e-13,1.1368683772161603e-13,14,0
2025-12-17,62134.10033227348,0.0,1009.5046841418562,504.7523420709281,-504.7523420709281,1151.0977762310686,62780.44576643362,97802.62781756613,96361.18168421948,0.0,1441.446133346642,303.4915935937483,5867.231988982711,26107.05994238857,23501.465720224718,8491.08305645709,8485.694775578208,1.8189894035458565e-12,1.1368683772161603e-13,14,0
2025-12-18,61214.06918132942,0.0,590.4150191584935,295.20750957924673,-295.20750957924673,572.5543655408119,61491.416037290976,96200.78929657073,95195.14957349555,0.0,1005.6397230751774,221.32112746088217,5414.015051854123,26180.494236939805,23544.305554504157,8485.694775578208,8504.815233141802,1.8189894035458565e-12,1.1368683772161603e-13,14,0
2025-12-19,26141.296488411208,0.0,92.87702537407306,46.43851268703653,-46.43851268703653,1328.0155136354729,27422.87348935964,50146.87799230192,50031.91629489408,0.0,114.96169740784245,313.8260332748462,5400.669167866114,20462.029822944744,18425.347962641932,8504.815233141802,8494.779089350473,1.8189894035458565e-12,1.1368683772161603e-13,15,0
2025-12-20,26342.81337497854,0.0,459.99616891000954,229.99808445500477,-229.99808445500477,502.8359151356791,26615.65120565922,50565.41947803065,49744.183431420635,0.0,821.2360466100135,144.16510954136743,5005.601656480009,20374.847367319973,18348.452732837977,8494.779089350473,8483.089095152423,1.8189894035458565e-12,1.1368683772161603e-13,15,0
2025-12-21,61106.45610507835,0.0,174.35670199408034,87.17835099704017,-87.17835099704017,1953.269259741373,62972.54701382268,96166.62979753583,95818.6551502579,0.0,347.97464727792936,611.348109607288,4801.38067746014,25893.18898988384,23302.348274145457,8483.089095152423,8484.69323085622,1.8189894035458565e-12,2.2737367544323206e-13,15,0
2025-12-22,61868.31756823789,0.0,26.05269375296239,13.026346876481195,-13.026346876481195,825.7105525672741,62681.00177392868,97259.893673587,97208.31877556337,0.0,51.574898023621245,204.81869223934268,5872.274519117143,26011.89264352229,23408.45677817006,8484.69323085622,8487.061356240758,1.8189894035458565e-12,1.1368683772161603e-13,15,0
2025-12-23,62217.28287763179,0.0,920.1081696060489,460.05408480302447,-460.05408480302447,319.0239059238628,62076.25269875262,97728.71202341185,96391.13315005015,0.0,1337.5788733616948,70.65634791972593,6588.023661597763,26148.994515387865,23533.32121234908,8487.061356240758,8487.877067344338,1.8189894035458565e-12,1.1368683772161603e-13,15,0
2025-12-24,61189.05789224809,0.0,252.60209148960232,126.30104574480116,-126.30104574480116,567.2497993210219,61630.006645824324,96259.32996722008,95863.45704959333,0.0,395.87291762674164,165.9472927661958,5578.033165449244,26135.5494574361,23538.737597192485,8487.877067344338,8470.22830559802,1.8189894035458565e-12,1.1368683772161603e-13,15,0
2025-12-25,60113.63224057897,97.23452414895047,15.400084914631096,7.700042457315548,89.53448169163492,953.4763679345381,61156.64309020515,94708.58207236667,94823.72660268578,146.19013060419013,31.04560028507649,350.8074694332313,4713.107952188378,26121.354805972987,23472.37721937568,8470.22830559802,8509.063295183809,1.8189894035458565e-12,1.1368683772161603e-13,15,0
2025-12-26,25729.41355615232,0.0,51.2646368339679,25.63231841698395,-25.63231841698395,921.837822883358,26625.6190606187,49311.289484463334,49203.55259827169,0.0,107.7368861916342,262.2340000729293,4423.548505886137,20388.137691251563,18353.522032126406,8509.063295183809,8504.638098694497,9.094947017729282e-13,1.1368683772161603e-13,15,0
2025-12-27,25654.06647939288,0.0,14.436717435192435,7.218358717596217,-7.218358717596217,1095.162417939618,26742.0105386149,49481.44356305338,49448.35352031591,0.0,33.09004273747166,261.29597779958516,4363.878989138644,20463.062278101752,18456.10083579157,8504.638098694497,8463.165053284245,1.8189894035458565e-12,1.1368683772161603e-13,15,0
2025-12-28,60211.748886936126,0.0,781.85028438978,390.92514219489,-390.92514219489,1013.5136011217999,60834.33734586304,94850.66780592065,93846.3610996331,0.0,1004.3067062875252,294.4863191068945,4687.869427650817,26006.53614505847,23362.812903969287,8463.165053284245,8508.564425943,1.8189894035458565e-12,1.1368683772161603e-13,15,0
2025-12-29,60644.23499625947,404.87540547106437,0.0,0.0,404.87540547106437,849.3943794302949,61898.504781160824,95791.634972208,96218.09803721118,426.4630650031729,0.0,203.25640119776642,6306.352963227633,26058.604303479806,23467.36909496516,8508.564425943,8493.148088516815,1.8189894035458565e-12,1.1368683772161603e-13,15,0
2025-12-30,60629.6762876197,0.0,1058.2979075260644,529.1489537630322,-529.1489537630322,638.8414730182382,60739.3688068749,95572.91455272287,94039.98897573879,0.0,1532.9255769840856,185.86165642750214,5433.168282518594,25856.500563976868,23288.22081432918,8493.148088516815,8474.838177521546,1.8189894035458565e-12,1.1368683772161603e-13,15,0
2025-12-31,58936.50130788806,17.101760515038517,23.036675826647574,11.518337913323787,5.58342260171473,2010.845456764939,60952.93018725471,92529.50498661654,92496.13091657574,17.071168255652765,50.44523829645709,483.0880421194335,4324.524676929841,23561.08992824448,23552.81857981249,8474.838177521546,6000.0,9.094947017729282e-13,2.2737367544323206e-13,15,0
