date,method,grid_plan_kwh,charge_kwh,discharge_kwh,emergency_kwh,surplus_kwh,planned_cost_yuan,emergency_cost_yuan,total_cost_yuan,energy_start_kwh,energy_end_kwh,emergency_periods,energy_min_kwh,energy_max_kwh
2025-02-01,stochastic_48h,49793.720829562866,23552.190268296174,16782.2741173199,122.70388019480504,8768.332625448069,25643.612604141672,498.13871928787086,26141.75132342954,6000.0,8550.0,5,1199.999999999999,10800.0
2025-02-01,deterministic_48h,45527.13422338669,23367.54891935739,16632.714624679487,512.0890940934075,4926.2130894688635,23332.315741835788,2271.0027291385118,25603.318470974296,6000.0,8549.999999999998,21,1199.9999999999982,10800.0
2025-02-01,no_storage,49852.495622874434,0.0,0.0,98.08112721861448,15572.40081675972,37056.769186800295,371.68857137864427,37428.45775817894,6000.0,6000.0,4,6000.0,6000.0
2025-02-01,stochastic_24h,46960.38749622953,20718.856934962838,16782.2741173199,122.70388019480504,8768.332625448069,24441.66260414167,498.13871928787086,24939.801323429543,6000.0,5999.999999999999,5,1199.999999999999,10800.0
2025-02-02,stochastic_48h,92308.70480867653,24657.11333941322,19972.261804924703,16.589172283272433,9284.164496471305,58193.53150922674,104.02823224890203,58297.55974147565,8550.0,8550.000000000004,2,1199.9999999999982,10800.000000000002
2025-02-02,deterministic_48h,88618.01897399776,24380.286108567354,19748.03174793956,79.92306666666684,5709.409730036629,55581.15866363366,372.36821496433225,55953.526878597986,8549.999999999998,8549.999999999998,8,1199.9999999999964,10799.999999999998
2025-02-02,no_storage,87619.76128844831,0.0,0.0,16.589172283272433,9280.072510731583,69637.08699755091,104.02823224890203,69741.11522979982,6000.0,6000.0,2,6000.0,6000.0
2025-02-02,stochastic_24h,92308.70480867654,24657.11333941322,19972.261804924703,16.589172283272433,9284.164496471305,58201.88150922674,104.02823224890203,58305.90974147565,5999.999999999999,6000.000000000002,2,1199.9999999999973,10800.0
2025-02-03,stochastic_48h,91276.96292535418,24565.745891387414,19898.254172023808,87.32536689560425,6479.880072886191,57479.16576778768,329.21063645744005,57808.376404245115,8550.000000000004,8550.000000000004,9,1200.0,10800.000000000002
2025-02-03,deterministic_48h,88037.00934550943,24273.242995692573,19661.326826510987,554.382600503663,3762.559276831503,55145.24910568015,2106.6762631287766,57251.92536880892,8549.999999999998,8549.999999999995,32,1199.9999999999945,10799.999999999998
2025-02-03,no_storage,86459.70324901043,0.0,0.0,93.2032794413916,6335.990028451828,68751.23476623994,358.0291765063406,69109.2639427463,6000.0,6000.0,10,6000.0,6000.0
2025-02-03,stochastic_24h,91276.9629253542,24565.74589138742,19898.254172023808,87.32536689560425,6479.880072886192,57487.51576778767,329.21063645744005,57816.72640424512,6000.000000000002,6000.000000000005,9,1200.0,10800.000000000004
2025-02-04,stochastic_48h,91237.24002778018,24465.484487556336,19817.042434920633,670.8851814474402,6064.819206591928,57387.55957284199,2823.4721187541263,60211.03169159611,8550.000000000004,8550.000000000004,20,1200.000000000001,10800.000000000002
2025-02-04,deterministic_48h,88018.34798254703,24195.631890742996,19598.46183150183,1519.034012225275,3745.3479855311357,55067.23252459375,6387.580984741208,61454.81350933497,8549.999999999995,8549.999999999995,37,1199.9999999999927,10799.999999999995
2025-02-04,no_storage,86470.15408240481,0.0,0.0,714.3279770213114,5989.618109426131,68671.98744365973,3048.7382254918584,71720.72566915158,6000.0,6000.0,21,6000.0,6000.0
2025-02-04,stochastic_24h,91237.24002778018,24465.484487556336,19817.042434920633,670.8851814474402,6064.819206591928,57395.90957284198,2823.4721187541263,60219.38169159611,6000.000000000005,6000.000000000003,20,1200.0000000000018,10800.000000000004
2025-02-05,stochastic_48h,91081.41798584559,24513.216543191025,19855.70539998474,320.05970557109515,5995.539564877071,57387.750479531824,1083.112737539938,58470.86321707176,8550.000000000004,8550.0,13,1199.9999999999982,10800.0
2025-02-05,deterministic_48h,87863.57851446376,24243.363946377693,19637.124796565935,926.2003767399265,3435.112758058608,55088.35650954269,3332.343345338094,58420.69985488079,8549.999999999995,8549.99999999999,31,1199.999999999991,10799.999999999995
2025-02-05,no_storage,86348.09354762903,0.0,0.0,320.05970557109515,5919.726269866798,68735.85026799224,1083.112737539938,69818.96300553219,6000.0,6000.0,13,6000.0,6000.0
2025-02-05,stochastic_24h,91081.41798584559,24513.21654319103,19855.70539998474,320.05970557109515,5995.53956487707,57396.100479531815,1083.112737539938,58479.21321707176,6000.000000000003,5999.999999999999,13,1199.9999999999982,10800.0
2025-02-06,stochastic_48h,91705.50201365844,24626.36132410171,19947.352672522386,66.27011982600732,6821.706265238466,57860.3125405843,333.59300932946485,58193.905549913776,8550.0,8550.000000000004,8,1200.0,10800.000000000002
2025-02-06,deterministic_48h,88446.11681152377,24324.9985735201,19703.248844551286,495.3868351648348,4048.6967010531134,55526.22204157534,2050.019049396383,57576.241090971715,8549.99999999999,8549.999999999993,27,1199.999999999989,10799.99999999999
2025-02-06,no_storage,87012.71167793177,0.0,0.0,69.1663263278391,6810.820787592965,69285.89863521683,350.220702376787,69636.11933759361,6000.0,6000.0,8,6000.0,6000.0
2025-02-06,stochastic_24h,91705.50201365844,24626.361324101712,19947.352672522386,66.27011982600743,6821.706265238467,57868.66254058431,333.5930093294651,58202.25554991378,5999.999999999999,6000.000000000001,8,1199.9999999999982,10800.0
2025-02-07,stochastic_48h,46287.78041442171,20592.475264872643,16679.90496454684,24.473621092796463,10594.004068522036,23924.16198223761,127.66852133270181,24051.830503570312,8550.000000000004,8550.000000000007,4,1200.0000000000064,10800.000000000005
2025-02-07,deterministic_48h,42328.838497899196,20416.94846781678,16555.773687774723,302.6325511904763,6964.616602380952,21756.449956808832,1616.867107461241,23373.31706427007,8549.999999999993,8529.949523507623,20,1199.9999999999927,10799.999999999993
2025-02-07,no_storage,48695.66775278721,0.0,0.0,60.476845604395635,16950.46493172494,36204.109267210224,319.28812508268464,36523.3973922929,6000.0,6000.0,7,6000.0,6000.0
2025-02-07,stochastic_24h,46287.78041442171,20592.475264872643,16679.90496454684,24.473621092796463,10594.004068522036,23932.51198223761,127.66852133270181,24060.18050357031,6000.000000000001,6000.000000000003,4,1200.0000000000027,10800.000000000002
2025-02-08,stochastic_48h,44827.262949271855,20708.463766315625,16773.855650715654,45.448461630036775,9360.940578635254,23183.868498040647,287.2165981879361,23471.085096228584,8550.000000000007,8550.000000000011,5,1200.0000000000118,10800.00000000001
2025-02-08,deterministic_48h,40957.22145757609,20256.550667420415,16389.7606117674,529.3272538003655,6042.595939056776,21137.570793133043,2593.3282844955093,23730.899077628554,8529.949523507623,8550.000000000002,26,1200.0000000000018,10800.000000000002
2025-02-08,no_storage,48350.814013827556,0.0,0.0,53.30367654660171,16826.954973707492,35950.589648994806,343.0389428796358,36293.62859187444,6000.0,6000.0,5,6000.0,6000.0
2025-02-08,stochastic_24h,44827.26294927185,20708.463766315625,16773.855650715654,45.448461630036775,9360.940578635254,23192.218498040645,287.2165981879361,23479.435096228583,6000.000000000003,6000.000000000001,5,1200.000000000001,10800.0
2025-02-09,stochastic_48h,89151.65281214254,24542.112390057126,19879.111035946276,756.2390838675204,5689.474575232544,56099.3897213007,2381.5834678853307,58480.97318918603,8550.000000000011,8550.000000000011,15,1200.000000000009,10800.000000000011
2025-02-09,deterministic_48h,86222.05926616074,24299.319921426304,19682.44913635531,1591.5967367673984,3641.3692511904765,53982.962831899495,5059.1984240789125,59042.161255978404,8550.000000000002,8550.0,35,1200.0,10800.0
2025-02-09,no_storage,84516.36525432288,0.0,0.0,720.2527594169716,5681.202047073204,67514.98039849318,2297.2636280498928,69812.24402654308,6000.0,6000.0,13,6000.0,6000.0
2025-02-09,stochastic_24h,89151.65281214254,24542.11239005713,19879.111035946276,756.2390838675204,5689.474575232544,56107.739721300706,2381.5834678853307,58489.323189186034,6000.000000000001,6000.0,15,1199.999999999999,10800.0
2025-02-10,stochastic_48h,89855.31501121414,24721.7654421607,20024.630008150183,18.6862500000002,10850.228243870299,56517.13093496789,125.81452125000136,56642.945456217894,8550.000000000011,8549.999999999998,1,1199.9999999999982,10800.0
2025-02-10,deterministic_48h,87046.59515809591,24456.063334011662,19809.41130054945,82.48328727106218,8155.788828571431,54485.645183193614,433.79767828385957,54919.44286147747,8550.0,8550.0,8,1200.0,10800.0
2025-02-10,no_storage,85174.06592093073,0.0,0.0,18.6862500000002,10866.114587597403,67944.59724331362,125.81452125000136,68070.41176456361,6000.0,6000.0,1,6000.0,6000.0
2025-02-10,stochastic_24h,89855.31501121416,24721.765442160715,20024.630008150183,18.6862500000002,10850.228243870297,56525.4809349679,125.81452125000136,56651.29545621789,6000.0,5999.999999999999,1,1199.999999999999,10800.0
2025-02-11,stochastic_48h,88242.50676388548,24622.406715167544,19944.14943928572,20.610581944444448,8364.26293661477,55240.18415636516,107.87445150694444,55348.05860787211,8549.999999999998,8549.999999999993,4,1199.9999999999927,10799.999999999998
2025-02-11,deterministic_48h,85514.58258334633,24356.704607018495,19728.93073168498,72.48214999999993,5738.693724679487,53279.83532241569,412.44747716666654,53692.28279958236,8550.0,8550.000000000005,7,1200.000000000001,10800.000000000004
2025-02-11,no_storage,83712.96241434675,0.0,0.0,20.610581944444448,8512.975862957872,66658.93460954337,107.87445150694444,66766.80906105031,6000.0,6000.0,4,6000.0,6000.0
2025-02-11,stochastic_24h,88242.50676388548,24622.406715167544,19944.14943928572,20.610581944444448,8364.26293661477,55248.53415636516,107.87445150694444,55356.408607872116,5999.999999999999,5999.9999999999945,4,1199.9999999999945,10800.0
2025-02-12,stochastic_48h,87623.22300949687,24537.45200246084,19875.33612199329,109.07276228632531,7803.443757982299,54880.835582060216,491.0259549439809,55371.861537004195,8549.999999999993,8549.999999999989,9,1199.999999999989,10799.999999999993
2025-02-12,deterministic_48h,85020.20937711245,24247.31121195676,19640.32208168498,289.2287435439554,5435.712857051283,52996.82617199108,1333.8570565059265,54330.683228497,8550.000000000005,8550.000000000004,21,1200.0000000000045,10800.0
2025-02-12,no_storage,83080.49957469475,0.0,0.0,109.0727622863252,7922.836203647741,66285.00015804863,491.02595494398065,66776.02611299261,6000.0,6000.0,9,6000.0,6000.0
2025-02-12,stochastic_24h,87623.22300949685,24537.452002460846,19875.33612199329,109.0727622863252,7803.443757982299,54889.185582060214,491.02595494398065,55380.211537004194,5999.9999999999945,5999.999999999995,9,1199.9999999999955,10800.0
2025-02-13,stochastic_48h,85842.08567649667,23750.275801206677,19777.72339897741,39.910202380952,10579.96445998169,53851.9744318692,182.11681878720043,54034.091250656405,8549.999999999989,7949.999999999986,7,1199.9999999999864,10799.999999999989
2025-02-13,deterministic_48h,83269.22105255956,22886.51001226653,19078.073109935896,81.22063154761884,8212.525765109893,52059.10395908213,458.091940878869,52517.195899961,8550.000000000004,7949.999999999997,13,1199.9999999999973,10800.0
2025-02-13,no_storage,82039.71475125154,0.0,0.0,39.91020238095223,10750.145936965811,65506.94831499705,182.11681878720094,65689.06513378426,6000.0,6000.0,7,6000.0,6000.0
2025-02-13,stochastic_24h,86508.75234316333,24416.94246787335,19777.72339897741,39.910202380952,10579.96445998169,54143.524431869206,182.11681878720043,54325.64125065641,5999.999999999995,5999.999999999998,7,1199.9999999999982,10800.0
2025-02-14,stochastic_48h,38892.30165603418,19734.692649440767,15985.10104604701,771.1576639346755,6112.065899908424,20134.704098842783,2406.9872401169714,22541.691338959758,7949.999999999986,7949.999999999999,20,1199.999999999999,10799.999999999998
2025-02-14,deterministic_48h,37372.245766719236,18880.529680776013,15469.633932463372,1287.8937521520136,5447.441953891942,19282.388092260677,3680.3692632720677,22962.75735553274,7949.999999999997,7753.994565516886,33,1199.9999999999955,10799.999999999996
2025-02-14,no_storage,45458.60576758241,0.0,0.0,153.0692016025642,15809.873152518314,33618.8551394391,672.6875811272515,34291.54272056636,6000.0,6000.0,12,6000.0,6000.0
2025-02-14,stochastic_24h,38892.30165603416,19734.692649440753,15985.10104604701,771.1576639346753,6112.065899908424,20138.99763306466,2406.987240116971,22545.98487318163,5999.999999999998,5999.999999999997,20,1199.9999999999973,10799.999999999996
2025-02-15,stochastic_48h,38636.72903279519,19806.84598352779,15503.54524665751,392.68916497252775,5446.026360897438,19954.34918976327,1535.281423256694,21489.630613019963,7949.999999999999,8549.999999999996,24,1199.9999999999964,10799.999999999995
2025-02-15,deterministic_48h,37857.654022160044,19612.58956785602,15169.792658928573,1167.8128628205131,5302.57887605311,19445.4831034142,3775.4819159943004,23220.965019408504,7753.994565516886,8550.000000000004,39,1200.0,10800.000000000004
2025-02-15,no_storage,44728.02690924908,0.0,0.0,287.059126617827,15734.994935866911,33007.590745472036,1309.2892259767486,34316.87997144878,6000.0,6000.0,20,6000.0,6000.0
2025-02-15,stochastic_24h,37970.06236612852,19140.179316861122,15503.54524665751,392.6891649725276,5446.026360897438,19673.935620123735,1535.2814232566936,21209.217043380428,5999.999999999997,5999.999999999997,24,1199.9999999999973,10799.999999999996
2025-02-16,stochastic_48h,82265.64056759767,23178.832156593406,18774.854046840657,928.0007794413926,3412.2841372863213,51020.80371098549,3685.2686092299728,54706.07232021546,8549.999999999996,8549.999999999996,41,1199.9999999999973,10799.999999999996
2025-02-16,deterministic_48h,80115.45442663094,23319.912403754577,18889.129047041213,2083.3612663003664,2390.6532362179496,49433.77831352315,7954.984609770443,57388.762923293594,8550.000000000004,8549.999999999996,56,1199.9999999999964,10800.0
2025-02-16,no_storage,78322.19536991758,0.0,0.0,904.4736370726486,3849.2899069902305,62307.905864092914,3769.9776180061644,66077.88348209909,6000.0,6000.0,38,6000.0,6000.0
2025-02-16,stochastic_24h,82265.64056759767,23178.83215659341,18774.854046840657,928.0007794413926,3412.2841372863218,51029.1537109855,3685.2686092299728,54714.42232021547,5999.999999999997,6000.0,41,1200.0,10800.0
2025-02-17,stochastic_48h,82114.47332224404,23176.87655673077,18773.270010951925,196.63668513431026,6723.640294932842,50823.04763652582,813.9109668148499,51636.958603340674,8549.999999999996,8549.999999999998,17,1199.9999999999982,10799.999999999996
2025-02-17,deterministic_48h,79996.42089892991,23298.870363078284,18872.084994093413,427.7296335622707,4813.50199684066,49276.5173355327,1656.1497799702363,50932.66711550293,8549.999999999996,8549.999999999996,24,1199.9999999999936,10799.999999999996
2025-02-17,no_storage,78191.11074012515,0.0,0.0,153.62613977411468,7160.8737132326,62087.410830410685,716.733716836736,62804.14454724743,6000.0,6000.0,15,6000.0,6000.0
2025-02-17,stochastic_24h,82114.47332224404,23176.87655673077,18773.270010951925,196.63668513431026,6723.640294932842,50831.39763652583,813.9109668148499,51645.30860334067,6000.0,6000.0,17,1200.0,10800.0
2025-02-18,stochastic_48h,80811.66031243451,23190.569082860195,18784.36095711676,419.30526852869593,4733.369671886445,49775.792577896194,1848.2845258242787,51624.077103720476,8549.999999999998,8549.999999999996,27,1199.9999999999973,10799.999999999998
2025-02-18,deterministic_48h,78608.48066550332,23022.28074599783,18648.047404258243,1013.5040537545801,3156.363594184981,48223.5145138955,4538.806250355592,52762.32076425109,8549.999999999996,8549.999999999996,42,1199.9999999999964,10799.999999999996
2025-02-18,no_storage,76786.7349467338,0.0,0.0,426.69769768009894,5122.0448610805815,60902.146249749836,1923.9282300978693,62826.0744798477,6000.0,6000.0,28,6000.0,6000.0
2025-02-18,stochastic_24h,80811.66031243451,23190.569082860195,18784.36095711676,419.30526852869593,4733.369671886445,49784.1425778962,1848.2845258242787,51632.427103720474,6000.0,6000.000000000001,27,1200.000000000001,10800.0
2025-02-19,stochastic_48h,80426.69778971748,23167.8343115232,18765.94579233379,939.3493157661793,4084.8312029609224,49507.45661945478,3822.468492123914,53329.92511157869,8549.999999999996,8549.999999999996,47,1199.9999999999973,10799.999999999996
2025-02-19,deterministic_48h,78336.9061465433,23076.1925613327,18691.715974679486,1666.3455128663018,2739.4476894230734,48023.5272580687,7299.859351094099,55323.3866091628,8549.999999999996,8549.999999999996,62,1199.9999999999955,10799.999999999996
2025-02-19,no_storage,76400.55218240232,0.0,0.0,1049.3375029456658,4570.562302014647,60581.11438329554,4390.254969732885,64971.36935302842,6000.0,6000.0,47,6000.0,6000.0
2025-02-19,stochastic_24h,80426.6977897175,23167.8343115232,18765.94579233379,939.3493157661792,4084.8312029609224,49515.80661945478,3822.468492123914,53338.275111578696,6000.000000000001,6000.000000000003,47,1200.0000000000027,10800.0
2025-02-20,stochastic_48h,78987.85496168052,21753.55742025807,18765.000000000004,428.03251111111206,5434.19631920024,48980.08902323679,1873.578638047317,50853.66766128411,8549.999999999996,7278.201678232254,25,1199.9999999999936,10799.999999999996
2025-02-20,deterministic_48h,76754.9167615656,21538.619298195634,18736.065563782053,849.3261690476194,3808.5554628662985,47416.94951430155,3754.653623162662,51171.60313746422,8549.999999999996,7116.906741951567,32,1199.9999999999973,10800.0
2025-02-20,no_storage,76448.01456773504,0.0,0.0,425.695713858364,5880.576548260069,60732.39684710199,1941.3921640065325,62673.789011108514,6000.0,6000.0,24,6000.0,6000.0
2025-02-20,stochastic_24h,80400.96420808912,23166.666666666664,18765.000000000004,428.03251111111206,5434.19631920024,49588.205321305344,1873.578638047317,51461.78395935266,6000.000000000003,5999.9999999999945,25,1199.9999999999945,10800.0
2025-02-21,stochastic_48h,35777.91453766469,18066.78269805846,14850.970773153234,417.13181819291856,7418.972397619046,18480.344769045358,1658.0438561121823,20138.38862515754,7278.201678232254,7037.227469647942,30,1199.9999999999973,10799.999999999996
2025-02-21,deterministic_48h,35303.105978951855,17857.13196315516,14691.001900137362,674.2697860347982,7250.983668635525,18135.41634073705,2725.127920027563,20860.54426076461,7116.906741951567,6864.990064194145,45,1200.0000000000018,10800.000000000005
2025-02-21,no_storage,43034.71520506715,0.0,0.0,455.89020985958587,17930.343381593404,31747.567939565117,1829.987089970312,33577.555029535426,6000.0,6000.0,33,6000.0,6000.0
2025-02-21,stochastic_24h,36045.663658313926,18334.531818707703,14850.970773153234,417.13181819291856,7418.972397619046,18594.780867789712,1658.0438561121823,20252.824723901893,5999.9999999999945,6000.0,30,1200.0,10800.0
2025-02-22,stochastic_48h,37005.97178848133,19747.66302466875,14634.111772664834,863.7314252136745,4911.389078357753,18901.132437631415,3523.905240051812,22425.037677683227,7037.227469647942,8549.999999999998,45,1199.9999999999982,10799.999999999998
2025-02-22,deterministic_48h,36813.87536551406,19742.06263799574,14474.561794551282,2275.4444804029285,5977.056119139196,18685.139763167346,9092.489039021146,27777.62880218849,6864.990064194145,8550.0,66,1200.000000000001,10800.0
2025-02-22,no_storage,42350.19913402015,0.0,0.0,705.3074674908432,15210.743718177655,31252.80024860229,2770.1867290671516,34022.98697766944,6000.0,6000.0,42,6000.0,6000.0
2025-02-22,stochastic_24h,35325.11342142348,18066.804657610905,14634.111772664834,863.7314252136742,4911.389078357753,18188.528102212644,3523.9052400518117,21712.433342264456,6000.0,6000.0,45,1200.0,10800.0
2025-02-23,stochastic_48h,78453.6738308495,23227.03127837697,18813.895335485344,986.6511341727745,3495.335338797311,48259.564576885256,3269.2786798291804,51528.84325671444,8549.999999999998,8550.000000000002,45,1199.999999999999,10800.0
2025-02-23,deterministic_48h,76659.88143672046,22953.232387453078,18592.118233836998,1663.1861922619055,2430.099792032965,46947.1173171655,6085.023315557675,53032.14063272319,8550.0,8549.999999999996,59,1199.9999999999973,10800.0
2025-02-23,no_storage,74910.13474563492,0.0,0.0,704.3392991147754,4082.6203614163587,59617.00052754715,2734.50034839732,62351.500875944475,6000.0,6000.0,40,6000.0,6000.0
2025-02-23,stochastic_24h,78453.67383084948,23227.03127837697,18813.895335485344,986.6511341727742,3495.3353387973107,48267.91457688526,3269.27867982918,51537.19325671443,6000.0,6000.0,45,1199.999999999999,10800.0
2025-02-24,stochastic_48h,79014.30864005143,23239.529851083636,18824.01917937775,624.2288841117224,7019.993235790596,48536.46270296222,2725.1354792943876,51261.59818225661,8550.000000000002,8549.999999999998,32,1199.9999999999982,10800.0
2025-02-24,deterministic_48h,77015.62835316104,22966.80793209876,18603.114425,627.243774908426,5076.145004304031,47070.89980194839,2877.307710450234,49948.20751239863,8549.999999999996,8549.999999999996,35,1199.9999999999955,10799.999999999996
2025-02-24,no_storage,75122.297343315,0.0,0.0,624.2288841117226,7543.492610760071,59720.765121581906,2725.135479294388,62445.90060087629,6000.0,6000.0,32,6000.0,6000.0
2025-02-24,stochastic_24h,79014.30864005143,23239.52985108364,18824.01917937775,624.2288841117227,7019.993235790596,48544.81270296223,2725.135479294388,51269.948182256616,6000.0,5999.999999999996,32,1199.9999999999964,10800.0
2025-02-25,stochastic_48h,77966.91157118832,23240.510383993576,18824.813411034796,495.23211486568937,8225.123479761904,47809.52822063837,1764.0334894982361,49573.561710136615,8549.999999999998,8550.0,31,1199.9999999999982,10800.0
2025-02-25,deterministic_48h,75993.54230428254,22896.292399154343,18545.99684331502,484.06160357142915,6305.985118681319,46355.893666659205,1885.9860936296745,48241.87976028888,8549.999999999996,8549.999999999996,32,1199.9999999999955,10799.999999999996
2025-02-25,no_storage,74224.65401166055,0.0,0.0,495.2321148656896,8898.562893192915,58987.60441113527,1764.0334894982366,60751.637900633505,6000.0,6000.0,31,6000.0,6000.0
2025-02-25,stochastic_24h,77966.91157118834,23240.51038399358,18824.813411034796,495.23211486568937,8225.123479761904,47817.87822063838,1764.0334894982361,49581.911710136614,5999.999999999996,6000.000000000001,31,1200.0,10800.000000000002
2025-02-26,stochastic_48h,76327.58871179113,23028.793227343645,18653.322514148353,826.0825780982926,3963.352543360806,46704.644522502815,3372.925218333845,50077.569740836654,8550.0,8550.0,47,1199.999999999999,10800.0
2025-02-26,deterministic_48h,74395.82507197914,22777.03619771175,18449.39932014652,1337.671609890111,2591.0117709706956,45274.965833150025,5741.773925062456,51016.73975821247,8549.999999999996,8550.0,49,1199.9999999999964,10799.999999999996
2025-02-26,no_storage,73425.64854017092,0.0,0.0,819.8260782356542,5430.626585073258,58219.79449587925,3370.279807522348,61590.0743034016,6000.0,6000.0,45,6000.0,6000.0
2025-02-26,stochastic_24h,76327.58871179113,23028.79322734364,18653.322514148353,826.0825780982923,3963.3525433608065,46712.994522502806,3372.925218333844,50085.91974083665,6000.000000000001,6000.0,47,1199.999999999999,10800.0
2025-02-27,stochastic_48h,73553.67281418623,21011.718921878535,18795.941903983516,617.8691818681315,4999.180778159341,45445.70690202077,2977.635651657348,48423.34255367812,8550.0,6576.167136375663,33,1199.999999999999,10800.000000000002
2025-02-27,deterministic_48h,71780.0417799264,20446.514289038118,18402.246235119048,1055.3176282967027,3834.5071543040294,44130.85406728415,5353.907131382826,49484.76119866698,8550.0,6504.922598890924,40,1200.000000000001,10800.0
2025-02-27,no_storage,73059.40161446886,0.0,0.0,699.8507211538462,6802.66813562271,57968.79903034349,3398.0085948252527,61366.80762516875,6000.0,6000.0,33,6000.0,6000.0
2025-02-27,stochastic_24h,75746.82044043549,23204.8665481278,18795.941903983516,617.8691818681315,4999.180778159341,46384.568162217125,2977.635651657348,49362.20381387447,6000.0,6000.000000000003,33,1199.999999999999,10800.0
2025-02-28,stochastic_48h,33930.63960956225,17255.62593190657,14201.928287316849,741.879666346155,8326.228081318683,17501.359278579755,2332.0308528325595,19833.390131412314,6576.167136375663,6326.310155850632,37,1200.000000000001,10800.0
2025-02-28,deterministic_48h,33714.27766795042,17167.528641805722,14140.060973946884,1521.3234526556785,8915.539902747252,17230.5312618624,5589.961604050002,22820.4928659124,6504.922598890924,6244.519516575094,48,1200.000000000001,10800.0
2025-02-28,no_storage,41375.85391991758,0.0,0.0,501.858147252748,18585.118517170326,30558.832630118133,1758.7390812295812,32317.57171134771,6000.0,6000.0,34,6000.0,6000.0
2025-02-28,stochastic_24h,34208.258476812276,17533.2447991566,14201.928287316849,741.879666346155,8326.228081318683,17619.38977114731,2332.0308528325595,19951.42062397987,6000.000000000003,6000.000000000002,37,1200.0000000000018,10800.0
2025-03-01,stochastic_48h,35962.40552393671,19675.737286528285,13936.02634235348,695.0193987179506,7258.948045146521,18299.36499915101,2527.4414598686435,20826.806459019648,6326.310155850632,8550.000000000002,34,1200.000000000001,10800.0
2025-03-01,deterministic_48h,35920.023753194946,19704.09698249898,13885.386120741758,1060.4055318681314,7502.952489972524,18099.70948788778,4632.1930760373625,22731.90256392514,6244.519516575094,8550.000000000004,47,1200.0000000000027,10800.000000000004
2025-03-01,no_storage,40713.38517875457,0.0,0.0,524.1828722527478,17578.802117673993,30093.71142017849,2269.454979426764,32363.166399605252,6000.0,6000.0,30,6000.0,6000.0
2025-03-01,stochastic_24h,33491.63903043741,17204.970793028988,13936.02634235348,695.0193987179507,7258.948045146521,17251.324622660555,2527.4414598686435,19778.766082529197,6000.000000000002,6000.000000000002,34,1200.000000000001,10800.0
2025-03-02,stochastic_48h,74510.20541882658,23253.659432517066,18835.464140338827,4671.831158836996,2405.5342188186814,45558.072394689705,17219.185123240408,62777.25751793011,8550.000000000002,8549.999999999996,63,1199.9999999999964,10800.0
2025-03-02,deterministic_48h,72735.12046556833,22795.43455032107,18464.301985760074,6274.761370329668,2320.44220467033,44233.83136452403,23546.655724768534,67780.48708929257,8550.000000000004,8550.000000000002,73,1200.0,10800.0
2025-03-02,no_storage,72131.11914551281,0.0,0.0,2834.819702289377,2607.6317811355316,57335.44010298909,12475.587123941987,69811.02722693107,6000.0,6000.0,56,6000.0,6000.0
2025-03-02,stochastic_24h,74510.20541882658,23253.659432517066,18835.464140338827,4671.831158836996,2405.5342188186814,45566.4223946897,17219.185123240408,62785.60751793011,6000.000000000002,5999.999999999998,63,1199.9999999999982,10800.0
2025-03-03,stochastic_48h,76973.5702275032,23192.948868727108,18786.28858366896,2018.9671595238085,2568.730468635528,47207.77116881104,8441.240088442672,55649.01125725372,8549.999999999996,8549.999999999996,55,1199.9999999999973,10799.999999999998
2025-03-03,deterministic_48h,75040.55718276408,23338.871659091936,18904.48604386447,3511.463952838827,2100.4888870421246,45642.912576362665,14621.906213759154,60264.818790121826,8550.000000000002,8550.0,78,1199.9999999999982,10800.0
2025-03-03,no_storage,73260.80023063187,0.0,0.0,2077.612380906592,3321.265978205125,58341.651739268214,8895.923467904988,67237.57520717321,6000.0,6000.0,55,6000.0,6000.0
2025-03-03,stochastic_24h,76973.5702275032,23192.948868727108,18786.28858366896,2018.9671595238083,2568.730468635528,47216.121168811034,8441.240088442672,55657.36125725371,5999.999999999998,5999.999999999998,55,1199.9999999999982,10800.0
2025-03-04,stochastic_48h,78636.40881236488,23247.472427474786,18830.452666254576,480.72536098901014,5500.656478800363,48442.22109511454,1553.3313928343157,49995.55248794885,8549.999999999996,8549.999999999996,35,1199.9999999999973,10799.999999999996
2025-03-04,deterministic_48h,76356.9448255032,23288.967766529306,18864.063890888734,937.2401681776553,3669.82318470696,46616.02115556995,3268.812077981499,49884.83323355145,8550.0,8550.000000000004,48,1200.0000000000045,10800.000000000004
2025-03-04,no_storage,74566.65349386446,0.0,0.0,502.84510682234315,5870.040667353474,59506.72758005568,1680.5764560083533,61187.30403606404,6000.0,6000.0,35,6000.0,6000.0
2025-03-04,stochastic_24h,78636.4088123649,23247.47242747479,18830.452666254576,480.72536098901026,5500.6564788003625,48450.57109511453,1553.331392834316,50003.90248794885,5999.999999999998,6000.0,35,1200.0,10800.0
2025-03-05,stochastic_48h,79585.60043834565,23314.17441861122,18884.48127907509,153.3738633699635,9178.809145512816,49063.23476732369,631.4927294888291,49694.72749681251,8549.999999999996,8549.999999999993,17,1199.9999999999927,10799.999999999996
2025-03-05,deterministic_48h,77069.42941243772,23335.437758974353,18901.704584769228,384.43375293040197,6889.657974496336,47066.37814849726,1846.1417324408842,48912.51988093815,8550.000000000004,8550.000000000002,32,1200.0000000000018,10800.0
2025-03-05,no_storage,75486.75596167582,0.0,0.0,153.3738633699636,9509.657808379117,60205.22148282225,631.4927294888295,60836.71421231109,6000.0,6000.0,17,6000.0,6000.0
2025-03-05,stochastic_24h,79585.60043834565,23314.17441861122,18884.48127907509,153.3738633699635,9178.809145512816,49071.584767323686,631.4927294888292,49703.07749681252,6000.0,5999.999999999996,17,1199.9999999999964,10800.0
2025-03-06,stochastic_48h,76540.84425264323,21034.33739659928,18948.88999551282,292.7069516025638,8807.449669826,47643.088041759365,1021.1183902974564,48664.20643205682,8549.999999999993,6426.581439702882,23,1199.9999999999918,10799.999999999993
2025-03-06,deterministic_48h,74022.04686452707,20815.335305251432,18845.649003041206,499.78703809523756,6611.493467078753,45694.685586382555,2045.8711937739226,47740.55678015648,8550.000000000002,6344.191771347175,39,1200.0000000000036,10800.0
2025-03-06,no_storage,74785.59745618132,0.0,0.0,292.7069516025638,9137.650274450541,59750.28062619783,1021.1183902974564,60771.399016495285,6000.0,6000.0,23,6000.0,6000.0
2025-03-06,stochastic_24h,78900.1982085289,23393.691352484966,18948.88999551282,292.706951602564,8807.449669826,48652.420785721566,1021.1183902974569,49673.53917601902,5999.999999999996,6000.0,23,1200.0,10800.0
2025-03-07,stochastic_48h,32877.13823711392,16528.051875378747,13910.571988553114,211.04069043040295,9548.41350738536,17084.319306837726,575.7131362194611,17660.03244305719,6426.581439702882,5845.637029151407,15,1200.0,10800.000000000002
2025-03-07,deterministic_48h,32491.89755902692,16477.87383095916,13815.074206318679,623.7243565476185,9530.536757600728,16640.73540640385,2249.916906238141,18890.652312641992,6344.191771347175,5824.195767745221,39,1200.0,10800.000000000002
2025-03-07,no_storage,40724.55607980769,0.0,0.0,201.23554404761927,20003.50609052198,30158.608984721544,545.4910665990177,30704.100051320558,6000.0,6000.0,16,6000.0,6000.0
2025-03-07,stochastic_24h,33472.252180145166,17123.165818409987,13869.764312912088,211.04069043040306,9507.605831744333,17328.91913335394,575.7131362194614,17904.632269573398,6000.0,6000.000000000003,15,1200.0000000000018,10800.000000000004
2025-03-08,stochastic_48h,35925.91162912088,19675.1018348935,13502.905812500001,239.97759084249105,10930.55368090321,18387.761461353395,715.0014146565941,19102.762876009987,5845.637029151407,8549.999999999998,18,1199.9999999999982,10799.999999999996
2025-03-08,deterministic_48h,35511.73649548738,19662.09135368335,13473.070187454208,326.25508905677714,10585.83090164835,17911.53795135842,1192.6063694713846,19104.144320829808,5824.195767745221,8550.000000000007,24,1200.000000000001,10800.000000000004
2025-03-08,no_storage,40247.128104212454,0.0,0.0,243.5583918956043,21427.54697944139,29830.742626395648,734.313447965797,30565.05607436144,6000.0,6000.0,20,6000.0,6000.0
2025-03-08,stochastic_24h,32950.07898118753,16699.269186960155,13526.408041437726,239.97759084249105,10954.055909840934,17132.90146584241,715.0014146565941,17847.902880499005,6000.000000000003,6000.000000000001,18,1200.0,10799.999999999998
2025-03-09,stochastic_48h,77275.10080451486,23335.99545199656,18902.156316117213,241.19425828754595,9748.930876923074,47504.68130017584,984.3317321909344,48489.01303236677,8549.999999999998,8550.000000000004,17,1200.0000000000027,10800.0
2025-03-09,deterministic_48h,74841.18830250273,23270.04080650182,18848.733053266486,326.8565379578763,7413.212037225276,45595.41609805881,1609.1460449625954,47204.56214302141,8550.000000000007,8549.999999999998,22,1199.9999999999982,10800.0
2025-03-09,no_storage,73385.34576204211,0.0,0.0,246.63068228022019,10298.45139432234,58631.965244756335,1015.9092009523827,59647.874445708716,6000.0,6000.0,17,6000.0,6000.0
2025-03-09,stochastic_24h,77275.10080451486,23335.99545199656,18902.156316117213,241.19425828754595,9748.930876923074,47513.03130017583,984.3317321909344,48497.36303236677,6000.000000000001,6000.000000000005,17,1200.0000000000045,10800.000000000002
2025-03-10,stochastic_48h,76332.87998498167,23225.251506501827,18812.45372026648,1093.7593870879132,4971.770135834249,46763.07830239511,3179.1677369556123,49942.24603935072,8550.000000000004,8550.000000000002,33,1200.0000000000018,10800.0
2025-03-10,deterministic_48h,73888.35741222573,23427.319467902933,18976.12876900137,1983.0721503663008,3378.167413690472,44831.09752216147,6174.932203342925,51006.0297255044,8549.999999999998,8550.0,51,1200.000000000001,10799.999999999998
2025-03-10,no_storage,72769.95225769229,0.0,0.0,437.72014143773015,5165.600949130032,58001.58052715969,1690.830208485855,59692.41073564555,6000.0,6000.0,27,6000.0,6000.0
2025-03-10,stochastic_24h,76332.87998498167,23225.251506501827,18812.45372026648,1093.7593870879134,4971.770135834248,46771.4283023951,3179.1677369556123,49950.59603935072,6000.000000000005,6000.000000000001,33,1200.000000000001,10800.0
2025-03-11,stochastic_48h,76558.77342087774,23248.573070650185,18831.344187226652,504.54363195970666,8707.169369413921,46800.389332307604,1837.283538631614,48637.67287093922,8550.000000000002,8549.999999999996,26,1199.9999999999964,10800.000000000002
2025-03-11,deterministic_48h,74271.76496245307,23351.24035448605,18914.5046871337,929.1380483974347,6825.248543498168,44972.479645178406,3673.644466462266,48646.12411164067,8550.0,8550.000000000002,41,1199.999999999999,10800.0
2025-03-11,no_storage,72676.84264734431,0.0,0.0,504.5436319597068,9242.467479304029,57898.478891289546,1837.2835386316142,59735.76242992117,6000.0,6000.0,26,6000.0,6000.0
2025-03-11,stochastic_24h,76558.77342087773,23248.573070650185,18831.344187226652,504.5436319597068,8707.169369413921,46808.739332307596,1837.2835386316142,48646.02287093921,6000.000000000001,5999.999999999995,26,1199.9999999999955,10800.0
2025-03-12,stochastic_48h,75405.46894023717,23270.725419505492,18849.287589799453,540.584800641025,9089.081227838826,45925.52575676256,1683.4046413577598,47608.93039812031,8549.999999999996,8549.999999999996,30,1199.9999999999964,10799.999999999996
2025-03-12,deterministic_48h,72741.9960513397,22595.752296669376,18302.5593603022,778.7816949175827,6792.050126556776,43992.53668762988,2910.5882404500253,46903.12492807991,8550.000000000002,8550.0,47,1199.999999999999,10800.0
2025-03-12,no_storage,71709.36199468865,0.0,0.0,540.5848006410253,9814.412111996335,57013.931102068665,1683.4046413577603,58697.335743426425,6000.0,6000.0,30,6000.0,6000.0
2025-03-12,stochastic_24h,75405.46894023717,23270.7254195055,18849.287589799453,540.5848006410248,9089.081227838826,45933.875756762565,1683.4046413577594,47617.28039812032,5999.999999999995,5999.999999999996,30,1199.9999999999964,10800.0
2025-03-13,stochastic_48h,69802.51647306108,18905.74005987428,18202.673386813185,2089.0265467032978,3642.858330036631,43097.600549292234,8068.293161550622,51165.89371084285,8549.999999999996,5339.973401872203,54,1199.9999999999982,10800.0
2025-03-13,deterministic_48h,67070.75042315379,18576.54199293402,17930.396619505496,4037.9823597527457,2916.9693928113547,41098.43707546438,15350.18806664475,56448.62514210914,8550.0,5346.224883078958,67,1199.999999999999,10800.0
2025-03-13,no_storage,70324.42686950549,0.0,0.0,1437.6796788919416,4216.48853173077,55814.08243973771,6188.9508473837,62003.03328712141,6000.0,6000.0,45,6000.0,6000.0
2025-03-13,stochastic_24h,73369.2126932031,22472.436280016285,18202.673386813185,2089.0265467032978,3642.858330036631,44618.726404433066,8068.293161550622,52687.01956598369,5999.999999999996,6000.000000000006,54,1200.0000000000018,10800.000000000004
2025-03-14,stochastic_48h,31223.321784520413,15435.738051553384,12966.290439926743,294.0392735805858,13018.487463141024,16191.584929068937,1069.3462303107585,17260.931159379696,5339.973401872203,4825.148270573871,20,1199.999999999999,10800.0
2025-03-14,deterministic_48h,30624.860568163524,15445.791032266086,12954.677342902929,1069.860403617216,13174.181299084248,15609.869446931127,4714.601969338622,20324.47141626975,5346.224883078958,4853.350875559629,41,1200.0,10800.0
2025-03-14,no_storage,39242.195356684984,0.0,0.0,304.126717445055,23516.8960907967,28924.440548816994,1134.191545637799,30058.632094454795,6000.0,6000.0,20,6000.0,6000.0
2025-03-14,stochastic_24h,31795.34970818522,16007.765975218188,12966.290439926743,294.0392735805855,13018.487463141024,16472.245544550016,1069.3462303107576,17541.591774860775,6000.000000000006,5999.999999999999,20,1199.999999999999,10800.0
2025-03-15,stochastic_48h,35492.72697687729,19672.613440796704,12582.450330561813,679.2244720970682,8157.663188739469,18023.619919255187,2420.728464554446,20444.348383809633,4825.148270573871,8550.0,38,1200.0000000000005,10800.000000000002
2025-03-15,deterministic_48h,34819.91016983279,19664.05095916429,12600.89706492674,1897.5829521062267,8730.214077701463,17387.2679898364,6631.093688579235,24018.361678415633,4853.350875559629,8550.0,64,1200.0,10800.000000000002
2025-03-15,no_storage,38910.638190705125,0.0,0.0,704.0777624084236,18690.59080311355,28696.708869001726,2563.899266638982,31260.60813564071,6000.0,6000.0,37,6000.0,6000.0
2025-03-15,stochastic_24h,31484.346115934066,16005.946774130036,12964.81688704533,658.1256484890102,8177.21672733837,16360.566321749156,2342.2674376893983,18702.833759438556,5999.999999999999,6000.000000000001,38,1200.000000000001,10800.000000000004
2025-03-16,stochastic_48h,71298.90650016222,22060.88377181974,17869.31585517399,1142.7653179487158,4899.056968131868,43152.554441915905,4400.184792133004,47552.73923404891,8550.0,8549.999999999996,48,1199.9999999999964,10800.0
2025-03-16,deterministic_48h,68173.92902961945,21717.19281542531,17590.926180494505,2166.929124130036,2863.5445854853474,40924.71110081415,8510.219146685276,49434.930247499426,8550.0,8550.0,68,1199.999999999999,10800.0
2025-03-16,no_storage,68775.71082985347,0.0,0.0,780.6592691391922,6205.323165659341,54456.63456107633,3123.907192652555,57580.54175372889,6000.0,6000.0,43,6000.0,6000.0
2025-03-16,stochastic_24h,71298.90650016224,22060.88377181974,17869.31585517399,1142.7653179487156,4899.056968131868,43160.9044419159,4400.184792133004,47561.08923404891,6000.000000000001,5999.999999999996,48,1199.9999999999964,10800.0
2025-03-17,stochastic_48h,71675.80323065448,22175.816065040926,17962.411012683147,201.78182060439576,9806.048565567766,43317.10754852937,899.8960585639873,44217.00360709336,8549.999999999996,8550.0,16,1199.9999999999973,10800.0
2025-03-17,deterministic_48h,68199.91945705298,21792.21465828924,17651.693873214284,410.8087165750917,6612.07595521978,40841.8307584172,2013.325874417766,42855.156632834965,8550.0,8549.999999999996,29,1199.9999999999955,10800.0
2025-03-17,no_storage,68725.8608407967,0.0,0.0,201.78182060439576,11069.511228067766,54342.31918507641,899.8960585639873,55242.2152436404,6000.0,6000.0,16,6000.0,6000.0
2025-03-17,stochastic_24h,71675.80323065449,22175.816065040934,17962.411012683147,201.78182060439565,9806.048565567766,43325.457548529375,899.896058563987,44225.35360709336,5999.999999999996,6000.000000000006,16,1200.000000000001,10800.000000000004
2025-03-18,stochastic_48h,70707.89883406932,21986.320639838556,17808.91971826923,777.303610668499,6181.843156501833,42650.22390546795,3689.490058805523,46339.713964273484,8550.0,8550.0,28,1200.000000000001,10800.000000000002
2025-03-18,deterministic_48h,67178.37166966152,21614.640004917917,17507.858403983515,1665.3228975274735,3610.9545995879116,40157.1515428655,7782.826683323472,47939.97822618896,8549.999999999996,8549.999999999996,48,1199.9999999999964,10799.999999999996
2025-03-18,no_storage,68204.47684647435,0.0,0.0,839.176550595237,7917.695030402929,53813.85398928152,4012.060007619318,57825.913996900825,6000.0,6000.0,29,6000.0,6000.0
2025-03-18,stochastic_24h,70707.89883406932,21986.320639838545,17808.91971826923,777.3036106684991,6181.843156501832,42658.57390546796,3689.490058805523,46348.063964273475,6000.000000000006,5999.999999999998,28,1199.9999999999982,10800.0
2025-03-19,stochastic_48h,70815.24310004861,21890.112261678645,17730.990931959706,264.05031039377263,7454.701630723444,42783.173111945536,1238.5232109470446,44021.69632289259,8550.0,8550.000000000004,21,1200.000000000001,10800.0
2025-03-19,deterministic_48h,67293.2178934371,21576.3771001221,17476.8654510989,843.5290492673993,4571.764843681318,40326.26534759178,3992.645092883973,44318.91044047576,8549.999999999996,8549.999999999993,29,1199.9999999999936,10799.999999999996
2025-03-19,no_storage,68613.3098812729,0.0,0.0,314.38222257325833,9462.22165384615,54219.35502224994,1498.4833868449764,55717.83840909491,6000.0,6000.0,22,6000.0,6000.0
2025-03-19,stochastic_24h,70815.24310004862,21890.11226167865,17730.990931959706,264.05031039377263,7454.701630723444,42791.52311194554,1238.5232109470446,44030.046322892595,5999.999999999998,6000.000000000002,21,1200.000000000001,10800.0
2025-03-20,stochastic_48h,65361.24423502578,17702.71362559354,17771.11346300366,850.8454846611723,4071.5277404304,40324.63080367283,3130.617012715295,43455.247816388124,8550.000000000004,4736.76063747457,41,1200.0000000000073,10800.000000000007
2025-03-20,deterministic_48h,61756.00851539027,17367.653075555103,17517.072642307692,2402.304813965202,2098.771079441391,37840.382745336516,9133.802739710767,46974.18548504728,8549.999999999993,4717.473720991043,70,1199.9999999999927,10799.999999999995
2025-03-20,no_storage,68019.98327687729,0.0,0.0,725.2478740842503,6536.26933429487,53896.874843579935,2804.4848062058873,56701.35964978582,6000.0,6000.0,37,6000.0,6000.0
2025-03-20,stochastic_24h,69598.17686005404,21939.6462506218,17771.11346300366,850.8454846611725,4071.5277404304,42129.333038101424,3130.617012715295,45259.95005081671,6000.000000000002,6000.000000000003,41,1200.0000000000027,10800.000000000002
2025-03-21,stochastic_48h,30253.05427350709,14928.329816318445,12457.239175961537,379.4790351190472,16127.978151602565,15644.351998633088,1332.1111558134364,16976.463154446523,4736.76063747457,4330.880609981688,30,1200.0,10800.0
2025-03-21,deterministic_48h,29427.34387855221,14902.690079376389,12425.323706181318,732.7345021978017,15649.247490888272,14919.898696594872,3216.6959006170327,18136.594597211908,4717.473720991043,4323.979563339441,42,1199.9999999999986,10800.000000000002
2025-03-21,no_storage,38296.44020343407,0.0,0.0,428.34704684065895,26691.322733608053,28189.351360793098,1585.3591989483043,29774.710559741405,6000.0,6000.0,32,6000.0,6000.0
2025-03-21,stochastic_24h,30840.341928021975,16000.0,12960.0,361.10074024725213,16127.978151602565,15923.413116836327,1254.9498329123367,17178.36294974866,6000.000000000003,6000.000000000003,30,1200.0,10800.0
2025-03-22,stochastic_48h,35148.50877815934,19666.666666666664,12132.792548983518,320.00746332417594,12053.442390467033,17772.88507196114,861.2465117948263,18634.131583755967,4330.880609981688,8550.000000000004,21,1200.0,10800.0
2025-03-22,deterministic_48h,34321.44487522441,19681.35929798082,12138.48263836996,1871.342556547619,12768.71103882784,17021.40416633027,7248.020794649908,24269.424960980174,4323.979563339441,8550.000000000002,52,1200.0000000000005,10799.999999999998
2025-03-22,no_storage,38142.790778800365,0.0,0.0,350.7582217032963,22612.349267170328,28095.230001631244,996.7454543257766,29091.97545595702,6000.0,6000.0,23,6000.0,6000.0
2025-03-22,stochastic_24h,30684.62699427655,16000.0,12960.0,316.0334340201465,12079.460694963367,15908.220429025674,844.6867316849357,16752.90716071061,6000.000000000003,6000.000000000004,20,1200.0000000000018,10800.0
2025-03-23,stochastic_48h,67960.76237263205,21825.781447677833,17678.882972619045,768.0829782051276,5812.226759111719,41057.36513113724,2614.3134381368986,43671.67856927414,8550.000000000004,8550.000000000004,42,1200.0,10800.0
2025-03-23,deterministic_48h,64081.01825379245,21551.791052830908,17456.95075279304,1955.8609318223448,3172.318768910257,38462.36729543608,7060.839743021796,45523.20703845788,8550.000000000002,8550.000000000002,65,1200.000000000001,10800.0
2025-03-23,no_storage,67137.31304858057,0.0,0.0,504.0265184065926,8871.619450320513,53102.72673923402,1902.9730089521013,55005.69974818612,6000.0,6000.0,35,6000.0,6000.0
2025-03-23,stochastic_24h,67960.76237263205,21825.781447677833,17678.882972619045,768.0829782051276,5812.22675911172,41065.71513113724,2614.3134381368986,43680.028569274145,6000.000000000004,6000.0000000000055,42,1200.0000000000018,10800.000000000004
2025-03-24,stochastic_48h,66828.09966174196,21550.001426027673,17455.50115508242,990.1345106684969,5725.236818131868,40327.825736793355,3450.4100555060845,43778.23579229944,8550.000000000004,8550.000000000004,42,1200.0000000000027,10800.000000000004
2025-03-24,deterministic_48h,63004.59878560575,21421.06104989146,17351.05945041209,1818.0275130036641,2754.127615796705,37793.63114881936,6845.213513509985,44638.84466232934,8550.000000000002,8550.0,55,1200.000000000001,10800.0
2025-03-24,no_storage,66519.07028305861,0.0,0.0,980.6456436813185,9501.218843406594,52585.22081920436,3431.5926612660937,56016.81348047046,6000.0,6000.0,40,6000.0,6000.0
2025-03-24,stochastic_24h,66828.09966174194,21550.001426027666,17455.50115508242,990.1345106684967,5725.236818131869,40336.17573679335,3450.410055506084,43786.58579229943,6000.0000000000055,5999.999999999997,42,1199.9999999999973,10800.0
2025-03-25,stochastic_48h,66714.13938649494,21571.272216852074,17472.730495650183,1640.1716457417565,3305.6445943681306,40183.30740590608,5809.505289967668,45992.812695873756,8550.000000000004,8550.000000000004,54,1200.0000000000036,10800.000000000004
2025-03-25,deterministic_48h,62816.310500468615,21442.331840715866,17368.288790979852,3673.3898350732607,1465.5325691391938,37620.217533151255,13652.384699265342,51272.60223241659,8550.0,8549.999999999998,85,1199.9999999999982,10800.0
2025-03-25,no_storage,66593.29573653846,0.0,0.0,963.9076233516467,6607.078643223444,52592.55682811853,3650.5773559500885,56243.13418406863,6000.0,6000.0,45,6000.0,6000.0
2025-03-25,stochastic_24h,66714.13938649494,21571.272216852078,17472.730495650183,1640.1716457417563,3305.644594368131,40191.65740590608,5809.505289967668,46001.162695873754,5999.999999999997,6000.000000000001,54,1200.000000000001,10800.0
2025-03-26,stochastic_48h,67236.6039490362,21679.748579851217,17560.596349679487,343.48642696886435,7868.383279166667,40499.86452688188,972.3520108173075,41472.21653769919,8550.000000000004,8550.000000000004,21,1200.0000000000036,10800.000000000004
2025-03-26,deterministic_48h,63164.61467923393,21499.125270259574,17414.291468910254,949.562507554944,4436.788518772895,37839.2995490829,3726.614119546102,41565.913668629,8549.999999999998,8550.0,46,1199.9999999999982,10799.999999999998
2025-03-26,no_storage,66862.64333864469,0.0,0.0,289.75164171245393,11559.84011369048,52809.25077846122,735.3083000229842,53544.559078484206,6000.0,6000.0,19,6000.0,6000.0
2025-03-26,stochastic_24h,67236.60394903619,21679.74857985122,17560.596349679487,343.48642696886435,7868.383279166667,40508.214526881886,972.3520108173075,41480.5665376992,6000.000000000001,5999.999999999998,21,1199.9999999999982,10800.0
2025-03-27,stochastic_48h,61347.22057450538,16783.8469067856,17520.04646080586,1051.8314422161166,4418.2621707417575,37890.15520722924,3790.0724499152675,41680.2276571445,8550.000000000004,4188.743926322757,43,1200.0000000000045,10800.000000000007
2025-03-27,deterministic_48h,56706.36040609822,16580.820698039613,17377.363791575095,3047.0841484432226,1832.9982480769227,34967.611273838,12342.579098696106,47310.19037253411,8550.0,4164.556637596662,70,1199.9999999999973,10800.0
2025-03-27,no_storage,66296.95120119047,0.0,0.0,737.087490384615,8317.049291575095,52401.94627200168,2489.1374095940473,54891.08368159574,6000.0,6000.0,35,6000.0,6000.0
2025-03-27,stochastic_24h,66193.060656369,21629.686988649213,17520.04646080586,1051.8314422161163,4418.262170741758,39951.80263101896,3790.0724499152675,43741.87508093423,5999.999999999998,6000.000000000001,43,1200.000000000001,10800.000000000002
2025-03-28,stochastic_48h,29157.150727829212,14418.379219633242,11985.324137133699,432.85899024725245,16335.073868910258,14948.417371887397,1428.8027566053345,16377.220128492732,4188.743926322757,3848.258404955232,28,1200.0,10800.0
2025-03-28,deterministic_48h,28174.374719269206,14384.732521650161,11937.814070100732,863.3088831043955,15768.88438415751,14146.311309730478,3298.451747872756,17444.763057603235,4164.556637596662,3846.5780514143266,44,1199.9999999999995,10800.0
2025-03-28,no_storage,37196.38108127289,0.0,0.0,526.3221940018304,26900.82250860806,27321.15749651176,1803.2788199385268,29124.43631645029,6000.0,6000.0,31,6000.0,6000.0
2025-03-28,stochastic_24h,29774.6007364011,16000.0,12960.0,432.85899024725245,16345.578959981685,15231.5095688177,1428.8027566053345,16660.312325423034,6000.000000000001,6000.000000000003,28,1200.000000000001,10800.000000000002
2025-03-29,stochastic_48h,34579.416613684254,19703.2674061751,11728.079163461538,365.9051261446874,19262.92431378205,17270.997211176167,1196.120026143951,18467.11723732012,3848.258404955232,8550.000000000004,29,1200.0000000000005,10800.000000000004
2025-03-29,deterministic_48h,33580.130223802174,19722.015989598876,11741.753197847986,790.5276016941386,18683.185850412083,16441.276130266968,3276.0551735446406,19717.331303811607,3846.5780514143266,8550.000000000004,52,1200.0000000000005,10800.000000000002
2025-03-29,no_storage,37118.5597819597,0.0,0.0,402.5895596611713,29813.940158287543,27230.998313794043,1363.0167218118788,28594.015035605924,6000.0,6000.0,33,6000.0,6000.0
2025-03-29,stochastic_24h,29715.91756346154,16000.0,12960.000000000002,350.631109661171,19319.339489789374,15230.84691883135,1131.7976979791163,16362.64461681047,6000.000000000003,6000.000000000002,28,1200.000000000001,10800.000000000004
2025-03-30,stochastic_48h,64384.77062513793,21421.056354350378,17351.055647023808,870.0431416666654,5839.193359478023,38709.899980564456,3073.934322620419,41783.83430318488,8550.000000000004,8550.000000000004,31,1200.0000000000027,10800.000000000004
2025-03-30,deterministic_48h,59698.61736046782,21345.97523583412,17290.23994102564,1843.4672152014637,2140.729580860806,35818.4663433859,7290.475871876187,43108.94221526208,8550.000000000004,8550.0,63,1200.0,10800.000000000004
2025-03-30,no_storage,65186.52942893773,0.0,0.0,726.9628705586063,10567.872599496339,51311.116329112294,2384.5699016030626,53695.686230715364,6000.0,6000.0,29,6000.0,6000.0
2025-03-30,stochastic_24h,64384.77062513791,21421.056354350374,17351.055647023808,870.0431416666654,5839.193359478022,38718.24998056446,3073.934322620419,41792.18430318488,6000.000000000002,5999.999999999998,31,1199.9999999999982,10800.0
2025-03-31,stochastic_48h,63672.87400003391,21477.836728055896,17397.047749725272,1677.122559523809,4317.818097893774,38175.405839186555,6456.47536543988,44631.881204626436,8550.000000000004,8550.000000000005,48,1200.0000000000055,10800.000000000004
2025-03-31,deterministic_48h,59258.24006302006,21367.399830190385,17307.59386245421,4227.803878342489,2474.848490293042,35480.61883450066,16282.263392369157,51762.88222686981,8550.0,8550.000000000004,69,1200.000000000001,10800.000000000002
2025-03-31,no_storage,64777.06740251831,0.0,0.0,868.9546619963362,8694.632581181322,50885.31141558048,3428.541149906681,54313.85256548716,6000.0,6000.0,35,6000.0,6000.0
2025-03-31,stochastic_24h,63672.87400003392,21477.836728055896,17397.047749725272,1677.1225595238093,4317.818097893774,38183.75583918656,6456.47536543988,44640.231204626434,5999.999999999998,6000.000000000001,48,1200.000000000001,10800.0
2025-04-01,stochastic_48h,63312.25850165909,21559.154436869714,17462.915093864467,3691.785883470695,2698.953525457874,37855.396342746564,10228.410685120944,48083.807027867515,8550.000000000005,8550.000000000007,63,1200.0000000000064,10800.000000000005
2025-04-01,deterministic_48h,58850.36864484353,20950.312190905803,16969.7528746337,6537.32719569597,1198.2850076007317,35229.18004317557,21622.905402741162,56852.08544591673,8550.000000000004,8550.000000000005,92,1200.0000000000055,10800.000000000005
2025-04-01,no_storage,64240.11804532966,0.0,0.0,1077.4625972527463,5108.729125915751,50293.52450094091,3979.6245076956466,54273.14900863657,6000.0,6000.0,46,6000.0,6000.0
2025-04-01,stochastic_24h,63312.25850165909,21559.15443686971,17462.915093864467,3691.785883470695,2698.953525457874,37863.74634274657,10228.410685120944,48092.157027867506,6000.000000000001,6000.0,63,1200.0,10800.0
2025-04-02,stochastic_48h,64318.26332182482,21103.365022328486,17093.725668086077,3579.6898869963356,3452.9784545787543,38351.842897980634,14604.417590782643,52956.26048876328,8550.000000000007,8550.000000000002,70,1200.0000000000018,10800.000000000002
2025-04-02,deterministic_48h,59864.80350078743,20581.939705320394,16671.371161309522,5995.793602976188,1514.693159752748,35744.53615715622,24402.606865374873,60147.14302253109,8550.000000000005,8550.000000000004,89,1200.0000000000027,10800.000000000002
2025-04-02,no_storage,63998.045397069596,0.0,0.0,2867.955817124539,6430.665814194139,50062.731054983655,13183.185057039158,63245.916112022824,6000.0,6000.0,57,6000.0,6000.0
2025-04-02,stochastic_24h,64318.26332182482,21103.365022328493,17093.725668086077,3579.6898869963356,3452.9784545787547,38360.19289798063,14604.417590782643,52964.61048876328,6000.0,6000.000000000002,70,1200.0000000000018,10800.000000000002
2025-04-03,stochastic_48h,60003.78966748575,15992.925442714688,17418.68778653846,985.4550723443231,6551.476816987177,36670.15201644644,3916.692818751677,40586.84483519812,8550.000000000002,3589.535357844936,48,1200.0000000000036,10800.000000000004
2025-04-03,deterministic_48h,55246.10567601072,15348.896323904486,16985.913977106226,2095.956684661171,3115.549747206958,33810.699184650526,8935.288273590173,42745.9874582407,8550.000000000004,3490.7689391737904,81,1200.000000000001,10800.0
2025-04-03,no_storage,64304.67384061355,0.0,0.0,1143.3532067307692,9584.496780677651,50479.96206330347,4731.588223219644,55211.55028652312,6000.0,6000.0,47,6000.0,6000.0
2025-04-03,stochastic_24h,65515.41704765804,21504.552822886984,17418.68778653846,985.4550723443231,6551.476816987177,39012.029314094296,3916.692818751677,42928.72213284597,6000.000000000002,6000.000000000002,48,1200.0000000000018,10800.0
2025-04-04,stochastic_48h,28907.079334028054,14327.957872077508,11533.199984203296,396.29693310439575,20077.81612925824,14723.404709747709,1290.030693421268,16013.435403168976,3589.535357844936,3670.030793599918,27,1199.9999999999995,10800.0
2025-04-04,deterministic_48h,27454.86807878284,14087.095259643651,11425.846234752747,687.9419978479854,19050.758801739925,13726.418190456694,2377.452050667651,16103.870241124345,3490.7689391737904,3473.7699675722465,42,1200.0,10800.000000000004
2025-04-04,no_storage,36580.057576968866,0.0,0.0,470.808887087912,30620.064214056776,26743.93249738584,1620.0208784321644,28363.953375818004,6000.0,6000.0,30,6000.0,6000.0
2025-04-04,stochastic_24h,29229.801236767395,16000.0,12960.000000000002,381.2541596153847,20140.253146382784,14875.963037699468,1225.9764666632777,16101.939504362748,6000.000000000002,6000.000000000003,26,1200.0,10800.000000000002
2025-04-05,stochastic_48h,34573.20279015568,19666.666666666664,11538.027714239925,602.6562923534802,15003.105146749083,17109.161963792092,2061.0827210266257,19170.244684818717,3670.030793599918,8550.000000000004,32,1199.9999999999995,10800.0
2025-04-05,deterministic_48h,33338.581736006534,19699.84071837832,11388.263952701465,2655.770012591575,15638.659999587915,16198.135234886593,10722.941392910805,26921.076627797396,3473.7699675722465,8549.999999999996,67,1199.9999999999968,10799.999999999996
2025-04-05,no_storage,36971.59665206044,0.0,0.0,385.0135834249089,25312.495252152014,26925.149814384327,1292.7561701778163,28217.905984562145,6000.0,6000.0,30,6000.0,6000.0
2025-04-05,stochastic_24h,29533.59492980769,16000.0,12959.999999999998,602.6562923534805,15052.136238827838,14990.776083038409,2061.082721026626,17051.858804065036,6000.000000000003,6000.000000000004,32,1200.000000000001,10800.0
2025-04-06,stochastic_48h,65261.71825210509,21605.556920420117,17500.50110554029,320.46950586080584,7067.055676419414,38791.80719625293,1125.2993661645382,39917.106562417466,8550.000000000004,8550.000000000004,25,1200.0000000000027,10800.000000000004
2025-04-06,deterministic_48h,59831.42642400286,20967.381777574275,16983.579239835162,1181.7337441849804,2619.2813637820514,35556.285401496236,4517.346710816502,40073.632112312735,8549.999999999996,8550.0,61,1200.000000000001,10799.999999999998
2025-04-06,no_storage,64688.20159001831,0.0,0.0,350.9028472985344,10629.028170650185,50672.92851799763,1292.6426282405662,51965.571146238195,6000.0,6000.0,27,6000.0,6000.0
2025-04-06,stochastic_24h,65261.71825210509,21605.55692042011,17500.50110554029,320.46950586080584,7067.055676419415,38800.15719625292,1125.2993661645382,39925.456562417465,6000.000000000004,6000.000000000003,25,1200.0,10800.0
2025-04-07,stochastic_48h,64786.06855519321,21511.72226586171,17424.495035347987,336.2686234890115,7792.390664835168,38395.900916090504,1004.020150008243,39399.92106609875,8550.000000000004,8550.000000000007,27,1200.0000000000036,10800.000000000005
2025-04-07,deterministic_48h,59128.473775449966,20753.257192940804,16810.13832628205,2020.38798562271,3963.0236110805863,35133.26031127546,7147.793694396655,42281.054005672115,8550.0,8550.000000000005,61,1200.0000000000055,10800.000000000004
2025-04-07,no_storage,64249.8116801282,0.0,0.0,279.2076320970698,11286.300028891943,50287.25391838666,789.5372313172843,51076.79114970395,6000.0,6000.0,23,6000.0,6000.0
2025-04-07,stochastic_24h,64786.06855519321,21511.722265861707,17424.495035347987,336.2686234890117,7792.390664835168,38404.2509160905,1004.0201500082435,39408.27106609875,6000.000000000003,6000.000000000005,27,1200.0,10800.000000000004
2025-04-08,stochastic_48h,64733.82172366311,21669.359218672267,17552.180967124543,862.5368044871791,7125.986659935899,38350.25881178776,3771.8391468045334,42122.0979585923,8550.000000000007,8550.000000000004,43,1200.0,10800.000000000002
2025-04-08,deterministic_48h,58676.32444115,20575.08561734047,16665.819350045786,2392.6962962912094,2806.5608534798553,34928.23928739645,10661.53777597903,45589.777063375484,8550.000000000005,8550.000000000004,84,1200.0000000000036,10800.000000000005
2025-04-08,no_storage,64212.85135645604,0.0,0.0,959.9272597527475,10819.584999542125,50194.86082871542,4270.309479976514,54465.17030869194,6000.0,6000.0,46,6000.0,6000.0
2025-04-08,stochastic_24h,64733.82172366311,21669.35921867227,17552.180967124543,862.5368044871796,7125.986659935899,38358.608811787766,3771.8391468045347,42130.447958592296,6000.000000000005,6000.000000000003,43,1200.0,10800.0
2025-04-09,stochastic_48h,64932.322993688664,21616.902446298554,17509.69098150183,1240.9099979853481,2931.7105102106216,38517.46683398176,4418.815217072847,42936.2820510546,8550.000000000004,8550.000000000007,41,1200.0000000000055,10800.000000000005
2025-04-09,deterministic_48h,58862.08461236999,20656.713764979875,16731.9381496337,5029.3583034340645,832.3562837912084,35059.307261999136,18829.08369406323,53888.39095606236,8550.000000000004,8550.000000000005,95,1200.0000000000055,10800.000000000005
2025-04-09,no_storage,64544.31277426739,0.0,0.0,610.301153617216,6020.302911217947,50454.26453930124,2319.42850875206,52773.693048053305,6000.0,6000.0,33,6000.0,6000.0
2025-04-09,stochastic_24h,64932.32299368865,21616.90244629855,17509.69098150183,1240.9099979853481,2931.7105102106216,38525.81683398176,4418.815217072847,42944.63205105461,6000.000000000003,5999.999999999999,41,1199.999999999999,10800.0
2025-04-10,stochastic_48h,60224.72884753029,16223.513180176815,17577.232270238095,632.2597440018295,7750.0697815934045,36659.2163144459,2638.0936157336228,39297.309930179516,8550.000000000007,3620.9037841168174,34,1200.000000000009,10800.000000000007
2025-04-10,deterministic_48h,54037.14143086193,15009.973520971816,16863.609101877286,2065.437712316849,3495.57682408425,33115.875389372915,8972.833656824012,42088.70904619692,8550.000000000005,3321.6327223443204,71,1199.9999999999973,10800.0
2025-04-10,no_storage,64789.934789056766,0.0,0.0,689.009797664834,11018.306686721611,50740.12755888682,2908.4842672631366,53648.61182614995,6000.0,6000.0,35,6000.0,6000.0
2025-04-10,stochastic_24h,65701.50242073384,21700.286753380362,17577.232270238095,632.2597440018293,7750.069781593404,38986.4236447406,2638.0936157336228,41624.517260474226,5999.999999999999,5999.999999999999,34,1199.999999999999,10800.0
2025-04-11,stochastic_48h,28537.859852664158,14152.638595475506,11493.813405705136,441.867979413912,21004.252475641028,14356.457186973395,1589.7042027171867,15946.16138969058,3620.9037841168174,3587.374735927958,27,1199.9999999999977,10799.999999999996
2025-04-11,deterministic_48h,26816.304117529846,13819.755884242306,11239.193303663003,1029.4486989010998,19948.54006918498,13250.334471297632,3753.525389956413,17003.859861254045,3321.6327223443204,3271.420458536836,52,1200.0000000000005,10800.000000000004
2025-04-11,no_storage,36401.30213928572,0.0,0.0,483.0242520146526,31567.676224633695,26461.709970131596,1787.0394770088399,28248.74944714044,6000.0,6000.0,31,6000.0,6000.0
2025-04-11,stochastic_24h,28974.4922121337,15999.999999999996,12960.0,430.0234975274719,21047.86554299451,14556.030441761726,1537.087010063391,16093.117451825117,5999.999999999999,5999.999999999995,26,1199.9999999999955,10799.999999999996
2025-04-12,stochastic_48h,34378.009336207215,19638.864842434316,11441.117784706956,230.54325975274742,17385.644988232605,16854.343050149328,912.9448300131872,17767.287880162512,3587.374735927958,8550.0,13,1199.999999999999,10799.999999999995
2025-04-12,deterministic_48h,32920.13027812881,19618.41925518925,11140.198009386448,1526.1725039835158,16942.920986309524,15846.428657607696,6402.042486764058,22248.471144371753,3271.420458536836,8549.999999999996,48,1199.9999999999968,10800.0
2025-04-12,no_storage,36660.43433832418,0.0,0.0,235.91998594322365,27871.193774267398,26556.6957048927,937.828377639103,27494.524082531803,6000.0,6000.0,14,6000.0,6000.0
2025-04-12,stochastic_24h,29234.79844249085,15999.999999999996,12959.999999999993,230.54325975274747,17400.181152243593,14688.506525712783,912.9448300131874,15601.451355725969,5999.999999999995,6000.000000000001,13,1200.000000000001,10799.999999999996
2025-04-13,stochastic_48h,63682.6520832248,21485.14592626509,17402.968200274725,441.8159008699633,5765.9317747710675,37677.071585274534,1912.6301493394456,39589.70173461398,8550.0,8549.999999999996,25,1199.9999999999955,10800.0
2025-04-13,deterministic_48h,57407.198038102826,20480.006813467757,16588.80551890888,2586.901570238093,1826.5398304487192,34164.16614330902,10390.78845663232,44554.95459994134,8549.999999999996,8549.999999999996,83,1199.9999999999964,10799.999999999996
2025-04-13,no_storage,63937.295107142854,0.0,0.0,443.6655111721607,10104.60213498169,49828.513890491464,1988.0516887765543,51816.565579268005,6000.0,6000.0,26,6000.0,6000.0
2025-04-13,stochastic_24h,63682.6520832248,21485.14592626509,17402.968200274725,441.8159008699633,5765.9317747710675,37685.421585274526,1912.6301493394456,39598.051734613975,6000.000000000001,5999.999999999996,25,1199.9999999999964,10800.0
2025-04-14,stochastic_48h,62757.100743508905,21268.852490899015,17227.770517628203,623.2995387820501,6811.286509020147,37114.05608038491,2077.3117752954627,39191.367855680364,8549.999999999996,8549.999999999998,33,1199.9999999999982,10800.0
2025-04-14,deterministic_48h,56603.4412713434,20731.20787115384,16792.278375634614,1943.3641220695945,2079.8440978937715,33654.080871893486,6969.105186683416,40623.1860585769,8549.999999999996,8549.999999999998,73,1199.9999999999982,10799.999999999996
2025-04-14,no_storage,63342.305624954206,0.0,0.0,456.1514768772903,11270.425301831501,49344.814473773054,1753.7328666839994,51098.54734045705,6000.0,6000.0,30,6000.0,6000.0
2025-04-14,stochastic_24h,62757.10074350891,21268.85249089902,17227.770517628203,623.2995387820501,6811.286509020147,37122.406080384906,2077.311775295463,39199.71785568037,5999.999999999996,6000.0,33,1200.0,10800.0
2025-04-15,stochastic_48h,62498.673768641755,20920.644714704023,16945.722218910254,148.9015210622715,8533.223960576923,37051.94491190219,700.9921645957431,37752.93707649793,8549.999999999998,8550.000000000005,16,1200.0000000000055,10800.000000000005
2025-04-15,deterministic_48h,56349.57557471283,20443.335195134077,16559.101508058608,1955.7252662545802,4281.638320558607,33579.92109025573,8555.650055104286,42135.57114536002,8549.999999999998,8549.999999999995,55,1199.9999999999945,10799.999999999998
2025-04-15,no_storage,63171.10384867215,0.0,0.0,124.55847550366332,13156.233490842485,49176.32198786349,590.4033051262372,49766.72529298973,6000.0,6000.0,14,6000.0,6000.0
2025-04-15,stochastic_24h,62498.67376864175,20920.644714704023,16945.722218910254,148.9015210622715,8533.223960576923,37060.29491190219,700.9921645957431,37761.28707649793,6000.0,6000.0000000000055,16,1200.0000000000055,10800.000000000005
2025-04-16,stochastic_48h,61907.15084666881,20112.526244516794,16291.146258058607,1318.487140521977,3624.6660507326014,36737.973242843,4794.814683384588,41532.78792622759,8550.000000000005,8550.000000000005,43,1200.0000000000055,10800.000000000005
2025-04-16,deterministic_48h,55629.959904350944,19708.65407316963,15964.009799267398,4703.929977335161,809.6536577838826,33226.76516351546,17705.415524270546,50932.18068778601,8549.999999999995,8549.999999999998,97,1199.9999999999982,10799.999999999998
2025-04-16,no_storage,62591.35197747252,0.0,0.0,770.7694121337007,7582.529439606229,48554.57522166002,3303.6543885164883,51858.22961017651,6000.0,6000.0,32,6000.0,6000.0
2025-04-16,stochastic_24h,61907.150846668796,20112.52624451679,16291.146258058607,1318.487140521977,3624.6660507326014,36746.323242843,4794.814683384588,41541.13792622759,6000.0000000000055,5999.999999999999,43,1199.999999999999,10800.0
2025-04-17,stochastic_48h,57302.550348717945,14497.413773809523,16510.030378754578,200.59904171245392,6647.423645375457,34865.69660922236,959.3854651013489,35825.08207432371,8550.000000000005,3253.1941978123796,17,1200.0000000000073,10800.000000000007
2025-04-17,deterministic_48h,50743.27779552043,13590.315066359719,16064.302168046244,1804.407727518315,2153.330274725273,31185.699217370755,7994.497512306594,39180.19672967735,8549.999999999998,2932.058928561255,67,1200.000000000001,10800.0
2025-04-17,no_storage,62659.89141346153,0.0,0.0,264.0401867673993,10055.589250228935,48740.17627742523,1297.4386973863325,50037.614974811564,6000.0,6000.0,19,6000.0,6000.0
2025-04-17,stochastic_24h,63187.89012892642,20382.753554018,16510.030378754578,200.59904171245392,6647.423645375457,37364.628915620546,959.3854651013489,38324.0143807219,5999.999999999999,6000.0,17,1200.0,10800.0
2025-04-18,stochastic_48h,27889.88478107335,13605.233247648443,11162.874778031142,149.46503228021965,19242.874160402935,13939.009116208264,505.0713963788686,14444.080512587134,3253.1941978123796,3094.709922883598,13,1200.0,10800.0
2025-04-18,deterministic_48h,26028.957726516637,13238.23265888844,10866.538263690476,921.5685532051275,18224.71470119047,12767.581937400431,3123.4910386214037,15891.072976021835,2932.058928561255,2772.536917460321,47,1200.0,10800.000000000004
2025-04-18,no_storage,35973.35777335165,0.0,0.0,155.86895421245396,29775.10954423077,26007.24188987167,545.1693294132542,26552.41121928492,6000.0,6000.0,14,6000.0,6000.0
2025-04-18,stochastic_24h,28495.934354761906,16000.0,12960.0,149.46503228021965,19251.28220370879,14202.382348639898,505.0713963788686,14707.453745018767,6000.0,6000.000000000001,13,1199.999999999999,10800.0
2025-04-19,stochastic_48h,33990.67778708791,19666.666666666668,11020.238930595238,221.4978509615387,18781.06865197802,16481.501739508152,655.9752039042128,17137.476943412366,3094.709922883598,8550.000000000002,13,1200.0000000000005,10800.000000000002
2025-04-19,deterministic_48h,32499.632334008274,19676.399623660287,10738.166920879119,830.3187619505483,17607.03914317765,15463.87288500365,2825.5748853019186,18289.44777030557,2772.536917460321,8550.0,43,1200.0000000000002,10800.0
2025-04-19,no_storage,35854.55717715202,0.0,0.0,231.24225357142842,29301.12018072344,25833.51065458339,707.6113448861022,26541.12199946949,6000.0,6000.0,14,6000.0,6000.0
2025-04-19,stochastic_24h,28392.50538406593,16000.000000000002,12960.0,221.49785096153852,18789.32398502747,14117.610954589485,655.9752039042124,14773.586158493697,6000.000000000001,6000.000000000004,13,1200.000000000001,10800.000000000004
2025-04-20,stochastic_48h,62530.36094961051,20693.092589766195,16761.404997710622,348.33335013736314,6989.261824358974,36826.636168413665,1469.421316021018,38296.05748443469,8550.000000000002,8550.000000000004,23,1200.0000000000036,10800.000000000004
2025-04-20,deterministic_48h,55930.08847259191,19980.871236602903,16184.50570164835,2262.171648626374,2438.1497029304037,33136.86448179402,9581.878316774317,42718.742798568346,8550.0,8550.000000000004,66,1200.0000000000027,10800.000000000004
2025-04-20,no_storage,62340.48065315934,0.0,0.0,516.5715127747261,10899.307282600732,48451.13754228438,2371.3052772180436,50822.44281950242,6000.0,6000.0,26,6000.0,6000.0
2025-04-20,stochastic_24h,62530.36094961051,20693.092589766195,16761.404997710622,348.333350137363,6989.261824358974,36834.98616841367,1469.421316021018,38304.40748443469,6000.000000000004,5999.999999999999,23,1199.999999999999,10800.0
2025-04-21,stochastic_48h,62225.745971439304,20767.638283023563,16821.787009249085,352.26508026556735,10115.249394597067,36572.28244516504,1174.8229368166644,37747.1053819817,8550.000000000004,8550.000000000007,29,1200.0000000000082,10800.000000000007
2025-04-21,deterministic_48h,55516.03842293277,20009.706082960245,16207.861927197802,1120.2078619963363,4317.491745833334,32858.24781656699,3945.607082105492,36803.85489867248,8550.000000000004,8550.0,60,1200.000000000001,10800.0
2025-04-21,no_storage,62310.78520787545,0.0,0.0,361.6707334249086,14155.545557967032,48401.91064592154,1216.0127183178115,49617.92336423936,6000.0,6000.0,29,6000.0,6000.0
2025-04-21,stochastic_24h,62225.745971439304,20767.638283023563,16821.787009249085,352.26508026556735,10115.249394597067,36580.63244516504,1174.8229368166644,37755.4553819817,5999.999999999999,6000.000000000001,29,1200.000000000001,10800.000000000002
2025-04-22,stochastic_48h,60895.60141053169,20304.305250870533,16446.487253205127,708.7054851190477,5593.559581318681,36022.8041781329,2381.4969537802863,38404.30113191319,8550.000000000007,8550.000000000011,31,1200.0000000000118,10800.000000000011
2025-04-22,deterministic_48h,53444.687537596095,18875.40527619499,15829.078273717947,3384.5282976190483,1629.95951607143,32053.52114467401,12235.210153251079,44288.73129792509,8550.0,7949.999999999996,79,1199.9999999999964,10799.999999999996
2025-04-22,no_storage,61989.98907628206,0.0,0.0,561.8186493589734,10398.87840897436,48177.746128963554,2134.6126045227065,50312.35873348626,6000.0,6000.0,28,6000.0,6000.0
2025-04-22,stochastic_24h,60895.6014105317,20304.305250870533,16446.487253205127,708.7054851190477,5593.559581318681,36031.1541781329,2381.4969537802863,38412.65113191319,6000.000000000001,6000.000000000007,31,1200.0000000000073,10800.000000000007
2025-04-23,stochastic_48h,60859.35880057375,20312.6708606928,16453.263397161172,461.6050277014669,6061.639648076921,35910.594844101375,1395.3814455996835,37305.97628970105,8550.000000000011,8550.00000000001,32,1200.000000000009,10800.000000000011
2025-04-23,deterministic_48h,54167.29572065154,19632.761105450074,15837.572216895602,2955.7936094780225,1927.9837249084235,32266.391727435068,10177.280528014768,42443.67225544984,7949.999999999996,8022.182531687732,77,1200.0000000000027,10800.0
2025-04-23,no_storage,62048.28032651098,0.0,0.0,288.62692673992785,10936.99053658425,48098.29393251932,944.2027557091378,49042.496688228464,6000.0,6000.0,25,6000.0,6000.0
2025-04-23,stochastic_24h,60859.35880057374,20312.670860692793,16453.263397161172,461.605027701467,6061.639648076921,35918.94484410137,1395.3814455996837,37314.32628970105,6000.000000000007,5999.999999999996,32,1199.9999999999964,10800.0
2025-04-24,stochastic_48h,54914.63819297528,14193.427125163926,16676.82787738095,235.97759803113547,10543.90984322344,33394.31841194414,1115.260390915339,34509.57880285948,8550.00000000001,2794.275660002044,21,1200.0000000000082,10800.00000000001
2025-04-24,deterministic_48h,48362.973821985695,13483.506945108413,15910.181524267398,1088.342123946888,4787.883825091575,29757.171445579766,4629.257579359784,34386.42902493954,8022.182531687732,2479.359310877083,55,1199.9999999999973,10800.0
2025-04-24,no_storage,61891.52204084249,0.0,0.0,252.1415134157508,15053.556854258242,48098.05316922048,1186.589456873031,49284.64262609352,6000.0,6000.0,22,6000.0,6000.0
2025-04-24,stochastic_24h,61309.88745963969,20588.676391828336,16676.82787738095,235.97759803113547,10543.90984322344,36107.31072075653,1115.260390915339,37222.57111167187,5999.999999999996,6000.0,21,1200.0,10800.0
2025-04-25,stochastic_48h,26858.958987537873,13163.826279021394,10749.848094001838,147.2438347985348,22591.866987316855,13187.872715512094,524.089994103297,13711.962709615393,2794.275660002044,2697.4436511192553,14,1200.0000000000005,10800.000000000004
2025-04-25,deterministic_48h,24953.39808864243,12782.723227287117,10465.40704235348,783.649899221612,21419.374152930402,12013.027734338346,3113.419629961586,15126.447364299933,2479.359310877083,2355.5801683760656,42,1199.9999999999977,10800.0
2025-04-25,no_storage,34993.67982770147,0.0,0.0,171.55986900183126,33164.8820467033,25075.825615250273,665.4739048858735,25741.29952013614,6000.0,6000.0,14,6000.0,6000.0
2025-04-25,stochastic_24h,27519.64259642857,16000.000000000004,12960.0,146.18824629120888,22625.473192719775,13466.591369100945,519.5504357275416,13986.141804828487,6000.0,6000.0000000000055,13,1200.0,10800.000000000004
2025-04-26,stochastic_48h,33351.85080329613,19618.01253118075,10623.289436263734,387.234834844322,24674.168909890108,15906.72859291242,1595.7834206517146,17502.512013564134,2697.4436511192553,8550.000000000004,28,1200.0000000000002,10800.000000000004
2025-04-26,deterministic_48h,31186.057915970814,18951.54350163931,10315.772387866295,2637.311476236264,25117.40464510073,14620.156598232872,10938.351585276127,25558.508183508995,2355.5801683760656,7950.000000000004,72,1200.0000000000005,10800.0
2025-04-26,no_storage,34874.66255201465,0.0,0.0,416.10319221611667,35220.57211089744,24928.441056004347,1770.1666960687007,26698.607752073043,6000.0,6000.0,28,6000.0,6000.0
2025-04-26,stochastic_24h,27404.802992399265,16000.0,12960.000000000004,387.2348348443222,24681.844193910256,13386.285203908708,1595.783420651715,14982.068624560423,6000.0000000000055,6000.000000000004,28,1200.0,10800.000000000002
2025-04-27,stochastic_48h,57231.610417962904,19945.711475754648,16156.02629536126,1281.8095406813864,6150.263594917578,33724.52812623047,5284.933665286973,39009.461791517446,8550.000000000004,8550.000000000011,40,1200.00000000001,10800.000000000007
2025-04-27,deterministic_48h,50128.105382673646,18529.910717609546,15282.984892445053,3566.1120611721635,1873.820435347985,30095.548836694343,14976.517736748112,45072.066573442455,7950.000000000004,7645.825320909651,88,1200.0000000000018,10800.000000000004
2025-04-27,no_storage,60062.03852522893,0.0,0.0,1405.5772287087905,12894.144570604392,46417.87444764214,5921.65243904757,52339.52688668972,6000.0,6000.0,42,6000.0,6000.0
2025-04-27,stochastic_24h,57231.610417962904,19945.71147575464,16156.02629536126,1281.8095406813861,6150.263594917578,33732.87812623047,5284.933665286972,39017.811791517444,6000.000000000004,6000.0000000000055,40,1200.0000000000055,10800.000000000004
2025-04-28,stochastic_48h,57632.8153633283,20030.467756913917,16224.678883100274,5034.252190750911,2239.311363598902,34094.73859378371,17662.015706166712,51756.75429995042,8550.000000000011,8550.000000000013,58,1200.0000000000127,10800.000000000013
2025-04-28,deterministic_48h,51191.67742027597,19068.64967279428,15368.24125856227,9824.276215567765,693.5779049450555,30703.36516514567,36818.110874298356,67521.47603944402,7645.825320909651,7731.786405799761,99,1200.0000000000027,10800.000000000004
2025-04-28,no_storage,60794.39420187729,0.0,0.0,1663.1247076465168,5835.551592857144,46967.766200939994,7484.500673757174,54452.26687469717,6000.0,6000.0,36,6000.0,6000.0
2025-04-28,stochastic_24h,57632.81536332829,20030.46775691391,16224.678883100274,5034.252190750911,2239.311363598903,34103.08859378371,17662.015706166712,51765.10429995043,6000.0000000000055,6000.0,58,1200.0,10800.0
2025-04-29,stochastic_48h,59634.98825773865,19837.952765511232,16068.741740064102,570.1168895146527,9002.680405139508,35280.848300999976,2289.287226205086,37570.13552720507,8550.000000000013,8550.000000000011,20,1200.000000000011,10800.000000000013
2025-04-29,deterministic_48h,52927.01089662529,19276.444833163747,15417.528080082415,1868.0347342032956,3502.9151610805848,31616.987200360913,7126.1444371112175,38743.131637472135,7731.786405799761,7950.0000000000055,54,1200.0000000000055,10800.000000000004
2025-04-29,no_storage,61312.209547435894,0.0,0.0,565.2872103479862,14444.283041117214,47546.35389828103,2266.645690271753,49812.999588552775,6000.0,6000.0,20,6000.0,6000.0
2025-04-29,stochastic_24h,59634.98825773865,19837.952765511232,16068.741740064102,570.1168895146527,9002.68040513951,35289.19830099998,2289.287226205086,37578.48552720508,6000.0,5999.999999999999,20,1199.999999999999,10800.0
2025-04-30,stochastic_48h,59299.17926696286,19142.97583056177,15505.810422755034,813.6918239011014,8218.8512497239,35171.395483838365,2566.671291933869,37738.066775772226,8550.000000000011,8550.000000000013,31,1200.0000000000127,10800.000000000011
2025-04-30,deterministic_48h,51420.63377116673,18040.75214355684,15000.35154157509,3411.983904578755,3535.362640430404,31039.882811130698,11411.199713789585,42451.08252492028,7950.0000000000055,7519.619660784399,57,1200.0000000000027,10800.0
2025-04-30,no_storage,61320.73359743589,0.0,0.0,249.48725073260078,13313.366414835164,47338.13534134911,913.4165293996107,48251.55187074871,6000.0,6000.0,19,6000.0,6000.0
2025-04-30,stochastic_24h,59299.17926696286,19142.97583056177,15505.810422755034,813.6918239011014,8218.8512497239,35179.74548383836,2566.671291933869,37746.416775772224,5999.999999999999,5999.999999999995,31,1199.9999999999955,10800.0
2025-05-01,stochastic_48h,52036.056446037954,12296.441668690366,15446.255714194136,2579.485122802199,6753.976814343935,32078.834990859876,12193.43124589714,44272.266236757016,8550.000000000013,2454.2911527167453,64,1200.0000000000182,10800.000000000018
2025-05-01,deterministic_48h,45720.82439165433,12447.549499255067,14928.073537408425,5185.217794505495,2375.187424313186,28589.058071299878,23905.48684297136,52494.54491427124,7519.619660784399,2135.665835215713,94,1200.0000000000027,10800.000000000002
2025-05-01,no_storage,60724.01901488095,0.0,0.0,2810.6795826465204,12523.31979752747,47029.105087545,13360.420842722137,60389.52593026714,6000.0,6000.0,69,6000.0,6000.0
2025-05-01,stochastic_24h,58809.06627635271,19069.451499005118,15446.255714194136,2579.4851228021994,6753.976814343934,34950.083572496296,12193.431245897142,47143.51481839343,5999.999999999995,6000.000000000002,64,1200.0000000000018,10800.000000000004
2025-05-02,stochastic_48h,26886.950703786213,13166.373166881453,10575.104924267398,3008.9919740842493,13014.354351923073,13282.826700034311,13625.788657491641,26908.615357525952,2454.2911527167453,2553.910420390721,70,1200.0000000000005,10800.0
2025-05-02,deterministic_48h,24892.535784236075,12723.408701589564,10274.126358287547,7212.294651007326,15365.22800860805,12015.470007175842,32235.80756645247,44251.277573628315,2135.665835215713,2171.037712993485,95,1199.9999999999977,10800.0
2025-05-02,no_storage,34832.696173534794,0.0,0.0,2596.494634249084,23138.870724450546,25008.620380374512,12263.733520758491,37272.35390113301,6000.0,6000.0,61,6000.0,6000.0
2025-05-02,stochastic_24h,27383.94586648352,16000.0,12960.0,2981.236569322344,13034.862352472523,13488.798233405196,13501.447677187381,26990.24591059258,6000.000000000002,6000.000000000002,69,1200.0000000000018,10800.000000000002
2025-05-03,stochastic_48h,33947.96033980916,19807.7992282707,10647.836753250915,1692.015581364468,17612.841796153843,16403.48563769665,8625.740838992555,25029.226476689204,2553.910420390721,8550.0,42,1200.0000000000002,10800.000000000002
2025-05-03,deterministic_48h,31798.346328664025,19331.306125733616,10301.47788191392,3858.583840201464,17759.930275045786,15022.0535216304,17995.222227096652,33017.27574872706,2171.037712993485,8123.126690693835,81,1200.0000000000002,10800.0
2025-05-03,no_storage,35333.33716826922,0.0,0.0,1761.8522905677644,28228.017808836994,25404.403596012933,9019.829537396103,34424.233133409034,6000.0,6000.0,44,6000.0,6000.0
2025-05-03,stochastic_24h,27882.436369688643,16000.000000000002,12960.000000000002,1685.7092811355305,17660.97400082417,13836.533030290026,8607.74265813917,22444.275688429192,6000.000000000002,6000.000000000004,42,1200.0,10800.000000000004
2025-05-04,stochastic_48h,62578.36234580507,20169.107561784927,16336.97712504579,1879.7648016483527,8891.329377380951,36913.1372991673,8847.67922731626,45760.81652648356,8550.0,8550.000000000004,52,1200.0000000000027,10800.000000000004
2025-05-04,deterministic_48h,55086.10367142981,19665.90757188769,15545.199154853479,4107.587667399268,3338.3155884615367,32612.384447281373,16989.416659320057,49601.80110660143,8123.126690693835,8550.0,82,1200.0,10800.0
2025-05-04,no_storage,62401.67216217948,0.0,0.0,1879.7648016483522,12546.769630494506,48418.43081622327,8847.679227316261,57266.110043539535,6000.0,6000.0,52,6000.0,6000.0
2025-05-04,stochastic_24h,62578.36234580506,20169.10756178492,16336.97712504579,1879.7648016483524,8891.329377380951,36921.4872991673,8847.679227316261,45769.16652648356,6000.000000000004,6000.000000000003,52,1200.0000000000027,10800.000000000004
2025-05-05,stochastic_48h,63019.89495549789,19856.692596248813,16083.921002961539,2304.955040934065,6476.071603144691,37123.87976859804,10553.161027025384,47677.04079562342,8550.000000000004,8550.000000000002,61,1200.0000000000018,10800.000000000004
2025-05-05,deterministic_48h,55081.62531503866,18960.1815038665,15357.74701813187,5830.838381410255,2234.0224107142876,32626.434481761193,26893.96084219223,59520.395323953424,8550.0,8549.999999999998,95,1199.9999999999982,10800.0
2025-05-05,no_storage,62529.824283699636,0.0,0.0,2441.0665368589734,9894.884020558608,48417.93201838575,11275.950315890972,59693.88233427672,6000.0,6000.0,64,6000.0,6000.0
2025-05-05,stochastic_24h,63019.89495549789,19856.69259624881,16083.921002961539,2304.955040934065,6476.071603144692,37132.229768598045,10553.161027025384,47685.39079562342,6000.000000000003,5999.999999999999,61,1199.999999999999,10800.0
2025-05-06,stochastic_48h,63193.210426336875,20345.466394880834,16479.82777985348,1936.146684569596,8393.636129212453,37364.44421167517,8345.524726201507,45709.96893787666,8550.000000000002,8550.0,59,1199.999999999999,10800.000000000002
2025-05-06,deterministic_48h,55107.40067442849,19376.15066018857,15694.682034752746,4854.164028479855,3410.0137108058607,32701.05549065701,21584.233528525743,54285.28901918275,8549.999999999998,8549.999999999995,94,1199.9999999999945,10799.999999999998
2025-05-06,no_storage,62773.5937095696,0.0,0.0,2097.188120100733,12000.699463003662,48845.28305163905,9216.474202404079,58061.75725404313,6000.0,6000.0,63,6000.0,6000.0
2025-05-06,stochastic_24h,63193.210426336875,20345.466394880837,16479.82777985348,1936.1466845695961,8393.636129212453,37372.794211675166,8345.524726201507,45718.31893787667,5999.999999999999,5999.999999999997,59,1199.9999999999973,10800.0
2025-05-07,stochastic_48h,64089.470710844296,21075.640085752726,17071.268469459705,1669.3531242673985,6686.606268818681,37834.1627496369,8399.894969599056,46234.057719235956,8550.0,8550.0,52,1200.0,10800.0
2025-05-07,deterministic_48h,55636.77879435287,19752.484558913307,15999.512492719781,4717.061570375458,1533.022348534798,32840.49426640558,21753.737270631525,54594.2315370371,8549.999999999995,8549.999999999993,95,1199.9999999999918,10799.999999999995
2025-05-07,no_storage,63662.60044267398,0.0,0.0,1669.9523509157493,10264.706843589742,49558.28093976107,8451.267386733489,58009.54832649455,6000.0,6000.0,51,6000.0,6000.0
2025-05-07,stochastic_24h,64089.470710844296,21075.640085752726,17071.268469459705,1669.3531242673976,6686.606268818681,37842.512749636895,8399.894969599056,46242.407719235955,5999.999999999997,6000.000000000001,52,1200.000000000001,10800.0
2025-05-08,stochastic_48h,59029.153788850155,15435.488061135417,17372.99184760577,1303.1307003205125,6443.275875641022,36337.407910677255,5546.00057422241,41883.40848489966,8550.0,3138.614979904356,38,1200.0000000000018,10800.000000000002
2025-05-08,deterministic_48h,50115.16439725896,13544.020389612442,16323.848474679486,4664.102159340662,1732.5822416666663,31048.09031143239,18604.461217133714,49652.5515285661,8549.999999999993,2602.0089343406526,97,1199.9999999999936,10799.999999999995
2025-05-08,no_storage,64865.77548337911,0.0,0.0,1044.8170545787552,10084.080137957873,50955.02531921293,4854.220326601398,55809.245645814335,6000.0,6000.0,32,6000.0,6000.0
2025-05-08,stochastic_24h,65041.80381117865,21448.138083463913,17372.99184760577,1303.1307003205125,6443.275875641022,38889.78505671742,5546.00057422241,44435.785630939834,6000.000000000001,6000.000000000002,38,1200.0000000000018,10800.000000000002
2025-05-09,stochastic_48h,28956.346276672655,13455.691631755071,10983.30843731685,500.09830599816803,18484.6755382326,14960.351361255125,2417.1940895640096,17377.545450819132,3138.614979904356,3045.0614070207566,26,1199.9999999999995,10799.999999999998
2025-05-09,deterministic_48h,25676.54124406798,12922.179949837206,10543.729286401096,2392.9746912545775,17191.679421886445,12582.361455735316,11399.497824188891,23981.859279924207,2602.0089343406526,2516.716126526255,64,1199.9999999999998,10800.0
2025-05-09,no_storage,37023.37791130952,0.0,0.0,536.1114851648349,29060.103546474355,27052.708466125245,2668.4220274306776,29721.130493555924,6000.0,6000.0,26,6000.0,6000.0
2025-05-09,stochastic_24h,29541.890259523807,15999.999999999996,12960.000000000004,500.09830599816803,18502.602715521978,15207.2159988218,2417.1940895640096,17624.410088385812,6000.000000000002,5999.999999999998,26,1199.9999999999982,10799.999999999996
2025-05-10,stochastic_48h,35181.56966743601,19673.865617939675,10981.386416849817,727.1077891025647,15095.152972115382,17600.026426792538,2967.7608692049016,20567.78729599744,3045.0614070207566,8550.0,37,1200.0,10800.0
2025-05-10,deterministic_48h,32385.616822951426,19703.92452652285,10530.22338035714,4235.5653794871805,15326.43577293956,15378.877335485467,18612.033458335216,33990.91079382068,2516.716126526255,8550.0,80,1200.0,10799.999999999998
2025-05-10,no_storage,37047.82021529303,0.0,0.0,643.7978069139192,25570.572738873627,27082.57666615864,2647.3942942688395,29729.970960427476,6000.0,6000.0,35,6000.0,6000.0
2025-05-10,stochastic_24h,29570.474154945055,16000.0,12960.0,726.6795488553121,15136.108420467031,15230.738100092527,2966.2836544720044,18197.021754564532,5999.999999999998,5999.999999999996,37,1199.9999999999964,10799.999999999998
2025-05-11,stochastic_48h,65910.82154858227,21646.477112501692,17533.646461126373,830.328372298534,7144.24018617216,39289.249608277816,3549.331933063917,42838.58154134173,8550.0,8550.000000000002,38,1200.0000000000018,10800.0
2025-05-11,deterministic_48h,57014.28507653642,19822.736449430195,16056.416524038461,4404.091126556776,2167.9771943681317,33581.680447608145,19002.95187803651,52584.63232564465,8550.0,8549.999999999998,94,1199.9999999999982,10800.0
2025-05-11,no_storage,64935.1376418956,0.0,0.0,788.4041706501818,10239.462729212453,51057.99058526856,3486.7728358006825,54544.76342106924,6000.0,6000.0,36,6000.0,6000.0
2025-05-11,stochastic_24h,65910.82154858229,21646.477112501696,17533.646461126373,830.3283722985337,7144.240186172161,39297.599608277815,3549.331933063916,42846.93154134173,5999.999999999996,6000.0,38,1200.0,10800.0
2025-05-12,stochastic_48h,66518.37133804944,21815.487467948722,17670.54484903846,1099.7582868131854,11541.991772619045,39701.218891855366,3775.192184962745,43476.41107681811,8550.000000000002,8550.000000000004,34,1200.0000000000018,10800.000000000004
2025-05-12,deterministic_48h,57436.8829439617,19755.94217903496,16002.313165018317,3988.9359949633676,5740.994691575091,33772.94192738176,15566.383460223027,49339.32538760478,8549.999999999998,8550.000000000002,75,1200.0000000000018,10800.000000000002
2025-05-12,no_storage,65596.7750095696,0.0,0.0,504.97498141025517,14170.554757646518,51542.80367320872,2402.689655721995,53945.49332893072,6000.0,6000.0,27,6000.0,6000.0
2025-05-12,stochastic_24h,66518.37133804944,21815.48746794872,17670.54484903846,1099.7582868131854,11541.991772619045,39709.568891855364,3775.192184962745,43484.76107681811,6000.0,6000.000000000002,34,1199.9999999999982,10800.0
2025-05-13,stochastic_48h,66405.99848094222,21140.58842846968,17123.87662706044,212.62055320512866,9472.694466071427,39641.83396178479,938.3618491810219,40580.19581096581,8550.000000000004,8550.00000000001,18,1200.000000000009,10800.000000000007
2025-05-13,deterministic_48h,57105.82526140634,19122.663234315216,15489.357219795329,2353.024247069598,2696.330727289378,33629.48587134664,10910.298673035326,44539.78454438195,8550.000000000002,8550.0,66,1200.0,10800.0
2025-05-13,no_storage,64887.870318910245,0.0,0.0,185.81838653846148,11944.47593878205,50975.49346400608,884.7212415862401,51860.21470559232,6000.0,6000.0,16,6000.0,6000.0
2025-05-13,stochastic_24h,66405.9984809422,21140.58842846968,17123.87662706044,212.62055320512866,9472.694466071427,39650.18396178479,938.3618491810219,40588.54581096581,6000.000000000002,6000.000000000007,18,1200.0000000000073,10800.000000000005
2025-05-14,stochastic_48h,66257.83979094311,21012.467322582306,17020.098531291667,416.9118559523822,9668.234072271516,39523.44549076239,1628.233953131003,41151.67944389339,8550.00000000001,8550.000000000015,24,1200.0000000000136,10800.000000000013
2025-05-14,deterministic_48h,56760.77834195631,19245.846262368854,15589.135472518772,2838.7417367674016,2928.6605055402906,33395.20842388687,12689.799486096941,46085.007909983804,8550.0,8550.000000000002,78,1200.0000000000018,10800.000000000004
2025-05-14,no_storage,64791.70459322343,0.0,0.0,427.7090905677671,12205.264900457872,50797.86772533877,1675.7100137874604,52473.57773912624,6000.0,6000.0,24,6000.0,6000.0
2025-05-14,stochastic_24h,66257.83979094311,21012.4673225823,17020.098531291667,416.9118559523821,9668.234072271516,39531.79549076238,1628.233953131003,41160.02944389339,6000.000000000007,6000.000000000003,24,1200.0000000000027,10800.000000000004
2025-05-15,stochastic_48h,58897.8966772984,13588.853185173864,16581.624999130036,658.8833842490844,9784.493592170322,36691.8095795641,2578.237260663394,39270.0468402275,8550.000000000015,2355.9400898453423,24,1200.0000000000018,10800.000000000004
2025-05-15,deterministic_48h,48635.61383711447,11442.26183029213,15232.085794826009,3276.8852312271074,2937.264749542123,30227.42537442987,13214.86721913659,43442.29259356645,8550.000000000002,1923.4958752340208,77,1199.9999999999964,10800.0
2025-05-15,no_storage,64205.04173649267,0.0,0.0,679.6288580128211,12119.612311172157,50586.34683400829,2669.5729356862894,53255.91976969458,6000.0,6000.0,25,6000.0,6000.0
2025-05-15,stochastic_24h,65780.18546635914,20471.141974234608,16581.624999130036,658.8833842490844,9784.493592170322,39608.802333331594,2578.237260663394,42187.039593994996,6000.000000000003,6000.000000000001,24,1200.000000000001,10800.000000000002
2025-05-16,stochastic_48h,29207.991517632156,13021.013443822638,10395.564995467032,268.82766048534796,24135.864196428563,15501.871508080545,905.9694953429254,16407.84100342347,2355.9400898453423,2524.224416544572,16,1200.0,10800.000000000004
2025-05-16,deterministic_48h,25307.40531651687,12501.730787624932,10025.062193864469,2006.946728937728,22122.176918360805,12472.672079657234,8276.429970806406,20749.102050463644,1923.4958752340208,2036.0955909137174,60,1199.9999999999995,10800.000000000002
2025-05-16,no_storage,37186.38315567766,0.0,0.0,271.36504633699633,34742.241668681316,27409.854892865224,917.6426530827605,28327.497545947983,6000.0,6000.0,18,6000.0,6000.0
2025-05-16,stochastic_24h,29692.0715385989,16000.000000000004,12960.0,268.8276604853481,24205.392665750907,15699.960525988965,905.9694953429257,16605.930021331893,6000.000000000001,6000.000000000004,16,1200.0,10800.000000000002
2025-05-17,stochastic_48h,35968.293269138056,19594.814394779085,10448.601634661169,462.9560332875454,16836.237458974352,18388.40170771868,1939.8444865774477,20328.246194296127,2524.224416544572,8550.000000000004,23,1200.0000000000002,10800.000000000002
2025-05-17,deterministic_48h,32037.726220410394,19118.06206967779,10022.329462225272,4335.110038369963,16828.304567994503,15317.551414235886,19445.843598941985,34763.39501317787,2036.0955909137174,8106.429828928982,88,1200.0,10800.000000000002
2025-05-17,no_storage,37355.31425100732,0.0,0.0,404.72035737179476,27311.235525045784,27496.688770475565,1679.503032601258,29176.191803076825,6000.0,6000.0,20,6000.0,6000.0
2025-05-17,stochastic_24h,29878.549174679483,16000.0,12960.000000000002,462.9560332875455,16852.706124633693,15803.966080025737,1939.8444865774477,17743.810566603184,6000.000000000004,6000.000000000005,23,1200.000000000001,10800.000000000004
2025-05-18,stochastic_48h,64486.89687868673,19299.327120811282,15632.454967857142,956.3458694139194,8100.202495146521,38979.299596142504,2828.9144693522912,41808.2140654948,8550.000000000004,8550.000000000004,33,1200.0000000000036,10800.000000000004
2025-05-18,deterministic_48h,55453.065927854186,18364.106613110605,14475.713202655676,4221.783561355311,2110.2879787545794,33038.70076883795,15779.720868114995,48818.42163695295,8106.429828928982,8549.999999999996,94,1199.9999999999973,10799.999999999998
2025-05-18,no_storage,63830.75633626373,0.0,0.0,599.1781180402932,10753.766354304029,49935.91319649538,2514.710234538576,52450.62343103395,6000.0,6000.0,28,6000.0,6000.0
2025-05-18,stochastic_24h,64486.89687868673,19299.32712081128,15632.454967857142,956.3458694139194,8100.202495146521,38987.64959614251,2828.9144693522912,41816.5640654948,6000.000000000005,5999.999999999999,33,1199.999999999999,10800.0
2025-05-19,stochastic_48h,64783.00299727195,18999.416262885516,15389.52717293727,152.76570499084227,13810.663062314557,38966.41328997664,960.1960647904289,39926.60935476707,8550.000000000004,8550.000000000004,10,1200.0000000000027,10800.000000000004
2025-05-19,deterministic_48h,54624.431577796306,17563.361073492284,14378.512566483518,2252.624252197802,6176.990772985348,32507.434053167442,11019.382442515636,43526.81649568309,8549.999999999996,8380.899892272479,69,1199.9999999999936,10799.999999999996
2025-05-19,no_storage,63383.79855311354,0.0,0.0,165.7229571886446,16034.304960302197,49470.236904669255,1018.2377162093626,50488.47462087861,6000.0,6000.0,12,6000.0,6000.0
2025-05-19,stochastic_24h,64783.00299727196,18999.416262885512,15389.52717293727,152.76570499084238,13810.663062314557,38974.76328997664,960.1960647904291,39934.95935476707,5999.999999999999,5999.999999999997,10,1199.9999999999973,10800.0
2025-05-20,stochastic_48h,63402.09162867375,18865.60965207118,15281.143818177654,334.92326565933877,5625.1542437728895,38207.99299754131,1377.60793920242,39585.60093674374,8550.000000000004,8550.00000000001,25,1200.000000000009,10800.000000000007
2025-05-20,deterministic_48h,52617.66374324391,17277.58846948018,14382.656563324175,5402.146646886451,597.4836673076926,31565.766256774994,22103.097430950882,53668.86368772588,8380.899892272479,7949.999999999999,105,1199.999999999999,10800.0
2025-05-20,no_storage,62951.93015984432,0.0,0.0,281.8506025183138,8706.385945695967,49149.12430196164,1272.107878155146,50421.232180116785,6000.0,6000.0,22,6000.0,6000.0
2025-05-20,stochastic_24h,63402.09162867375,18865.609652071184,15281.143818177654,334.92326565933877,5625.1542437728895,38216.34299754132,1377.60793920242,39593.95093674373,5999.999999999997,6000.000000000003,25,1200.0000000000027,10800.000000000002
2025-05-21,stochastic_48h,63802.99356581875,18906.625137701805,15314.366361538463,603.3222326923079,9451.44173901438,38437.88647229505,2016.2618876054262,40454.14835990048,8550.00000000001,8550.000000000011,21,1200.00000000001,10800.000000000011
2025-05-21,deterministic_48h,53534.045320586876,17871.691201951347,14476.069873580585,4557.245045054946,3333.053753937729,31985.512667866045,19972.123801446472,51957.63646931252,7949.999999999999,7950.000000000008,84,1200.0000000000082,10800.000000000007
2025-05-21,no_storage,63155.41202806777,0.0,0.0,642.0971871337001,12434.893931868133,49290.63064231556,2213.278771727292,51503.90941404285,6000.0,6000.0,22,6000.0,6000.0
2025-05-21,stochastic_24h,63802.993565818746,18906.625137701798,15314.366361538463,603.3222326923077,9451.44173901438,38446.23647229506,2016.2618876054257,40462.49835990048,6000.000000000003,6000.000000000002,21,1200.0000000000018,10800.000000000002
2025-05-22,stochastic_48h,56321.70320662789,11541.132070501517,15207.465573351647,116.22654606227178,9287.632438873625,35801.71590134245,373.5331175275893,36175.24901887004,8550.000000000011,2039.8348930606571,12,1200.0000000000146,10800.000000000015
2025-05-22,deterministic_48h,46179.24223259676,10603.889650499694,14237.42427234432,2532.61432912088,1528.760366895603,29404.775188143583,10381.80813795882,39786.58332610241,7950.000000000008,1674.140382844933,88,1200.0,10800.0
2025-05-22,no_storage,63730.9562205586,0.0,0.0,151.25081080586153,13065.576214697801,50035.76476511106,531.7214917701034,50567.486256881166,6000.0,6000.0,12,6000.0,6000.0
2025-05-22,stochastic_24h,63555.21999211606,18774.648855989686,15207.465573351647,116.22654606227178,9287.632438873625,38865.73269441446,373.5331175275893,39239.26581194205,6000.000000000002,6000.000000000005,12,1200.0000000000045,10800.000000000005
2025-05-23,stochastic_48h,29436.56081352709,12487.66680519376,10074.502443681318,116.473444368132,20718.921013049447,15998.629112916813,253.43898298390596,16252.068095900719,2039.8348930606571,2084.8434136446867,9,1199.9999999999995,10799.999999999998
2025-05-23,deterministic_48h,25402.03657566363,12096.033224381588,9763.343005952382,2599.7831674450595,19248.180641346153,12736.9792977654,10800.382347017912,23537.361644783312,1674.140382844933,1712.4113892857167,78,1200.0,10800.000000000002
2025-05-23,no_storage,37616.26981831502,0.0,0.0,117.67853136446888,31312.99946634615,27884.654228877167,258.4605804976418,28143.114809374805,6000.0,6000.0,10,6000.0,6000.0
2025-05-23,stochastic_24h,30113.28925782966,16000.0,12960.000000000004,116.473444368132,20768.813818864466,16270.865659167688,253.43898298390596,16524.304642151594,6000.000000000005,6000.000000000001,9,1200.000000000001,10800.0
2025-05-24,stochastic_48h,36978.68758869161,19714.472577748384,10150.08186025641,126.78929606227115,23786.584783928563,19273.12003846048,277.4033819212921,19550.52342038177,2084.8434136446867,8549.999999999996,14,1199.9999999999973,10800.0
2025-05-24,deterministic_48h,32274.821234868174,18681.023237798574,9817.843339880952,1362.8086032509163,21019.948556868127,15684.665391577808,5603.395447887915,21288.060839465725,1712.4113892857167,7616.617481214487,53,1199.9999999999998,10800.0
2025-05-24,no_storage,38002.24451987179,0.0,0.0,126.78929606227115,34374.532432600725,28166.161801475293,277.4033819212921,28443.565183396586,6000.0,6000.0,14,6000.0,6000.0
2025-05-24,stochastic_24h,30494.89039244505,16000.0,12960.000000000002,126.78929606227115,23827.178305173984,16521.43583711763,277.4033819212921,16798.839219038924,6000.000000000001,6000.000000000004,14,1200.0000000000027,10800.000000000004
2025-05-25,stochastic_48h,63793.1528384067,19279.839534606337,15616.670023031134,112.5350916666672,11697.508235164836,39020.1202745545,412.3797576389444,39432.50003219345,8549.999999999996,8549.999999999996,11,1199.9999999999973,10799.999999999996
2025-05-25,deterministic_48h,53712.84420724223,18273.769314614026,14501.708877930403,1823.7906067765575,3219.564194001832,32585.232090875947,7904.346915685809,40489.57900656175,7616.617481214487,7949.999999999997,63,1199.9999999999973,10799.999999999998
2025-05-25,no_storage,64739.071791437724,0.0,0.0,130.5180950549455,16324.57970315934,50758.63467014023,488.94996905355043,51247.58463919378,6000.0,6000.0,13,6000.0,6000.0
2025-05-25,stochastic_24h,63793.1528384067,19279.839534606333,15616.670023031134,112.5350916666672,11697.508235164834,39028.4702745545,412.3797576389444,39440.85003219345,6000.000000000004,6000.000000000002,11,1200.0000000000018,10800.0
2025-05-26,stochastic_48h,63232.02648821338,19350.259675530237,15673.71033717949,1792.6741342948708,6768.3183341575095,38630.465437828076,5488.082159141023,44118.5475969691,8549.999999999996,8549.999999999998,30,1199.9999999999982,10800.0
2025-05-26,deterministic_48h,52357.35163747038,17402.902682479544,14370.930012957873,6536.673027472528,1282.219045421246,31859.04106823083,24555.08193244572,56414.123000676555,7949.999999999997,7644.912399833949,94,1200.0000000000036,10800.000000000002
2025-05-26,no_storage,64307.77152605311,0.0,0.0,500.3449161630033,10228.283492216116,50442.49184490776,1970.7621073598427,52413.2539522676,6000.0,6000.0,17,6000.0,6000.0
2025-05-26,stochastic_24h,63232.026488213385,19350.259675530233,15673.71033717949,1792.6741342948708,6768.3183341575095,38638.815437828074,5488.082159141022,44126.897596969095,6000.000000000002,6000.000000000004,30,1200.0000000000036,10800.000000000005
2025-05-27,stochastic_48h,64344.744964633355,19490.8217670601,15787.565631318681,85.73150270146505,11336.853031593404,39212.5934978038,185.93278605906562,39398.52628386286,8549.999999999998,8549.999999999996,9,1199.9999999999973,10799.999999999998
2025-05-27,deterministic_48h,54279.24036520111,18293.508435301854,14543.162992445057,2155.54905938645,3294.0766817307685,32777.48922147165,9204.589367393946,41982.078588865596,7644.912399833949,7950.000000000002,74,1200.0000000000018,10800.000000000004
2025-05-27,no_storage,64460.057569413904,0.0,0.0,85.73150270146539,15155.421772115382,50626.84085272062,185.93278605906636,50812.77363877969,6000.0,6000.0,9,6000.0,6000.0
2025-05-27,stochastic_24h,64344.744964633355,19490.821767060093,15787.565631318681,85.73150270146505,11336.853031593404,39220.9434978038,185.93278605906562,39406.87628386286,6000.000000000004,6000.000000000002,9,1200.0000000000018,10800.000000000002
2025-05-28,stochastic_48h,63713.97514545628,19262.627477049697,15602.728256410253,1079.353544093408,8859.605368910255,38818.3597365416,2972.3966472085453,41790.756383750144,8549.999999999996,8549.999999999996,28,1199.9999999999964,10799.999999999996
2025-05-28,deterministic_48h,53682.334310383594,17821.463478835973,14435.38541785714,4666.573157005495,2689.0053064102535,32486.614054441532,17027.723499724267,49514.3375541658,7950.000000000002,7949.999999999998,86,1199.9999999999982,10799.999999999996
2025-05-28,no_storage,64261.08619271978,0.0,0.0,308.4479575549452,12295.710050274723,50395.5856573421,1228.3554375018552,51623.941094843954,6000.0,6000.0,20,6000.0,6000.0
2025-05-28,stochastic_24h,63713.97514545628,19262.627477049693,15602.728256410253,1079.3535440934074,8859.605368910255,38826.7097365416,2972.396647208545,41799.10638375015,6000.000000000002,5999.999999999997,28,1199.9999999999973,10800.0
2025-05-29,stochastic_48h,57327.59014851558,12722.320656299458,15914.411364102563,662.6545253662994,7072.211881684984,36342.79451677622,2213.8904550188136,38556.68497179503,8549.999999999996,2317.4092972222143,27,1199.9999999999927,10799.999999999996
2025-05-29,deterministic_48h,47477.73277163716,11309.918646316648,14714.067174679487,4388.999244505491,1160.7570445054953,30097.1294895303,18456.753818522928,48553.88330805323,7949.999999999998,1779.9632542633262,96,1199.9999999999973,10799.999999999996
2025-05-29,no_storage,64394.21032124542,0.0,0.0,542.096423580585,10826.183244826008,50792.01791993641,2375.0198412328014,53167.03776116921,6000.0,6000.0,23,6000.0,6000.0
2025-05-29,stochastic_24h,64252.69092937977,19647.421437163663,15914.411364102563,662.6545253662994,7072.211881684984,39277.70837031264,2213.8904550188136,41491.59882533146,5999.999999999997,5999.999999999998,27,1199.9999999999982,10800.0
2025-05-30,stochastic_48h,30555.72916808552,13074.668346199076,10429.701295192308,287.6944231227103,21602.2232735348,16702.59275377829,974.997071919779,17677.589825698073,2317.4092972222143,2496.0538141432617,13,1199.999999999998,10800.0
2025-05-30,deterministic_48h,26165.921547610007,12385.99671134627,9933.170856913917,3220.4551631410236,20337.31758965201,13242.597315216435,13194.964753782293,26437.562068998726,1779.9632542633262,1890.5037867928386,61,1199.9999999999995,10800.0
2025-05-30,no_storage,38458.58639633699,0.0,0.0,249.99944798534798,32112.352577655674,28615.69848251269,819.3341882989928,29435.032670811685,6000.0,6000.0,12,6000.0,6000.0
2025-05-30,stochastic_24h,30999.462346703294,15999.999999999998,12959.999999999998,278.6945380036627,21641.923618040295,16883.66078086044,935.420839937911,17819.08162079835,5999.999999999998,6000.000000000001,12,1200.000000000001,10800.0
2025-05-31,stochastic_48h,37472.5666405412,19606.502660550355,10432.715587774725,290.0666733974359,20199.664691163005,19751.920181103058,752.5230767179719,20504.443257821033,2496.0538141432617,8550.0,17,1199.9999999999995,10800.0
2025-05-31,deterministic_48h,33289.560983516705,19033.930851969086,9944.09002032967,3160.357721291208,18970.896323168497,16422.483143602218,13103.88652098317,29526.369664585385,1890.5037867928386,7972.052642087607,62,1200.0,10800.0
2025-05-31,no_storage,38833.23955782967,0.0,0.0,269.6939246336995,30713.75193246337,28896.484582462745,660.1373543488776,29556.62193681162,6000.0,6000.0,15,6000.0,6000.0
2025-05-31,stochastic_24h,31351.847405036628,15999.999999999998,12960.0,290.0666733974359,20212.732528434062,17154.734754261186,752.5230767179719,17907.257830979157,6000.000000000001,6000.000000000001,17,1200.0,10800.0
2025-06-01,stochastic_48h,65959.7183626939,20595.386726247,16682.263248260067,10297.211072573255,1118.979657280217,40281.04371947686,36837.3855045753,77118.42922405218,8550.0,8550.000000000004,114,1200.0000000000027,10800.000000000004
2025-06-01,deterministic_48h,57472.48114486535,19683.782092667545,15423.710872939557,18187.097291895603,174.68091703296608,34624.939184433766,70414.74147682669,105039.68066126046,7972.052642087607,8550.000000000004,135,1200.0000000000027,10800.000000000002
2025-06-01,no_storage,66110.90088809523,0.0,0.0,6614.685062774724,1500.7596508699617,52154.38694581649,26192.62081681836,78347.00776263486,6000.0,6000.0,110,6000.0,6000.0
2025-06-01,stochastic_24h,65959.7183626939,20595.386726247,16682.263248260067,10297.211072573255,1118.979657280217,40289.393719476866,36837.3855045753,77126.77922405217,6000.000000000001,6000.000000000005,114,1200.0000000000045,10800.000000000004
2025-06-02,stochastic_48h,68987.92099948673,21424.53791386401,17353.875710229855,7100.538460439559,3376.9898062921234,41829.2808535943,27224.73768243337,69054.01853602767,8550.000000000004,8550.0,106,1199.999999999999,10800.0
2025-06-02,deterministic_48h,59875.61093387089,19000.712941425852,15390.577482554945,13937.913275778392,1562.5813007783872,35788.24275388928,57184.05090477918,92972.29365866845,8550.000000000004,8549.999999999998,124,1199.9999999999982,10800.0
2025-06-02,no_storage,66687.71456657509,0.0,0.0,6675.64380114469,4722.550917719778,52820.396556098654,26248.84795216616,79069.24450826482,6000.0,6000.0,104,6000.0,6000.0
2025-06-02,stochastic_24h,68987.92099948673,21424.537913864006,17353.875710229855,7100.538460439559,3376.9898062921234,41837.630853594295,27224.73768243337,69062.36853602767,6000.000000000005,6000.0,106,1200.0,10800.000000000002
2025-06-03,stochastic_48h,71362.67711113566,21517.05162430188,17428.811815684523,3462.55176158425,2544.622230769231,43636.10598114876,12838.307136734229,56474.41311788299,8550.0,8550.000000000002,84,1200.0000000000018,10800.000000000004
2025-06-03,deterministic_48h,61881.943522623,19899.19308851128,16118.34640169414,10315.909629624543,224.6396320970693,37014.2175074516,42132.710680147466,79146.92818759906,8549.999999999998,8550.0,136,1199.999999999999,10800.0
2025-06-03,no_storage,68838.0665190934,0.0,0.0,3551.5349996794885,4197.23468543956,54783.77667014755,13399.052711644788,68182.82938179234,6000.0,6000.0,85,6000.0,6000.0
2025-06-03,stochastic_24h,71362.67711113568,21517.05162430188,17428.811815684523,3462.5517615842505,2544.622230769231,43644.45598114876,12838.30713673423,56482.76311788299,6000.0,6000.000000000003,84,1200.0000000000027,10800.000000000004
2025-06-04,stochastic_48h,74205.4824451259,22421.616288690475,18161.509193839287,3644.555537774721,3944.6700713827804,45487.220914655416,12009.523483747922,57496.744398403345,8550.000000000002,8550.0,81,1200.000000000001,10800.000000000002
2025-06-04,deterministic_48h,64249.44570969112,20866.271698152665,16901.68007550366,10381.826469459706,1021.4197398351632,38231.57272794329,38640.45070287312,76872.0234308164,8550.0,8550.0,118,1199.999999999999,10800.0
2025-06-04,no_storage,70856.14509977106,0.0,0.0,3378.3595139651998,4589.2437970695955,56519.49441831111,11272.560304321283,67792.0547226324,6000.0,6000.0,76,6000.0,6000.0
2025-06-04,stochastic_24h,74205.4824451259,22421.616288690468,18161.509193839287,3644.555537774721,3944.6700713827804,45495.570914655415,12009.523483747922,57505.09439840334,6000.000000000003,6000.000000000002,81,1200.0000000000018,10800.0
2025-06-05,stochastic_48h,69866.56779868063,16417.59880426672,18090.0,3772.912063003664,4162.563040750915,44244.04654534602,12930.661736285398,57174.708281631414,8550.0,3225.8389238400487,84,1200.0,10800.0
2025-06-05,deterministic_48h,58676.773954724595,14258.111914156832,17122.292935943224,10347.722305952382,739.3592657967021,36181.97590120797,39759.86405482642,75941.83995603438,8550.0,2357.530793915347,128,1200.0000000000036,10800.000000000004
2025-06-05,no_storage,71876.95445242673,0.0,0.0,3780.667247847985,4508.303683608059,57591.70189028593,12971.8419961728,70563.54388645873,6000.0,6000.0,85,6000.0,6000.0
2025-06-05,stochastic_24h,75782.30232774725,22333.33333333333,18090.0,3772.912063003664,4162.563040750915,46755.73856731484,12930.6617362854,59686.40030360024,6000.000000000002,6000.0,84,1200.0,10800.0
2025-06-06,stochastic_48h,33377.483343172455,14531.620220324465,11203.86644812271,4620.780650366299,3815.5148213369957,18402.538714721675,18015.559131498023,36418.097846219694,3225.8389238400487,3855.5566242179452,84,1199.9999999999995,10800.0
2025-06-06,deterministic_48h,27606.20777288246,13204.87169046488,10493.493578846153,12721.191309157508,6761.025570421244,14212.674369164235,51038.396778363756,65251.07114752798,2357.530793915347,2582.478005504677,115,1199.9999999999968,10799.999999999996
2025-06-06,no_storage,40511.30461217948,0.0,0.0,3872.3959681776537,13528.705180357145,30273.60921793932,14889.163337861803,45162.77255580112,6000.0,6000.0,71,6000.0,6000.0
2025-06-06,stochastic_24h,33211.346976576,15945.368091483517,12915.74815410165,4568.379689102564,3895.1113282967026,18344.11562562042,17766.704453138114,36110.82007875853,6000.0,5999.999999999998,83,1199.9999999999982,10799.999999999996
2025-06-07,stochastic_48h,41181.87233504568,19264.40739951454,11379.170955402926,2039.2342980311346,4209.3570222985345,22164.001398303946,7586.2457713629565,29750.2471696669,3855.5566242179452,8550.000000000004,64,1200.0000000000036,10800.0
2025-06-07,deterministic_48h,35036.35052035624,19721.58543010899,10603.71440334249,8464.657568360804,3256.623895283881,17650.016527184835,33084.985970554546,50735.00249773939,2582.478005504677,8550.0,113,1199.999999999999,10800.0
2025-06-07,no_storage,42165.840871703294,0.0,0.0,1844.0618411172156,12883.389546153843,31554.629446607505,6708.774758407576,38263.40420501509,6000.0,6000.0,54,6000.0,6000.0
2025-06-07,stochastic_24h,36295.75167788462,14138.859910531135,11452.476527530216,2018.7521622252743,4501.607290442306,20142.21134774818,7539.801253923923,27682.012601672104,5999.999999999998,6000.000000000003,64,1200.0000000000027,10800.0
2025-06-08,stochastic_48h,87094.24537611133,24610.51167757653,19934.514458836995,482.24453923992655,17715.56942994505,54777.224390050906,1664.652578740407,56441.8769687913,8550.000000000004,8550.0,30,1200.0,10800.0
2025-06-08,deterministic_48h,75166.8881711821,22549.890753233387,18265.411510119047,3917.6282927655675,9615.113954166663,45833.51132715611,15474.090494909478,61307.60182206559,8550.0,8549.999999999996,71,1199.9999999999973,10800.0
2025-06-08,no_storage,82258.88787582416,0.0,0.0,482.24453923992667,17556.20914839743,65775.18755522369,1664.6525787404073,67439.84013396408,6000.0,6000.0,30,6000.0,6000.0
2025-06-08,stochastic_24h,87094.24537611133,24610.511677576535,19934.514458836995,482.24453923992667,17715.56942994505,54785.574390050904,1664.6525787404073,56450.22696879131,6000.000000000003,6000.000000000001,30,1200.000000000001,10800.0
2025-06-09,stochastic_48h,85119.49858772045,24233.152514414593,19628.853536675822,940.4004403846152,10522.88731703296,53220.34156850955,3324.8226209977283,56545.16418950728,8550.0,8550.0,41,1200.0,10800.000000000002
2025-06-09,deterministic_48h,72755.04914640708,22432.110883586574,18170.009815705125,5901.872143910257,3462.1074891025637,44016.231475900364,23897.79083746129,67914.02231336165,8549.999999999996,8549.999999999996,101,1199.9999999999964,10799.999999999996
2025-06-09,no_storage,80326.77763566849,0.0,0.0,927.7279227564094,10321.79282509157,63986.379966755754,3295.2829824063815,67281.66294916213,6000.0,6000.0,41,6000.0,6000.0
2025-06-09,stochastic_24h,85119.49858772045,24233.152514414593,19628.853536675822,940.4004403846152,10522.887317032963,53228.69156850955,3324.8226209977283,56553.51418950728,6000.000000000001,5999.999999999999,41,1199.999999999999,10800.0
2025-06-10,stochastic_48h,86195.24722410967,24445.20028642653,19800.612232005493,480.7946627289383,10413.009599084244,54096.11876768459,1334.6536689613579,55430.772436645944,8550.0,8550.0,26,1199.999999999999,10800.0
2025-06-10,deterministic_48h,73679.50310551279,22465.377338152895,18196.955643903842,5496.95717147436,3289.5943494047615,44767.99341755842,20987.16532642049,65755.15874397891,8549.999999999996,8549.999999999996,98,1199.9999999999964,10799.999999999996
2025-06-10,no_storage,81329.48685164834,0.0,0.0,480.79466272893853,10191.837281043952,64856.354711569395,1334.6536689613586,66191.00838053075,6000.0,6000.0,26,6000.0,6000.0
2025-06-10,stochastic_24h,86195.24722410968,24445.20028642653,19800.612232005493,480.79466272893853,10413.009599084244,54104.46876768458,1334.6536689613586,55439.12243664594,5999.999999999999,6000.000000000001,26,1200.000000000001,10800.0
2025-06-11,stochastic_48h,86206.1674679069,24096.38068924388,19518.068358287543,1027.69912371795,6571.107944001829,53954.244093831294,4538.349458767909,58492.59355259921,8550.0,8550.000000000002,29,1200.0000000000018,10800.000000000004
2025-06-11,deterministic_48h,73664.70599072572,22515.013211502283,18237.160701316847,7690.616852655677,993.0240165293033,44548.99152262949,32918.3292458992,77467.32076852869,8549.999999999996,8549.999999999996,115,1199.9999999999964,10799.999999999996
2025-06-11,no_storage,81406.68281891025,0.0,0.0,1145.818365613553,6468.0548678571395,64673.19177972895,5114.07919117999,69787.27097090894,6000.0,6000.0,29,6000.0,6000.0
2025-06-11,stochastic_24h,86206.16746790688,24096.38068924388,19518.068358287543,1027.69912371795,6571.107944001829,53962.59409383129,4538.34945876791,58500.94355259921,6000.000000000001,6000.000000000005,29,1200.0000000000045,10800.000000000004
2025-06-12,stochastic_48h,86174.28631206666,23738.444020720497,19943.78382440476,286.27854217032984,10213.51322458791,54308.68810095599,805.4262719097532,55114.11437286574,8550.000000000002,7754.8398137542745,16,1200.0000000000027,10800.000000000004
2025-06-12,deterministic_48h,68171.52416327274,16406.17357351954,18272.56946345192,5114.941239697801,2700.469859569597,42603.765673097754,20984.986221266525,63588.75189436428,8549.999999999996,3012.7012567765614,90,1200.0000000000045,10800.000000000002
2025-06-12,no_storage,82219.84291524724,0.0,0.0,288.1033681318686,10055.554850045788,65527.16256178779,815.3770478780243,66342.53960966582,6000.0,6000.0,16,6000.0,6000.0
2025-06-12,stochastic_24h,87057.79763011746,24621.955338771306,19943.78382440476,286.2785421703296,10213.51322458791,54692.20191760799,805.4262719097527,55497.62818951775,6000.000000000005,6000.000000000005,16,1200.0000000000045,10800.000000000004
2025-06-13,stochastic_48h,41150.1107921692,14009.966075410957,11665.140212225271,419.28507055860825,10879.256299542121,23175.479816592408,2026.4434520195514,25201.923268611958,7754.8398137542745,7402.542379151613,17,1200.0000000000055,10800.000000000004
2025-06-13,deterministic_48h,29929.18901733595,13318.174897922032,10850.794976373625,4850.639009294873,3967.1344050824164,16059.174361116724,20565.47263273975,36624.64699385647,3012.7012567765614,2942.6198022690323,97,1200.0000000000002,10800.000000000002
2025-06-13,no_storage,45406.45436025641,0.0,0.0,326.63579880952443,17387.77645906593,34002.98577173131,1557.7136931711796,35560.6994649025,6000.0,6000.0,16,6000.0,6000.0
2025-06-13,stochastic_24h,41278.82179854666,14334.386847951428,11610.853346840657,426.2256520604394,10636.200249496334,23191.217138256972,2064.0926363762346,25255.309774633206,6000.000000000005,6000.0000000000055,18,1200.0000000000055,10800.000000000004
2025-06-14,stochastic_48h,42603.15323205128,15687.234503594938,11673.948089148353,212.3056105311353,12608.82967813583,23897.870686036567,670.2591230747475,24568.129809111313,7402.542379151613,8550.000000000004,13,1200.0000000000027,10800.000000000004
2025-06-14,deterministic_48h,36684.32816736591,19645.01913453624,10865.823321016482,5035.201646749085,6746.991250595236,19015.158820172357,18655.928591733587,37671.087411905944,2942.6198022690323,8550.000000000004,92,1200.0,10800.000000000004
2025-06-14,no_storage,45836.285036401096,0.0,0.0,212.30561053113541,19855.247896932233,34314.75987919331,670.2591230747478,34985.01900226806,6000.0,6000.0,13,6000.0,6000.0
2025-06-14,stochastic_24h,41092.47418316826,14371.863531519912,11641.209460531136,212.30561053113541,12380.782972710622,23206.59505989765,670.2591230747478,23876.854182972398,6000.0000000000055,5999.999999999995,13,1199.9999999999955,10799.999999999996
2025-06-15,stochastic_48h,87765.31000531417,24403.879752521134,19767.142599542116,25.737245467032835,12527.33576446886,55247.95830813069,93.41969376162949,55341.37800189232,8550.000000000004,8550.0,2,1200.0,10800.0
2025-06-15,deterministic_48h,74647.43781157507,22376.386420329665,18124.873000467036,3041.914867353479,2810.8649257325987,45471.01888202244,12154.581995425067,57625.600877447505,8550.000000000004,8549.999999999996,80,1199.9999999999964,10800.0
2025-06-15,no_storage,82922.35363360806,0.0,0.0,25.737245467032835,12321.116545741754,66007.30463855441,93.41969376162949,66100.72433231605,6000.0,6000.0,2,6000.0,6000.0
2025-06-15,stochastic_24h,87765.31000531417,24403.87975252114,19767.142599542116,25.737245467032835,12527.33576446886,55256.3083081307,93.41969376162949,55349.72800189233,5999.999999999995,6000.0,2,1200.0,10800.0
2025-06-16,stochastic_48h,86957.98247631257,24097.47887667887,19518.957890109887,257.4847319139194,9942.893404990838,54632.741203558864,796.5482547148581,55429.28945827372,8550.0,8550.0,11,1199.999999999999,10800.000000000004
2025-06-16,deterministic_48h,73984.21507898351,22333.333333333332,18090.0,4914.299561584251,1961.1284905677678,44936.90244352558,19809.71474951976,64746.61719304534,8549.999999999996,8549.999999999996,106,1199.9999999999964,10800.0
2025-06-16,no_storage,82173.24227101647,0.0,0.0,257.4847319139196,9736.674186263735,65368.76703691474,796.5482547148584,66165.31529162961,6000.0,6000.0,11,6000.0,6000.0
2025-06-16,stochastic_24h,86957.98247631257,24097.47887667887,19518.957890109887,257.4847319139194,9942.893404990838,54641.09120355887,796.5482547148581,55437.63945827373,6000.0,6000.0,11,1200.0,10800.000000000004
2025-06-17,stochastic_48h,86705.94598361936,24237.3116978135,19632.222475228933,800.5736989468874,8264.419243315017,54562.40148980178,3235.7180265787133,57798.11951638048,8550.0,8550.0,22,1200.0,10800.0
2025-06-17,deterministic_48h,73937.29277046994,22404.2057210487,18147.406634049446,6239.150071794873,1282.6325385989012,44997.0608447147,25072.27888500797,70069.33972972268,8549.999999999996,8549.999999999996,102,1199.9999999999964,10799.999999999996
2025-06-17,no_storage,81968.31228287544,0.0,0.0,807.5701687271072,8138.871234935896,65360.65704741141,3306.914739406094,68667.57178681751,6000.0,6000.0,22,6000.0,6000.0
2025-06-17,stochastic_24h,86705.94598361936,24237.3116978135,19632.222475228933,800.5736989468875,8264.419243315015,54570.751489801776,3235.7180265787133,57806.469516380486,6000.0,6000.000000000002,22,1200.0000000000018,10800.000000000004
2025-06-18,stochastic_48h,87319.94509204596,24405.68135610274,19768.60189844322,88.55275329670314,11843.027487683146,54861.88467928331,316.785866497413,55178.670545780726,8550.0,8550.000000000004,7,1200.0000000000027,10800.000000000004
2025-06-18,deterministic_48h,74515.56931926977,22577.340190103103,18287.645553983515,3469.731203525642,2767.214986675822,45288.96148187711,14064.723283747187,59353.6847656243,8549.999999999996,8549.999999999998,83,1199.9999999999982,10799.999999999996
2025-06-18,no_storage,82507.37746790293,0.0,0.0,77.11924111721612,11656.105809020142,65633.47643772465,291.4749531099134,65924.95139083455,6000.0,6000.0,6,6000.0,6000.0
2025-06-18,stochastic_24h,87319.94509204595,24405.681356102737,19768.60189844322,88.55275329670314,11843.027487683144,54870.2346792833,316.785866497413,55187.02054578072,6000.000000000002,6000.000000000002,7,1200.0000000000018,10800.000000000002
2025-06-19,stochastic_48h,83198.18900253685,20614.814418516697,19287.61051501831,236.00391190476228,13847.48481094322,53047.6280906335,997.6762668503226,54045.30435748384,8550.000000000004,5672.654626644684,15,1199.9999999999982,10800.0
2025-06-19,deterministic_48h,66840.811016575,15643.762062993486,18155.921102462453,3597.047015109889,4690.512871153845,41951.46794814199,15373.3917302358,57324.85967837779,8549.999999999998,2456.140187291411,85,1199.9999999999982,10799.999999999998
2025-06-19,no_storage,81686.25182889192,0.0,0.0,256.6164035256412,13683.364032417578,65113.324787667654,1106.2665457946896,66219.59133346235,6000.0,6000.0,15,6000.0,6000.0
2025-06-19,stochastic_24h,86395.23941737607,23811.864833355936,19287.61051501831,236.00391190476228,13847.484810943219,54412.135018067565,997.6762668503226,55409.81128491789,6000.000000000002,5999.999999999999,15,1199.999999999999,10800.0
2025-06-20,stochastic_48h,37921.67609093775,12491.618237340592,11317.079954827746,18.99117957875478,14365.548138003662,22057.81685359619,78.08478111923145,22135.901634715417,5672.654626644684,4340.577757109277,3,1199.9999999999973,10799.999999999998
2025-06-20,deterministic_48h,30343.102968949253,12867.331931861348,10431.125009661175,2735.777600000001,8242.092796749088,16540.304588715408,10305.133593436725,26845.43818215213,2456.140187291411,2446.600026343095,63,1199.9999999999936,10799.999999999996
2025-06-20,no_storage,45554.72769180403,0.0,0.0,18.99117957875478,23173.138021382783,34127.47959203679,78.08478111923145,34205.56437315602,6000.0,6000.0,3,6000.0,6000.0
2025-06-20,stochastic_24h,39511.939950452834,14284.714305448719,11570.61858741346,18.99117957875478,14416.254561996335,22725.5999504242,78.08478111923145,22803.68473154343,5999.999999999999,6000.0,3,1200.0,10800.0
2025-06-21,stochastic_48h,43805.231943298626,18111.607067520243,10881.921706089743,35.279205494505334,17276.085387362633,24610.48352037918,110.73456752772378,24721.218087906906,4340.577757109277,8550.000000000002,7,1200.0000000000014,10800.000000000002
2025-06-21,deterministic_48h,37485.70797563651,19526.997714647496,10323.808172573259,2243.4137890109882,11191.191822573262,19623.643691599875,8293.04872705057,27916.692418650448,2446.600026343095,8550.0,62,1199.9999999999986,10799.999999999996
2025-06-21,no_storage,45945.19402728937,0.0,0.0,51.126618543956056,26661.580245833327,34327.68776693988,183.24270084109452,34510.93046778098,6000.0,6000.0,8,6000.0,6000.0
2025-06-21,stochastic_24h,39573.09289404533,14659.580554258242,11874.260248949175,35.279205494505334,17488.31139423077,22818.877710033594,110.73456752772378,22929.61227756132,6000.0,6000.000000000003,7,1200.0000000000027,10800.000000000004
2025-06-22,stochastic_48h,85361.725389981,23460.541546940705,19003.038653021973,81.28563731684949,13528.167033379119,53805.88242285902,334.4472032517842,54140.329626110804,8550.000000000002,8550.000000000004,3,1200.0000000000027,10800.000000000004
2025-06-22,deterministic_48h,72740.45711171709,22157.391033328804,17947.486736996332,2811.6237325549437,3884.835447939558,44386.81099546787,10469.172852475846,54855.98384794372,8550.0,8549.999999999995,68,1199.9999999999945,10800.0
2025-06-22,no_storage,80855.7556959249,0.0,0.0,81.28563731684949,13479.700233241754,64556.48416532609,334.4472032517842,64890.931368577876,6000.0,6000.0,3,6000.0,6000.0
2025-06-22,stochastic_24h,85361.725389981,23460.541546940705,19003.038653021973,81.28563731684949,13528.167033379119,53814.232422859015,334.4472032517842,54148.6796261108,6000.000000000003,6000.000000000002,3,1200.0000000000018,10800.000000000002
2025-06-23,stochastic_48h,83272.74477924267,23171.922898992667,18769.257548184065,64.0601626373599,11872.853591071425,52145.49501464264,280.1535429525971,52425.64855759524,8550.000000000004,8550.0,7,1199.999999999999,10800.000000000002
2025-06-23,deterministic_48h,70478.62437164562,21038.052520180438,17040.822541346155,3017.7120572344325,2437.8204500457887,42984.5828417561,13391.83564994375,56376.41849169985,8549.999999999995,8549.999999999996,86,1199.9999999999955,10799.999999999998
2025-06-23,no_storage,78859.11563136446,0.0,0.0,72.21882559523794,11870.048456959707,62669.8231559221,320.95501640494524,62990.778172327045,6000.0,6000.0,7,6000.0,6000.0
2025-06-23,stochastic_24h,83272.74477924267,23171.92289899267,18769.257548184065,64.0601626373599,11872.853591071427,52153.84501464264,280.1535429525971,52433.99855759524,6000.000000000002,6000.000000000001,7,1200.000000000001,10800.000000000002
2025-06-24,stochastic_48h,82110.14544325793,23248.13182541774,18830.98677858837,4316.344333012821,5740.552479441389,51378.3923647241,17601.50856070319,68979.9009254273,8550.0,8549.999999999998,50,1199.9999999999982,10800.0
2025-06-24,deterministic_48h,69230.21524860036,20700.48341416813,16767.391565476188,11558.596597115386,586.9277470238086,42377.61953485392,46626.73675681555,89004.35629166946,8549.999999999996,8549.999999999996,114,1199.9999999999964,10799.999999999996
2025-06-24,no_storage,78225.92944125457,0.0,0.0,3826.3017951923084,5783.438986446885,62096.70457765351,17059.195473609576,79155.90005126309,6000.0,6000.0,49,6000.0,6000.0
2025-06-24,stochastic_24h,82110.14544325793,23248.131825417735,18830.98677858837,4316.344333012821,5740.552479441389,51386.7423647241,17601.50856070319,68988.25092542729,6000.000000000001,6000.0,50,1200.0,10800.0
2025-06-25,stochastic_48h,83816.18460983838,23355.64920953116,18918.075859720237,1198.7816977106236,10139.971591071426,52466.93977378553,4001.3285147283686,56468.26828851391,8549.999999999998,8550.0,20,1199.999999999999,10800.0
2025-06-25,deterministic_48h,71360.10110304007,21626.073833717717,17517.11980531135,4663.541460073262,1477.267168040293,43437.844954398875,18035.904873991854,61473.74982839073,8549.999999999996,8550.0,88,1199.999999999999,10800.0
2025-06-25,no_storage,79371.99326002746,0.0,0.0,1115.449222619047,10050.021115979851,63045.78656722623,3997.2669176432437,67043.05348486947,6000.0,6000.0,22,6000.0,6000.0
2025-06-25,stochastic_24h,83816.18460983838,23355.64920953116,18918.075859720237,1198.7816977106236,10139.971591071426,52475.28977378554,4001.3285147283686,56476.61828851391,6000.0,6000.000000000004,20,1200.0000000000036,10800.000000000004
2025-06-26,stochastic_48h,80295.0912577651,18639.972081940938,19082.202977380948,105.2893966117228,13295.227716483514,51640.8041714954,486.8819629105817,52127.68613440599,8550.0,4123.527121101342,6,1200.0,10800.000000000002
2025-06-26,deterministic_48h,65174.22822429736,14909.706112987837,17881.512495604395,2754.116550183151,3352.7673237637364,41143.380397599634,11499.507733667768,52642.88813126739,8550.0,2100.388284350838,78,1200.0000000000036,10800.000000000004
2025-06-26,no_storage,80598.30689606228,0.0,0.0,108.90656941392018,13159.829632142853,64398.806612125365,505.336321670607,64904.14293379597,6000.0,6000.0,6,6000.0,6000.0
2025-06-26,stochastic_24h,85213.39445654138,23558.27528071722,19082.202977380948,105.2893966117228,13295.227716483514,53732.951321193665,486.8819629105817,54219.83328410425,6000.000000000004,6000.000000000002,6,1200.0000000000018,10800.000000000004
2025-06-27,stochastic_48h,38328.861661580755,12472.207002560604,10680.065377014653,0.7413202838828852,16765.815489652014,22482.222927434486,1.6283100035487577,22483.851237438037,4123.527121101342,3481.7741156118323,1,1200.0000000000086,10800.00000000001
2025-06-27,deterministic_48h,31071.98919672534,12758.434896587974,10187.018425915749,1517.4328709249091,10246.359730311357,17138.921123673375,5913.43424437839,23052.355368051765,2100.388284350838,2264.070329151411,61,1199.9999999999998,10800.000000000004
2025-06-27,no_storage,45994.21225902015,0.0,0.0,3.3685660714286314,26225.934958424907,34480.02031972113,12.100511712706101,34492.12083143384,6000.0,6000.0,2,6000.0,6000.0
2025-06-27,stochastic_24h,39568.794904189104,14705.545319184981,11911.49170853983,0.7413202838828852,17003.83674716117,22999.60530586181,1.6283100035487577,23001.233615865356,6000.000000000002,6000.000000000004,1,1200.0000000000036,10800.000000000004
2025-06-28,stochastic_48h,44561.21794125931,19045.3299791714,10865.313987179488,167.25462147435832,14771.530454075091,25109.39207751722,563.5129813814763,25672.905058898694,3481.7741156118323,8549.999999999998,5,1199.999999999999,10799.999999999998
2025-06-28,deterministic_48h,38496.87604346029,19784.23614588703,10367.894574404761,2396.5093418498177,9700.11769716117,20250.48738999312,9184.211114578025,29434.69850457114,2264.070329151411,8550.000000000002,67,1200.0000000000002,10800.000000000002
2025-06-28,no_storage,46627.75101790293,0.0,0.0,107.54531401098887,24958.37021524725,34831.80637202717,314.7430994221605,35146.549471449325,6000.0,6000.0,5,6000.0,6000.0
2025-06-28,stochastic_24h,39636.57589815292,15395.481072069593,12470.339668376373,166.8337864468861,15101.342164239926,23018.74123797955,562.0613109542109,23580.80254893376,6000.000000000004,6000.000000000002,5,1200.0000000000018,10800.000000000002
2025-06-29,stochastic_48h,85414.52685238265,23647.193183930267,19154.226478983514,1055.4001040293033,12709.191718131864,54083.86888428613,2772.5070257370626,56856.37591002319,8549.999999999998,8550.0,19,1200.000000000001,10800.000000000002
2025-06-29,deterministic_48h,72861.04222436468,22375.630927107355,18124.261050956953,3679.0916943223465,3020.9955092032947,44722.02365007437,11505.6440824648,56227.667732539165,8550.000000000002,8550.000000000002,66,1200.0000000000018,10800.000000000004
2025-06-29,no_storage,81635.69364542124,0.0,0.0,375.9837590201463,12743.908871108053,65204.974097527826,1200.849501130607,66405.82359865843,6000.0,6000.0,16,6000.0,6000.0
2025-06-29,stochastic_24h,85414.52685238264,23647.193183930263,19154.226478983514,1055.4001040293033,12709.191718131864,54092.21888428613,2772.5070257370626,56864.72591002318,6000.000000000002,6000.000000000004,19,1200.0000000000036,10800.000000000004
2025-06-30,stochastic_48h,85576.55394155756,23507.32559297698,19040.933730311353,788.7168131410259,12021.194908699632,54141.03073017818,2982.604853875597,57123.63558405378,8550.0,8550.0,18,1200.000000000001,10800.000000000002
2025-06-30,deterministic_48h,73045.0128346769,22152.727059317476,17943.70891804716,3829.816486675825,2788.1271967490834,44791.67682012874,14288.016752847965,59079.693572976714,8550.000000000002,8550.0,70,1199.999999999999,10800.0
2025-06-30,no_storage,81543.10446923076,0.0,0.0,700.7873835164843,12366.207869413915,65155.72978543785,2830.3617660947384,67986.09155153259,6000.0,6000.0,15,6000.0,6000.0
2025-06-30,stochastic_24h,85576.55394155756,23507.325592976973,19040.933730311353,788.7168131410259,12021.194908699632,54149.38073017818,2982.604853875597,57131.98558405378,6000.000000000004,6000.000000000002,18,1200.0000000000018,10800.000000000002
2025-07-01,stochastic_48h,85438.69063186925,23379.2669486275,18937.206228388273,2850.5079093864456,4980.5937876831495,53932.12956470774,7862.596180232231,61794.72574493998,8550.0,8550.000000000002,65,1200.0000000000018,10800.000000000004
2025-07-01,deterministic_48h,73667.95553651641,21942.902359629523,17773.750911299907,10075.711577701464,707.9716325549441,45215.65709270713,35611.32851221632,80826.98560492345,8550.0,8550.000000000004,124,1200.0000000000036,10800.000000000004
2025-07-01,no_storage,81282.90790416667,0.0,0.0,2549.1433613095232,4965.507232142856,64763.992387719816,7165.423384718632,71929.41577243846,6000.0,6000.0,59,6000.0,6000.0
2025-07-01,stochastic_24h,85438.69063186925,23379.2669486275,18937.206228388273,2850.507909386446,4980.593787683149,53940.47956470775,7862.596180232231,61803.07574493997,6000.000000000002,6000.000000000002,65,1200.0000000000018,10800.000000000002
2025-07-02,stochastic_48h,84104.27153847397,22826.3272453421,18489.325068727107,2943.7001320512827,9806.203127243589,52854.57529657206,9056.226326525346,61910.8016230974,8550.000000000002,8550.0,62,1200.000000000001,10800.000000000002
2025-07-02,deterministic_48h,73053.85728669268,21930.729029392773,17763.890513808146,8514.026044780221,4496.278449221613,44640.79011853758,30819.818612475116,75460.6087310127,8550.000000000004,8550.0,92,1200.0,10800.000000000002
2025-07-02,no_storage,80195.83873919412,0.0,0.0,2943.7001320512823,10234.772504578754,63737.23524574071,9056.226326525344,72793.46157226605,6000.0,6000.0,62,6000.0,6000.0
2025-07-02,stochastic_24h,84104.27153847397,22826.3272453421,18489.325068727107,2943.7001320512823,9806.203127243589,52862.925296572066,9056.226326525346,61919.15162309741,6000.000000000002,6000.000000000001,62,1200.000000000001,10800.0
2025-07-03,stochastic_48h,75307.29655553686,16172.785937518087,18122.73177685302,4973.322175961542,2470.1456374999993,48457.47643993463,17518.589763679433,65976.06620361407,8550.0,2969.13870281848,98,1200.0000000000027,10800.000000000004
2025-07-03,deterministic_48h,63520.01755823581,14137.468887572355,17074.42749549954,13773.855259615386,470.41249244505417,40220.64035212065,51989.425433779325,92210.06578589999,8550.0,2302.1358927045158,130,1199.9999999999982,10800.0
2025-07-03,no_storage,78023.18636236264,0.0,0.0,4584.708393635534,2847.475822664833,61913.16820871694,16872.20124113694,78785.36944985388,6000.0,6000.0,96,6000.0,6000.0
2025-07-03,stochastic_24h,81508.25355240522,22373.742934386442,18122.73177685302,4973.322175961542,2470.1456374999993,51088.904853886634,17518.589763679433,68607.49461756607,6000.000000000001,6000.000000000003,98,1200.0000000000027,10800.000000000004
2025-07-04,stochastic_48h,38465.829726131684,13346.696200673807,10777.448300549448,3331.257104945056,10346.971464285712,22558.767752083186,10841.825165366034,33400.59291744922,2969.13870281848,3006.2227272588552,76,1200.0,10800.0
2025-07-04,deterministic_48h,31731.82568694885,12612.688647571566,10204.338146657508,11381.242977564103,11823.850696932233,17644.69785723743,43336.909468022604,60981.60732526002,2302.1358927045158,2315.402179232805,110,1199.9999999999993,10800.0
2025-07-04,no_storage,46379.64507834249,0.0,0.0,3418.8466734432245,20917.624285119047,34703.03998575749,11218.668863522442,45921.70884927993,6000.0,6000.0,77,6000.0,6000.0
2025-07-04,stochastic_24h,38949.025645009155,15999.999999999998,12960.0,3330.5659874084263,10358.724165750915,22755.589590479954,10838.907958243917,33594.49754872387,6000.000000000003,6000.000000000004,76,1200.000000000001,10800.000000000002
2025-07-05,stochastic_48h,44912.959624218216,19450.03132444715,10765.125827335163,3428.776149954214,10866.750310393774,25143.946769730188,12197.61482951951,37341.5615992497,3006.2227272588552,8550.0,76,1199.9999999999995,10799.999999999998
2025-07-05,deterministic_48h,38812.74059491362,19497.717840975896,10182.0134125,11738.867746520147,12445.823946291208,20471.996221916765,44479.09387423093,64951.090096147695,2315.402179232805,8550.0,113,1200.0,10800.0
2025-07-05,no_storage,46690.22331707875,0.0,0.0,3545.4586552197816,21445.602005631867,34678.72897897636,12660.669289324089,47339.39826830045,6000.0,6000.0,76,6000.0,6000.0
2025-07-05,stochastic_24h,39292.71037586995,15999.999999999996,12960.000000000004,3428.776149954214,10891.40655915751,22755.85030108468,12197.614829519513,34953.46513060419,6000.000000000004,6000.000000000001,76,1200.000000000001,10800.0
2025-07-06,stochastic_48h,76093.45222728212,21583.34039951838,17482.505723609887,8693.10778846154,891.743789835165,47503.58625428169,33716.377800414135,81219.96405469583,8550.0,8550.0,112,1200.0,10800.0
2025-07-06,deterministic_48h,64525.637831655185,19939.765012374504,16151.20966002335,19092.0391632326,35.14009253662982,39921.023720315934,74852.55382739405,114773.57754770997,8550.0,8549.999999999998,142,1199.9999999999982,10800.0
2025-07-06,no_storage,75517.96402275641,0.0,0.0,7150.226460851649,2874.208933608059,59336.246962230056,29322.046892017424,88658.29385424749,6000.0,6000.0,106,6000.0,6000.0
2025-07-06,stochastic_24h,76093.4522272821,21583.340399518383,17482.505723609887,8693.10778846154,891.7437898351651,47511.936254281696,33716.377800414135,81228.31405469583,6000.000000000001,6000.000000000002,112,1200.0000000000018,10800.000000000002
2025-07-07,stochastic_48h,76175.38296433828,21161.584342863927,17140.88331771978,4060.114173580588,2805.3133461080574,47695.37130204377,12402.663043201499,60098.03434524528,8550.0,8550.0,89,1200.0,10800.0
2025-07-07,deterministic_48h,64294.60405643569,19673.832777269025,15935.804549587912,13099.653263324179,246.74632541208848,39923.70385024408,46914.694729090115,86838.3985793342,8549.999999999998,8549.999999999998,135,1199.9999999999982,10800.0
2025-07-07,no_storage,75809.59441991757,0.0,0.0,2893.532359020147,5293.644012271061,59476.00700507747,8951.26031456619,68427.26731964367,6000.0,6000.0,74,6000.0,6000.0
2025-07-07,stochastic_24h,76175.38296433828,21161.584342863927,17140.88331771978,4060.114173580588,2805.3133461080574,47703.72130204378,12402.663043201499,60106.38434524528,6000.000000000002,6000.000000000001,89,1200.000000000001,10800.0
2025-07-08,stochastic_48h,79110.31259686327,20732.570172183783,16793.38183946886,3451.0243951923085,3050.7616426739905,49766.05621732239,14406.591678179422,64172.64789550182,8550.0,8550.000000000004,76,1200.0000000000036,10800.000000000004
2025-07-08,deterministic_48h,65601.0654352062,18833.88332646079,15468.430382097067,13600.746590979854,264.9720651556777,41153.61531977587,55447.548159119004,96601.16347889489,8549.999999999998,8313.350124817965,133,1200.0,10800.0
2025-07-08,no_storage,78559.60309015567,0.0,0.0,3488.99029871795,6477.20637220696,61219.86786718211,15264.822396798585,76484.6902639807,6000.0,6000.0,74,6000.0,6000.0
2025-07-08,stochastic_24h,79110.31259686327,20732.570172183783,16793.38183946886,3451.0243951923076,3050.7616426739905,49774.406217322394,14406.591678179422,64180.99789550182,6000.000000000001,6000.000000000005,76,1200.0000000000045,10800.000000000004
2025-07-09,stochastic_48h,80109.6388408436,21105.5377544883,17095.485581135526,2590.9122792124585,4631.77393003663,50443.8866639894,9167.378900333417,59611.26556432282,8550.000000000004,8549.999999999998,58,1199.9999999999982,10800.0
2025-07-09,deterministic_48h,66446.08775724223,19684.013407700106,15731.06597257326,12047.534993864469,481.95029931318646,41658.64686377255,44706.63924656845,86365.286110341,8313.350124817965,8549.999999999996,131,1199.9999999999955,10800.0
2025-07-09,no_storage,79381.92568864468,0.0,0.0,1658.0238186355311,6981.224490613553,61906.5600594908,7441.684138809706,69348.24419830051,6000.0,6000.0,44,6000.0,6000.0
2025-07-09,stochastic_24h,80109.6388408436,21105.5377544883,17095.485581135526,2590.9122792124585,4631.773930036631,50452.2366639894,9167.378900333415,59619.61556432281,6000.000000000005,5999.999999999999,58,1199.999999999999,10800.0
2025-07-10,stochastic_48h,74722.53301480293,15416.14253462895,17605.136156959707,1468.0169967948732,5525.920250595236,48431.91725939407,5005.697964310008,53437.61522370408,8549.999999999998,2863.2658845441592,41,1200.0,10800.0
2025-07-10,deterministic_48h,58901.26190590264,12273.032864785426,15847.298474771062,10666.646031730768,288.55016428571264,38548.774470336946,41227.32087545846,79776.09534579542,8549.999999999996,1987.6201618945888,136,1200.000000000001,10800.000000000002
2025-07-10,no_storage,79724.02689867215,0.0,0.0,1428.570995787546,8298.974511126373,62449.305936301425,5455.247225118817,67904.55316142023,6000.0,6000.0,43,6000.0,6000.0
2025-07-10,stochastic_24h,81041.12647642053,21734.73599624655,17605.136156959707,1468.0169967948732,5525.920250595236,51112.72946124781,5005.697964310008,56118.427425557806,5999.999999999999,6000.0,41,1200.0,10800.0
2025-07-11,stochastic_48h,42310.48833043232,13326.776568161264,10796.542962042124,1635.5598465659325,8897.037420879118,25112.805603722645,5070.272138206494,30183.07774192914,2863.2658845441592,2861.2059491758264,48,1200.0,10800.000000000002
2025-07-11,deterministic_48h,33426.66287386209,12293.466541581873,10000.930835668498,10522.692010760073,9138.04202870879,18983.879442649122,38540.12583017964,57524.00527282877,1987.6201618945888,1939.594676353277,115,1200.0,10800.0
2025-07-11,no_storage,50199.11831144689,0.0,0.0,1168.278618681318,18848.619780128203,37272.965325597164,4264.032295795052,41536.99762139222,6000.0,6000.0,37,6000.0,6000.0
2025-07-11,stochastic_24h,42845.203987362635,16000.0,12960.0,1610.6105835164822,8897.037420879118,25338.13752134017,4965.418151484653,30303.55567282482,6000.0,6000.000000000002,48,1199.999999999999,10800.0
2025-07-12,stochastic_48h,49328.71626331964,19808.38800677203,10924.87963974359,609.0706342032975,9970.035197161174,28014.423414438792,2269.8352377588626,30284.25865219765,2861.2059491758264,8550.0,30,1199.999999999999,10800.0
2025-07-12,deterministic_48h,41330.99784236535,19842.30209795143,10122.899908058607,9862.553178434066,10389.90549757326,22224.75389276707,37765.52355547376,59990.27744824083,1939.594676353277,8550.000000000004,115,1200.0000000000005,10800.000000000002
2025-07-12,no_storage,50915.34927101648,0.0,0.0,695.6709858974368,20526.776923580586,37584.88674047876,2656.947163444349,40241.83390392311,6000.0,6000.0,29,6000.0,6000.0
2025-07-12,stochastic_24h,43551.16851291208,15999.999999999998,12960.0,584.1213711538471,10011.0465507326,25573.40791628624,2164.9812510370225,27738.389167323265,6000.000000000002,5999.999999999998,30,1199.9999999999982,10800.0
2025-07-13,stochastic_48h,82775.2150981442,22151.36475998282,17942.60545558608,398.58735961538525,9697.322753362841,51904.50091086692,1883.699615829674,53788.2005266966,8550.0,8550.0,22,1200.0,10800.0
2025-07-13,deterministic_48h,66665.84460697984,19600.504251118116,15876.408443405675,7476.7606319139195,1150.7890311813194,41674.94614680494,29389.917412692583,71064.86355949752,8550.000000000004,8549.999999999996,116,1199.9999999999973,10800.0
2025-07-13,no_storage,80442.90793530218,0.0,0.0,459.2996694139207,11634.487204716117,62907.37983048866,2172.2290110154145,65079.60884150408,6000.0,6000.0,25,6000.0,6000.0
2025-07-13,stochastic_24h,82775.2150981442,22151.36475998282,17942.60545558608,398.587359615385,9697.322753362841,51912.850910866924,1883.6996158296736,53796.5505266966,5999.999999999998,6000.000000000003,22,1200.0000000000027,10800.000000000004
2025-07-14,stochastic_48h,82811.82073237748,22328.45841722686,18086.051317953752,420.9552045787558,7182.689621016485,51965.70690637632,1913.8142459049268,53879.521152281246,8550.0,8550.000000000002,22,1200.0000000000018,10800.000000000002
2025-07-14,deterministic_48h,66080.81810262571,19865.21149781802,16090.8213132326,10061.027188324177,559.7758896978031,41326.82668411131,38867.77722691695,80194.60391102826,8549.999999999996,8549.999999999989,131,1199.99999999999,10799.999999999996
2025-07-14,no_storage,80850.68404391025,0.0,0.0,313.34506172161184,9356.349888965202,63285.52326579373,1480.9694418994047,64766.492707693134,6000.0,6000.0,19,6000.0,6000.0
2025-07-14,stochastic_24h,82811.8207323775,22328.45841722685,18086.051317953752,420.9552045787558,7182.689621016485,51974.05690637632,1913.8142459049268,53887.871152281245,6000.000000000003,5999.999999999999,22,1199.999999999999,10800.0
2025-07-15,stochastic_48h,86957.30300902811,22145.35476411556,17937.737358933606,1320.6807370879117,11321.315757600732,55002.94793011989,3663.850662331778,58666.798592451654,8550.000000000002,8550.0,20,1199.999999999999,10800.000000000002
2025-07-15,deterministic_48h,70233.6958940883,19573.516583740326,15854.54843282967,7953.0005685439555,1718.6777283882793,44103.15506736509,27607.72173784034,71710.87680520545,8549.999999999989,8549.999999999984,108,1199.9999999999836,10799.999999999989
2025-07-15,no_storage,84329.08479949634,0.0,0.0,191.29696520146575,11771.33118136447,66007.77544188293,819.514053740478,66827.28949562342,6000.0,6000.0,8,6000.0,6000.0
2025-07-15,stochastic_24h,86957.3030090281,22145.35476411556,17937.737358933606,1320.6807370879117,11321.31575760073,55011.29793011989,3663.850662331778,58675.14859245166,5999.999999999999,5999.999999999997,20,1199.9999999999973,10800.0
2025-07-16,stochastic_48h,86776.65642245354,21936.32014781802,17768.4193197326,517.3952625915746,10991.587473626369,54666.861487113056,1828.7396575293026,56495.601144642365,8550.0,8549.999999999996,13,1199.9999999999964,10800.0
2025-07-16,deterministic_48h,69907.88645438032,19200.86632631257,15552.701724313181,7100.626519780224,1225.7849888278392,43780.12031148783,25588.988079069317,69369.10839055714,8549.999999999984,8549.99999999998,113,1199.99999999998,10799.999999999984
2025-07-16,no_storage,83398.90691652929,0.0,0.0,489.4159113095235,11753.759444505493,65200.934431285146,1827.9111190709243,67028.84555035607,6000.0,6000.0,12,6000.0,6000.0
2025-07-16,stochastic_24h,86776.65642245354,21936.320147818027,17768.4193197326,517.3952625915746,10991.587473626369,54675.21148711306,1828.7396575293026,56503.95114464236,5999.999999999997,5999.999999999999,13,1199.999999999999,10800.0
2025-07-17,stochastic_48h,80752.17169083927,16200.07150051327,17628.214198043956,928.290855402932,10388.189177106226,52036.032585449386,4331.978284406142,56368.010869855534,8549.999999999996,3543.159685968657,20,1199.9999999999955,10799.999999999996
2025-07-17,deterministic_48h,62470.19070119549,12481.58420264833,15583.547456901557,8161.596895467038,1013.3347842490853,40693.01763727638,33553.55816645677,74246.57580373317,8549.99999999998,2468.373052492856,123,1199.999999999979,10799.99999999998
2025-07-17,no_storage,82843.3891885989,0.0,0.0,1118.2745436813211,11241.247665613551,64795.0250809975,5297.194358075423,70092.21943907293,6000.0,6000.0,22,6000.0,6000.0
2025-07-17,stochastic_24h,86315.32759531854,21763.227404992533,17628.214198043956,928.290855402932,10388.189177106226,54399.59823897805,4331.978284406142,58731.57652338419,5999.999999999999,5999.999999999999,20,1199.999999999999,10800.0
2025-07-18,stochastic_48h,45689.89616277529,13970.544150137932,11377.522429029304,90.36811817765533,11912.994459844322,27360.409285362686,361.1075202734189,27721.516805636107,3543.159685968657,3474.9578332824562,3,1199.9999999999977,10799.999999999998
2025-07-18,deterministic_48h,36112.80436455198,12720.721887125246,10397.591919917582,6467.070411172161,8982.496708516477,20792.381172105794,24784.64590203031,45577.02707413611,2468.373052492856,2364.1428398860444,101,1200.0,10800.000000000005
2025-07-18,no_storage,53568.118790247245,0.0,0.0,124.4583729853473,22418.329063232602,39803.01072485461,487.03221820370607,40290.04294305832,6000.0,6000.0,4,6000.0,6000.0
2025-07-18,stochastic_24h,46174.80360494505,15999.999999999998,12960.0,90.36811817765533,11950.92362312271,27574.426220468737,361.1075202734189,27935.533740742158,5999.999999999999,6000.000000000001,3,1200.000000000001,10800.0
2025-07-19,stochastic_48h,51631.44089056776,19666.666666666668,11362.46204995421,61.57204999999999,16205.989273855306,29773.514294946086,260.287024266666,30033.801319212755,3474.9578332824562,8550.000000000002,4,1199.9999999999995,10800.000000000002
2025-07-19,deterministic_48h,43133.529224957034,19622.261827612703,10326.760636263734,5631.3690867674,12286.578070375463,23623.115065618687,22053.994902926264,45677.10996854496,2364.1428398860444,8549.999999999998,95,1199.9999999999986,10799.999999999996
2025-07-19,no_storage,53789.99178260073,0.0,0.0,61.57204999999999,26668.744782600734,39779.965038259965,260.287024266666,40040.25206252663,6000.0,6000.0,4,6000.0,6000.0
2025-07-19,stochastic_24h,46405.38075938645,16000.000000000002,12960.0,61.57204999999999,16244.133759386445,27572.5916190303,260.287024266666,27832.878643296972,6000.000000000001,6000.000000000002,4,1200.0,10800.000000000002
2025-07-20,stochastic_48h,87756.30844094142,22236.728297946913,18011.749921336996,103.41129180402862,11544.763139468869,55347.706590486574,403.67228137344097,55751.37887186001,8550.000000000002,8550.000000000004,5,1200.0000000000036,10800.000000000004
2025-07-20,deterministic_48h,69944.76213350744,19302.703742481797,15635.190031410257,6457.679926694137,644.950132463369,43840.52860111948,24102.188028724053,67942.71662984353,8549.999999999998,8550.0,119,1200.0,10800.0
2025-07-20,no_storage,84246.71820283882,0.0,0.0,42.38845718864462,12199.128443360805,66134.22453110074,184.15519838159312,66318.37972948233,6000.0,6000.0,3,6000.0,6000.0
2025-07-20,stochastic_24h,87756.30844094142,22236.72829794691,18011.749921336996,103.41129180402862,11544.763139468869,55356.05659048657,403.67228137344097,55759.72887186001,6000.000000000002,6000.000000000003,5,1200.0000000000027,10800.000000000004
2025-07-21,stochastic_48h,88773.38655207463,22447.883848397436,18182.785917201923,211.6030816391941,10730.142352518316,55996.76151577177,862.6088129206732,56859.37032869244,8550.000000000004,8550.0,10,1200.0,10800.000000000004
2025-07-21,deterministic_48h,70994.18158385961,19525.770456066562,15815.87406941392,7285.171012454212,579.7068596611705,44377.95663075546,27537.490692266434,71915.4473230219,8550.0,8549.999999999996,122,1199.9999999999973,10800.0
2025-07-21,no_storage,84879.72943255494,0.0,0.0,214.55133255494502,11104.531415109888,66629.72774208587,879.7337283648125,67509.46147045068,6000.0,6000.0,11,6000.0,6000.0
2025-07-21,stochastic_24h,88773.38655207463,22447.883848397432,18182.785917201923,211.6030816391941,10730.142352518316,56005.111515771765,862.6088129206732,56867.720328692434,6000.000000000003,5999.999999999997,10,1199.9999999999973,10800.0
2025-07-22,stochastic_48h,92586.4876750783,22335.06800407509,18091.405083300822,336.3201907509151,14884.000328388274,58730.26900271559,1479.8408854791865,60210.109888194784,8550.0,8550.000000000002,4,1200.0000000000018,10800.000000000004
2025-07-22,deterministic_48h,75010.83886825565,19966.46780694614,16172.83892362637,4647.879877884616,2069.9452461538435,47017.142876129335,17940.27670149103,64957.419577620356,8549.999999999996,8549.999999999998,95,1199.9999999999982,10799.999999999998
2025-07-22,no_storage,88162.4222337912,0.0,0.0,336.4359004578755,14703.713517582413,69150.49691240404,1480.4052017200324,70630.90211412407,6000.0,6000.0,4,6000.0,6000.0
2025-07-22,stochastic_24h,92586.4876750783,22335.068004075096,18091.405083300822,336.3201907509151,14884.000328388274,58738.61900271559,1479.8408854791865,60218.45988819478,5999.999999999997,6000.000000000003,4,1200.0000000000027,10800.000000000004
2025-07-23,stochastic_48h,92681.41379372947,22375.09528847397,18123.827183663918,189.02972820512758,14402.628300457876,58882.45760793895,834.6113186751111,59717.068926614054,8550.000000000002,8549.999999999998,5,1199.9999999999982,10800.0
2025-07-23,deterministic_48h,75035.58317346753,19893.810050253247,16113.986140705128,4519.0881050824155,1558.3002523351652,47030.26058501801,18378.688256023936,65408.94884104194,8549.999999999998,8550.000000000004,105,1200.0000000000045,10800.000000000007
2025-07-23,no_storage,88459.83491423992,0.0,0.0,206.64194029304014,14449.929737866303,69368.86325760832,932.3500998489233,70301.21335745725,6000.0,6000.0,6,6000.0,6000.0
2025-07-23,stochastic_24h,92681.41379372944,22375.095288473967,18123.827183663918,189.02972820512758,14402.628300457876,58890.80760793894,834.6113186751111,59725.41892661405,6000.000000000003,5999.999999999999,5,1199.999999999999,10800.0
2025-07-24,stochastic_48h,87589.67505843351,17708.219395071337,18447.373054815478,200.3002953296691,14912.657013507325,56858.45210505226,853.8848551988731,57712.33696025114,8549.999999999998,3990.316283547002,5,1199.9999999999936,10799.999999999998
2025-07-24,deterministic_48h,68931.6384432879,13947.02278788496,16518.884292032966,4357.549105311355,2244.5770527472528,44682.49130747313,16320.421367433855,61002.912674906984,8550.000000000004,2748.0046290598375,89,1200.0000000000082,10800.00000000001
2025-07-24,no_storage,88682.8295331044,0.0,0.0,156.2472119963361,15222.604745100733,69650.50116481727,666.7919633847719,70317.29312820203,6000.0,6000.0,5,6000.0,6000.0
2025-07-24,stochastic_24h,92655.99029893684,22774.53463557466,18447.373054815478,200.3002953296691,14912.657013507325,59012.897523113454,853.8848551988731,59866.782378312324,5999.999999999999,5999.999999999997,5,1199.9999999999973,10800.0
2025-07-25,stochastic_48h,48680.27090122609,14129.56625905577,11680.254081593406,78.79675902014651,19804.435916117207,29540.104929676567,307.45475408999533,29847.55968376656,3990.316283547002,3728.8658260378543,2,1200.000000000001,10800.000000000004
2025-07-25,deterministic_48h,38624.448162267094,12828.670603796405,10599.219801465202,1739.2881776556778,11628.965970924899,22617.01517336895,6310.096384861245,28927.111558230194,2748.0046290598375,2516.8972819597143,66,1200.0000000000005,10800.000000000005
2025-07-25,no_storage,56679.43680054945,0.0,0.0,92.85376666666662,30266.971000549445,42153.63888728356,355.9444019666664,42509.58328925023,6000.0,6000.0,2,6000.0,6000.0
2025-07-25,stochastic_24h,49308.887887042125,16000.000000000004,12959.999999999998,78.79675902014651,19842.365079395597,29814.161878655214,307.45475408999533,30121.61663274521,5999.999999999997,6000.0000000000055,2,1200.0,10800.000000000004
2025-07-26,stochastic_48h,54616.2778374316,19728.96865748654,11641.443855998168,0.0,18059.661469276558,32058.945076537744,0.0,32058.945076537744,3728.8658260378543,8550.0,0,1199.9999999999995,10800.0
2025-07-26,deterministic_48h,45852.78614273503,19705.64935042734,10531.78352760989,2613.027096474358,10822.855849725274,25684.36404075077,8946.725837360687,34631.08987811145,2516.8972819597143,8550.000000000002,72,1199.9999999999998,10800.000000000002
2025-07-26,no_storage,57014.31054354396,0.0,0.0,0.0,28545.218976877288,42305.75170239526,0.0,42305.75170239526,6000.0,6000.0,0,6000.0,6000.0
2025-07-26,stochastic_24h,49660.80072042123,15999.999999999998,12960.000000000004,0.0,18151.70915375458,29977.84712365845,0.0,29977.84712365845,6000.0000000000055,6000.000000000001,0,1200.000000000001,10800.0
2025-07-27,stochastic_48h,93745.5791219735,22984.023167028445,18617.058765293037,242.17307976190455,15935.598,59743.37004552259,1170.2527320174436,60913.62277754004,8550.0,8550.000000000005,10,1200.0000000000055,10800.000000000007
2025-07-27,deterministic_48h,76579.67005850743,20764.671631675934,16819.384021657508,3587.8249560439554,2537.0176045329667,47953.5610913953,14194.35168270364,62147.912774098935,8550.000000000002,8550.0,90,1200.000000000001,10800.000000000002
2025-07-27,no_storage,89476.72217010072,0.0,0.0,303.8950344322343,16095.427404532968,70338.6980742446,1488.0495986797378,71826.74767292434,6000.0,6000.0,10,6000.0,6000.0
2025-07-27,stochastic_24h,93745.5791219735,22984.023167028445,18617.058765293037,242.17307976190455,15935.598,59751.72004552259,1170.2527320174436,60921.97277754003,6000.000000000001,6000.000000000006,10,1200.0000000000064,10800.000000000007
2025-07-28,stochastic_48h,93828.44119966647,23039.474229977834,18661.974126282053,506.324021703296,12002.387884340658,59865.791427759,1500.8959426647866,61366.68737042378,8550.000000000005,8550.0,8,1199.999999999999,10800.0
2025-07-28,deterministic_48h,76695.74921696851,21449.088223104052,17373.761460714286,6344.759314743588,1010.3045359890106,47923.872396517276,23565.66946377607,71489.54186029335,8550.0,8549.999999999996,108,1199.9999999999973,10800.0
2025-07-28,no_storage,89785.69475705127,0.0,0.0,152.81349999999964,11983.63102371795,70620.01587324135,787.7993608901082,71407.81523413146,6000.0,6000.0,3,6000.0,6000.0
2025-07-28,stochastic_24h,93828.44119966647,23039.474229977834,18661.974126282053,506.324021703296,12002.387884340658,59874.141427758994,1500.8959426647866,61375.03737042378,6000.000000000006,5999.999999999999,8,1199.999999999999,10800.0
2025-07-29,stochastic_48h,98582.17132088137,24067.146323994937,19494.388522435896,63.833727106227684,18004.00129642857,63314.388230509794,157.5278077884629,63471.916038298266,8550.0,8550.0,2,1200.000000000001,10800.000000000002
2025-07-29,deterministic_48h,81648.55636150963,22382.04150963234,18129.453622802197,2638.762345970694,3965.4848706501825,51185.50113698469,9103.355058239482,60288.85619522418,8549.999999999996,8549.999999999995,51,1199.9999999999945,10799.999999999996
2025-07-29,no_storage,94108.60805086995,0.0,0.0,70.8734706959707,18110.235571565936,74149.22933926032,219.3366699221604,74368.56600918248,6000.0,6000.0,2,6000.0,6000.0
2025-07-29,stochastic_24h,98582.17132088137,24067.146323994937,19494.388522435896,63.833727106227684,18004.00129642857,63322.73823050979,157.5278077884629,63480.26603829826,5999.999999999999,6000.000000000001,2,1200.000000000001,10800.0
2025-07-30,stochastic_48h,99218.8583695394,23980.315775674942,19424.0557782967,0.0,20559.34432216117,63596.1396659597,0.0,63596.1396659597,8550.0,8550.0,0,1199.999999999999,10800.0
2025-07-30,deterministic_48h,82133.21240528536,22095.743826979036,17897.55249985302,1301.4357209249083,5133.202749084248,51367.690802913305,5464.467500509409,56832.15830342271,8549.999999999995,8549.999999999993,45,1199.9999999999936,10799.999999999995
2025-07-30,no_storage,94398.43556904761,0.0,0.0,0.0,20295.18151904762,74253.64985208107,0.0,74253.64985208107,6000.0,6000.0,0,6000.0,6000.0
2025-07-30,stochastic_24h,99218.8583695394,23980.315775674942,19424.0557782967,0.0,20559.34432216117,63604.48966595971,0.0,63604.48966595971,6000.000000000001,6000.000000000002,0,1200.0000000000018,10800.000000000002
2025-07-31,stochastic_48h,94747.24439642506,20185.285207597226,19168.23786080586,14.972332600732784,19050.173115567763,61460.720288698336,71.635125328206,61532.35541402655,8550.0,5418.714619275434,1,1200.0,10800.0
2025-07-31,deterministic_48h,75509.82798315922,16017.103339935784,17782.471211858974,1483.5840859432233,4063.783674358972,48463.10621219398,6335.85629289059,54798.96250508458,8549.999999999993,3207.091659432228,53,1199.9999999999936,10799.999999999995
2025-07-31,no_storage,93543.09608447802,0.0,0.0,14.972332600732784,18863.07215041209,73611.60392661972,71.635125328206,73683.23905194792,6000.0,6000.0,1,6000.0,6000.0
2025-07-31,stochastic_24h,98226.4503750079,23664.491186180076,19168.23786080586,14.972332600732784,19050.173115567763,62944.776528490554,71.635125328206,63016.41165381876,6000.000000000002,6000.000000000002,1,1200.0000000000018,10800.000000000002
2025-08-01,stochastic_48h,52429.99914741985,15441.517214140895,12426.744459249085,0.0,28163.866725861364,31639.743215795785,0.0,31639.743215795785,5418.714619275434,5508.586268392147,0,1199.999999999999,10799.999999999998
2025-08-01,deterministic_48h,41359.401490524244,13461.184333152447,11054.701548580586,632.8033241758247,18334.362363461543,24389.837449207796,1980.7993835218658,26370.63683272966,3207.091659432228,3039.155838624334,28,1199.9999999999957,10799.999999999996
2025-08-01,no_storage,59016.0366621337,0.0,0.0,0.0,37764.67699546703,43980.22659674338,0.0,43980.22659674338,6000.0,6000.0,0,6000.0,6000.0
2025-08-01,stochastic_24h,52415.82592645842,15377.261577465739,12455.581877747252,0.0,28242.786560073255,31663.19189833753,0.0,31663.19189833753,6000.000000000002,6000.0,0,1200.0,10800.0
2025-08-02,stochastic_48h,54444.21460037335,18734.113442902926,12437.359530304302,0.0,27220.435754441394,32428.675564763704,0.0,32428.675564763704,5508.586268392147,8550.000000000004,0,1200.0000000000045,10800.000000000004
2025-08-02,deterministic_48h,47431.03414445914,19409.2093736716,10761.699847435897,346.8233860805864,18203.323070970695,26951.258890559715,1342.959675496888,28294.218566056603,3039.155838624334,8550.0,20,1199.9999999999989,10800.0
2025-08-02,no_storage,58415.64587898351,0.0,0.0,0.0,37488.62094565018,43451.300601524796,0.0,43451.300601524796,6000.0,6000.0,0,6000.0,6000.0
2025-08-02,stochastic_24h,51188.75584499404,15875.907348580584,12859.484952350273,0.0,27245.308515430403,31039.591850188706,0.0,31039.591850188706,6000.0,6000.000000000004,0,1200.0000000000036,10800.0
2025-08-03,stochastic_48h,93049.46188779168,22727.199032526114,18409.031216346153,0.0,25891.81408827839,59407.301822098816,0.0,59407.301822098816,8550.000000000004,8550.000000000004,0,1200.0000000000027,10800.000000000004
2025-08-03,deterministic_48h,77183.39899644892,21155.19692053317,17135.709505631865,737.7418762820512,11062.173474496336,48517.92992234557,2885.590733197344,51403.52065554292,8550.0,8549.999999999996,31,1199.9999999999964,10800.0
2025-08-03,no_storage,89392.22719239927,0.0,0.0,0.0,26552.74720906593,70357.79735254674,0.0,70357.79735254674,6000.0,6000.0,0,6000.0,6000.0
2025-08-03,stochastic_24h,93049.46188779167,22727.19903252611,18409.031216346153,0.0,25891.81408827839,59415.651822098815,0.0,59415.651822098815,6000.000000000004,6000.0,0,1200.0,10800.0
2025-08-04,stochastic_48h,89873.48870108137,22194.36243363632,17977.433571245423,0.0,20240.904755357144,57043.903485402436,0.0,57043.903485402436,8550.000000000004,8550.0,0,1200.0,10800.000000000004
2025-08-04,deterministic_48h,74217.4625679832,20136.021484420926,16310.177402380952,787.6819298076928,5763.645332417583,46821.34444049581,3045.303003603413,49866.64744409924,8549.999999999996,8550.0,34,1199.999999999999,10800.0
2025-08-04,no_storage,87036.08057925824,0.0,0.0,0.0,21620.42549592491,68154.11866209819,0.0,68154.11866209819,6000.0,6000.0,0,6000.0,6000.0
2025-08-04,stochastic_24h,89873.48870108137,22194.36243363632,17977.433571245423,0.0,20240.904755357147,57052.25348540243,0.0,57052.25348540243,6000.0,5999.999999999998,0,1199.9999999999982,10800.0
2025-08-05,stochastic_48h,87183.0961398832,21973.559675643282,17798.583337271062,3.6869184981687795,17859.496986675822,55239.8496169733,17.603192369506836,55257.4528093428,8550.0,8550.0,1,1199.999999999999,10800.0
2025-08-05,deterministic_48h,72343.17789804819,20203.97094114435,16365.216462326924,1244.6749494047635,4596.788635302197,45840.33677760254,4595.83125746475,50436.1680350673,8550.0,8550.0,40,1199.999999999999,10800.0
2025-08-05,no_storage,85378.85369267399,0.0,0.0,0.0,20226.543959340655,66726.76334293041,0.0,66726.76334293041,6000.0,6000.0,0,6000.0,6000.0
2025-08-05,stochastic_24h,87183.09613988322,21973.559675643286,17798.583337271062,3.6869184981687795,17859.496986675822,55248.199616973296,17.603192369506836,55265.8028093428,5999.999999999998,5999.999999999999,1,1199.999999999999,10800.0
2025-08-06,stochastic_48h,85278.00487122168,21809.77669787003,17665.919125274722,952.1398647435888,13971.887896703296,53940.61137756574,3922.0951381230498,57862.706515688784,8550.0,8550.000000000004,18,1200.000000000001,10800.000000000004
2025-08-06,deterministic_48h,71098.83398612184,19926.663547065073,16140.597473122707,4235.411190109888,3433.7798356227095,45134.969376610214,17248.92825746657,62383.897634076784,8550.0,8550.000000000002,63,1200.0000000000018,10800.000000000004
2025-08-06,no_storage,84080.35459061354,0.0,0.0,828.1818313644687,16794.137155311357,65595.10130784388,3414.268079459912,69009.3693873038,6000.0,6000.0,13,6000.0,6000.0
2025-08-06,stochastic_24h,85278.00487122168,21809.77669787003,17665.919125274722,952.1398647435888,13971.887896703296,53948.961377565734,3922.0951381230498,57871.05651568879,5999.999999999999,6000.000000000003,18,1200.0,10800.000000000004
2025-08-07,stochastic_48h,78324.42931928173,16296.073764631099,17676.065403682696,19.203919413919266,16335.639627747249,50755.77029837035,73.39737999999943,50829.167678370344,8550.000000000004,3576.3937174094417,1,1199.999999999999,10800.000000000004
2025-08-07,deterministic_48h,63717.56524377403,13190.391765477321,15975.484213369962,1012.5889514652011,4127.261393131865,42088.86713393321,3694.467699118634,45783.33483305184,8550.000000000002,2670.8145740740792,46,1200.0000000000055,10800.000000000007
2025-08-07,no_storage,83257.39924858058,0.0,0.0,19.203919413919266,19888.6179179945,64921.40474687774,73.39737999999943,64994.80212687774,6000.0,6000.0,1,6000.0,6000.0
2025-08-07,stochastic_24h,83850.65852216011,21822.30296750949,17676.065403682696,19.203919413919266,16335.639627747249,53103.7935031952,73.39737999999943,53177.1908831952,6000.000000000003,5999.999999999997,1,1199.9999999999973,10800.0
2025-08-08,stochastic_48h,46079.726457371224,13766.515828799798,11390.32326680403,2.7599952838828017,27931.122640659334,27591.859095520947,11.649940093269306,27603.509035614217,3576.3937174094417,3310.343222435896,1,1199.9999999999995,10800.0
2025-08-08,deterministic_48h,39660.0655758807,12897.587825148094,10582.798144139193,613.8602819139198,22183.964926785717,23171.78509602497,2646.9884382157306,25818.7735342407,2670.8145740740792,2519.9790121082615,28,1199.9999999999998,10800.0
2025-08-08,no_storage,54126.17126039377,0.0,0.0,26.257664789377372,38377.257675183144,40079.338872176275,111.96759119608552,40191.30646337236,6000.0,6000.0,2,6000.0,6000.0
2025-08-08,stochastic_24h,46759.57899967948,15999.999999999998,12959.999999999996,0.0,27944.40774967948,27886.230005900554,0.0,27886.230005900554,5999.999999999997,6000.0,0,1200.0,10800.000000000002
2025-08-09,stochastic_48h,51599.95158539377,19666.666666666664,11214.308900192307,70.74843841575085,24296.413257335164,29858.69756673217,284.93943315705104,30143.636999889222,3310.343222435896,8549.999999999998,2,1199.9999999999982,10800.0
2025-08-09,deterministic_48h,45794.45911449939,18998.629873015874,10550.167169139195,1884.8920140109885,20308.959424633693,25801.83233047467,7781.43259721447,33583.26492768913,2519.9790121082615,7896.3379321123375,36,1200.0000000000002,10800.000000000004
2025-08-09,no_storage,53661.73655141941,0.0,0.0,103.6729816849815,34843.4805331044,39793.71253237273,421.54540924102486,40215.25794161376,6000.0,6000.0,3,6000.0,6000.0
2025-08-09,stochastic_24h,46263.024512271055,16000.0,12960.0,70.74843841575085,24371.843950686813,27608.79418487895,284.93943315705104,27893.733618036,6000.0,6000.0,2,1200.0,10800.0
2025-08-10,stochastic_48h,78110.99150974822,20488.04470091122,16595.31620773809,1169.4153125915748,10083.059279166664,49899.337108498075,3538.1247774336757,53437.46188593175,8549.999999999998,8549.999999999993,18,1199.9999999999927,10799.999999999998
2025-08-10,deterministic_48h,66817.21390477094,19032.34980330574,15411.379959065933,4881.256638003661,2772.8816485347984,43224.994065532956,18464.884832192845,61689.878897725794,7896.3379321123375,7901.697245014246,59,1200.0,10800.0
2025-08-10,no_storage,80553.14430526557,0.0,0.0,27.8065772435898,15276.331832509155,62657.16126142144,126.36573538482169,62783.52699680625,6000.0,6000.0,3,6000.0,6000.0
2025-08-10,stochastic_24h,78110.99150974822,20488.044700911225,16595.31620773809,1169.4153125915748,10083.059279166664,49907.687108498074,3538.1247774336757,53445.811885931755,6000.0,5999.999999999997,18,1199.9999999999973,10800.0
2025-08-11,stochastic_48h,77801.65318638412,20314.50810575227,16454.75156565934,727.7426693681331,10108.385982326006,49570.22977878801,3252.6233047290793,52822.85308351708,8549.999999999993,8549.999999999995,20,1199.9999999999945,10799.999999999996
2025-08-11,deterministic_48h,66870.77299262425,19092.015656909964,15492.863597298536,4041.204196336998,2751.571796016484,43220.75360612108,16213.744182258048,59434.49778837913,7901.697245014246,7870.218450345954,65,1200.0,10800.000000000004
2025-08-11,no_storage,79944.60248956044,0.0,0.0,623.3745337454213,16006.723689972525,62119.04983347124,2981.601056712864,65100.65089018411,6000.0,6000.0,13,6000.0,6000.0
2025-08-11,stochastic_24h,77801.65318638415,20314.508105752277,16454.75156565934,727.7426693681331,10108.385982326006,49578.57977878801,3252.6233047290793,52831.20308351709,5999.999999999997,6000.000000000001,20,1200.000000000001,10800.0
2025-08-12,stochastic_48h,78039.17233238817,20493.515310959607,16599.74740187729,1656.3399973901082,8041.200770695967,49497.704573059484,6738.154372710432,56235.85894576992,8549.999999999995,8549.999999999987,26,1199.9999999999873,10799.999999999995
2025-08-12,deterministic_48h,67164.09920257822,19333.08629007823,15587.996500274723,6341.010401236264,1999.4761640109882,43280.956574531476,25835.20924570103,69116.1658202325,7870.218450345954,7950.000000000001,77,1200.000000000001,10800.000000000002
2025-08-12,no_storage,79523.14709468864,0.0,0.0,565.8389035256412,12328.442348214281,61807.888029881826,2548.1331274497497,64356.02115733157,6000.0,6000.0,16,6000.0,6000.0
2025-08-12,stochastic_24h,78039.17233238817,20493.515310959607,16599.74740187729,1656.3399973901082,8041.200770695968,49506.054573059475,6738.154372710432,56244.20894576992,6000.000000000001,5999.999999999997,26,1199.9999999999973,10800.0
2025-08-13,stochastic_48h,79897.12862950018,20891.234497128386,16921.89994267399,764.1865223443214,10571.001147390109,50448.914298162366,2880.0697772293242,53328.98407539169,8549.999999999987,8549.999999999989,17,1199.9999999999882,10799.999999999989
2025-08-13,deterministic_48h,69084.45321516471,19079.229421437612,15454.17583136447,3830.373592673992,3168.7937677655673,44283.14741509271,15200.684508743678,59483.831923836384,7950.000000000001,7949.999999999996,65,1199.9999999999964,10799.999999999996
2025-08-13,no_storage,79746.21262586996,0.0,0.0,117.09965416666671,13742.332830036628,62043.91467523398,500.8526906833337,62544.767365917316,6000.0,6000.0,7,6000.0,6000.0
2025-08-13,stochastic_24h,79897.12862950019,20891.23449712839,16921.89994267399,764.1865223443214,10571.001147390109,50457.264298162365,2880.0697772293242,53337.33407539169,5999.999999999997,6000.000000000003,17,1200.0000000000027,10800.000000000004
2025-08-14,stochastic_48h,74454.40767628148,15496.634797912988,17264.175620192305,392.3847930402934,10688.042308267763,48099.2048363419,2150.506433427016,50249.71126976892,8549.999999999989,3314.553962352451,12,1199.999999999989,10799.999999999989
2025-08-14,deterministic_48h,63951.53876118289,13617.639876430156,15743.525481593404,2735.23548026557,2886.3688632783897,42030.1129682584,12247.97877658801,54278.09174484641,7949.999999999996,2713.069798127797,66,1200.0,10800.0
2025-08-14,no_storage,79509.56662271061,0.0,0.0,581.0499705128208,14164.325609890106,61955.367727409,3127.0957766695983,65082.463504078594,6000.0,6000.0,17,6000.0,6000.0
2025-08-14,stochastic_24h,80271.5699403343,21313.797061965804,17264.175620192305,392.3847930402934,10688.042308267763,50569.51622145793,2150.506433427016,52720.02265488495,6000.000000000003,5999.999999999997,12,1199.9999999999973,10800.0
2025-08-15,stochastic_48h,43741.101254281995,14162.230667514596,11378.73578003663,39.928830723443525,23837.80831419414,25903.748346251672,124.6653191697816,26028.413665421453,3314.553962352451,3417.5218075193325,5,1200.0000000000005,10800.0
2025-08-15,deterministic_48h,40011.953980781094,13475.106007292088,10813.619502564103,879.8227535714295,21070.56334629121,23424.167220712457,3307.955606937206,26732.12282764967,2713.069798127797,2825.5324240638947,40,1199.9999999999968,10799.999999999998
2025-08-15,no_storage,51471.683134020146,0.0,0.0,93.71871886446877,34405.67496955128,38264.62989788718,347.5633437323257,38612.193241619505,6000.0,6000.0,6,6000.0,6000.0
2025-08-15,stochastic_24h,44124.997612133695,16000.0,12959.999999999996,26.092182371795047,23951.36291117216,26079.090322547556,65.4974074629816,26144.587730010535,5999.999999999997,6000.000000000001,3,1200.0,10800.0
2025-08-16,stochastic_48h,49143.82639537545,19669.31223663682,11312.912538443223,34.99849940476133,23893.144829919955,28184.74521467767,195.9203055797584,28380.665520257426,3417.5218075193325,8549.999999999996,6,1199.9999999999964,10800.0
2025-08-16,deterministic_48h,46411.93264387238,19687.273611088498,10794.670806639195,1047.1375850732597,21637.18705782967,26211.959726731475,4578.03591013734,30789.995636868814,2825.5324240638947,8550.0,39,1200.0000000000002,10800.0
2025-08-16,no_storage,51300.62787541209,0.0,0.0,47.019754990841705,34418.36726373626,38171.266628882106,246.06640114578306,38417.33303002789,6000.0,6000.0,8,6000.0,6000.0
2025-08-16,stochastic_24h,43886.72109949816,16002.56461153846,12962.077335346155,34.99849940476133,23951.95195604395,25970.213973938393,195.9203055797584,26166.134279518155,6000.000000000001,5999.999999999997,6,1199.9999999999973,10800.0
2025-08-17,stochastic_48h,79327.7826422325,21201.920310450863,17173.5554514652,179.00735608974395,12313.031522669924,49994.536704878825,873.4714579163708,50868.0081627952,8549.999999999996,8549.999999999993,9,1199.9999999999927,10799.999999999996
2025-08-17,deterministic_48h,70700.57064518327,19805.71669119974,16042.630519871795,1088.4443841575091,4860.535241346154,45038.31903074696,4487.880791205563,49526.19982195253,8550.0,8549.999999999998,41,1199.9999999999982,10800.0
2025-08-17,no_storage,78821.24009798534,0.0,0.0,208.8318253205137,15864.678306639194,61590.78303843128,1002.2233826937543,62593.00642112503,6000.0,6000.0,11,6000.0,6000.0
2025-08-17,stochastic_24h,79327.7826422325,21201.920310450863,17173.5554514652,179.00735608974395,12313.031522669922,50002.88670487883,873.4714579163708,50876.35816279519,5999.999999999997,5999.999999999999,9,1199.999999999999,10800.0
2025-08-18,stochastic_48h,78441.7015255698,21230.7547413665,17196.911340506864,320.63715146520144,10334.3796595087,49289.23307165174,1426.0625141398123,50715.295585791544,8549.999999999993,8549.999999999993,18,1199.9999999999927,10799.999999999995
2025-08-18,deterministic_48h,70041.39153278276,19998.3160550355,16198.636004578755,2182.519080357143,4030.114946016485,44573.078595146566,10155.036639200529,54728.11523434709,8549.999999999998,8549.999999999998,55,1199.9999999999982,10800.0
2025-08-18,no_storage,78173.61613576006,0.0,0.0,450.7734980769228,14230.274017170332,61002.86602024367,2094.1965727580805,63097.06259300177,6000.0,6000.0,19,6000.0,6000.0
2025-08-18,stochastic_24h,78441.7015255698,21230.7547413665,17196.911340506864,320.6371514652013,10334.3796595087,49297.58307165174,1426.062514139812,50723.64558579155,5999.999999999999,6000.000000000001,18,1200.000000000001,10800.0
2025-08-19,stochastic_48h,77807.78557781452,21284.468795222267,17240.419724130035,475.07617815934043,9921.152634881631,48988.78148212203,1836.9398558244056,50825.72133794644,8549.999999999993,8549.999999999993,21,1199.9999999999927,10799.999999999993
2025-08-19,deterministic_48h,69813.17360002035,20057.95257071632,16246.941582280217,2248.942906410257,3933.4454679945056,44501.428644932865,8410.098562008247,52911.52720694111,8549.999999999998,8550.0,51,1200.000000000001,10800.000000000002
2025-08-19,no_storage,78007.4123709707,0.0,0.0,383.9172194139195,14073.669540384617,60949.30265643398,1626.6812898564347,62575.98394629042,6000.0,6000.0,18,6000.0,6000.0
2025-08-19,stochastic_24h,77807.78557781452,21284.468795222267,17240.419724130035,475.07617815934043,9921.152634881633,48997.13148212203,1836.9398558244056,50834.07133794643,6000.000000000001,6000.000000000002,21,1200.0000000000018,10800.000000000002
2025-08-20,stochastic_48h,77545.41310555894,21190.234524148695,17164.089964560437,2075.1789765567755,4943.756455860807,48773.20370365755,8111.358682253729,56884.56238591128,8549.999999999993,8549.999999999996,47,1199.9999999999955,10799.999999999996
2025-08-20,deterministic_48h,70022.5645800909,19925.441647673313,16139.607734615383,6388.948296199632,1974.987896565934,44592.083003859334,25871.44326637248,70463.52627023181,8550.0,8550.0,85,1200.000000000001,10800.000000000002
2025-08-20,no_storage,77548.91247577839,0.0,0.0,1637.4565510531143,8535.677960164838,60652.15927159005,7943.4959090331495,68595.6551806232,6000.0,6000.0,37,6000.0,6000.0
2025-08-20,stochastic_24h,77545.41310555895,21190.23452414869,17164.089964560437,2075.1789765567755,4943.756455860807,48781.55370365755,8111.358682253729,56892.91238591128,6000.000000000002,6000.000000000005,47,1200.0000000000045,10800.000000000004
2025-08-21,stochastic_48h,74049.11639861055,16891.704087346807,17820.702370375457,218.09121739926718,9351.78741570513,47596.005815060416,921.4044282068196,48517.41024326724,8549.999999999996,3951.753267083839,11,1199.9999999999973,10799.999999999998
2025-08-21,deterministic_48h,66237.36215898566,14338.221725286025,16379.37177326007,1572.739249267399,4006.832972893772,43208.666959544054,5995.527776449423,49204.19473599347,8550.0,3255.097582468452,43,1199.9999999999945,10800.0
2025-08-21,no_storage,78557.33302948718,0.0,0.0,218.09121739926695,12931.005763553116,61709.013480540525,921.4044282068191,62630.41790874734,6000.0,6000.0,11,6000.0,6000.0
2025-08-21,stochastic_24h,79158.27943518406,22000.86712392031,17820.702370375457,218.09121739926718,9351.78741570513,49768.48587048754,921.4044282068196,50689.89029869436,6000.000000000005,6000.000000000002,11,1200.0000000000018,10800.000000000004
2025-08-22,stochastic_48h,41958.52357553136,14213.322310055175,11682.55292760989,665.5843587454203,18862.769151831504,24675.12611861863,2687.3519267952797,27362.47804541391,3951.753267083839,3763.1289821225078,29,1199.9999999999995,10800.0
2025-08-22,deterministic_48h,39862.77591635803,13629.988283848872,11098.700627518316,2308.69413489011,18409.61299491758,23305.923955894275,9158.073063579879,32463.997019474155,3255.097582468452,3190.1974518009756,56,1199.999999999999,10799.999999999998
2025-08-22,no_storage,49891.79217655677,0.0,0.0,665.5843587454204,29326.8071353022,37192.89175441848,2687.3519267952797,39880.24368121376,6000.0,6000.0,29,6000.0,6000.0
2025-08-22,stochastic_24h,42480.869943040285,16000.0,12960.0,665.5843587454202,18875.884901785717,24906.53015891511,2687.3519267952793,27593.882085710386,6000.000000000002,6000.000000000001,29,1200.000000000001,10800.0
2025-08-23,stochastic_48h,47219.08884695258,19618.957364129696,11583.171548855309,262.07677042124516,16915.373652099446,26903.557451100998,830.1911543113779,27733.748605412373,3763.1289821225078,8550.000000000004,13,1200.0,10799.999999999998
2025-08-23,deterministic_48h,45855.800289872466,19611.959645366973,11061.865019368131,1002.7359679487168,15778.435481822342,25888.760506960884,3452.177647077606,29340.938154038493,3190.1974518009756,8550.0,42,1199.9999999999995,10799.999999999998
2025-08-23,no_storage,49669.160111858975,0.0,0.0,262.07677042124493,27401.230732280223,37082.14263782417,830.1911543113774,37912.33379213554,6000.0,6000.0,13,6000.0,6000.0
2025-08-23,stochastic_24h,42236.97623804945,16002.933981142314,12962.376524725274,262.07677042124493,16928.48940205366,24806.724517824543,830.1911543113773,25636.915672135925,6000.000000000001,6000.000000000003,13,1200.0,10800.0
2025-08-24,stochastic_48h,79425.16041364185,22009.62231249717,17827.794073122706,220.3680638736264,11730.11075480769,49942.22920898567,834.4865192989685,50776.71572828463,8550.000000000004,8550.0,18,1200.0,10800.0
2025-08-24,deterministic_48h,72567.93204058692,19901.96246612174,16120.589597558606,1086.646087683151,6139.615776373626,46054.88377737026,4484.119084005545,50539.00286137581,8550.0,8550.000000000002,51,1200.0000000000018,10800.000000000002
2025-08-24,no_storage,78476.273039652,0.0,0.0,236.15615984432213,14978.839716163006,61618.834312432955,905.1691426814772,62524.003455114434,6000.0,6000.0,19,6000.0,6000.0
2025-08-24,stochastic_24h,79425.16041364185,22009.62231249717,17827.794073122706,220.36806387362617,11730.11075480769,49950.57920898567,834.486519298968,50785.06572828464,6000.000000000003,6000.000000000001,18,1200.000000000001,10800.0
2025-08-25,stochastic_48h,79095.85149419101,22300.424165011533,18063.34357365934,1339.0997438186828,5424.783629990848,49785.456626881845,4679.710539367221,54465.167166249055,8550.0,8550.000000000004,38,1200.0000000000045,10800.000000000005
2025-08-25,deterministic_48h,72319.32957190266,20424.247645882508,16543.640593164833,4333.695767673993,1999.331270192311,45923.75522123302,15991.922351259635,61915.67757249267,8550.000000000002,8549.999999999998,71,1199.9999999999982,10800.000000000002
2025-08-25,no_storage,78771.99173850732,0.0,0.0,767.9506385073253,8766.855360347989,61833.32655305011,2869.860536921609,64703.18708997171,6000.0,6000.0,28,6000.0,6000.0
2025-08-25,stochastic_24h,79095.85149419103,22300.424165011533,18063.34357365934,1339.0997438186828,5424.783629990848,49793.80662688184,4679.710539367221,54473.51716624906,6000.000000000001,6000.0000000000055,38,1200.0000000000055,10800.000000000005
2025-08-26,stochastic_48h,79894.83643389973,22291.99207739791,18056.513582692307,318.5283292124536,10449.06788507326,50339.64840404155,1107.704220179348,51447.3526242209,8550.000000000004,8550.000000000002,19,1200.0000000000018,10800.000000000004
2025-08-26,deterministic_48h,73397.13787543244,20346.409223646726,16480.591471153843,930.672653846154,4933.174393452384,46615.949444380734,3750.001781199635,50365.95122558037,8549.999999999998,8550.000000000004,40,1200.0000000000036,10800.000000000004
2025-08-26,no_storage,79157.38995384614,0.0,0.0,319.3857248168491,13947.957295329676,62207.65874080102,1111.7202611903367,63319.37900199136,6000.0,6000.0,20,6000.0,6000.0
2025-08-26,stochastic_24h,79894.83643389973,22291.992077397903,18056.513582692307,318.5283292124536,10449.06788507326,50347.99840404156,1107.704220179348,51455.702624220896,6000.0000000000055,6000.0,19,1200.0,10800.0
2025-08-27,stochastic_48h,80211.29333860964,22279.675723499753,18046.537336034795,296.80183145604303,8360.807915934063,50627.06866377285,1352.267236502309,51979.335900275175,8550.000000000002,8550.000000000004,17,1200.0000000000036,10800.000000000004
2025-08-27,deterministic_48h,73763.25116438803,20396.29024273052,16520.99509661172,1725.3412359432232,3699.148387545786,46938.28928622779,7706.158801587868,54644.448087815654,8550.000000000004,8550.000000000004,51,1200.0000000000045,10800.000000000005
2025-08-27,no_storage,79335.04973315018,0.0,0.0,438.1787437271051,11859.079610210621,62397.18828361052,2135.66500567337,64532.853289283885,6000.0,6000.0,19,6000.0,6000.0
2025-08-27,stochastic_24h,80211.29333860964,22279.67572349975,18046.537336034795,296.8018314560428,8360.807915934063,50635.41866377286,1352.2672365023086,51987.68590027516,6000.0,6000.000000000004,17,1200.0000000000036,10800.000000000004
2025-08-28,stochastic_48h,75321.41354991689,17563.03642789309,18461.033364148352,2107.824687820512,7559.440190659339,48758.081971397376,7798.786680172932,56556.868651570294,8550.000000000004,3844.473491605617,43,1200.0,10800.000000000002
2025-08-28,deterministic_48h,68665.54839647436,15204.40597802198,16978.419059432235,4492.323238186813,4164.089732738098,44976.83180358447,16739.610243323736,61716.44204690821,8550.000000000004,3369.055314183968,55,1200.0000000000036,10800.000000000004
2025-08-28,no_storage,79857.1021290751,0.0,0.0,978.7373631868124,10068.044508928575,63026.05358888922,4136.576306180123,67162.62989506935,6000.0,6000.0,38,6000.0,6000.0
2025-08-28,stochastic_24h,80549.77633702176,22791.39921499796,18461.033364148352,2107.824687820512,7559.440190659341,50980.733201823154,7798.786680172932,58779.51988199608,6000.000000000004,6000.000000000002,43,1200.0,10800.000000000002
2025-08-29,stochastic_48h,42689.539531375776,14537.029180963684,11728.93418704762,289.88899913003655,17616.113186589744,25330.96208483533,1196.2650859517835,26527.227170787108,3844.473491605617,3895.6506577533573,21,1199.999999999999,10799.999999999998
2025-08-29,deterministic_48h,41035.00849981628,14018.780936858402,11316.24071565934,801.147203250915,16578.395131868136,24259.632277402434,3285.665269270784,27545.297546673224,3369.055314183968,3412.357362179485,34,1199.9999999999973,10799.999999999998
2025-08-29,no_storage,50436.924473763735,0.0,0.0,369.04458580586083,28250.748709569594,37820.43086982949,1524.6460318408863,39345.076901670385,6000.0,6000.0,21,6000.0,6000.0
2025-08-29,stochastic_24h,42976.922354990835,16005.072200183147,12964.108482148353,258.5960804487181,17639.334367404765,25471.720247063313,1062.367491483332,26534.087738546637,6000.000000000002,5999.999999999999,20,1199.999999999999,10799.999999999998
2025-08-30,stochastic_48h,47809.28900504907,19825.32155367374,11869.59605045375,555.4392073717947,21896.28287586753,27480.51879934223,1693.745696531869,29174.2644958741,3895.6506577533573,8550.000000000004,30,1200.000000000001,10800.000000000002
2025-08-30,deterministic_48h,46651.698681687245,19829.92657124768,11438.36214867216,1027.9671649725278,20775.381590750916,26599.42339852241,3477.7521971957663,30077.175595718174,3412.357362179485,8550.000000000004,42,1200.000000000001,10800.0
2025-08-30,no_storage,50404.792851190476,0.0,0.0,555.439207371795,32447.512225228937,37844.1699760371,1693.7456965318695,39537.91567256897,6000.0,6000.0,30,6000.0,6000.0
2025-08-30,stochastic_24h,42951.174691163,16013.96176162834,12971.309026918952,555.439207371795,21951.241330492077,25444.09446448813,1693.745696531869,27137.84016102,5999.999999999999,6000.000000000002,30,1199.999999999999,10800.0
2025-08-31,stochastic_48h,81037.75644130488,22438.28396209243,18175.01000929487,213.10810228937754,10340.96750746337,51311.82266044409,820.4269022091132,52132.24956265321,8550.000000000004,8550.000000000004,16,1200.0000000000027,10800.000000000004
2025-08-31,deterministic_48h,74559.64541945235,20893.94666542305,16924.096798992672,1165.0085325091568,5108.1810021978,47537.12684951366,4385.172976531454,51922.29982604511,8550.000000000004,8550.000000000004,40,1200.0000000000027,10800.000000000004
2025-08-31,no_storage,80017.97713676741,0.0,0.0,187.2440689102562,13558.598122344323,63183.45159610426,757.7738998268319,63941.225495931096,6000.0,6000.0,16,6000.0,6000.0
2025-08-31,stochastic_24h,81037.75644130487,22438.283962092428,18175.01000929487,213.10810228937754,10340.96750746337,51320.17266044409,820.4269022091132,52140.5995626532,6000.000000000002,5999.999999999997,16,1199.9999999999973,10800.0
2025-09-01,stochastic_48h,80712.25955403043,22140.080240752046,17933.464995009155,22.501311034797254,22954.011085989012,51005.65472812318,62.87783297323348,51068.53256109642,8550.000000000004,8550.000000000004,2,1200.0000000000027,10800.000000000004
2025-09-01,deterministic_48h,74233.17024695598,20818.153416598834,16862.704267445057,479.9344918498159,17183.521056318685,47196.09694117729,1823.2973535194576,49019.39429469675,8550.000000000004,8550.000000000004,9,1200.0000000000027,10800.000000000005
2025-09-01,no_storage,79788.62213772893,0.0,0.0,0.0,26214.487604395606,62844.817934359075,0.0,62844.817934359075,6000.0,6000.0,0,6000.0,6000.0
2025-09-01,stochastic_24h,80712.25955403043,22140.080240752046,17933.464995009155,22.501311034797254,22954.011085989012,51014.00472812319,62.87783297323348,51076.88256109642,5999.999999999997,5999.999999999999,2,1199.999999999999,10800.0
2025-09-02,stochastic_48h,79725.82762812146,21933.223461821097,17765.91100407509,0.0,21500.75932037546,50330.094015989285,0.0,50330.094015989285,8550.000000000004,8550.0,0,1200.000000000001,10800.000000000004
2025-09-02,deterministic_48h,72963.32842883824,20069.520132501242,16256.311307326006,319.4530762820512,15411.816829945055,46514.22688595536,1618.0445818414141,48132.271467796774,8550.000000000004,8550.000000000004,14,1200.0000000000027,10800.000000000004
2025-09-02,no_storage,78720.98466378206,0.0,0.0,0.0,24663.22881378205,61957.31391429191,0.0,61957.31391429191,6000.0,6000.0,0,6000.0,6000.0
2025-09-02,stochastic_24h,79725.82762812145,21933.2234618211,17765.91100407509,0.0,21500.75932037546,50338.444015989284,0.0,50338.444015989284,5999.999999999999,5999.999999999997,0,1199.9999999999973,10800.0
2025-09-03,stochastic_48h,78928.78823883008,21950.966891760498,17780.283182326006,0.0,19210.3872793956,49855.343732286165,0.0,49855.343732286165,8550.0,8549.999999999995,0,1199.9999999999945,10800.0
2025-09-03,deterministic_48h,72234.74761688971,20401.679246643373,16525.36018978114,128.1177928571443,12938.829102884614,46076.854799888315,433.56434542548527,46510.41914531381,8550.000000000004,8549.999999999996,9,1199.9999999999964,10800.0
2025-09-03,no_storage,78301.19656039377,0.0,0.0,0.0,22753.479310393774,61660.15912572745,0.0,61660.15912572745,6000.0,6000.0,0,6000.0,6000.0
2025-09-03,stochastic_24h,78928.7882388301,21950.9668917605,17780.283182326006,0.0,19210.387279395603,49863.69373228616,0.0,49863.69373228616,5999.999999999997,5999.999999999997,0,1199.9999999999973,10800.0
2025-09-04,stochastic_48h,74855.52901398554,17373.433239214486,17989.38909729854,0.0,21545.919322069596,48359.38106573747,0.0,48359.38106573747,8549.999999999995,4197.879807183549,0,1199.9999999999927,10799.999999999995
2025-09-04,deterministic_48h,67783.08622280615,15043.964148950843,16564.805316529302,55.41776680402904,15433.77960718864,44399.58992481571,296.0469299175813,44695.63685473328,8549.999999999996,3684.22849346764,2,1199.9999999999964,10799.999999999996
2025-09-04,no_storage,78815.84964290292,0.0,0.0,14.637078754578624,24904.92117165751,62205.20154584144,85.01947194596993,62290.22101778741,6000.0,6000.0,1,6000.0,6000.0
2025-09-04,stochastic_24h,79691.21811711493,22209.122342343875,17989.38909729854,0.0,21545.919322069596,50416.75594257796,0.0,50416.75594257796,5999.999999999997,5999.999999999999,0,1199.9999999999982,10800.0
2025-09-05,stochastic_48h,42178.11280532266,14685.664696660335,12024.416057234423,0.0,32692.60249923008,25055.512203087215,0.0,25055.512203087215,4197.879807183549,4054.515748361826,0,1200.0000000000014,10800.0
2025-09-05,deterministic_48h,40681.957340181114,14101.58249704925,11531.070611080586,175.9622248168502,31463.14601236263,24077.834045078715,470.4267300075789,24548.26077508629,3684.22849346764,3563.3520618335365,4,1200.0000000000005,10800.000000000004
2025-09-05,no_storage,50015.3321639652,0.0,0.0,4.569823031135627,43195.64032032967,37685.256408497386,20.01125505334291,37705.26766355073,6000.0,6000.0,1,6000.0,6000.0
2025-09-05,stochastic_24h,42598.79522248168,16013.980531813864,12971.32423076923,0.0,32731.877254770385,25258.05400339014,0.0,25258.05400339014,5999.999999999999,6000.000000000002,0,1200.0,10800.0
2025-09-06,stochastic_48h,47207.80818775606,19601.90069654728,11831.60373772894,2.593849999999975,31719.02137893773,27158.77147013742,8.947485574999913,27167.71895571242,4054.515748361826,8550.000000000004,1,1200.000000000001,10800.000000000002
2025-09-06,deterministic_48h,46361.60658259734,19593.902879392215,11383.078187957874,46.35603740842481,30476.054228571425,26474.982312025786,177.88963291831467,26652.871944944098,3563.3520618335365,8550.000000000007,3,1200.0000000000005,10800.000000000004
2025-09-06,no_storage,49939.12621520146,0.0,0.0,5.68936282051294,42223.73187802198,37551.39572548472,20.77853557500047,37572.17426105972,6000.0,6000.0,2,6000.0,6000.0
2025-09-06,stochastic_24h,42510.0343849359,16000.0,12960.0,2.593849999999975,31751.544534935896,25186.228794276227,8.947485574999913,25195.176279851228,6000.000000000002,6000.000000000001,1,1200.0,10800.0
2025-09-07,stochastic_48h,77537.57215262741,21727.4769390743,17599.25632065018,101.57295741758298,18549.940874954213,49022.049834841164,483.8772612276815,49505.927096068845,8550.000000000004,8550.000000000004,5,1200.0000000000018,10800.000000000004
2025-09-07,deterministic_48h,71540.39498111719,20608.652237950515,16693.008312739923,867.059627884616,13530.827067124546,45725.441423482436,3752.8544686206524,49478.29589210309,8550.000000000007,8550.0,17,1199.999999999999,10800.0
2025-09-07,no_storage,77283.11739766484,0.0,0.0,112.18493415750902,22434.31871515568,60947.34952871389,633.8555840926957,61581.20511280658,6000.0,6000.0,4,6000.0,6000.0
2025-09-07,stochastic_24h,77537.57215262741,21727.476939074302,17599.25632065018,101.57295741758298,18549.940874954213,49030.39983484116,483.8772612276815,49514.27709606884,6000.000000000001,6000.000000000002,5,1200.0,10800.000000000002
2025-09-08,stochastic_48h,73874.51788038031,21551.40094045358,17456.634761767396,684.0698994047622,11068.252067765567,46353.759991694606,2848.001122975116,49201.76111466972,8550.000000000004,8550.000000000007,16,1200.0000000000055,10800.000000000007
2025-09-08,deterministic_48h,68153.13006346776,20819.08232917288,16863.456686630037,2945.9771972527487,7747.9120848443235,43196.20438575581,12591.248783189381,55787.45316894519,8550.0,8550.0,40,1200.000000000001,10800.000000000002
2025-09-08,no_storage,74655.9541124542,0.0,0.0,589.0839835164833,15849.468562637363,58815.19409237129,2426.1713474334006,61241.36543980469,6000.0,6000.0,11,6000.0,6000.0
2025-09-08,stochastic_24h,73874.51788038031,21551.400940453575,17456.634761767396,684.0698994047622,11068.252067765567,46362.10999169461,2848.001122975116,49210.11111466972,6000.000000000002,6000.000000000004,16,1200.0000000000018,10800.000000000004
2025-09-09,stochastic_48h,75507.95175018428,21856.839161081713,17704.039720476183,0.0,18252.318042912084,47422.56963445866,0.0,47422.56963445866,8550.000000000007,8550.000000000011,0,1200.0000000000118,10800.000000000013
2025-09-09,deterministic_48h,69954.76004211685,20181.13332076154,16346.717989816847,119.35558479853444,13136.866029304028,44372.26675459217,463.36270208994836,44835.62945668212,8550.0,8550.0,7,1199.999999999999,10800.0
2025-09-09,no_storage,75272.96379322345,0.0,0.0,0.0,22170.129526556775,59412.63149312833,0.0,59412.63149312833,6000.0,6000.0,0,6000.0,6000.0
2025-09-09,stochastic_24h,75507.95175018428,21856.839161081713,17704.039720476183,0.0,18252.318042912084,47430.91963445866,0.0,47430.91963445866,6000.000000000004,6000.000000000006,0,1200.0000000000064,10800.000000000007
2025-09-10,stochastic_48h,74374.5047643496,21628.412684450323,17519.01427440476,1210.0824840659322,10159.190188369965,46915.22538910184,5199.658605921285,52114.88399502312,8550.000000000011,8550.000000000011,31,1200.000000000011,10800.000000000011
2025-09-10,deterministic_48h,69020.11418800252,20565.78975924795,16658.289704990842,4433.075197710622,8229.690681456046,43971.59372167291,19643.03499877076,63614.62872044367,8550.0,8549.999999999996,48,1199.9999999999964,10800.0
2025-09-10,no_storage,75008.21521721611,0.0,0.0,1165.6282429487173,14857.844810164836,59101.483587735165,5765.652645585687,64867.13623332085,6000.0,6000.0,22,6000.0,6000.0
2025-09-10,stochastic_24h,74374.50476434958,21628.412684450315,17519.01427440476,1210.0824840659322,10159.190188369965,46923.57538910183,5199.658605921285,52123.23399502311,6000.000000000006,6000.000000000002,31,1200.0000000000018,10800.000000000002
2025-09-11,stochastic_48h,70623.3772142467,17575.165363926193,18068.351756639193,101.53637394688667,17722.014197573262,45588.372850618085,545.0166052351201,46133.389455853205,8550.000000000011,4291.702431267816,2,1200.0000000000082,10800.000000000011
2025-09-11,deterministic_48h,65772.32351989328,15628.099422274227,16939.825483882785,369.29496836080637,13957.258766529307,42915.02377409111,1985.4205091305887,44900.4442832217,8549.999999999996,3793.2611646214864,5,1199.9999999999964,10799.999999999996
2025-09-11,no_storage,75813.64513800366,0.0,0.0,152.50531790293076,22470.06467257326,60055.89540955785,823.0969361908902,60878.992345748746,6000.0,6000.0,3,6000.0,6000.0
2025-09-11,stochastic_24h,75354.81895728248,22306.60710696196,18068.351756639193,101.53637394688667,17722.014197573262,47601.75793284584,545.0166052351201,48146.774538080965,6000.000000000002,5999.999999999998,2,1199.9999999999982,10800.0
2025-09-12,stochastic_48h,39413.37502189265,14782.798938147236,12084.574091895605,47.371609020146195,25210.865584661173,23003.22331290373,157.67423239759503,23160.897545301326,4291.702431267816,4168.916929049656,3,1200.0000000000005,10800.000000000002
2025-09-12,deterministic_48h,38628.20910304629,14280.171152817351,11625.862395924907,251.47485114468842,24673.71899729853,22545.90112258753,835.5055189780895,23381.406641565616,3793.2611646214864,3727.7903177960966,9,1200.000000000001,10800.000000000002
2025-09-12,no_storage,47247.778090247244,0.0,0.0,60.59325668498144,35756.71514693223,35637.244446952245,204.35415430041127,35841.59860125266,6000.0,6000.0,3,6000.0,6000.0
2025-09-12,stochastic_24h,39782.15684885531,16000.0,12959.999999999998,47.371609020146195,25237.872257875453,23184.40254011461,157.67423239759503,23342.076772512206,5999.999999999998,6000.0,3,1200.0,10800.000000000002
2025-09-13,stochastic_48h,44799.842617508926,19963.209569065708,12227.224987087913,8.243616071428335,29065.00016826923,25289.954292681723,39.00054763392745,25328.95484031565,4168.916929049656,8550.000000000004,1,1200.000000000001,10800.000000000004
2025-09-13,deterministic_48h,44604.792620767184,19905.024015364255,11783.080738461538,31.918115201464957,28507.665975732598,25143.927484574957,138.86677521181207,25282.794259786766,3727.7903177960966,8550.0,4,1200.0,10799.999999999998
2025-09-13,no_storage,47598.7695610348,0.0,0.0,17.046737957875052,39608.71481565934,35827.7492280782,76.85837330659155,35904.60760138479,6000.0,6000.0,2,6000.0,6000.0
2025-09-13,stochastic_24h,40147.02653795787,16000.0,12960.0,8.243616071428335,29108.168670695966,23346.947610819894,39.00054763392745,23385.948158453823,6000.0,6000.000000000002,1,1200.0,10800.0
2025-09-14,stochastic_48h,74627.74195032503,21956.612954766424,17784.856493360807,888.0426124542123,11244.703351373631,47385.76639440359,2474.6861639053113,49860.452558308905,8550.000000000004,8550.000000000004,21,1200.0000000000036,10800.000000000004
2025-09-14,deterministic_48h,70711.56341723533,21631.220635825077,17521.288715018316,2539.128976648351,9041.435723076926,45017.22008304579,8823.662732256178,53840.88281530197,8550.0,8549.999999999998,31,1199.9999999999982,10800.0
2025-09-14,no_storage,76164.06238397436,0.0,0.0,45.1092864010991,16109.846920375463,60493.41790349451,158.90090374086634,60652.31880723537,6000.0,6000.0,5,6000.0,6000.0
2025-09-14,stochastic_24h,74627.74195032503,21956.61295476642,17784.856493360807,888.0426124542123,11244.703351373631,47394.11639440359,2474.6861639053113,49868.802558308904,6000.000000000002,6000.0,21,1200.0,10800.0
2025-09-15,stochastic_48h,72820.43328982443,21799.45444133541,17657.558097481684,61.894985119047305,13673.401297756413,45762.210591806404,261.5615394536618,46023.77213126006,8550.000000000004,8550.000000000004,6,1200.0000000000027,10800.000000000005
2025-09-15,deterministic_48h,69078.52195860184,21512.11456185275,17424.812795100734,151.3780867673985,10075.567645283882,43490.018113172664,602.7498105967237,44092.76792376938,8549.999999999998,8549.99999999999,15,1199.999999999991,10799.999999999998
2025-09-15,no_storage,73951.80228539377,0.0,0.0,61.89498511904742,18946.666637179485,58671.397809297494,261.561539453662,58932.95934875115,6000.0,6000.0,6,6000.0,6000.0
2025-09-15,stochastic_24h,72820.43328982442,21799.45444133541,17657.558097481684,61.89498511904742,13673.401297756413,45770.5605918064,261.561539453662,46032.12213126007,6000.0,6000.000000000002,6,1200.000000000001,10800.000000000004
2025-09-16,stochastic_48h,72312.53157607798,21892.317535556,17732.777203800364,798.397894963371,9459.619155952381,45521.62816904488,1950.9997934825117,47472.6279625274,8550.000000000004,8549.999999999996,14,1199.9999999999973,10800.0
2025-09-16,deterministic_48h,68612.40076750724,21568.46847487903,17470.459464652013,1682.072676282051,6704.694450228938,43366.67995610301,4562.597859782942,47929.27781588596,8549.99999999999,8549.999999999993,17,1199.9999999999927,10799.999999999993
2025-09-16,no_storage,73691.12176025641,0.0,0.0,45.36698333333345,14244.718760256412,58552.54259846377,102.31249455000068,58654.85509301377,6000.0,6000.0,4,6000.0,6000.0
2025-09-16,stochastic_24h,72312.53157607798,21892.317535556,17732.777203800364,798.397894963371,9459.619155952383,45529.97816904488,1950.9997934825117,47480.977962527395,6000.000000000002,5999.999999999999,14,1199.999999999999,10800.0
2025-09-17,stochastic_48h,72448.82203137351,21913.904444331387,17750.262599908427,558.0621129578756,8883.123899908427,45473.465706430594,1793.8000815547373,47267.265787985336,8549.999999999996,8549.999999999996,16,1199.9999999999955,10799.999999999996
2025-09-17,deterministic_48h,69010.45484471916,21648.185419719164,17535.030189972527,2180.537971794871,7117.719186767402,43509.836659103195,9002.940608838046,52512.777267941245,8549.999999999993,8549.999999999989,29,1199.999999999989,10799.999999999993
2025-09-17,no_storage,73500.567157326,0.0,0.0,151.0441583333336,13691.492915659343,58338.533675959115,594.9233466171258,58933.45702257624,6000.0,6000.0,10,6000.0,6000.0
2025-09-17,stochastic_24h,72448.82203137351,21913.904444331383,17750.262599908427,558.0621129578756,8883.123899908427,45481.8157064306,1793.8000815547373,47275.615787985334,5999.999999999999,5999.999999999998,16,1199.9999999999982,10800.0
2025-09-18,stochastic_48h,68656.37427837413,17546.38327310857,17725.794486080584,74.23512783882768,9953.969502518312,44004.61850377007,264.29690784702257,44268.9154116171,8549.999999999996,4646.417739041508,7,1199.9999999999936,10799.999999999996
2025-09-18,deterministic_48h,65395.33377951374,17014.420273515578,17550.252131043955,723.9235034798533,7699.038023855312,42177.956204424445,3114.7585481385963,45292.71475256304,8549.999999999989,4362.698100559612,18,1199.9999999999864,10799.999999999989
2025-09-18,no_storage,73250.46498571428,0.0,0.0,41.63082692307694,14336.044695970695,58332.507341051416,134.24329851185962,58466.75063956327,6000.0,6000.0,5,6000.0,6000.0
2025-09-18,stochastic_24h,72993.68790166134,21883.696896395784,17725.794486080584,74.23512783882768,9953.969502518312,45851.68151946394,264.29690784702257,46115.97842731096,5999.999999999998,5999.999999999999,7,1199.999999999999,10800.0
2025-09-19,stochastic_48h,36511.92348532933,15260.525440137026,12441.461093910257,124.21388869047672,17715.72071112637,20778.886613551418,374.2142938061603,21153.100907357577,4646.417739041508,4557.044975264549,9,1199.9999999999982,10799.999999999996
2025-09-19,deterministic_48h,37109.944291392516,14865.936861676406,12120.587106547619,244.55953218864454,18507.801751785708,21315.27781161044,646.6365962404536,21961.91440785089,4362.698100559612,4274.722268793244,9,1200.0000000000005,10800.000000000004
2025-09-19,no_storage,44219.804903067765,0.0,0.0,133.89586909340716,28252.348455494503,33444.79345349672,415.8468095387612,33860.640263035486,6000.0,6000.0,9,6000.0,6000.0
2025-09-19,stochastic_24h,36801.11996813187,15999.999999999996,12959.999999999998,118.50981346153907,17778.277464926738,20935.328353523408,349.68677032172843,21285.015123845136,5999.999999999999,5999.999999999997,9,1199.9999999999973,10799.999999999996
2025-09-20,stochastic_48h,40949.152077218154,19684.765666870167,12351.00066790293,105.12484876373594,18075.07819368132,22605.994623810373,291.45874488807135,22897.453368698443,4557.044975264549,8550.0,7,1200.0,10800.0
2025-09-20,deterministic_48h,42132.91386116424,19599.8380885452,12028.118893635532,244.98257756410243,19160.743510485347,23474.61632143503,941.5917054419866,24416.208026877015,4274.722268793244,8550.000000000004,13,1200.0000000000014,10800.000000000004
2025-09-20,no_storage,44139.84615989011,0.0,0.0,144.78884162087888,28639.201268177654,33294.167193759684,451.5871289596835,33745.75432271937,6000.0,6000.0,10,6000.0,6000.0
2025-09-20,stochastic_24h,36723.64790728022,16000.0,12959.999999999998,98.27194583333312,18136.486119780217,20847.032859984924,262.90269837708286,21109.935558362005,5999.999999999997,6000.000000000002,6,1200.0,10800.0
2025-09-21,stochastic_48h,72832.03915386254,21626.273122314924,17517.281229075088,156.85036085164825,10592.410138141026,45702.7410788899,394.56152397163373,46097.30260286154,8550.0,8550.000000000002,14,1200.000000000001,10800.0
2025-09-21,deterministic_48h,71534.458356564,21643.445855831407,17531.19114322344,671.9127948717935,9806.628955494503,45170.661046703266,1705.641133685297,46876.302180388564,8550.000000000004,8549.999999999998,16,1199.9999999999982,10800.0
2025-09-21,no_storage,73096.00143076922,0.0,0.0,96.82460723443205,14905.338554670328,58379.07337401422,251.6821497133689,58630.75552372758,6000.0,6000.0,8,6000.0,6000.0
2025-09-21,stochastic_24h,72832.03915386254,21626.273122314924,17517.281229075088,156.85036085164825,10592.410138141026,45711.0910788899,394.56152397163373,46105.65260286153,6000.000000000002,6000.000000000001,14,1200.0,10800.0
2025-09-22,stochastic_48h,69026.92174747263,21411.17603643784,17343.05258951465,1139.748245924909,5484.526663141023,42764.32990197234,3994.217831254351,46758.54773322669,8550.000000000002,8550.000000000004,49,1200.0000000000018,10800.000000000002
2025-09-22,deterministic_48h,68082.69495065571,21406.45179735902,17339.225955860806,596.0227780219778,3997.4720038461523,42474.09058213048,2015.8311292070969,44489.92171133758,8549.999999999998,8550.0,38,1199.9999999999973,10800.0
2025-09-22,no_storage,69539.84673832417,0.0,0.0,1108.2362358516484,10034.063090842486,55452.34911033562,3923.8987807758695,59376.247891111496,6000.0,6000.0,48,6000.0,6000.0
2025-09-22,stochastic_24h,69026.92174747263,21411.17603643784,17343.05258951465,1139.748245924909,5484.526663141023,42772.67990197233,3994.217831254351,46766.89773322669,6000.000000000001,6000.000000000002,49,1200.000000000001,10800.0
2025-09-23,stochastic_48h,69689.43825844016,21511.808692002443,17424.56504052198,1568.4265021978044,5054.005525824174,43097.07668678816,6406.772535662762,49503.849222450925,8550.000000000004,8550.000000000005,52,1200.0000000000055,10800.000000000007
2025-09-23,deterministic_48h,69178.99584112738,21515.726218966218,17427.73823736264,1541.3829437728946,4515.775219963369,43155.520823181505,6725.393334489151,49880.91415767066,8550.0,8550.000000000004,39,1200.0000000000027,10800.000000000002
2025-09-23,no_storage,69406.77973040292,0.0,0.0,1562.2387402472555,8852.402887316846,55378.75607004413,6424.7409779618465,61803.49704800597,6000.0,6000.0,51,6000.0,6000.0
2025-09-23,stochastic_24h,69689.43825844016,21511.808692002436,17424.56504052198,1568.4265021978044,5054.005525824174,43105.42668678817,6406.772535662761,49512.199222450916,6000.000000000002,6000.000000000002,52,1200.0000000000018,10800.000000000004
2025-09-24,stochastic_48h,69131.22676005516,21596.559266099124,17493.213005540292,1037.2911742216108,5001.946573717949,42705.053954344825,3510.323876951097,46215.37783129592,8550.000000000005,8550.000000000007,54,1200.0000000000055,10800.000000000007
2025-09-24,deterministic_48h,69044.77026915277,21621.97282034323,17513.79798447802,1272.5023282509155,5145.872661538462,43015.04630601774,5073.712112375021,48088.75841839277,8550.000000000004,8550.000000000004,43,1200.0000000000018,10800.000000000004
2025-09-24,no_storage,69305.99039848901,0.0,0.0,993.8943650641027,9236.659663553113,55195.03086402807,3587.4380008201924,58782.46886484827,6000.0,6000.0,52,6000.0,6000.0
2025-09-24,stochastic_24h,69131.22676005516,21596.559266099124,17493.213005540292,1037.2911742216108,5001.946573717949,42713.403954344816,3510.323876951097,46223.72783129592,6000.000000000002,6000.0,54,1199.999999999999,10800.0
2025-09-25,stochastic_48h,65898.69859145072,17485.637343282233,17494.90646437729,1418.8797451007326,6991.398557646518,41704.321817924574,5069.594291242995,46773.91610916758,8550.000000000007,4848.288648534808,46,1200.0000000000064,10800.000000000011
2025-09-25,deterministic_48h,65529.6829084068,17093.475399798754,17494.419676419413,467.29528598901203,6062.473571016482,41845.210211842816,1795.980550840113,43641.19076268293,8550.000000000004,4495.8837749084205,30,1199.9999999999964,10800.0
2025-09-25,no_storage,69533.77169693224,0.0,0.0,1418.8797451007326,10617.202542032965,55700.32462803832,5069.594291242995,60769.918919281314,6000.0,6000.0,46,6000.0,6000.0
2025-09-25,stochastic_24h,70011.71120418984,21598.649956021345,17494.90646437729,1418.8797451007326,6991.398557646518,43456.729807167154,5069.594291242995,48526.32409841015,6000.0,6000.000000000004,46,1199.999999999999,10800.000000000004
2025-09-26,stochastic_48h,32661.487998957615,15361.108824232342,12576.24094679487,532.741253434065,12715.117874954209,17884.424074753933,1733.7344403594984,19618.15851511343,4848.288648534808,4699.685538349622,35,1200.0,10800.000000000005
2025-09-26,deterministic_48h,34910.50932605821,14932.797857651614,12216.479293681321,319.4641247252751,14819.411386813183,19684.896583459908,975.5103664449647,20660.40694990487,4495.8837749084205,4361.535964926738,19,1199.999999999999,10800.000000000004
2025-09-26,no_storage,40394.65071808608,0.0,0.0,532.7412534340651,23233.148471520144,30530.87195592788,1733.7344403594984,32264.606396287378,6000.0,6000.0,35,6000.0,6000.0
2025-09-26,stochastic_24h,32919.609037179485,16000.000000000004,12960.000000000002,532.7412534340651,12718.106790613549,18027.954885599524,1733.7344403594984,19761.689325959025,6000.000000000004,6000.000000000006,35,1200.0,10800.000000000004
2025-09-27,stochastic_48h,37295.0039967372,19690.87200369691,12484.323307509158,1452.1997725732601,13739.35282312271,19848.341689765097,5644.579523912315,25492.921213677415,4699.685538349622,8549.999999999998,55,1199.9999999999977,10799.999999999996
2025-09-27,deterministic_48h,39995.98996407825,19676.769287658844,12168.56549143773,1860.3995393315035,16546.883457188644,21915.134961843687,7274.739940304356,29189.874902148043,4361.535964926738,8549.999999999998,44,1199.9999999999982,10800.0
2025-09-27,no_storage,40640.62391121795,0.0,0.0,1494.9547376831504,24334.276398901096,30585.39644392511,5831.032820584294,36416.4292645094,6000.0,6000.0,57,6000.0,6000.0
2025-09-27,stochastic_24h,33164.89684148351,15999.999999999996,12960.000000000004,1436.7426777472526,13760.337269230768,18131.723373753037,5586.245458263298,23717.968832016337,6000.000000000006,5999.999999999997,55,1199.9999999999973,10799.999999999998
2025-09-28,stochastic_48h,69979.53250198413,21738.222075702073,17607.959881318682,1355.9615430402919,3717.6026839743595,43297.68862776543,4796.162967744889,48093.85159551032,8549.999999999998,8550.000000000002,58,1199.999999999999,10800.0
2025-09-28,deterministic_48h,70471.22488261656,21756.310820162347,17622.6117643315,1406.1564450091578,4256.053105128207,44081.92681597316,6158.653815630977,50240.58063160413,8549.999999999998,8549.999999999998,44,1199.9999999999982,10800.0
2025-09-28,no_storage,69546.29093992674,0.0,0.0,1183.8742374999983,7242.536010760072,55592.945633662894,4056.763280067756,59649.708913730654,6000.0,6000.0,53,6000.0,6000.0
2025-09-28,stochastic_24h,69979.53250198414,21738.222075702077,17607.959881318682,1355.9615430402919,3717.6026839743595,43306.03862776543,4796.162967744889,48102.20159551032,5999.999999999997,6000.000000000005,58,1200.0000000000027,10800.000000000004
2025-09-29,stochastic_48h,68130.18196652873,21619.727363598337,17511.979164514654,2870.5114086996336,4133.05357614469,41740.466941687046,11379.891981658446,53120.35892334549,8550.000000000002,8550.000000000005,78,1200.0000000000045,10800.000000000005
2025-09-29,deterministic_48h,68489.92226678763,21602.2015022272,17497.783216804026,1269.7010004120884,2895.3133817765574,42379.997351496626,5153.877050736861,47533.87440223349,8549.999999999998,8550.000000000004,64,1200.000000000001,10800.0
2025-09-29,no_storage,67575.97033946885,0.0,0.0,2884.588395879121,7700.667135347986,53973.08508477373,11452.1843493187,65425.269434092435,6000.0,6000.0,78,6000.0,6000.0
2025-09-29,stochastic_24h,68130.18196652873,21619.72736359833,17511.979164514654,2870.5114086996336,4133.05357614469,41748.816941687044,11379.891981658446,53128.70892334549,6000.000000000005,6000.000000000005,78,1200.0000000000018,10800.000000000004
2025-09-30,stochastic_48h,67956.78757592817,21669.720926660786,17552.47395059524,3758.288729899269,2175.654563095236,41804.06840329888,14748.965936849021,56553.0343401479,8550.000000000005,8550.000000000007,99,1200.000000000001,10800.000000000005
2025-09-30,deterministic_48h,68341.36702290337,21643.820551429013,17531.494646657506,3214.5740193681327,2021.4403708333311,42545.0809867601,13903.245209423903,56448.326196184,8550.000000000004,8549.999999999998,81,1199.9999999999982,10800.0
2025-09-30,no_storage,67709.97654885531,0.0,0.0,3594.4442027930418,5882.245984981684,54166.7613407968,13994.251856816307,68161.01319761311,6000.0,6000.0,96,6000.0,6000.0
2025-09-30,stochastic_24h,67956.78757592817,21669.720926660786,17552.47395059524,3758.288729899269,2175.654563095236,41812.41840329887,14748.965936849021,56561.384340147895,6000.000000000005,6000.000000000007,99,1200.0000000000027,10800.000000000007
2025-10-01,stochastic_48h,68864.53621228744,21779.162902534696,17641.121951053115,669.2974380952379,15734.271165567763,42299.24650529781,1461.1391973056766,43760.38570260348,8550.000000000007,8550.000000000002,30,1200.0000000000018,10800.0
2025-10-01,deterministic_48h,68865.32698038143,21729.63981673676,17601.008251556777,197.17315109890092,15272.347032967034,42715.27893936719,430.253894793452,43145.532834160644,8549.999999999998,8549.999999999995,13,1199.9999999999945,10799.999999999998
2025-10-01,no_storage,68449.48756552197,0.0,0.0,669.2974380952379,19457.26347028388,54598.632048686704,1461.1391973056768,56059.771245992386,6000.0,6000.0,30,6000.0,6000.0
2025-10-01,stochastic_24h,68864.53621228744,21779.162902534696,17641.121951053115,669.2974380952384,15734.271165567763,42307.596505297806,1461.1391973056777,43768.73570260349,6000.000000000007,5999.999999999998,30,1199.9999999999982,10800.0
2025-10-02,stochastic_48h,62676.782340704,17713.901979943927,17577.303000091575,761.411431822344,11570.811676007324,39455.575045372134,1758.779177035599,41214.35422240773,8550.000000000002,4962.175115181121,29,1200.0000000000036,10800.000000000005
2025-10-02,deterministic_48h,61408.645486588764,17209.65144927192,17491.816353067763,347.94619368131816,10307.973467399266,39238.59926168741,970.3034379879555,40208.90269967537,8549.999999999995,4603.3348009361,18,1199.9999999999964,10799.999999999998
2025-10-02,no_storage,67552.09567454213,0.0,0.0,761.4114318223441,16582.723989697803,53947.87811593132,1758.7791770355993,55706.657292966935,6000.0,6000.0,29,6000.0,6000.0
2025-10-02,stochastic_24h,66663.2544349472,21700.374074187137,17577.303000091575,761.4114318223438,11570.811676007324,41154.559938369646,1758.7791770355989,42913.339115405244,5999.999999999998,6000.000000000004,29,1200.0000000000018,10800.000000000004
2025-10-03,stochastic_48h,30926.742070867807,15404.51755859674,12566.738463324175,460.31859423076895,20732.127869826007,16404.31834785897,1060.3084355415972,17464.62678340057,4962.175115181121,4863.198180891328,28,1199.9999999999995,10800.0
2025-10-03,deterministic_48h,32587.584105829716,15039.09541915389,12245.134953296703,227.25068131868176,22203.720621291206,17881.824307255698,673.4143861819389,18555.23869343764,4603.3348009361,4532.815174511601,21,1200.0,10800.000000000002
2025-10-03,no_storage,38634.050751923074,0.0,0.0,479.53063182234445,31296.427683745416,28985.066652901456,1146.779450953915,30131.84610385537,6000.0,6000.0,30,6000.0,6000.0
2025-10-03,stochastic_24h,31158.258068910254,15999.999999999996,12960.000000000002,460.318594230769,20761.422963141027,16529.97944328726,1060.3084355415972,17590.287878828858,6000.000000000004,6000.0,28,1200.0,10800.0
2025-10-04,stochastic_48h,35470.61710910156,19608.216475172976,12564.533707692304,617.8011814560432,15948.753089743594,18410.90884621984,1823.5377250878187,20234.44657130766,4863.198180891328,8550.000000000002,37,1200.0,10799.999999999996
2025-10-04,deterministic_48h,37354.29060040756,19581.472740288515,12245.52657669414,1286.522598672162,18208.884602152015,19983.410583120443,4892.770910460604,24876.181493581047,4532.815174511601,8550.0,35,1200.000000000001,10800.0
2025-10-04,no_storage,38958.959716849815,0.0,0.0,639.0553021062268,26502.032585622706,29195.96274504311,1944.2733027714062,31140.236047814513,6000.0,6000.0,37,6000.0,6000.0
2025-10-04,stochastic_24h,31496.229434935896,15999.999999999996,12959.999999999996,617.8011814560432,15978.048183058612,16758.701340421932,1823.537725087819,18582.239065509755,6000.0,6000.000000000002,37,1200.0,10799.999999999996
2025-10-05,stochastic_48h,64485.399974339176,21496.047762571787,17411.79868768315,644.0523391941405,6309.2421719780195,39797.401528600894,1474.4396163593442,41271.841144960235,8550.000000000002,8549.999999999996,29,1199.9999999999973,10800.000000000002
2025-10-05,deterministic_48h,63230.34983968479,21439.783982725094,17366.225026007327,850.0365403388282,5270.866356639193,39602.730809621,2624.377742357351,42227.10855197835,8550.0,8550.0,42,1199.999999999999,10800.0
2025-10-05,no_storage,67224.33309661172,0.0,0.0,644.8467865842504,13133.218816529301,53428.97845167336,1479.5979462099856,54908.57639788336,6000.0,6000.0,28,6000.0,6000.0
2025-10-05,stochastic_24h,64485.39997433917,21496.047762571787,17411.79868768315,644.0523391941407,6309.2421719780195,39805.75152860089,1474.4396163593447,41280.191144960234,6000.000000000002,5999.999999999996,29,1199.9999999999964,10800.0
2025-10-06,stochastic_48h,63880.90648551417,21378.333192748607,17316.44988612637,1332.4100476648346,3418.323976556773,39362.54029035805,3582.6159235710847,42945.156213929135,8549.999999999996,8550.0,51,1199.9999999999964,10799.999999999998
2025-10-06,deterministic_48h,62375.89313989396,21372.649858849996,17311.846385668498,2692.5360085622688,3274.5164252747227,39139.11116180145,8700.614213082637,47839.72537488408,8550.0,8550.000000000005,65,1200.0,10800.000000000004
2025-10-06,no_storage,67129.0863003663,0.0,0.0,569.6283310439566,9965.605381410252,53203.7861260176,1719.3785332217053,54923.16465923931,6000.0,6000.0,38,6000.0,6000.0
2025-10-06,stochastic_24h,63880.90648551418,21378.333192748614,17316.44988612637,1332.4100476648346,3418.323976556773,39370.89029035805,3582.6159235710847,42953.50621392914,5999.999999999996,6000.000000000001,51,1200.0,10800.0
2025-10-07,stochastic_48h,64050.20206604938,21357.497665683077,17299.5731092033,1261.6644558150192,3482.378965384615,39549.14616331086,4237.789555545402,43786.93571885627,8550.0,8549.999999999998,55,1199.9999999999982,10800.0
2025-10-07,deterministic_48h,62489.07455183941,21351.814331784466,17294.96960874542,3425.767094871794,4086.4339236721607,39326.47275946604,13267.608104643887,52594.08086410993,8550.000000000005,8550.000000000007,62,1200.0000000000055,10800.000000000007
2025-10-07,no_storage,67254.42414629119,0.0,0.0,872.986488186813,10355.847634478021,53330.52400350797,3497.434068447389,56827.95807195536,6000.0,6000.0,43,6000.0,6000.0
2025-10-07,stochastic_24h,64050.20206604937,21357.49766568308,17299.5731092033,1261.6644558150192,3482.378965384615,39557.49616331086,4237.789555545403,43795.28571885626,6000.000000000001,5999.999999999998,55,1199.9999999999982,10800.0
2025-10-08,stochastic_48h,63336.36589725104,21351.104087132,17294.39431057692,1482.5040584249102,4283.664512454214,38641.73141755718,4620.8120003785325,43262.543417935725,8549.999999999998,8549.999999999996,48,1199.9999999999955,10799.999999999998
2025-10-08,deterministic_48h,61744.48762933229,21345.42075323339,17289.790810119044,2680.332513278388,3890.6945328296706,38378.172950683336,8513.390298064558,46891.563248747894,8550.000000000007,8550.000000000015,51,1200.0000000000018,10800.00000000001
2025-10-08,no_storage,66394.71562902929,0.0,0.0,723.4438769230767,10639.663839285715,52361.563470852285,2890.2339548140803,55251.79742566637,6000.0,6000.0,39,6000.0,6000.0
2025-10-08,stochastic_24h,63336.365897251046,21351.104087132004,17294.39431057692,1482.5040584249102,4283.664512454214,38650.08141755719,4620.8120003785325,43270.893417935724,5999.999999999998,6000.000000000002,48,1199.999999999999,10800.0
2025-10-09,stochastic_48h,59460.10265543232,17401.288768710714,17280.0,870.7727269230778,4449.604930311355,37161.3054043359,3253.4612423699245,40414.76664670583,8549.999999999996,5011.15989183964,57,1199.999999999999,10800.0
2025-10-09,deterministic_48h,56982.885160128084,16961.444653122595,17280.0,1797.3194021062245,3338.7782257783883,36457.50704587584,6964.988799669381,43422.49584554523,8550.000000000015,4615.30018781035,56,1200.0000000000118,10800.000000000015
2025-10-09,no_storage,66375.5200971154,0.0,0.0,800.481500824175,11416.019914606226,52547.4030741787,3106.4143645926697,55653.817438771366,6000.0,6000.0,52,6000.0,6000.0
2025-10-09,stochastic_24h,63392.14722005494,21333.33333333333,17280.0,870.7727269230779,4449.604930311356,38837.22935303318,3253.4612423699255,42090.6905954031,6000.000000000002,6000.0000000000055,57,1200.0000000000027,10800.000000000005
2025-10-10,stochastic_48h,31420.19584109517,16109.549986195905,12811.381317170328,921.1274302197808,19699.54368562271,16284.109584024101,3121.3235607559527,19405.433144780058,5011.15989183964,5274.886749226703,39,1200.0000000000014,10800.0
2025-10-10,deterministic_48h,32255.024192172572,15617.33758040518,12462.367442536632,866.4534898809525,20622.896627518312,17287.702465124756,3065.545107089126,20353.247572213877,4615.30018781035,4823.829074023199,41,1199.9999999999986,10800.0
2025-10-10,no_storage,38586.92636208791,0.0,0.0,940.4144054945061,30183.729850915748,28603.6336171838,3215.495948172736,31819.12956535654,6000.0,6000.0,41,6000.0,6000.0
2025-10-10,stochastic_24h,31217.71171662087,16000.0,12960.000000000004,918.718813369964,19752.819613324173,16240.140939123696,3114.0186939121804,19354.159633035877,6000.0000000000055,6000.000000000001,39,1200.0,10800.0
2025-10-11,stochastic_48h,35612.652215018315,19666.666666666668,12982.398074304032,568.7510848443237,15390.821124166667,18282.769318896582,2002.2451117309101,20285.014430627496,5274.886749226703,8550.000000000007,35,1200.0000000000018,10800.000000000004
2025-10-11,deterministic_48h,36799.68981170522,19695.409382263828,12599.727766254577,1579.4726861721615,17177.167298534794,19397.08546996856,6407.431138207418,25804.516608175978,4823.829074023199,8550.000000000004,42,1200.0000000000005,10800.000000000004
2025-10-11,no_storage,39394.51032738095,0.0,0.0,401.12426332417544,25689.321007371793,29265.847570303133,1365.8507460505011,30631.69831635363,6000.0,6000.0,33,6000.0,6000.0
2025-10-11,stochastic_24h,32019.24668998779,16073.261141636143,13019.341524725274,568.7510848443237,15427.76457458791,16798.604514119415,2002.2451117309101,18800.84962585033,6000.000000000001,6000.000000000005,35,1200.000000000001,10800.000000000004
2025-10-12,stochastic_48h,64892.9283586414,21381.066788540676,17318.66409871795,1671.4867412545786,3987.0564267399222,39918.796817572744,6573.910455257463,46492.7072728302,8550.000000000007,8550.000000000011,42,1200.00000000001,10800.000000000011
2025-10-12,deterministic_48h,62600.69055467202,21343.48548246507,17288.223240796702,3212.4237963369987,3242.8961260073247,39180.562545560475,11992.338039183043,51172.90058474352,8550.000000000004,8550.000000000007,50,1200.0000000000045,10800.000000000005
2025-10-12,no_storage,68027.5871517857,0.0,0.0,425.5537100732595,9938.184878525637,53810.11661788044,1441.4617462888928,55251.57836416935,6000.0,6000.0,28,6000.0,6000.0
2025-10-12,stochastic_24h,64892.9283586414,21381.066788540673,17318.66409871795,1671.4867412545786,3987.0564267399222,39927.14681757274,6573.910455257463,46501.0572728302,6000.000000000005,6000.0000000000055,42,1200.0000000000036,10800.000000000005
2025-10-13,stochastic_48h,66822.49755552842,21401.32862823904,17335.076188873623,361.3466710164831,6090.196487179488,41060.496036467084,1307.499526171449,42367.99556263854,8550.000000000011,8550.000000000013,22,1200.0000000000118,10800.000000000011
2025-10-13,deterministic_48h,64021.062858705845,21350.622301700358,17294.004064377288,1432.197606639193,4369.246928021979,39999.37183114227,5618.818783569475,45618.190614711755,8550.000000000007,8550.000000000004,43,1200.0000000000045,10800.000000000007
2025-10-13,no_storage,68675.38394693224,0.0,0.0,360.9578148809531,12008.946461813188,54402.30607920482,1311.6977800165098,55714.00385922134,6000.0,6000.0,20,6000.0,6000.0
2025-10-13,stochastic_24h,66822.49755552842,21401.328628239036,17335.076188873623,361.3466710164831,6090.196487179487,41068.84603646709,1307.499526171449,42376.34556263854,6000.0000000000055,6000.0,22,1200.0,10800.0
2025-10-14,stochastic_48h,67562.7176510435,21433.725149120422,17361.317370787547,957.3413078754556,3673.821897252744,41550.30293042403,3753.7460716846035,45304.04900210864,8550.000000000013,8550.000000000016,47,1200.0000000000146,10800.000000000015
2025-10-14,deterministic_48h,64700.5564085323,21352.207372360142,17295.28797161172,2948.0499875915725,2817.8577120421223,40432.35841956977,12460.640663158894,52892.99908272867,8550.000000000004,8550.0,70,1200.0,10800.000000000004
2025-10-14,no_storage,69039.91774413918,0.0,0.0,656.9855137362645,8923.073974542122,54756.30530928651,2409.6394096520603,57165.944718938576,6000.0,6000.0,39,6000.0,6000.0
2025-10-14,stochastic_24h,67562.7176510435,21433.725149120426,17361.317370787547,957.3413078754556,3673.8218972527443,41558.65293042403,3753.7460716846035,45312.399002108636,6000.0,6000.000000000003,47,1200.0000000000018,10800.000000000004
2025-10-15,stochastic_48h,68559.54384429577,21518.539248462443,17430.016791254577,1251.4308508699646,3802.428587957873,41819.60811324963,5135.2910233018565,46954.899136551496,8550.000000000016,8550.000000000018,46,1200.0000000000164,10800.000000000018
2025-10-15,deterministic_48h,65665.61260152965,21389.372651438065,17325.391847664832,2739.47766923077,2421.085816987179,40620.614942299,10670.312887028871,51290.92782932788,8550.0,8550.0,59,1199.999999999999,10800.0
2025-10-15,no_storage,69023.14948397435,0.0,0.0,750.5305114926745,7853.65634546703,54605.22897296672,2961.446206422071,57566.675179388796,6000.0,6000.0,39,6000.0,6000.0
2025-10-15,stochastic_24h,68559.54384429575,21518.53924846244,17430.016791254577,1251.4308508699642,3802.428587957874,41827.95811324964,5135.2910233018565,46963.249136551494,6000.000000000003,6000.0,46,1199.9999999999973,10800.0
2025-10-16,stochastic_48h,66375.83362460035,18832.968787466645,17574.6643114011,1640.7914188186805,3791.8476173534814,41161.785837967356,6609.669636334659,47771.45547430202,8550.000000000018,5972.267118274338,49,1200.00000000002,10800.000000000018
2025-10-16,deterministic_48h,62606.03003559783,17936.242764810293,17408.099034249084,3035.9968783424906,2147.41023337912,39532.842698546505,12289.58154344446,51822.424241990964,8550.0,5350.286228052505,72,1200.000000000001,10800.000000000002
2025-10-16,no_storage,69245.35801213369,0.0,0.0,1673.721410714286,7952.606472847983,54956.1749427925,6785.484481457146,61741.65942424965,6000.0,6000.0,50,6000.0,6000.0
2025-10-16,stochastic_24h,69239.98127096222,21697.116433828513,17574.6643114011,1640.7914188186805,3791.847617353482,42385.15110669145,6609.669636334659,48994.82074302612,6000.0,6000.000000000001,49,1200.000000000001,10800.0
2025-10-17,stochastic_48h,32916.21538702573,17048.084161567855,13610.040406446908,400.9210952380951,13874.893410476212,17046.686825583274,1523.2214207978723,18569.908246381146,5972.267118274338,6193.275745411066,31,1199.9999999999945,10799.999999999996
2025-10-17,deterministic_48h,32842.64312743578,16313.524928763618,13049.312490888278,703.575797756409,14277.807170650183,17449.83400016682,2706.7926479930347,20156.626648159858,5350.286228052505,5533.222562952787,34,1199.999999999999,10800.0
2025-10-17,no_storage,39860.044207326006,0.0,0.0,452.2638777472527,24308.108768406593,29513.02425825301,1862.0090510374096,31375.033309290422,6000.0,6000.0,31,6000.0,6000.0
2025-10-17,stochastic_24h,32701.464558791205,16833.333333333332,13635.000000000005,400.9210952380951,13899.853004029308,16955.63247441184,1523.2214207978723,18478.853895209708,6000.000000000001,5999.999999999992,31,1199.9999999999918,10799.999999999995
2025-10-18,stochastic_48h,36005.8204585504,19576.892640143808,13736.231209386446,326.7513558608055,14415.317116987177,18557.657556329854,925.5604064983731,19483.21796282823,6193.275745411066,8550.000000000004,26,1200.000000000001,10800.000000000002
2025-10-18,deterministic_48h,36532.26678608511,19573.42034762357,13139.370788232598,914.4828282051283,14936.106788232599,19209.2656765333,2850.5832911099833,22059.848967643284,5533.222562952787,8550.000000000004,38,1200.0,10800.0
2025-10-18,no_storage,40502.90412371795,0.0,0.0,326.75135586080563,24753.062212912086,30070.938886063846,925.5604064983734,30996.499292562217,6000.0,6000.0,26,6000.0,6000.0
2025-10-18,stochastic_24h,33300.435964011,16871.508145604406,13665.92159793956,326.75135586080546,14345.007505540292,17405.24586018686,925.5604064983731,18330.806266685235,5999.999999999992,6000.000000000004,26,1200.0000000000018,10800.000000000004
2025-10-19,stochastic_48h,71950.43118622246,22645.264406231618,18342.664169047617,718.9765394688643,4481.084955173992,44156.683944565804,2785.0854370913466,46941.769381657155,8550.000000000004,8550.000000000004,38,1200.0000000000018,10800.000000000002
2025-10-19,deterministic_48h,68546.11732994561,22030.25378566906,17844.50556639194,1845.3738026556787,2320.020379990842,42424.977376580835,7318.098944498655,49743.07632107948,8550.000000000004,8550.000000000005,62,1200.0,10800.000000000004
2025-10-19,no_storage,71129.54287783883,0.0,0.0,742.6081091117222,7986.428453617214,56504.919001511,2895.8702355770647,59400.78923708807,6000.0,6000.0,38,6000.0,6000.0
2025-10-19,stochastic_24h,71950.43118622246,22645.26440623162,18342.664169047617,718.9765394688644,4481.084955173992,44165.03394456581,2785.0854370913466,46950.119381657154,6000.000000000004,6000.000000000004,38,1200.0000000000018,10800.000000000004
2025-10-20,stochastic_48h,72932.47073921675,22874.40834068194,18528.270755952377,965.6743573260089,5111.22514514652,44879.99045990713,4336.533137956854,49216.52359786398,8550.000000000004,8550.0,36,1200.000000000001,10800.0
2025-10-20,deterministic_48h,69589.93676651176,22209.055455614332,17989.334919047615,2489.163064926741,3418.5969282051274,43193.19216862038,10889.998041171137,54083.190209791515,8550.000000000005,8550.0,46,1199.999999999999,10800.0
2025-10-20,no_storage,72004.69338095238,0.0,0.0,921.1281135531145,8485.039127838827,57233.76681982338,4192.163456474867,61425.930276298255,6000.0,6000.0,33,6000.0,6000.0
2025-10-20,stochastic_24h,72932.47073921675,22874.40834068194,18528.270755952377,965.674357326009,5111.22514514652,44888.34045990714,4336.533137956855,49224.87359786399,6000.000000000004,6000.000000000002,36,1200.0000000000018,10800.0
2025-10-21,stochastic_48h,73984.23604894575,23312.096073350513,18882.797819413918,858.0028959706946,3950.3593409798514,45636.21390803921,2473.876596538017,48110.09050457723,8550.0,8550.000000000002,40,1200.0000000000018,10800.000000000002
2025-10-21,deterministic_48h,70530.33671647165,22208.165418532084,17988.613989010984,2900.92231675824,2749.1262537087905,43797.23297672227,10078.679059254277,53875.912035976544,8550.0,8550.000000000007,63,1200.000000000001,10800.000000000005
2025-10-21,no_storage,72671.41830265567,0.0,0.0,476.9181641941377,6685.755116849816,57896.591073384116,1584.7516541513892,59481.342727535506,6000.0,6000.0,30,6000.0,6000.0
2025-10-21,stochastic_24h,73984.23604894575,23312.096073350513,18882.797819413918,858.0028959706945,3950.3593409798514,45644.563908039214,2473.876596538017,48118.44050457723,6000.000000000002,6000.000000000002,40,1200.0000000000018,10800.000000000002
2025-10-22,stochastic_48h,74520.86430121244,23533.214137381852,19061.903451279304,1186.406183333332,5681.063098443225,45641.744674539295,5716.530468622343,51358.275143161634,8550.000000000002,8549.999999999998,50,1199.9999999999982,10800.000000000002
2025-10-22,deterministic_48h,70968.60729800398,22419.450742097397,18159.7551010989,2237.106553937727,3391.121510943222,43659.33449086029,9955.32967216407,53614.66416302436,8550.000000000007,8550.000000000004,61,1200.0000000000027,10800.000000000004
2025-10-22,no_storage,72334.68764766483,0.0,0.0,1269.308213461538,8049.099161126373,57496.61523637957,6186.152697373168,63682.767933752744,6000.0,6000.0,51,6000.0,6000.0
2025-10-22,stochastic_24h,74520.86430121242,23533.214137381852,19061.903451279304,1186.4061833333321,5681.063098443225,45650.094674539294,5716.530468622343,51366.62514316163,6000.000000000002,5999.999999999999,50,1199.999999999999,10800.0
2025-10-23,stochastic_48h,72791.4384065069,20888.03368148996,18932.56942956181,566.1055234890102,8022.582644734431,45198.9172443204,2663.6066858948,47862.5239302152,8549.999999999998,6313.0420582722845,40,1200.0000000000018,10799.999999999998
2025-10-23,deterministic_48h,68581.26066102745,19249.750737767376,18173.10413150183,559.36612032967,4684.483141758243,42954.612501541924,1785.8042522360565,44740.41675377799,8550.000000000004,5682.43774009972,39,1200.0000000000018,10800.000000000004
2025-10-23,no_storage,72727.10593337912,0.0,0.0,566.1055234890101,9913.714423534795,57999.90771951076,2663.6066858948,60663.51440540556,6000.0,6000.0,40,6000.0,6000.0
2025-10-23,stochastic_24h,75276.9472306488,23373.542505631867,18932.56942956181,566.1055234890102,8022.582644734431,46261.73965242323,2663.6066858948,48925.346338318035,5999.999999999999,6000.000000000005,40,1200.0000000000045,10800.0
2025-10-24,stochastic_48h,33274.93758220786,17494.493773737166,13963.650421195971,884.3036432692304,12208.347156269227,17114.801432875523,4220.511690907048,21335.313123782573,6313.0420582722845,6542.9193199735455,42,1199.9999999999982,10800.0
2025-10-24,deterministic_48h,32803.70392753753,16764.61875304119,13382.041260668499,796.8662848901101,11797.942003388274,17227.71689884957,2994.953790567949,20222.670689417515,5682.43774009972,5901.6598837606825,47,1200.0,10800.000000000002
2025-10-24,no_storage,40081.22033026557,0.0,0.0,968.6335211538469,22629.803134752743,29582.543537154135,4710.786330909825,34293.329868063964,6000.0,6000.0,45,6000.0,6000.0
2025-10-24,stochastic_24h,33019.51840253978,17239.07459406909,13963.650421195971,884.3036432692304,12208.347156269227,17006.677612950854,4220.511690907048,21227.189303857904,6000.000000000005,5999.999999999999,42,1199.9999999999982,10800.0
2025-10-25,stochastic_48h,36029.98391277472,19717.177297527473,14164.540998973443,662.5525193223436,11741.467400209702,18429.12710088645,2685.1529924467222,21114.280093333175,6542.9193199735455,8550.000000000004,36,1200.000000000001,10800.000000000004
2025-10-25,deterministic_48h,36230.667249219914,19667.35913200379,13547.05479230769,573.1223925824172,11285.052568772899,18829.145538133533,1610.0580230386436,20439.203561172173,5901.6598837606825,8549.999999999996,32,1199.9999999999955,10799.999999999993
2025-10-25,no_storage,40829.02830155677,0.0,0.0,751.4387382325997,22182.034306456037,30169.898169524302,3265.9839287180353,33435.882098242335,6000.0,6000.0,38,6000.0,6000.0
2025-10-25,stochastic_24h,33792.944528928114,17480.13791368087,14158.911710081504,664.742977655677,11738.028569651095,17480.303882443568,2691.4045605300557,20171.708442973628,5999.999999999999,6000.0,36,1200.0,10800.000000000002
2025-10-26,stochastic_48h,75454.04741726418,23664.44663438644,19168.201773853023,441.2132211080585,6854.703761172159,46449.356526367,1870.6306018455848,48319.98712821259,8550.000000000004,8550.000000000004,33,1200.0000000000036,10800.000000000004
2025-10-26,deterministic_48h,71706.17642193392,22774.769438509025,18447.56324519231,701.1504759615394,3535.808687912089,44359.259963691875,2151.458101274273,46510.718064966146,8549.999999999996,8550.0,39,1199.999999999999,10800.0
2025-10-26,no_storage,73543.80175311354,0.0,0.0,398.35055544871864,9397.840291895602,58620.82233391193,1773.3832119436174,60394.20554585555,6000.0,6000.0,31,6000.0,6000.0
2025-10-26,stochastic_24h,75454.0474172642,23664.446634386444,19168.201773853023,441.2132211080583,6854.703761172159,46457.70652636701,1870.630601845584,48328.33712821259,6000.0,6000.000000000005,33,1200.0000000000045,10800.000000000004
2025-10-27,stochastic_48h,75528.0254506456,23562.78499954212,19085.85584962912,739.4199327838838,8237.934566849814,46534.867566692825,3026.155777055659,49561.023343748486,8550.000000000004,8550.000000000007,42,1200.0000000000073,10800.000000000007
2025-10-27,deterministic_48h,71750.84183853219,22511.905186654913,18234.643201190476,981.2733662087924,4902.271552609889,44421.26793650529,3557.6399997315284,47978.90793623681,8550.0,8550.000000000002,51,1200.0000000000018,10800.000000000002
2025-10-27,no_storage,73339.2945279304,0.0,0.0,739.4199327838845,10526.132794047617,58510.70144971361,3026.1557770556606,61536.857226769265,6000.0,6000.0,42,6000.0,6000.0
2025-10-27,stochastic_24h,75528.0254506456,23562.78499954212,19085.85584962912,739.4199327838842,8237.934566849814,46543.21756669282,3026.15577705566,49569.373343748484,6000.000000000005,6000.000000000006,42,1200.0000000000064,10800.000000000007
2025-10-28,stochastic_48h,74528.64203811274,23612.387598414953,19126.033954716113,542.7166407509146,4612.583335164829,45844.79463818102,2370.487213963799,48215.28185214481,8550.000000000007,8550.000000000007,38,1200.0000000000082,10800.000000000007
2025-10-28,deterministic_48h,70589.52760514064,22193.198678492285,17976.490929578755,1679.1318890109892,2079.5300452380943,43704.87932329239,6253.963337338188,49958.84266063057,8550.000000000002,8550.0,57,1200.000000000001,10800.000000000002
2025-10-28,no_storage,73166.8034624542,0.0,0.0,381.86748186813134,7576.249244322342,58217.766290918575,1756.8923144956457,59974.658605414224,6000.0,6000.0,35,6000.0,6000.0
2025-10-28,stochastic_24h,74528.64203811274,23612.387598414945,19126.033954716113,542.7166407509146,4612.583335164829,45853.14463818101,2370.487213963799,48223.63185214481,6000.000000000006,6000.0,38,1200.0,10800.0
2025-10-29,stochastic_48h,73600.93382427983,23470.514324096683,19011.116602518312,2314.590383195972,2143.869685897434,45084.58096942753,9288.052114494574,54372.633083922105,8550.000000000007,8550.000000000007,67,1200.0000000000064,10800.000000000007
2025-10-29,deterministic_48h,69630.53150854983,22120.92562095826,17917.949752976187,4691.433183287545,806.7320238553114,42911.10697091764,17800.80705588841,60711.91402680606,8550.0,8550.000000000004,92,1200.000000000001,10800.0
2025-10-29,no_storage,72306.15891286629,0.0,0.0,1331.1660435897438,4325.068156456045,57443.59341110793,6637.282757084959,64080.87616819289,6000.0,6000.0,60,6000.0,6000.0
2025-10-29,stochastic_24h,73600.93382427983,23470.51432409668,19011.116602518312,2314.590383195972,2143.8696858974345,45092.93096942753,9288.052114494574,54380.98308392211,6000.0,6000.000000000001,67,1199.999999999999,10800.0
2025-10-30,stochastic_48h,72590.98685181657,21539.38061328177,19057.37185656593,1002.7523822802186,6323.912827380949,44944.2175482866,4531.44623585201,49475.66378413861,8550.000000000007,6760.584933547015,53,1200.0000000000073,10800.000000000005
2025-10-30,deterministic_48h,68244.1344039445,20044.554512277842,18429.22310934066,1087.719080128204,2928.7044311355326,42594.27414263008,4258.872924826189,46853.147067456266,8550.000000000004,6113.184495115998,59,1200.0,10800.000000000004
2025-10-30,no_storage,72629.6801978022,0.0,0.0,1005.2296087912084,8847.09215659341,57876.305904142646,4545.01648267921,62421.32238682186,6000.0,6000.0,54,6000.0,6000.0
2025-10-30,stochastic_24h,74579.22581454212,23527.619576007324,19057.37185656593,1002.7523822802189,6323.912827380949,45796.19753514891,4531.446235852011,50327.643771000905,6000.000000000001,6000.000000000006,53,1200.0000000000064,10800.000000000004
2025-10-31,stochastic_48h,33973.974924406444,17943.1770631885,14378.906709798535,909.6849764652006,7415.097480815019,17508.725655982686,4317.960795676714,21826.6864516594,6760.584933547015,6932.8812795294025,44,1199.9999999999973,10799.999999999998
2025-10-31,deterministic_48h,33077.83604270451,17175.125807997552,13781.621741575087,2407.369362545787,8187.409272161172,17288.937916360148,8587.971461024885,25876.909377385033,6113.184495115998,6257.884676119253,76,1199.999999999999,10799.999999999998
2025-10-31,no_storage,40816.504291437726,0.0,0.0,962.6241268772891,17874.83635164835,30215.629741137058,4642.865695957967,34858.49543709503,6000.0,6000.0,45,6000.0,6000.0
2025-10-31,stochastic_24h,33782.534539981556,17751.736678763613,14378.906709798535,909.6849764652006,7415.097480815019,17428.003001175464,4317.960795676714,21745.96379685218,6000.000000000006,5999.999999999997,44,1199.9999999999973,10800.0
2025-11-01,stochastic_48h,36125.05584421211,19633.81638688611,14447.984424954211,602.7624188644681,8997.947867811354,18544.31991087952,2281.886327065541,20826.20623794506,6932.8812795294025,8550.0,38,1199.999999999999,10799.999999999998
2025-11-01,deterministic_48h,35782.91115465393,19597.981155157595,13811.460944184983,1430.8695982142865,8883.22210856227,18486.99469801269,5059.354497630361,23546.34919564305,6257.884676119253,8550.0,62,1199.999999999999,10800.0
2025-11-01,no_storage,41277.051548260075,0.0,0.0,677.1431156135525,19410.15623054029,30550.09516660592,2777.0766001240136,33327.17176672994,6000.0,6000.0,39,6000.0,6000.0
2025-11-01,stochastic_24h,34259.76949604758,17782.725625028266,14404.007756272893,602.7624188644681,8939.775612823338,17751.588780210965,2281.8863270655415,20033.475107276507,5999.999999999997,6000.0,38,1200.0,10800.0
2025-11-02,stochastic_48h,76971.83123061736,23502.60087446581,19037.106708317307,802.4833184065932,4512.4364495421205,47410.60788006909,4182.568976009981,51593.176856079066,8550.0,8550.0,40,1200.0,10800.0
2025-11-02,deterministic_48h,72538.76718295799,22885.822465009267,18537.51619665751,2055.173643543956,1449.2506248168497,44701.80876780106,8683.538479342078,53385.347247143145,8550.0,8550.0,81,1200.0,10800.0
2025-11-02,no_storage,74171.33682651099,0.0,0.0,802.4833184065932,6177.43621158425,59121.83823916019,4182.568976009981,63304.40721517016,6000.0,6000.0,40,6000.0,6000.0
2025-11-02,stochastic_24h,76971.83123061736,23502.60087446581,19037.106708317307,802.4833184065931,4512.43644954212,47418.95788006908,4182.568976009981,51601.526856079065,6000.0,6000.000000000001,40,1200.000000000001,10800.000000000002
2025-11-03,stochastic_48h,77531.63371430767,23579.25561029485,19099.197044338824,594.5719245421245,4141.216789560436,47928.57095259553,2157.1289364059276,50085.69988900145,8550.0,8550.000000000004,46,1200.0000000000027,10800.000000000004
2025-11-03,deterministic_48h,73170.58639036992,23052.250125717906,18672.322601831504,2494.545889423077,1780.2744725732618,45166.9348383723,8027.4612829261405,53194.39612129843,8550.0,8550.000000000002,68,1200.000000000001,10800.000000000004
2025-11-03,no_storage,74645.19396533883,0.0,0.0,482.35473956043825,5622.618421565934,59619.06777340978,1811.0552276129974,61430.123001022774,6000.0,6000.0,41,6000.0,6000.0
2025-11-03,stochastic_24h,77531.63371430765,23579.25561029485,19099.197044338824,594.5719245421245,4141.216789560436,47936.92095259554,2157.1289364059276,50094.04988900146,6000.000000000001,6000.000000000006,46,1200.0000000000064,10800.000000000007
2025-11-04,stochastic_48h,78096.23450080142,23321.678233686063,18890.559369285707,859.5179549450556,6944.561558012811,48226.64809051376,4225.167738994623,52451.815829508385,8550.000000000004,8550.000000000013,42,1200.0000000000127,10800.00000000001
2025-11-04,deterministic_48h,73645.97058458654,23016.122375016952,18643.059123763735,1340.1347500457887,3032.970050045783,45304.697969270404,5625.63483144719,50930.332800717595,8550.000000000002,8550.0,66,1200.0,10800.0
2025-11-04,no_storage,74824.58192046703,0.0,0.0,859.5179549450556,8104.027842078751,59682.79047432567,4225.167738994622,63907.95821332031,6000.0,6000.0,42,6000.0,6000.0
2025-11-04,stochastic_24h,78096.23450080142,23321.678233686056,18890.559369285707,859.5179549450556,6944.561558012811,48234.99809051376,4225.167738994623,52460.165829508376,6000.000000000006,6000.000000000006,42,1200.0000000000064,10800.000000000004
2025-11-05,stochastic_48h,78355.65071947651,23269.289879835953,18848.124802667124,597.4406216117216,4853.90619725274,48544.42034253679,2286.232904079693,50830.65324661648,8550.000000000013,8550.000000000015,35,1200.0000000000155,10800.000000000016
2025-11-05,deterministic_48h,73901.69083546838,23052.69887040428,18672.68608502747,1758.7514472985354,1602.4094307234418,45574.10285479181,6545.786082750297,52119.8889375421,8550.0,8549.999999999996,82,1199.9999999999973,10800.0
2025-11-05,no_storage,75025.67331547619,0.0,0.0,597.4406216117213,5945.093870421244,59982.59136424656,2286.232904079693,62268.82426832625,6000.0,6000.0,35,6000.0,6000.0
2025-11-05,stochastic_24h,78355.6507194765,23269.289879835946,18848.124802667124,597.4406216117216,4853.90619725274,48552.77034253679,2286.232904079693,50839.00324661648,6000.000000000006,6000.000000000002,35,1200.0000000000018,10800.000000000004
2025-11-06,stochastic_48h,77002.53976594745,21482.06411092457,18815.943408255494,1040.4301178571427,4007.2646311355293,48165.178621371364,4701.543954336723,52866.72257570808,8550.000000000015,6977.25391288158,54,1200.0000000000164,10800.000000000015
2025-11-06,deterministic_48h,71984.0427431149,20740.310102089265,18767.812227426737,2995.6909684065927,1637.6512868589732,44916.608955649644,12409.005336370854,57325.6142920205,8549.999999999996,6363.1543947395185,87,1199.999999999999,10799.999999999998
2025-11-06,no_storage,75250.6261893315,0.0,0.0,1096.0087561355301,4977.050395467031,60276.72324317117,5024.7032858361235,65301.42652900729,6000.0,6000.0,54,6000.0,6000.0
2025-11-06,stochastic_24h,78750.03541830127,23229.559763278383,18815.943408255494,1040.4301178571427,4007.2646311355297,48915.08344463605,4701.543954336723,53616.62739897276,6000.000000000002,6000.000000000004,54,1200.0000000000036,10800.0
2025-11-07,stochastic_48h,35597.34990565276,18374.211715359725,14655.495568956048,445.1813346611708,9005.35331057692,18688.377744551733,2070.8696192962634,20759.247363847997,6977.25391288158,7230.160491198615,34,1199.999999999999,10800.0
2025-11-07,deterministic_48h,33799.764089465476,17441.475112908694,14066.123740613553,1137.3408643772889,8243.291798214286,17780.372685634018,4756.43209856797,22536.804784201988,6363.1543947395185,6431.455617897843,57,1200.0,10799.999999999998
2025-11-07,no_storage,42271.728732783886,0.0,0.0,613.694063598901,19566.961013049448,31554.66658580136,2949.98282693693,34504.64941273829,6000.0,6000.0,40,6000.0,6000.0
2025-11-07,stochastic_24h,35316.3425964116,18093.204406118566,14655.495568956048,445.1813346611708,9005.353310576922,18569.89600432523,2070.8696192962634,20640.765623621497,6000.000000000004,5999.999999999999,34,1199.999999999999,10800.0
2025-11-08,stochastic_48h,37043.537855232775,19830.499781011167,14874.849264697805,342.503811813187,8639.184050732598,19231.022475041595,1355.5499120876132,20586.572387129207,7230.160491198615,8550.0,27,1200.0,10800.0
2025-11-08,deterministic_48h,36065.6502643722,19775.708582824584,14111.634008195972,1118.9128629578763,7729.281452701465,18651.335239545177,4506.415786585098,23157.751026130274,6431.455617897843,8550.0,51,1199.999999999999,10800.0
2025-11-08,no_storage,42353.37507371794,0.0,0.0,389.29973369963403,18951.46770741758,31582.09831861702,1624.1568581647434,33206.255176781764,6000.0,6000.0,27,6000.0,6000.0
2025-11-08,stochastic_24h,35577.049512120124,18364.011437898524,14874.849264697805,342.5038118131868,8639.184050732598,18609.507376821646,1355.549912087613,19965.05728890926,5999.999999999999,6000.000000000002,27,1200.000000000001,10800.000000000004
2025-11-09,stochastic_48h,79962.23305151373,23244.16598782051,18827.774450134617,757.7903299450556,4956.814660439559,49845.472067256764,3131.8489482494997,52977.321015506255,8550.0,8550.000000000002,39,1200.0000000000018,10800.0
2025-11-09,deterministic_48h,75371.91272274962,22920.37741537783,18565.505706456042,2238.7435005494517,1908.967331043957,46687.81352479024,8767.66642206468,55455.47994685492,8550.0,8550.0,81,1199.999999999999,10800.0
2025-11-09,no_storage,76426.18432142856,0.0,0.0,792.5445815018322,5871.9117195970675,61322.28806619902,3311.4374587625953,64633.725524961614,6000.0,6000.0,39,6000.0,6000.0
2025-11-09,stochastic_24h,79962.23305151373,23244.16598782051,18827.774450134617,757.7903299450558,4956.814660439558,49853.822067256755,3131.8489482495,52985.67101550626,6000.000000000002,6000.000000000001,39,1200.000000000001,10800.0
2025-11-10,stochastic_48h,80175.69317095558,23248.93988521062,18831.641307020604,1271.7276684523808,3171.67916121795,49988.10415160323,5048.4866393241955,55036.59079092743,8550.000000000002,8550.000000000004,55,1200.0000000000036,10800.000000000004
2025-11-10,deterministic_48h,75775.3902198294,23040.929174637087,18663.152631456043,3467.6751063186784,1006.8456829670336,46911.17975016528,13776.033400325403,60687.213150490694,8550.0,8550.0,91,1200.0,10800.0
2025-11-10,no_storage,76515.32906030219,0.0,0.0,1149.6568915750909,3806.542851877292,61403.802220811514,4957.3939205757515,66361.19614138728,6000.0,6000.0,51,6000.0,6000.0
2025-11-10,stochastic_24h,80175.69317095558,23248.939885210624,18831.641307020604,1271.7276684523808,3171.6791612179504,49996.45415160323,5048.486639324196,55044.94079092743,6000.000000000001,6000.000000000005,55,1200.0000000000045,10800.000000000004
2025-11-11,stochastic_48h,80423.57186756685,23249.54098965201,18832.128201618132,322.3523691391929,4769.491782005492,50201.25851791658,1353.9369380241917,51555.195455940775,8550.000000000004,8550.000000000004,35,1200.0000000000036,10800.000000000002
2025-11-11,deterministic_48h,76128.6385130517,23151.17031209017,18752.447952793038,1457.7374328754568,1628.6339199633692,47146.54302798766,6007.031477709152,53153.5745056968,8550.0,8550.0,77,1199.999999999999,10800.0
2025-11-11,no_storage,76866.42481817765,0.0,0.0,322.3523691391923,5629.757520650182,61663.14060929432,1353.9369380241903,63017.07754731852,6000.0,6000.0,35,6000.0,6000.0
2025-11-11,stochastic_24h,80423.57186756685,23249.54098965201,18832.128201618132,322.35236913919255,4769.491782005491,50209.60851791658,1353.936938024191,51563.545455940766,6000.000000000005,6000.000000000002,35,1200.0000000000018,10800.0
2025-11-12,stochastic_48h,80574.86961744505,23199.816286630034,18791.851192170325,393.7882095695967,5604.704982554944,50410.28444755742,1916.7916570516923,52327.07610460912,8550.000000000004,8550.000000000004,26,1200.0000000000045,10800.000000000004
2025-11-12,deterministic_48h,76136.8066647696,23134.235725026003,18738.73093727106,1425.8567337912082,2211.170860805859,47244.197251891426,6540.417235364925,53784.614487256345,8550.0,8550.000000000004,61,1200.0000000000018,10800.000000000002
2025-11-12,no_storage,76991.65622857142,0.0,0.0,408.334726602563,6444.003205173993,61854.79113619286,1995.1520833847935,63849.943219577646,6000.0,6000.0,28,6000.0,6000.0
2025-11-12,stochastic_24h,80574.86961744505,23199.816286630034,18791.851192170325,393.7882095695966,5604.704982554944,50418.63444755742,1916.791657051692,52335.42610460911,6000.000000000002,6000.000000000003,26,1200.0000000000027,10800.000000000002
2025-11-13,stochastic_48h,79960.18479130036,22519.777632783876,18781.01988255494,891.5539974358977,4717.109721840657,50283.35570553834,3310.228340752222,53593.58404629056,8550.000000000004,7950.000000000005,48,1200.0000000000045,10800.000000000004
2025-11-13,deterministic_48h,74604.71431175666,21475.38027283724,18817.301869093404,2610.102569459707,2160.867160805859,46750.59510102625,9604.662231641392,56355.257332667636,8550.000000000004,6969.729057671963,83,1200.0000000000027,10800.000000000004
2025-11-13,no_storage,77189.27308484432,0.0,0.0,599.2000638736255,5392.601832051281,62109.88279570726,2775.3760874101376,64885.25888311739,6000.0,6000.0,45,6000.0,6000.0
2025-11-13,stochastic_24h,80626.85145796703,23186.444299450544,18781.01988255494,891.5539974358977,4717.109721840657,50574.905705538346,3310.228340752222,53885.134046290565,6000.000000000003,6000.0000000000055,48,1200.0000000000055,10800.000000000004
2025-11-14,stochastic_48h,36444.7282441895,18646.64769194591,15225.356997664834,242.30830421245503,5667.290554120883,19313.62189440649,843.5630086963162,20157.184903102803,7950.000000000005,7814.919592012621,19,1200.0000000000027,10800.0
2025-11-14,deterministic_48h,34239.55564548851,17695.419454325503,14454.382302747254,2004.3360948260083,5404.399288736262,18061.038561028858,6869.48212434414,24930.520685372998,6969.729057671963,6835.181785734637,71,1199.999999999999,10800.000000000002
2025-11-14,no_storage,43336.71845599817,0.0,0.0,235.13096094322322,15973.394116941394,32586.18889000432,884.087099685483,33470.275989689806,6000.0,6000.0,17,6000.0,6000.0
2025-11-14,stochastic_24h,36550.48823234126,18752.40768009767,15189.45022087912,242.30830421245503,5631.383777335169,19349.499162289263,843.5630086963162,20193.062170985577,6000.0000000000055,6000.000000000002,19,1200.0000000000018,10800.0
2025-11-15,stochastic_48h,37508.38250121195,19533.614420442726,15160.655313369965,301.77799629120784,5225.314473763734,19728.68705930381,1238.5101261250188,20967.197185428828,7814.919592012621,8550.000000000004,18,1200.0000000000027,10800.000000000004
2025-11-15,deterministic_48h,36285.65204860715,19629.100140731694,14356.234721153849,1441.219870512819,4242.119582875455,18882.20479679019,5834.254854913981,24716.459651704175,6835.181785734637,8550.0,76,1199.999999999999,10800.000000000002
2025-11-15,no_storage,43416.74893626374,0.0,0.0,275.4993378663005,15480.361357463371,32504.33303230873,1169.9178233450557,33674.25085565378,6000.0,6000.0,20,6000.0,6000.0
2025-11-15,stochastic_24h,36647.29713828064,18672.52905751142,15124.748536584251,301.7779962912079,5189.40769697802,19357.54201297838,1238.510126125019,20596.052139103405,6000.000000000002,6000.000000000002,18,1200.0000000000018,10800.000000000004
2025-11-16,stochastic_48h,82485.71300230124,23564.613505460584,19087.336939423076,734.803984615384,4308.6960375457875,51805.11549892317,2780.2028439813384,54585.31834290451,8550.000000000004,8550.000000000002,37,1200.0000000000018,10800.000000000004
2025-11-16,deterministic_48h,78167.96566502335,23233.98899583333,18819.531086625,2405.105094459707,1724.0684669413918,48710.39653799456,9368.486421623968,58078.882959618524,8550.0,8550.0,80,1200.000000000001,10800.0
2025-11-16,no_storage,78416.65776080586,0.0,0.0,668.9693547619036,4651.082732234434,63142.08758259576,2737.1591536719943,65879.24673626776,6000.0,6000.0,35,6000.0,6000.0
2025-11-16,stochastic_24h,82485.71300230123,23564.613505460584,19087.336939423076,734.803984615384,4308.6960375457875,51813.46549892317,2780.2028439813384,54593.66834290451,6000.000000000002,6000.0,37,1200.0,10800.0
2025-11-17,stochastic_48h,83176.94659868404,23902.68593677927,19361.175608791207,304.40734597069616,6244.089283333335,52330.416675517146,1006.4924980766477,53336.9091735938,8550.000000000002,8550.000000000007,24,1200.0000000000064,10800.000000000007
2025-11-17,deterministic_48h,78854.90231817376,23341.652188865148,18906.73827298077,1137.225009478021,2861.4590784340653,49236.70454794778,4234.391780935253,53471.09632888304,8550.0,8550.000000000004,56,1200.0000000000036,10800.000000000002
2025-11-17,no_storage,79184.12242454212,0.0,0.0,312.77896433150147,6801.147055540297,63808.02919896875,1055.3277224593148,64863.356921428065,6000.0,6000.0,25,6000.0,6000.0
2025-11-17,stochastic_24h,83176.94659868404,23902.68593677927,19361.175608791207,304.40734597069604,6244.089283333335,52338.76667551715,1006.4924980766475,53345.25917359379,6000.0,6000.000000000005,24,1200.0000000000045,10800.000000000004
2025-11-18,stochastic_48h,83192.56860739044,23889.11663495455,19350.184474313188,509.0192602564124,4272.103873672161,52319.17456090673,1512.0884660556135,53831.26302696234,8550.000000000007,8550.00000000001,34,1200.000000000009,10800.000000000007
2025-11-18,deterministic_48h,78788.39603783525,23346.71768756557,18910.841326928115,2031.5613780219794,1493.5292218864474,49173.87810792556,6412.356227966484,55586.23433589205,8550.000000000004,8550.0,66,1200.0,10800.0
2025-11-18,no_storage,79148.656166163,0.0,0.0,356.3615053571435,4614.465838186813,63766.11198500052,1213.7234353552672,64979.8354203558,6000.0,6000.0,30,6000.0,6000.0
2025-11-18,stochastic_24h,83192.56860739044,23889.116634954546,19350.184474313188,509.0192602564124,4272.103873672161,52327.52456090672,1512.0884660556135,53839.61302696234,6000.000000000005,6000.000000000002,34,1200.0000000000018,10800.0
2025-11-19,stochastic_48h,83472.41080009381,23861.765307511407,19328.02989908425,497.9732524267397,4068.337044093404,52527.891704872876,1815.7921825250219,54343.683887397885,8550.00000000001,8550.000000000004,37,1200.0000000000036,10800.0
2025-11-19,deterministic_48h,79119.547909102,23441.865473488444,18987.91103352564,2157.9349774267403,1455.2168465659317,49405.74469251573,8630.888704434754,58036.63339695048,8550.0,8550.000000000007,78,1200.0000000000073,10800.000000000004
2025-11-19,no_storage,79206.00715860806,0.0,0.0,503.38915663919374,4341.084715247251,63853.249524656036,1895.624576685918,65748.87410134195,6000.0,6000.0,38,6000.0,6000.0
2025-11-19,stochastic_24h,83472.41080009381,23861.765307511418,19328.02989908425,497.9732524267399,4068.337044093404,52536.24170487287,1815.7921825250223,54352.03388739789,6000.000000000002,6000.000000000002,37,1200.0000000000018,10800.0
2025-11-20,stochastic_48h,82897.15333864298,23246.04534628951,19369.296730494505,402.96709592490924,4630.29578543956,52343.11459415996,1631.5992631357187,53974.713857295676,8550.000000000004,7950.0,30,1200.0,10800.0
2025-11-20,deterministic_48h,77711.06555860519,21868.102353031012,19019.982673684062,1544.4931916208789,1614.3630375457876,48901.581159901296,5914.316100752358,54815.89726065365,8550.000000000007,7097.978035856736,69,1200.0,10800.0
2025-11-20,no_storage,79292.81041611721,0.0,0.0,408.8170228937736,4908.551405677655,63949.246014445176,1664.406328774958,65613.65234322014,6000.0,6000.0,31,6000.0,6000.0
2025-11-20,stochastic_24h,83563.82000530965,23912.712012956177,19369.296730494505,402.96709592490924,4630.29578543956,52634.664594159956,1631.5992631357187,54266.26385729568,6000.000000000002,6000.000000000002,30,1200.0000000000018,10800.0
2025-11-21,stochastic_48h,38599.8859501368,18895.952450594672,15305.721484981683,339.7142888736256,6484.9852067307675,20512.44857741588,941.9905127274703,21454.439090143347,7950.0,7950.000000000002,26,1200.0000000000018,10800.0
2025-11-21,deterministic_48h,35011.198106488824,18018.630161149547,14636.315025274722,1106.763557051282,3871.2624609986206,18576.91410646039,3300.779323661951,21877.693430122345,7097.978035856736,7052.172930586081,60,1200.0,10799.999999999998
2025-11-21,no_storage,44219.20951282051,0.0,0.0,359.35323489010955,15714.178681043953,33351.87868411756,1022.0939593990372,34373.97264351661,6000.0,6000.0,28,6000.0,6000.0
2025-11-21,stochastic_24h,38599.8859501368,18895.95245059467,15305.721484981683,339.7142888736259,6484.9852067307675,20516.40964946052,941.9905127274709,21458.400162187987,6000.000000000002,6000.000000000003,26,1200.0000000000027,10800.0
2025-11-22,stochastic_48h,39393.934954984055,19645.971916293576,15373.237252197803,242.24592701465264,5143.616734569597,20754.57108618838,725.0516266946687,21479.62271288305,7950.000000000002,8549.999999999996,31,1199.9999999999955,10799.999999999996
2025-11-22,deterministic_48h,36707.476044086055,19768.26788735133,14664.252626282052,1406.082882688351,2789.714182371796,19195.31383130411,5279.104426589266,24474.418257893372,7052.172930586081,8550.000000000004,73,1200.0000000000018,10800.000000000002
2025-11-22,no_storage,44331.15333438644,0.0,0.0,293.4271264194144,14404.750977472526,33352.324927714624,969.1990370479873,34321.523964762615,6000.0,6000.0,33,6000.0,6000.0
2025-11-22,stochastic_24h,38727.268288317384,18979.30524962691,15373.237252197803,242.24592701465247,5143.616734569597,20475.65621071848,725.0516266946684,21200.70783741315,6000.000000000003,5999.999999999996,31,1199.9999999999964,10799.999999999996
2025-11-23,stochastic_48h,84628.54518820491,24207.596970164606,19608.15354583333,677.9962439560445,5475.001724496338,53308.792399705126,2768.7564614818725,56077.548861186995,8549.999999999996,8549.999999999998,39,1199.9999999999982,10799.999999999996
2025-11-23,deterministic_48h,80267.93392346146,23392.78548014233,18948.15623891529,2119.4752207875463,2710.6836196886447,50233.234012948626,8734.66733130545,58967.90134425407,8550.000000000004,8550.000000000005,67,1200.0000000000055,10800.000000000004
2025-11-23,no_storage,80046.94112628205,0.0,0.0,701.4295359890114,5516.274378937731,64567.90565190009,2896.1185702575813,67464.02422215766,6000.0,6000.0,39,6000.0,6000.0
2025-11-23,stochastic_24h,84628.5451882049,24207.59697016461,19608.15354583333,677.9962439560444,5475.001724496338,53317.14239970513,2768.7564614818725,56085.898861187,5999.999999999996,6000.000000000002,39,1200.0000000000018,10800.0
2025-11-24,stochastic_48h,84825.31291176683,24455.239868177086,19808.74429322344,338.8652121336995,6355.738848946887,53397.897937633825,1258.3444972020598,54656.24243483588,8549.999999999998,8549.999999999998,28,1199.9999999999982,10799.999999999998
2025-11-24,deterministic_48h,80341.40723210128,23451.14138111913,18995.424518706503,1364.9676777472532,3088.7143474358977,50254.84932847673,5424.524867786495,55679.37419626322,8550.000000000005,8550.0,66,1200.000000000001,10800.0
2025-11-24,no_storage,80268.39213882784,0.0,0.0,338.8652121337001,6445.313650961539,64729.21891918742,1258.344497202061,65987.56341638949,6000.0,6000.0,28,6000.0,6000.0
2025-11-24,stochastic_24h,84825.31291176683,24455.239868177086,19808.74429322344,338.86521213369997,6355.738848946887,53406.24793763382,1258.3444972020607,54664.59243483588,6000.000000000002,5999.999999999999,28,1199.999999999999,10800.0
2025-11-25,stochastic_48h,84767.80407228666,24469.637849850762,19820.406658379117,373.7342453296702,4323.646659478023,53388.623861803026,1274.6665210322553,54663.29038283529,8549.999999999998,8550.0,26,1200.0,10800.0
2025-11-25,deterministic_48h,80180.02786026726,23597.50261067019,19113.977114642854,1751.0025281593398,1278.8444257325991,50139.10993333295,6625.334890287059,56764.44482362,8550.0,8550.000000000004,79,1200.0000000000027,10800.000000000004
2025-11-25,no_storage,80269.75271204213,0.0,0.0,375.3742722527469,4476.466517628207,64756.393221782084,1282.989736266596,66039.38295804869,6000.0,6000.0,26,6000.0,6000.0
2025-11-25,stochastic_24h,84767.80407228666,24469.637849850762,19820.406658379117,373.73424532967,4323.646659478023,53396.97386180303,1274.6665210322549,54671.640382835285,5999.999999999999,6000.000000000001,26,1200.000000000001,10800.0
2025-11-26,stochastic_48h,85197.62809491248,24463.98203245828,19815.82544629121,369.26589926739996,4161.070524679488,53733.87080450973,1382.7843122497952,55116.65511675953,8550.0,8550.0,26,1199.999999999999,10800.0
2025-11-26,deterministic_48h,80535.81504596763,23432.947511792263,18980.687484551738,2051.868314743592,1377.756450137363,50436.34605074182,7670.283865643412,58106.62991638522,8550.000000000004,8550.000000000004,72,1200.0000000000036,10800.000000000004
2025-11-26,no_storage,80708.93277138278,0.0,0.0,362.85101373626287,4314.116901785714,65127.68646087698,1382.2088799123367,66509.89534078931,6000.0,6000.0,23,6000.0,6000.0
2025-11-26,stochastic_24h,85197.62809491249,24463.98203245828,19815.82544629121,369.2658992673996,4161.070524679488,53742.220804509736,1382.7843122497943,55125.00511675952,6000.000000000001,6000.000000000001,26,1200.000000000001,10800.000000000004
2025-11-27,stochastic_48h,84582.63019621524,23836.81887043685,19821.98574267399,312.8706389652019,5099.77497408425,53585.92135219735,1259.2250578554733,54845.146410052825,8550.0,7978.708380422066,20,1199.9999999999982,10800.0
2025-11-27,deterministic_48h,79611.36847778545,22426.46360262062,18966.607822820515,1437.2815792124538,1807.9015438644694,50160.65645153881,5792.005139870924,55952.661591409735,8550.000000000004,7659.808550335774,63,1200.0,10800.000000000002
2025-11-27,no_storage,80756.95594803113,0.0,0.0,312.8706389652019,5288.933853663003,65267.732429408636,1259.2250578554733,66526.95748726412,6000.0,6000.0,20,6000.0,6000.0
2025-11-27,stochastic_24h,85217.39866241295,24471.58733663456,19821.98574267399,312.87063896520215,5099.77497408425,53863.92099663813,1259.2250578554738,55123.146054493605,6000.000000000001,6000.000000000002,20,1199.9999999999982,10800.0
2025-11-28,stochastic_48h,39479.81867017263,19538.14501417446,15731.693780494505,240.34116671245317,4992.470053205127,20928.606188689802,1017.5790204563599,21946.185209146166,7978.708380422066,8083.379137074077,18,1200.000000000001,10800.0
2025-11-28,deterministic_48h,35401.303603972774,18272.877177599148,14932.716149496337,1579.729602335163,2719.633628205126,18765.565688405164,6117.042175058649,24882.607863463818,7659.808550335774,7513.4911774013035,65,1199.9999999999982,10799.999999999998
2025-11-28,no_storage,44951.57122541209,0.0,0.0,272.37759601648315,14302.710271428572,33950.52760645249,1192.9391124328747,35143.466718885364,6000.0,6000.0,20,6000.0,6000.0
2025-11-28,stochastic_24h,39363.517829448174,19421.84417345,15731.693780494505,240.34116671245317,4992.470053205127,20884.49938223879,1017.5790204563599,21902.07840269515,6000.000000000002,6000.000000000001,18,1200.000000000001,10800.0
2025-11-29,stochastic_48h,40478.79186125593,20015.563534836518,15792.647686584249,1651.3982979395591,2977.8242109432254,21316.46180023114,5032.028314542236,26348.490114773376,8083.379137074077,8550.000000000004,43,1200.0000000000036,10800.000000000004
2025-11-29,deterministic_48h,36882.455435970915,19651.566184597294,14984.910669184981,4471.07123328755,1757.4210538461539,19345.48634482653,15708.998937821865,35054.4852826484,7513.4911774013035,8550.000000000004,77,1199.9999999999982,10800.000000000004
2025-11-29,no_storage,45118.06824148352,0.0,0.0,444.12279743589727,10632.740938919414,33995.40366734988,1438.0464614728485,35433.45012882273,6000.0,6000.0,25,6000.0,6000.0
2025-11-29,stochastic_24h,39960.32423578268,19497.09590936327,15792.647686584249,1651.3982979395591,2977.8242109432254,21102.62731787199,5032.028314542236,26134.655632414226,6000.000000000001,6000.000000000002,43,1200.0000000000018,10800.000000000002
2025-11-30,stochastic_48h,87168.13197271118,24761.534417537194,20056.842878205127,636.3784888736245,2854.990805586081,55128.514495680196,2425.7319494449803,57554.24644512517,8550.000000000004,8550.000000000007,43,1200.0000000000036,10800.000000000007
2025-11-30,deterministic_48h,82759.04183194839,23647.271040281725,19154.2895426282,2906.78315260989,928.0153702380959,51991.31358011112,11206.756238745878,63198.069818856995,8550.000000000004,8550.000000000005,94,1200.0000000000055,10800.000000000002
2025-11-30,no_storage,82412.99868264652,0.0,0.0,667.0487288461525,2835.219294826008,66447.16440901789,2590.533319609016,69037.6977286269,6000.0,6000.0,43,6000.0,6000.0
2025-11-30,stochastic_24h,87168.13197271118,24761.534417537194,20056.842878205127,636.3784888736246,2854.990805586081,55136.864495680195,2425.7319494449807,57562.59644512518,6000.000000000002,6000.000000000005,43,1200.0,10800.000000000004
2025-12-01,stochastic_48h,88272.62825943223,24833.33333333333,20115.0,4416.203140979853,1671.5703337454213,55853.56628145406,15946.08590282777,71799.65218428185,8550.000000000007,8550.000000000005,88,1200.0000000000055,10800.000000000007
2025-12-01,deterministic_48h,83746.26137050998,24164.580847295692,19573.31048630952,7670.824131501831,526.8874076923079,52566.12948264652,29164.80496285982,81730.93444550634,8550.000000000005,8549.999999999998,118,1199.9999999999982,10800.0
2025-12-01,no_storage,83498.97270421244,0.0,0.0,4460.401231868132,1660.4462027472537,67215.45209373048,16186.875348999038,83402.32744272953,6000.0,6000.0,89,6000.0,6000.0
2025-12-01,stochastic_24h,88272.62825943221,24833.33333333333,20115.0,4416.203140979853,1671.5703337454215,55861.91628145406,15946.08590282777,71808.00218428184,6000.000000000005,6000.0,88,1200.0,10800.0
2025-12-02,stochastic_48h,88482.07028763735,24833.33333333333,20115.000000000004,5566.687424496337,692.6144288003654,56147.82269546659,20774.043673740776,76921.86636920736,8550.000000000005,8550.000000000004,113,1200.0000000000045,10800.000000000005
2025-12-02,deterministic_48h,83943.90503867973,24390.04549902772,19755.936854212454,9512.549835760072,184.5362796245422,52820.62351503248,35913.86416014638,88734.48767517885,8549.999999999998,8550.0,132,1200.000000000001,10800.0
2025-12-02,no_storage,83706.59946630037,0.0,0.0,5623.8249125,692.6144288003653,67523.82810031905,21082.811488499454,88606.6395888185,6000.0,6000.0,113,6000.0,6000.0
2025-12-02,stochastic_24h,88482.07028763735,24833.333333333332,20115.000000000004,5566.687424496337,692.6144288003654,56156.17269546658,20774.043673740776,76930.21636920737,6000.0,5999.999999999999,113,1199.999999999999,10800.0
2025-12-03,stochastic_48h,89831.56080164494,25042.292876644955,20284.257230082418,3759.5277184065963,1670.3043068223426,57161.243801190736,12008.76504374035,69170.00884493109,8550.000000000004,8550.0,91,1199.999999999999,10800.0
2025-12-03,deterministic_48h,85148.98195177325,24817.38068506082,20102.07835489927,7284.341438461539,555.2724934065924,53659.530123353004,25133.20597478825,78792.73609814125,8550.0,8549.999999999998,122,1199.9999999999982,10800.0
2025-12-03,no_storage,85038.33290439559,0.0,0.0,3779.485541025644,1655.069878754578,68600.08197570275,12116.188459014895,80716.27043471765,6000.0,6000.0,92,6000.0,6000.0
2025-12-03,stochastic_24h,89831.56080164494,25042.29287664496,20284.257230082418,3759.5277184065963,1670.3043068223426,57169.593801190735,12008.76504374035,69178.35884493109,5999.999999999999,5999.999999999998,91,1199.9999999999973,10800.0
2025-12-04,stochastic_48h,90828.94630306153,25154.048998665938,20374.779688919418,3597.4873375915763,2875.9555809065914,57961.72104005154,12845.447606741029,70807.16864679256,8550.0,8549.999999999998,75,1199.9999999999973,10800.0
2025-12-04,deterministic_48h,85660.2165589938,24788.392866731898,20115.0,6595.26499271978,810.8799349816865,54146.81273340713,24351.258996368935,78498.07172977607,8549.999999999998,8509.55358005871,114,1199.9999999999964,10799.999999999998
2025-12-04,no_storage,86018.2073533425,0.0,0.0,3621.6897717948727,2868.6883751373607,69423.37498892058,12976.308525881874,82399.68351480245,6000.0,6000.0,75,6000.0,6000.0
2025-12-04,stochastic_24h,90828.94630306153,25154.048998665945,20374.779688919418,3597.4873375915754,2875.9555809065914,57970.071040051545,12845.447606741029,70815.51864679257,5999.999999999998,5999.999999999996,75,1199.9999999999964,10800.0
2025-12-05,stochastic_48h,45646.27827468457,20353.15708036223,16486.05723509341,2171.3705230109854,2638.921269093404,24002.883122776424,6830.54584202261,30833.428964799037,8549.999999999998,8549.999999999998,68,1199.9999999999982,10799.999999999998
2025-12-05,deterministic_48h,39216.00697567641,19126.19331294748,15455.814805540293,6187.99944459707,422.0002295329673,20581.75943269582,23304.534753498603,43886.29418619443,8509.55358005871,8550.000000000007,115,1200.0000000000082,10800.000000000004
2025-12-05,no_storage,47078.60339821428,0.0,0.0,2528.438388278388,8295.414103159339,35709.05693647155,8639.835162539925,44348.89209901147,6000.0,6000.0,69,6000.0,6000.0
2025-12-05,stochastic_24h,45646.27827468458,20353.15708036223,16486.05723509341,2171.370523010986,2638.921269093404,24011.23312277643,6830.5458420226105,30841.77896479904,5999.999999999996,5999.999999999999,68,1199.999999999999,10800.0
2025-12-06,stochastic_48h,46666.444730107854,20808.711600529095,16855.05639642857,3405.2356195512807,2453.3943288919395,24450.299826846265,10491.304255506338,34941.6040823526,8549.999999999998,8550.000000000004,89,1200.0000000000036,10800.000000000002
2025-12-06,deterministic_48h,39724.09697293956,19219.724377289378,15567.976745604392,8101.611418681319,509.32994326923034,20754.874744128225,28622.748259010925,49377.62300313915,8550.000000000007,8550.000000000007,124,1200.0000000000082,10800.000000000007
2025-12-06,no_storage,47518.460764102565,0.0,0.0,2725.846847664836,6579.676795100732,35942.78210282715,9440.574137350945,45383.35624017809,6000.0,6000.0,78,6000.0,6000.0
2025-12-06,stochastic_24h,46666.444730107854,20808.7116005291,16855.05639642857,3405.2356195512803,2453.394328891939,24458.649826846264,10491.304255506338,34949.954082352604,5999.999999999999,6000.000000000003,89,1200.0000000000027,10800.0
2025-12-07,stochastic_48h,93428.21417103852,25422.68042497625,20592.37114423077,1920.4046454670354,2865.6282857600745,59798.114477256226,6347.349553714415,66145.46403097064,8550.000000000004,8550.000000000002,72,1199.999999999999,10800.0
2025-12-07,deterministic_48h,87224.96417170328,24833.33333333332,20114.999999999996,5553.728940201467,407.6785285714284,55288.64711737643,19233.867926670653,74522.51504404708,8550.000000000007,8550.000000000004,124,1200.0000000000036,10800.0
2025-12-07,no_storage,88573.1323297619,0.0,0.0,1920.4046454670352,2840.8557252289397,71316.08537140209,6347.349553714413,77663.43492511651,6000.0,6000.0,72,6000.0,6000.0
2025-12-07,stochastic_24h,93428.21417103852,25422.680424976254,20592.37114423077,1920.4046454670352,2865.6282857600745,59806.46447725623,6347.349553714414,66153.81403097065,6000.000000000003,6000.0,72,1199.9999999999973,10800.0
2025-12-08,stochastic_48h,95907.335250078,25514.61060914394,20666.834593406595,737.8706916208794,3950.2188092948727,61471.60974020054,2371.2791134327854,63842.888853633325,8550.000000000002,8550.0,36,1199.9999999999982,10800.0
2025-12-08,deterministic_48h,88996.41566449995,24964.371760333284,20221.141125869966,4293.489014835164,699.4629282051278,56464.666915275266,14538.997285371017,71003.66420064628,8550.000000000004,8550.000000000004,100,1200.0000000000018,10800.000000000004
2025-12-08,no_storage,91040.27764102563,0.0,0.0,737.8706916208794,3930.937215979854,73022.75432057933,2371.2791134327854,75394.03343401212,6000.0,6000.0,36,6000.0,6000.0
2025-12-08,stochastic_24h,95907.335250078,25514.610609143943,20666.834593406595,737.8706916208793,3950.2188092948727,61479.95974020054,2371.279113432785,63851.238853633324,6000.0,6000.000000000001,36,1199.9999999999982,10800.0
2025-12-09,stochastic_48h,96196.74500809648,25652.07852535838,20778.18360554029,730.8594009615374,4665.255222573261,61596.093208090715,3184.744848040447,64780.838056131164,8550.0,8550.000000000004,39,1200.0,10800.0
2025-12-09,deterministic_48h,88853.01242873534,25083.04297223352,20317.264807509157,4356.135354853479,1054.9153521978003,56335.58766458926,17174.731828799857,73510.31949338912,8550.000000000004,8549.999999999998,99,1199.9999999999982,10800.0
2025-12-09,no_storage,91294.37068127289,0.0,0.0,730.8594009615375,4636.775815567766,73132.4662657245,3184.7448480404473,76317.21111376495,6000.0,6000.0,39,6000.0,6000.0
2025-12-09,stochastic_24h,96196.74500809648,25652.078525358385,20778.18360554029,730.859400961537,4665.25522257326,61604.44320809071,3184.744848040446,64789.188056131155,6000.000000000001,6000.000000000004,39,1200.000000000001,10800.0
2025-12-10,stochastic_48h,95765.51597811354,25666.666666666664,20790.0,821.2553588369991,3322.4862036172162,61310.78560009773,2615.4341060008555,63926.21970609859,8550.000000000004,8550.000000000002,43,1200.0,10800.0
2025-12-10,deterministic_48h,88456.26599751502,25150.08829495093,20371.571518910256,5152.054963003665,442.18571781135586,56079.82066741165,17085.466207962236,73165.28687537389,8549.999999999998,8549.999999999996,119,1199.9999999999964,10799.999999999998
2025-12-10,no_storage,90864.90520091575,0.0,0.0,821.2553588369991,3298.54209308608,72858.74591208083,2615.4341060008555,75474.18001808168,6000.0,6000.0,43,6000.0,6000.0
2025-12-10,stochastic_24h,95765.51597811354,25666.66666666666,20790.0,821.2553588369991,3322.486203617216,61319.13560009774,2615.4341060008555,63934.569706098584,6000.000000000004,6000.0,43,1200.0,10800.0
2025-12-11,stochastic_48h,96175.45312912087,25666.666666666664,20790.000000000004,514.7301186355318,5852.261881089743,61719.86141656811,1596.1806882222772,63316.04210479038,8550.000000000002,8549.999999999996,25,1199.9999999999955,10800.0
2025-12-11,deterministic_48h,88653.79696726358,25010.714580450403,20258.678810164834,3757.9102481227114,1698.416745100733,56337.737337623956,13077.998410587137,69415.7357482111,8549.999999999996,8549.99999999999,96,1199.999999999991,10799.999999999996
2025-12-11,no_storage,91274.84235192307,0.0,0.0,514.7301186355318,5828.317770558608,73267.81486851205,1596.1806882222772,74863.99555673433,6000.0,6000.0,25,6000.0,6000.0
2025-12-11,stochastic_24h,96175.45312912087,25666.666666666664,20790.000000000004,514.7301186355319,5852.261881089743,61728.211416568105,1596.1806882222772,63324.392104790386,6000.0,5999.9999999999945,25,1199.9999999999945,10800.0
2025-12-12,stochastic_48h,49805.700291564914,21565.614802096054,17468.147989697805,1430.5986498626376,3424.4186456959715,26106.236504444103,4140.851299688141,30247.087804132243,8549.999999999996,8550.0,44,1199.9999999999955,10799.999999999998
2025-12-12,deterministic_48h,41194.70193863846,19656.763572841766,15921.978494001829,6966.961515613553,712.4648920787545,21563.017315218436,24423.895482702013,45986.91279792045,8549.99999999999,8549.999999999996,111,1199.9999999999955,10799.999999999993
2025-12-12,no_storage,50343.26886694139,0.0,0.0,512.7471972527461,7141.6025808608065,37871.54231521691,1933.962156178818,39805.50447139573,6000.0,6000.0,33,6000.0,6000.0
2025-12-12,stochastic_24h,49805.70029156492,21565.61480209606,17468.147989697805,1430.5986498626378,3424.4186456959715,26114.58650444411,4140.851299688142,30255.43780413225,5999.9999999999945,6000.000000000002,44,1199.9999999999982,10800.0
2025-12-13,stochastic_48h,50321.05640991159,21480.049496450047,17398.84009212454,664.7207660714282,3106.0343883241767,26286.491231908483,2849.0133614744473,29135.50459338293,8550.0,8549.999999999995,39,1199.9999999999945,10800.0
2025-12-13,deterministic_48h,41771.07444386164,19746.037985574098,15994.290768315017,6287.457769184981,508.2516124542125,21743.20595752748,24513.344090836876,46256.550048364355,8549.999999999996,8550.0,116,1200.000000000001,10799.999999999998
2025-12-13,no_storage,50635.57103246337,0.0,0.0,364.0488135531139,7201.086462683151,37994.940927367774,1609.7920874750475,39604.73301484282,6000.0,6000.0,25,6000.0,6000.0
2025-12-13,stochastic_24h,50321.05640991159,21480.049496450043,17398.84009212454,664.7207660714282,3106.0343883241767,26294.841231908482,2849.0133614744473,29143.85459338293,6000.000000000002,5999.999999999996,39,1199.9999999999964,10800.0
2025-12-14,stochastic_48h,96940.79010277777,25407.895456349204,20580.395319642856,524.4587505036616,3859.0269165750965,62070.17846315769,2247.9313836536803,64318.10984681136,8549.999999999995,8549.999999999995,25,1199.9999999999936,10799.999999999995
2025-12-14,deterministic_48h,88973.55169729852,24833.33333333333,20115.0,4895.801577197801,372.2981411630052,56415.73428191029,18274.985420084147,74690.71970199444,8550.0,8549.999999999996,121,1199.9999999999964,10800.0
2025-12-14,no_storage,92089.56455746337,0.0,0.0,524.4587505036616,3835.3015079670367,73607.27630668128,2247.9313836536794,75855.20769033497,6000.0,6000.0,25,6000.0,6000.0
2025-12-14,stochastic_24h,96940.79010277778,25407.895456349208,20580.395319642856,524.4587505036616,3859.026916575096,62078.52846315768,2247.9313836536803,64326.45984681137,5999.999999999996,6000.000000000002,25,1200.0,10800.0
2025-12-15,stochastic_48h,98778.00629528445,25460.007384570163,20622.60598150183,311.3464039377285,4782.393329487184,63216.23626898938,1175.5933162537765,64391.829585243155,8549.999999999995,8549.999999999996,16,1199.9999999999955,10799.999999999996
2025-12-15,deterministic_48h,90658.98669780954,24983.801938056793,20236.879569826007,4075.324508470695,517.8308713827851,57422.53046730986,14763.392479613962,72185.92294692382,8549.999999999996,8549.999999999995,107,1199.9999999999945,10799.999999999996
2025-12-15,no_storage,93925.04046346154,0.0,0.0,311.34640393772816,4766.828900732605,74781.5830117048,1175.5933162537756,75957.17632795857,6000.0,6000.0,16,6000.0,6000.0
2025-12-15,stochastic_24h,98778.00629528445,25460.007384570163,20622.60598150183,311.3464039377285,4782.393329487184,63224.586268989384,1175.5933162537765,64400.17958524315,6000.000000000002,6000.000000000002,16,1199.999999999999,10800.0
2025-12-16,stochastic_48h,99162.70443292632,25561.418603988604,20704.74906923077,215.15966776556832,5103.1032326007335,63595.11003487757,731.6010768377985,64326.71111171537,8549.999999999996,8549.999999999995,17,1199.9999999999945,10799.999999999996
2025-12-16,deterministic_48h,91032.6802639731,25080.17974387238,20314.94559253663,3879.5505190934073,728.9052983974367,57784.59866258627,14355.824133023903,72140.42279561018,8549.999999999995,8549.999999999995,105,1199.9999999999945,10799.999999999995
2025-12-16,no_storage,94294.88674688645,0.0,0.0,215.15966776556832,5091.9550813186825,75172.49717756128,731.6010768377985,75904.09825439908,6000.0,6000.0,17,6000.0,6000.0
2025-12-16,stochastic_24h,99162.70443292633,25561.418603988604,20704.74906923077,215.15966776556832,5103.1032326007335,63603.460034877564,731.6010768377985,64335.06111171537,6000.000000000002,5999.999999999998,17,1199.9999999999982,10800.0
2025-12-17,stochastic_48h,99419.52618084272,25420.204897967258,20590.36596735348,203.0572981227108,6600.89748168498,63678.47275028784,865.5247866919176,64543.997536979754,8549.999999999995,8549.999999999998,17,1199.9999999999945,10799.999999999996
2025-12-17,deterministic_48h,91177.05380799755,24938.966037851034,20200.562490659344,2759.4038786630044,1006.2070728021965,57795.890897688994,9667.501741365775,67463.39263905477,8549.999999999995,8549.999999999996,94,1199.9999999999964,10799.999999999996
2025-12-17,no_storage,94582.63874638279,0.0,0.0,203.0572981227108,6593.848977838826,75254.05888515705,865.5247866919176,76119.58367184899,6000.0,6000.0,17,6000.0,6000.0
2025-12-17,stochastic_24h,99419.5261808427,25420.20489796726,20590.36596735348,203.05729812271102,6600.89748168498,63686.82275028784,865.524786691918,64552.34753697975,5999.999999999998,6000.000000000003,17,1200.0,10800.000000000002
2025-12-18,stochastic_48h,99103.06852783034,25322.380998846827,20511.128609065938,232.7003450091571,7158.249516391942,63602.00421493965,631.8819789267616,64233.88619386642,8549.999999999998,8549.999999999996,18,1199.9999999999973,10799.999999999998
2025-12-18,deterministic_48h,90857.95679259372,24849.5691474472,20128.151009432237,3225.856479853481,1996.1281677655684,57711.679497296805,11851.589011174681,69563.26850847149,8549.999999999996,8549.999999999996,89,1199.9999999999955,10799.999999999996
2025-12-18,no_storage,94277.62524313186,0.0,0.0,232.700345009157,7144.058621474359,75164.85437886156,631.8819789267612,75796.73635778832,6000.0,6000.0,18,6000.0,6000.0
2025-12-18,stochastic_24h,99103.06852783033,25322.380998846827,20511.128609065938,232.7003450091571,7158.249516391942,63610.354214939645,631.8819789267616,64242.23619386641,6000.000000000003,5999.999999999998,18,1199.9999999999982,10800.0
2025-12-19,stochastic_48h,52660.27160629098,21429.809493058383,17358.14568937729,428.5618004578741,6108.778303067766,27691.40315370855,1909.2351586466507,29600.6383123552,8549.999999999996,8550.0,23,1199.9999999999973,10799.999999999998
2025-12-19,deterministic_48h,43796.686171675596,20072.315326391716,16258.575414377288,3816.5589335164836,891.1138931776559,22735.26238379493,14756.864916258586,37492.127300053515,8549.999999999996,8550.000000000002,105,1200.0000000000018,10800.0
2025-12-19,no_storage,52037.96390494505,0.0,0.0,301.43617431318637,9431.008779258242,39186.75224667562,1299.619515193221,40486.37176186884,6000.0,6000.0,19,6000.0,6000.0
2025-12-19,stochastic_24h,52660.27160629098,21429.809493058383,17358.14568937729,428.5618004578739,6108.778303067766,27699.753153708552,1909.2351586466505,29608.9883123552,5999.999999999998,6000.000000000006,23,1200.0000000000027,10800.000000000005
2025-12-20,stochastic_48h,52935.46630484387,21455.611628058155,17379.045418727103,97.42196382783908,6099.96980934066,27811.760605966156,329.82613557777086,28141.586741543928,8550.0,8550.000000000005,16,1200.0000000000027,10800.000000000005
2025-12-20,deterministic_48h,44068.89434832847,20220.329476213083,16378.4668757326,3399.7921142857144,770.4716121336985,22824.376013686102,13096.087925623946,35920.46393931005,8550.000000000002,8550.000000000004,104,1200.0000000000036,10800.000000000004
2025-12-20,no_storage,52351.441854807694,0.0,0.0,116.606050412088,9611.69565521978,39339.884440105205,440.96796205918116,39780.85240216438,6000.0,6000.0,16,6000.0,6000.0
2025-12-20,stochastic_24h,52935.46630484386,21455.61162805815,17379.045418727103,97.42196382783908,6099.96980934066,27820.110605966154,329.82613557777086,28149.936741543923,6000.000000000006,6000.000000000004,16,1200.0000000000018,10800.000000000004
2025-12-21,stochastic_48h,99036.58992448331,25410.95945891556,20582.87716172161,569.7563908424914,5740.4821514652,63676.274419648296,1921.5620091025185,65597.83642875083,8550.000000000005,8550.0,17,1199.999999999999,10800.0
2025-12-21,deterministic_48h,90694.70942226687,24921.679545572733,20186.56043191392,3972.3687227564096,894.1771646978016,57708.690031459744,13529.316635968473,71238.00666742821,8550.000000000004,8550.0,94,1199.9999999999982,10800.0
2025-12-21,no_storage,94194.31673237178,0.0,0.0,569.7563908424911,5726.291256547618,75260.34924533057,1921.5620091025175,77181.91125443309,6000.0,6000.0,17,6000.0,6000.0
2025-12-21,stochastic_24h,99036.58992448333,25410.959458915564,20582.87716172161,569.7563908424914,5740.4821514652,63684.6244196483,1921.5620091025185,65606.18642875082,6000.000000000004,5999.999999999999,17,1199.999999999999,10800.0
2025-12-22,stochastic_48h,100697.61446584531,25394.909285488167,20569.87652124542,121.13725013736189,7056.291868406592,64694.12480403863,625.1673307414109,65319.29213478003,8550.0,8550.0,14,1200.0,10800.0
2025-12-22,deterministic_48h,92335.86414181364,24905.093697033422,20173.12589459707,2168.838376739925,835.3076327838813,58713.04503957464,8227.922687983146,66940.96772755779,8550.0,8550.000000000004,97,1199.9999999999982,10800.000000000004
2025-12-22,no_storage,95872.1478047619,0.0,0.0,121.13725013736189,7055.8579715659325,76299.04411458765,625.1673307414109,76924.21144532906,6000.0,6000.0,14,6000.0,6000.0
2025-12-22,stochastic_24h,100697.61446584531,25394.909285488167,20569.87652124542,121.13725013736189,7056.291868406592,64702.474804038626,625.1673307414109,65327.642134780035,5999.999999999999,5999.999999999999,14,1199.999999999999,10800.0
2025-12-23,stochastic_48h,100861.77032546184,25529.86024510469,20679.1867985348,43.4457331043958,8796.450078663003,64869.052280126154,245.79061089537672,65114.84289102153,8550.0,8550.000000000004,6,1200.000000000001,10800.000000000004
2025-12-23,deterministic_48h,92420.83941310596,25040.04465664993,20282.43617188645,1228.7518269230752,1633.8902219322342,58842.18869597443,4252.153341673207,63094.342037647635,8550.000000000004,8550.0,71,1199.9999999999982,10800.0
2025-12-23,no_storage,96010.66298205128,0.0,0.0,43.4457331043958,8796.016181822344,76479.54894733074,245.79061089537672,76725.33955822611,6000.0,6000.0,6,6000.0,6000.0
2025-12-23,stochastic_24h,100861.77032546182,25529.86024510469,20679.1867985348,43.4457331043958,8796.450078663003,64877.40228012616,245.79061089537672,65123.192891021536,5999.999999999999,6000.000000000002,6,1199.999999999999,10800.0
2025-12-24,stochastic_48h,100122.84301128915,25589.277420126164,20727.3147103022,167.4145857600729,7573.735570558611,64233.113102576026,725.1357548008907,64958.24885737692,8550.000000000004,8549.999999999998,16,1199.9999999999982,10800.0
2025-12-24,deterministic_48h,91644.76458437287,25099.461831671415,20330.564083653844,2254.6930676739908,1276.0005873626374,58173.13795999959,8996.563407735797,67169.70136773538,8550.0,8550.0,85,1199.9999999999982,10800.0
2025-12-24,no_storage,95260.44640462454,0.0,0.0,167.41458576007324,7573.30167371795,75838.38531055034,725.1357548008914,76563.52106535122,6000.0,6000.0,16,6000.0,6000.0
2025-12-24,stochastic_24h,100122.84301128917,25589.277420126164,20727.3147103022,167.41458576007278,7573.735570558611,64241.46310257603,725.1357548008904,64966.59885737693,6000.000000000002,5999.999999999996,16,1199.9999999999964,10800.0
2025-12-25,stochastic_48h,99893.3990413795,25610.683587991225,20744.653706272893,239.33787815934193,7454.258504487179,64264.19540303547,806.1764054597564,65070.37180849522,8549.999999999998,8549.999999999998,13,1199.9999999999964,10799.999999999998
2025-12-25,deterministic_48h,91431.82611249434,25120.867999536466,20347.90307962454,2536.6633067307694,1383.075965979853,58218.93961877731,8323.891607626283,66542.83122640359,8550.0,8550.000000000004,82,1200.000000000001,10800.0
2025-12-25,no_storage,95026.93526282051,0.0,0.0,239.33787815934204,7453.824607646519,75874.98425010673,806.1764054597568,76681.16065556648,6000.0,6000.0,13,6000.0,6000.0
2025-12-25,stochastic_24h,99893.39904137951,25610.68358799123,20744.653706272893,239.33787815934193,7454.258504487179,64272.545403035474,806.1764054597564,65078.721808495226,5999.999999999996,5999.999999999999,13,1199.9999999999982,10800.0
2025-12-26,stochastic_48h,53523.284145013116,21583.705831185274,17482.80172326007,185.81373603479835,6600.571339789376,28288.161896843347,514.0193923759609,28802.18128921931,8549.999999999998,8550.0,10,1199.9999999999973,10799.999999999998
2025-12-26,deterministic_48h,44616.22783338364,20516.79132015104,16618.600969322342,3257.7231932692284,968.1382424908429,23211.810062425528,12145.157130137908,35356.96719256344,8550.000000000004,8550.000000000004,98,1200.0000000000036,10800.000000000004
2025-12-26,no_storage,53208.09553301282,0.0,0.0,56.89804368131888,10257.371143360804,40037.940313202314,226.22128787907596,40264.16160108139,6000.0,6000.0,7,6000.0,6000.0
2025-12-26,stochastic_24h,53523.28414501311,21583.705831185274,17482.80172326007,185.81373603479835,6600.571339789376,28296.511896843345,514.0193923759609,28810.53128921931,5999.999999999999,6000.000000000003,10,1199.999999999999,10800.0
2025-12-27,stochastic_48h,54128.90127978168,21679.915474607697,17560.731534432234,198.77729294871813,6869.68556588828,28548.774225927777,869.9736391167128,29418.74786504449,8550.0,8550.0,14,1200.000000000001,10800.000000000002
2025-12-27,deterministic_48h,45111.891787961824,20647.03943008637,16724.101938369964,3174.869577106226,1025.0148066849815,23354.097460580007,12249.09617210682,35603.19363268683,8550.000000000004,8550.000000000004,86,1200.0000000000045,10800.000000000004
2025-12-27,no_storage,53540.04134267399,0.0,0.0,168.1419123168501,10369.374188324178,40160.00679886105,804.986933421155,40964.99373228221,6000.0,6000.0,11,6000.0,6000.0
2025-12-27,stochastic_24h,54128.90127978168,21679.915474607693,17560.731534432234,198.77729294871813,6869.68556588828,28557.124225927775,869.9736391167128,29427.09786504449,6000.000000000003,6000.000000000001,14,1200.000000000001,10800.000000000002
2025-12-28,stochastic_48h,100597.43797119963,25666.666666666664,20790.0,90.66083182234411,9002.17738635531,64733.76383826343,442.2302984428112,65175.99413670624,8550.0,8550.000000000002,8,1200.0,10800.000000000002
2025-12-28,deterministic_48h,92014.76910294226,25208.571948684024,20418.943278434064,1947.694228663004,2363.5799113553103,58617.6728007867,6659.935696431571,65277.60849721828,8550.000000000004,8550.0,74,1200.0,10800.0
2025-12-28,no_storage,95713.93799560438,0.0,0.0,90.66083182234422,8995.34407742674,76346.4709639636,442.23029844281143,76788.70126240641,6000.0,6000.0,8,6000.0,6000.0
2025-12-28,stochastic_24h,100597.43797119963,25666.666666666664,20790.0,90.66083182234411,9002.17738635531,64742.11383826344,442.2302984428112,65184.34413670625,6000.000000000001,6000.000000000001,8,1200.0,10800.0
2025-12-29,stochastic_48h,101812.29648207728,25549.3120253923,20694.942740567763,90.6003499542121,9524.761280540291,65490.45471952981,408.8623228279059,65899.31704235771,8550.000000000002,8550.000000000004,7,1200.0,10800.000000000002
2025-12-29,deterministic_48h,93415.29341349432,25079.23081422692,20314.176959523807,1242.698258791208,2369.17155091575,59460.66658944432,4242.4052984785685,63703.07188792288,8550.0,8550.0,57,1199.999999999999,10800.0
2025-12-29,no_storage,96957.49330041208,0.0,0.0,90.60034995421222,9524.327383699634,77106.9381264222,408.86232282790615,77515.8004492501,6000.0,6000.0,7,6000.0,6000.0
2025-12-29,stochastic_24h,101812.29648207728,25549.312025392304,20694.942740567763,90.6003499542121,9524.761280540291,65498.8047195298,408.8623228279059,65907.6670423577,6000.000000000001,6000.000000000004,7,1200.000000000001,10800.000000000004
2025-12-30,stochastic_48h,101880.981559257,25608.567573542707,20742.939734569594,16.400762271062035,10807.351882554944,65554.96438796748,70.27762500295253,65625.24201297044,8550.000000000004,8549.999999999998,4,1199.9999999999982,10800.0
2025-12-30,deterministic_48h,93507.13105489813,25147.214173167366,20369.24348026557,807.6916845695943,3312.4494465659327,59544.22157951696,3122.974370808458,62667.19595032542,8550.0,8550.0,53,1199.999999999999,10800.0
2025-12-30,no_storage,97000.72892852564,0.0,0.0,16.400762271062035,10792.727090796703,77152.91343352325,70.27762500295253,77223.1910585262,6000.0,6000.0,4,6000.0,6000.0
2025-12-30,stochastic_24h,101880.981559257,25608.567573542703,20742.939734569594,16.400762271062035,10807.351882554944,65563.31438796749,70.27762500295253,65633.59201297043,6000.000000000004,5999.999999999998,4,1199.9999999999982,10800.0
2025-12-31,stochastic_48h,97714.03549020259,22402.273020056076,20440.84114624542,154.69990119047668,7260.880584249083,63230.16041221985,658.1182952190037,63888.27870743885,8549.999999999998,6000.000000000002,14,1200.0,10800.0
2025-12-31,deterministic_48h,90031.80472019568,22026.368767127933,20136.358701373625,2041.3967760989017,1536.7684972069592,57739.05485091333,8423.562319690913,66162.61717060424,8550.0,5999.999999999998,76,1199.9999999999982,10800.0
2025-12-31,no_storage,95748.37703237179,0.0,0.0,154.6999011904768,7256.654000228937,76009.75601688056,658.1182952190038,76667.87431209956,6000.0,6000.0,14,6000.0,6000.0
2025-12-31,stochastic_24h,100547.36882353591,25235.606353389412,20440.84114624542,154.69990119047668,7260.880584249083,64440.46041221984,658.1182952190037,65098.57870743884,5999.999999999998,6000.000000000002,14,1200.0,10800.0
