date,method,lp_status,lp_message,lp_objective_yuan,expected_cost_yuan,cleanup_objective_difference_yuan,cleanup_state_max_abs_kwh,simultaneous_periods_before_cleanup,simultaneous_periods_after_cleanup,horizon_periods,scenario_count,planning_initial_kwh,planning_terminal_kwh,seconds,latest_input_date,scenario_first_origin,scenario_last_origin,scenario_last_observed_date
2025-02-01,stochastic_48h,0,Optimization terminated successfully. (HiGHS Status 7: Optimal),85709.80093925515,85709.8009392551,-4.3655745685100555e-11,3.637978807091713e-12,0,0,288,23,6000.0,6000.0,0.07926820000284351,2025-01-31,2025-01-08,2025-01-30,2025-01-31
2025-02-01,deterministic_48h,0,Optimization terminated successfully. (HiGHS Status 7: Optimal),77590.72621216142,77590.72621216145,2.9103830456733704e-11,3.637978807091713e-12,0,0,288,1,6000.0,6000.0,0.011982099997112527,2025-01-31,2025-01-08,2025-01-30,2025-01-31
2025-02-01,stochastic_24h,0,Optimization terminated successfully. (HiGHS Status 7: Optimal),25917.19746988785,25917.197469887855,3.637978807091713e-12,3.637978807091713e-12,0,0,144,23,6000.0,6000.0,0.04083699999318924,2025-01-31,2025-01-08,2025-01-30,2025-01-31
2025-02-02,stochastic_48h,0,Optimization terminated successfully. (HiGHS Status 7: Optimal),118331.58406215046,118331.58406215045,-1.4551915228366852e-11,5.4569682106375694e-12,0,0,288,24,8550.0,6000.0,0.08284420000563841,2025-02-01,2025-01-08,2025-01-31,2025-02-01
2025-02-02,deterministic_48h,0,Optimization terminated successfully. (HiGHS Status 7: Optimal),109528.54426533561,109528.54426533561,0.0,5.4569682106375694e-12,0,0,288,1,8549.999999999998,6000.0,0.010934200006886385,2025-02-01,2025-01-08,2025-01-31,2025-02-01
2025-02-02,stochastic_24h,0,Optimization terminated successfully. (HiGHS Status 7: Optimal),60116.62169692352,60116.62169692351,-7.275957614183426e-12,3.637978807091713e-12,0,0,144,24,5999.999999999999,6000.0,0.03765019999991637,2025-02-01,2025-01-08,2025-01-31,2025-02-01
2025-02-03,stochastic_48h,0,Optimization terminated successfully. (HiGHS Status 7: Optimal),117520.80900535185,117520.80900535171,-1.4551915228366852e-10,3.637978807091713e-12,0,0,288,25,8550.000000000004,6000.0,0.07903770000848453,2025-02-02,2025-01-08,2025-02-01,2025-02-02
2025-02-03,deterministic_48h,0,Optimization terminated successfully. (HiGHS Status 7: Optimal),108839.48670073267,108839.48670073265,-1.4551915228366852e-11,7.275957614183426e-12,0,0,288,1,8549.999999999998,6000.0,0.013616199998068623,2025-02-02,2025-01-08,2025-02-01,2025-02-02
2025-02-03,stochastic_24h,0,Optimization terminated successfully. (HiGHS Status 7: Optimal),59625.65919348561,59625.65919348557,-4.3655745685100555e-11,4.547473508864641e-12,0,0,144,25,6000.000000000002,6000.0,0.0389603000076022,2025-02-02,2025-01-08,2025-02-01,2025-02-02
2025-02-04,stochastic_48h,0,Optimization terminated successfully. (HiGHS Status 7: Optimal),117173.71023322947,117173.71023322962,1.4551915228366852e-10,3.637978807091713e-12,0,0,288,26,8550.000000000004,6000.0,0.09978020000562537,2025-02-03,2025-01-08,2025-02-02,2025-02-03
2025-02-04,deterministic_48h,0,Optimization terminated successfully. (HiGHS Status 7: Optimal),108644.49497979549,108644.49497979549,0.0,9.094947017729282e-12,0,0,288,1,8549.999999999995,6000.0,0.01108899999235291,2025-02-03,2025-01-08,2025-02-02,2025-02-03
2025-02-04,stochastic_24h,0,Optimization terminated successfully. (HiGHS Status 7: Optimal),59466.73660591251,59466.73660591243,-8.003553375601768e-11,5.4569682106375694e-12,0,0,144,26,6000.000000000005,6000.0,0.04225699999369681,2025-02-03,2025-01-08,2025-02-02,2025-02-03
2025-02-05,stochastic_48h,0,Optimization terminated successfully. (HiGHS Status 7: Optimal),117390.84551340435,117390.84551340455,2.0372681319713593e-10,3.637978807091713e-12,0,0,288,27,8550.000000000004,6000.0,0.08922449999954551,2025-02-04,2025-01-08,2025-02-03,2025-02-04
2025-02-05,deterministic_48h,0,Optimization terminated successfully. (HiGHS Status 7: Optimal),108877.46900130689,108877.46900130695,5.820766091346741e-11,1.1823431123048067e-11,0,0,288,1,8549.999999999995,6000.0,0.011411500003305264,2025-02-04,2025-01-08,2025-02-03,2025-02-04
2025-02-05,stochastic_24h,0,Optimization terminated successfully. (HiGHS Status 7: Optimal),59421.822395179675,59421.822395179595,-8.003553375601768e-11,3.637978807091713e-12,0,0,144,27,6000.000000000003,6000.0,0.04349650000222027,2025-02-04,2025-01-08,2025-02-03,2025-02-04
2025-02-06,stochastic_48h,0,Optimization terminated successfully. (HiGHS Status 7: Optimal),83592.39149353893,83592.39149353922,2.9103830456733704e-10,3.637978807091713e-12,0,0,288,28,8550.0,6000.0,0.0978021000046283,2025-02-05,2025-01-08,2025-02-04,2025-02-05
2025-02-06,deterministic_48h,0,Optimization terminated successfully. (HiGHS Status 7: Optimal),75742.79283551314,75742.79283551313,-1.4551915228366852e-11,1.1368683772161603e-11,0,0,288,1,8549.99999999999,6000.0,0.012229100000695325,2025-02-05,2025-01-08,2025-02-04,2025-02-05
2025-02-06,stochastic_24h,0,Optimization terminated successfully. (HiGHS Status 7: Optimal),59889.22911256166,59889.22911256163,-2.9103830456733704e-11,1.8189894035458565e-12,0,0,144,28,5999.999999999999,6000.0,0.04643940000096336,2025-02-05,2025-01-08,2025-02-04,2025-02-05
2025-02-07,stochastic_48h,0,Optimization terminated successfully. (HiGHS Status 7: Optimal),48898.83298420037,48898.832984200344,-2.9103830456733704e-11,7.275957614183426e-12,0,0,288,28,8550.000000000004,6000.0,0.09091499999340158,2025-02-06,2025-01-09,2025-02-05,2025-02-06
2025-02-07,deterministic_48h,0,Optimization terminated successfully. (HiGHS Status 7: Optimal),41910.976938973865,41910.97693897387,7.275957614183426e-12,9.094947017729282e-12,0,0,288,1,8549.999999999993,6000.0,0.010374599994975142,2025-02-06,2025-01-09,2025-02-05,2025-02-06
2025-02-07,stochastic_24h,0,Optimization terminated successfully. (HiGHS Status 7: Optimal),25353.322608084043,25353.322608084014,-2.9103830456733704e-11,2.7284841053187847e-12,0,0,144,28,6000.000000000001,6000.0,0.047792900004424155,2025-02-06,2025-01-09,2025-02-05,2025-02-06
2025-02-08,stochastic_48h,0,Optimization terminated successfully. (HiGHS Status 7: Optimal),81754.30665562232,81754.30665562226,-5.820766091346741e-11,1.4551915228366852e-11,0,0,288,28,8550.000000000007,6000.0,0.09981840000546072,2025-02-07,2025-01-10,2025-02-06,2025-02-07
2025-02-08,deterministic_48h,0,Optimization terminated successfully. (HiGHS Status 7: Optimal),74346.21125706249,74346.2112570625,1.4551915228366852e-11,3.637978807091713e-12,0,0,288,1,8529.949523507623,6000.0,0.011962899996433407,2025-02-07,2025-01-10,2025-02-06,2025-02-07
2025-02-08,stochastic_24h,0,Optimization terminated successfully. (HiGHS Status 7: Optimal),24586.341481844855,24586.341481844847,-7.275957614183426e-12,1.8189894035458565e-12,0,0,144,28,6000.000000000003,6000.0,0.04486270000052173,2025-02-07,2025-01-10,2025-02-06,2025-02-07
2025-02-09,stochastic_48h,0,Optimization terminated successfully. (HiGHS Status 7: Optimal),114759.39928745925,114759.39928745925,0.0,1.3642420526593924e-11,0,0,288,28,8550.000000000011,6000.0,0.09971930000756402,2025-02-08,2025-01-11,2025-02-07,2025-02-08
2025-02-09,deterministic_48h,0,Optimization terminated successfully. (HiGHS Status 7: Optimal),106790.68691542164,106790.6869154217,5.820766091346741e-11,3.637978807091713e-12,0,0,288,1,8550.000000000002,6000.0,0.012610899997525848,2025-02-08,2025-01-11,2025-02-07,2025-02-08
2025-02-09,stochastic_24h,0,Optimization terminated successfully. (HiGHS Status 7: Optimal),58054.78890697884,58054.78890697882,-2.1827872842550278e-11,1.8189894035458565e-12,0,0,144,28,6000.000000000001,6000.0,0.04154049999488052,2025-02-08,2025-01-11,2025-02-07,2025-02-08
2025-02-10,stochastic_48h,0,Optimization terminated successfully. (HiGHS Status 7: Optimal),115331.86131334801,115331.86131334805,4.3655745685100555e-11,2.7284841053187847e-12,0,0,288,28,8550.000000000011,6000.0,0.09361039999930654,2025-02-09,2025-01-12,2025-02-08,2025-02-09
2025-02-10,deterministic_48h,0,Optimization terminated successfully. (HiGHS Status 7: Optimal),107451.73901821743,107451.73901821741,-1.4551915228366852e-11,3.637978807091713e-12,0,0,288,1,8550.0,6000.0,0.01082239999959711,2025-02-09,2025-01-12,2025-02-08,2025-02-09
2025-02-10,stochastic_24h,0,Optimization terminated successfully. (HiGHS Status 7: Optimal),58503.883185996565,58503.88318599664,7.275957614183426e-11,1.8189894035458565e-12,0,0,144,28,6000.0,6000.0,0.04541900000185706,2025-02-09,2025-01-12,2025-02-08,2025-02-09
2025-02-11,stochastic_48h,0,Optimization terminated successfully. (HiGHS Status 7: Optimal),113025.10354622755,113025.10354622759,4.3655745685100555e-11,9.094947017729282e-12,0,0,288,28,8549.999999999998,6000.0,0.09218319998763036,2025-02-10,2025-01-13,2025-02-09,2025-02-10
2025-02-11,deterministic_48h,0,Optimization terminated successfully. (HiGHS Status 7: Optimal),105273.10765818717,105273.10765818725,7.275957614183426e-11,8.185452315956354e-12,0,0,288,1,8550.0,6000.0,0.010854699998162687,2025-02-10,2025-01-13,2025-02-09,2025-02-10
2025-02-11,stochastic_24h,0,Optimization terminated successfully. (HiGHS Status 7: Optimal),57273.10615878906,57273.10615878904,-1.4551915228366852e-11,5.4569682106375694e-12,0,0,144,28,5999.999999999999,6000.0,0.046552799991331995,2025-02-10,2025-01-13,2025-02-09,2025-02-10
2025-02-12,stochastic_48h,0,Optimization terminated successfully. (HiGHS Status 7: Optimal),112268.62518958202,112268.62518958194,-7.275957614183426e-11,1.4551915228366852e-11,0,0,288,28,8549.999999999993,6000.0,0.0983494999964023,2025-02-11,2025-01-14,2025-02-10,2025-02-11
2025-02-12,deterministic_48h,0,Optimization terminated successfully. (HiGHS Status 7: Optimal),104718.6366118823,104718.6366118823,0.0,5.4569682106375694e-12,0,0,288,1,8550.000000000005,6000.0,0.012017599990940653,2025-02-11,2025-01-14,2025-02-10,2025-02-11
2025-02-12,stochastic_24h,0,Optimization terminated successfully. (HiGHS Status 7: Optimal),56901.48013210838,56901.4801321084,2.1827872842550278e-11,5.4569682106375694e-12,0,0,144,28,5999.9999999999945,6000.0,0.04542840000067372,2025-02-11,2025-01-14,2025-02-10,2025-02-11
2025-02-13,stochastic_48h,0,Optimization terminated successfully. (HiGHS Status 7: Optimal),76841.57113733873,76841.5711373386,-1.3096723705530167e-10,1.6370904631912708e-11,0,0,288,28,8549.999999999989,6000.0,0.0942631999932928,2025-02-12,2025-01-15,2025-02-11,2025-02-12
2025-02-13,deterministic_48h,0,Optimization terminated successfully. (HiGHS Status 7: Optimal),70688.4770512214,70688.47705122139,-1.4551915228366852e-11,4.092726157978177e-12,0,0,288,1,8550.000000000004,6000.0,0.01136390000465326,2025-02-12,2025-01-15,2025-02-11,2025-02-12
2025-02-13,stochastic_24h,0,Optimization terminated successfully. (HiGHS Status 7: Optimal),56117.621461891424,56117.621461891504,8.003553375601768e-11,3.637978807091713e-12,0,0,144,28,5999.999999999995,6000.0,0.04520259999844711,2025-02-12,2025-01-15,2025-02-11,2025-02-12
2025-02-14,stochastic_48h,0,Optimization terminated successfully. (HiGHS Status 7: Optimal),41126.039149942,41126.0391499421,1.0186340659856796e-10,2.7284841053187847e-12,0,0,288,28,7949.999999999986,6000.0,0.09465289999207016,2025-02-13,2025-01-16,2025-02-12,2025-02-13
2025-02-14,deterministic_48h,0,Optimization terminated successfully. (HiGHS Status 7: Optimal),37539.6972520377,37539.69725203771,7.275957614183426e-12,8.185452315956354e-12,0,0,288,1,7949.999999999997,6000.0,0.010748200002126396,2025-02-13,2025-01-16,2025-02-12,2025-02-13
2025-02-14,stochastic_24h,0,Optimization terminated successfully. (HiGHS Status 7: Optimal),21384.627636856985,21384.62763685697,-1.4551915228366852e-11,4.547473508864641e-12,0,0,144,28,5999.999999999998,6000.0,0.042378899990580976,2025-02-13,2025-01-16,2025-02-12,2025-02-13
2025-02-15,stochastic_48h,0,Optimization terminated successfully. (HiGHS Status 7: Optimal),72585.15149113527,72585.1514911352,-7.275957614183426e-11,6.366462912410498e-12,0,0,288,28,7949.999999999999,6000.0,0.08535189999383874,2025-02-14,2025-01-17,2025-02-13,2025-02-14
2025-02-15,deterministic_48h,0,Optimization terminated successfully. (HiGHS Status 7: Optimal),67627.1479438652,67627.14794386516,-4.3655745685100555e-11,3.637978807091713e-12,0,0,288,1,7753.994565516886,6000.0,0.011894200011738576,2025-02-14,2025-01-17,2025-02-13,2025-02-14
2025-02-15,stochastic_24h,0,Optimization terminated successfully. (HiGHS Status 7: Optimal),20766.0832209507,20766.08322095067,-2.9103830456733704e-11,5.4569682106375694e-12,0,0,144,28,5999.999999999997,6000.0,0.041274500006693415,2025-02-14,2025-01-17,2025-02-13,2025-02-14
2025-02-16,stochastic_48h,0,Optimization terminated successfully. (HiGHS Status 7: Optimal),104214.16366243552,104214.16366243549,-2.9103830456733704e-11,6.821210263296962e-12,0,0,288,28,8549.999999999996,6000.0,0.0927055000065593,2025-02-15,2025-01-18,2025-02-14,2025-02-15
2025-02-16,deterministic_48h,0,Optimization terminated successfully. (HiGHS Status 7: Optimal),97330.50836319858,97330.50836319856,-1.4551915228366852e-11,5.4569682106375694e-12,0,0,288,1,8550.000000000004,6000.0,0.011432900006184354,2025-02-15,2025-01-18,2025-02-14,2025-02-15
2025-02-16,stochastic_24h,0,Optimization terminated successfully. (HiGHS Status 7: Optimal),52960.51216098125,52960.5121609812,-5.093170329928398e-11,3.637978807091713e-12,0,0,144,28,5999.999999999997,6000.0,0.049232100005610846,2025-02-15,2025-01-18,2025-02-14,2025-02-15
2025-02-17,stochastic_48h,0,Optimization terminated successfully. (HiGHS Status 7: Optimal),103612.28745225369,103612.28745225345,-2.3283064365386963e-10,5.4569682106375694e-12,0,0,288,28,8549.999999999996,6000.0,0.09434500000497792,2025-02-16,2025-01-19,2025-02-15,2025-02-16
2025-02-17,deterministic_48h,0,Optimization terminated successfully. (HiGHS Status 7: Optimal),96756.43249533129,96756.43249533126,-2.9103830456733704e-11,7.275957614183426e-12,0,0,288,1,8549.999999999996,6000.0,0.012526899998192675,2025-02-16,2025-01-19,2025-02-15,2025-02-16
2025-02-17,stochastic_24h,0,Optimization terminated successfully. (HiGHS Status 7: Optimal),52774.31804218932,52774.31804218931,-7.275957614183426e-12,1.8189894035458565e-12,0,0,144,28,6000.0,6000.0,0.04313350000302307,2025-02-16,2025-01-19,2025-02-15,2025-02-16
2025-02-18,stochastic_48h,0,Optimization terminated successfully. (HiGHS Status 7: Optimal),101535.58517604967,101535.58517604966,-1.4551915228366852e-11,7.275957614183426e-12,0,0,288,28,8549.999999999998,6000.0,0.09397280000848696,2025-02-17,2025-01-20,2025-02-16,2025-02-17
2025-02-18,deterministic_48h,0,Optimization terminated successfully. (HiGHS Status 7: Optimal),94863.802793354,94863.80279335401,1.4551915228366852e-11,5.4569682106375694e-12,0,0,288,1,8549.999999999996,6000.0,0.012836299996706657,2025-02-17,2025-01-20,2025-02-16,2025-02-17
2025-02-18,stochastic_24h,0,Optimization terminated successfully. (HiGHS Status 7: Optimal),51682.55601380065,51682.55601380062,-2.9103830456733704e-11,3.637978807091713e-12,0,0,144,28,6000.0,6000.0,0.04467339999973774,2025-02-17,2025-01-20,2025-02-16,2025-02-17
2025-02-19,stochastic_48h,0,Optimization terminated successfully. (HiGHS Status 7: Optimal),101049.97019078629,101049.97019078622,-7.275957614183426e-11,8.185452315956354e-12,0,0,288,28,8549.999999999996,6000.0,0.0842362000112189,2025-02-18,2025-01-21,2025-02-17,2025-02-18
2025-02-19,deterministic_48h,0,Optimization terminated successfully. (HiGHS Status 7: Optimal),94531.83039634475,94531.83039634475,0.0,9.094947017729282e-12,0,0,288,1,8549.999999999996,6000.0,0.012776000003213994,2025-02-18,2025-01-21,2025-02-17,2025-02-18
2025-02-19,stochastic_24h,0,Optimization terminated successfully. (HiGHS Status 7: Optimal),51359.99454528552,51359.99454528555,3.637978807091713e-11,2.7284841053187847e-12,0,0,144,28,6000.000000000001,6000.0,0.041675199987366796,2025-02-18,2025-01-21,2025-02-17,2025-02-18
2025-02-20,stochastic_48h,0,Optimization terminated successfully. (HiGHS Status 7: Optimal),69594.13660932344,69594.13660932326,-1.7462298274040222e-10,7.275957614183426e-12,0,0,288,28,8549.999999999996,6000.0,0.08501369999430608,2025-02-19,2025-01-22,2025-02-18,2025-02-19
2025-02-20,deterministic_48h,0,Optimization terminated successfully. (HiGHS Status 7: Optimal),65173.91252400986,65173.91252400984,-2.1827872842550278e-11,5.4569682106375694e-12,0,0,288,1,8549.999999999996,6000.0,0.01022680000460241,2025-02-19,2025-01-22,2025-02-18,2025-02-19
2025-02-20,stochastic_24h,0,Optimization terminated successfully. (HiGHS Status 7: Optimal),51416.81958964521,51416.81958964519,-2.1827872842550278e-11,7.275957614183426e-12,0,0,144,28,6000.000000000003,6000.0,0.04487410000001546,2025-02-19,2025-01-22,2025-02-18,2025-02-19
2025-02-21,stochastic_48h,0,Optimization terminated successfully. (HiGHS Status 7: Optimal),37737.97584437218,37737.97584437212,-5.820766091346741e-11,5.9117155615240335e-12,0,0,288,28,7278.201678232254,6000.0,0.08428509999066591,2025-02-20,2025-01-23,2025-02-19,2025-02-20
2025-02-21,deterministic_48h,0,Optimization terminated successfully. (HiGHS Status 7: Optimal),35611.74769021119,35611.747690211174,-1.4551915228366852e-11,1.000444171950221e-11,0,0,288,1,7116.906741951567,6000.0,0.01074019999941811,2025-02-20,2025-01-23,2025-02-19,2025-02-20
2025-02-21,stochastic_24h,0,Optimization terminated successfully. (HiGHS Status 7: Optimal),19393.87990113366,19393.87990113364,-1.8189894035458565e-11,1.8189894035458565e-12,0,0,144,28,5999.9999999999945,6000.0,0.05005200000596233,2025-02-20,2025-01-23,2025-02-19,2025-02-20
2025-02-22,stochastic_48h,0,Optimization terminated successfully. (HiGHS Status 7: Optimal),67836.60523428567,67836.60523428555,-1.1641532182693481e-10,3.637978807091713e-12,0,0,288,28,7037.227469647942,6000.0,0.08375649999652524,2025-02-21,2025-01-24,2025-02-20,2025-02-21
2025-02-22,deterministic_48h,0,Optimization terminated successfully. (HiGHS Status 7: Optimal),63804.98602726249,63804.98602726248,-7.275957614183426e-12,3.637978807091713e-12,0,0,288,1,6864.990064194145,6000.0,0.009665499994298443,2025-02-21,2025-01-24,2025-02-20,2025-02-21
2025-02-22,stochastic_24h,0,Optimization terminated successfully. (HiGHS Status 7: Optimal),18967.74506135361,18967.74506135359,-1.8189894035458565e-11,1.8189894035458565e-12,0,0,144,28,6000.0,6000.0,0.0388266000081785,2025-02-21,2025-01-24,2025-02-20,2025-02-21
2025-02-23,stochastic_48h,0,Optimization terminated successfully. (HiGHS Status 7: Optimal),98674.28439244407,98674.2843924442,1.3096723705530167e-10,3.637978807091713e-12,0,0,288,28,8549.999999999998,6000.0,0.09340270000393502,2025-02-22,2025-01-25,2025-02-21,2025-02-22
2025-02-23,deterministic_48h,0,Optimization terminated successfully. (HiGHS Status 7: Optimal),92341.5772114894,92341.57721148945,4.3655745685100555e-11,4.092726157978177e-12,0,0,288,1,8550.0,6000.0,0.011054099988541566,2025-02-22,2025-01-25,2025-02-21,2025-02-22
2025-02-23,stochastic_24h,0,Optimization terminated successfully. (HiGHS Status 7: Optimal),50068.307102868275,50068.30710286823,-4.3655745685100555e-11,1.8189894035458565e-12,0,0,144,28,6000.0,6000.0,0.045531299998401664,2025-02-22,2025-01-25,2025-02-21,2025-02-22
2025-02-24,stochastic_48h,0,Optimization terminated successfully. (HiGHS Status 7: Optimal),99312.84318197802,99312.84318197808,5.820766091346741e-11,5.4569682106375694e-12,0,0,288,28,8550.000000000002,6000.0,0.09709389999625273,2025-02-23,2025-01-26,2025-02-22,2025-02-23
2025-02-24,deterministic_48h,0,Optimization terminated successfully. (HiGHS Status 7: Optimal),92783.42217046734,92783.42217046733,-1.4551915228366852e-11,6.366462912410498e-12,0,0,288,1,8549.999999999996,6000.0,0.01263729999482166,2025-02-23,2025-01-26,2025-02-22,2025-02-23
2025-02-24,stochastic_24h,0,Optimization terminated successfully. (HiGHS Status 7: Optimal),50360.23899457505,50360.23899457499,-5.820766091346741e-11,5.4569682106375694e-12,0,0,144,28,6000.0,6000.0,0.0434524999873247,2025-02-23,2025-01-26,2025-02-22,2025-02-23
2025-02-25,stochastic_48h,0,Optimization terminated successfully. (HiGHS Status 7: Optimal),97627.62561628131,97627.62561628119,-1.1641532182693481e-10,3.637978807091713e-12,0,0,288,28,8549.999999999998,6000.0,0.0948493000032613,2025-02-24,2025-01-27,2025-02-23,2025-02-24
2025-02-25,deterministic_48h,0,Optimization terminated successfully. (HiGHS Status 7: Optimal),91204.45415503654,91204.45415503657,2.9103830456733704e-11,7.275957614183426e-12,0,0,288,1,8549.999999999996,6000.0,0.01242169999750331,2025-02-24,2025-01-27,2025-02-23,2025-02-24
2025-02-25,stochastic_24h,0,Optimization terminated successfully. (HiGHS Status 7: Optimal),49577.33048987321,49577.33048987317,-3.637978807091713e-11,1.8189894035458565e-12,0,0,144,28,5999.999999999996,6000.0,0.045194000005722046,2025-02-24,2025-01-27,2025-02-23,2025-02-24
2025-02-26,stochastic_48h,0,Optimization terminated successfully. (HiGHS Status 7: Optimal),95389.36461352865,95389.36461352868,2.9103830456733704e-11,3.637978807091713e-12,0,0,288,28,8550.0,6000.0,0.10060269999667071,2025-02-25,2025-01-28,2025-02-24,2025-02-25
2025-02-26,deterministic_48h,0,Optimization terminated successfully. (HiGHS Status 7: Optimal),89082.33018733595,89082.33018733597,2.9103830456733704e-11,5.4569682106375694e-12,0,0,288,1,8549.999999999996,6000.0,0.012060399996698834,2025-02-25,2025-01-28,2025-02-24,2025-02-25
2025-02-26,stochastic_24h,0,Optimization terminated successfully. (HiGHS Status 7: Optimal),48483.232301229116,48483.23230122906,-5.820766091346741e-11,3.637978807091713e-12,0,0,144,28,6000.000000000001,6000.0,0.04336219999822788,2025-02-25,2025-01-28,2025-02-24,2025-02-25
2025-02-27,stochastic_48h,0,Optimization terminated successfully. (HiGHS Status 7: Optimal),65387.01105625904,65387.01105625904,0.0,3.637978807091713e-12,0,0,288,28,8550.0,6000.0,0.08362330000090878,2025-02-26,2025-01-29,2025-02-25,2025-02-26
2025-02-27,deterministic_48h,0,Optimization terminated successfully. (HiGHS Status 7: Optimal),61275.080854058586,61275.080854058586,0.0,3.637978807091713e-12,0,0,288,1,8550.0,6000.0,0.010004099996876903,2025-02-26,2025-01-29,2025-02-25,2025-02-26
2025-02-27,stochastic_24h,0,Optimization terminated successfully. (HiGHS Status 7: Optimal),48175.30293992096,48175.30293992094,-2.1827872842550278e-11,3.637978807091713e-12,0,0,144,28,6000.0,6000.0,0.04448870000487659,2025-02-26,2025-01-29,2025-02-25,2025-02-26
2025-02-28,stochastic_48h,0,Optimization terminated successfully. (HiGHS Status 7: Optimal),36104.085761992144,36104.08576199215,7.275957614183426e-12,5.4569682106375694e-12,0,0,288,28,6576.167136375663,6000.0,0.07507110000005923,2025-02-27,2025-01-30,2025-02-26,2025-02-27
2025-02-28,deterministic_48h,0,Optimization terminated successfully. (HiGHS Status 7: Optimal),34098.87744440127,34098.877444401274,7.275957614183426e-12,5.4569682106375694e-12,0,0,288,1,6504.922598890924,6000.0,0.009393799991812557,2025-02-27,2025-01-30,2025-02-26,2025-02-27
2025-02-28,stochastic_24h,0,Optimization terminated successfully. (HiGHS Status 7: Optimal),18395.637492314854,18395.63749231484,-1.4551915228366852e-11,2.7284841053187847e-12,0,0,144,28,6000.000000000003,6000.0,0.04175579998991452,2025-02-27,2025-01-30,2025-02-26,2025-02-27
2025-03-01,stochastic_48h,0,Optimization terminated successfully. (HiGHS Status 7: Optimal),64073.20851827886,64073.2085182789,4.3655745685100555e-11,3.637978807091713e-12,0,0,288,28,6326.310155850632,6000.0,0.08313689999340568,2025-02-28,2025-01-31,2025-02-27,2025-02-28
2025-03-01,deterministic_48h,0,Optimization terminated successfully. (HiGHS Status 7: Optimal),60025.6551740213,60025.655174021274,-2.9103830456733704e-11,5.4569682106375694e-12,0,0,288,1,6244.519516575094,6000.0,0.010199500000453554,2025-02-28,2025-01-31,2025-02-27,2025-02-28
2025-03-01,stochastic_24h,0,Optimization terminated successfully. (HiGHS Status 7: Optimal),18016.460120147127,18016.46012014714,1.4551915228366852e-11,3.637978807091713e-12,0,0,144,28,6000.000000000002,6000.0,0.037159600004088134,2025-02-28,2025-01-31,2025-02-27,2025-02-28
2025-03-02,stochastic_48h,0,Optimization terminated successfully. (HiGHS Status 7: Optimal),93721.65117086901,93721.65117086886,-1.4551915228366852e-10,7.275957614183426e-12,0,0,288,28,8550.000000000002,6000.0,0.09828610000840854,2025-03-01,2025-02-01,2025-02-28,2025-03-01
2025-03-02,deterministic_48h,0,Optimization terminated successfully. (HiGHS Status 7: Optimal),87024.23851034982,87024.23851034984,1.4551915228366852e-11,3.637978807091713e-12,0,0,288,1,8550.000000000004,6000.0,0.011277500001597218,2025-03-01,2025-02-01,2025-02-28,2025-03-01
2025-03-02,stochastic_24h,0,Optimization terminated successfully. (HiGHS Status 7: Optimal),47396.27397205279,47396.27397205277,-2.1827872842550278e-11,3.637978807091713e-12,0,0,144,28,6000.000000000002,6000.0,0.043242300002020784,2025-03-01,2025-02-01,2025-02-28,2025-03-01
2025-03-03,stochastic_48h,0,Optimization terminated successfully. (HiGHS Status 7: Optimal),97945.46973420084,97945.46973420092,7.275957614183426e-11,5.4569682106375694e-12,0,0,288,28,8549.999999999996,6000.0,0.0940483000013046,2025-03-02,2025-02-02,2025-03-01,2025-03-02
2025-03-03,deterministic_48h,0,Optimization terminated successfully. (HiGHS Status 7: Optimal),90018.45758381256,90018.45758381265,8.731149137020111e-11,2.2737367544323206e-12,0,0,288,1,8550.000000000002,6000.0,0.009924599988153204,2025-03-02,2025-02-02,2025-03-01,2025-03-02
2025-03-03,stochastic_24h,0,Optimization terminated successfully. (HiGHS Status 7: Optimal),49245.61482846475,49245.61482846479,4.3655745685100555e-11,1.8189894035458565e-12,0,0,144,28,5999.999999999998,6000.0,0.04241660000116099,2025-03-02,2025-02-02,2025-03-01,2025-03-02
2025-03-04,stochastic_48h,0,Optimization terminated successfully. (HiGHS Status 7: Optimal),101239.69321034325,101239.69321034336,1.1641532182693481e-10,7.275957614183426e-12,0,0,288,28,8549.999999999996,6000.0,0.09182980000332464,2025-03-03,2025-02-03,2025-03-02,2025-03-03
2025-03-04,deterministic_48h,0,Optimization terminated successfully. (HiGHS Status 7: Optimal),92233.41483467842,92233.4148346784,-1.4551915228366852e-11,4.547473508864641e-12,0,0,288,1,8550.0,6000.0,0.011572999996133149,2025-03-03,2025-02-03,2025-03-02,2025-03-03
2025-03-04,stochastic_24h,0,Optimization terminated successfully. (HiGHS Status 7: Optimal),50816.550120896194,50816.5501208962,7.275957614183426e-12,3.637978807091713e-12,0,0,144,28,5999.999999999998,6000.0,0.045731200007139705,2025-03-03,2025-02-03,2025-03-02,2025-03-03
2025-03-05,stochastic_48h,0,Optimization terminated successfully. (HiGHS Status 7: Optimal),102134.6544885373,102134.65448853755,2.473825588822365e-10,1.000444171950221e-11,0,0,288,28,8549.999999999996,6000.0,0.09497459999693092,2025-03-04,2025-02-04,2025-03-03,2025-03-04
2025-03-05,deterministic_48h,0,Optimization terminated successfully. (HiGHS Status 7: Optimal),92894.47708051962,92894.47708051963,1.4551915228366852e-11,2.7284841053187847e-12,0,0,288,1,8550.000000000004,6000.0,0.011267900001257658,2025-03-04,2025-02-04,2025-03-03,2025-03-04
2025-03-05,stochastic_24h,0,Optimization terminated successfully. (HiGHS Status 7: Optimal),51521.7864346719,51521.7864346719,0.0,5.4569682106375694e-12,0,0,144,28,6000.0,6000.0,0.042008599994005635,2025-03-04,2025-02-04,2025-03-03,2025-03-04
2025-03-06,stochastic_48h,0,Optimization terminated successfully. (HiGHS Status 7: Optimal),69304.7994867068,69304.79948670673,-7.275957614183426e-11,1.0913936421275139e-11,0,0,288,28,8549.999999999993,6000.0,0.09106950000568759,2025-03-05,2025-02-05,2025-03-04,2025-03-05
2025-03-06,deterministic_48h,0,Optimization terminated successfully. (HiGHS Status 7: Optimal),62489.06717634585,62489.06717634583,-2.1827872842550278e-11,6.366462912410498e-12,0,0,288,1,8550.000000000002,6000.0,0.010965699999360368,2025-03-05,2025-02-05,2025-03-04,2025-03-05
2025-03-06,stochastic_24h,0,Optimization terminated successfully. (HiGHS Status 7: Optimal),51156.281282510434,51156.28128251051,7.275957614183426e-11,1.8189894035458565e-12,0,0,144,28,5999.999999999996,6000.0,0.04450029999134131,2025-03-05,2025-02-05,2025-03-04,2025-03-05
2025-03-07,stochastic_48h,0,Optimization terminated successfully. (HiGHS Status 7: Optimal),37515.81324742465,37515.81324742469,3.637978807091713e-11,8.640199666842818e-12,0,0,288,28,6426.581439702882,6000.0,0.08732900000177324,2025-03-06,2025-02-06,2025-03-05,2025-03-06
2025-03-07,deterministic_48h,0,Optimization terminated successfully. (HiGHS Status 7: Optimal),33375.266936244814,33375.26693624481,-7.275957614183426e-12,8.412825991399586e-12,0,0,288,1,6344.191771347175,6000.0,0.010825300007127225,2025-03-06,2025-02-06,2025-03-05,2025-03-06
2025-03-07,stochastic_24h,0,Optimization terminated successfully. (HiGHS Status 7: Optimal),18897.284718292383,18897.284718292376,-7.275957614183426e-12,3.637978807091713e-12,0,0,144,28,6000.0,6000.0,0.040853900005458854,2025-03-06,2025-02-06,2025-03-05,2025-03-06
2025-03-08,stochastic_48h,0,Optimization terminated successfully. (HiGHS Status 7: Optimal),69327.65166266804,69327.65166266814,1.0186340659856796e-10,3.637978807091713e-12,0,0,288,28,5845.637029151407,6000.0,0.0892388999927789,2025-03-07,2025-02-07,2025-03-06,2025-03-07
2025-03-08,deterministic_48h,0,Optimization terminated successfully. (HiGHS Status 7: Optimal),62640.15231485062,62640.15231485065,3.637978807091713e-11,7.275957614183426e-12,0,0,288,1,5824.195767745221,6000.0,0.01036970000131987,2025-03-07,2025-02-07,2025-03-06,2025-03-07
2025-03-08,stochastic_24h,0,Optimization terminated successfully. (HiGHS Status 7: Optimal),18535.459579364204,18535.459579364182,-2.1827872842550278e-11,3.637978807091713e-12,0,0,144,28,6000.000000000003,6000.0,0.041705700001330115,2025-03-07,2025-02-07,2025-03-06,2025-03-07
2025-03-09,stochastic_48h,0,Optimization terminated successfully. (HiGHS Status 7: Optimal),99097.27911301013,99097.27911301033,2.0372681319713593e-10,5.4569682106375694e-12,0,0,288,28,8549.999999999998,6000.0,0.08532369999738876,2025-03-08,2025-02-08,2025-03-07,2025-03-08
2025-03-09,deterministic_48h,0,Optimization terminated successfully. (HiGHS Status 7: Optimal),89881.51316314015,89881.51316314013,-1.4551915228366852e-11,3.637978807091713e-12,0,0,288,1,8550.000000000007,6000.0,0.01340179999533575,2025-03-08,2025-02-08,2025-03-07,2025-03-08
2025-03-09,stochastic_24h,0,Optimization terminated successfully. (HiGHS Status 7: Optimal),50025.29791749964,50025.29791749965,7.275957614183426e-12,4.547473508864641e-12,0,0,144,28,6000.000000000001,6000.0,0.046748199994908646,2025-03-08,2025-02-08,2025-03-07,2025-03-08
2025-03-10,stochastic_48h,0,Optimization terminated successfully. (HiGHS Status 7: Optimal),97838.11802436016,97838.1180243605,3.4924596548080444e-10,3.637978807091713e-12,0,0,288,28,8550.000000000004,6000.0,0.09698109999590088,2025-03-09,2025-02-09,2025-03-08,2025-03-09
2025-03-10,deterministic_48h,0,Optimization terminated successfully. (HiGHS Status 7: Optimal),88667.05285725785,88667.05285725789,4.3655745685100555e-11,3.637978807091713e-12,0,0,288,1,8549.999999999998,6000.0,0.011605599996983074,2025-03-09,2025-02-09,2025-03-08,2025-03-09
2025-03-10,stochastic_24h,0,Optimization terminated successfully. (HiGHS Status 7: Optimal),49242.94571686073,49242.94571686073,0.0,3.637978807091713e-12,0,0,144,28,6000.000000000005,6000.0,0.04496060000383295,2025-03-09,2025-02-09,2025-03-08,2025-03-09
2025-03-11,stochastic_48h,0,Optimization terminated successfully. (HiGHS Status 7: Optimal),98040.32504577398,98040.32504577423,2.473825588822365e-10,5.4569682106375694e-12,0,0,288,28,8550.000000000002,6000.0,0.0965544999926351,2025-03-10,2025-02-10,2025-03-09,2025-03-10
2025-03-11,deterministic_48h,0,Optimization terminated successfully. (HiGHS Status 7: Optimal),88839.62115020533,88839.6211502053,-2.9103830456733704e-11,7.275957614183426e-12,0,0,288,1,8550.0,6000.0,0.010404899992863648,2025-03-10,2025-02-10,2025-03-09,2025-03-10
2025-03-11,stochastic_24h,0,Optimization terminated successfully. (HiGHS Status 7: Optimal),49337.42046021629,49337.42046021625,-4.3655745685100555e-11,5.4569682106375694e-12,0,0,144,28,6000.000000000001,6000.0,0.04096460000437219,2025-03-10,2025-02-10,2025-03-09,2025-03-10
2025-03-12,stochastic_48h,0,Optimization terminated successfully. (HiGHS Status 7: Optimal),95674.51506493302,95674.5150649331,8.731149137020111e-11,5.4569682106375694e-12,0,0,288,28,8549.999999999996,6000.0,0.0865985999989789,2025-03-11,2025-02-11,2025-03-10,2025-03-11
2025-03-12,deterministic_48h,0,Optimization terminated successfully. (HiGHS Status 7: Optimal),86386.2386222812,86386.23862228123,2.9103830456733704e-11,3.637978807091713e-12,0,0,288,1,8550.000000000002,6000.0,0.010628500007442199,2025-03-11,2025-02-11,2025-03-10,2025-03-11
2025-03-12,stochastic_24h,0,Optimization terminated successfully. (HiGHS Status 7: Optimal),48435.648573396895,48435.648573396895,0.0,3.637978807091713e-12,0,0,144,28,5999.999999999995,6000.0,0.04851260001305491,2025-03-11,2025-02-11,2025-03-10,2025-03-11
2025-03-13,stochastic_48h,0,Optimization terminated successfully. (HiGHS Status 7: Optimal),63252.85521264416,63252.85521264415,-7.275957614183426e-12,3.637978807091713e-12,0,0,288,28,8549.999999999996,6000.0,0.09138589999929536,2025-03-12,2025-02-12,2025-03-11,2025-03-12
2025-03-13,deterministic_48h,0,Optimization terminated successfully. (HiGHS Status 7: Optimal),57299.380997064036,57299.38099706406,2.1827872842550278e-11,1.8189894035458565e-12,0,0,288,1,8550.0,6000.0,0.010367700000642799,2025-03-12,2025-02-12,2025-03-11,2025-03-12
2025-03-13,stochastic_24h,0,Optimization terminated successfully. (HiGHS Status 7: Optimal),47065.12942140855,47065.1294214085,-5.093170329928398e-11,6.366462912410498e-12,0,0,144,28,5999.999999999996,6000.0,0.04596200000378303,2025-03-12,2025-02-12,2025-03-11,2025-03-12
2025-03-14,stochastic_48h,0,Optimization terminated successfully. (HiGHS Status 7: Optimal),34734.35683946168,34734.356839461754,7.275957614183426e-11,3.637978807091713e-12,0,0,288,28,5339.973401872203,6000.0,0.08252159999392461,2025-03-13,2025-02-13,2025-03-12,2025-03-13
2025-03-14,deterministic_48h,0,Optimization terminated successfully. (HiGHS Status 7: Optimal),31835.180367972393,31835.180367972393,0.0,5.4569682106375694e-12,0,0,288,1,5346.224883078958,6000.0,0.01211199999670498,2025-03-13,2025-02-13,2025-03-12,2025-03-13
2025-03-14,stochastic_24h,0,Optimization terminated successfully. (HiGHS Status 7: Optimal),17294.340787990994,17294.34078799098,-1.4551915228366852e-11,1.8189894035458565e-12,0,0,144,28,6000.000000000006,6000.0,0.038201800009119324,2025-03-13,2025-02-13,2025-03-12,2025-03-13
2025-03-15,stochastic_48h,0,Optimization terminated successfully. (HiGHS Status 7: Optimal),62900.41025432589,62900.410254325914,2.1827872842550278e-11,4.092726157978177e-12,0,0,288,28,4825.148270573871,6000.0,0.08170690000406466,2025-03-14,2025-02-14,2025-03-13,2025-03-14
2025-03-15,deterministic_48h,0,Optimization terminated successfully. (HiGHS Status 7: Optimal),56590.13312347725,56590.13312347723,-2.1827872842550278e-11,3.637978807091713e-12,0,0,288,1,4853.350875559629,6000.0,0.0100895999930799,2025-03-14,2025-02-14,2025-03-13,2025-03-14
2025-03-15,stochastic_24h,0,Optimization terminated successfully. (HiGHS Status 7: Optimal),17108.67365725454,17108.673657254545,3.637978807091713e-12,3.637978807091713e-12,0,0,144,28,5999.999999999999,6000.0,0.039361999995890073,2025-03-14,2025-02-14,2025-03-13,2025-03-14
2025-03-16,stochastic_48h,0,Optimization terminated successfully. (HiGHS Status 7: Optimal),89916.51348892944,89916.51348892956,1.1641532182693481e-10,7.275957614183426e-12,0,0,288,28,8550.0,6000.0,0.09059490000072401,2025-03-15,2025-02-15,2025-03-14,2025-03-15
2025-03-16,deterministic_48h,0,Optimization terminated successfully. (HiGHS Status 7: Optimal),80152.64027083803,80152.64027083799,-4.3655745685100555e-11,1.8189894035458565e-12,0,0,288,1,8550.0,6000.0,0.011486999996122904,2025-03-15,2025-02-15,2025-03-14,2025-03-15
2025-03-16,stochastic_24h,0,Optimization terminated successfully. (HiGHS Status 7: Optimal),45657.1512769954,45657.15127699538,-2.1827872842550278e-11,5.4569682106375694e-12,0,0,144,28,6000.000000000001,6000.0,0.04446190000453498,2025-03-15,2025-02-15,2025-03-14,2025-03-15
2025-03-17,stochastic_48h,0,Optimization terminated successfully. (HiGHS Status 7: Optimal),90346.57216565742,90346.57216565736,-5.820766091346741e-11,3.637978807091713e-12,0,0,288,28,8549.999999999996,6000.0,0.08475609999732114,2025-03-16,2025-02-16,2025-03-15,2025-03-16
2025-03-17,deterministic_48h,0,Optimization terminated successfully. (HiGHS Status 7: Optimal),80217.66174946743,80217.66174946746,2.9103830456733704e-11,9.094947017729282e-12,0,0,288,1,8550.0,6000.0,0.01030449999962002,2025-03-16,2025-02-16,2025-03-15,2025-03-16
2025-03-17,stochastic_24h,0,Optimization terminated successfully. (HiGHS Status 7: Optimal),45815.87646025746,45815.876460257394,-6.548361852765083e-11,6.366462912410498e-12,0,0,144,28,5999.999999999996,6000.0,0.04544630000600591,2025-03-16,2025-02-16,2025-03-15,2025-03-16
2025-03-18,stochastic_48h,0,Optimization terminated successfully. (HiGHS Status 7: Optimal),89131.43459752877,89131.43459752854,-2.3283064365386963e-10,7.275957614183426e-12,0,0,288,28,8550.0,6000.0,0.09219999999913853,2025-03-17,2025-02-17,2025-03-16,2025-03-17
2025-03-18,deterministic_48h,0,Optimization terminated successfully. (HiGHS Status 7: Optimal),78997.52350991925,78997.5235099192,-4.3655745685100555e-11,5.002220859751105e-12,0,0,288,1,8549.999999999996,6000.0,0.01115929998923093,2025-03-17,2025-02-17,2025-03-16,2025-03-17
2025-03-18,stochastic_24h,0,Optimization terminated successfully. (HiGHS Status 7: Optimal),45169.366064368005,45169.36606436796,-4.3655745685100555e-11,2.7284841053187847e-12,0,0,144,28,6000.000000000006,6000.0,0.042607900002622046,2025-03-17,2025-02-17,2025-03-16,2025-03-17
2025-03-19,stochastic_48h,0,Optimization terminated successfully. (HiGHS Status 7: Optimal),89204.75863483305,89204.75863483302,-2.9103830456733704e-11,5.4569682106375694e-12,0,0,288,28,8550.0,6000.0,0.09832319999986794,2025-03-18,2025-02-18,2025-03-17,2025-03-18
2025-03-19,deterministic_48h,0,Optimization terminated successfully. (HiGHS Status 7: Optimal),79019.97897715535,79019.97897715532,-2.9103830456733704e-11,7.275957614183426e-12,0,0,288,1,8549.999999999996,6000.0,0.01193000000785105,2025-03-18,2025-02-18,2025-03-17,2025-03-18
2025-03-19,stochastic_24h,0,Optimization terminated successfully. (HiGHS Status 7: Optimal),45328.06134470992,45328.0613447099,-1.4551915228366852e-11,1.8189894035458565e-12,0,0,144,28,5999.999999999998,6000.0,0.043041299999458715,2025-03-18,2025-02-18,2025-03-17,2025-03-18
2025-03-20,stochastic_48h,0,Optimization terminated successfully. (HiGHS Status 7: Optimal),60004.56998575983,60004.569985759794,-3.637978807091713e-11,9.094947017729282e-12,0,0,288,28,8550.000000000004,6000.0,0.08437959999719169,2025-03-19,2025-02-19,2025-03-18,2025-03-19
2025-03-20,deterministic_48h,0,Optimization terminated successfully. (HiGHS Status 7: Optimal),53494.17573077846,53494.17573077847,1.4551915228366852e-11,7.503331289626658e-12,0,0,288,1,8549.999999999993,6000.0,0.0096103999967454,2025-03-19,2025-02-19,2025-03-18,2025-03-19
2025-03-20,stochastic_24h,0,Optimization terminated successfully. (HiGHS Status 7: Optimal),44705.72091064179,44705.72091064175,-3.637978807091713e-11,3.637978807091713e-12,0,0,144,28,6000.000000000002,6000.0,0.042923000000882894,2025-03-19,2025-02-19,2025-03-18,2025-03-19
2025-03-21,stochastic_48h,0,Optimization terminated successfully. (HiGHS Status 7: Optimal),33758.70313307469,33758.70313307474,5.093170329928398e-11,3.637978807091713e-12,0,0,288,28,4736.76063747457,6000.0,0.0769501000031596,2025-03-20,2025-02-20,2025-03-19,2025-03-20
2025-03-21,deterministic_48h,0,Optimization terminated successfully. (HiGHS Status 7: Optimal),30798.403880361107,30798.403880361137,2.9103830456733704e-11,7.275957614183426e-12,0,0,288,1,4717.473720991043,6000.0,0.008734400005778298,2025-03-20,2025-02-20,2025-03-19,2025-03-20
2025-03-21,stochastic_24h,0,Optimization terminated successfully. (HiGHS Status 7: Optimal),16632.54621516381,16632.5462151638,-1.0913936421275139e-11,3.637978807091713e-12,0,0,144,28,6000.000000000003,6000.0,0.03442830000130925,2025-03-20,2025-02-20,2025-03-19,2025-03-20
2025-03-22,stochastic_48h,0,Optimization terminated successfully. (HiGHS Status 7: Optimal),60532.89060082943,60532.8906008294,-2.9103830456733704e-11,4.547473508864641e-12,0,0,288,28,4330.880609981688,6000.0,0.08459210000000894,2025-03-21,2025-02-21,2025-03-20,2025-03-21
2025-03-22,deterministic_48h,0,Optimization terminated successfully. (HiGHS Status 7: Optimal),53974.31976461757,53974.31976461757,0.0,7.275957614183426e-12,0,0,288,1,4323.979563339441,6000.0,0.01037210000504274,2025-03-21,2025-02-21,2025-03-20,2025-03-21
2025-03-22,stochastic_24h,0,Optimization terminated successfully. (HiGHS Status 7: Optimal),16624.628864138325,16624.628864138307,-1.8189894035458565e-11,5.4569682106375694e-12,0,0,144,28,6000.000000000003,6000.0,0.0318942000012612,2025-03-21,2025-02-21,2025-03-20,2025-03-21
2025-03-23,stochastic_48h,0,Optimization terminated successfully. (HiGHS Status 7: Optimal),85460.97316712308,85460.97316712288,-2.0372681319713593e-10,3.637978807091713e-12,0,0,288,28,8550.000000000004,6000.0,0.08859810000285506,2025-03-22,2025-02-22,2025-03-21,2025-03-22
2025-03-23,deterministic_48h,0,Optimization terminated successfully. (HiGHS Status 7: Optimal),75378.06985059647,75378.06985059645,-1.4551915228366852e-11,6.366462912410498e-12,0,0,288,1,8550.000000000002,6000.0,0.010886299991398118,2025-03-22,2025-02-22,2025-03-21,2025-03-22
2025-03-23,stochastic_24h,0,Optimization terminated successfully. (HiGHS Status 7: Optimal),43464.62173192951,43464.62173192955,3.637978807091713e-11,5.9117155615240335e-12,0,0,144,28,6000.000000000004,6000.0,0.04119150000042282,2025-03-22,2025-02-22,2025-03-21,2025-03-22
2025-03-24,stochastic_48h,0,Optimization terminated successfully. (HiGHS Status 7: Optimal),83962.10850890551,83962.10850890545,-5.820766091346741e-11,5.4569682106375694e-12,0,0,288,28,8550.000000000004,6000.0,0.08787930000107735,2025-03-23,2025-02-23,2025-03-22,2025-03-23
2025-03-24,deterministic_48h,0,Optimization terminated successfully. (HiGHS Status 7: Optimal),73938.78228240758,73938.7822824076,1.4551915228366852e-11,3.637978807091713e-12,0,0,288,1,8550.000000000002,6000.0,0.010743499995442107,2025-03-23,2025-02-23,2025-03-22,2025-03-23
2025-03-24,stochastic_24h,0,Optimization terminated successfully. (HiGHS Status 7: Optimal),42757.3379421691,42757.33794216909,-7.275957614183426e-12,3.637978807091713e-12,0,0,144,28,6000.0000000000055,6000.0,0.04223150000325404,2025-03-23,2025-02-23,2025-03-22,2025-03-23
2025-03-25,stochastic_48h,0,Optimization terminated successfully. (HiGHS Status 7: Optimal),83921.83367172458,83921.83367172457,-1.4551915228366852e-11,5.4569682106375694e-12,0,0,288,28,8550.000000000004,6000.0,0.09865929999796208,2025-03-24,2025-02-24,2025-03-23,2025-03-24
2025-03-25,deterministic_48h,0,Optimization terminated successfully. (HiGHS Status 7: Optimal),73866.90814660715,73866.90814660717,1.4551915228366852e-11,3.637978807091713e-12,0,0,288,1,8550.0,6000.0,0.01141730000381358,2025-03-24,2025-02-24,2025-03-23,2025-03-24
2025-03-25,stochastic_24h,0,Optimization terminated successfully. (HiGHS Status 7: Optimal),42583.93142489517,42583.93142489517,0.0,1.8189894035458565e-12,0,0,144,28,5999.999999999997,6000.0,0.041555400006473064,2025-03-24,2025-02-24,2025-03-23,2025-03-24
2025-03-26,stochastic_48h,0,Optimization terminated successfully. (HiGHS Status 7: Optimal),84587.16825964426,84587.1682596443,4.3655745685100555e-11,5.4569682106375694e-12,0,0,288,28,8550.000000000004,6000.0,0.08988890000910033,2025-03-25,2025-02-25,2025-03-24,2025-03-25
2025-03-26,deterministic_48h,0,Optimization terminated successfully. (HiGHS Status 7: Optimal),74290.05844949905,74290.05844949903,-1.4551915228366852e-11,3.637978807091713e-12,0,0,288,1,8549.999999999998,6000.0,0.009857000011834316,2025-03-25,2025-02-25,2025-03-24,2025-03-25
2025-03-26,stochastic_24h,0,Optimization terminated successfully. (HiGHS Status 7: Optimal),42887.10764214427,42887.10764214429,2.1827872842550278e-11,1.8189894035458565e-12,0,0,144,28,6000.000000000001,6000.0,0.040466899998136796,2025-03-25,2025-02-25,2025-03-24,2025-03-25
2025-03-27,stochastic_48h,0,Optimization terminated successfully. (HiGHS Status 7: Optimal),56650.37717261701,56650.37717261697,-3.637978807091713e-11,7.275957614183426e-12,0,0,288,28,8550.000000000004,6000.0,0.07688989999587648,2025-03-26,2025-02-26,2025-03-25,2025-03-26
2025-03-27,deterministic_48h,0,Optimization terminated successfully. (HiGHS Status 7: Optimal),50057.19932378516,50057.199323785164,7.275957614183426e-12,3.637978807091713e-12,0,0,288,1,8550.0,6000.0,0.009890700006508268,2025-03-26,2025-02-26,2025-03-25,2025-03-26
2025-03-27,stochastic_24h,0,Optimization terminated successfully. (HiGHS Status 7: Optimal),42139.7327411183,42139.73274111829,-7.275957614183426e-12,3.637978807091713e-12,0,0,144,28,5999.999999999998,6000.0,0.04080180000164546,2025-03-26,2025-02-26,2025-03-25,2025-03-26
2025-03-28,stochastic_48h,0,Optimization terminated successfully. (HiGHS Status 7: Optimal),32434.492121924857,32434.492121924864,7.275957614183426e-12,4.092726157978177e-12,0,0,288,28,4188.743926322757,6000.0,0.0636028000008082,2025-03-27,2025-02-27,2025-03-26,2025-03-27
2025-03-28,deterministic_48h,0,Optimization terminated successfully. (HiGHS Status 7: Optimal),29345.96486373798,29345.964863737972,-7.275957614183426e-12,3.637978807091713e-12,0,0,288,1,4164.556637596662,6000.0,0.010956000012811273,2025-03-27,2025-02-27,2025-03-26,2025-03-27
2025-03-28,stochastic_24h,0,Optimization terminated successfully. (HiGHS Status 7: Optimal),15923.081526824177,15923.081526824186,9.094947017729282e-12,3.637978807091713e-12,0,0,144,28,6000.000000000001,6000.0,0.033201400001416914,2025-03-27,2025-02-27,2025-03-26,2025-03-27
2025-03-29,stochastic_48h,0,Optimization terminated successfully. (HiGHS Status 7: Optimal),58115.530170665064,58115.530170664875,-1.8917489796876907e-10,5.4569682106375694e-12,0,0,288,28,3848.258404955232,6000.0,0.0813198999967426,2025-03-28,2025-02-28,2025-03-27,2025-03-28
2025-03-29,deterministic_48h,0,Optimization terminated successfully. (HiGHS Status 7: Optimal),51288.09058927225,51288.09058927226,7.275957614183426e-12,6.366462912410498e-12,0,0,288,1,3846.5780514143266,6000.0,0.011877600001753308,2025-03-28,2025-02-28,2025-03-27,2025-03-28
2025-03-29,stochastic_24h,0,Optimization terminated successfully. (HiGHS Status 7: Optimal),15958.743210108574,15958.743210108583,9.094947017729282e-12,3.637978807091713e-12,0,0,144,28,6000.000000000003,6000.0,0.03154119999089744,2025-03-28,2025-02-28,2025-03-27,2025-03-28
2025-03-30,stochastic_48h,0,Optimization terminated successfully. (HiGHS Status 7: Optimal),80180.96166306939,80180.96166306948,8.731149137020111e-11,7.275957614183426e-12,0,0,288,28,8550.000000000004,6000.0,0.08889410000119824,2025-03-29,2025-03-01,2025-03-28,2025-03-29
2025-03-30,deterministic_48h,0,Optimization terminated successfully. (HiGHS Status 7: Optimal),70093.21614649687,70093.21614649688,1.4551915228366852e-11,3.637978807091713e-12,0,0,288,1,8550.000000000004,6000.0,0.01282849999552127,2025-03-29,2025-03-01,2025-03-28,2025-03-29
2025-03-30,stochastic_24h,0,Optimization terminated successfully. (HiGHS Status 7: Optimal),40924.39580351514,40924.39580351507,-6.548361852765083e-11,3.637978807091713e-12,0,0,144,28,6000.000000000002,6000.0,0.042622100008884445,2025-03-29,2025-03-01,2025-03-28,2025-03-29
2025-03-31,stochastic_48h,0,Optimization terminated successfully. (HiGHS Status 7: Optimal),78850.70851016778,78850.7085101676,-1.7462298274040222e-10,7.275957614183426e-12,0,0,288,28,8550.000000000004,6000.0,0.09034850000170991,2025-03-30,2025-03-02,2025-03-29,2025-03-30
2025-03-31,deterministic_48h,0,Optimization terminated successfully. (HiGHS Status 7: Optimal),69448.13925964535,69448.13925964537,1.4551915228366852e-11,7.275957614183426e-12,0,0,288,1,8550.0,6000.0,0.011331000001518987,2025-03-30,2025-03-02,2025-03-29,2025-03-30
2025-03-31,stochastic_24h,0,Optimization terminated successfully. (HiGHS Status 7: Optimal),40362.45882544115,40362.45882544109,-5.820766091346741e-11,1.8189894035458565e-12,0,0,144,28,5999.999999999998,6000.0,0.04031649998796638,2025-03-30,2025-03-02,2025-03-29,2025-03-30
2025-04-01,stochastic_48h,0,Optimization terminated successfully. (HiGHS Status 7: Optimal),77897.25770041886,77897.257700419,1.3096723705530167e-10,1.2732925824820995e-11,0,0,288,28,8550.000000000005,6000.0,0.09693749999860302,2025-03-31,2025-03-03,2025-03-30,2025-03-31
2025-04-01,deterministic_48h,0,Optimization terminated successfully. (HiGHS Status 7: Optimal),69053.52153139688,69053.52153139684,-4.3655745685100555e-11,7.275957614183426e-12,0,0,288,1,8550.000000000004,6000.0,0.012945199996465817,2025-03-31,2025-03-03,2025-03-30,2025-03-31
2025-04-01,stochastic_24h,0,Optimization terminated successfully. (HiGHS Status 7: Optimal),39711.59696769072,39711.59696769077,5.093170329928398e-11,2.7284841053187847e-12,0,0,144,28,6000.000000000001,6000.0,0.04047419999551494,2025-03-31,2025-03-03,2025-03-30,2025-03-31
2025-04-02,stochastic_48h,0,Optimization terminated successfully. (HiGHS Status 7: Optimal),79551.23378276483,79551.2337827649,7.275957614183426e-11,4.320099833421409e-12,0,0,288,28,8550.000000000007,6000.0,0.08911310000985395,2025-04-01,2025-03-04,2025-03-31,2025-04-01
2025-04-02,deterministic_48h,0,Optimization terminated successfully. (HiGHS Status 7: Optimal),70239.32695984631,70239.32695984631,0.0,3.637978807091713e-12,0,0,288,1,8550.000000000005,6000.0,0.010070500007714145,2025-04-01,2025-03-04,2025-03-31,2025-04-01
2025-04-02,stochastic_24h,0,Optimization terminated successfully. (HiGHS Status 7: Optimal),40305.90089580104,40305.90089580107,2.9103830456733704e-11,4.320099833421409e-12,0,0,144,28,6000.0,6000.0,0.04581749999488238,2025-04-01,2025-03-04,2025-03-31,2025-04-01
2025-04-03,stochastic_48h,0,Optimization terminated successfully. (HiGHS Status 7: Optimal),55324.506677753285,55324.50667775327,-1.4551915228366852e-11,1.000444171950221e-11,0,0,288,28,8550.000000000002,6000.0,0.07948529999703169,2025-04-02,2025-03-05,2025-04-01,2025-04-02
2025-04-03,deterministic_48h,0,Optimization terminated successfully. (HiGHS Status 7: Optimal),48644.65356787098,48644.653567870984,7.275957614183426e-12,1.8189894035458565e-12,0,0,288,1,8550.000000000004,6000.0,0.009639700001571327,2025-04-02,2025-03-05,2025-04-01,2025-04-02
2025-04-03,stochastic_24h,0,Optimization terminated successfully. (HiGHS Status 7: Optimal),41173.628282258745,41173.62828225868,-6.548361852765083e-11,1.8189894035458565e-12,0,0,144,28,6000.000000000002,6000.0,0.04401280000456609,2025-04-02,2025-03-05,2025-04-01,2025-04-02
2025-04-04,stochastic_48h,0,Optimization terminated successfully. (HiGHS Status 7: Optimal),32257.802372310012,32257.80237231006,4.729372449219227e-11,3.637978807091713e-12,0,0,288,28,3589.535357844936,6000.0,0.0701936000114074,2025-04-03,2025-03-06,2025-04-02,2025-04-03
2025-04-04,deterministic_48h,0,Optimization terminated successfully. (HiGHS Status 7: Optimal),28791.27195791184,28791.27195791184,0.0,6.366462912410498e-12,0,0,288,1,3490.7689391737904,6000.0,0.010642199995345436,2025-04-03,2025-03-06,2025-04-02,2025-04-03
2025-04-04,stochastic_24h,0,Optimization terminated successfully. (HiGHS Status 7: Optimal),15631.534441935737,15631.534441935724,-1.2732925824820995e-11,2.7284841053187847e-12,0,0,144,28,6000.000000000002,6000.0,0.03459179999481421,2025-04-03,2025-03-06,2025-04-02,2025-04-03
2025-04-05,stochastic_48h,0,Optimization terminated successfully. (HiGHS Status 7: Optimal),57229.671242971286,57229.67124297128,-7.275957614183426e-12,9.094947017729282e-12,0,0,288,28,3670.030793599918,6000.0,0.07761789999494795,2025-04-04,2025-03-07,2025-04-03,2025-04-04
2025-04-05,deterministic_48h,0,Optimization terminated successfully. (HiGHS Status 7: Optimal),50003.165943713,50003.165943713015,1.4551915228366852e-11,5.4569682106375694e-12,0,0,288,1,3473.7699675722465,6000.0,0.009623000005376525,2025-04-04,2025-03-07,2025-04-03,2025-04-04
2025-04-05,stochastic_24h,0,Optimization terminated successfully. (HiGHS Status 7: Optimal),15720.486755704711,15720.486755704704,-7.275957614183426e-12,3.637978807091713e-12,0,0,144,28,6000.000000000003,6000.0,0.03149400000984315,2025-04-04,2025-03-07,2025-04-03,2025-04-04
2025-04-06,stochastic_48h,0,Optimization terminated successfully. (HiGHS Status 7: Optimal),80839.19626325365,80839.19626325365,0.0,7.275957614183426e-12,0,0,288,28,8550.000000000004,6000.0,0.08527779999712948,2025-04-05,2025-03-08,2025-04-04,2025-04-05
2025-04-06,deterministic_48h,0,Optimization terminated successfully. (HiGHS Status 7: Optimal),69593.69244785425,69593.69244785425,0.0,3.637978807091713e-12,0,0,288,1,8549.999999999996,6000.0,0.011468800003058277,2025-04-05,2025-03-08,2025-04-04,2025-04-05
2025-04-06,stochastic_24h,0,Optimization terminated successfully. (HiGHS Status 7: Optimal),41097.29751420757,41097.29751420752,-4.3655745685100555e-11,2.7284841053187847e-12,0,0,144,28,6000.000000000004,6000.0,0.04373650001070928,2025-04-05,2025-03-08,2025-04-04,2025-04-05
2025-04-07,stochastic_48h,0,Optimization terminated successfully. (HiGHS Status 7: Optimal),80317.13867375554,80317.13867375549,-5.820766091346741e-11,8.86757334228605e-12,0,0,288,28,8550.000000000004,6000.0,0.08768580001196824,2025-04-06,2025-03-09,2025-04-05,2025-04-06
2025-04-07,deterministic_48h,0,Optimization terminated successfully. (HiGHS Status 7: Optimal),69029.84226354158,69029.84226354156,-1.4551915228366852e-11,9.094947017729282e-12,0,0,288,1,8550.0,6000.0,0.012217700001201592,2025-04-06,2025-03-09,2025-04-05,2025-04-06
2025-04-07,stochastic_24h,0,Optimization terminated successfully. (HiGHS Status 7: Optimal),40728.492634841066,40728.49263484102,-4.3655745685100555e-11,4.547473508864641e-12,0,0,144,28,6000.000000000003,6000.0,0.044286099990131333,2025-04-06,2025-03-09,2025-04-05,2025-04-06
2025-04-08,stochastic_48h,0,Optimization terminated successfully. (HiGHS Status 7: Optimal),79648.40379233804,79648.40379233807,2.9103830456733704e-11,5.9117155615240335e-12,0,0,288,28,8550.000000000007,6000.0,0.09044379999977536,2025-04-07,2025-03-10,2025-04-06,2025-04-07
2025-04-08,deterministic_48h,0,Optimization terminated successfully. (HiGHS Status 7: Optimal),68545.33869927016,68545.33869927013,-2.9103830456733704e-11,5.4569682106375694e-12,0,0,288,1,8550.000000000005,6000.0,0.010962700005620718,2025-04-07,2025-03-10,2025-04-06,2025-04-07
2025-04-08,stochastic_24h,0,Optimization terminated successfully. (HiGHS Status 7: Optimal),40458.32200707735,40458.3220070773,-5.093170329928398e-11,2.7284841053187847e-12,0,0,144,28,6000.000000000005,6000.0,0.04048239999974612,2025-04-07,2025-03-10,2025-04-06,2025-04-07
2025-04-09,stochastic_48h,0,Optimization terminated successfully. (HiGHS Status 7: Optimal),80187.58695455131,80187.58695455143,1.1641532182693481e-10,9.549694368615746e-12,0,0,288,28,8550.000000000004,6000.0,0.08554020000156015,2025-04-08,2025-03-11,2025-04-07,2025-04-08
2025-04-09,deterministic_48h,0,Optimization terminated successfully. (HiGHS Status 7: Optimal),68983.8488437115,68983.84884371149,-1.4551915228366852e-11,7.275957614183426e-12,0,0,288,1,8550.000000000004,6000.0,0.010973299999022856,2025-04-08,2025-03-11,2025-04-07,2025-04-08
2025-04-09,stochastic_24h,0,Optimization terminated successfully. (HiGHS Status 7: Optimal),40584.48627977203,40584.48627977193,-9.458744898438454e-11,1.8189894035458565e-12,0,0,144,28,6000.000000000003,6000.0,0.0410282999946503,2025-04-08,2025-03-11,2025-04-07,2025-04-08
2025-04-10,stochastic_48h,0,Optimization terminated successfully. (HiGHS Status 7: Optimal),55044.68205970604,55044.682059705934,-1.0913936421275139e-10,1.0913936421275139e-11,0,0,288,28,8550.000000000007,6000.0,0.07880109999678098,2025-04-09,2025-03-12,2025-04-08,2025-04-09
2025-04-10,deterministic_48h,0,Optimization terminated successfully. (HiGHS Status 7: Optimal),47536.9663916926,47536.966391692615,1.4551915228366852e-11,5.4569682106375694e-12,0,0,288,1,8550.000000000005,6000.0,0.009718400004203431,2025-04-09,2025-03-12,2025-04-08,2025-04-09
2025-04-10,stochastic_24h,0,Optimization terminated successfully. (HiGHS Status 7: Optimal),41259.26349040829,41259.26349040821,-8.003553375601768e-11,3.637978807091713e-12,0,0,144,28,5999.999999999999,6000.0,0.04120110000076238,2025-04-09,2025-03-12,2025-04-08,2025-04-09
2025-04-11,stochastic_48h,0,Optimization terminated successfully. (HiGHS Status 7: Optimal),31589.468674037857,31589.468674037857,0.0,7.275957614183426e-12,0,0,288,28,3620.9037841168174,6000.0,0.06522609999228735,2025-04-10,2025-03-13,2025-04-09,2025-04-10
2025-04-11,deterministic_48h,0,Optimization terminated successfully. (HiGHS Status 7: Optimal),27953.453143947216,27953.453143947212,-3.637978807091713e-12,3.637978807091713e-12,0,0,288,1,3321.6327223443204,6000.0,0.009168000004137866,2025-04-10,2025-03-13,2025-04-09,2025-04-10
2025-04-11,stochastic_24h,0,Optimization terminated successfully. (HiGHS Status 7: Optimal),15299.80950226592,15299.809502265922,1.8189894035458565e-12,5.4569682106375694e-12,0,0,144,28,5999.999999999999,6000.0,0.03498449998733122,2025-04-10,2025-03-13,2025-04-09,2025-04-10
2025-04-12,stochastic_48h,0,Optimization terminated successfully. (HiGHS Status 7: Optimal),56741.13742502452,56741.13742502444,-8.003553375601768e-11,5.4569682106375694e-12,0,0,288,28,3587.374735927958,6000.0,0.0719775000034133,2025-04-11,2025-03-14,2025-04-10,2025-04-11
2025-04-12,deterministic_48h,0,Optimization terminated successfully. (HiGHS Status 7: Optimal),49071.61156070287,49071.61156070286,-7.275957614183426e-12,3.637978807091713e-12,0,0,288,1,3271.420458536836,6000.0,0.009877400007098913,2025-04-11,2025-03-14,2025-04-10,2025-04-11
2025-04-12,stochastic_24h,0,Optimization terminated successfully. (HiGHS Status 7: Optimal),15417.391037670144,15417.391037670119,-2.546585164964199e-11,3.637978807091713e-12,0,0,144,28,5999.999999999995,6000.0,0.0325855999981286,2025-04-11,2025-03-14,2025-04-10,2025-04-11
2025-04-13,stochastic_48h,0,Optimization terminated successfully. (HiGHS Status 7: Optimal),78102.16946029155,78102.16946029179,2.3283064365386963e-10,5.4569682106375694e-12,0,0,288,28,8550.0,6000.0,0.091160600000876,2025-04-12,2025-03-15,2025-04-11,2025-04-12
2025-04-13,deterministic_48h,0,Optimization terminated successfully. (HiGHS Status 7: Optimal),66664.42319061898,66664.423190619,1.4551915228366852e-11,5.4569682106375694e-12,0,0,288,1,8549.999999999996,6000.0,0.011439699999755248,2025-04-12,2025-03-15,2025-04-11,2025-04-12
2025-04-13,stochastic_24h,0,Optimization terminated successfully. (HiGHS Status 7: Optimal),39850.5125440648,39850.51254406478,-1.4551915228366852e-11,4.547473508864641e-12,0,0,144,28,6000.000000000001,6000.0,0.04345440000179224,2025-04-12,2025-03-15,2025-04-11,2025-04-12
2025-04-14,stochastic_48h,0,Optimization terminated successfully. (HiGHS Status 7: Optimal),77584.16561637128,77584.16561637136,8.731149137020111e-11,5.4569682106375694e-12,0,0,288,28,8549.999999999996,6000.0,0.08576700001140125,2025-04-13,2025-03-16,2025-04-12,2025-04-13
2025-04-14,deterministic_48h,0,Optimization terminated successfully. (HiGHS Status 7: Optimal),66268.18840159634,66268.18840159632,-2.9103830456733704e-11,5.4569682106375694e-12,0,0,288,1,8549.999999999996,6000.0,0.012067699994076975,2025-04-13,2025-03-16,2025-04-12,2025-04-13
2025-04-14,stochastic_24h,0,Optimization terminated successfully. (HiGHS Status 7: Optimal),39214.579113698994,39214.579113699,7.275957614183426e-12,1.8189894035458565e-12,0,0,144,28,5999.999999999996,6000.0,0.0447798000095645,2025-04-13,2025-03-16,2025-04-12,2025-04-13
2025-04-15,stochastic_48h,0,Optimization terminated successfully. (HiGHS Status 7: Optimal),77005.5851824132,77005.58518241318,-1.4551915228366852e-11,7.275957614183426e-12,0,0,288,28,8549.999999999998,6000.0,0.08513710000261199,2025-04-14,2025-03-17,2025-04-13,2025-04-14
2025-04-15,deterministic_48h,0,Optimization terminated successfully. (HiGHS Status 7: Optimal),65668.08772295303,65668.08772295303,0.0,1.0913936421275139e-11,0,0,288,1,8549.999999999998,6000.0,0.010579800000414252,2025-04-14,2025-03-17,2025-04-13,2025-04-14
2025-04-15,stochastic_24h,0,Optimization terminated successfully. (HiGHS Status 7: Optimal),39155.83698740797,39155.83698740801,3.637978807091713e-11,5.6843418860808015e-12,0,0,144,28,6000.0,6000.0,0.047292100003687665,2025-04-14,2025-03-17,2025-04-13,2025-04-14
2025-04-16,stochastic_48h,0,Optimization terminated successfully. (HiGHS Status 7: Optimal),76459.51068079424,76459.51068079451,2.764863893389702e-10,7.73070496506989e-12,0,0,288,28,8550.000000000005,6000.0,0.08573360000445973,2025-04-15,2025-03-18,2025-04-14,2025-04-15
2025-04-16,deterministic_48h,0,Optimization terminated successfully. (HiGHS Status 7: Optimal),65153.463746726295,65153.463746726295,0.0,5.4569682106375694e-12,0,0,288,1,8549.999999999995,6000.0,0.009867899992968887,2025-04-15,2025-03-18,2025-04-14,2025-04-15
2025-04-16,stochastic_24h,0,Optimization terminated successfully. (HiGHS Status 7: Optimal),38812.88652075561,38812.88652075561,0.0,3.637978807091713e-12,0,0,144,28,6000.0000000000055,6000.0,0.04274309999891557,2025-04-15,2025-03-18,2025-04-14,2025-04-15
2025-04-17,stochastic_48h,0,Optimization terminated successfully. (HiGHS Status 7: Optimal),52825.993462894345,52825.99346289439,4.3655745685100555e-11,8.86757334228605e-12,0,0,288,28,8550.000000000005,6000.0,0.07777090001036413,2025-04-16,2025-03-19,2025-04-15,2025-04-16
2025-04-17,deterministic_48h,0,Optimization terminated successfully. (HiGHS Status 7: Optimal),45385.730527182415,45385.73052718243,1.4551915228366852e-11,3.637978807091713e-12,0,0,288,1,8549.999999999998,6000.0,0.011425899996538647,2025-04-16,2025-03-19,2025-04-15,2025-04-16
2025-04-17,stochastic_24h,0,Optimization terminated successfully. (HiGHS Status 7: Optimal),39411.965218861,39411.965218861034,3.637978807091713e-11,1.8189894035458565e-12,0,0,144,28,5999.999999999999,6000.0,0.046046000003116205,2025-04-16,2025-03-19,2025-04-15,2025-04-16
2025-04-18,stochastic_48h,0,Optimization terminated successfully. (HiGHS Status 7: Optimal),30681.212393354766,30681.212393354715,-5.093170329928398e-11,4.547473508864641e-12,0,0,288,28,3253.1941978123796,6000.0,0.07162719999905676,2025-04-17,2025-03-20,2025-04-16,2025-04-17
2025-04-18,deterministic_48h,0,Optimization terminated successfully. (HiGHS Status 7: Optimal),27069.98391059568,27069.98391059567,-1.0913936421275139e-11,5.4569682106375694e-12,0,0,288,1,2932.058928561255,6000.0,0.008302400005050004,2025-04-17,2025-03-20,2025-04-16,2025-04-17
2025-04-18,stochastic_24h,0,Optimization terminated successfully. (HiGHS Status 7: Optimal),14921.795323207361,14921.795323207358,-3.637978807091713e-12,1.8189894035458565e-12,0,0,144,28,6000.0,6000.0,0.029890200006775558,2025-04-17,2025-03-20,2025-04-16,2025-04-17
2025-04-19,stochastic_48h,0,Optimization terminated successfully. (HiGHS Status 7: Optimal),54776.23451418146,54776.234514181415,-4.3655745685100555e-11,3.637978807091713e-12,0,0,288,28,3094.709922883598,6000.0,0.0763887000066461,2025-04-18,2025-03-21,2025-04-17,2025-04-18
2025-04-19,deterministic_48h,0,Optimization terminated successfully. (HiGHS Status 7: Optimal),47229.8798079674,47229.87980796739,-1.4551915228366852e-11,7.275957614183426e-12,0,0,288,1,2772.536917460321,6000.0,0.009795800011488609,2025-04-18,2025-03-21,2025-04-17,2025-04-18
2025-04-19,stochastic_24h,0,Optimization terminated successfully. (HiGHS Status 7: Optimal),14804.731204170626,14804.731204170615,-1.0913936421275139e-11,3.637978807091713e-12,0,0,144,28,6000.000000000001,6000.0,0.03323879999516066,2025-04-18,2025-03-21,2025-04-17,2025-04-18
2025-04-20,stochastic_48h,0,Optimization terminated successfully. (HiGHS Status 7: Optimal),76315.64345931057,76315.64345931103,4.656612873077393e-10,4.547473508864641e-12,0,0,288,28,8550.000000000002,6000.0,0.08572129999811295,2025-04-19,2025-03-22,2025-04-18,2025-04-19
2025-04-20,deterministic_48h,0,Optimization terminated successfully. (HiGHS Status 7: Optimal),64724.65919282895,64724.659192828956,7.275957614183426e-12,9.094947017729282e-12,0,0,288,1,8550.0,6000.0,0.01106600000639446,2025-04-19,2025-03-22,2025-04-18,2025-04-19
2025-04-20,stochastic_24h,0,Optimization terminated successfully. (HiGHS Status 7: Optimal),38833.88818781282,38833.88818781288,5.820766091346741e-11,1.8189894035458565e-12,0,0,144,28,6000.000000000004,6000.0,0.04431900000781752,2025-04-19,2025-03-22,2025-04-18,2025-04-19
2025-04-21,stochastic_48h,0,Optimization terminated successfully. (HiGHS Status 7: Optimal),76328.91734944088,76328.91734944102,1.4551915228366852e-10,1.2732925824820995e-11,0,0,288,28,8550.000000000004,6000.0,0.08116919999883976,2025-04-20,2025-03-23,2025-04-19,2025-04-20
2025-04-21,deterministic_48h,0,Optimization terminated successfully. (HiGHS Status 7: Optimal),64750.064152706764,64750.064152706764,0.0,3.637978807091713e-12,0,0,288,1,8550.000000000004,6000.0,0.010829599996213801,2025-04-20,2025-03-23,2025-04-19,2025-04-20
2025-04-21,stochastic_24h,0,Optimization terminated successfully. (HiGHS Status 7: Optimal),38552.94970634835,38552.949706348416,6.548361852765083e-11,1.8189894035458565e-12,0,0,144,28,5999.999999999999,6000.0,0.04268279999087099,2025-04-20,2025-03-23,2025-04-19,2025-04-20
2025-04-22,stochastic_48h,0,Optimization terminated successfully. (HiGHS Status 7: Optimal),74652.45330197658,74652.45330197676,1.7462298274040222e-10,1.2732925824820995e-11,0,0,288,28,8550.000000000007,6000.0,0.09069100000488106,2025-04-21,2025-03-24,2025-04-20,2025-04-21
2025-04-22,deterministic_48h,0,Optimization terminated successfully. (HiGHS Status 7: Optimal),63246.68478206631,63246.68478206632,7.275957614183426e-12,4.547473508864641e-12,0,0,288,1,8550.0,6000.0,0.010348600000725128,2025-04-21,2025-03-24,2025-04-20,2025-04-21
2025-04-22,stochastic_24h,0,Optimization terminated successfully. (HiGHS Status 7: Optimal),37944.895255813746,37944.89525581372,-2.9103830456733704e-11,7.275957614183426e-12,0,0,144,28,6000.000000000001,6000.0,0.04108819999964908,2025-04-21,2025-03-24,2025-04-20,2025-04-21
2025-04-23,stochastic_48h,0,Optimization terminated successfully. (HiGHS Status 7: Optimal),74412.86193703914,74412.86193703908,-5.820766091346741e-11,1.3642420526593924e-11,0,0,288,28,8550.000000000011,6000.0,0.08933400000387337,2025-04-22,2025-03-25,2025-04-21,2025-04-22
2025-04-23,deterministic_48h,0,Optimization terminated successfully. (HiGHS Status 7: Optimal),63325.02997591738,63325.02997591737,-7.275957614183426e-12,4.547473508864641e-12,0,0,288,1,7949.999999999996,6000.0,0.010555100001511164,2025-04-22,2025-03-25,2025-04-21,2025-04-22
2025-04-23,stochastic_24h,0,Optimization terminated successfully. (HiGHS Status 7: Optimal),37832.25183385204,37832.25183385201,-2.9103830456733704e-11,4.547473508864641e-12,0,0,144,28,6000.000000000007,6000.0,0.04332320000685286,2025-04-22,2025-03-25,2025-04-21,2025-04-22
2025-04-24,stochastic_48h,0,Optimization terminated successfully. (HiGHS Status 7: Optimal),50629.28207412727,50629.28207412733,5.820766091346741e-11,1.000444171950221e-11,0,0,288,28,8550.00000000001,6000.0,0.08281509998778347,2025-04-23,2025-03-26,2025-04-22,2025-04-23
2025-04-24,deterministic_48h,0,Optimization terminated successfully. (HiGHS Status 7: Optimal),43442.0391727062,43442.03917270618,-2.1827872842550278e-11,5.4569682106375694e-12,0,0,288,1,8022.182531687732,6000.0,0.00919709999288898,2025-04-23,2025-03-26,2025-04-22,2025-04-23
2025-04-24,stochastic_24h,0,Optimization terminated successfully. (HiGHS Status 7: Optimal),38001.34811314956,38001.34811314961,5.093170329928398e-11,3.637978807091713e-12,0,0,144,28,5999.999999999996,6000.0,0.042634800003725104,2025-04-23,2025-03-26,2025-04-22,2025-04-23
2025-04-25,stochastic_48h,0,Optimization terminated successfully. (HiGHS Status 7: Optimal),29256.411598941013,29256.41159894104,2.546585164964199e-11,7.275957614183426e-12,0,0,288,28,2794.275660002044,6000.0,0.07426520000444725,2025-04-24,2025-03-27,2025-04-23,2025-04-24
2025-04-25,deterministic_48h,0,Optimization terminated successfully. (HiGHS Status 7: Optimal),25806.526846870653,25806.52684687064,-1.0913936421275139e-11,5.4569682106375694e-12,0,0,288,1,2479.359310877083,6000.0,0.010014800005592406,2025-04-24,2025-03-27,2025-04-23,2025-04-24
2025-04-25,stochastic_24h,0,Optimization terminated successfully. (HiGHS Status 7: Optimal),14099.975963408442,14099.975963408448,5.4569682106375694e-12,6.366462912410498e-12,0,0,144,28,6000.0,6000.0,0.032828600000357255,2025-04-24,2025-03-27,2025-04-23,2025-04-24
2025-04-26,stochastic_48h,0,Optimization terminated successfully. (HiGHS Status 7: Optimal),51348.606342323714,51348.60634232369,-2.1827872842550278e-11,8.185452315956354e-12,0,0,288,28,2697.4436511192553,6000.0,0.08207179998862557,2025-04-25,2025-03-28,2025-04-24,2025-04-25
2025-04-26,deterministic_48h,0,Optimization terminated successfully. (HiGHS Status 7: Optimal),44114.38933043636,44114.389330436374,1.4551915228366852e-11,5.4569682106375694e-12,0,0,288,1,2355.5801683760656,6000.0,0.010628199990605935,2025-04-25,2025-03-28,2025-04-24,2025-04-25
2025-04-26,stochastic_24h,0,Optimization terminated successfully. (HiGHS Status 7: Optimal),14001.614443655219,14001.614443655219,0.0,4.092726157978177e-12,0,0,144,28,6000.0000000000055,6000.0,0.03545009999652393,2025-04-25,2025-03-28,2025-04-24,2025-04-25
2025-04-27,stochastic_48h,0,Optimization terminated successfully. (HiGHS Status 7: Optimal),69917.75751064817,69917.75751064811,-5.820766091346741e-11,1.1823431123048067e-11,0,0,288,28,8550.000000000004,6000.0,0.08541580000019167,2025-04-26,2025-03-29,2025-04-25,2025-04-26
2025-04-27,deterministic_48h,0,Optimization terminated successfully. (HiGHS Status 7: Optimal),59518.8737135111,59518.87371351107,-2.9103830456733704e-11,1.0913936421275139e-11,0,0,288,1,7950.000000000004,6000.0,0.012735399999655783,2025-04-26,2025-03-29,2025-04-25,2025-04-26
2025-04-27,stochastic_24h,0,Optimization terminated successfully. (HiGHS Status 7: Optimal),35541.65916201066,35541.65916201062,-4.3655745685100555e-11,5.4569682106375694e-12,0,0,144,28,6000.000000000004,6000.0,0.044393400006811135,2025-04-26,2025-03-29,2025-04-25,2025-04-26
2025-04-28,stochastic_48h,0,Optimization terminated successfully. (HiGHS Status 7: Optimal),70815.45381340238,70815.45381340229,-8.731149137020111e-11,1.4551915228366852e-11,0,0,288,28,8550.000000000011,6000.0,0.08447579998755828,2025-04-27,2025-03-30,2025-04-26,2025-04-27
2025-04-28,deterministic_48h,0,Optimization terminated successfully. (HiGHS Status 7: Optimal),60614.2452136827,60614.2452136827,0.0,7.275957614183426e-12,0,0,288,1,7645.825320909651,6000.0,0.009320600001956336,2025-04-27,2025-03-30,2025-04-26,2025-04-27
2025-04-28,stochastic_24h,0,Optimization terminated successfully. (HiGHS Status 7: Optimal),35908.95185734682,35908.95185734679,-3.637978807091713e-11,3.637978807091713e-12,0,0,144,28,6000.0000000000055,6000.0,0.036811099998885766,2025-04-27,2025-03-30,2025-04-26,2025-04-27
2025-04-29,stochastic_48h,0,Optimization terminated successfully. (HiGHS Status 7: Optimal),73729.40353894987,73729.40353894996,8.731149137020111e-11,1.2732925824820995e-11,0,0,288,28,8550.000000000013,6000.0,0.08601530001033098,2025-04-28,2025-03-31,2025-04-27,2025-04-28
2025-04-29,deterministic_48h,0,Optimization terminated successfully. (HiGHS Status 7: Optimal),62136.13455319686,62136.13455319687,7.275957614183426e-12,9.549694368615746e-12,0,0,288,1,7731.786405799761,6000.0,0.009529300004942343,2025-04-28,2025-03-31,2025-04-27,2025-04-28
2025-04-29,stochastic_24h,0,Optimization terminated successfully. (HiGHS Status 7: Optimal),37178.33824428067,37178.338244280654,-1.4551915228366852e-11,1.8189894035458565e-12,0,0,144,28,6000.0,6000.0,0.0427202999999281,2025-04-28,2025-03-31,2025-04-27,2025-04-28
2025-04-30,stochastic_48h,0,Optimization terminated successfully. (HiGHS Status 7: Optimal),73223.20376798042,73223.20376798061,1.8917489796876907e-10,1.3642420526593924e-11,0,0,288,28,8550.000000000011,6000.0,0.08469930000137538,2025-04-29,2025-04-01,2025-04-28,2025-04-29
2025-04-30,deterministic_48h,0,Optimization terminated successfully. (HiGHS Status 7: Optimal),61345.14823895455,61345.14823895454,-7.275957614183426e-12,9.094947017729282e-12,0,0,288,1,7950.0000000000055,6000.0,0.011037400006898679,2025-04-29,2025-04-01,2025-04-28,2025-04-29
2025-04-30,stochastic_24h,0,Optimization terminated successfully. (HiGHS Status 7: Optimal),37327.59542345171,37327.59542345173,1.4551915228366852e-11,7.275957614183426e-12,0,0,144,28,5999.999999999999,6000.0,0.0394621999876108,2025-04-29,2025-04-01,2025-04-28,2025-04-29
2025-05-01,stochastic_48h,0,Optimization terminated successfully. (HiGHS Status 7: Optimal),49574.05149160474,49574.05149160471,-2.9103830456733704e-11,2.3646862246096134e-11,0,0,288,28,8550.000000000013,6000.0,0.07672930000990164,2025-04-30,2025-04-02,2025-04-29,2025-04-30
2025-05-01,deterministic_48h,0,Optimization terminated successfully. (HiGHS Status 7: Optimal),42239.938701318955,42239.93870131895,-7.275957614183426e-12,5.4569682106375694e-12,0,0,288,1,7519.619660784399,6000.0,0.009080600008019246,2025-04-30,2025-04-02,2025-04-29,2025-04-30
2025-05-01,stochastic_24h,0,Optimization terminated successfully. (HiGHS Status 7: Optimal),37033.36618820921,37033.36618820911,-1.0186340659856796e-10,3.637978807091713e-12,0,0,144,28,5999.999999999995,6000.0,0.040624699991894886,2025-04-30,2025-04-02,2025-04-29,2025-04-30
2025-05-02,stochastic_48h,0,Optimization terminated successfully. (HiGHS Status 7: Optimal),29904.812582244253,29904.812582244183,-6.912159733474255e-11,1.8189894035458565e-12,0,0,288,28,2454.2911527167453,6000.0,0.0679392000020016,2025-05-01,2025-04-03,2025-04-30,2025-05-01
2025-05-02,deterministic_48h,0,Optimization terminated successfully. (HiGHS Status 7: Optimal),25806.69037935904,25806.690379359043,3.637978807091713e-12,5.4569682106375694e-12,0,0,288,1,2135.665835215713,6000.0,0.008815599998342805,2025-05-01,2025-04-03,2025-04-30,2025-05-01
2025-05-02,stochastic_24h,0,Optimization terminated successfully. (HiGHS Status 7: Optimal),14168.836303869772,14168.836303869795,2.3646862246096134e-11,2.7284841053187847e-12,0,0,144,28,6000.000000000002,6000.0,0.034965999991982244,2025-05-01,2025-04-03,2025-04-30,2025-05-01
2025-05-03,stochastic_48h,0,Optimization terminated successfully. (HiGHS Status 7: Optimal),55301.63115205911,55301.63115205915,3.637978807091713e-11,3.637978807091713e-12,0,0,288,28,2553.910420390721,6000.0,0.07560199999716133,2025-05-02,2025-04-04,2025-05-01,2025-05-02
2025-05-03,deterministic_48h,0,Optimization terminated successfully. (HiGHS Status 7: Optimal),46073.61471652461,46073.614716524615,7.275957614183426e-12,4.547473508864641e-12,0,0,288,1,2171.037712993485,6000.0,0.012484400009270757,2025-05-02,2025-04-04,2025-05-01,2025-05-02
2025-05-03,stochastic_24h,0,Optimization terminated successfully. (HiGHS Status 7: Optimal),14778.209805418566,14778.209805418584,1.8189894035458565e-11,4.092726157978177e-12,0,0,144,28,6000.000000000002,6000.0,0.034684500002185814,2025-05-02,2025-04-04,2025-05-01,2025-05-02
2025-05-04,stochastic_48h,0,Optimization terminated successfully. (HiGHS Status 7: Optimal),78478.54014317661,78478.54014317662,1.4551915228366852e-11,9.094947017729282e-12,0,0,288,28,8550.0,6000.0,0.0870920000015758,2025-05-03,2025-04-05,2025-05-02,2025-05-03
2025-05-04,deterministic_48h,0,Optimization terminated successfully. (HiGHS Status 7: Optimal),64186.91294826253,64186.912948262514,-1.4551915228366852e-11,3.637978807091713e-12,0,0,288,1,8123.126690693835,6000.0,0.010438600002089515,2025-05-03,2025-04-05,2025-05-02,2025-05-03
2025-05-04,stochastic_24h,0,Optimization terminated successfully. (HiGHS Status 7: Optimal),39483.61263329681,39483.61263329683,1.4551915228366852e-11,5.4569682106375694e-12,0,0,144,28,6000.000000000004,6000.0,0.04168170000775717,2025-05-03,2025-04-05,2025-05-02,2025-05-03
2025-05-05,stochastic_48h,0,Optimization terminated successfully. (HiGHS Status 7: Optimal),79013.73214224039,79013.73214224046,7.275957614183426e-11,5.4569682106375694e-12,0,0,288,28,8550.000000000004,6000.0,0.08086589998856653,2025-05-04,2025-04-06,2025-05-03,2025-05-04
2025-05-05,deterministic_48h,0,Optimization terminated successfully. (HiGHS Status 7: Optimal),64135.18656111083,64135.186561110815,-1.4551915228366852e-11,3.637978807091713e-12,0,0,288,1,8550.0,6000.0,0.010528700004215352,2025-05-04,2025-04-06,2025-05-03,2025-05-04
2025-05-05,stochastic_24h,0,Optimization terminated successfully. (HiGHS Status 7: Optimal),39862.38184524263,39862.381845242686,5.820766091346741e-11,1.8189894035458565e-12,0,0,144,28,6000.000000000003,6000.0,0.04084899999725167,2025-05-04,2025-04-06,2025-05-03,2025-05-04
2025-05-06,stochastic_48h,0,Optimization terminated successfully. (HiGHS Status 7: Optimal),79961.86967342495,79961.86967342517,2.1827872842550278e-10,3.637978807091713e-12,0,0,288,28,8550.000000000002,6000.0,0.0855854000110412,2025-05-05,2025-04-07,2025-05-04,2025-05-05
2025-05-06,deterministic_48h,0,Optimization terminated successfully. (HiGHS Status 7: Optimal),64420.771775321584,64420.77177532157,-1.4551915228366852e-11,9.094947017729282e-12,0,0,288,1,8549.999999999998,6000.0,0.009337800001958385,2025-05-05,2025-04-07,2025-05-04,2025-05-05
2025-05-06,stochastic_24h,0,Optimization terminated successfully. (HiGHS Status 7: Optimal),40252.35082243349,40252.35082243347,-1.4551915228366852e-11,5.4569682106375694e-12,0,0,144,28,5999.999999999999,6000.0,0.04243440000573173,2025-05-05,2025-04-07,2025-05-04,2025-05-05
2025-05-07,stochastic_48h,0,Optimization terminated successfully. (HiGHS Status 7: Optimal),81519.79357463759,81519.79357463772,1.3096723705530167e-10,3.637978807091713e-12,0,0,288,28,8550.0,6000.0,0.08388770000601653,2025-05-06,2025-04-08,2025-05-05,2025-05-06
2025-05-07,deterministic_48h,0,Optimization terminated successfully. (HiGHS Status 7: Optimal),65260.56405015234,65260.56405015231,-2.9103830456733704e-11,1.2732925824820995e-11,0,0,288,1,8549.999999999995,6000.0,0.00940680000348948,2025-05-06,2025-04-08,2025-05-05,2025-05-06
2025-05-07,stochastic_24h,0,Optimization terminated successfully. (HiGHS Status 7: Optimal),40764.037757851926,40764.037757851926,0.0,2.2737367544323206e-12,0,0,144,28,5999.999999999997,6000.0,0.042869400000199676,2025-05-06,2025-04-08,2025-05-05,2025-05-06
2025-05-08,stochastic_48h,0,Optimization terminated successfully. (HiGHS Status 7: Optimal),57620.178795326,57620.17879532599,-7.275957614183426e-12,3.637978807091713e-12,0,0,288,28,8550.0,6000.0,0.0791431000106968,2025-05-07,2025-04-09,2025-05-06,2025-05-07
2025-05-08,deterministic_48h,0,Optimization terminated successfully. (HiGHS Status 7: Optimal),45436.96627302963,45436.966273029626,-7.275957614183426e-12,7.275957614183426e-12,0,0,288,1,8549.999999999993,6000.0,0.009830300012254156,2025-05-07,2025-04-09,2025-05-06,2025-05-07
2025-05-08,stochastic_24h,0,Optimization terminated successfully. (HiGHS Status 7: Optimal),42039.23566092358,42039.235660923594,1.4551915228366852e-11,3.637978807091713e-12,0,0,144,28,6000.000000000001,6000.0,0.0416823999985354,2025-05-07,2025-04-09,2025-05-06,2025-05-07
2025-05-09,stochastic_48h,0,Optimization terminated successfully. (HiGHS Status 7: Optimal),34477.014718468345,34477.01471846842,7.275957614183426e-11,3.637978807091713e-12,0,0,288,28,3138.614979904356,6000.0,0.06919670000206679,2025-05-08,2025-04-10,2025-05-07,2025-05-08
2025-05-09,deterministic_48h,0,Optimization terminated successfully. (HiGHS Status 7: Optimal),26803.648399620237,26803.648399620226,-1.0913936421275139e-11,3.637978807091713e-12,0,0,288,1,2602.0089343406526,6000.0,0.010032999998657033,2025-05-08,2025-04-10,2025-05-07,2025-05-08
2025-05-09,stochastic_24h,0,Optimization terminated successfully. (HiGHS Status 7: Optimal),16714.40460588988,16714.404605889882,3.637978807091713e-12,5.4569682106375694e-12,0,0,144,28,6000.000000000002,6000.0,0.030208800002583303,2025-05-08,2025-04-10,2025-05-07,2025-05-08
2025-05-10,stochastic_48h,0,Optimization terminated successfully. (HiGHS Status 7: Optimal),60239.57249427369,60239.57249427376,6.548361852765083e-11,3.637978807091713e-12,0,0,288,28,3045.0614070207566,6000.0,0.07351829999242909,2025-05-09,2025-04-11,2025-05-08,2025-05-09
2025-05-10,deterministic_48h,0,Optimization terminated successfully. (HiGHS Status 7: Optimal),47687.09493595785,47687.094935957844,-7.275957614183426e-12,3.637978807091713e-12,0,0,288,1,2516.716126526255,6000.0,0.01190630000201054,2025-05-09,2025-04-11,2025-05-08,2025-05-09
2025-05-10,stochastic_24h,0,Optimization terminated successfully. (HiGHS Status 7: Optimal),16718.105610026003,16718.10561002601,7.275957614183426e-12,3.637978807091713e-12,0,0,144,28,5999.999999999998,6000.0,0.03320730000268668,2025-05-09,2025-04-11,2025-05-08,2025-05-09
2025-05-11,stochastic_48h,0,Optimization terminated successfully. (HiGHS Status 7: Optimal),84089.89630938,84089.89630938013,1.3096723705530167e-10,4.092726157978177e-12,0,0,288,28,8550.0,6000.0,0.08856259999447502,2025-05-10,2025-04-12,2025-05-09,2025-05-10
2025-05-11,deterministic_48h,0,Optimization terminated successfully. (HiGHS Status 7: Optimal),66351.23518143644,66351.23518143645,1.4551915228366852e-11,2.7284841053187847e-12,0,0,288,1,8550.0,6000.0,0.010381400003097951,2025-05-10,2025-04-12,2025-05-09,2025-05-10
2025-05-11,stochastic_24h,0,Optimization terminated successfully. (HiGHS Status 7: Optimal),42258.07811037036,42258.07811037035,-1.4551915228366852e-11,1.8189894035458565e-12,0,0,144,28,5999.999999999996,6000.0,0.04210089999833144,2025-05-10,2025-04-12,2025-05-09,2025-05-10
2025-05-12,stochastic_48h,0,Optimization terminated successfully. (HiGHS Status 7: Optimal),84272.19716034307,84272.197160343,-7.275957614183426e-11,1.000444171950221e-11,0,0,288,28,8550.000000000002,6000.0,0.08352479999302886,2025-05-11,2025-04-13,2025-05-10,2025-05-11
2025-05-12,deterministic_48h,0,Optimization terminated successfully. (HiGHS Status 7: Optimal),66244.18774672727,66244.18774672726,-1.4551915228366852e-11,4.547473508864641e-12,0,0,288,1,8549.999999999998,6000.0,0.01147859999036882,2025-05-11,2025-04-13,2025-05-10,2025-05-11
2025-05-12,stochastic_24h,0,Optimization terminated successfully. (HiGHS Status 7: Optimal),42648.779591607374,42648.77959160741,3.637978807091713e-11,3.637978807091713e-12,0,0,144,28,6000.0,6000.0,0.0461012000014307,2025-05-11,2025-04-13,2025-05-10,2025-05-11
2025-05-13,stochastic_48h,0,Optimization terminated successfully. (HiGHS Status 7: Optimal),84382.29050457568,84382.29050457574,5.820766091346741e-11,9.549694368615746e-12,0,0,288,28,8550.000000000004,6000.0,0.08762789999309462,2025-05-12,2025-04-14,2025-05-11,2025-05-12
2025-05-13,deterministic_48h,0,Optimization terminated successfully. (HiGHS Status 7: Optimal),66358.5588547113,66358.55885471133,2.9103830456733704e-11,3.637978807091713e-12,0,0,288,1,8550.000000000002,6000.0,0.009883300008368678,2025-05-12,2025-04-14,2025-05-11,2025-05-12
2025-05-13,stochastic_24h,0,Optimization terminated successfully. (HiGHS Status 7: Optimal),42491.19619111111,42491.19619111112,1.4551915228366852e-11,7.73070496506989e-12,0,0,144,28,6000.000000000002,6000.0,0.041224200002034195,2025-05-12,2025-04-14,2025-05-11,2025-05-12
2025-05-14,stochastic_48h,0,Optimization terminated successfully. (HiGHS Status 7: Optimal),84147.5965913067,84147.59659130663,-7.275957614183426e-11,1.4551915228366852e-11,0,0,288,28,8550.00000000001,6000.0,0.08202519999758806,2025-05-13,2025-04-15,2025-05-12,2025-05-13
2025-05-14,deterministic_48h,0,Optimization terminated successfully. (HiGHS Status 7: Optimal),66183.44541322024,66183.44541322024,0.0,4.547473508864641e-12,0,0,288,1,8550.0,6000.0,0.01202480000210926,2025-05-13,2025-04-15,2025-05-12,2025-05-13
2025-05-14,stochastic_24h,0,Optimization terminated successfully. (HiGHS Status 7: Optimal),42287.27011097928,42287.27011097926,-2.1827872842550278e-11,3.637978807091713e-12,0,0,144,28,6000.000000000007,6000.0,0.043217600003117695,2025-05-13,2025-04-15,2025-05-12,2025-05-13
2025-05-15,stochastic_48h,0,Optimization terminated successfully. (HiGHS Status 7: Optimal),57524.539874038324,57524.53987403826,-6.548361852765083e-11,3.637978807091713e-12,0,0,288,28,8550.000000000015,6000.0,0.07803899999998976,2025-05-14,2025-04-16,2025-05-13,2025-05-14
2025-05-15,deterministic_48h,0,Optimization terminated successfully. (HiGHS Status 7: Optimal),44461.9426054382,44461.94260543821,1.4551915228366852e-11,5.9117155615240335e-12,0,0,288,1,8550.000000000002,6000.0,0.013500899993232451,2025-05-14,2025-04-16,2025-05-13,2025-05-14
2025-05-15,stochastic_24h,0,Optimization terminated successfully. (HiGHS Status 7: Optimal),42190.71851944744,42190.718519447415,-2.1827872842550278e-11,3.637978807091713e-12,0,0,144,28,6000.000000000003,6000.0,0.03988329999265261,2025-05-14,2025-04-16,2025-05-13,2025-05-14
2025-05-16,stochastic_48h,0,Optimization terminated successfully. (HiGHS Status 7: Optimal),35181.63501894641,35181.63501894633,-8.003553375601768e-11,1.0913936421275139e-11,0,0,288,28,2355.9400898453423,6000.0,0.06604349998815451,2025-05-15,2025-04-17,2025-05-14,2025-05-15
2025-05-16,deterministic_48h,0,Optimization terminated successfully. (HiGHS Status 7: Optimal),26809.888660845783,26809.888660845776,-7.275957614183426e-12,5.4569682106375694e-12,0,0,288,1,1923.4958752340208,6000.0,0.008387399997445755,2025-05-15,2025-04-17,2025-05-14,2025-05-15
2025-05-16,stochastic_24h,0,Optimization terminated successfully. (HiGHS Status 7: Optimal),16928.13488574978,16928.134885749794,1.4551915228366852e-11,3.637978807091713e-12,0,0,144,28,6000.000000000001,6000.0,0.03605769999558106,2025-05-15,2025-04-17,2025-05-14,2025-05-15
2025-05-17,stochastic_48h,0,Optimization terminated successfully. (HiGHS Status 7: Optimal),59693.27160280016,59693.2716028,-1.6007106751203537e-10,4.092726157978177e-12,0,0,288,28,2524.224416544572,6000.0,0.07583400000294205,2025-05-16,2025-04-18,2025-05-15,2025-05-16
2025-05-17,deterministic_48h,0,Optimization terminated successfully. (HiGHS Status 7: Optimal),46707.89198745448,46707.89198745451,2.9103830456733704e-11,8.185452315956354e-12,0,0,288,1,2036.0955909137174,6000.0,0.008927899994887412,2025-05-16,2025-04-18,2025-05-15,2025-05-16
2025-05-17,stochastic_24h,0,Optimization terminated successfully. (HiGHS Status 7: Optimal),17017.010024554485,17017.010024554507,2.1827872842550278e-11,4.547473508864641e-12,0,0,144,28,6000.000000000004,6000.0,0.03464069998881314,2025-05-16,2025-04-18,2025-05-15,2025-05-16
2025-05-18,stochastic_48h,0,Optimization terminated successfully. (HiGHS Status 7: Optimal),82555.83868365333,82555.8386836531,-2.3283064365386963e-10,5.4569682106375694e-12,0,0,288,28,8550.000000000004,6000.0,0.08072149999497924,2025-05-17,2025-04-19,2025-05-16,2025-05-17
2025-05-18,deterministic_48h,0,Optimization terminated successfully. (HiGHS Status 7: Optimal),64731.95150340698,64731.951503406955,-2.1827872842550278e-11,3.637978807091713e-12,0,0,288,1,8106.429828928982,6000.0,0.009639699987019412,2025-05-17,2025-04-19,2025-05-16,2025-05-17
2025-05-18,stochastic_24h,0,Optimization terminated successfully. (HiGHS Status 7: Optimal),41712.15241846744,41712.1524184674,-4.3655745685100555e-11,3.637978807091713e-12,0,0,144,28,6000.000000000005,6000.0,0.04057250000187196,2025-05-17,2025-04-19,2025-05-16,2025-05-17
2025-05-19,stochastic_48h,0,Optimization terminated successfully. (HiGHS Status 7: Optimal),81844.37093151064,81844.3709315105,-1.4551915228366852e-10,3.637978807091713e-12,0,0,288,28,8550.000000000004,6000.0,0.08090669999364763,2025-05-18,2025-04-20,2025-05-17,2025-05-18
2025-05-19,deterministic_48h,0,Optimization terminated successfully. (HiGHS Status 7: Optimal),63786.987092959214,63786.987092959236,2.1827872842550278e-11,9.094947017729282e-12,0,0,288,1,8549.999999999996,6000.0,0.010806499994941987,2025-05-18,2025-04-20,2025-05-17,2025-05-18
2025-05-19,stochastic_24h,0,Optimization terminated successfully. (HiGHS Status 7: Optimal),41567.52878338329,41567.5287833832,-9.458744898438454e-11,3.637978807091713e-12,0,0,144,28,5999.999999999999,6000.0,0.03864949999842793,2025-05-18,2025-04-20,2025-05-17,2025-05-18
2025-05-20,stochastic_48h,0,Optimization terminated successfully. (HiGHS Status 7: Optimal),80204.30262666791,80204.30262666784,-7.275957614183426e-11,1.000444171950221e-11,0,0,288,28,8550.000000000004,6000.0,0.07779169999412261,2025-05-19,2025-04-21,2025-05-18,2025-05-19
2025-05-20,deterministic_48h,0,Optimization terminated successfully. (HiGHS Status 7: Optimal),62408.66600042749,62408.66600042748,-7.275957614183426e-12,2.7284841053187847e-12,0,0,288,1,8380.899892272479,6000.0,0.011474400002043694,2025-05-19,2025-04-21,2025-05-18,2025-05-19
2025-05-20,stochastic_24h,0,Optimization terminated successfully. (HiGHS Status 7: Optimal),40680.76881698056,40680.76881698041,-1.5279510989785194e-10,3.637978807091713e-12,0,0,144,28,5999.999999999997,6000.0,0.04058860000804998,2025-05-19,2025-04-21,2025-05-18,2025-05-19
2025-05-21,stochastic_48h,0,Optimization terminated successfully. (HiGHS Status 7: Optimal),80920.88657164118,80920.88657164112,-5.820766091346741e-11,1.4551915228366852e-11,0,0,288,28,8550.00000000001,6000.0,0.0872525000013411,2025-05-20,2025-04-22,2025-05-19,2025-05-20
2025-05-21,deterministic_48h,0,Optimization terminated successfully. (HiGHS Status 7: Optimal),63273.05824271117,63273.05824271121,3.637978807091713e-11,1.4551915228366852e-11,0,0,288,1,7949.999999999999,6000.0,0.009361200005514547,2025-05-20,2025-04-22,2025-05-19,2025-05-20
2025-05-21,stochastic_24h,0,Optimization terminated successfully. (HiGHS Status 7: Optimal),40918.07333861478,40918.07333861465,-1.2369127944111824e-10,1.8189894035458565e-12,0,0,144,28,6000.000000000003,6000.0,0.03885489999083802,2025-05-20,2025-04-22,2025-05-19,2025-05-20
2025-05-22,stochastic_48h,0,Optimization terminated successfully. (HiGHS Status 7: Optimal),57143.7683254471,57143.76832544691,-1.8917489796876907e-10,1.546140993013978e-11,0,0,288,28,8550.000000000011,6000.0,0.07231400000455324,2025-05-21,2025-04-23,2025-05-20,2025-05-21
2025-05-22,deterministic_48h,0,Optimization terminated successfully. (HiGHS Status 7: Optimal),44111.28959589289,44111.2895958929,7.275957614183426e-12,3.637978807091713e-12,0,0,288,1,7950.000000000008,6000.0,0.010274800006300211,2025-05-21,2025-04-23,2025-05-20,2025-05-21
2025-05-22,stochastic_24h,0,Optimization terminated successfully. (HiGHS Status 7: Optimal),41275.793534404096,41275.79353440395,-1.4551915228366852e-10,5.4569682106375694e-12,0,0,144,28,6000.000000000002,6000.0,0.038343199994415045,2025-05-21,2025-04-23,2025-05-20,2025-05-21
2025-05-23,stochastic_48h,0,Optimization terminated successfully. (HiGHS Status 7: Optimal),36304.95340838718,36304.953408387126,-5.093170329928398e-11,3.637978807091713e-12,0,0,288,28,2039.8348930606571,6000.0,0.06841360000544228,2025-05-22,2025-04-24,2025-05-21,2025-05-22
2025-05-23,deterministic_48h,0,Optimization terminated successfully. (HiGHS Status 7: Optimal),27599.862100002334,27599.862100002323,-1.0913936421275139e-11,3.637978807091713e-12,0,0,288,1,1674.140382844933,6000.0,0.009719499998027459,2025-05-22,2025-04-24,2025-05-21,2025-05-22
2025-05-23,stochastic_24h,0,Optimization terminated successfully. (HiGHS Status 7: Optimal),17401.357803962223,17401.35780396221,-1.0913936421275139e-11,1.8189894035458565e-12,0,0,144,28,6000.000000000005,6000.0,0.03329859999939799,2025-05-22,2025-04-24,2025-05-21,2025-05-22
2025-05-24,stochastic_48h,0,Optimization terminated successfully. (HiGHS Status 7: Optimal),60646.295262552674,60646.29526255268,7.275957614183426e-12,3.637978807091713e-12,0,0,288,28,2084.8434136446867,6000.0,0.07170099999348167,2025-05-23,2025-04-25,2025-05-22,2025-05-23
2025-05-24,deterministic_48h,0,Optimization terminated successfully. (HiGHS Status 7: Optimal),47265.88896429498,47265.888964294965,-1.4551915228366852e-11,3.637978807091713e-12,0,0,288,1,1712.4113892857167,6000.0,0.010006900003645569,2025-05-23,2025-04-25,2025-05-22,2025-05-23
2025-05-24,stochastic_24h,0,Optimization terminated successfully. (HiGHS Status 7: Optimal),17662.517427765768,17662.517427765764,-3.637978807091713e-12,5.4569682106375694e-12,0,0,144,28,6000.000000000001,6000.0,0.031633499995223247,2025-05-23,2025-04-25,2025-05-22,2025-05-23
2025-05-25,stochastic_48h,0,Optimization terminated successfully. (HiGHS Status 7: Optimal),81601.53438965089,81601.53438965103,1.4551915228366852e-10,5.4569682106375694e-12,0,0,288,28,8549.999999999996,6000.0,0.0836323999974411,2025-05-24,2025-04-26,2025-05-23,2025-05-24
2025-05-25,deterministic_48h,0,Optimization terminated successfully. (HiGHS Status 7: Optimal),63839.64732266355,63839.64732266354,-7.275957614183426e-12,4.547473508864641e-12,0,0,288,1,7616.617481214487,6000.0,0.010189400010858662,2025-05-24,2025-04-26,2025-05-23,2025-05-24
2025-05-25,stochastic_24h,0,Optimization terminated successfully. (HiGHS Status 7: Optimal),41453.279330718244,41453.27933071821,-3.637978807091713e-11,1.8189894035458565e-12,0,0,144,28,6000.000000000004,6000.0,0.04236539998964872,2025-05-24,2025-04-26,2025-05-23,2025-05-24
2025-05-26,stochastic_48h,0,Optimization terminated successfully. (HiGHS Status 7: Optimal),80987.68541344602,80987.68541344596,-5.820766091346741e-11,3.637978807091713e-12,0,0,288,28,8549.999999999996,6000.0,0.08690570000908338,2025-05-25,2025-04-27,2025-05-24,2025-05-25
2025-05-26,deterministic_48h,0,Optimization terminated successfully. (HiGHS Status 7: Optimal),63086.6859323065,63086.6859323065,0.0,8.185452315956354e-12,0,0,288,1,7949.999999999997,6000.0,0.010360400003264658,2025-05-25,2025-04-27,2025-05-24,2025-05-25
2025-05-26,stochastic_24h,0,Optimization terminated successfully. (HiGHS Status 7: Optimal),41079.48876084741,41079.48876084738,-2.9103830456733704e-11,5.4569682106375694e-12,0,0,144,28,6000.000000000002,6000.0,0.03986950000398792,2025-05-25,2025-04-27,2025-05-24,2025-05-25
2025-05-27,stochastic_48h,0,Optimization terminated successfully. (HiGHS Status 7: Optimal),81984.00931812817,81984.00931812823,5.820766091346741e-11,3.637978807091713e-12,0,0,288,28,8549.999999999998,6000.0,0.08384839999780525,2025-05-26,2025-04-28,2025-05-25,2025-05-26
2025-05-27,deterministic_48h,0,Optimization terminated successfully. (HiGHS Status 7: Optimal),64544.743349448094,64544.74334944812,2.9103830456733704e-11,7.275957614183426e-12,0,0,288,1,7644.912399833949,6000.0,0.011306499989586882,2025-05-26,2025-04-28,2025-05-25,2025-05-26
2025-05-27,stochastic_24h,0,Optimization terminated successfully. (HiGHS Status 7: Optimal),41705.9853233263,41705.985323326255,-4.3655745685100555e-11,1.8189894035458565e-12,0,0,144,28,6000.000000000004,6000.0,0.06103899999288842,2025-05-26,2025-04-28,2025-05-25,2025-05-26
2025-05-28,stochastic_48h,0,Optimization terminated successfully. (HiGHS Status 7: Optimal),81465.3456410577,81465.34564105775,4.3655745685100555e-11,5.4569682106375694e-12,0,0,288,28,8549.999999999996,6000.0,0.07909700000891462,2025-05-27,2025-04-29,2025-05-26,2025-05-27
2025-05-28,deterministic_48h,0,Optimization terminated successfully. (HiGHS Status 7: Optimal),64297.46265260921,64297.46265260926,5.093170329928398e-11,3.637978807091713e-12,0,0,288,1,7950.000000000002,6000.0,0.009618000010959804,2025-05-27,2025-04-29,2025-05-26,2025-05-27
2025-05-28,stochastic_24h,0,Optimization terminated successfully. (HiGHS Status 7: Optimal),41214.84378850811,41214.843788508115,7.275957614183426e-12,3.637978807091713e-12,0,0,144,28,6000.000000000002,6000.0,0.03691150000668131,2025-05-27,2025-04-29,2025-05-26,2025-05-27
2025-05-29,stochastic_48h,0,Optimization terminated successfully. (HiGHS Status 7: Optimal),58084.73790600977,58084.73790600977,0.0,8.412825991399586e-12,0,0,288,28,8549.999999999996,6000.0,0.07315480000397656,2025-05-28,2025-04-30,2025-05-27,2025-05-28
2025-05-29,deterministic_48h,0,Optimization terminated successfully. (HiGHS Status 7: Optimal),45105.97998663972,45105.97998663972,0.0,7.275957614183426e-12,0,0,288,1,7949.999999999998,6000.0,0.009747599993715994,2025-05-28,2025-04-30,2025-05-27,2025-05-28
2025-05-29,stochastic_24h,0,Optimization terminated successfully. (HiGHS Status 7: Optimal),41695.15523171871,41695.15523171868,-2.9103830456733704e-11,3.637978807091713e-12,0,0,144,28,5999.999999999997,6000.0,0.03964790000463836,2025-05-28,2025-04-30,2025-05-27,2025-05-28
2025-05-30,stochastic_48h,0,Optimization terminated successfully. (HiGHS Status 7: Optimal),37508.56394230681,37508.563942306806,-7.275957614183426e-12,6.366462912410498e-12,0,0,288,28,2317.4092972222143,6000.0,0.06508679999387823,2025-05-29,2025-05-01,2025-05-28,2025-05-29
2025-05-30,deterministic_48h,0,Optimization terminated successfully. (HiGHS Status 7: Optimal),28583.081193609854,28583.081193609854,0.0,2.2737367544323206e-12,0,0,288,1,1779.9632542633262,6000.0,0.008547699995688163,2025-05-29,2025-05-01,2025-05-28,2025-05-29
2025-05-30,stochastic_24h,0,Optimization terminated successfully. (HiGHS Status 7: Optimal),18062.606956867803,18062.606956867796,-7.275957614183426e-12,3.637978807091713e-12,0,0,144,28,5999.999999999998,6000.0,0.03232460000435822,2025-05-29,2025-05-01,2025-05-28,2025-05-29
2025-05-31,stochastic_48h,0,Optimization terminated successfully. (HiGHS Status 7: Optimal),61909.4486312896,61909.44863128963,3.637978807091713e-11,3.637978807091713e-12,0,0,288,28,2496.0538141432617,6000.0,0.06770059998962097,2025-05-30,2025-05-02,2025-05-29,2025-05-30
2025-05-31,deterministic_48h,0,Optimization terminated successfully. (HiGHS Status 7: Optimal),49294.40443379457,49294.40443379455,-1.4551915228366852e-11,1.8189894035458565e-12,0,0,288,1,1890.5037867928386,6000.0,0.009079700001166202,2025-05-30,2025-05-02,2025-05-29,2025-05-30
2025-05-31,stochastic_24h,0,Optimization terminated successfully. (HiGHS Status 7: Optimal),18364.949972315284,18364.949972315295,1.0913936421275139e-11,1.8189894035458565e-12,0,0,144,28,6000.000000000001,6000.0,0.03444930000114255,2025-05-30,2025-05-02,2025-05-29,2025-05-30
2025-06-01,stochastic_48h,0,Optimization terminated successfully. (HiGHS Status 7: Optimal),84038.35150370431,84038.35150370422,-8.731149137020111e-11,3.637978807091713e-12,0,0,288,28,8550.0,6000.0,0.08536369999637827,2025-05-31,2025-05-03,2025-05-30,2025-05-31
2025-06-01,deterministic_48h,0,Optimization terminated successfully. (HiGHS Status 7: Optimal),67523.11817776864,67523.11817776863,-1.4551915228366852e-11,3.637978807091713e-12,0,0,288,1,7972.052642087607,6000.0,0.010908799988101237,2025-05-31,2025-05-03,2025-05-30,2025-05-31
2025-06-01,stochastic_24h,0,Optimization terminated successfully. (HiGHS Status 7: Optimal),42674.31992114959,42674.319921149596,7.275957614183426e-12,5.4569682106375694e-12,0,0,144,28,6000.000000000001,6000.0,0.0385039999964647,2025-05-31,2025-05-03,2025-05-30,2025-05-31
2025-06-02,stochastic_48h,0,Optimization terminated successfully. (HiGHS Status 7: Optimal),89678.2927060985,89678.29270609844,-5.820766091346741e-11,3.637978807091713e-12,0,0,288,28,8550.000000000004,6000.0,0.08445320000464562,2025-06-01,2025-05-04,2025-05-31,2025-06-01
2025-06-02,deterministic_48h,0,Optimization terminated successfully. (HiGHS Status 7: Optimal),70867.43792933997,70867.43792934,2.9103830456733704e-11,3.637978807091713e-12,0,0,288,1,8550.000000000004,6000.0,0.00929790000373032,2025-06-01,2025-05-04,2025-05-31,2025-06-01
2025-06-02,stochastic_24h,0,Optimization terminated successfully. (HiGHS Status 7: Optimal),44375.324892543926,44375.324892544,7.275957614183426e-11,1.8189894035458565e-12,0,0,144,28,6000.000000000005,6000.0,0.04387080000014976,2025-06-01,2025-05-04,2025-05-31,2025-06-01
2025-06-03,stochastic_48h,0,Optimization terminated successfully. (HiGHS Status 7: Optimal),94754.03233428797,94754.03233428801,4.3655745685100555e-11,5.4569682106375694e-12,0,0,288,28,8550.0,6000.0,0.09114689999842085,2025-06-02,2025-05-05,2025-06-01,2025-06-02
2025-06-03,deterministic_48h,0,Optimization terminated successfully. (HiGHS Status 7: Optimal),73183.01418466785,73183.01418466787,2.9103830456733704e-11,5.4569682106375694e-12,0,0,288,1,8549.999999999998,6000.0,0.011642299999948591,2025-06-02,2025-05-05,2025-06-01,2025-06-02
2025-06-03,stochastic_24h,0,Optimization terminated successfully. (HiGHS Status 7: Optimal),47081.83099305116,47081.83099305115,-7.275957614183426e-12,3.637978807091713e-12,0,0,144,28,6000.0,6000.0,0.03884329998982139,2025-06-02,2025-05-05,2025-06-01,2025-06-02
2025-06-04,stochastic_48h,0,Optimization terminated successfully. (HiGHS Status 7: Optimal),98884.57894987367,98884.57894987364,-2.9103830456733704e-11,5.4569682106375694e-12,0,0,288,28,8550.000000000002,6000.0,0.07904169999528676,2025-06-03,2025-05-06,2025-06-02,2025-06-03
2025-06-04,deterministic_48h,0,Optimization terminated successfully. (HiGHS Status 7: Optimal),75595.10648402874,75595.10648402874,0.0,3.637978807091713e-12,0,0,288,1,8550.0,6000.0,0.012185700004920363,2025-06-03,2025-05-06,2025-06-02,2025-06-03
2025-06-04,stochastic_24h,0,Optimization terminated successfully. (HiGHS Status 7: Optimal),49362.324791127285,49362.32479112726,-2.1827872842550278e-11,2.2737367544323206e-12,0,0,144,28,6000.000000000003,6000.0,0.04088640000554733,2025-06-03,2025-05-06,2025-06-02,2025-06-03
2025-06-05,stochastic_48h,0,Optimization terminated successfully. (HiGHS Status 7: Optimal),70693.97699492617,70693.97699492614,-2.9103830456733704e-11,3.637978807091713e-12,0,0,288,28,8550.0,6000.0,0.08936550001089927,2025-06-04,2025-05-07,2025-06-03,2025-06-04
2025-06-05,deterministic_48h,0,Optimization terminated successfully. (HiGHS Status 7: Optimal),51921.2234678291,51921.223467829084,-1.4551915228366852e-11,5.4569682106375694e-12,0,0,288,1,8550.0,6000.0,0.009386100005940534,2025-06-04,2025-05-07,2025-06-03,2025-06-04
2025-06-05,stochastic_24h,0,Optimization terminated successfully. (HiGHS Status 7: Optimal),50644.84005402891,50644.84005402881,-9.458744898438454e-11,3.637978807091713e-12,0,0,144,28,6000.000000000002,6000.0,0.0407126999925822,2025-06-04,2025-05-07,2025-06-03,2025-06-04
2025-06-06,stochastic_48h,0,Optimization terminated successfully. (HiGHS Status 7: Optimal),45054.19055220211,45054.190552202104,-7.275957614183426e-12,1.8189894035458565e-12,0,0,288,28,3225.8389238400487,6000.0,0.08752729999832809,2025-06-05,2025-05-08,2025-06-04,2025-06-05
2025-06-06,deterministic_48h,0,Optimization terminated successfully. (HiGHS Status 7: Optimal),30305.005517773978,30305.00551777398,3.637978807091713e-12,7.275957614183426e-12,0,0,288,1,2357.530793915347,6000.0,0.01030519999039825,2025-06-05,2025-05-08,2025-06-04,2025-06-05
2025-06-06,stochastic_24h,0,Optimization terminated successfully. (HiGHS Status 7: Optimal),21271.54640155753,21271.546401557534,3.637978807091713e-12,3.637978807091713e-12,0,0,144,28,6000.0,6000.0,0.04121270000177901,2025-06-05,2025-05-08,2025-06-04,2025-06-05
2025-06-07,stochastic_48h,0,Optimization terminated successfully. (HiGHS Status 7: Optimal),83261.64403917555,83261.6440391755,-4.3655745685100555e-11,5.4569682106375694e-12,0,0,288,28,3855.5566242179452,6000.0,0.09340339999471325,2025-06-06,2025-05-09,2025-06-05,2025-06-06
2025-06-07,deterministic_48h,0,Optimization terminated successfully. (HiGHS Status 7: Optimal),61756.15220897419,61756.15220897419,0.0,1.8189894035458565e-12,0,0,288,1,2582.478005504677,6000.0,0.0109431000018958,2025-06-06,2025-05-09,2025-06-05,2025-06-06
2025-06-07,stochastic_24h,0,Optimization terminated successfully. (HiGHS Status 7: Optimal),23185.393503040043,23185.393503040028,-1.4551915228366852e-11,2.7284841053187847e-12,0,0,144,28,5999.999999999998,6000.0,0.04378469999937806,2025-06-06,2025-05-09,2025-06-05,2025-06-06
2025-06-08,stochastic_48h,0,Optimization terminated successfully. (HiGHS Status 7: Optimal),118285.67807175078,118285.6780717507,-7.275957614183426e-11,1.8189894035458565e-12,0,0,288,28,8550.000000000004,6000.0,0.0795497999934014,2025-06-07,2025-05-10,2025-06-06,2025-06-07
2025-06-08,deterministic_48h,0,Optimization terminated successfully. (HiGHS Status 7: Optimal),91210.42768402252,91210.42768402252,0.0,5.4569682106375694e-12,0,0,288,1,8550.0,6000.0,0.01191510001081042,2025-06-07,2025-05-10,2025-06-06,2025-06-07
2025-06-08,stochastic_24h,0,Optimization terminated successfully. (HiGHS Status 7: Optimal),58853.67889868457,58853.678898684615,4.3655745685100555e-11,1.8189894035458565e-12,0,0,144,28,6000.000000000003,6000.0,0.04097290000936482,2025-06-07,2025-05-10,2025-06-06,2025-06-07
2025-06-09,stochastic_48h,0,Optimization terminated successfully. (HiGHS Status 7: Optimal),115032.92362699869,115032.92362699879,1.0186340659856796e-10,1.8189894035458565e-12,0,0,288,28,8550.0,6000.0,0.08683220000239089,2025-06-08,2025-05-11,2025-06-07,2025-06-08
2025-06-09,deterministic_48h,0,Optimization terminated successfully. (HiGHS Status 7: Optimal),87884.64721246963,87884.64721246963,0.0,6.366462912410498e-12,0,0,288,1,8549.999999999996,6000.0,0.011587300003156997,2025-06-08,2025-05-11,2025-06-07,2025-06-08
2025-06-09,stochastic_24h,0,Optimization terminated successfully. (HiGHS Status 7: Optimal),57133.00684566582,57133.00684566582,0.0,3.637978807091713e-12,0,0,144,28,6000.000000000001,6000.0,0.0456590999965556,2025-06-08,2025-05-11,2025-06-07,2025-06-08
2025-06-10,stochastic_48h,0,Optimization terminated successfully. (HiGHS Status 7: Optimal),116256.39765253858,116256.39765253883,2.473825588822365e-10,3.637978807091713e-12,0,0,288,28,8550.0,6000.0,0.08634200000960846,2025-06-09,2025-05-12,2025-06-08,2025-06-09
2025-06-10,deterministic_48h,0,Optimization terminated successfully. (HiGHS Status 7: Optimal),89036.80418982588,89036.80418982587,-1.4551915228366852e-11,5.6843418860808015e-12,0,0,288,1,8549.999999999996,6000.0,0.011489299999084324,2025-06-09,2025-05-12,2025-06-08,2025-06-09
2025-06-10,stochastic_24h,0,Optimization terminated successfully. (HiGHS Status 7: Optimal),57895.661212845705,57895.66121284568,-2.1827872842550278e-11,1.8189894035458565e-12,0,0,144,28,5999.999999999999,6000.0,0.038640899991150945,2025-06-09,2025-05-12,2025-06-08,2025-06-09
2025-06-11,stochastic_48h,0,Optimization terminated successfully. (HiGHS Status 7: Optimal),115834.17185279034,115834.17185279043,8.731149137020111e-11,3.637978807091713e-12,0,0,288,28,8550.0,6000.0,0.08567949999996927,2025-06-10,2025-05-13,2025-06-09,2025-06-10
2025-06-11,deterministic_48h,0,Optimization terminated successfully. (HiGHS Status 7: Optimal),88550.56016197414,88550.56016197422,8.731149137020111e-11,5.4569682106375694e-12,0,0,288,1,8549.999999999996,6000.0,0.01308920000155922,2025-06-10,2025-05-13,2025-06-09,2025-06-10
2025-06-11,stochastic_24h,0,Optimization terminated successfully. (HiGHS Status 7: Optimal),57727.128529236754,57727.12852923672,-3.637978807091713e-11,4.547473508864641e-12,0,0,144,28,6000.000000000001,6000.0,0.04571130000113044,2025-06-10,2025-05-13,2025-06-09,2025-06-10
2025-06-12,stochastic_48h,0,Optimization terminated successfully. (HiGHS Status 7: Optimal),84510.48192549411,84510.48192549398,-1.3096723705530167e-10,5.002220859751105e-12,0,0,288,28,8550.000000000002,6000.0,0.0887942999979714,2025-06-11,2025-05-14,2025-06-10,2025-06-11
2025-06-12,deterministic_48h,0,Optimization terminated successfully. (HiGHS Status 7: Optimal),60285.04768857869,60285.04768857872,2.9103830456733704e-11,5.4569682106375694e-12,0,0,288,1,8549.999999999996,6000.0,0.011621100013144314,2025-06-11,2025-05-14,2025-06-10,2025-06-11
2025-06-12,stochastic_24h,0,Optimization terminated successfully. (HiGHS Status 7: Optimal),58454.1839323819,58454.18393238192,2.1827872842550278e-11,5.4569682106375694e-12,0,0,144,28,6000.000000000005,6000.0,0.03638959999079816,2025-06-11,2025-05-14,2025-06-10,2025-06-11
2025-06-13,stochastic_48h,0,Optimization terminated successfully. (HiGHS Status 7: Optimal),52480.51405581542,52480.51405581555,1.2369127944111824e-10,9.094947017729282e-12,0,0,288,28,7754.8398137542745,6000.0,0.0820430000021588,2025-06-12,2025-05-15,2025-06-11,2025-06-12
2025-06-13,deterministic_48h,0,Optimization terminated successfully. (HiGHS Status 7: Optimal),33905.76319820777,33905.763198207766,-7.275957614183426e-12,7.275957614183426e-12,0,0,288,1,3012.7012567765614,6000.0,0.011354599992046133,2025-06-12,2025-05-15,2025-06-11,2025-06-12
2025-06-13,stochastic_24h,0,Optimization terminated successfully. (HiGHS Status 7: Optimal),26019.380325551367,26019.38032555134,-2.546585164964199e-11,5.9117155615240335e-12,0,0,144,28,6000.000000000005,6000.0,0.04165100000682287,2025-06-12,2025-05-15,2025-06-11,2025-06-12
2025-06-14,stochastic_48h,0,Optimization terminated successfully. (HiGHS Status 7: Optimal),86710.7426530946,86710.7426530945,-1.0186340659856796e-10,5.4569682106375694e-12,0,0,288,28,7402.542379151613,6000.0,0.08383829999365844,2025-06-13,2025-05-16,2025-06-12,2025-06-13
2025-06-14,deterministic_48h,0,Optimization terminated successfully. (HiGHS Status 7: Optimal),64800.172345066334,64800.17234506637,3.637978807091713e-11,5.4569682106375694e-12,0,0,288,1,2942.6198022690323,6000.0,0.010098900005687028,2025-06-13,2025-05-16,2025-06-12,2025-06-13
2025-06-14,stochastic_24h,0,Optimization terminated successfully. (HiGHS Status 7: Optimal),26020.982908926104,26020.982908926053,-5.093170329928398e-11,4.547473508864641e-12,0,0,144,28,6000.0000000000055,6000.0,0.04099700000369921,2025-06-13,2025-05-16,2025-06-12,2025-06-13
2025-06-15,stochastic_48h,0,Optimization terminated successfully. (HiGHS Status 7: Optimal),117317.83991944198,117317.83991944189,-8.731149137020111e-11,3.637978807091713e-12,0,0,288,28,8550.000000000004,6000.0,0.07607519999146461,2025-06-14,2025-05-17,2025-06-13,2025-06-14
2025-06-15,deterministic_48h,0,Optimization terminated successfully. (HiGHS Status 7: Optimal),89692.90187190732,89692.90187190735,2.9103830456733704e-11,3.637978807091713e-12,0,0,288,1,8550.000000000004,6000.0,0.011026299995137379,2025-06-14,2025-05-17,2025-06-13,2025-06-14
2025-06-15,stochastic_24h,0,Optimization terminated successfully. (HiGHS Status 7: Optimal),58886.29035058678,58886.29035058686,8.003553375601768e-11,1.8189894035458565e-12,0,0,144,28,5999.999999999995,6000.0,0.03902370001014788,2025-06-14,2025-05-17,2025-06-13,2025-06-14
2025-06-16,stochastic_48h,0,Optimization terminated successfully. (HiGHS Status 7: Optimal),116430.29708017495,116430.29708017493,-1.4551915228366852e-11,3.637978807091713e-12,0,0,288,28,8550.0,6000.0,0.08139910000318196,2025-06-15,2025-05-18,2025-06-14,2025-06-15
2025-06-16,deterministic_48h,0,Optimization terminated successfully. (HiGHS Status 7: Optimal),88914.28849953733,88914.28849953735,1.4551915228366852e-11,4.547473508864641e-12,0,0,288,1,8549.999999999996,6000.0,0.00980090000666678,2025-06-15,2025-05-18,2025-06-14,2025-06-15
2025-06-16,stochastic_24h,0,Optimization terminated successfully. (HiGHS Status 7: Optimal),58287.13419597971,58287.13419597974,3.637978807091713e-11,3.637978807091713e-12,0,0,144,28,6000.0,6000.0,0.03937549999682233,2025-06-15,2025-05-18,2025-06-14,2025-06-15
2025-06-17,stochastic_48h,0,Optimization terminated successfully. (HiGHS Status 7: Optimal),116462.36885062323,116462.36885062308,-1.4551915228366852e-10,2.7284841053187847e-12,0,0,288,28,8550.0,6000.0,0.08245310001075268,2025-06-16,2025-05-19,2025-06-15,2025-06-16
2025-06-17,deterministic_48h,0,Optimization terminated successfully. (HiGHS Status 7: Optimal),89013.5868538103,89013.58685381031,1.4551915228366852e-11,3.637978807091713e-12,0,0,288,1,8549.999999999996,6000.0,0.009934199988492765,2025-06-16,2025-05-19,2025-06-15,2025-06-16
2025-06-17,stochastic_24h,0,Optimization terminated successfully. (HiGHS Status 7: Optimal),58283.32050986214,58283.32050986219,5.093170329928398e-11,3.637978807091713e-12,0,0,144,28,6000.0,6000.0,0.04087309999158606,2025-06-16,2025-05-19,2025-06-15,2025-06-16
2025-06-18,stochastic_48h,0,Optimization terminated successfully. (HiGHS Status 7: Optimal),117176.43220765899,117176.43220765884,-1.4551915228366852e-10,5.4569682106375694e-12,0,0,288,28,8550.0,6000.0,0.08787740000116173,2025-06-17,2025-05-20,2025-06-16,2025-06-17
2025-06-18,deterministic_48h,0,Optimization terminated successfully. (HiGHS Status 7: Optimal),89635.13850187755,89635.13850187753,-1.4551915228366852e-11,5.4569682106375694e-12,0,0,288,1,8549.999999999996,6000.0,0.010890299992752261,2025-06-17,2025-05-20,2025-06-16,2025-06-17
2025-06-18,stochastic_24h,0,Optimization terminated successfully. (HiGHS Status 7: Optimal),58587.004794990804,58587.00479499089,8.731149137020111e-11,3.637978807091713e-12,0,0,144,28,6000.000000000002,6000.0,0.038822399990749545,2025-06-17,2025-05-20,2025-06-16,2025-06-17
2025-06-19,stochastic_48h,0,Optimization terminated successfully. (HiGHS Status 7: Optimal),83589.70073230585,83589.70073230568,-1.7462298274040222e-10,5.4569682106375694e-12,0,0,288,28,8550.000000000004,6000.0,0.08382339999661781,2025-06-18,2025-05-21,2025-06-17,2025-06-18
2025-06-19,deterministic_48h,0,Optimization terminated successfully. (HiGHS Status 7: Optimal),60272.98543032275,60272.985430322755,7.275957614183426e-12,3.637978807091713e-12,0,0,288,1,8549.999999999998,6000.0,0.009532500000204891,2025-06-18,2025-05-21,2025-06-17,2025-06-18
2025-06-19,stochastic_24h,0,Optimization terminated successfully. (HiGHS Status 7: Optimal),58164.01521270911,58164.015212709164,5.093170329928398e-11,3.637978807091713e-12,0,0,144,28,6000.000000000002,6000.0,0.03870170000300277,2025-06-18,2025-05-21,2025-06-17,2025-06-18
2025-06-20,stochastic_48h,0,Optimization terminated successfully. (HiGHS Status 7: Optimal),51492.845185348466,51492.84518534857,1.0186340659856796e-10,3.637978807091713e-12,0,0,288,28,5672.654626644684,6000.0,0.09044329999596812,2025-06-19,2025-05-22,2025-06-18,2025-06-19
2025-06-20,deterministic_48h,0,Optimization terminated successfully. (HiGHS Status 7: Optimal),34897.715543833154,34897.715543833154,0.0,7.275957614183426e-12,0,0,288,1,2456.140187291411,6000.0,0.010103499997057952,2025-06-19,2025-05-22,2025-06-18,2025-06-19
2025-06-20,stochastic_24h,0,Optimization terminated successfully. (HiGHS Status 7: Optimal),25392.83617127409,25392.83617127407,-2.1827872842550278e-11,2.7284841053187847e-12,0,0,144,28,5999.999999999999,6000.0,0.03786150000814814,2025-06-19,2025-05-22,2025-06-18,2025-06-19
2025-06-21,stochastic_48h,0,Optimization terminated successfully. (HiGHS Status 7: Optimal),85252.3606928502,85252.3606928501,-1.0186340659856796e-10,5.4569682106375694e-12,0,0,288,28,4340.577757109277,6000.0,0.07972239999799058,2025-06-20,2025-05-23,2025-06-19,2025-06-20
2025-06-21,deterministic_48h,0,Optimization terminated successfully. (HiGHS Status 7: Optimal),63419.84403902843,63419.84403902838,-5.093170329928398e-11,4.547473508864641e-12,0,0,288,1,2446.600026343095,6000.0,0.009429900004761294,2025-06-20,2025-05-23,2025-06-19,2025-06-20
2025-06-21,stochastic_24h,0,Optimization terminated successfully. (HiGHS Status 7: Optimal),25446.798787848198,25446.79878784816,-3.637978807091713e-11,3.637978807091713e-12,0,0,144,28,6000.0,6000.0,0.041236200006096624,2025-06-20,2025-05-23,2025-06-19,2025-06-20
2025-06-22,stochastic_48h,0,Optimization terminated successfully. (HiGHS Status 7: Optimal),114613.60566190552,114613.60566190528,-2.3283064365386963e-10,5.4569682106375694e-12,0,0,288,28,8550.000000000002,6000.0,0.08929810000699945,2025-06-21,2025-05-24,2025-06-20,2025-06-21
2025-06-22,deterministic_48h,0,Optimization terminated successfully. (HiGHS Status 7: Optimal),87304.99312456184,87304.99312456178,-5.820766091346741e-11,7.275957614183426e-12,0,0,288,1,8550.0,6000.0,0.01038669999979902,2025-06-21,2025-05-24,2025-06-20,2025-06-21
2025-06-22,stochastic_24h,0,Optimization terminated successfully. (HiGHS Status 7: Optimal),57675.41884847568,57675.41884847575,6.548361852765083e-11,1.8189894035458565e-12,0,0,144,28,6000.000000000003,6000.0,0.04160460000275634,2025-06-21,2025-05-24,2025-06-20,2025-06-21
2025-06-23,stochastic_48h,0,Optimization terminated successfully. (HiGHS Status 7: Optimal),111094.05517103072,111094.05517103028,-4.3655745685100555e-10,2.0463630789890885e-12,0,0,288,28,8550.000000000004,6000.0,0.08234759999322705,2025-06-22,2025-05-25,2025-06-21,2025-06-22
2025-06-23,deterministic_48h,0,Optimization terminated successfully. (HiGHS Status 7: Optimal),84435.70460243299,84435.70460243293,-5.820766091346741e-11,8.185452315956354e-12,0,0,288,1,8549.999999999995,6000.0,0.011947099992539734,2025-06-22,2025-05-25,2025-06-21,2025-06-22
2025-06-23,stochastic_24h,0,Optimization terminated successfully. (HiGHS Status 7: Optimal),55934.05667177119,55934.05667177129,1.0186340659856796e-10,2.0463630789890885e-12,0,0,144,28,6000.000000000002,6000.0,0.0438410000060685,2025-06-22,2025-05-25,2025-06-21,2025-06-22
2025-06-24,stochastic_48h,0,Optimization terminated successfully. (HiGHS Status 7: Optimal),109367.31384502503,109367.31384502459,-4.3655745685100555e-10,3.637978807091713e-12,0,0,288,28,8550.0,6000.0,0.08157139999093488,2025-06-23,2025-05-26,2025-06-22,2025-06-23
2025-06-24,deterministic_48h,0,Optimization terminated successfully. (HiGHS Status 7: Optimal),83262.81569001591,83262.81569001594,2.9103830456733704e-11,9.094947017729282e-12,0,0,288,1,8549.999999999996,6000.0,0.009845500011579134,2025-06-23,2025-05-26,2025-06-22,2025-06-23
2025-06-24,stochastic_24h,0,Optimization terminated successfully. (HiGHS Status 7: Optimal),55164.461921262904,55164.461921263035,1.3096723705530167e-10,1.8189894035458565e-12,0,0,144,28,6000.000000000001,6000.0,0.03655639999487903,2025-06-23,2025-05-26,2025-06-22,2025-06-23
2025-06-25,stochastic_48h,0,Optimization terminated successfully. (HiGHS Status 7: Optimal),112543.11086467368,112543.1108646733,-3.7834979593753815e-10,3.637978807091713e-12,0,0,288,28,8549.999999999998,6000.0,0.08098699999391101,2025-06-24,2025-05-27,2025-06-23,2025-06-24
2025-06-25,deterministic_48h,0,Optimization terminated successfully. (HiGHS Status 7: Optimal),85772.32098371339,85772.32098371333,-5.820766091346741e-11,3.637978807091713e-12,0,0,288,1,8549.999999999996,6000.0,0.01028970000334084,2025-06-24,2025-05-27,2025-06-23,2025-06-24
2025-06-25,stochastic_24h,0,Optimization terminated successfully. (HiGHS Status 7: Optimal),56170.58008320264,56170.580083202745,1.0186340659856796e-10,3.637978807091713e-12,0,0,144,28,6000.0,6000.0,0.0369156000087969,2025-06-24,2025-05-27,2025-06-23,2025-06-24
2025-06-26,stochastic_48h,0,Optimization terminated successfully. (HiGHS Status 7: Optimal),82694.26385162304,82694.26385162273,-3.055902197957039e-10,4.547473508864641e-12,0,0,288,28,8550.0,6000.0,0.08615250000730157,2025-06-25,2025-05-28,2025-06-24,2025-06-25
2025-06-26,deterministic_48h,0,Optimization terminated successfully. (HiGHS Status 7: Optimal),60036.266441338776,60036.2664413388,2.1827872842550278e-11,7.275957614183426e-12,0,0,288,1,8550.0,6000.0,0.01158029999351129,2025-06-25,2025-05-28,2025-06-24,2025-06-25
2025-06-26,stochastic_24h,0,Optimization terminated successfully. (HiGHS Status 7: Optimal),57712.082509129476,57712.08250912951,3.637978807091713e-11,3.637978807091713e-12,0,0,144,28,6000.000000000004,6000.0,0.04127410000364762,2025-06-25,2025-05-28,2025-06-24,2025-06-25
2025-06-27,stochastic_48h,0,Optimization terminated successfully. (HiGHS Status 7: Optimal),52264.913711608555,52264.913711608664,1.0913936421275139e-10,9.094947017729282e-12,0,0,288,28,4123.527121101342,6000.0,0.09483159999945201,2025-06-26,2025-05-29,2025-06-25,2025-06-26
2025-06-27,deterministic_48h,0,Optimization terminated successfully. (HiGHS Status 7: Optimal),36069.814330782254,36069.814330782276,2.1827872842550278e-11,7.275957614183426e-12,0,0,288,1,2100.388284350838,6000.0,0.010216399998171255,2025-06-26,2025-05-29,2025-06-25,2025-06-26
2025-06-27,stochastic_24h,0,Optimization terminated successfully. (HiGHS Status 7: Optimal),25599.60413289001,25599.604132890006,-3.637978807091713e-12,5.4569682106375694e-12,0,0,144,28,6000.000000000002,6000.0,0.041212999989511445,2025-06-26,2025-05-29,2025-06-25,2025-06-26
2025-06-28,stochastic_48h,0,Optimization terminated successfully. (HiGHS Status 7: Optimal),85482.00475493258,85482.00475493236,-2.1827872842550278e-10,1.8189894035458565e-12,0,0,288,28,3481.7741156118323,6000.0,0.07858800000394695,2025-06-27,2025-05-30,2025-06-26,2025-06-27
2025-06-28,deterministic_48h,0,Optimization terminated successfully. (HiGHS Status 7: Optimal),63725.03631290992,63725.03631290992,0.0,3.637978807091713e-12,0,0,288,1,2264.070329151411,6000.0,0.011873399998876266,2025-06-27,2025-05-30,2025-06-26,2025-06-27
2025-06-28,stochastic_24h,0,Optimization terminated successfully. (HiGHS Status 7: Optimal),25582.396973993138,25582.39697399312,-1.8189894035458565e-11,3.637978807091713e-12,0,0,144,28,6000.000000000004,6000.0,0.04287179998937063,2025-06-27,2025-05-30,2025-06-26,2025-06-27
2025-06-29,stochastic_48h,0,Optimization terminated successfully. (HiGHS Status 7: Optimal),115728.53883847035,115728.53883847022,-1.3096723705530167e-10,2.7284841053187847e-12,0,0,288,28,8549.999999999998,6000.0,0.08549440000206232,2025-06-28,2025-05-31,2025-06-27,2025-06-28
2025-06-29,deterministic_48h,0,Optimization terminated successfully. (HiGHS Status 7: Optimal),88180.20144343466,88180.2014434347,2.9103830456733704e-11,3.637978807091713e-12,0,0,288,1,8550.000000000002,6000.0,0.011751099998946302,2025-06-28,2025-05-31,2025-06-27,2025-06-28
2025-06-29,stochastic_24h,0,Optimization terminated successfully. (HiGHS Status 7: Optimal),58103.511982987024,58103.511982987024,0.0,5.4569682106375694e-12,0,0,144,28,6000.000000000002,6000.0,0.04138379999494646,2025-06-28,2025-05-31,2025-06-27,2025-06-28
2025-06-30,stochastic_48h,0,Optimization terminated successfully. (HiGHS Status 7: Optimal),114605.5413387138,114605.54133871364,-1.6007106751203537e-10,3.637978807091713e-12,0,0,288,28,8550.0,6000.0,0.08027629999560304,2025-06-29,2025-06-01,2025-06-28,2025-06-29
2025-06-30,deterministic_48h,0,Optimization terminated successfully. (HiGHS Status 7: Optimal),88116.64067430854,88116.64067430855,1.4551915228366852e-11,1.8189894035458565e-12,0,0,288,1,8550.000000000002,6000.0,0.009272199997212738,2025-06-29,2025-06-01,2025-06-28,2025-06-29
2025-06-30,stochastic_24h,0,Optimization terminated successfully. (HiGHS Status 7: Optimal),58169.64243834486,58169.642438344905,4.3655745685100555e-11,1.8189894035458565e-12,0,0,144,28,6000.000000000004,6000.0,0.041739699998288415,2025-06-29,2025-06-01,2025-06-28,2025-06-29
2025-07-01,stochastic_48h,0,Optimization terminated successfully. (HiGHS Status 7: Optimal),113986.42082183834,113986.4208218384,5.820766091346741e-11,5.4569682106375694e-12,0,0,288,28,8550.0,6000.0,0.08357649999379646,2025-06-30,2025-06-02,2025-06-29,2025-06-30
2025-07-01,deterministic_48h,0,Optimization terminated successfully. (HiGHS Status 7: Optimal),89145.2448561191,89145.24485611907,-2.9103830456733704e-11,5.4569682106375694e-12,0,0,288,1,8550.0,6000.0,0.011242499997024424,2025-06-30,2025-06-02,2025-06-29,2025-06-30
2025-07-01,stochastic_24h,0,Optimization terminated successfully. (HiGHS Status 7: Optimal),57752.20756289185,57752.20756289196,1.1641532182693481e-10,3.637978807091713e-12,0,0,144,28,6000.000000000002,6000.0,0.03892690000066068,2025-06-30,2025-06-02,2025-06-29,2025-06-30
2025-07-02,stochastic_48h,0,Optimization terminated successfully. (HiGHS Status 7: Optimal),112422.69473167024,112422.69473167021,-2.9103830456733704e-11,5.4569682106375694e-12,0,0,288,28,8550.000000000002,6000.0,0.0829714999999851,2025-07-01,2025-06-03,2025-06-30,2025-07-01
2025-07-02,deterministic_48h,0,Optimization terminated successfully. (HiGHS Status 7: Optimal),88280.16477601108,88280.16477601111,2.9103830456733704e-11,3.637978807091713e-12,0,0,288,1,8550.000000000004,6000.0,0.011394799992558546,2025-07-01,2025-06-03,2025-06-30,2025-07-01
2025-07-02,stochastic_24h,0,Optimization terminated successfully. (HiGHS Status 7: Optimal),56535.04314431523,56535.043144315205,-2.1827872842550278e-11,1.8189894035458565e-12,0,0,144,28,6000.000000000002,6000.0,0.04295730000012554,2025-07-01,2025-06-03,2025-06-30,2025-07-01
2025-07-03,stochastic_48h,0,Optimization terminated successfully. (HiGHS Status 7: Optimal),78279.31253186314,78279.31253186308,-5.820766091346741e-11,5.4569682106375694e-12,0,0,288,28,8550.0,6000.0,0.0770724999892991,2025-07-02,2025-06-04,2025-07-01,2025-07-02
2025-07-03,deterministic_48h,0,Optimization terminated successfully. (HiGHS Status 7: Optimal),59668.948574279486,59668.948574279464,-2.1827872842550278e-11,2.2737367544323206e-12,0,0,288,1,8550.0,6000.0,0.010361399996327236,2025-07-02,2025-06-04,2025-07-01,2025-07-02
2025-07-03,stochastic_24h,0,Optimization terminated successfully. (HiGHS Status 7: Optimal),54878.54743187118,54878.5474318711,-8.003553375601768e-11,3.637978807091713e-12,0,0,144,28,6000.000000000001,6000.0,0.039935399996466,2025-07-02,2025-06-04,2025-07-01,2025-07-02
2025-07-04,stochastic_48h,0,Optimization terminated successfully. (HiGHS Status 7: Optimal),50530.61958710107,50530.61958710097,-1.0186340659856796e-10,3.637978807091713e-12,0,0,288,28,2969.13870281848,6000.0,0.06632090000493918,2025-07-03,2025-06-05,2025-07-02,2025-07-03
2025-07-04,deterministic_48h,0,Optimization terminated successfully. (HiGHS Status 7: Optimal),37052.618882058916,37052.618882058916,0.0,6.59383658785373e-12,0,0,288,1,2302.1358927045158,6000.0,0.010021900001447648,2025-07-03,2025-06-05,2025-07-02,2025-07-03
2025-07-04,stochastic_24h,0,Optimization terminated successfully. (HiGHS Status 7: Optimal),24616.61867936453,24616.618679364532,3.637978807091713e-12,3.637978807091713e-12,0,0,144,28,6000.000000000003,6000.0,0.03239140000368934,2025-07-03,2025-06-05,2025-07-02,2025-07-03
2025-07-05,stochastic_48h,0,Optimization terminated successfully. (HiGHS Status 7: Optimal),77988.44352597618,77988.44352597617,-1.4551915228366852e-11,3.637978807091713e-12,0,0,288,28,3006.2227272588552,6000.0,0.07014960001106374,2025-07-04,2025-06-06,2025-07-03,2025-07-04
2025-07-05,deterministic_48h,0,Optimization terminated successfully. (HiGHS Status 7: Optimal),60126.36230625631,60126.36230625631,0.0,1.8189894035458565e-12,0,0,288,1,2315.402179232805,6000.0,0.009761499997694045,2025-07-04,2025-06-06,2025-07-03,2025-07-04
2025-07-05,stochastic_24h,0,Optimization terminated successfully. (HiGHS Status 7: Optimal),24636.427941376714,24636.427941376674,-4.001776687800884e-11,1.8189894035458565e-12,0,0,144,28,6000.000000000004,6000.0,0.03483879999839701,2025-07-04,2025-06-06,2025-07-03,2025-07-04
2025-07-06,stochastic_48h,0,Optimization terminated successfully. (HiGHS Status 7: Optimal),100499.09141399107,100499.09141399116,8.731149137020111e-11,3.637978807091713e-12,0,0,288,28,8550.0,6000.0,0.0803684999991674,2025-07-05,2025-06-07,2025-07-04,2025-07-05
2025-07-06,deterministic_48h,0,Optimization terminated successfully. (HiGHS Status 7: Optimal),78196.4553732646,78196.45537326465,4.3655745685100555e-11,3.637978807091713e-12,0,0,288,1,8550.0,6000.0,0.01057559999753721,2025-07-05,2025-06-07,2025-07-04,2025-07-05
2025-07-06,stochastic_24h,0,Optimization terminated successfully. (HiGHS Status 7: Optimal),51092.4750468679,51092.475046867876,-2.1827872842550278e-11,1.8189894035458565e-12,0,0,144,28,6000.000000000001,6000.0,0.03926760000467766,2025-07-05,2025-06-07,2025-07-04,2025-07-05
2025-07-07,stochastic_48h,0,Optimization terminated successfully. (HiGHS Status 7: Optimal),104235.77350719484,104235.77350719478,-5.820766091346741e-11,5.4569682106375694e-12,0,0,288,28,8550.0,6000.0,0.07493399998929817,2025-07-06,2025-06-08,2025-07-05,2025-07-06
2025-07-07,deterministic_48h,0,Optimization terminated successfully. (HiGHS Status 7: Optimal),80660.2912249543,80660.29122495427,-2.9103830456733704e-11,3.637978807091713e-12,0,0,288,1,8549.999999999998,6000.0,0.010944199995719828,2025-07-06,2025-06-08,2025-07-05,2025-07-06
2025-07-07,stochastic_24h,0,Optimization terminated successfully. (HiGHS Status 7: Optimal),51348.07377956849,51348.07377956841,-8.003553375601768e-11,2.2737367544323206e-12,0,0,144,28,6000.000000000002,6000.0,0.03571650000230875,2025-07-06,2025-06-08,2025-07-05,2025-07-06
2025-07-08,stochastic_48h,0,Optimization terminated successfully. (HiGHS Status 7: Optimal),105526.45106487635,105526.45106487638,2.9103830456733704e-11,7.275957614183426e-12,0,0,288,28,8550.0,6000.0,0.07261980000475887,2025-07-07,2025-06-09,2025-07-06,2025-07-07
2025-07-08,deterministic_48h,0,Optimization terminated successfully. (HiGHS Status 7: Optimal),80699.97099287344,80699.97099287344,0.0,3.637978807091713e-12,0,0,288,1,8549.999999999998,6000.0,0.009491399992839433,2025-07-07,2025-06-09,2025-07-06,2025-07-07
2025-07-08,stochastic_24h,0,Optimization terminated successfully. (HiGHS Status 7: Optimal),53739.67022998355,53739.67022998347,-8.003553375601768e-11,4.547473508864641e-12,0,0,144,28,6000.000000000001,6000.0,0.03603319999820087,2025-07-07,2025-06-09,2025-07-06,2025-07-07
2025-07-09,stochastic_48h,0,Optimization terminated successfully. (HiGHS Status 7: Optimal),107235.99458736312,107235.99458736308,-4.3655745685100555e-11,3.637978807091713e-12,0,0,288,28,8550.000000000004,6000.0,0.07608590000018012,2025-07-08,2025-06-10,2025-07-07,2025-07-08
2025-07-09,deterministic_48h,0,Optimization terminated successfully. (HiGHS Status 7: Optimal),81846.18886813734,81846.18886813734,0.0,5.4569682106375694e-12,0,0,288,1,8313.350124817965,6000.0,0.010985300003085285,2025-07-08,2025-06-10,2025-07-07,2025-07-08
2025-07-09,stochastic_24h,0,Optimization terminated successfully. (HiGHS Status 7: Optimal),54283.62120972309,54283.62120972307,-2.1827872842550278e-11,3.637978807091713e-12,0,0,144,28,6000.000000000005,6000.0,0.03603300001122989,2025-07-08,2025-06-10,2025-07-07,2025-07-08
2025-07-10,stochastic_48h,0,Optimization terminated successfully. (HiGHS Status 7: Optimal),80587.23353466918,80587.23353466902,-1.6007106751203537e-10,3.637978807091713e-12,0,0,288,28,8549.999999999998,6000.0,0.06562310000299476,2025-07-09,2025-06-11,2025-07-08,2025-07-09
2025-07-10,deterministic_48h,0,Optimization terminated successfully. (HiGHS Status 7: Optimal),59438.95952915289,59438.9595291529,7.275957614183426e-12,3.637978807091713e-12,0,0,288,1,8549.999999999996,6000.0,0.010400700004538521,2025-07-09,2025-06-11,2025-07-08,2025-07-09
2025-07-10,stochastic_24h,0,Optimization terminated successfully. (HiGHS Status 7: Optimal),54841.00247473203,54841.00247473195,-8.003553375601768e-11,1.8189894035458565e-12,0,0,144,28,5999.999999999999,6000.0,0.03854309998860117,2025-07-09,2025-06-11,2025-07-08,2025-07-09
2025-07-11,stochastic_48h,0,Optimization terminated successfully. (HiGHS Status 7: Optimal),55457.44010847849,55457.44010847843,-5.820766091346741e-11,5.4569682106375694e-12,0,0,288,28,2863.2658845441592,6000.0,0.06099759999779053,2025-07-10,2025-06-12,2025-07-09,2025-07-10
2025-07-11,deterministic_48h,0,Optimization terminated successfully. (HiGHS Status 7: Optimal),39895.97149618766,39895.971496187674,1.4551915228366852e-11,1.8189894035458565e-12,0,0,288,1,1987.6201618945888,6000.0,0.010211300002993084,2025-07-10,2025-06-12,2025-07-09,2025-07-10
2025-07-11,stochastic_24h,0,Optimization terminated successfully. (HiGHS Status 7: Optimal),27167.05083121408,27167.050831214096,1.4551915228366852e-11,1.8189894035458565e-12,0,0,144,28,6000.0,6000.0,0.03499069999088533,2025-07-10,2025-06-12,2025-07-09,2025-07-10
2025-07-12,stochastic_48h,0,Optimization terminated successfully. (HiGHS Status 7: Optimal),83302.85790682452,83302.85790682427,-2.473825588822365e-10,3.637978807091713e-12,0,0,288,28,2861.2059491758264,6000.0,0.06822499999543652,2025-07-11,2025-06-13,2025-07-10,2025-07-11
2025-07-12,deterministic_48h,0,Optimization terminated successfully. (HiGHS Status 7: Optimal),61929.424509578035,61929.424509578064,2.9103830456733704e-11,8.185452315956354e-12,0,0,288,1,1939.594676353277,6000.0,0.010279899986926466,2025-07-11,2025-06-13,2025-07-10,2025-07-11
2025-07-12,stochastic_24h,0,Optimization terminated successfully. (HiGHS Status 7: Optimal),27363.40182770745,27363.40182770747,1.8189894035458565e-11,1.8189894035458565e-12,0,0,144,28,6000.000000000002,6000.0,0.033114000005298294,2025-07-11,2025-06-13,2025-07-10,2025-07-11
2025-07-13,stochastic_48h,0,Optimization terminated successfully. (HiGHS Status 7: Optimal),110278.28983350602,110278.2898335059,-1.1641532182693481e-10,2.7284841053187847e-12,0,0,288,28,8550.0,6000.0,0.07478999999875668,2025-07-12,2025-06-14,2025-07-11,2025-07-12
2025-07-13,deterministic_48h,0,Optimization terminated successfully. (HiGHS Status 7: Optimal),81909.4950249475,81909.49502494754,4.3655745685100555e-11,3.637978807091713e-12,0,0,288,1,8550.000000000004,6000.0,0.009659300005296245,2025-07-12,2025-06-14,2025-07-11,2025-07-12
2025-07-13,stochastic_24h,0,Optimization terminated successfully. (HiGHS Status 7: Optimal),55812.21414216773,55812.21414216778,5.093170329928398e-11,3.637978807091713e-12,0,0,144,28,5999.999999999998,6000.0,0.038498199995956384,2025-07-12,2025-06-14,2025-07-11,2025-07-12
2025-07-14,stochastic_48h,0,Optimization terminated successfully. (HiGHS Status 7: Optimal),112569.51851842455,112569.51851842439,-1.6007106751203537e-10,3.637978807091713e-12,0,0,288,28,8550.0,6000.0,0.07809179999458138,2025-07-13,2025-06-15,2025-07-12,2025-07-13
2025-07-14,deterministic_48h,0,Optimization terminated successfully. (HiGHS Status 7: Optimal),83906.84792826702,83906.84792826705,2.9103830456733704e-11,1.318767317570746e-11,0,0,288,1,8549.999999999996,6000.0,0.011141299997689202,2025-07-13,2025-06-15,2025-07-12,2025-07-13
2025-07-14,stochastic_24h,0,Optimization terminated successfully. (HiGHS Status 7: Optimal),55606.779846348174,55606.7798463482,2.9103830456733704e-11,3.637978807091713e-12,0,0,144,28,6000.000000000003,6000.0,0.03631009999662638,2025-07-13,2025-06-15,2025-07-12,2025-07-13
2025-07-15,stochastic_48h,0,Optimization terminated successfully. (HiGHS Status 7: Optimal),115573.13472780894,115573.13472780872,-2.1827872842550278e-10,3.637978807091713e-12,0,0,288,28,8550.000000000002,6000.0,0.0805129000073066,2025-07-14,2025-06-16,2025-07-13,2025-07-14
2025-07-15,deterministic_48h,0,Optimization terminated successfully. (HiGHS Status 7: Optimal),86481.47783562478,86481.47783562477,-1.4551915228366852e-11,1.7280399333685637e-11,0,0,288,1,8549.999999999989,6000.0,0.010552899999311194,2025-07-14,2025-06-16,2025-07-13,2025-07-14
2025-07-15,stochastic_24h,0,Optimization terminated successfully. (HiGHS Status 7: Optimal),58689.992772818354,58689.99277281835,-7.275957614183426e-12,4.547473508864641e-12,0,0,144,28,5999.999999999999,6000.0,0.04038460001174826,2025-07-14,2025-06-16,2025-07-13,2025-07-14
2025-07-16,stochastic_48h,0,Optimization terminated successfully. (HiGHS Status 7: Optimal),115745.56720491221,115745.56720491209,-1.1641532182693481e-10,4.547473508864641e-12,0,0,288,28,8550.0,6000.0,0.08360510000784416,2025-07-15,2025-06-17,2025-07-14,2025-07-15
2025-07-16,deterministic_48h,0,Optimization terminated successfully. (HiGHS Status 7: Optimal),86588.53656860779,86588.53656860777,-1.4551915228366852e-11,2.1827872842550278e-11,0,0,288,1,8549.999999999984,6000.0,0.009025900013512,2025-07-15,2025-06-17,2025-07-14,2025-07-15
2025-07-16,stochastic_24h,0,Optimization terminated successfully. (HiGHS Status 7: Optimal),58327.83661154281,58327.83661154285,4.3655745685100555e-11,3.637978807091713e-12,0,0,144,28,5999.999999999997,6000.0,0.038282499997876585,2025-07-15,2025-06-17,2025-07-14,2025-07-15
2025-07-17,stochastic_48h,0,Optimization terminated successfully. (HiGHS Status 7: Optimal),85711.46819557578,85711.46819557546,-3.2014213502407074e-10,6.366462912410498e-12,0,0,288,28,8549.999999999996,6000.0,0.07055330000002868,2025-07-16,2025-06-18,2025-07-15,2025-07-16
2025-07-17,deterministic_48h,0,Optimization terminated successfully. (HiGHS Status 7: Optimal),63086.82874315518,63086.82874315516,-2.1827872842550278e-11,2.4556356947869062e-11,0,0,288,1,8549.99999999998,6000.0,0.012277000001631677,2025-07-16,2025-06-18,2025-07-15,2025-07-16
2025-07-17,stochastic_24h,0,Optimization terminated successfully. (HiGHS Status 7: Optimal),57965.361338487004,57965.36133848701,7.275957614183426e-12,3.637978807091713e-12,0,0,144,28,5999.999999999999,6000.0,0.03876509999099653,2025-07-16,2025-06-18,2025-07-15,2025-07-16
2025-07-18,stochastic_48h,0,Optimization terminated successfully. (HiGHS Status 7: Optimal),59382.75459141051,59382.75459141045,-5.820766091346741e-11,3.637978807091713e-12,0,0,288,28,3543.159685968657,6000.0,0.06266199999663513,2025-07-17,2025-06-19,2025-07-16,2025-07-17
2025-07-18,deterministic_48h,0,Optimization terminated successfully. (HiGHS Status 7: Optimal),43302.086468860594,43302.08646886058,-1.4551915228366852e-11,5.4569682106375694e-12,0,0,288,1,2468.373052492856,6000.0,0.00899250000657048,2025-07-17,2025-06-19,2025-07-16,2025-07-17
2025-07-18,stochastic_24h,0,Optimization terminated successfully. (HiGHS Status 7: Optimal),29261.899904538146,29261.899904538157,1.0913936421275139e-11,3.637978807091713e-12,0,0,144,28,5999.999999999999,6000.0,0.030505899994750507,2025-07-17,2025-06-19,2025-07-16,2025-07-17
2025-07-19,stochastic_48h,0,Optimization terminated successfully. (HiGHS Status 7: Optimal),89606.42828677854,89606.42828677822,-3.2014213502407074e-10,3.637978807091713e-12,0,0,288,28,3474.9578332824562,6000.0,0.07180930000322405,2025-07-18,2025-06-20,2025-07-17,2025-07-18
2025-07-19,deterministic_48h,0,Optimization terminated successfully. (HiGHS Status 7: Optimal),66417.32227382086,66417.32227382084,-1.4551915228366852e-11,3.637978807091713e-12,0,0,288,1,2364.1428398860444,6000.0,0.012867100012954324,2025-07-18,2025-06-20,2025-07-17,2025-07-18
2025-07-19,stochastic_24h,0,Optimization terminated successfully. (HiGHS Status 7: Optimal),29382.089824731138,29382.089824731152,1.4551915228366852e-11,3.637978807091713e-12,0,0,144,28,6000.000000000001,6000.0,0.035032700005103834,2025-07-18,2025-06-20,2025-07-17,2025-07-18
2025-07-20,stochastic_48h,0,Optimization terminated successfully. (HiGHS Status 7: Optimal),116751.95162364388,116751.95162364368,-2.0372681319713593e-10,5.4569682106375694e-12,0,0,288,28,8550.000000000002,6000.0,0.0872248999949079,2025-07-19,2025-06-21,2025-07-18,2025-07-19
2025-07-20,deterministic_48h,0,Optimization terminated successfully. (HiGHS Status 7: Optimal),86555.72752866686,86555.72752866687,1.4551915228366852e-11,4.547473508864641e-12,0,0,288,1,8549.999999999998,6000.0,0.010688099995604716,2025-07-19,2025-06-21,2025-07-18,2025-07-19
2025-07-20,stochastic_24h,0,Optimization terminated successfully. (HiGHS Status 7: Optimal),58839.509449840894,58839.50944984083,-6.548361852765083e-11,3.637978807091713e-12,0,0,144,28,6000.000000000002,6000.0,0.038587699993513525,2025-07-19,2025-06-21,2025-07-18,2025-07-19
2025-07-21,stochastic_48h,0,Optimization terminated successfully. (HiGHS Status 7: Optimal),120619.45892474326,120619.45892474295,-3.055902197957039e-10,5.4569682106375694e-12,0,0,288,28,8550.000000000004,6000.0,0.085146800003713,2025-07-20,2025-06-22,2025-07-19,2025-07-20
2025-07-21,deterministic_48h,0,Optimization terminated successfully. (HiGHS Status 7: Optimal),89975.02594283626,89975.02594283623,-2.9103830456733704e-11,5.4569682106375694e-12,0,0,288,1,8550.0,6000.0,0.0120152000017697,2025-07-20,2025-06-22,2025-07-19,2025-07-20
2025-07-21,stochastic_24h,0,Optimization terminated successfully. (HiGHS Status 7: Optimal),59519.85511631516,59519.85511631514,-1.4551915228366852e-11,4.547473508864641e-12,0,0,144,28,6000.000000000003,6000.0,0.03622700000414625,2025-07-20,2025-06-22,2025-07-19,2025-07-20
2025-07-22,stochastic_48h,0,Optimization terminated successfully. (HiGHS Status 7: Optimal),123447.68756251091,123447.68756251078,-1.3096723705530167e-10,5.4569682106375694e-12,0,0,288,28,8550.0,6000.0,0.08042779999959748,2025-07-21,2025-06-23,2025-07-20,2025-07-21
2025-07-22,deterministic_48h,0,Optimization terminated successfully. (HiGHS Status 7: Optimal),92653.45343970066,92653.45343970066,0.0,5.4569682106375694e-12,0,0,288,1,8549.999999999996,6000.0,0.009912099994835444,2025-07-21,2025-06-23,2025-07-20,2025-07-21
2025-07-22,stochastic_24h,0,Optimization terminated successfully. (HiGHS Status 7: Optimal),62349.58432872281,62349.58432872279,-2.1827872842550278e-11,3.637978807091713e-12,0,0,144,28,5999.999999999997,6000.0,0.03784810000797734,2025-07-21,2025-06-23,2025-07-20,2025-07-21
2025-07-23,stochastic_48h,0,Optimization terminated successfully. (HiGHS Status 7: Optimal),123913.26092409813,123913.2609240981,-2.9103830456733704e-11,5.4569682106375694e-12,0,0,288,28,8550.000000000002,6000.0,0.0746787999960361,2025-07-22,2025-06-24,2025-07-21,2025-07-22
2025-07-23,deterministic_48h,0,Optimization terminated successfully. (HiGHS Status 7: Optimal),93035.78370660167,93035.78370660168,1.4551915228366852e-11,7.275957614183426e-12,0,0,288,1,8549.999999999998,6000.0,0.00973629999498371,2025-07-22,2025-06-24,2025-07-21,2025-07-22
2025-07-23,stochastic_24h,0,Optimization terminated successfully. (HiGHS Status 7: Optimal),62492.77314863527,62492.773148635184,-8.731149137020111e-11,3.637978807091713e-12,0,0,144,28,6000.000000000003,6000.0,0.0397823000093922,2025-07-22,2025-06-24,2025-07-21,2025-07-22
2025-07-24,stochastic_48h,0,Optimization terminated successfully. (HiGHS Status 7: Optimal),92895.06939305807,92895.06939305796,-1.1641532182693481e-10,7.275957614183426e-12,0,0,288,28,8549.999999999998,6000.0,0.0755972000042675,2025-07-23,2025-06-25,2025-07-22,2025-07-23
2025-07-24,deterministic_48h,0,Optimization terminated successfully. (HiGHS Status 7: Optimal),68857.17140603124,68857.17140603127,2.9103830456733704e-11,1.2732925824820995e-11,0,0,288,1,8550.000000000004,6000.0,0.010527299993555062,2025-07-23,2025-06-25,2025-07-22,2025-07-23
2025-07-24,stochastic_24h,0,Optimization terminated successfully. (HiGHS Status 7: Optimal),62538.6312905495,62538.631290549434,-6.548361852765083e-11,5.4569682106375694e-12,0,0,144,28,5999.999999999999,6000.0,0.039606299993465655,2025-07-23,2025-06-25,2025-07-22,2025-07-23
2025-07-25,stochastic_48h,0,Optimization terminated successfully. (HiGHS Status 7: Optimal),64505.270354989,64505.27035498899,-7.275957614183426e-12,5.4569682106375694e-12,0,0,288,28,3990.316283547002,6000.0,0.0689944000041578,2025-07-24,2025-06-26,2025-07-23,2025-07-24
2025-07-25,deterministic_48h,0,Optimization terminated successfully. (HiGHS Status 7: Optimal),47178.67022222501,47178.670222225,-7.275957614183426e-12,8.185452315956354e-12,0,0,288,1,2748.0046290598375,6000.0,0.010008400000515394,2025-07-24,2025-06-26,2025-07-23,2025-07-24
2025-07-25,stochastic_24h,0,Optimization terminated successfully. (HiGHS Status 7: Optimal),31733.75245199787,31733.75245199785,-1.8189894035458565e-11,5.4569682106375694e-12,0,0,144,28,5999.999999999997,6000.0,0.03816799999913201,2025-07-24,2025-06-26,2025-07-23,2025-07-24
2025-07-26,stochastic_48h,0,Optimization terminated successfully. (HiGHS Status 7: Optimal),96161.56274410045,96161.56274410032,-1.3096723705530167e-10,1.8189894035458565e-12,0,0,288,28,3728.8658260378543,6000.0,0.07127860000764485,2025-07-25,2025-06-27,2025-07-24,2025-07-25
2025-07-26,deterministic_48h,0,Optimization terminated successfully. (HiGHS Status 7: Optimal),72108.60919888236,72108.6091988824,4.3655745685100555e-11,3.637978807091713e-12,0,0,288,1,2516.8972819597143,6000.0,0.009585399995557964,2025-07-25,2025-06-27,2025-07-24,2025-07-25
2025-07-26,stochastic_24h,0,Optimization terminated successfully. (HiGHS Status 7: Optimal),32073.765158978767,32073.765158978764,-3.637978807091713e-12,3.637978807091713e-12,0,0,144,28,6000.0000000000055,6000.0,0.03296820000105072,2025-07-25,2025-06-27,2025-07-24,2025-07-25
2025-07-27,stochastic_48h,0,Optimization terminated successfully. (HiGHS Status 7: Optimal),125984.07126452317,125984.07126452315,-1.4551915228366852e-11,9.094947017729282e-12,0,0,288,28,8550.0,6000.0,0.08238079999864567,2025-07-26,2025-06-28,2025-07-25,2025-07-26
2025-07-27,deterministic_48h,0,Optimization terminated successfully. (HiGHS Status 7: Optimal),94935.40646030946,94935.40646030949,2.9103830456733704e-11,3.637978807091713e-12,0,0,288,1,8550.000000000002,6000.0,0.01023410000198055,2025-07-26,2025-06-28,2025-07-25,2025-07-26
2025-07-27,stochastic_24h,0,Optimization terminated successfully. (HiGHS Status 7: Optimal),63348.21636160105,63348.21636160095,-1.0186340659856796e-10,7.275957614183426e-12,0,0,144,28,6000.000000000001,6000.0,0.04082130000460893,2025-07-26,2025-06-28,2025-07-25,2025-07-26
2025-07-28,stochastic_48h,0,Optimization terminated successfully. (HiGHS Status 7: Optimal),128846.22288227681,128846.22288227666,-1.4551915228366852e-10,5.4569682106375694e-12,0,0,288,28,8550.000000000005,6000.0,0.08232589998806361,2025-07-27,2025-06-29,2025-07-26,2025-07-27
2025-07-28,deterministic_48h,0,Optimization terminated successfully. (HiGHS Status 7: Optimal),97437.44095500244,97437.44095500238,-5.820766091346741e-11,3.637978807091713e-12,0,0,288,1,8550.0,6000.0,0.011046899991924874,2025-07-27,2025-06-29,2025-07-26,2025-07-27
2025-07-28,stochastic_24h,0,Optimization terminated successfully. (HiGHS Status 7: Optimal),63420.10424032464,63420.10424032455,-8.731149137020111e-11,3.637978807091713e-12,0,0,144,28,6000.000000000006,6000.0,0.03936920000705868,2025-07-27,2025-06-29,2025-07-26,2025-07-27
2025-07-29,stochastic_48h,0,Optimization terminated successfully. (HiGHS Status 7: Optimal),133149.51693313872,133149.51693313842,-2.9103830456733704e-10,4.092726157978177e-12,0,0,288,28,8550.0,6000.0,0.08221609999600332,2025-07-28,2025-06-30,2025-07-27,2025-07-28
2025-07-29,deterministic_48h,0,Optimization terminated successfully. (HiGHS Status 7: Optimal),101312.40115599804,101312.40115599803,-1.4551915228366852e-11,9.094947017729282e-12,0,0,288,1,8549.999999999996,6000.0,0.010472800000570714,2025-07-28,2025-06-30,2025-07-27,2025-07-28
2025-07-29,stochastic_24h,0,Optimization terminated successfully. (HiGHS Status 7: Optimal),66983.74916273281,66983.74916273271,-1.0186340659856796e-10,1.8189894035458565e-12,0,0,144,28,5999.999999999999,6000.0,0.03683540000929497,2025-07-28,2025-06-30,2025-07-27,2025-07-28
2025-07-30,stochastic_48h,0,Optimization terminated successfully. (HiGHS Status 7: Optimal),133452.86832385036,133452.86832385,-3.4924596548080444e-10,3.637978807091713e-12,0,0,288,28,8550.0,6000.0,0.08100930000364315,2025-07-29,2025-07-01,2025-07-28,2025-07-29
2025-07-30,deterministic_48h,0,Optimization terminated successfully. (HiGHS Status 7: Optimal),101630.59955617781,101630.5995561778,-1.4551915228366852e-11,7.275957614183426e-12,0,0,288,1,8549.999999999995,6000.0,0.010862299997825176,2025-07-29,2025-07-01,2025-07-28,2025-07-29
2025-07-30,stochastic_24h,0,Optimization terminated successfully. (HiGHS Status 7: Optimal),67207.07820997231,67207.07820997217,-1.4551915228366852e-10,2.0463630789890885e-12,0,0,144,28,6000.000000000001,6000.0,0.037060000002384186,2025-07-29,2025-07-01,2025-07-28,2025-07-29
2025-07-31,stochastic_48h,0,Optimization terminated successfully. (HiGHS Status 7: Optimal),99813.77919765242,99813.77919765213,-2.9103830456733704e-10,3.637978807091713e-12,0,0,288,28,8550.0,6000.0,0.08475299998826813,2025-07-30,2025-07-02,2025-07-29,2025-07-30
2025-07-31,deterministic_48h,0,Optimization terminated successfully. (HiGHS Status 7: Optimal),74240.21030191526,74240.21030191518,-7.275957614183426e-11,9.094947017729282e-12,0,0,288,1,8549.999999999993,6000.0,0.010886899995966814,2025-07-30,2025-07-02,2025-07-29,2025-07-30
2025-07-31,stochastic_24h,0,Optimization terminated successfully. (HiGHS Status 7: Optimal),66634.8559812912,66634.85598129116,-4.3655745685100555e-11,1.8189894035458565e-12,0,0,144,28,6000.000000000002,6000.0,0.038555000006454065,2025-07-30,2025-07-02,2025-07-29,2025-07-30
2025-08-01,stochastic_48h,0,Optimization terminated successfully. (HiGHS Status 7: Optimal),69146.94459094582,69146.94459094574,-7.275957614183426e-11,3.637978807091713e-12,0,0,288,28,5418.714619275434,6000.0,0.07618200000433717,2025-07-31,2025-07-03,2025-07-30,2025-07-31
2025-08-01,deterministic_48h,0,Optimization terminated successfully. (HiGHS Status 7: Optimal),50484.03228060693,50484.03228060693,0.0,7.275957614183426e-12,0,0,288,1,3207.091659432228,6000.0,0.0087850999989314,2025-07-31,2025-07-03,2025-07-30,2025-07-31
2025-08-01,stochastic_24h,0,Optimization terminated successfully. (HiGHS Status 7: Optimal),34281.999719414154,34281.99971941416,7.275957614183426e-12,3.637978807091713e-12,0,0,144,28,6000.000000000002,6000.0,0.03530960000352934,2025-07-31,2025-07-03,2025-07-30,2025-07-31
2025-08-02,stochastic_48h,0,Optimization terminated successfully. (HiGHS Status 7: Optimal),98554.18616561622,98554.18616561609,-1.3096723705530167e-10,5.002220859751105e-12,0,0,288,28,5508.586268392147,6000.0,0.08313910001015756,2025-08-01,2025-07-04,2025-07-31,2025-08-01
2025-08-02,deterministic_48h,0,Optimization terminated successfully. (HiGHS Status 7: Optimal),75452.9890410178,75452.9890410178,0.0,1.8189894035458565e-12,0,0,288,1,3039.155838624334,6000.0,0.011741900001652539,2025-08-01,2025-07-04,2025-07-31,2025-08-01
2025-08-02,stochastic_24h,0,Optimization terminated successfully. (HiGHS Status 7: Optimal),33584.889949816425,33584.88994981649,6.548361852765083e-11,3.637978807091713e-12,0,0,144,28,6000.0,6000.0,0.03801489999750629,2025-08-01,2025-07-04,2025-07-31,2025-08-01
2025-08-03,stochastic_48h,0,Optimization terminated successfully. (HiGHS Status 7: Optimal),124896.90193276614,124896.901932766,-1.3096723705530167e-10,7.275957614183426e-12,0,0,288,28,8550.000000000004,6000.0,0.08526270001311786,2025-08-02,2025-07-05,2025-08-01,2025-08-02
2025-08-03,deterministic_48h,0,Optimization terminated successfully. (HiGHS Status 7: Optimal),95887.94310355994,95887.94310355996,1.4551915228366852e-11,7.275957614183426e-12,0,0,288,1,8550.0,6000.0,0.009393400003318675,2025-08-02,2025-07-05,2025-08-01,2025-08-02
2025-08-03,stochastic_24h,0,Optimization terminated successfully. (HiGHS Status 7: Optimal),63021.262284961864,63021.26228496189,2.9103830456733704e-11,1.8189894035458565e-12,0,0,144,28,6000.000000000004,6000.0,0.03821260000404436,2025-08-02,2025-07-05,2025-08-01,2025-08-02
2025-08-04,stochastic_48h,0,Optimization terminated successfully. (HiGHS Status 7: Optimal),119031.20153234349,119031.20153234342,-7.275957614183426e-11,3.637978807091713e-12,0,0,288,28,8550.000000000004,6000.0,0.07436319999396801,2025-08-03,2025-07-06,2025-08-02,2025-08-03
2025-08-04,deterministic_48h,0,Optimization terminated successfully. (HiGHS Status 7: Optimal),92114.02436594185,92114.02436594188,2.9103830456733704e-11,3.637978807091713e-12,0,0,288,1,8549.999999999996,6000.0,0.010920200002146885,2025-08-03,2025-07-06,2025-08-02,2025-08-03
2025-08-04,stochastic_24h,0,Optimization terminated successfully. (HiGHS Status 7: Optimal),60557.29565829922,60557.29565829926,4.3655745685100555e-11,3.637978807091713e-12,0,0,144,28,6000.0,6000.0,0.03609969999524765,2025-08-03,2025-07-06,2025-08-02,2025-08-03
2025-08-05,stochastic_48h,0,Optimization terminated successfully. (HiGHS Status 7: Optimal),115147.69151275425,115147.69151275425,0.0,3.637978807091713e-12,0,0,288,28,8550.0,6000.0,0.07496149999496993,2025-08-04,2025-07-07,2025-08-03,2025-08-04
2025-08-05,deterministic_48h,0,Optimization terminated successfully. (HiGHS Status 7: Optimal),90153.66958231933,90153.66958231933,0.0,3.637978807091713e-12,0,0,288,1,8550.0,6000.0,0.013156300003174692,2025-08-04,2025-07-07,2025-08-03,2025-08-04
2025-08-05,stochastic_24h,0,Optimization terminated successfully. (HiGHS Status 7: Optimal),58389.42464866252,58389.424648662505,-1.4551915228366852e-11,3.637978807091713e-12,0,0,144,28,5999.999999999998,6000.0,0.03765379999822471,2025-08-04,2025-07-07,2025-08-03,2025-08-04
2025-08-06,stochastic_48h,0,Optimization terminated successfully. (HiGHS Status 7: Optimal),112206.06483475491,112206.06483475488,-2.9103830456733704e-11,5.4569682106375694e-12,0,0,288,28,8550.0,6000.0,0.07325410000339616,2025-08-05,2025-07-08,2025-08-04,2025-08-05
2025-08-06,deterministic_48h,0,Optimization terminated successfully. (HiGHS Status 7: Optimal),88355.63028261131,88355.6302826113,-1.4551915228366852e-11,5.4569682106375694e-12,0,0,288,1,8550.0,6000.0,0.010826500001712702,2025-08-05,2025-07-08,2025-08-04,2025-08-05
2025-08-06,stochastic_24h,0,Optimization terminated successfully. (HiGHS Status 7: Optimal),57124.585991580185,57124.58599158018,-7.275957614183426e-12,3.637978807091713e-12,0,0,144,28,5999.999999999999,6000.0,0.04004379999241792,2025-08-05,2025-07-08,2025-08-04,2025-08-05
2025-08-07,stochastic_48h,0,Optimization terminated successfully. (HiGHS Status 7: Optimal),84289.39520404009,84289.39520404024,1.4551915228366852e-10,3.637978807091713e-12,0,0,288,28,8550.000000000004,6000.0,0.0726546999940183,2025-08-06,2025-07-09,2025-08-05,2025-08-06
2025-08-07,deterministic_48h,0,Optimization terminated successfully. (HiGHS Status 7: Optimal),66824.91368403488,66824.91368403494,5.820766091346741e-11,7.275957614183426e-12,0,0,288,1,8550.000000000002,6000.0,0.011796599996159784,2025-08-06,2025-07-09,2025-08-05,2025-08-06
2025-08-07,stochastic_24h,0,Optimization terminated successfully. (HiGHS Status 7: Optimal),56228.27785685739,56228.27785685747,8.003553375601768e-11,4.547473508864641e-12,0,0,144,28,6000.000000000003,6000.0,0.04153119999682531,2025-08-06,2025-07-09,2025-08-05,2025-08-06
2025-08-08,stochastic_48h,0,Optimization terminated successfully. (HiGHS Status 7: Optimal),59631.960325861226,59631.960325861175,-5.093170329928398e-11,3.637978807091713e-12,0,0,288,28,3576.3937174094417,6000.0,0.05798749999667052,2025-08-07,2025-07-10,2025-08-06,2025-08-07
2025-08-08,deterministic_48h,0,Optimization terminated successfully. (HiGHS Status 7: Optimal),48094.449732321256,48094.44973232126,7.275957614183426e-12,1.8189894035458565e-12,0,0,288,1,2670.8145740740792,6000.0,0.010906399998930283,2025-08-07,2025-07-10,2025-08-06,2025-08-07
2025-08-08,stochastic_24h,0,Optimization terminated successfully. (HiGHS Status 7: Optimal),29514.94506151888,29514.94506151888,0.0,3.637978807091713e-12,0,0,144,28,5999.999999999997,6000.0,0.032195299994782545,2025-08-07,2025-07-10,2025-08-06,2025-08-07
2025-08-09,stochastic_48h,0,Optimization terminated successfully. (HiGHS Status 7: Optimal),83207.61030959904,83207.610309599,-4.3655745685100555e-11,6.366462912410498e-12,0,0,288,28,3310.343222435896,6000.0,0.0705100999912247,2025-08-08,2025-07-11,2025-08-07,2025-08-08
2025-08-09,deterministic_48h,0,Optimization terminated successfully. (HiGHS Status 7: Optimal),68179.05288081677,68179.05288081676,-1.4551915228366852e-11,7.275957614183426e-12,0,0,288,1,2519.9790121082615,6000.0,0.010725399988587014,2025-08-08,2025-07-11,2025-08-07,2025-08-08
2025-08-09,stochastic_24h,0,Optimization terminated successfully. (HiGHS Status 7: Optimal),29258.565104733756,29258.565104733752,-3.637978807091713e-12,1.8189894035458565e-12,0,0,144,28,6000.0,6000.0,0.028856199991423637,2025-08-08,2025-07-11,2025-08-07,2025-08-08
2025-08-10,stochastic_48h,0,Optimization terminated successfully. (HiGHS Status 7: Optimal),103745.70759497926,103745.7075949791,-1.6007106751203537e-10,1.2732925824820995e-11,0,0,288,28,8549.999999999998,6000.0,0.07069249999767635,2025-08-09,2025-07-12,2025-08-08,2025-08-09
2025-08-10,deterministic_48h,0,Optimization terminated successfully. (HiGHS Status 7: Optimal),85413.00872814497,85413.00872814495,-1.4551915228366852e-11,3.865352482534945e-12,0,0,288,1,7896.3379321123375,6000.0,0.009894799994071946,2025-08-09,2025-07-12,2025-08-08,2025-08-09
2025-08-10,stochastic_24h,0,Optimization terminated successfully. (HiGHS Status 7: Optimal),52824.24788832548,52824.24788832558,1.0186340659856796e-10,4.547473508864641e-12,0,0,144,28,6000.0,6000.0,0.03707740000390913,2025-08-09,2025-07-12,2025-08-08,2025-08-09
2025-08-11,stochastic_48h,0,Optimization terminated successfully. (HiGHS Status 7: Optimal),102888.54630198174,102888.54630198157,-1.7462298274040222e-10,9.094947017729282e-12,0,0,288,28,8549.999999999993,6000.0,0.07432200000039302,2025-08-10,2025-07-13,2025-08-09,2025-08-10
2025-08-11,deterministic_48h,0,Optimization terminated successfully. (HiGHS Status 7: Optimal),85114.37110801086,85114.37110801089,2.9103830456733704e-11,5.4569682106375694e-12,0,0,288,1,7901.697245014246,6000.0,0.01177060000190977,2025-08-10,2025-07-13,2025-08-09,2025-08-10
2025-08-11,stochastic_24h,0,Optimization terminated successfully. (HiGHS Status 7: Optimal),52481.774914511196,52481.77491451123,3.637978807091713e-11,1.8189894035458565e-12,0,0,144,28,5999.999999999997,6000.0,0.035122100001899526,2025-08-10,2025-07-13,2025-08-09,2025-08-10
2025-08-12,stochastic_48h,0,Optimization terminated successfully. (HiGHS Status 7: Optimal),103288.99167619273,103288.99167619272,-1.4551915228366852e-11,1.6370904631912708e-11,0,0,288,28,8549.999999999995,6000.0,0.07822529999248218,2025-08-11,2025-07-14,2025-08-10,2025-08-11
2025-08-12,deterministic_48h,0,Optimization terminated successfully. (HiGHS Status 7: Optimal),85550.93456587484,85550.9345658749,5.820766091346741e-11,5.4569682106375694e-12,0,0,288,1,7870.218450345954,6000.0,0.009958800001186319,2025-08-11,2025-07-14,2025-08-10,2025-08-11
2025-08-12,stochastic_24h,0,Optimization terminated successfully. (HiGHS Status 7: Optimal),52362.41070613605,52362.41070613603,-2.1827872842550278e-11,4.547473508864641e-12,0,0,144,28,6000.000000000001,6000.0,0.03378740001062397,2025-08-11,2025-07-14,2025-08-10,2025-08-11
2025-08-13,stochastic_48h,0,Optimization terminated successfully. (HiGHS Status 7: Optimal),104900.92462531739,104900.9246253171,-2.9103830456733704e-10,1.3642420526593924e-11,0,0,288,28,8549.999999999987,6000.0,0.07780679999268614,2025-08-12,2025-07-15,2025-08-11,2025-08-12
2025-08-13,deterministic_48h,0,Optimization terminated successfully. (HiGHS Status 7: Optimal),87158.97887571192,87158.97887571191,-1.4551915228366852e-11,4.547473508864641e-12,0,0,288,1,7950.000000000001,6000.0,0.010889999990467913,2025-08-12,2025-07-15,2025-08-11,2025-08-12
2025-08-13,stochastic_24h,0,Optimization terminated successfully. (HiGHS Status 7: Optimal),53183.352726328405,53183.35272632837,-3.637978807091713e-11,3.637978807091713e-12,0,0,144,28,5999.999999999997,6000.0,0.036526199997751974,2025-08-12,2025-07-15,2025-08-11,2025-08-12
2025-08-14,stochastic_48h,0,Optimization terminated successfully. (HiGHS Status 7: Optimal),79336.18919059048,79336.1891905904,-7.275957614183426e-11,1.2732925824820995e-11,0,0,288,28,8549.999999999989,6000.0,0.06623090000357479,2025-08-13,2025-07-16,2025-08-12,2025-08-13
2025-08-14,deterministic_48h,0,Optimization terminated successfully. (HiGHS Status 7: Optimal),66716.81305391337,66716.8130539134,2.9103830456733704e-11,3.637978807091713e-12,0,0,288,1,7949.999999999996,6000.0,0.00972149999870453,2025-08-13,2025-07-16,2025-08-12,2025-08-13
2025-08-14,stochastic_24h,0,Optimization terminated successfully. (HiGHS Status 7: Optimal),53406.89897888929,53406.89897888927,-1.4551915228366852e-11,4.547473508864641e-12,0,0,144,28,6000.000000000003,6000.0,0.03870960000494961,2025-08-13,2025-07-16,2025-08-12,2025-08-13
2025-08-15,stochastic_48h,0,Optimization terminated successfully. (HiGHS Status 7: Optimal),55978.23538140655,55978.235381406565,1.4551915228366852e-11,3.637978807091713e-12,0,0,288,28,3314.553962352451,6000.0,0.058932400002959184,2025-08-14,2025-07-17,2025-08-13,2025-08-14
2025-08-15,deterministic_48h,0,Optimization terminated successfully. (HiGHS Status 7: Optimal),48462.3665635192,48462.3665635192,0.0,4.547473508864641e-12,0,0,288,1,2713.069798127797,6000.0,0.00861250000889413,2025-08-14,2025-07-17,2025-08-13,2025-08-14
2025-08-15,stochastic_24h,0,Optimization terminated successfully. (HiGHS Status 7: Optimal),27600.07693391848,27600.076933918474,-7.275957614183426e-12,1.8189894035458565e-12,0,0,144,28,5999.999999999997,6000.0,0.030488900010823272,2025-08-14,2025-07-17,2025-08-13,2025-08-14
2025-08-16,stochastic_48h,0,Optimization terminated successfully. (HiGHS Status 7: Optimal),82211.90166859292,82211.90166859275,-1.7462298274040222e-10,7.275957614183426e-12,0,0,288,28,3417.5218075193325,6000.0,0.0716662000049837,2025-08-15,2025-07-18,2025-08-14,2025-08-15
2025-08-16,deterministic_48h,0,Optimization terminated successfully. (HiGHS Status 7: Optimal),70236.80804067763,70236.80804067763,0.0,5.4569682106375694e-12,0,0,288,1,2825.5324240638947,6000.0,0.009627299994463101,2025-08-15,2025-07-18,2025-08-14,2025-08-15
2025-08-16,stochastic_24h,0,Optimization terminated successfully. (HiGHS Status 7: Optimal),27430.518643484374,27430.518643484356,-1.8189894035458565e-11,3.637978807091713e-12,0,0,144,28,6000.000000000001,6000.0,0.029983400003402494,2025-08-15,2025-07-18,2025-08-14,2025-08-15
2025-08-17,stochastic_48h,0,Optimization terminated successfully. (HiGHS Status 7: Optimal),104844.71620283039,104844.71620283031,-7.275957614183426e-11,9.094947017729282e-12,0,0,288,28,8549.999999999996,6000.0,0.07542779999494087,2025-08-16,2025-07-19,2025-08-15,2025-08-16
2025-08-17,deterministic_48h,0,Optimization terminated successfully. (HiGHS Status 7: Optimal),88849.0343642874,88849.03436428738,-2.9103830456733704e-11,3.637978807091713e-12,0,0,288,1,8550.0,6000.0,0.011757300002500415,2025-08-16,2025-07-19,2025-08-15,2025-08-16
2025-08-17,stochastic_24h,0,Optimization terminated successfully. (HiGHS Status 7: Optimal),52951.8148221579,52951.81482215794,3.637978807091713e-11,3.637978807091713e-12,0,0,144,28,5999.999999999997,6000.0,0.03561940000508912,2025-08-16,2025-07-19,2025-08-15,2025-08-16
2025-08-18,stochastic_48h,0,Optimization terminated successfully. (HiGHS Status 7: Optimal),103145.65708806607,103145.6570880659,-1.7462298274040222e-10,9.094947017729282e-12,0,0,288,28,8549.999999999993,6000.0,0.07493309999699704,2025-08-17,2025-07-20,2025-08-16,2025-08-17
2025-08-18,deterministic_48h,0,Optimization terminated successfully. (HiGHS Status 7: Optimal),87913.07845079679,87913.07845079676,-2.9103830456733704e-11,8.185452315956354e-12,0,0,288,1,8549.999999999998,6000.0,0.00979719999304507,2025-08-17,2025-07-20,2025-08-16,2025-08-17
2025-08-18,stochastic_24h,0,Optimization terminated successfully. (HiGHS Status 7: Optimal),52051.10733020711,52051.10733020709,-2.1827872842550278e-11,1.8189894035458565e-12,0,0,144,28,5999.999999999999,6000.0,0.037866999991820194,2025-08-17,2025-07-20,2025-08-16,2025-08-17
2025-08-19,stochastic_48h,0,Optimization terminated successfully. (HiGHS Status 7: Optimal),102450.06338409883,102450.06338409877,-5.820766091346741e-11,1.0913936421275139e-11,0,0,288,28,8549.999999999993,6000.0,0.07337819998792838,2025-08-18,2025-07-21,2025-08-17,2025-08-18
2025-08-19,deterministic_48h,0,Optimization terminated successfully. (HiGHS Status 7: Optimal),87789.02179468614,87789.02179468615,1.4551915228366852e-11,3.637978807091713e-12,0,0,288,1,8549.999999999998,6000.0,0.01183879999734927,2025-08-18,2025-07-21,2025-08-17,2025-08-18
2025-08-19,stochastic_24h,0,Optimization terminated successfully. (HiGHS Status 7: Optimal),51754.895778073456,51754.89577807354,8.731149137020111e-11,3.410605131648481e-12,0,0,144,28,6000.000000000001,6000.0,0.03853049999452196,2025-08-18,2025-07-21,2025-08-17,2025-08-18
2025-08-20,stochastic_48h,0,Optimization terminated successfully. (HiGHS Status 7: Optimal),101941.07596331136,101941.07596331128,-8.731149137020111e-11,7.275957614183426e-12,0,0,288,28,8549.999999999993,6000.0,0.07269220000307541,2025-08-19,2025-07-22,2025-08-18,2025-08-19
2025-08-20,deterministic_48h,0,Optimization terminated successfully. (HiGHS Status 7: Optimal),87756.42817598378,87756.42817598379,1.4551915228366852e-11,4.547473508864641e-12,0,0,288,1,8550.0,6000.0,0.010219200004939921,2025-08-19,2025-07-22,2025-08-18,2025-08-19
2025-08-20,stochastic_24h,0,Optimization terminated successfully. (HiGHS Status 7: Optimal),51508.0035298177,51508.00352981772,1.4551915228366852e-11,5.4569682106375694e-12,0,0,144,28,6000.000000000002,6000.0,0.03957349999109283,2025-08-19,2025-07-22,2025-08-18,2025-08-19
2025-08-21,stochastic_48h,0,Optimization terminated successfully. (HiGHS Status 7: Optimal),77620.20182627851,77620.20182627841,-1.0186340659856796e-10,4.547473508864641e-12,0,0,288,28,8549.999999999996,6000.0,0.07068949998938479,2025-08-20,2025-07-23,2025-08-19,2025-08-20
2025-08-21,deterministic_48h,0,Optimization terminated successfully. (HiGHS Status 7: Optimal),67940.45000821949,67940.45000821946,-2.9103830456733704e-11,7.275957614183426e-12,0,0,288,1,8550.0,6000.0,0.00921409999136813,2025-08-20,2025-07-23,2025-08-19,2025-08-20
2025-08-21,stochastic_24h,0,Optimization terminated successfully. (HiGHS Status 7: Optimal),52732.67049127314,52732.67049127315,1.4551915228366852e-11,3.637978807091713e-12,0,0,144,28,6000.000000000005,6000.0,0.03742329998931382,2025-08-20,2025-07-23,2025-08-19,2025-08-20
2025-08-22,stochastic_48h,0,Optimization terminated successfully. (HiGHS Status 7: Optimal),52761.103694739635,52761.10369473975,1.1641532182693481e-10,3.637978807091713e-12,0,0,288,28,3951.753267083839,6000.0,0.05981859999883454,2025-08-21,2025-07-24,2025-08-20,2025-08-21
2025-08-22,deterministic_48h,0,Optimization terminated successfully. (HiGHS Status 7: Optimal),47960.6043292761,47960.6043292761,0.0,2.7284841053187847e-12,0,0,288,1,3255.097582468452,6000.0,0.009845300010056235,2025-08-21,2025-07-24,2025-08-20,2025-08-21
2025-08-22,stochastic_24h,0,Optimization terminated successfully. (HiGHS Status 7: Optimal),26102.121280099396,26102.121280099385,-1.0913936421275139e-11,1.8189894035458565e-12,0,0,144,28,6000.000000000002,6000.0,0.03140599999460392,2025-08-21,2025-07-24,2025-08-20,2025-08-21
2025-08-23,stochastic_48h,0,Optimization terminated successfully. (HiGHS Status 7: Optimal),80074.99616370133,80074.99616370113,-2.0372681319713593e-10,7.275957614183426e-12,0,0,288,28,3763.1289821225078,6000.0,0.07187359999807086,2025-08-22,2025-07-25,2025-08-21,2025-08-22
2025-08-23,deterministic_48h,0,Optimization terminated successfully. (HiGHS Status 7: Optimal),70473.05319852472,70473.05319852469,-2.9103830456733704e-11,1.8189894035458565e-12,0,0,288,1,3190.1974518009756,6000.0,0.010755299997981638,2025-08-22,2025-07-25,2025-08-21,2025-08-22
2025-08-23,stochastic_24h,0,Optimization terminated successfully. (HiGHS Status 7: Optimal),26015.14769066588,26015.147690665883,3.637978807091713e-12,3.637978807091713e-12,0,0,144,28,6000.000000000001,6000.0,0.03415289999975357,2025-08-22,2025-07-25,2025-08-21,2025-08-22
2025-08-24,stochastic_48h,0,Optimization terminated successfully. (HiGHS Status 7: Optimal),105315.10436008622,105315.10436008619,-2.9103830456733704e-11,1.8189894035458565e-12,0,0,288,28,8550.000000000004,6000.0,0.08492429999751039,2025-08-23,2025-07-26,2025-08-22,2025-08-23
2025-08-24,deterministic_48h,0,Optimization terminated successfully. (HiGHS Status 7: Optimal),91040.32982023209,91040.32982023209,0.0,3.637978807091713e-12,0,0,288,1,8550.0,6000.0,0.011007599998265505,2025-08-23,2025-07-26,2025-08-22,2025-08-23
2025-08-24,stochastic_24h,0,Optimization terminated successfully. (HiGHS Status 7: Optimal),52944.19669358268,52944.19669358281,1.3096723705530167e-10,1.8189894035458565e-12,0,0,144,28,6000.000000000003,6000.0,0.038323999993735924,2025-08-23,2025-07-26,2025-08-22,2025-08-23
2025-08-25,stochastic_48h,0,Optimization terminated successfully. (HiGHS Status 7: Optimal),104443.20022403821,104443.20022403814,-7.275957614183426e-11,1.0913936421275139e-11,0,0,288,28,8550.0,6000.0,0.07414120000612456,2025-08-24,2025-07-27,2025-08-23,2025-08-24
2025-08-25,deterministic_48h,0,Optimization terminated successfully. (HiGHS Status 7: Optimal),90510.39557627418,90510.3955762742,1.4551915228366852e-11,5.4569682106375694e-12,0,0,288,1,8550.000000000002,6000.0,0.010575400010566227,2025-08-24,2025-07-27,2025-08-23,2025-08-24
2025-08-25,stochastic_24h,0,Optimization terminated successfully. (HiGHS Status 7: Optimal),52723.3183615504,52723.318361550424,2.1827872842550278e-11,5.4569682106375694e-12,0,0,144,28,6000.000000000001,6000.0,0.03719479999563191,2025-08-24,2025-07-27,2025-08-23,2025-08-24
2025-08-26,stochastic_48h,0,Optimization terminated successfully. (HiGHS Status 7: Optimal),106002.97236874337,106002.97236874321,-1.6007106751203537e-10,5.4569682106375694e-12,0,0,288,28,8550.000000000004,6000.0,0.08484049999970011,2025-08-25,2025-07-28,2025-08-24,2025-08-25
2025-08-26,deterministic_48h,0,Optimization terminated successfully. (HiGHS Status 7: Optimal),92254.73233935973,92254.73233935975,1.4551915228366852e-11,5.002220859751105e-12,0,0,288,1,8549.999999999998,6000.0,0.009100399998715147,2025-08-25,2025-07-28,2025-08-24,2025-08-25
2025-08-26,stochastic_24h,0,Optimization terminated successfully. (HiGHS Status 7: Optimal),53318.032717950315,53318.03271795033,1.4551915228366852e-11,2.5011104298755527e-12,0,0,144,28,6000.0000000000055,6000.0,0.03827270001056604,2025-08-25,2025-07-28,2025-08-24,2025-08-25
2025-08-27,stochastic_48h,0,Optimization terminated successfully. (HiGHS Status 7: Optimal),106343.2091981579,106343.20919815773,-1.7462298274040222e-10,6.139089236967266e-12,0,0,288,28,8550.000000000002,6000.0,0.08203029999276623,2025-08-26,2025-07-29,2025-08-25,2025-08-26
2025-08-27,deterministic_48h,0,Optimization terminated successfully. (HiGHS Status 7: Optimal),92794.6226998975,92794.62269989753,2.9103830456733704e-11,7.275957614183426e-12,0,0,288,1,8550.000000000004,6000.0,0.01022900000680238,2025-08-26,2025-07-29,2025-08-25,2025-08-26
2025-08-27,stochastic_24h,0,Optimization terminated successfully. (HiGHS Status 7: Optimal),53478.359226167486,53478.3592261675,1.4551915228366852e-11,3.637978807091713e-12,0,0,144,28,6000.0,6000.0,0.037652700004400685,2025-08-26,2025-07-29,2025-08-25,2025-08-26
2025-08-28,stochastic_48h,0,Optimization terminated successfully. (HiGHS Status 7: Optimal),79451.05046473039,79451.05046473023,-1.6007106751203537e-10,1.8189894035458565e-12,0,0,288,28,8550.000000000004,6000.0,0.07228200000827201,2025-08-27,2025-07-30,2025-08-26,2025-08-27
2025-08-28,deterministic_48h,0,Optimization terminated successfully. (HiGHS Status 7: Optimal),70472.43384364998,70472.43384364995,-2.9103830456733704e-11,5.4569682106375694e-12,0,0,288,1,8550.000000000004,6000.0,0.010363800000050105,2025-08-27,2025-07-30,2025-08-26,2025-08-27
2025-08-28,stochastic_24h,0,Optimization terminated successfully. (HiGHS Status 7: Optimal),53970.723466519274,53970.72346651931,3.637978807091713e-11,1.8189894035458565e-12,0,0,144,28,6000.000000000004,6000.0,0.04144359999918379,2025-08-27,2025-07-30,2025-08-26,2025-08-27
2025-08-29,stochastic_48h,0,Optimization terminated successfully. (HiGHS Status 7: Optimal),54105.996302191794,54105.99630219189,9.458744898438454e-11,3.637978807091713e-12,0,0,288,28,3844.473491605617,6000.0,0.06672790000448003,2025-08-28,2025-07-31,2025-08-27,2025-08-28
2025-08-29,deterministic_48h,0,Optimization terminated successfully. (HiGHS Status 7: Optimal),49592.91191527071,49592.9119152707,-1.4551915228366852e-11,3.637978807091713e-12,0,0,288,1,3369.055314183968,6000.0,0.008711300004506484,2025-08-28,2025-07-31,2025-08-27,2025-08-28
2025-08-29,stochastic_24h,0,Optimization terminated successfully. (HiGHS Status 7: Optimal),26715.288578629366,26715.288578629385,1.8189894035458565e-11,1.8189894035458565e-12,0,0,144,28,6000.000000000002,6000.0,0.03410749998874962,2025-08-28,2025-07-31,2025-08-27,2025-08-28
2025-08-30,stochastic_48h,0,Optimization terminated successfully. (HiGHS Status 7: Optimal),83828.38170890424,83828.38170890423,-1.4551915228366852e-11,4.547473508864641e-12,0,0,288,28,3895.6506577533573,6000.0,0.07165410000015981,2025-08-29,2025-08-01,2025-08-28,2025-08-29
2025-08-30,deterministic_48h,0,Optimization terminated successfully. (HiGHS Status 7: Optimal),74023.05953558978,74023.05953558977,-1.4551915228366852e-11,5.4569682106375694e-12,0,0,288,1,3412.357362179485,6000.0,0.010566400000243448,2025-08-29,2025-08-01,2025-08-28,2025-08-29
2025-08-30,stochastic_24h,0,Optimization terminated successfully. (HiGHS Status 7: Optimal),26695.325643303095,26695.32564330308,-1.4551915228366852e-11,2.7284841053187847e-12,0,0,144,28,5999.999999999999,6000.0,0.03146170001127757,2025-08-29,2025-08-01,2025-08-28,2025-08-29
2025-08-31,stochastic_48h,0,Optimization terminated successfully. (HiGHS Status 7: Optimal),108146.89654106338,108146.89654106338,0.0,7.275957614183426e-12,0,0,288,28,8550.000000000004,6000.0,0.08062609999615233,2025-08-30,2025-08-02,2025-08-29,2025-08-30
2025-08-31,deterministic_48h,0,Optimization terminated successfully. (HiGHS Status 7: Optimal),93949.07367108807,93949.07367108806,-1.4551915228366852e-11,6.366462912410498e-12,0,0,288,1,8550.000000000004,6000.0,0.012724600004730746,2025-08-30,2025-08-02,2025-08-29,2025-08-30
2025-08-31,stochastic_24h,0,Optimization terminated successfully. (HiGHS Status 7: Optimal),54300.64232070827,54300.64232070836,8.731149137020111e-11,4.547473508864641e-12,0,0,144,28,6000.000000000002,6000.0,0.03859910000755917,2025-08-30,2025-08-02,2025-08-29,2025-08-30
2025-09-01,stochastic_48h,0,Optimization terminated successfully. (HiGHS Status 7: Optimal),107112.73857013327,107112.73857013308,-1.8917489796876907e-10,7.275957614183426e-12,0,0,288,28,8550.000000000004,6000.0,0.07553450000705197,2025-08-31,2025-08-03,2025-08-30,2025-08-31
2025-09-01,deterministic_48h,0,Optimization terminated successfully. (HiGHS Status 7: Optimal),93036.26553505879,93036.26553505879,0.0,5.4569682106375694e-12,0,0,288,1,8550.000000000004,6000.0,0.010791900000185706,2025-08-31,2025-08-03,2025-08-30,2025-08-31
2025-09-01,stochastic_24h,0,Optimization terminated successfully. (HiGHS Status 7: Optimal),53990.48677667149,53990.486776671554,6.548361852765083e-11,3.637978807091713e-12,0,0,144,28,5999.999999999997,6000.0,0.04129420001117978,2025-08-31,2025-08-03,2025-08-30,2025-08-31
2025-09-02,stochastic_48h,0,Optimization terminated successfully. (HiGHS Status 7: Optimal),105626.03492975235,105626.03492975215,-2.0372681319713593e-10,5.4569682106375694e-12,0,0,288,28,8550.000000000004,6000.0,0.08446529999491759,2025-09-01,2025-08-04,2025-08-31,2025-09-01
2025-09-02,deterministic_48h,0,Optimization terminated successfully. (HiGHS Status 7: Optimal),91843.87414965282,91843.87414965284,1.4551915228366852e-11,4.547473508864641e-12,0,0,288,1,8550.000000000004,6000.0,0.011127200006740168,2025-09-01,2025-08-04,2025-08-31,2025-09-01
2025-09-02,stochastic_24h,0,Optimization terminated successfully. (HiGHS Status 7: Optimal),53144.94350774621,53144.94350774632,1.0913936421275139e-10,4.547473508864641e-12,0,0,144,28,5999.999999999999,6000.0,0.038298900006338954,2025-09-01,2025-08-04,2025-08-31,2025-09-01
2025-09-03,stochastic_48h,0,Optimization terminated successfully. (HiGHS Status 7: Optimal),104802.41847077441,104802.4184707742,-2.1827872842550278e-10,7.275957614183426e-12,0,0,288,28,8550.0,6000.0,0.07792870000412222,2025-09-02,2025-08-05,2025-09-01,2025-09-02
2025-09-03,deterministic_48h,0,Optimization terminated successfully. (HiGHS Status 7: Optimal),91069.20248452917,91069.20248452915,-2.9103830456733704e-11,7.275957614183426e-12,0,0,288,1,8550.000000000004,6000.0,0.011935299990000203,2025-09-02,2025-08-05,2025-09-01,2025-09-02
2025-09-03,stochastic_24h,0,Optimization terminated successfully. (HiGHS Status 7: Optimal),52646.3867494753,52646.386749475394,9.458744898438454e-11,4.547473508864641e-12,0,0,144,28,5999.999999999997,6000.0,0.03716419999545906,2025-09-02,2025-08-05,2025-09-01,2025-09-02
2025-09-04,stochastic_48h,0,Optimization terminated successfully. (HiGHS Status 7: Optimal),78448.86513830733,78448.86513830698,-3.4924596548080444e-10,7.275957614183426e-12,0,0,288,28,8549.999999999995,6000.0,0.0694909000012558,2025-09-03,2025-08-06,2025-09-02,2025-09-03
2025-09-04,deterministic_48h,0,Optimization terminated successfully. (HiGHS Status 7: Optimal),69548.47145446346,69548.47145446348,1.4551915228366852e-11,6.366462912410498e-12,0,0,288,1,8549.999999999996,6000.0,0.010827700010850094,2025-09-03,2025-08-06,2025-09-02,2025-09-03
2025-09-04,stochastic_24h,0,Optimization terminated successfully. (HiGHS Status 7: Optimal),53343.24405090583,53343.244050905894,6.548361852765083e-11,3.637978807091713e-12,0,0,144,28,5999.999999999997,6000.0,0.03810190000513103,2025-09-03,2025-08-06,2025-09-02,2025-09-03
2025-09-05,stochastic_48h,0,Optimization terminated successfully. (HiGHS Status 7: Optimal),53627.80654237264,53627.80654237267,3.637978807091713e-11,5.4569682106375694e-12,0,0,288,28,4197.879807183549,6000.0,0.06562419999681879,2025-09-04,2025-08-07,2025-09-03,2025-09-04
2025-09-05,deterministic_48h,0,Optimization terminated successfully. (HiGHS Status 7: Optimal),49475.97489517528,49475.97489517531,3.637978807091713e-11,3.637978807091713e-12,0,0,288,1,3684.22849346764,6000.0,0.012910899997223169,2025-09-04,2025-08-07,2025-09-03,2025-09-04
2025-09-05,stochastic_24h,0,Optimization terminated successfully. (HiGHS Status 7: Optimal),26427.12815190301,26427.128151903,-7.275957614183426e-12,1.8189894035458565e-12,0,0,144,28,5999.999999999999,6000.0,0.030667800005176105,2025-09-04,2025-08-07,2025-09-03,2025-09-04
2025-09-06,stochastic_48h,0,Optimization terminated successfully. (HiGHS Status 7: Optimal),79787.0383758318,79787.03837583147,-3.346940502524376e-10,5.4569682106375694e-12,0,0,288,28,4054.515748361826,6000.0,0.06989709999470506,2025-09-05,2025-08-08,2025-09-04,2025-09-05
2025-09-06,deterministic_48h,0,Optimization terminated successfully. (HiGHS Status 7: Optimal),71260.39127968083,71260.39127968089,5.820766091346741e-11,7.275957614183426e-12,0,0,288,1,3563.3520618335365,6000.0,0.010973500000545755,2025-09-05,2025-08-08,2025-09-04,2025-09-05
2025-09-06,stochastic_24h,0,Optimization terminated successfully. (HiGHS Status 7: Optimal),26354.186349250835,26354.186349250806,-2.9103830456733704e-11,1.8189894035458565e-12,0,0,144,28,6000.000000000002,6000.0,0.0332493999885628,2025-09-05,2025-08-08,2025-09-04,2025-09-05
2025-09-07,stochastic_48h,0,Optimization terminated successfully. (HiGHS Status 7: Optimal),100630.46166641849,100630.46166641818,-3.055902197957039e-10,5.6843418860808015e-12,0,0,288,28,8550.000000000004,6000.0,0.08234989999618847,2025-09-06,2025-08-09,2025-09-05,2025-09-06
2025-09-07,deterministic_48h,0,Optimization terminated successfully. (HiGHS Status 7: Optimal),87885.18030474038,87885.18030474038,0.0,3.637978807091713e-12,0,0,288,1,8550.000000000007,6000.0,0.009401700008311309,2025-09-06,2025-08-09,2025-09-05,2025-09-06
2025-09-07,stochastic_24h,0,Optimization terminated successfully. (HiGHS Status 7: Optimal),51844.70587920278,51844.705879202906,1.2369127944111824e-10,1.8189894035458565e-12,0,0,144,28,6000.000000000001,6000.0,0.03730039999936707,2025-09-06,2025-08-09,2025-09-05,2025-09-06
2025-09-08,stochastic_48h,0,Optimization terminated successfully. (HiGHS Status 7: Optimal),97454.54500797746,97454.5450079772,-2.6193447411060333e-10,1.0913936421275139e-11,0,0,288,28,8550.000000000004,6000.0,0.07813770000939257,2025-09-07,2025-08-10,2025-09-06,2025-09-07
2025-09-08,deterministic_48h,0,Optimization terminated successfully. (HiGHS Status 7: Optimal),85206.02474773124,85206.02474773122,-1.4551915228366852e-11,3.637978807091713e-12,0,0,288,1,8550.0,6000.0,0.009919199990690686,2025-09-07,2025-08-10,2025-09-06,2025-09-07
2025-09-08,stochastic_24h,0,Optimization terminated successfully. (HiGHS Status 7: Optimal),49185.05515092004,49185.05515092022,1.8189894035458565e-10,3.637978807091713e-12,0,0,144,28,6000.000000000002,6000.0,0.03539689999888651,2025-09-07,2025-08-10,2025-09-06,2025-09-07
2025-09-09,stochastic_48h,0,Optimization terminated successfully. (HiGHS Status 7: Optimal),99466.93711503752,99466.9371150372,-3.2014213502407074e-10,1.6370904631912708e-11,0,0,288,28,8550.000000000007,6000.0,0.07400920000509359,2025-09-08,2025-08-11,2025-09-07,2025-09-08
2025-09-09,deterministic_48h,0,Optimization terminated successfully. (HiGHS Status 7: Optimal),87465.5095078528,87465.50950785277,-2.9103830456733704e-11,5.4569682106375694e-12,0,0,288,1,8550.0,6000.0,0.012512000001152046,2025-09-08,2025-08-11,2025-09-07,2025-09-08
2025-09-09,stochastic_24h,0,Optimization terminated successfully. (HiGHS Status 7: Optimal),50179.85988924192,50179.85988924204,1.2369127944111824e-10,7.275957614183426e-12,0,0,144,28,6000.000000000004,6000.0,0.03502989999833517,2025-09-08,2025-08-11,2025-09-07,2025-09-08
2025-09-10,stochastic_48h,0,Optimization terminated successfully. (HiGHS Status 7: Optimal),98045.36365229002,98045.36365228968,-3.346940502524376e-10,1.2732925824820995e-11,0,0,288,28,8550.000000000011,6000.0,0.08104150000144728,2025-09-09,2025-08-12,2025-09-08,2025-09-09
2025-09-10,deterministic_48h,0,Optimization terminated successfully. (HiGHS Status 7: Optimal),86789.5616774477,86789.56167744768,-1.4551915228366852e-11,3.637978807091713e-12,0,0,288,1,8550.0,6000.0,0.00992979999864474,2025-09-09,2025-08-12,2025-09-08,2025-09-09
2025-09-10,stochastic_24h,0,Optimization terminated successfully. (HiGHS Status 7: Optimal),49620.220296643805,49620.220296643965,1.6007106751203537e-10,3.637978807091713e-12,0,0,144,28,6000.000000000006,6000.0,0.03637140001228545,2025-09-09,2025-08-12,2025-09-08,2025-09-09
2025-09-11,stochastic_48h,0,Optimization terminated successfully. (HiGHS Status 7: Optimal),73809.66145258777,73809.66145258774,-2.9103830456733704e-11,1.2960299500264227e-11,0,0,288,28,8550.000000000011,6000.0,0.06511679998948239,2025-09-10,2025-08-13,2025-09-09,2025-09-10
2025-09-11,deterministic_48h,0,Optimization terminated successfully. (HiGHS Status 7: Optimal),66502.07635278488,66502.0763527849,2.9103830456733704e-11,5.4569682106375694e-12,0,0,288,1,8549.999999999996,6000.0,0.010009499994339421,2025-09-10,2025-08-13,2025-09-09,2025-09-10
2025-09-11,stochastic_24h,0,Optimization terminated successfully. (HiGHS Status 7: Optimal),50569.4436347014,50569.44363470149,9.458744898438454e-11,3.637978807091713e-12,0,0,144,28,6000.000000000002,6000.0,0.038108299995656125,2025-09-10,2025-08-13,2025-09-09,2025-09-10
2025-09-12,stochastic_48h,0,Optimization terminated successfully. (HiGHS Status 7: Optimal),49653.02240385083,49653.02240385093,1.0186340659856796e-10,3.637978807091713e-12,0,0,288,28,4291.702431267816,6000.0,0.06298830000741873,2025-09-11,2025-08-14,2025-09-10,2025-09-11
2025-09-12,deterministic_48h,0,Optimization terminated successfully. (HiGHS Status 7: Optimal),46353.69782730591,46353.69782730591,0.0,5.4569682106375694e-12,0,0,288,1,3793.2611646214864,6000.0,0.011261699997703545,2025-09-11,2025-08-14,2025-09-10,2025-09-11
2025-09-12,stochastic_24h,0,Optimization terminated successfully. (HiGHS Status 7: Optimal),24486.197360651546,24486.19736065156,1.4551915228366852e-11,3.637978807091713e-12,0,0,144,28,5999.999999999998,6000.0,0.03045439999550581,2025-09-11,2025-08-14,2025-09-10,2025-09-11
2025-09-13,stochastic_48h,0,Optimization terminated successfully. (HiGHS Status 7: Optimal),76428.45265566053,76428.45265566024,-2.9103830456733704e-10,5.4569682106375694e-12,0,0,288,28,4168.916929049656,6000.0,0.0732412000070326,2025-09-12,2025-08-15,2025-09-11,2025-09-12
2025-09-13,deterministic_48h,0,Optimization terminated successfully. (HiGHS Status 7: Optimal),69547.05131359292,69547.05131359294,1.4551915228366852e-11,3.637978807091713e-12,0,0,288,1,3727.7903177960966,6000.0,0.009090799998375587,2025-09-12,2025-08-15,2025-09-11,2025-09-12
2025-09-13,stochastic_24h,0,Optimization terminated successfully. (HiGHS Status 7: Optimal),24694.725124118264,24694.725124118275,1.0913936421275139e-11,1.8189894035458565e-12,0,0,144,28,6000.0,6000.0,0.03284489999350626,2025-09-12,2025-08-15,2025-09-11,2025-09-12
2025-09-14,stochastic_48h,0,Optimization terminated successfully. (HiGHS Status 7: Optimal),97179.79707048403,97179.79707048391,-1.1641532182693481e-10,7.275957614183426e-12,0,0,288,28,8550.000000000004,6000.0,0.07852730000740848,2025-09-13,2025-08-16,2025-09-12,2025-09-13
2025-09-14,deterministic_48h,0,Optimization terminated successfully. (HiGHS Status 7: Optimal),86756.20122323945,86756.20122323945,0.0,4.774847184307873e-12,0,0,288,1,8550.0,6000.0,0.010695799996028654,2025-09-13,2025-08-16,2025-09-12,2025-09-13
2025-09-14,stochastic_24h,0,Optimization terminated successfully. (HiGHS Status 7: Optimal),50237.23954849495,50237.23954849503,8.003553375601768e-11,2.7284841053187847e-12,0,0,144,28,6000.000000000002,6000.0,0.039445999995223247,2025-09-13,2025-08-16,2025-09-12,2025-09-13
2025-09-15,stochastic_48h,0,Optimization terminated successfully. (HiGHS Status 7: Optimal),96359.72226824575,96359.72226824588,1.3096723705530167e-10,5.4569682106375694e-12,0,0,288,28,8550.000000000004,6000.0,0.08316300000296906,2025-09-14,2025-08-17,2025-09-13,2025-09-14
2025-09-15,deterministic_48h,0,Optimization terminated successfully. (HiGHS Status 7: Optimal),86005.05946674076,86005.05946674074,-1.4551915228366852e-11,9.094947017729282e-12,0,0,288,1,8549.999999999998,6000.0,0.012429599999450147,2025-09-14,2025-08-17,2025-09-13,2025-09-14
2025-09-15,stochastic_24h,0,Optimization terminated successfully. (HiGHS Status 7: Optimal),48652.06549253317,48652.065492533235,6.548361852765083e-11,3.637978807091713e-12,0,0,144,28,6000.0,6000.0,0.039878700001281686,2025-09-14,2025-08-17,2025-09-13,2025-09-14
2025-09-16,stochastic_48h,0,Optimization terminated successfully. (HiGHS Status 7: Optimal),95711.96947591593,95711.96947591599,5.820766091346741e-11,3.637978807091713e-12,0,0,288,28,8550.000000000004,6000.0,0.08411730000807438,2025-09-15,2025-08-18,2025-09-14,2025-09-15
2025-09-16,deterministic_48h,0,Optimization terminated successfully. (HiGHS Status 7: Optimal),85604.56685368188,85604.56685368186,-2.9103830456733704e-11,1.0913936421275139e-11,0,0,288,1,8549.99999999999,6000.0,0.0104356999945594,2025-09-15,2025-08-18,2025-09-14,2025-09-15
2025-09-16,stochastic_24h,0,Optimization terminated successfully. (HiGHS Status 7: Optimal),48460.63651323779,48460.63651323787,8.003553375601768e-11,3.637978807091713e-12,0,0,144,28,6000.000000000002,6000.0,0.03904150000016671,2025-09-15,2025-08-18,2025-09-14,2025-09-15
2025-09-17,stochastic_48h,0,Optimization terminated successfully. (HiGHS Status 7: Optimal),95896.50237131103,95896.50237131104,1.4551915228366852e-11,7.275957614183426e-12,0,0,288,28,8549.999999999996,6000.0,0.08146960000158288,2025-09-16,2025-08-19,2025-09-15,2025-09-16
2025-09-17,deterministic_48h,0,Optimization terminated successfully. (HiGHS Status 7: Optimal),86037.66573564436,86037.66573564438,1.4551915228366852e-11,1.0913936421275139e-11,0,0,288,1,8549.999999999993,6000.0,0.009448700002394617,2025-09-16,2025-08-19,2025-09-15,2025-09-16
2025-09-17,stochastic_24h,0,Optimization terminated successfully. (HiGHS Status 7: Optimal),48438.798157472986,48438.79815747306,7.275957614183426e-11,3.637978807091713e-12,0,0,144,28,5999.999999999999,6000.0,0.040196000001742505,2025-09-16,2025-08-19,2025-09-15,2025-09-16
2025-09-18,stochastic_48h,0,Optimization terminated successfully. (HiGHS Status 7: Optimal),70254.02328309102,70254.02328309073,-2.9103830456733704e-10,7.275957614183426e-12,0,0,288,28,8549.999999999996,6000.0,0.07257629999367055,2025-09-17,2025-08-20,2025-09-16,2025-09-17
2025-09-18,deterministic_48h,0,Optimization terminated successfully. (HiGHS Status 7: Optimal),64259.08543591299,64259.08543591295,-3.637978807091713e-11,1.4551915228366852e-11,0,0,288,1,8549.999999999989,6000.0,0.011240799998631701,2025-09-17,2025-08-20,2025-09-16,2025-09-17
2025-09-18,stochastic_24h,0,Optimization terminated successfully. (HiGHS Status 7: Optimal),49014.03538967054,49014.03538967052,-2.1827872842550278e-11,1.8189894035458565e-12,0,0,144,28,5999.999999999998,6000.0,0.03847759999916889,2025-09-17,2025-08-20,2025-09-16,2025-09-17
2025-09-19,stochastic_48h,0,Optimization terminated successfully. (HiGHS Status 7: Optimal),45525.94998611536,45525.9499861154,4.3655745685100555e-11,3.637978807091713e-12,0,0,288,28,4646.417739041508,6000.0,0.06325859999924432,2025-09-18,2025-08-21,2025-09-17,2025-09-18
2025-09-19,deterministic_48h,0,Optimization terminated successfully. (HiGHS Status 7: Optimal),43586.88718097112,43586.88718097113,7.275957614183426e-12,3.637978807091713e-12,0,0,288,1,4362.698100559612,6000.0,0.00987800001166761,2025-09-18,2025-08-21,2025-09-17,2025-09-18
2025-09-19,stochastic_24h,0,Optimization terminated successfully. (HiGHS Status 7: Optimal),22500.110227230693,22500.110227230707,1.4551915228366852e-11,3.637978807091713e-12,0,0,144,28,5999.999999999999,6000.0,0.029715199998463504,2025-09-18,2025-08-21,2025-09-17,2025-09-18
2025-09-20,stochastic_48h,0,Optimization terminated successfully. (HiGHS Status 7: Optimal),72070.25253692482,72070.25253692492,1.0186340659856796e-10,5.4569682106375694e-12,0,0,288,28,4557.044975264549,6000.0,0.07231790000514593,2025-09-19,2025-08-22,2025-09-18,2025-09-19
2025-09-20,deterministic_48h,0,Optimization terminated successfully. (HiGHS Status 7: Optimal),67325.65059785472,67325.65059785469,-2.9103830456733704e-11,6.59383658785373e-12,0,0,288,1,4274.722268793244,6000.0,0.008998699995572679,2025-09-19,2025-08-22,2025-09-18,2025-09-19
2025-09-20,stochastic_24h,0,Optimization terminated successfully. (HiGHS Status 7: Optimal),22474.032197784556,22474.032197784538,-1.8189894035458565e-11,1.8189894035458565e-12,0,0,144,28,5999.999999999997,6000.0,0.03479290001268964,2025-09-19,2025-08-22,2025-09-18,2025-09-19
2025-09-21,stochastic_48h,0,Optimization terminated successfully. (HiGHS Status 7: Optimal),94673.55975083415,94673.55975083425,1.0186340659856796e-10,3.637978807091713e-12,0,0,288,28,8550.0,6000.0,0.08359979999659117,2025-09-20,2025-08-23,2025-09-19,2025-09-20
2025-09-21,deterministic_48h,0,Optimization terminated successfully. (HiGHS Status 7: Optimal),87048.41514339871,87048.41514339871,0.0,3.637978807091713e-12,0,0,288,1,8550.000000000004,6000.0,0.010451299996930175,2025-09-20,2025-08-23,2025-09-19,2025-09-20
2025-09-21,stochastic_24h,0,Optimization terminated successfully. (HiGHS Status 7: Optimal),49055.44211001504,49055.44211001502,-2.1827872842550278e-11,3.637978807091713e-12,0,0,144,28,6000.000000000002,6000.0,0.036909600006765686,2025-09-20,2025-08-23,2025-09-19,2025-09-20
2025-09-22,stochastic_48h,0,Optimization terminated successfully. (HiGHS Status 7: Optimal),91248.89082248672,91248.89082248663,-8.731149137020111e-11,5.9117155615240335e-12,0,0,288,28,8550.000000000002,6000.0,0.08098889999382664,2025-09-21,2025-08-24,2025-09-20,2025-09-21
2025-09-22,deterministic_48h,0,Optimization terminated successfully. (HiGHS Status 7: Optimal),84185.25858954027,84185.2585895402,-7.275957614183426e-11,5.4569682106375694e-12,0,0,288,1,8549.999999999998,6000.0,0.011464700000942685,2025-09-21,2025-08-24,2025-09-20,2025-09-21
2025-09-22,stochastic_24h,0,Optimization terminated successfully. (HiGHS Status 7: Optimal),46097.60697127715,46097.60697127714,-7.275957614183426e-12,1.8189894035458565e-12,0,0,144,28,6000.000000000001,6000.0,0.03689499999745749,2025-09-21,2025-08-24,2025-09-20,2025-09-21
2025-09-23,stochastic_48h,0,Optimization terminated successfully. (HiGHS Status 7: Optimal),91492.92453147609,91492.92453147628,1.8917489796876907e-10,8.185452315956354e-12,0,0,288,28,8550.000000000004,6000.0,0.07935679999354761,2025-09-22,2025-08-25,2025-09-21,2025-09-22
2025-09-23,deterministic_48h,0,Optimization terminated successfully. (HiGHS Status 7: Optimal),85073.28531756306,85073.28531756304,-1.4551915228366852e-11,3.637978807091713e-12,0,0,288,1,8550.0,6000.0,0.010395699995569885,2025-09-22,2025-08-25,2025-09-21,2025-09-22
2025-09-23,stochastic_24h,0,Optimization terminated successfully. (HiGHS Status 7: Optimal),46502.36013053282,46502.36013053275,-7.275957614183426e-11,3.637978807091713e-12,0,0,144,28,6000.000000000002,6000.0,0.039203100008307956,2025-09-22,2025-08-25,2025-09-21,2025-09-22
2025-09-24,stochastic_48h,0,Optimization terminated successfully. (HiGHS Status 7: Optimal),91210.51092931692,91210.51092931698,5.820766091346741e-11,9.094947017729282e-12,0,0,288,28,8550.000000000005,6000.0,0.08860679999634158,2025-09-23,2025-08-26,2025-09-22,2025-09-23
2025-09-24,deterministic_48h,0,Optimization terminated successfully. (HiGHS Status 7: Optimal),85169.64458698868,85169.64458698865,-2.9103830456733704e-11,7.275957614183426e-12,0,0,288,1,8550.000000000004,6000.0,0.010767700005089864,2025-09-23,2025-08-26,2025-09-22,2025-09-23
2025-09-24,stochastic_24h,0,Optimization terminated successfully. (HiGHS Status 7: Optimal),45983.36757406409,45983.367574064156,6.548361852765083e-11,1.8189894035458565e-12,0,0,144,28,6000.000000000002,6000.0,0.039552000002004206,2025-09-23,2025-08-26,2025-09-22,2025-09-23
2025-09-25,stochastic_48h,0,Optimization terminated successfully. (HiGHS Status 7: Optimal),65104.13673784166,65104.13673784163,-2.9103830456733704e-11,1.1823431123048067e-11,0,0,288,28,8550.000000000007,6000.0,0.07175489999644924,2025-09-24,2025-08-27,2025-09-23,2025-09-24
2025-09-25,deterministic_48h,0,Optimization terminated successfully. (HiGHS Status 7: Optimal),62261.50976834203,62261.50976834203,0.0,7.275957614183426e-12,0,0,288,1,8550.000000000004,6000.0,0.010739499994087964,2025-09-24,2025-08-27,2025-09-23,2025-09-24
2025-09-25,stochastic_24h,0,Optimization terminated successfully. (HiGHS Status 7: Optimal),46777.87291701732,46777.872917017296,-2.1827872842550278e-11,3.637978807091713e-12,0,0,144,28,6000.0,6000.0,0.03833890000532847,2025-09-24,2025-08-27,2025-09-23,2025-09-24
2025-09-26,stochastic_48h,0,Optimization terminated successfully. (HiGHS Status 7: Optimal),39766.14351791941,39766.14351791935,-5.820766091346741e-11,9.549694368615746e-12,0,0,288,28,4848.288648534808,6000.0,0.06401630000618752,2025-09-25,2025-08-28,2025-09-24,2025-09-25
2025-09-26,deterministic_48h,0,Optimization terminated successfully. (HiGHS Status 7: Optimal),40403.29667082047,40403.29667082048,7.275957614183426e-12,4.547473508864641e-12,0,0,288,1,4495.8837749084205,6000.0,0.01149940000323113,2025-09-25,2025-08-28,2025-09-24,2025-09-25
2025-09-26,stochastic_24h,0,Optimization terminated successfully. (HiGHS Status 7: Optimal),19620.149657685673,19620.14965768563,-4.3655745685100555e-11,6.821210263296962e-12,0,0,144,28,6000.000000000004,6000.0,0.03130679999594577,2025-09-25,2025-08-28,2025-09-24,2025-09-25
2025-09-27,stochastic_48h,0,Optimization terminated successfully. (HiGHS Status 7: Optimal),66998.43802720266,66998.43802720263,-2.9103830456733704e-11,3.637978807091713e-12,0,0,288,28,4699.685538349622,6000.0,0.07595949999813456,2025-09-26,2025-08-29,2025-09-25,2025-09-26
2025-09-27,deterministic_48h,0,Optimization terminated successfully. (HiGHS Status 7: Optimal),65124.03605264784,65124.03605264784,0.0,3.637978807091713e-12,0,0,288,1,4361.535964926738,6000.0,0.011914300004718825,2025-09-26,2025-08-29,2025-09-25,2025-09-26
2025-09-27,stochastic_24h,0,Optimization terminated successfully. (HiGHS Status 7: Optimal),19744.015580162242,19744.01558016223,-1.0913936421275139e-11,2.7284841053187847e-12,0,0,144,28,6000.000000000006,6000.0,0.03174000000581145,2025-09-26,2025-08-29,2025-09-25,2025-09-26
2025-09-28,stochastic_48h,0,Optimization terminated successfully. (HiGHS Status 7: Optimal),89514.05482562883,89514.0548256288,-2.9103830456733704e-11,2.0463630789890885e-12,0,0,288,28,8549.999999999998,6000.0,0.08719140000175685,2025-09-27,2025-08-30,2025-09-26,2025-09-27
2025-09-28,deterministic_48h,0,Optimization terminated successfully. (HiGHS Status 7: Optimal),84979.0915091989,84979.09150919892,1.4551915228366852e-11,4.547473508864641e-12,0,0,288,1,8549.999999999998,6000.0,0.011282199993729591,2025-09-27,2025-08-30,2025-09-26,2025-09-27
2025-09-28,stochastic_24h,0,Optimization terminated successfully. (HiGHS Status 7: Optimal),46396.752850592435,46396.752850592406,-2.9103830456733704e-11,4.547473508864641e-12,0,0,144,28,5999.999999999997,6000.0,0.042352199991000816,2025-09-27,2025-08-30,2025-09-26,2025-09-27
2025-09-29,stochastic_48h,0,Optimization terminated successfully. (HiGHS Status 7: Optimal),88761.07612049165,88761.07612049174,8.731149137020111e-11,9.094947017729282e-12,0,0,288,28,8550.000000000002,6000.0,0.09232980001252145,2025-09-28,2025-08-31,2025-09-27,2025-09-28
2025-09-29,deterministic_48h,0,Optimization terminated successfully. (HiGHS Status 7: Optimal),84189.59593302092,84189.59593302093,1.4551915228366852e-11,8.185452315956354e-12,0,0,288,1,8549.999999999998,6000.0,0.012162599989096634,2025-09-28,2025-08-31,2025-09-27,2025-09-28
2025-09-29,stochastic_24h,0,Optimization terminated successfully. (HiGHS Status 7: Optimal),44728.005653074964,44728.00565307495,-1.4551915228366852e-11,4.547473508864641e-12,0,0,144,28,6000.000000000005,6000.0,0.03964490001089871,2025-09-28,2025-08-31,2025-09-27,2025-09-28
2025-09-30,stochastic_48h,0,Optimization terminated successfully. (HiGHS Status 7: Optimal),88590.78265345743,88590.78265345737,-5.820766091346741e-11,8.185452315956354e-12,0,0,288,28,8550.000000000005,6000.0,0.08597929999814369,2025-09-29,2025-09-01,2025-09-28,2025-09-29
2025-09-30,deterministic_48h,0,Optimization terminated successfully. (HiGHS Status 7: Optimal),83771.98443834926,83771.98443834926,0.0,7.275957614183426e-12,0,0,288,1,8550.000000000004,6000.0,0.011933999994653277,2025-09-29,2025-09-01,2025-09-28,2025-09-29
2025-09-30,stochastic_24h,0,Optimization terminated successfully. (HiGHS Status 7: Optimal),44761.93672049623,44761.93672049624,7.275957614183426e-12,7.275957614183426e-12,0,0,144,28,6000.000000000005,6000.0,0.04017540000495501,2025-09-29,2025-09-01,2025-09-28,2025-09-29
2025-10-01,stochastic_48h,0,Optimization terminated successfully. (HiGHS Status 7: Optimal),90062.87185237397,90062.8718523739,-7.275957614183426e-11,7.275957614183426e-12,0,0,288,28,8550.000000000007,6000.0,0.08409000000392552,2025-09-30,2025-09-02,2025-09-29,2025-09-30
2025-10-01,deterministic_48h,0,Optimization terminated successfully. (HiGHS Status 7: Optimal),84390.21559542142,84390.21559542141,-1.4551915228366852e-11,5.6843418860808015e-12,0,0,288,1,8549.999999999998,6000.0,0.009624800004530698,2025-09-30,2025-09-02,2025-09-29,2025-09-30
2025-10-01,stochastic_24h,0,Optimization terminated successfully. (HiGHS Status 7: Optimal),45371.63465292722,45371.6346529272,-2.1827872842550278e-11,3.637978807091713e-12,0,0,144,28,6000.000000000007,6000.0,0.042288500000722706,2025-09-30,2025-09-02,2025-09-29,2025-09-30
2025-10-02,stochastic_48h,0,Optimization terminated successfully. (HiGHS Status 7: Optimal),61010.37954488021,61010.379544880314,1.0186340659856796e-10,1.0231815394945443e-11,0,0,288,28,8550.000000000002,6000.0,0.07279619999462739,2025-10-01,2025-09-03,2025-09-30,2025-10-01
2025-10-02,deterministic_48h,0,Optimization terminated successfully. (HiGHS Status 7: Optimal),58055.376617450915,58055.37661745092,7.275957614183426e-12,5.4569682106375694e-12,0,0,288,1,8549.999999999995,6000.0,0.01026909999200143,2025-10-01,2025-09-03,2025-09-30,2025-10-01
2025-10-02,stochastic_24h,0,Optimization terminated successfully. (HiGHS Status 7: Optimal),44039.990740118235,44039.990740118315,8.003553375601768e-11,5.4569682106375694e-12,0,0,144,28,5999.999999999998,6000.0,0.041427100004511885,2025-10-01,2025-09-03,2025-09-30,2025-10-01
2025-10-03,stochastic_48h,0,Optimization terminated successfully. (HiGHS Status 7: Optimal),36652.75249085275,36652.75249085277,2.1827872842550278e-11,5.4569682106375694e-12,0,0,288,28,4962.175115181121,6000.0,0.06445469999744091,2025-10-02,2025-09-04,2025-10-01,2025-10-02
2025-10-03,deterministic_48h,0,Optimization terminated successfully. (HiGHS Status 7: Optimal),36767.38875206396,36767.38875206397,7.275957614183426e-12,7.275957614183426e-12,0,0,288,1,4603.3348009361,6000.0,0.00958610000088811,2025-10-02,2025-09-04,2025-10-01,2025-10-02
2025-10-03,stochastic_24h,0,Optimization terminated successfully. (HiGHS Status 7: Optimal),17977.09638580147,17977.096385801502,3.2741809263825417e-11,2.7284841053187847e-12,0,0,144,28,6000.000000000004,6000.0,0.032538400002522394,2025-10-02,2025-09-04,2025-10-01,2025-10-02
2025-10-04,stochastic_48h,0,Optimization terminated successfully. (HiGHS Status 7: Optimal),60769.54238968783,60769.54238968782,-7.275957614183426e-12,3.637978807091713e-12,0,0,288,28,4863.198180891328,6000.0,0.07559340000443626,2025-10-03,2025-09-05,2025-10-02,2025-10-03
2025-10-04,deterministic_48h,0,Optimization terminated successfully. (HiGHS Status 7: Optimal),57979.08707309525,57979.08707309524,-1.4551915228366852e-11,3.637978807091713e-12,0,0,288,1,4532.815174511601,6000.0,0.011757400003261864,2025-10-03,2025-09-05,2025-10-02,2025-10-03
2025-10-04,stochastic_24h,0,Optimization terminated successfully. (HiGHS Status 7: Optimal),18201.401708251014,18201.401708251055,4.001776687800884e-11,3.637978807091713e-12,0,0,144,28,6000.0,6000.0,0.030627399988588877,2025-10-03,2025-09-05,2025-10-02,2025-10-03
2025-10-05,stochastic_48h,0,Optimization terminated successfully. (HiGHS Status 7: Optimal),84157.84767574957,84157.84767574961,4.3655745685100555e-11,6.366462912410498e-12,0,0,288,28,8550.000000000002,6000.0,0.08556150000367779,2025-10-04,2025-09-06,2025-10-03,2025-10-04
2025-10-05,deterministic_48h,0,Optimization terminated successfully. (HiGHS Status 7: Optimal),78183.11408039632,78183.1140803964,7.275957614183426e-11,3.637978807091713e-12,0,0,288,1,8550.0,6000.0,0.01188920000276994,2025-10-04,2025-09-06,2025-10-03,2025-10-04
2025-10-05,stochastic_24h,0,Optimization terminated successfully. (HiGHS Status 7: Optimal),42615.25345570172,42615.25345570178,5.820766091346741e-11,3.637978807091713e-12,0,0,144,28,6000.000000000002,6000.0,0.04008189999149181,2025-10-04,2025-09-06,2025-10-03,2025-10-04
2025-10-06,stochastic_48h,0,Optimization terminated successfully. (HiGHS Status 7: Optimal),82919.05674783203,82919.05674783213,1.0186340659856796e-10,5.4569682106375694e-12,0,0,288,28,8549.999999999996,6000.0,0.08228390000294894,2025-10-05,2025-09-07,2025-10-04,2025-10-05
2025-10-06,deterministic_48h,0,Optimization terminated successfully. (HiGHS Status 7: Optimal),77099.90610657973,77099.90610657976,2.9103830456733704e-11,5.4569682106375694e-12,0,0,288,1,8550.0,6000.0,0.012183000013465062,2025-10-05,2025-09-07,2025-10-04,2025-10-05
2025-10-06,stochastic_24h,0,Optimization terminated successfully. (HiGHS Status 7: Optimal),42085.21350743563,42085.213507435634,7.275957614183426e-12,3.637978807091713e-12,0,0,144,28,5999.999999999996,6000.0,0.04095690000394825,2025-10-05,2025-09-07,2025-10-04,2025-10-05
2025-10-07,stochastic_48h,0,Optimization terminated successfully. (HiGHS Status 7: Optimal),81782.76008477731,81782.76008477763,3.2014213502407074e-10,5.4569682106375694e-12,0,0,288,28,8550.0,6000.0,0.08827999999630265,2025-10-06,2025-09-08,2025-10-05,2025-10-06
2025-10-07,deterministic_48h,0,Optimization terminated successfully. (HiGHS Status 7: Optimal),76085.42119103101,76085.421191031,-1.4551915228366852e-11,1.000444171950221e-11,0,0,288,1,8550.000000000005,6000.0,0.012560599992866628,2025-10-06,2025-09-08,2025-10-05,2025-10-06
2025-10-07,stochastic_24h,0,Optimization terminated successfully. (HiGHS Status 7: Optimal),42255.95841201539,42255.958412015374,-1.4551915228366852e-11,3.637978807091713e-12,0,0,144,28,6000.000000000001,6000.0,0.03882000000157859,2025-10-06,2025-09-08,2025-10-05,2025-10-06
2025-10-08,stochastic_48h,0,Optimization terminated successfully. (HiGHS Status 7: Optimal),81155.31077507422,81155.31077507438,1.6007106751203537e-10,7.275957614183426e-12,0,0,288,28,8549.999999999998,6000.0,0.08907319999707397,2025-10-07,2025-09-09,2025-10-06,2025-10-07
2025-10-08,deterministic_48h,0,Optimization terminated successfully. (HiGHS Status 7: Optimal),75406.36671876935,75406.36671876936,1.4551915228366852e-11,1.6370904631912708e-11,0,0,288,1,8550.000000000007,6000.0,0.011605699997744523,2025-10-07,2025-09-09,2025-10-06,2025-10-07
2025-10-08,stochastic_24h,0,Optimization terminated successfully. (HiGHS Status 7: Optimal),41257.306082158335,41257.30608215835,1.4551915228366852e-11,1.8189894035458565e-12,0,0,144,28,5999.999999999998,6000.0,0.03791529999580234,2025-10-07,2025-09-09,2025-10-06,2025-10-07
2025-10-09,stochastic_48h,0,Optimization terminated successfully. (HiGHS Status 7: Optimal),57407.66359895962,57407.66359895969,7.275957614183426e-11,5.4569682106375694e-12,0,0,288,28,8549.999999999996,6000.0,0.07255569999688305,2025-10-08,2025-09-10,2025-10-07,2025-10-08
2025-10-09,deterministic_48h,0,Optimization terminated successfully. (HiGHS Status 7: Optimal),54223.63840839557,54223.63840839556,-7.275957614183426e-12,1.546140993013978e-11,0,0,288,1,8550.000000000015,6000.0,0.012972500000614673,2025-10-08,2025-09-10,2025-10-07,2025-10-08
2025-10-09,stochastic_24h,0,Optimization terminated successfully. (HiGHS Status 7: Optimal),41266.81215664385,41266.81215664388,2.9103830456733704e-11,5.6843418860808015e-12,0,0,144,28,6000.000000000002,6000.0,0.043573999995714985,2025-10-08,2025-09-10,2025-10-07,2025-10-08
2025-10-10,stochastic_48h,0,Optimization terminated successfully. (HiGHS Status 7: Optimal),35765.52927208563,35765.5292720857,7.275957614183426e-11,7.275957614183426e-12,0,0,288,28,5011.15989183964,6000.0,0.06353359999775421,2025-10-09,2025-09-11,2025-10-08,2025-10-09
2025-10-10,deterministic_48h,0,Optimization terminated successfully. (HiGHS Status 7: Optimal),35397.66426741322,35397.664267413216,-7.275957614183426e-12,6.366462912410498e-12,0,0,288,1,4615.30018781035,6000.0,0.010287200013408437,2025-10-09,2025-09-11,2025-10-08,2025-10-09
2025-10-10,stochastic_24h,0,Optimization terminated successfully. (HiGHS Status 7: Optimal),17496.00057467106,17496.000574671052,-7.275957614183426e-12,1.8189894035458565e-12,0,0,144,28,6000.0000000000055,6000.0,0.03478680000989698,2025-10-09,2025-09-11,2025-10-08,2025-10-09
2025-10-11,stochastic_48h,0,Optimization terminated successfully. (HiGHS Status 7: Optimal),59441.86634346858,59441.866343468646,6.548361852765083e-11,9.094947017729282e-12,0,0,288,28,5274.886749226703,6000.0,0.07654960000945721,2025-10-10,2025-09-12,2025-10-09,2025-10-10
2025-10-11,deterministic_48h,0,Optimization terminated successfully. (HiGHS Status 7: Optimal),56535.1701985541,56535.17019855407,-2.9103830456733704e-11,6.139089236967266e-12,0,0,288,1,4823.829074023199,6000.0,0.012163599996711127,2025-10-10,2025-09-12,2025-10-09,2025-10-10
2025-10-11,stochastic_24h,0,Optimization terminated successfully. (HiGHS Status 7: Optimal),17980.430610101448,17980.430610101455,7.275957614183426e-12,4.547473508864641e-12,0,0,144,28,6000.000000000001,6000.0,0.032908799999859184,2025-10-10,2025-09-12,2025-10-09,2025-10-10
2025-10-12,stochastic_48h,0,Optimization terminated successfully. (HiGHS Status 7: Optimal),83592.59650412748,83592.59650412765,1.7462298274040222e-10,1.6825651982799172e-11,0,0,288,28,8550.000000000007,6000.0,0.08550489999470301,2025-10-11,2025-09-13,2025-10-10,2025-10-11
2025-10-12,deterministic_48h,0,Optimization terminated successfully. (HiGHS Status 7: Optimal),77367.50947498328,77367.50947498328,0.0,1.1823431123048067e-11,0,0,288,1,8550.000000000004,6000.0,0.012201999998069368,2025-10-11,2025-09-13,2025-10-10,2025-10-11
2025-10-12,stochastic_24h,0,Optimization terminated successfully. (HiGHS Status 7: Optimal),42173.55026072497,42173.550260724995,2.1827872842550278e-11,5.6843418860808015e-12,0,0,144,28,6000.000000000005,6000.0,0.03879709998727776,2025-10-11,2025-09-13,2025-10-10,2025-10-11
2025-10-13,stochastic_48h,0,Optimization terminated successfully. (HiGHS Status 7: Optimal),85771.95101434733,85771.95101434737,4.3655745685100555e-11,1.318767317570746e-11,0,0,288,28,8550.000000000011,6000.0,0.09119300000020303,2025-10-12,2025-09-14,2025-10-11,2025-10-12
2025-10-13,deterministic_48h,0,Optimization terminated successfully. (HiGHS Status 7: Optimal),78956.30688601611,78956.30688601616,4.3655745685100555e-11,7.275957614183426e-12,0,0,288,1,8550.000000000007,6000.0,0.011227100010728464,2025-10-12,2025-09-14,2025-10-11,2025-10-12
2025-10-13,stochastic_24h,0,Optimization terminated successfully. (HiGHS Status 7: Optimal),43274.53134488493,43274.53134488488,-4.3655745685100555e-11,1.8189894035458565e-12,0,0,144,28,6000.0000000000055,6000.0,0.040675399999599904,2025-10-12,2025-09-14,2025-10-11,2025-10-12
2025-10-14,stochastic_48h,0,Optimization terminated successfully. (HiGHS Status 7: Optimal),85735.29711194876,85735.29711194908,3.2014213502407074e-10,2.000888343900442e-11,0,0,288,28,8550.000000000013,6000.0,0.08963760000187904,2025-10-13,2025-09-15,2025-10-12,2025-10-13
2025-10-14,deterministic_48h,0,Optimization terminated successfully. (HiGHS Status 7: Optimal),78649.26044727795,78649.26044727793,-1.4551915228366852e-11,5.4569682106375694e-12,0,0,288,1,8550.000000000004,6000.0,0.010946900001727045,2025-10-13,2025-09-15,2025-10-12,2025-10-13
2025-10-14,stochastic_24h,0,Optimization terminated successfully. (HiGHS Status 7: Optimal),43845.6048097665,43845.60480976646,-3.637978807091713e-11,5.4569682106375694e-12,0,0,144,28,6000.0,6000.0,0.043301499987137504,2025-10-13,2025-09-15,2025-10-12,2025-10-13
2025-10-15,stochastic_48h,0,Optimization terminated successfully. (HiGHS Status 7: Optimal),87809.85285381974,87809.85285382006,3.2014213502407074e-10,2.091837814077735e-11,0,0,288,28,8550.000000000016,6000.0,0.08264690000214614,2025-10-14,2025-09-16,2025-10-13,2025-10-14
2025-10-15,deterministic_48h,0,Optimization terminated successfully. (HiGHS Status 7: Optimal),80450.59171153499,80450.59171153499,0.0,3.637978807091713e-12,0,0,288,1,8550.0,6000.0,0.01141210000787396,2025-10-14,2025-09-16,2025-10-13,2025-10-14
2025-10-15,stochastic_24h,0,Optimization terminated successfully. (HiGHS Status 7: Optimal),44140.93534324445,44140.9353432444,-5.093170329928398e-11,3.637978807091713e-12,0,0,144,28,6000.000000000003,6000.0,0.04399579999153502,2025-10-14,2025-09-16,2025-10-13,2025-10-14
2025-10-16,stochastic_48h,0,Optimization terminated successfully. (HiGHS Status 7: Optimal),61410.797489094395,61410.797489094264,-1.3096723705530167e-10,2.091837814077735e-11,0,0,288,28,8550.000000000018,6000.0,0.08045850000053179,2025-10-15,2025-09-17,2025-10-14,2025-10-15
2025-10-16,deterministic_48h,0,Optimization terminated successfully. (HiGHS Status 7: Optimal),57165.18994728363,57165.18994728363,0.0,3.637978807091713e-12,0,0,288,1,8550.0,6000.0,0.010762999998405576,2025-10-15,2025-09-17,2025-10-14,2025-10-15
2025-10-16,stochastic_24h,0,Optimization terminated successfully. (HiGHS Status 7: Optimal),44606.17958880675,44606.17958880667,-8.003553375601768e-11,1.8189894035458565e-12,0,0,144,28,6000.0,6000.0,0.03934319999825675,2025-10-15,2025-09-17,2025-10-14,2025-10-15
2025-10-17,stochastic_48h,0,Optimization terminated successfully. (HiGHS Status 7: Optimal),36640.841546921954,36640.84154692195,-7.275957614183426e-12,5.9117155615240335e-12,0,0,288,28,5972.267118274338,6000.0,0.07285620000038762,2025-10-16,2025-09-18,2025-10-15,2025-10-16
2025-10-17,deterministic_48h,0,Optimization terminated successfully. (HiGHS Status 7: Optimal),35534.76933334345,35534.76933334346,7.275957614183426e-12,2.7284841053187847e-12,0,0,288,1,5350.286228052505,6000.0,0.00871700000425335,2025-10-16,2025-09-18,2025-10-15,2025-10-16
2025-10-17,stochastic_24h,0,Optimization terminated successfully. (HiGHS Status 7: Optimal),18019.163853177535,18019.163853177542,7.275957614183426e-12,8.185452315956354e-12,0,0,144,28,6000.000000000001,6000.0,0.036247299998649396,2025-10-16,2025-09-18,2025-10-15,2025-10-16
2025-10-18,stochastic_48h,0,Optimization terminated successfully. (HiGHS Status 7: Optimal),64824.92276933024,64824.92276933033,9.458744898438454e-11,3.637978807091713e-12,0,0,288,28,6193.275745411066,6000.0,0.07562690001213923,2025-10-17,2025-09-19,2025-10-16,2025-10-17
2025-10-18,deterministic_48h,0,Optimization terminated successfully. (HiGHS Status 7: Optimal),60124.439532259144,60124.439532259144,0.0,7.275957614183426e-12,0,0,288,1,5533.222562952787,6000.0,0.011808700000983663,2025-10-17,2025-09-19,2025-10-16,2025-10-17
2025-10-18,stochastic_24h,0,Optimization terminated successfully. (HiGHS Status 7: Optimal),18470.322556203773,18470.322556203795,2.1827872842550278e-11,5.4569682106375694e-12,0,0,144,28,5999.999999999992,6000.0,0.037771300005260855,2025-10-17,2025-09-19,2025-10-16,2025-10-17
2025-10-19,stochastic_48h,0,Optimization terminated successfully. (HiGHS Status 7: Optimal),92608.40315309363,92608.40315309333,-3.055902197957039e-10,5.4569682106375694e-12,0,0,288,28,8550.000000000004,6000.0,0.08264900000358466,2025-10-18,2025-09-20,2025-10-17,2025-10-18
2025-10-19,deterministic_48h,0,Optimization terminated successfully. (HiGHS Status 7: Optimal),84294.55767756992,84294.55767756986,-5.820766091346741e-11,5.4569682106375694e-12,0,0,288,1,8550.000000000004,6000.0,0.011360799995600246,2025-10-18,2025-09-20,2025-10-17,2025-10-18
2025-10-19,stochastic_24h,0,Optimization terminated successfully. (HiGHS Status 7: Optimal),46403.74039018874,46403.74039018875,1.4551915228366852e-11,3.637978807091713e-12,0,0,144,28,6000.000000000004,6000.0,0.04233359999489039,2025-10-18,2025-09-20,2025-10-17,2025-10-18
2025-10-20,stochastic_48h,0,Optimization terminated successfully. (HiGHS Status 7: Optimal),93966.36855012664,93966.36855012663,-1.4551915228366852e-11,5.9117155615240335e-12,0,0,288,28,8550.000000000004,6000.0,0.09724529999948572,2025-10-19,2025-09-21,2025-10-18,2025-10-19
2025-10-20,deterministic_48h,0,Optimization terminated successfully. (HiGHS Status 7: Optimal),85483.08032633919,85483.08032633923,4.3655745685100555e-11,3.637978807091713e-12,0,0,288,1,8550.000000000005,6000.0,0.0120292000065092,2025-10-19,2025-09-21,2025-10-18,2025-10-19
2025-10-20,stochastic_24h,0,Optimization terminated successfully. (HiGHS Status 7: Optimal),47176.28214361785,47176.28214361791,5.820766091346741e-11,3.637978807091713e-12,0,0,144,28,6000.000000000004,6000.0,0.04117460000270512,2025-10-19,2025-09-21,2025-10-18,2025-10-19
2025-10-21,stochastic_48h,0,Optimization terminated successfully. (HiGHS Status 7: Optimal),94546.1899764335,94546.18997643344,-5.820766091346741e-11,4.092726157978177e-12,0,0,288,28,8550.0,6000.0,0.09114299999782816,2025-10-20,2025-09-22,2025-10-19,2025-10-20
2025-10-21,deterministic_48h,0,Optimization terminated successfully. (HiGHS Status 7: Optimal),85704.77749437456,85704.77749437456,0.0,1.0913936421275139e-11,0,0,288,1,8550.0,6000.0,0.01035109999065753,2025-10-20,2025-09-22,2025-10-19,2025-10-20
2025-10-21,stochastic_24h,0,Optimization terminated successfully. (HiGHS Status 7: Optimal),47968.885477587915,47968.88547758795,3.637978807091713e-11,3.637978807091713e-12,0,0,144,28,6000.000000000002,6000.0,0.0430666000029305,2025-10-20,2025-09-22,2025-10-19,2025-10-20
2025-10-22,stochastic_48h,0,Optimization terminated successfully. (HiGHS Status 7: Optimal),95872.30293339545,95872.30293339517,-2.764863893389702e-10,1.8189894035458565e-12,0,0,288,28,8550.000000000002,6000.0,0.08810180000727996,2025-10-21,2025-09-23,2025-10-20,2025-10-21
2025-10-22,deterministic_48h,0,Optimization terminated successfully. (HiGHS Status 7: Optimal),86778.89214701866,86778.89214701863,-2.9103830456733704e-11,9.094947017729282e-12,0,0,288,1,8550.000000000007,6000.0,0.012387199996737763,2025-10-21,2025-09-23,2025-10-20,2025-10-21
2025-10-22,stochastic_24h,0,Optimization terminated successfully. (HiGHS Status 7: Optimal),47977.49533145521,47977.49533145529,8.003553375601768e-11,1.8189894035458565e-12,0,0,144,28,6000.000000000002,6000.0,0.04268600000068545,2025-10-21,2025-09-23,2025-10-20,2025-10-21
2025-10-23,stochastic_48h,0,Optimization terminated successfully. (HiGHS Status 7: Optimal),65630.85898871135,65630.85898871152,1.7462298274040222e-10,3.637978807091713e-12,0,0,288,28,8549.999999999998,6000.0,0.0797001999890199,2025-10-22,2025-09-24,2025-10-21,2025-10-22
2025-10-23,deterministic_48h,0,Optimization terminated successfully. (HiGHS Status 7: Optimal),60275.7220682666,60275.72206826658,-2.1827872842550278e-11,1.3642420526593924e-11,0,0,288,1,8550.000000000004,6000.0,0.010223100005532615,2025-10-22,2025-09-24,2025-10-21,2025-10-22
2025-10-23,stochastic_24h,0,Optimization terminated successfully. (HiGHS Status 7: Optimal),48646.22198833535,48646.22198833547,1.2369127944111824e-10,4.547473508864641e-12,0,0,144,28,5999.999999999999,6000.0,0.04181599999719765,2025-10-22,2025-09-24,2025-10-21,2025-10-22
2025-10-24,stochastic_48h,0,Optimization terminated successfully. (HiGHS Status 7: Optimal),36466.64466662015,36466.64466662016,7.275957614183426e-12,3.637978807091713e-12,0,0,288,28,6313.0420582722845,6000.0,0.07873120000294875,2025-10-23,2025-09-25,2025-10-22,2025-10-23
2025-10-24,deterministic_48h,0,Optimization terminated successfully. (HiGHS Status 7: Optimal),34837.68801910439,34837.688019104375,-1.4551915228366852e-11,1.8189894035458565e-12,0,0,288,1,5682.43774009972,6000.0,0.009159699999145232,2025-10-23,2025-09-25,2025-10-22,2025-10-23
2025-10-24,stochastic_24h,0,Optimization terminated successfully. (HiGHS Status 7: Optimal),18058.60501689744,18058.60501689743,-1.0913936421275139e-11,3.637978807091713e-12,0,0,144,28,6000.000000000005,6000.0,0.03992520000610966,2025-10-23,2025-09-25,2025-10-22,2025-10-23
2025-10-25,stochastic_48h,0,Optimization terminated successfully. (HiGHS Status 7: Optimal),67673.66148811925,67673.66148811927,1.4551915228366852e-11,3.637978807091713e-12,0,0,288,28,6542.9193199735455,6000.0,0.07976000000780914,2025-10-24,2025-09-26,2025-10-23,2025-10-24
2025-10-25,deterministic_48h,0,Optimization terminated successfully. (HiGHS Status 7: Optimal),62083.99013693454,62083.99013693457,2.9103830456733704e-11,7.275957614183426e-12,0,0,288,1,5901.6598837606825,6000.0,0.011021600003005005,2025-10-24,2025-09-26,2025-10-23,2025-10-24
2025-10-25,stochastic_24h,0,Optimization terminated successfully. (HiGHS Status 7: Optimal),18505.787051782765,18505.78705178279,2.546585164964199e-11,1.8189894035458565e-12,0,0,144,28,5999.999999999999,6000.0,0.03478459999314509,2025-10-24,2025-09-26,2025-10-23,2025-10-24
2025-10-26,stochastic_48h,0,Optimization terminated successfully. (HiGHS Status 7: Optimal),97552.20483236508,97552.20483236486,-2.1827872842550278e-10,7.275957614183426e-12,0,0,288,28,8550.000000000004,6000.0,0.0849173000024166,2025-10-25,2025-09-27,2025-10-24,2025-10-25
2025-10-26,deterministic_48h,0,Optimization terminated successfully. (HiGHS Status 7: Optimal),88112.4270601385,88112.42706013849,-1.4551915228366852e-11,1.8189894035458565e-12,0,0,288,1,8549.999999999996,6000.0,0.011160099995322526,2025-10-25,2025-09-27,2025-10-24,2025-10-25
2025-10-26,stochastic_24h,0,Optimization terminated successfully. (HiGHS Status 7: Optimal),48807.974560441,48807.97456044104,4.3655745685100555e-11,5.4569682106375694e-12,0,0,144,28,6000.0,6000.0,0.04780420000315644,2025-10-25,2025-09-27,2025-10-24,2025-10-25
2025-10-27,stochastic_48h,0,Optimization terminated successfully. (HiGHS Status 7: Optimal),97243.53616949092,97243.53616949079,-1.3096723705530167e-10,9.094947017729282e-12,0,0,288,28,8550.000000000004,6000.0,0.0819372999976622,2025-10-26,2025-09-28,2025-10-25,2025-10-26
2025-10-27,deterministic_48h,0,Optimization terminated successfully. (HiGHS Status 7: Optimal),87757.48458949398,87757.484589494,1.4551915228366852e-11,5.4569682106375694e-12,0,0,288,1,8550.0,6000.0,0.013779800006886944,2025-10-26,2025-09-28,2025-10-25,2025-10-26
2025-10-27,stochastic_24h,0,Optimization terminated successfully. (HiGHS Status 7: Optimal),48887.36174343337,48887.36174343339,1.4551915228366852e-11,7.275957614183426e-12,0,0,144,28,6000.000000000005,6000.0,0.03830660000676289,2025-10-26,2025-09-28,2025-10-25,2025-10-26
2025-10-28,stochastic_48h,0,Optimization terminated successfully. (HiGHS Status 7: Optimal),94758.5813569512,94758.58135695106,-1.3096723705530167e-10,9.549694368615746e-12,0,0,288,28,8550.000000000007,6000.0,0.08551170000282582,2025-10-27,2025-09-29,2025-10-26,2025-10-27
2025-10-28,deterministic_48h,0,Optimization terminated successfully. (HiGHS Status 7: Optimal),85470.45123552333,85470.45123552339,5.820766091346741e-11,4.774847184307873e-12,0,0,288,1,8550.000000000002,6000.0,0.010579299996607006,2025-10-27,2025-09-29,2025-10-26,2025-10-27
2025-10-28,stochastic_24h,0,Optimization terminated successfully. (HiGHS Status 7: Optimal),48148.93674985456,48148.936749854554,-7.275957614183426e-12,3.183231456205249e-12,0,0,144,28,6000.000000000006,6000.0,0.04644210000697058,2025-10-27,2025-09-29,2025-10-26,2025-10-27
2025-10-29,stochastic_48h,0,Optimization terminated successfully. (HiGHS Status 7: Optimal),94010.9763429489,94010.97634294891,1.4551915228366852e-11,1.2732925824820995e-11,0,0,288,28,8550.000000000007,6000.0,0.0887044999981299,2025-10-28,2025-09-30,2025-10-27,2025-10-28
2025-10-29,deterministic_48h,0,Optimization terminated successfully. (HiGHS Status 7: Optimal),84877.61606520457,84877.61606520454,-2.9103830456733704e-11,5.9117155615240335e-12,0,0,288,1,8550.0,6000.0,0.011148700010380708,2025-10-28,2025-09-30,2025-10-27,2025-10-28
2025-10-29,stochastic_24h,0,Optimization terminated successfully. (HiGHS Status 7: Optimal),47277.050442512234,47277.05044251227,3.637978807091713e-11,1.8189894035458565e-12,0,0,144,28,6000.0,6000.0,0.04203140000754502,2025-10-28,2025-09-30,2025-10-27,2025-10-28
2025-10-30,stochastic_48h,0,Optimization terminated successfully. (HiGHS Status 7: Optimal),65160.62903781277,65160.6290378128,3.637978807091713e-11,9.094947017729282e-12,0,0,288,28,8550.000000000007,6000.0,0.07906550000188872,2025-10-29,2025-10-01,2025-10-28,2025-10-29
2025-10-30,deterministic_48h,0,Optimization terminated successfully. (HiGHS Status 7: Optimal),59677.14695182105,59677.14695182107,2.1827872842550278e-11,4.547473508864641e-12,0,0,288,1,8550.000000000004,6000.0,0.010310999990906566,2025-10-29,2025-10-01,2025-10-28,2025-10-29
2025-10-30,stochastic_24h,0,Optimization terminated successfully. (HiGHS Status 7: Optimal),48046.37791546225,48046.377915462275,2.1827872842550278e-11,6.366462912410498e-12,0,0,144,28,6000.000000000001,6000.0,0.041843400002107956,2025-10-29,2025-10-01,2025-10-28,2025-10-29
2025-10-31,stochastic_48h,0,Optimization terminated successfully. (HiGHS Status 7: Optimal),36729.23724711153,36729.23724711158,5.093170329928398e-11,4.547473508864641e-12,0,0,288,28,6760.584933547015,6000.0,0.07839229999808595,2025-10-30,2025-10-02,2025-10-29,2025-10-30
2025-10-31,deterministic_48h,0,Optimization terminated successfully. (HiGHS Status 7: Optimal),34535.6287514595,34535.6287514595,0.0,2.7284841053187847e-12,0,0,288,1,6113.184495115998,6000.0,0.010320399989723228,2025-10-30,2025-10-02,2025-10-29,2025-10-30
2025-10-31,stochastic_24h,0,Optimization terminated successfully. (HiGHS Status 7: Optimal),18388.165389011046,18388.165389011046,0.0,3.637978807091713e-12,0,0,144,28,6000.000000000006,6000.0,0.0369185000017751,2025-10-30,2025-10-02,2025-10-29,2025-10-30
2025-11-01,stochastic_48h,0,Optimization terminated successfully. (HiGHS Status 7: Optimal),68474.25193161108,68474.25193161097,-1.1641532182693481e-10,1.8189894035458565e-12,0,0,288,28,6932.8812795294025,6000.0,0.08575609998661093,2025-10-31,2025-10-03,2025-10-30,2025-10-31
2025-11-01,deterministic_48h,0,Optimization terminated successfully. (HiGHS Status 7: Optimal),62083.804167140355,62083.80416714035,-7.275957614183426e-12,5.4569682106375694e-12,0,0,288,1,6257.884676119253,6000.0,0.01044240000192076,2025-10-31,2025-10-03,2025-10-30,2025-10-31
2025-11-01,stochastic_24h,0,Optimization terminated successfully. (HiGHS Status 7: Optimal),18696.21361989049,18696.213619890495,7.275957614183426e-12,1.8189894035458565e-12,0,0,144,28,5999.999999999997,6000.0,0.038700899996911176,2025-10-31,2025-10-03,2025-10-30,2025-10-31
2025-11-02,stochastic_48h,0,Optimization terminated successfully. (HiGHS Status 7: Optimal),98956.5894582139,98956.58945821376,-1.4551915228366852e-10,5.4569682106375694e-12,0,0,288,28,8550.0,6000.0,0.08208410000952426,2025-11-01,2025-10-04,2025-10-31,2025-11-01
2025-11-02,deterministic_48h,0,Optimization terminated successfully. (HiGHS Status 7: Optimal),88560.23912047125,88560.23912047123,-1.4551915228366852e-11,5.4569682106375694e-12,0,0,288,1,8550.0,6000.0,0.011522799992235377,2025-11-01,2025-10-04,2025-10-31,2025-11-01
2025-11-02,stochastic_24h,0,Optimization terminated successfully. (HiGHS Status 7: Optimal),49621.99334851228,49621.99334851223,-5.093170329928398e-11,1.8189894035458565e-12,0,0,144,28,6000.0,6000.0,0.04075369999918621,2025-11-01,2025-10-04,2025-10-31,2025-11-01
2025-11-03,stochastic_48h,0,Optimization terminated successfully. (HiGHS Status 7: Optimal),99788.18699538388,99788.18699538379,-8.731149137020111e-11,5.4569682106375694e-12,0,0,288,28,8550.0,6000.0,0.0810261000005994,2025-11-02,2025-10-05,2025-11-01,2025-11-02
2025-11-03,deterministic_48h,0,Optimization terminated successfully. (HiGHS Status 7: Optimal),89165.88837935957,89165.88837935956,-1.4551915228366852e-11,7.275957614183426e-12,0,0,288,1,8550.0,6000.0,0.010011400008806959,2025-11-02,2025-10-05,2025-11-01,2025-11-02
2025-11-03,stochastic_24h,0,Optimization terminated successfully. (HiGHS Status 7: Optimal),50157.8143533835,50157.81435338355,4.3655745685100555e-11,7.275957614183426e-12,0,0,144,28,6000.000000000001,6000.0,0.04216949999681674,2025-11-02,2025-10-05,2025-11-01,2025-11-02
2025-11-04,stochastic_48h,0,Optimization terminated successfully. (HiGHS Status 7: Optimal),100491.47172770886,100491.47172770867,-1.8917489796876907e-10,1.6370904631912708e-11,0,0,288,28,8550.000000000004,6000.0,0.08549640000273939,2025-11-03,2025-10-06,2025-11-02,2025-11-03
2025-11-04,deterministic_48h,0,Optimization terminated successfully. (HiGHS Status 7: Optimal),89670.68902776185,89670.6890277618,-5.820766091346741e-11,3.637978807091713e-12,0,0,288,1,8550.000000000002,6000.0,0.014400599990040064,2025-11-03,2025-10-06,2025-11-02,2025-11-03
2025-11-04,stochastic_24h,0,Optimization terminated successfully. (HiGHS Status 7: Optimal),50440.42210022599,50440.42210022603,4.3655745685100555e-11,7.275957614183426e-12,0,0,144,28,6000.000000000006,6000.0,0.044459899989305995,2025-11-03,2025-10-06,2025-11-02,2025-11-03
2025-11-05,stochastic_48h,0,Optimization terminated successfully. (HiGHS Status 7: Optimal),101090.34914690132,101090.34914690114,-1.8917489796876907e-10,2.3646862246096134e-11,0,0,288,28,8550.000000000013,6000.0,0.08326109999325126,2025-11-04,2025-10-07,2025-11-03,2025-11-04
2025-11-05,deterministic_48h,0,Optimization terminated successfully. (HiGHS Status 7: Optimal),90139.735754517,90139.73575451695,-4.3655745685100555e-11,3.637978807091713e-12,0,0,288,1,8550.0,6000.0,0.009993999992730096,2025-11-04,2025-10-07,2025-11-03,2025-11-04
2025-11-05,stochastic_24h,0,Optimization terminated successfully. (HiGHS Status 7: Optimal),50742.82681540726,50742.82681540729,2.9103830456733704e-11,3.637978807091713e-12,0,0,144,28,6000.000000000006,6000.0,0.03791700000874698,2025-11-04,2025-10-07,2025-11-03,2025-11-04
2025-11-06,stochastic_48h,0,Optimization terminated successfully. (HiGHS Status 7: Optimal),69859.32963966932,69859.32963966909,-2.3283064365386963e-10,1.7280399333685637e-11,0,0,288,28,8550.000000000015,6000.0,0.08468539999739733,2025-11-05,2025-10-08,2025-11-04,2025-11-05
2025-11-06,deterministic_48h,0,Optimization terminated successfully. (HiGHS Status 7: Optimal),62539.47324009111,62539.47324009113,2.1827872842550278e-11,3.637978807091713e-12,0,0,288,1,8549.999999999996,6000.0,0.011969800005317666,2025-11-05,2025-10-08,2025-11-04,2025-11-05
2025-11-06,stochastic_24h,0,Optimization terminated successfully. (HiGHS Status 7: Optimal),51160.72855913689,51160.72855913689,0.0,3.637978807091713e-12,0,0,144,28,6000.000000000002,6000.0,0.04441289999522269,2025-11-05,2025-10-08,2025-11-04,2025-11-05
2025-11-07,stochastic_48h,0,Optimization terminated successfully. (HiGHS Status 7: Optimal),39348.4758778662,39348.47587786618,-2.1827872842550278e-11,3.637978807091713e-12,0,0,288,28,6977.25391288158,6000.0,0.0880027999955928,2025-11-06,2025-10-09,2025-11-05,2025-11-06
2025-11-07,deterministic_48h,0,Optimization terminated successfully. (HiGHS Status 7: Optimal),35275.557537200955,35275.55753720096,7.275957614183426e-12,5.4569682106375694e-12,0,0,288,1,6363.1543947395185,6000.0,0.00869770000281278,2025-11-06,2025-10-09,2025-11-05,2025-11-06
2025-11-07,stochastic_24h,0,Optimization terminated successfully. (HiGHS Status 7: Optimal),19686.434557292487,19686.434557292483,-3.637978807091713e-12,5.4569682106375694e-12,0,0,144,28,6000.000000000004,6000.0,0.03998739999951795,2025-11-06,2025-10-09,2025-11-05,2025-11-06
2025-11-08,stochastic_48h,0,Optimization terminated successfully. (HiGHS Status 7: Optimal),71908.92382052205,71908.92382052178,-2.6193447411060333e-10,1.8189894035458565e-12,0,0,288,28,7230.160491198615,6000.0,0.0799055999959819,2025-11-07,2025-10-10,2025-11-06,2025-11-07
2025-11-08,deterministic_48h,0,Optimization terminated successfully. (HiGHS Status 7: Optimal),64423.077806954796,64423.077806954796,0.0,1.8189894035458565e-12,0,0,288,1,6431.455617897843,6000.0,0.009951599990017712,2025-11-07,2025-10-10,2025-11-06,2025-11-07
2025-11-08,stochastic_24h,0,Optimization terminated successfully. (HiGHS Status 7: Optimal),19653.489995492197,19653.489995492186,-1.0913936421275139e-11,3.637978807091713e-12,0,0,144,28,5999.999999999999,6000.0,0.037382299997261725,2025-11-07,2025-10-10,2025-11-06,2025-11-07
2025-11-09,stochastic_48h,0,Optimization terminated successfully. (HiGHS Status 7: Optimal),103453.84542223698,103453.84542223685,-1.3096723705530167e-10,5.9117155615240335e-12,0,0,288,28,8550.0,6000.0,0.08398670000315178,2025-11-08,2025-10-11,2025-11-07,2025-11-08
2025-11-09,deterministic_48h,0,Optimization terminated successfully. (HiGHS Status 7: Optimal),92475.6487092326,92475.64870923257,-2.9103830456733704e-11,3.637978807091713e-12,0,0,288,1,8550.0,6000.0,0.011166999989654869,2025-11-08,2025-10-11,2025-11-07,2025-11-08
2025-11-09,stochastic_24h,0,Optimization terminated successfully. (HiGHS Status 7: Optimal),51971.57012092921,51971.57012092916,-5.093170329928398e-11,2.7284841053187847e-12,0,0,144,28,6000.000000000002,6000.0,0.04176300000108313,2025-11-08,2025-10-11,2025-11-07,2025-11-08
2025-11-10,stochastic_48h,0,Optimization terminated successfully. (HiGHS Status 7: Optimal),103464.99304381096,103464.99304381067,-2.9103830456733704e-10,4.547473508864641e-12,0,0,288,28,8550.000000000002,6000.0,0.0826734000002034,2025-11-09,2025-10-12,2025-11-08,2025-11-09
2025-11-10,deterministic_48h,0,Optimization terminated successfully. (HiGHS Status 7: Optimal),92780.65096713719,92780.65096713723,4.3655745685100555e-11,3.637978807091713e-12,0,0,288,1,8550.0,6000.0,0.01282770000398159,2025-11-09,2025-10-12,2025-11-08,2025-11-09
2025-11-10,stochastic_24h,0,Optimization terminated successfully. (HiGHS Status 7: Optimal),52049.72656294245,52049.72656294243,-2.1827872842550278e-11,5.4569682106375694e-12,0,0,144,28,6000.000000000001,6000.0,0.03843510001024697,2025-11-09,2025-10-12,2025-11-08,2025-11-09
2025-11-11,stochastic_48h,0,Optimization terminated successfully. (HiGHS Status 7: Optimal),104048.23777453456,104048.23777453447,-8.731149137020111e-11,5.4569682106375694e-12,0,0,288,28,8550.000000000004,6000.0,0.08507149999786634,2025-11-10,2025-10-13,2025-11-09,2025-11-10
2025-11-11,deterministic_48h,0,Optimization terminated successfully. (HiGHS Status 7: Optimal),93330.61677031434,93330.6167703144,5.820766091346741e-11,4.547473508864641e-12,0,0,288,1,8550.0,6000.0,0.010335400002077222,2025-11-10,2025-10-13,2025-11-09,2025-11-10
2025-11-11,stochastic_24h,0,Optimization terminated successfully. (HiGHS Status 7: Optimal),52224.479976123235,52224.479976123206,-2.9103830456733704e-11,2.7284841053187847e-12,0,0,144,28,6000.000000000005,6000.0,0.04166540000005625,2025-11-10,2025-10-13,2025-11-09,2025-11-10
2025-11-12,stochastic_48h,0,Optimization terminated successfully. (HiGHS Status 7: Optimal),104172.76785905838,104172.76785905808,-3.055902197957039e-10,5.4569682106375694e-12,0,0,288,28,8550.000000000004,6000.0,0.08464199998707045,2025-11-11,2025-10-14,2025-11-10,2025-11-11
2025-11-12,deterministic_48h,0,Optimization terminated successfully. (HiGHS Status 7: Optimal),93368.55800737716,93368.55800737716,0.0,8.640199666842818e-12,0,0,288,1,8550.0,6000.0,0.011669400002574548,2025-11-11,2025-10-14,2025-11-10,2025-11-11
2025-11-12,stochastic_24h,0,Optimization terminated successfully. (HiGHS Status 7: Optimal),52467.2948247627,52467.2948247627,0.0,3.637978807091713e-12,0,0,144,28,6000.000000000002,6000.0,0.042334500001743436,2025-11-11,2025-10-14,2025-11-10,2025-11-11
2025-11-13,stochastic_48h,0,Optimization terminated successfully. (HiGHS Status 7: Optimal),72092.75496382052,72092.75496382047,-5.820766091346741e-11,5.4569682106375694e-12,0,0,288,28,8550.000000000004,6000.0,0.08148330000403803,2025-11-12,2025-10-15,2025-11-11,2025-11-12
2025-11-13,deterministic_48h,0,Optimization terminated successfully. (HiGHS Status 7: Optimal),64435.391338332796,64435.391338332774,-2.1827872842550278e-11,7.275957614183426e-12,0,0,288,1,8550.000000000004,6000.0,0.009772399993380532,2025-11-12,2025-10-15,2025-11-11,2025-11-12
2025-11-13,stochastic_24h,0,Optimization terminated successfully. (HiGHS Status 7: Optimal),52675.26520763935,52675.26520763929,-5.820766091346741e-11,5.4569682106375694e-12,0,0,144,28,6000.000000000003,6000.0,0.04605599999194965,2025-11-12,2025-10-15,2025-11-11,2025-11-12
2025-11-14,stochastic_48h,0,Optimization terminated successfully. (HiGHS Status 7: Optimal),39864.18425129175,39864.18425129173,-2.1827872842550278e-11,9.094947017729282e-12,0,0,288,28,7950.000000000005,6000.0,0.08681230001093354,2025-11-13,2025-10-16,2025-11-12,2025-11-13
2025-11-14,deterministic_48h,0,Optimization terminated successfully. (HiGHS Status 7: Optimal),35660.36013013942,35660.360130139416,-7.275957614183426e-12,1.8189894035458565e-12,0,0,288,1,6969.729057671963,6000.0,0.009391500003403053,2025-11-13,2025-10-16,2025-11-12,2025-11-13
2025-11-14,stochastic_24h,0,Optimization terminated successfully. (HiGHS Status 7: Optimal),20389.913508052105,20389.913508052116,1.0913936421275139e-11,3.637978807091713e-12,0,0,144,28,6000.0000000000055,6000.0,0.03588840000156779,2025-11-13,2025-10-16,2025-11-12,2025-11-13
2025-11-15,stochastic_48h,0,Optimization terminated successfully. (HiGHS Status 7: Optimal),73581.40971020993,73581.40971020976,-1.7462298274040222e-10,7.275957614183426e-12,0,0,288,28,7814.919592012621,6000.0,0.07833619999291841,2025-11-14,2025-10-17,2025-11-13,2025-11-14
2025-11-15,deterministic_48h,0,Optimization terminated successfully. (HiGHS Status 7: Optimal),66277.24981147533,66277.24981147535,2.9103830456733704e-11,3.637978807091713e-12,0,0,288,1,6835.181785734637,6000.0,0.00999259999662172,2025-11-14,2025-10-17,2025-11-13,2025-11-14
2025-11-15,stochastic_24h,0,Optimization terminated successfully. (HiGHS Status 7: Optimal),20501.08497526893,20501.084975268957,2.9103830456733704e-11,3.637978807091713e-12,0,0,144,28,6000.000000000002,6000.0,0.039240099999005906,2025-11-14,2025-10-17,2025-11-13,2025-11-14
2025-11-16,stochastic_48h,0,Optimization terminated successfully. (HiGHS Status 7: Optimal),107065.96282412014,107065.96282411991,-2.3283064365386963e-10,6.821210263296962e-12,0,0,288,28,8550.000000000004,6000.0,0.08165900000312831,2025-11-15,2025-10-18,2025-11-14,2025-11-15
2025-11-16,deterministic_48h,0,Optimization terminated successfully. (HiGHS Status 7: Optimal),96628.10353869837,96628.10353869834,-2.9103830456733704e-11,3.637978807091713e-12,0,0,288,1,8550.0,6000.0,0.010316799991414882,2025-11-15,2025-10-18,2025-11-14,2025-11-15
2025-11-16,stochastic_24h,0,Optimization terminated successfully. (HiGHS Status 7: Optimal),53761.534832306854,53761.534832306934,8.003553375601768e-11,1.8189894035458565e-12,0,0,144,28,6000.000000000002,6000.0,0.04302579999784939,2025-11-15,2025-10-18,2025-11-14,2025-11-15
2025-11-17,stochastic_48h,0,Optimization terminated successfully. (HiGHS Status 7: Optimal),107804.74223658605,107804.74223658573,-3.2014213502407074e-10,8.185452315956354e-12,0,0,288,28,8550.000000000002,6000.0,0.08303209999576211,2025-11-16,2025-10-19,2025-11-15,2025-11-16
2025-11-17,deterministic_48h,0,Optimization terminated successfully. (HiGHS Status 7: Optimal),97333.86538679125,97333.86538679124,-1.4551915228366852e-11,7.275957614183426e-12,0,0,288,1,8550.0,6000.0,0.009831000003032386,2025-11-16,2025-10-19,2025-11-15,2025-11-16
2025-11-17,stochastic_24h,0,Optimization terminated successfully. (HiGHS Status 7: Optimal),54330.99311252724,54330.99311252727,2.9103830456733704e-11,4.547473508864641e-12,0,0,144,28,6000.0,6000.0,0.039036600006511435,2025-11-16,2025-10-19,2025-11-15,2025-11-16
2025-11-18,stochastic_48h,0,Optimization terminated successfully. (HiGHS Status 7: Optimal),107885.91010360375,107885.91010360359,-1.6007106751203537e-10,1.0913936421275139e-11,0,0,288,28,8550.000000000007,6000.0,0.08436119998805225,2025-11-17,2025-10-20,2025-11-16,2025-11-17
2025-11-18,deterministic_48h,0,Optimization terminated successfully. (HiGHS Status 7: Optimal),97482.10310212175,97482.10310212175,0.0,3.637978807091713e-12,0,0,288,1,8550.000000000004,6000.0,0.011329899993143044,2025-11-17,2025-10-20,2025-11-16,2025-11-17
2025-11-18,stochastic_24h,0,Optimization terminated successfully. (HiGHS Status 7: Optimal),54301.13924551215,54301.139245512124,-2.9103830456733704e-11,2.7284841053187847e-12,0,0,144,28,6000.000000000005,6000.0,0.038713599991751835,2025-11-17,2025-10-20,2025-11-16,2025-11-17
2025-11-19,stochastic_48h,0,Optimization terminated successfully. (HiGHS Status 7: Optimal),107900.72063421668,107900.72063421646,-2.1827872842550278e-10,3.637978807091713e-12,0,0,288,28,8550.00000000001,6000.0,0.08337010000832379,2025-11-18,2025-10-21,2025-11-17,2025-11-18
2025-11-19,deterministic_48h,0,Optimization terminated successfully. (HiGHS Status 7: Optimal),97726.34752874244,97726.34752874242,-1.4551915228366852e-11,9.094947017729282e-12,0,0,288,1,8550.0,6000.0,0.012727000008453615,2025-11-18,2025-10-21,2025-11-17,2025-11-18
2025-11-19,stochastic_24h,0,Optimization terminated successfully. (HiGHS Status 7: Optimal),54406.76638977372,54406.76638977368,-4.3655745685100555e-11,2.7284841053187847e-12,0,0,144,28,6000.000000000002,6000.0,0.04628650000086054,2025-11-18,2025-10-21,2025-11-17,2025-11-18
2025-11-20,stochastic_48h,0,Optimization terminated successfully. (HiGHS Status 7: Optimal),75131.65551731791,75131.6555173177,-2.0372681319713593e-10,2.2737367544323206e-12,0,0,288,28,8550.000000000004,6000.0,0.08686949999537319,2025-11-19,2025-10-22,2025-11-18,2025-11-19
2025-11-20,deterministic_48h,0,Optimization terminated successfully. (HiGHS Status 7: Optimal),67023.90128658705,67023.90128658706,1.4551915228366852e-11,4.774847184307873e-12,0,0,288,1,8550.000000000007,6000.0,0.014608099998440593,2025-11-19,2025-10-22,2025-11-18,2025-11-19
2025-11-20,stochastic_24h,0,Optimization terminated successfully. (HiGHS Status 7: Optimal),54539.4192578278,54539.41925782782,2.1827872842550278e-11,1.8189894035458565e-12,0,0,144,28,6000.000000000002,6000.0,0.044848200006526895,2025-11-19,2025-10-22,2025-11-18,2025-11-19
2025-11-21,stochastic_48h,0,Optimization terminated successfully. (HiGHS Status 7: Optimal),42871.129993171104,42871.12999317106,-4.3655745685100555e-11,3.637978807091713e-12,0,0,288,28,7950.0,6000.0,0.09819609999249224,2025-11-20,2025-10-23,2025-11-19,2025-11-20
2025-11-21,deterministic_48h,0,Optimization terminated successfully. (HiGHS Status 7: Optimal),36623.86142565242,36623.861425652416,-7.275957614183426e-12,5.4569682106375694e-12,0,0,288,1,7097.978035856736,6000.0,0.014063200011150911,2025-11-20,2025-10-23,2025-11-19,2025-11-20
2025-11-21,stochastic_24h,0,Optimization terminated successfully. (HiGHS Status 7: Optimal),21749.690938401367,21749.690938401356,-1.0913936421275139e-11,2.7284841053187847e-12,0,0,144,28,6000.000000000002,6000.0,0.040807100012898445,2025-11-20,2025-10-23,2025-11-19,2025-11-20
2025-11-22,stochastic_48h,0,Optimization terminated successfully. (HiGHS Status 7: Optimal),76260.2459853086,76260.24598530833,-2.764863893389702e-10,5.4569682106375694e-12,0,0,288,28,7950.000000000002,6000.0,0.07784930001071189,2025-11-21,2025-10-24,2025-11-20,2025-11-21
2025-11-22,deterministic_48h,0,Optimization terminated successfully. (HiGHS Status 7: Optimal),68409.24745530906,68409.24745530906,0.0,5.4569682106375694e-12,0,0,288,1,7052.172930586081,6000.0,0.009269399990444072,2025-11-21,2025-10-24,2025-11-20,2025-11-21
2025-11-22,stochastic_24h,0,Optimization terminated successfully. (HiGHS Status 7: Optimal),21721.78402619154,21721.784026191537,-3.637978807091713e-12,3.637978807091713e-12,0,0,144,28,6000.000000000003,6000.0,0.04274679999798536,2025-11-21,2025-10-24,2025-11-20,2025-11-21
2025-11-23,stochastic_48h,0,Optimization terminated successfully. (HiGHS Status 7: Optimal),109402.8607904925,109402.8607904921,-4.0745362639427185e-10,5.4569682106375694e-12,0,0,288,28,8549.999999999996,6000.0,0.08525279999594204,2025-11-22,2025-10-25,2025-11-21,2025-11-22
2025-11-23,deterministic_48h,0,Optimization terminated successfully. (HiGHS Status 7: Optimal),99401.7659508995,99401.76595089945,-4.3655745685100555e-11,7.275957614183426e-12,0,0,288,1,8550.000000000004,6000.0,0.01127719999931287,2025-11-22,2025-10-25,2025-11-21,2025-11-22
2025-11-23,stochastic_24h,0,Optimization terminated successfully. (HiGHS Status 7: Optimal),55159.69891990845,55159.6989199085,5.093170329928398e-11,1.8189894035458565e-12,0,0,144,28,5999.999999999996,6000.0,0.04174329999659676,2025-11-22,2025-10-25,2025-11-21,2025-11-22
2025-11-24,stochastic_48h,0,Optimization terminated successfully. (HiGHS Status 7: Optimal),109529.04079799156,109529.04079799117,-3.92901711165905e-10,5.4569682106375694e-12,0,0,288,28,8549.999999999998,6000.0,0.0830044999893289,2025-11-23,2025-10-26,2025-11-22,2025-11-23
2025-11-24,deterministic_48h,0,Optimization terminated successfully. (HiGHS Status 7: Optimal),99435.6543235884,99435.65432358845,4.3655745685100555e-11,2.2737367544323206e-12,0,0,288,1,8550.000000000005,6000.0,0.012056600011419505,2025-11-23,2025-10-26,2025-11-22,2025-11-23
2025-11-24,stochastic_24h,0,Optimization terminated successfully. (HiGHS Status 7: Optimal),55201.087245288596,55201.087245288574,-2.1827872842550278e-11,3.637978807091713e-12,0,0,144,28,6000.000000000002,6000.0,0.037795700001879595,2025-11-23,2025-10-26,2025-11-22,2025-11-23
2025-11-25,stochastic_48h,0,Optimization terminated successfully. (HiGHS Status 7: Optimal),109525.11590640353,109525.11590640304,-4.94765117764473e-10,4.547473508864641e-12,0,0,288,28,8549.999999999998,6000.0,0.08485720001044683,2025-11-24,2025-10-27,2025-11-23,2025-11-24
2025-11-25,deterministic_48h,0,Optimization terminated successfully. (HiGHS Status 7: Optimal),99345.83356696885,99345.8335669688,-5.820766091346741e-11,6.366462912410498e-12,0,0,288,1,8550.0,6000.0,0.010253700005705468,2025-11-24,2025-10-27,2025-11-23,2025-11-24
2025-11-25,stochastic_24h,0,Optimization terminated successfully. (HiGHS Status 7: Optimal),55151.515490661106,55151.51549066103,-7.275957614183426e-11,3.637978807091713e-12,0,0,144,28,5999.999999999999,6000.0,0.039429299999028444,2025-11-24,2025-10-27,2025-11-23,2025-11-24
2025-11-26,stochastic_48h,0,Optimization terminated successfully. (HiGHS Status 7: Optimal),109990.5109991043,109990.510999104,-3.055902197957039e-10,3.637978807091713e-12,0,0,288,28,8550.0,6000.0,0.08727069999440573,2025-11-25,2025-10-28,2025-11-24,2025-11-25
2025-11-26,deterministic_48h,0,Optimization terminated successfully. (HiGHS Status 7: Optimal),99779.333278009,99779.33327800894,-5.820766091346741e-11,4.092726157978177e-12,0,0,288,1,8550.000000000004,6000.0,0.009408300000359304,2025-11-25,2025-10-28,2025-11-24,2025-11-25
2025-11-26,stochastic_24h,0,Optimization terminated successfully. (HiGHS Status 7: Optimal),55473.62928468516,55473.62928468513,-2.9103830456733704e-11,3.637978807091713e-12,0,0,144,28,6000.000000000001,6000.0,0.04034300000057556,2025-11-25,2025-10-28,2025-11-24,2025-11-25
2025-11-27,stochastic_48h,0,Optimization terminated successfully. (HiGHS Status 7: Optimal),76579.76990254322,76579.76990254305,-1.7462298274040222e-10,1.0913936421275139e-11,0,0,288,28,8550.0,6000.0,0.07754019999993034,2025-11-26,2025-10-29,2025-11-25,2025-11-26
2025-11-27,deterministic_48h,0,Optimization terminated successfully. (HiGHS Status 7: Optimal),68212.82803506836,68212.82803506835,-1.4551915228366852e-11,3.637978807091713e-12,0,0,288,1,8550.000000000004,6000.0,0.012492300011217594,2025-11-26,2025-10-29,2025-11-25,2025-11-26
2025-11-27,stochastic_24h,0,Optimization terminated successfully. (HiGHS Status 7: Optimal),55599.534491928214,55599.53449192816,-5.093170329928398e-11,1.8189894035458565e-12,0,0,144,28,6000.000000000001,6000.0,0.044320200002403,2025-11-26,2025-10-29,2025-11-25,2025-11-26
2025-11-28,stochastic_48h,0,Optimization terminated successfully. (HiGHS Status 7: Optimal),43490.15589608133,43490.15589608128,-4.3655745685100555e-11,3.637978807091713e-12,0,0,288,28,7978.708380422066,6000.0,0.09277010000369046,2025-11-27,2025-10-30,2025-11-26,2025-11-27
2025-11-28,deterministic_48h,0,Optimization terminated successfully. (HiGHS Status 7: Optimal),36929.24461130402,36929.24461130402,0.0,3.637978807091713e-12,0,0,288,1,7659.808550335774,6000.0,0.011539600003743544,2025-11-27,2025-10-30,2025-11-26,2025-11-27
2025-11-28,stochastic_24h,0,Optimization terminated successfully. (HiGHS Status 7: Optimal),22030.089688323893,22030.089688323922,2.9103830456733704e-11,3.637978807091713e-12,0,0,144,28,6000.000000000002,6000.0,0.046087599999736995,2025-11-27,2025-10-30,2025-11-26,2025-11-27
2025-11-29,stochastic_48h,0,Optimization terminated successfully. (HiGHS Status 7: Optimal),77473.51877314488,77473.51877314471,-1.7462298274040222e-10,5.4569682106375694e-12,0,0,288,28,8083.379137074077,6000.0,0.08463409999967553,2025-11-28,2025-10-31,2025-11-27,2025-11-28
2025-11-29,deterministic_48h,0,Optimization terminated successfully. (HiGHS Status 7: Optimal),69403.2175814391,69403.21758143908,-1.4551915228366852e-11,8.185452315956354e-12,0,0,288,1,7513.4911774013035,6000.0,0.012134100004914217,2025-11-28,2025-10-31,2025-11-27,2025-11-28
2025-11-29,stochastic_24h,0,Optimization terminated successfully. (HiGHS Status 7: Optimal),22269.42686796143,22269.426867961458,2.9103830456733704e-11,3.637978807091713e-12,0,0,144,28,6000.000000000001,6000.0,0.041364699995028786,2025-11-28,2025-10-31,2025-11-27,2025-11-28
2025-11-30,stochastic_48h,0,Optimization terminated successfully. (HiGHS Status 7: Optimal),112789.12882440312,112789.12882440309,-2.9103830456733704e-11,7.275957614183426e-12,0,0,288,28,8550.000000000004,6000.0,0.08838760000071488,2025-11-29,2025-11-01,2025-11-28,2025-11-29
2025-11-30,deterministic_48h,0,Optimization terminated successfully. (HiGHS Status 7: Optimal),102883.60838062035,102883.60838062038,2.9103830456733704e-11,6.366462912410498e-12,0,0,288,1,8550.000000000004,6000.0,0.011629699991317466,2025-11-29,2025-11-01,2025-11-28,2025-11-29
2025-11-30,stochastic_24h,0,Optimization terminated successfully. (HiGHS Status 7: Optimal),56768.366125740235,56768.366125740176,-5.820766091346741e-11,5.4569682106375694e-12,0,0,144,28,6000.000000000002,6000.0,0.042638300001272,2025-11-29,2025-11-01,2025-11-28,2025-11-29
2025-12-01,stochastic_48h,0,Optimization terminated successfully. (HiGHS Status 7: Optimal),114304.73826284832,114304.73826284807,-2.473825588822365e-10,8.185452315956354e-12,0,0,288,28,8550.000000000007,6000.0,0.08432080000056885,2025-11-30,2025-11-02,2025-11-29,2025-11-30
2025-12-01,deterministic_48h,0,Optimization terminated successfully. (HiGHS Status 7: Optimal),104126.33349802572,104126.3334980258,7.275957614183426e-11,2.0463630789890885e-12,0,0,288,1,8550.000000000005,6000.0,0.012232599998242222,2025-11-30,2025-11-02,2025-11-29,2025-11-30
2025-12-01,stochastic_24h,0,Optimization terminated successfully. (HiGHS Status 7: Optimal),57559.38873714835,57559.38873714831,-4.3655745685100555e-11,1.8189894035458565e-12,0,0,144,28,6000.000000000005,6000.0,0.04300370000419207,2025-11-30,2025-11-02,2025-11-29,2025-11-30
2025-12-02,stochastic_48h,0,Optimization terminated successfully. (HiGHS Status 7: Optimal),115509.86377740845,115509.86377740814,-3.055902197957039e-10,5.4569682106375694e-12,0,0,288,28,8550.000000000005,6000.0,0.0866663999913726,2025-12-01,2025-11-03,2025-11-30,2025-12-01
2025-12-02,deterministic_48h,0,Optimization terminated successfully. (HiGHS Status 7: Optimal),104793.75046863136,104793.75046863139,2.9103830456733704e-11,5.4569682106375694e-12,0,0,288,1,8549.999999999998,6000.0,0.010404100001323968,2025-12-01,2025-11-03,2025-11-30,2025-12-01
2025-12-02,stochastic_24h,0,Optimization terminated successfully. (HiGHS Status 7: Optimal),57807.53072480285,57807.530724802855,7.275957614183426e-12,1.8189894035458565e-12,0,0,144,28,6000.0,6000.0,0.04303209998761304,2025-12-01,2025-11-03,2025-11-30,2025-12-01
2025-12-03,stochastic_48h,0,Optimization terminated successfully. (HiGHS Status 7: Optimal),118346.44772353748,118346.44772353745,-2.9103830456733704e-11,3.637978807091713e-12,0,0,288,28,8550.000000000004,6000.0,0.08906309999292716,2025-12-02,2025-11-04,2025-12-01,2025-12-02
2025-12-03,deterministic_48h,0,Optimization terminated successfully. (HiGHS Status 7: Optimal),106477.80481962074,106477.80481962075,1.4551915228366852e-11,3.637978807091713e-12,0,0,288,1,8550.0,6000.0,0.010932499993941747,2025-12-02,2025-11-04,2025-12-01,2025-12-02
2025-12-03,stochastic_24h,0,Optimization terminated successfully. (HiGHS Status 7: Optimal),59134.53580533155,59134.53580533148,-7.275957614183426e-11,3.637978807091713e-12,0,0,144,28,5999.999999999999,6000.0,0.03930080001009628,2025-12-02,2025-11-04,2025-12-01,2025-12-02
2025-12-04,stochastic_48h,0,Optimization terminated successfully. (HiGHS Status 7: Optimal),85289.7602390725,85289.76023907265,1.6007106751203537e-10,3.637978807091713e-12,0,0,288,28,8550.0,6000.0,0.08474589999241289,2025-12-03,2025-11-05,2025-12-02,2025-12-03
2025-12-04,deterministic_48h,0,Optimization terminated successfully. (HiGHS Status 7: Optimal),73689.39876626174,73689.39876626174,0.0,4.547473508864641e-12,0,0,288,1,8549.999999999998,6000.0,0.011705000011716038,2025-12-03,2025-11-05,2025-12-02,2025-12-03
2025-12-04,stochastic_24h,0,Optimization terminated successfully. (HiGHS Status 7: Optimal),60308.39125838196,60308.39125838192,-4.3655745685100555e-11,3.637978807091713e-12,0,0,144,28,5999.999999999998,6000.0,0.04319719999330118,2025-12-03,2025-11-05,2025-12-02,2025-12-03
2025-12-05,stochastic_48h,0,Optimization terminated successfully. (HiGHS Status 7: Optimal),51260.53661370942,51260.53661370936,-5.820766091346741e-11,3.637978807091713e-12,0,0,288,28,8549.999999999998,6000.0,0.09442760000820272,2025-12-04,2025-11-06,2025-12-03,2025-12-04
2025-12-05,deterministic_48h,0,Optimization terminated successfully. (HiGHS Status 7: Optimal),40243.46675512595,40243.46675512596,1.4551915228366852e-11,1.0913936421275139e-11,0,0,288,1,8509.55358005871,6000.0,0.010569500009296462,2025-12-04,2025-11-06,2025-12-03,2025-12-04
2025-12-05,stochastic_24h,0,Optimization terminated successfully. (HiGHS Status 7: Optimal),25837.264679229513,25837.26467922956,4.729372449219227e-11,1.8189894035458565e-12,0,0,144,28,5999.999999999996,6000.0,0.04469249999965541,2025-12-04,2025-11-06,2025-12-03,2025-12-04
2025-12-06,stochastic_48h,0,Optimization terminated successfully. (HiGHS Status 7: Optimal),87558.19074455778,87558.19074455788,1.0186340659856796e-10,8.185452315956354e-12,0,0,288,28,8549.999999999998,6000.0,0.08865279999736231,2025-12-05,2025-11-07,2025-12-04,2025-12-05
2025-12-06,deterministic_48h,0,Optimization terminated successfully. (HiGHS Status 7: Optimal),74687.89239191833,74687.89239191833,0.0,1.0913936421275139e-11,0,0,288,1,8550.000000000007,6000.0,0.010490100001334213,2025-12-05,2025-11-07,2025-12-04,2025-12-05
2025-12-06,stochastic_24h,0,Optimization terminated successfully. (HiGHS Status 7: Optimal),26358.67547173726,26358.675471737235,-2.546585164964199e-11,3.183231456205249e-12,0,0,144,28,5999.999999999999,6000.0,0.04026890000386629,2025-12-05,2025-11-07,2025-12-04,2025-12-05
2025-12-07,stochastic_48h,0,Optimization terminated successfully. (HiGHS Status 7: Optimal),125673.11406078999,125673.11406078997,-1.4551915228366852e-11,2.7284841053187847e-12,0,0,288,28,8550.000000000004,6000.0,0.08625839999876916,2025-12-06,2025-11-08,2025-12-05,2025-12-06
2025-12-07,deterministic_48h,0,Optimization terminated successfully. (HiGHS Status 7: Optimal),110919.20321310493,110919.20321310501,7.275957614183426e-11,5.4569682106375694e-12,0,0,288,1,8550.000000000007,6000.0,0.013674300003913231,2025-12-06,2025-11-08,2025-12-05,2025-12-06
2025-12-07,stochastic_24h,0,Optimization terminated successfully. (HiGHS Status 7: Optimal),62384.150606363146,62384.15060636307,-7.275957614183426e-11,3.637978807091713e-12,0,0,144,28,6000.000000000003,6000.0,0.0473881999932928,2025-12-06,2025-11-08,2025-12-05,2025-12-06
2025-12-08,stochastic_48h,0,Optimization terminated successfully. (HiGHS Status 7: Optimal),127342.76675884974,127342.76675884992,1.7462298274040222e-10,3.637978807091713e-12,0,0,288,28,8550.000000000002,6000.0,0.07927309999649879,2025-12-07,2025-11-09,2025-12-06,2025-12-07
2025-12-08,deterministic_48h,0,Optimization terminated successfully. (HiGHS Status 7: Optimal),112080.00165251915,112080.00165251922,7.275957614183426e-11,3.637978807091713e-12,0,0,288,1,8550.000000000004,6000.0,0.012703000000328757,2025-12-07,2025-11-09,2025-12-06,2025-12-07
2025-12-08,stochastic_24h,0,Optimization terminated successfully. (HiGHS Status 7: Optimal),63974.741200470526,63974.74120047056,3.637978807091713e-11,2.2737367544323206e-12,0,0,144,28,6000.0,6000.0,0.04258389999449719,2025-12-07,2025-11-09,2025-12-06,2025-12-07
2025-12-09,stochastic_48h,0,Optimization terminated successfully. (HiGHS Status 7: Optimal),126844.91720640175,126844.91720640176,1.4551915228366852e-11,7.275957614183426e-12,0,0,288,28,8550.0,6000.0,0.07779730000765994,2025-12-08,2025-11-10,2025-12-07,2025-12-08
2025-12-09,deterministic_48h,0,Optimization terminated successfully. (HiGHS Status 7: Optimal),111582.88162351304,111582.88162351307,2.9103830456733704e-11,7.275957614183426e-12,0,0,288,1,8550.000000000004,6000.0,0.010194100002991036,2025-12-08,2025-11-10,2025-12-07,2025-12-08
2025-12-09,stochastic_24h,0,Optimization terminated successfully. (HiGHS Status 7: Optimal),63913.72389104456,63913.72389104455,-7.275957614183426e-12,3.637978807091713e-12,0,0,144,28,6000.000000000001,6000.0,0.03996349999215454,2025-12-08,2025-11-10,2025-12-07,2025-12-08
2025-12-10,stochastic_48h,0,Optimization terminated successfully. (HiGHS Status 7: Optimal),126691.45990944744,126691.45990944732,-1.1641532182693481e-10,3.183231456205249e-12,0,0,288,28,8550.000000000004,6000.0,0.08254420000594109,2025-12-09,2025-11-11,2025-12-08,2025-12-09
2025-12-10,deterministic_48h,0,Optimization terminated successfully. (HiGHS Status 7: Optimal),111408.99942805691,111408.99942805688,-2.9103830456733704e-11,7.275957614183426e-12,0,0,288,1,8549.999999999998,6000.0,0.01131280000845436,2025-12-09,2025-11-11,2025-12-08,2025-12-09
2025-12-10,stochastic_24h,0,Optimization terminated successfully. (HiGHS Status 7: Optimal),63617.23901905442,63617.2390190544,-1.4551915228366852e-11,1.8189894035458565e-12,0,0,144,28,6000.000000000004,6000.0,0.047615600007702596,2025-12-09,2025-11-11,2025-12-08,2025-12-09
2025-12-11,stochastic_48h,0,Optimization terminated successfully. (HiGHS Status 7: Optimal),91143.73033788637,91143.73033788605,-3.2014213502407074e-10,5.4569682106375694e-12,0,0,288,28,8550.000000000002,6000.0,0.0846845000050962,2025-12-10,2025-11-12,2025-12-09,2025-12-10
2025-12-11,deterministic_48h,0,Optimization terminated successfully. (HiGHS Status 7: Optimal),77161.23420736953,77161.23420736952,-1.4551915228366852e-11,9.094947017729282e-12,0,0,288,1,8549.999999999996,6000.0,0.009559500002069399,2025-12-10,2025-11-12,2025-12-09,2025-12-10
2025-12-11,stochastic_24h,0,Optimization terminated successfully. (HiGHS Status 7: Optimal),63960.99229209766,63960.99229209768,2.1827872842550278e-11,5.9117155615240335e-12,0,0,144,28,6000.0,6000.0,0.041212299998733215,2025-12-10,2025-11-12,2025-12-09,2025-12-10
2025-12-12,stochastic_48h,0,Optimization terminated successfully. (HiGHS Status 7: Optimal),54761.766745921756,54761.76674592183,7.275957614183426e-11,5.002220859751105e-12,0,0,288,28,8549.999999999996,6000.0,0.09979399999429006,2025-12-11,2025-11-13,2025-12-10,2025-12-11
2025-12-12,deterministic_48h,0,Optimization terminated successfully. (HiGHS Status 7: Optimal),42189.26358817052,42189.26358817053,7.275957614183426e-12,1.0913936421275139e-11,0,0,288,1,8549.99999999999,6000.0,0.010109199996804819,2025-12-11,2025-11-13,2025-12-10,2025-12-11
2025-12-12,stochastic_24h,0,Optimization terminated successfully. (HiGHS Status 7: Optimal),27806.531183645042,27806.531183645046,3.637978807091713e-12,2.2737367544323206e-12,0,0,144,28,5999.9999999999945,6000.0,0.044733499991707504,2025-12-11,2025-11-13,2025-12-10,2025-12-11
2025-12-13,stochastic_48h,0,Optimization terminated successfully. (HiGHS Status 7: Optimal),90695.27695267898,90695.27695267898,0.0,7.275957614183426e-12,0,0,288,28,8550.0,6000.0,0.09419460000935942,2025-12-12,2025-11-14,2025-12-11,2025-12-12
2025-12-13,deterministic_48h,0,Optimization terminated successfully. (HiGHS Status 7: Optimal),76615.84381503075,76615.84381503073,-1.4551915228366852e-11,7.275957614183426e-12,0,0,288,1,8549.999999999996,6000.0,0.010670899995602667,2025-12-12,2025-11-14,2025-12-11,2025-12-12
2025-12-13,stochastic_24h,0,Optimization terminated successfully. (HiGHS Status 7: Optimal),28003.74061492318,28003.740614923183,3.637978807091713e-12,3.637978807091713e-12,0,0,144,28,6000.000000000002,6000.0,0.04392690000531729,2025-12-12,2025-11-14,2025-12-11,2025-12-12
2025-12-14,stochastic_48h,0,Optimization terminated successfully. (HiGHS Status 7: Optimal),128403.38176139344,128403.3817613935,5.820766091346741e-11,7.275957614183426e-12,0,0,288,28,8549.999999999995,6000.0,0.0790009999909671,2025-12-13,2025-11-15,2025-12-12,2025-12-13
2025-12-14,deterministic_48h,0,Optimization terminated successfully. (HiGHS Status 7: Optimal),112659.28104401488,112659.2810440149,2.9103830456733704e-11,5.4569682106375694e-12,0,0,288,1,8550.0,6000.0,0.010846399993170053,2025-12-13,2025-11-15,2025-12-12,2025-12-13
2025-12-14,stochastic_24h,0,Optimization terminated successfully. (HiGHS Status 7: Optimal),64229.99259807777,64229.992598077755,-1.4551915228366852e-11,1.8189894035458565e-12,0,0,144,28,5999.999999999996,6000.0,0.03785589999461081,2025-12-13,2025-11-15,2025-12-12,2025-12-13
2025-12-15,stochastic_48h,0,Optimization terminated successfully. (HiGHS Status 7: Optimal),129897.28736938795,129897.28736938801,5.820766091346741e-11,7.275957614183426e-12,0,0,288,28,8549.999999999995,6000.0,0.08417980000376701,2025-12-14,2025-11-16,2025-12-13,2025-12-14
2025-12-15,deterministic_48h,0,Optimization terminated successfully. (HiGHS Status 7: Optimal),113992.56214829443,113992.5621482945,7.275957614183426e-11,7.275957614183426e-12,0,0,288,1,8549.999999999996,6000.0,0.010510699998121709,2025-12-14,2025-11-16,2025-12-13,2025-12-14
2025-12-15,stochastic_24h,0,Optimization terminated successfully. (HiGHS Status 7: Optimal),65357.31859953805,65357.318599538085,3.637978807091713e-11,1.8189894035458565e-12,0,0,144,28,6000.000000000002,6000.0,0.039726100003463216,2025-12-14,2025-11-16,2025-12-13,2025-12-14
2025-12-16,stochastic_48h,0,Optimization terminated successfully. (HiGHS Status 7: Optimal),130226.74782610631,130226.74782610641,1.0186340659856796e-10,7.275957614183426e-12,0,0,288,28,8549.999999999996,6000.0,0.08400030000484549,2025-12-15,2025-11-17,2025-12-14,2025-12-15
2025-12-16,deterministic_48h,0,Optimization terminated successfully. (HiGHS Status 7: Optimal),114257.89291396161,114257.89291396164,2.9103830456733704e-11,8.185452315956354e-12,0,0,288,1,8549.999999999995,6000.0,0.01092669999343343,2025-12-15,2025-11-17,2025-12-14,2025-12-15
2025-12-16,stochastic_24h,0,Optimization terminated successfully. (HiGHS Status 7: Optimal),65746.15049238024,65746.15049238026,1.4551915228366852e-11,3.637978807091713e-12,0,0,144,28,6000.000000000002,6000.0,0.04254179999406915,2025-12-15,2025-11-17,2025-12-14,2025-12-15
2025-12-17,stochastic_48h,0,Optimization terminated successfully. (HiGHS Status 7: Optimal),130641.41862381111,130641.41862381113,1.4551915228366852e-11,7.275957614183426e-12,0,0,288,28,8549.999999999995,6000.0,0.0889490000117803,2025-12-16,2025-11-18,2025-12-15,2025-12-16
2025-12-17,deterministic_48h,0,Optimization terminated successfully. (HiGHS Status 7: Optimal),114619.83300647372,114619.83300647371,-1.4551915228366852e-11,7.275957614183426e-12,0,0,288,1,8549.999999999995,6000.0,0.010692500000004657,2025-12-16,2025-11-18,2025-12-15,2025-12-16
2025-12-17,stochastic_24h,0,Optimization terminated successfully. (HiGHS Status 7: Optimal),65788.82826377221,65788.82826377235,1.3096723705530167e-10,3.637978807091713e-12,0,0,144,28,5999.999999999998,6000.0,0.03849599999375641,2025-12-16,2025-11-18,2025-12-15,2025-12-16
2025-12-18,stochastic_48h,0,Optimization terminated successfully. (HiGHS Status 7: Optimal),94329.9009886855,94329.90098868546,-4.3655745685100555e-11,5.4569682106375694e-12,0,0,288,28,8549.999999999998,6000.0,0.08923930001037661,2025-12-17,2025-11-19,2025-12-16,2025-12-17
2025-12-18,deterministic_48h,0,Optimization terminated successfully. (HiGHS Status 7: Optimal),79591.29278974382,79591.2927897439,7.275957614183426e-11,6.366462912410498e-12,0,0,288,1,8549.999999999996,6000.0,0.013393400004133582,2025-12-17,2025-11-19,2025-12-16,2025-12-17
2025-12-18,stochastic_24h,0,Optimization terminated successfully. (HiGHS Status 7: Optimal),65709.96845426149,65709.96845426157,8.731149137020111e-11,3.637978807091713e-12,0,0,144,28,6000.000000000003,6000.0,0.03810429999430198,2025-12-17,2025-11-19,2025-12-16,2025-12-17
2025-12-19,stochastic_48h,0,Optimization terminated successfully. (HiGHS Status 7: Optimal),57913.56904540206,57913.569045402175,1.1641532182693481e-10,3.637978807091713e-12,0,0,288,28,8549.999999999996,6000.0,0.0999322999996366,2025-12-18,2025-11-20,2025-12-17,2025-12-18
2025-12-19,deterministic_48h,0,Optimization terminated successfully. (HiGHS Status 7: Optimal),44436.06873942113,44436.068739421105,-2.1827872842550278e-11,5.4569682106375694e-12,0,0,288,1,8549.999999999996,6000.0,0.009976400004234165,2025-12-18,2025-11-20,2025-12-17,2025-12-18
2025-12-19,stochastic_24h,0,Optimization terminated successfully. (HiGHS Status 7: Optimal),29448.549201704118,29448.549201704158,4.001776687800884e-11,7.275957614183426e-12,0,0,144,28,5999.999999999998,6000.0,0.04566709999926388,2025-12-18,2025-11-20,2025-12-17,2025-12-18
2025-12-20,stochastic_48h,0,Optimization terminated successfully. (HiGHS Status 7: Optimal),94049.26428875777,94049.26428875768,-8.731149137020111e-11,5.9117155615240335e-12,0,0,288,28,8550.0,6000.0,0.08580250000522938,2025-12-19,2025-11-21,2025-12-18,2025-12-19
2025-12-20,deterministic_48h,0,Optimization terminated successfully. (HiGHS Status 7: Optimal),79224.93489416105,79224.93489416108,2.9103830456733704e-11,5.4569682106375694e-12,0,0,288,1,8550.000000000002,6000.0,0.01166170000215061,2025-12-19,2025-11-21,2025-12-18,2025-12-19
2025-12-20,stochastic_24h,0,Optimization terminated successfully. (HiGHS Status 7: Optimal),29553.37369124445,29553.3736912445,4.729372449219227e-11,3.637978807091713e-12,0,0,144,28,6000.000000000006,6000.0,0.04508870000427123,2025-12-19,2025-11-21,2025-12-18,2025-12-19
2025-12-21,stochastic_48h,0,Optimization terminated successfully. (HiGHS Status 7: Optimal),131551.07468707475,131551.0746870747,-5.820766091346741e-11,2.7284841053187847e-12,0,0,288,28,8550.000000000005,6000.0,0.07783900000504218,2025-12-20,2025-11-22,2025-12-19,2025-12-20
2025-12-21,deterministic_48h,0,Optimization terminated successfully. (HiGHS Status 7: Optimal),115348.66652458106,115348.66652458107,1.4551915228366852e-11,2.7284841053187847e-12,0,0,288,1,8550.000000000004,6000.0,0.010716200005845167,2025-12-20,2025-11-22,2025-12-19,2025-12-20
2025-12-21,stochastic_24h,0,Optimization terminated successfully. (HiGHS Status 7: Optimal),65798.7751596856,65798.7751596857,1.0186340659856796e-10,2.7284841053187847e-12,0,0,144,28,6000.000000000004,6000.0,0.03850280000187922,2025-12-20,2025-11-22,2025-12-19,2025-12-20
2025-12-22,stochastic_48h,0,Optimization terminated successfully. (HiGHS Status 7: Optimal),132696.0341056983,132696.0341056982,-8.731149137020111e-11,1.8189894035458565e-12,0,0,288,28,8550.0,6000.0,0.08341190000646748,2025-12-21,2025-11-23,2025-12-20,2025-12-21
2025-12-22,deterministic_48h,0,Optimization terminated successfully. (HiGHS Status 7: Optimal),116458.81160668234,116458.81160668234,0.0,5.4569682106375694e-12,0,0,288,1,8550.0,6000.0,0.010556699999142438,2025-12-21,2025-11-23,2025-12-20,2025-12-21
2025-12-22,stochastic_24h,0,Optimization terminated successfully. (HiGHS Status 7: Optimal),66803.5809282666,66803.58092826665,4.3655745685100555e-11,3.637978807091713e-12,0,0,144,28,5999.999999999999,6000.0,0.03862049999588635,2025-12-21,2025-11-23,2025-12-20,2025-12-21
2025-12-23,stochastic_48h,0,Optimization terminated successfully. (HiGHS Status 7: Optimal),132468.69522138798,132468.69522138804,5.820766091346741e-11,3.637978807091713e-12,0,0,288,28,8550.0,6000.0,0.08198479999555275,2025-12-22,2025-11-24,2025-12-21,2025-12-22
2025-12-23,deterministic_48h,0,Optimization terminated successfully. (HiGHS Status 7: Optimal),116184.00675622997,116184.00675622998,1.4551915228366852e-11,3.637978807091713e-12,0,0,288,1,8550.000000000004,6000.0,0.010111399999004789,2025-12-22,2025-11-24,2025-12-21,2025-12-22
2025-12-23,stochastic_24h,0,Optimization terminated successfully. (HiGHS Status 7: Optimal),66985.30594102634,66985.30594102637,2.9103830456733704e-11,3.637978807091713e-12,0,0,144,28,5999.999999999999,6000.0,0.04037639999296516,2025-12-22,2025-11-24,2025-12-21,2025-12-22
2025-12-24,stochastic_48h,0,Optimization terminated successfully. (HiGHS Status 7: Optimal),131477.9728838586,131477.97288385875,1.4551915228366852e-10,3.637978807091713e-12,0,0,288,28,8550.000000000004,6000.0,0.08302530000219122,2025-12-23,2025-11-25,2025-12-22,2025-12-23
2025-12-24,deterministic_48h,0,Optimization terminated successfully. (HiGHS Status 7: Optimal),115207.3613495875,115207.36134958747,-2.9103830456733704e-11,2.7284841053187847e-12,0,0,288,1,8550.0,6000.0,0.010153499999432825,2025-12-23,2025-11-25,2025-12-22,2025-12-23
2025-12-24,stochastic_24h,0,Optimization terminated successfully. (HiGHS Status 7: Optimal),66308.2685148886,66308.2685148888,2.0372681319713593e-10,3.637978807091713e-12,0,0,144,28,6000.000000000002,6000.0,0.0430802000046242,2025-12-23,2025-11-25,2025-12-22,2025-12-23
2025-12-25,stochastic_48h,0,Optimization terminated successfully. (HiGHS Status 7: Optimal),95515.82860079707,95515.82860079716,8.731149137020111e-11,5.4569682106375694e-12,0,0,288,28,8549.999999999998,6000.0,0.09160090000659693,2025-12-24,2025-11-26,2025-12-23,2025-12-24
2025-12-25,deterministic_48h,0,Optimization terminated successfully. (HiGHS Status 7: Optimal),80437.58445797859,80437.5844579786,1.4551915228366852e-11,3.637978807091713e-12,0,0,288,1,8550.0,6000.0,0.012017499990179203,2025-12-24,2025-11-26,2025-12-23,2025-12-24
2025-12-25,stochastic_24h,0,Optimization terminated successfully. (HiGHS Status 7: Optimal),66349.63792197658,66349.63792197673,1.4551915228366852e-10,1.8189894035458565e-12,0,0,144,28,5999.999999999996,6000.0,0.03861980000510812,2025-12-24,2025-11-26,2025-12-23,2025-12-24
2025-12-26,stochastic_48h,0,Optimization terminated successfully. (HiGHS Status 7: Optimal),58937.512769703484,58937.512769703535,5.093170329928398e-11,3.637978807091713e-12,0,0,288,28,8549.999999999998,6000.0,0.09712809999473393,2025-12-25,2025-11-27,2025-12-24,2025-12-25
2025-12-26,deterministic_48h,0,Optimization terminated successfully. (HiGHS Status 7: Optimal),45180.072460171585,45180.07246017156,-2.1827872842550278e-11,5.4569682106375694e-12,0,0,288,1,8550.000000000004,6000.0,0.010301999995135702,2025-12-25,2025-11-27,2025-12-24,2025-12-25
2025-12-26,stochastic_24h,0,Optimization terminated successfully. (HiGHS Status 7: Optimal),30097.397009895856,30097.397009895914,5.820766091346741e-11,3.637978807091713e-12,0,0,144,28,5999.999999999999,6000.0,0.049181200010934845,2025-12-25,2025-11-27,2025-12-24,2025-12-25
2025-12-27,stochastic_48h,0,Optimization terminated successfully. (HiGHS Status 7: Optimal),95499.43108505024,95499.43108505009,-1.4551915228366852e-10,3.637978807091713e-12,0,0,288,28,8550.0,6000.0,0.08659049999550916,2025-12-26,2025-11-28,2025-12-25,2025-12-26
2025-12-27,deterministic_48h,0,Optimization terminated successfully. (HiGHS Status 7: Optimal),80461.25543328164,80461.25543328156,-7.275957614183426e-11,5.4569682106375694e-12,0,0,288,1,8550.000000000004,6000.0,0.009785400005057454,2025-12-26,2025-11-28,2025-12-25,2025-12-26
2025-12-27,stochastic_24h,0,Optimization terminated successfully. (HiGHS Status 7: Optimal),30263.390855715672,30263.390855715716,4.3655745685100555e-11,1.8189894035458565e-12,0,0,144,28,6000.000000000003,6000.0,0.04125209999619983,2025-12-26,2025-11-28,2025-12-25,2025-12-26
2025-12-28,stochastic_48h,0,Optimization terminated successfully. (HiGHS Status 7: Optimal),133308.24379415912,133308.24379415956,4.3655745685100555e-10,3.637978807091713e-12,0,0,288,28,8550.0,6000.0,0.07632579999335576,2025-12-27,2025-11-29,2025-12-26,2025-12-27
2025-12-28,deterministic_48h,0,Optimization terminated successfully. (HiGHS Status 7: Optimal),117112.55369045882,117112.55369045876,-5.820766091346741e-11,1.8189894035458565e-12,0,0,288,1,8550.000000000004,6000.0,0.012281899995286949,2025-12-27,2025-11-29,2025-12-26,2025-12-27
2025-12-28,stochastic_24h,0,Optimization terminated successfully. (HiGHS Status 7: Optimal),66757.60966221617,66757.60966221621,4.3655745685100555e-11,9.094947017729282e-13,0,0,144,28,6000.000000000001,6000.0,0.03909990000829566,2025-12-27,2025-11-29,2025-12-26,2025-12-27
2025-12-29,stochastic_48h,0,Optimization terminated successfully. (HiGHS Status 7: Optimal),133882.6738427692,133882.67384276973,5.238689482212067e-10,3.637978807091713e-12,0,0,288,28,8550.000000000002,6000.0,0.08021210000151768,2025-12-28,2025-11-30,2025-12-27,2025-12-28
2025-12-29,deterministic_48h,0,Optimization terminated successfully. (HiGHS Status 7: Optimal),117824.37910352241,117824.3791035224,-1.4551915228366852e-11,3.637978807091713e-12,0,0,288,1,8550.0,6000.0,0.01098679999995511,2025-12-28,2025-11-30,2025-12-27,2025-12-28
2025-12-29,stochastic_24h,0,Optimization terminated successfully. (HiGHS Status 7: Optimal),67510.05671262924,67510.05671262924,0.0,5.4569682106375694e-12,0,0,144,28,6000.000000000001,6000.0,0.0413877999963006,2025-12-28,2025-11-30,2025-12-27,2025-12-28
2025-12-30,stochastic_48h,0,Optimization terminated successfully. (HiGHS Status 7: Optimal),133251.80598355256,133251.80598355297,4.0745362639427185e-10,3.637978807091713e-12,0,0,288,28,8550.000000000004,6000.0,0.08068270000512712,2025-12-29,2025-12-01,2025-12-28,2025-12-29
2025-12-30,deterministic_48h,0,Optimization terminated successfully. (HiGHS Status 7: Optimal),117472.88947010318,117472.88947010317,-1.4551915228366852e-11,4.547473508864641e-12,0,0,288,1,8550.0,6000.0,0.01046150000183843,2025-12-29,2025-12-01,2025-12-28,2025-12-29
2025-12-30,stochastic_24h,0,Optimization terminated successfully. (HiGHS Status 7: Optimal),67582.26018415179,67582.2601841519,1.1641532182693481e-10,1.8189894035458565e-12,0,0,144,28,6000.000000000004,6000.0,0.039458300001570024,2025-12-29,2025-12-01,2025-12-28,2025-12-29
2025-12-31,stochastic_48h,0,Optimization terminated successfully. (HiGHS Status 7: Optimal),65200.4511256465,65200.45112564651,1.4551915228366852e-11,3.637978807091713e-12,0,0,144,28,8549.999999999998,6000.0,0.04140190000180155,2025-12-30,2025-12-03,2025-12-30,2025-12-30
2025-12-31,deterministic_48h,0,Optimization terminated successfully. (HiGHS Status 7: Optimal),57739.054850913315,57739.05485091334,2.1827872842550278e-11,2.7284841053187847e-12,0,0,144,1,8550.0,6000.0,0.007119000001694076,2025-12-30,2025-12-03,2025-12-30,2025-12-30
2025-12-31,stochastic_24h,0,Optimization terminated successfully. (HiGHS Status 7: Optimal),66410.75112564643,66410.75112564652,8.731149137020111e-11,1.8189894035458565e-12,0,0,144,28,5999.999999999998,6000.0,0.03904980000515934,2025-12-30,2025-12-03,2025-12-30,2025-12-30
