date,planned_cost_yuan,increase_cost_yuan,cancellation_refund_yuan,breach_cost_yuan,adjustment_net_yuan,emergency_cost_yuan,total_cost_yuan,original_kwh,adjusted_kwh,increase_kwh,decrease_kwh,emergency_kwh,dump_kwh,charge_kwh,discharge_kwh,energy_start_kwh,energy_end_kwh,lp_eq_max,lp_ineq_max,max_tree_nodes,raw_simultaneous_slots
2025-02-01,24756.466673554714,0.0,592.9101804270437,296.4550902135218,-296.4550902135218,401.32107728641233,24861.332660627606,48067.01032779856,46901.365801007785,0.0,1165.6445267907757,98.12523361586571,8065.753103162588,22374.311972352632,17818.749974224902,6000.0,8443.524415003492,1.8189894035458565e-12,1.1368683772161603e-13,3,0
2025-02-02,56097.3263777631,0.0,306.0417471038801,153.02087355194004,-153.02087355194004,263.4961534089696,56207.80165762012,89816.1983145375,89274.60237066858,0.0,541.5959438689327,42.062259748278166,8449.755311454539,25089.728702123022,22579.097333160717,8443.524415003492,8445.272626185673,1.8189894035458565e-12,1.1368683772161603e-13,3,0
2025-02-03,55195.3422960441,0.0,264.12591451229656,132.06295725614828,-132.06295725614828,870.6631010467266,55933.942439834675,88535.25841436168,88167.42243964142,0.0,367.8359747202502,223.68815570708475,5630.322972365975,25262.46568982539,22718.594566842847,8445.272626185673,8463.850537313885,1.8189894035458565e-12,1.1368683772161603e-13,3,0
2025-02-04,55285.32665273379,26.98852123847995,77.57775297174261,38.788876485871306,-11.800355247391359,1454.4635616089433,56727.98985909534,88576.35120668483,88482.93749419058,22.51858259364201,115.93229508788329,408.69780246245534,5141.75730481788,25323.30527335171,22768.291231516538,8463.850537313885,8487.761061033036,9.094947017729282e-13,1.1368683772161603e-13,3,0
2025-02-05,53560.14300568291,252.36240039799495,0.0,0.0,252.36240039799495,2144.768542072496,55957.2739481534,86020.19533693958,86350.80269520021,330.6073582606409,0.0,569.3467469192121,3718.845231170905,24761.226211151923,22308.34898353673,8487.761061033036,8463.258264844078,1.8189894035458565e-12,1.1368683772161603e-13,3,0
2025-02-06,54433.799425747624,0.0,63.83247569034648,31.91623784517324,-31.91623784517324,1284.6371749453624,55686.52036284782,87167.80500082148,87082.96179963314,0.0,84.84320118833057,282.43956833033087,5102.959843467099,24676.36681054268,22684.982502712977,8463.258264844078,7961.244184694,1.8189894035458565e-12,1.1368683772161603e-13,3,0
2025-02-07,20998.663528859128,0.0,0.0,0.0,0.0,838.8931264920809,21837.55665535121,40806.70557240771,40806.70557240771,0.0,0.0,213.92082884048477,7724.383350734709,18896.822295441336,17406.258911594516,7961.244184694,7540.53598152706,9.094947017729282e-13,1.1368683772161603e-13,3,0
2025-02-08,20006.203215188318,69.61158474427882,0.0,0.0,69.61158474427882,919.0575452139703,20994.872345146567,38852.59750621777,38916.49870048379,63.90119426602149,0.0,215.76533873670223,4779.557783405413,19182.611219765244,16407.067680616834,7540.53598152706,8444.190993619664,9.094947017729282e-13,1.1368683772161603e-13,3,0
2025-02-09,52645.08918415327,121.76489749151705,0.09357914237447716,0.04678957118723858,121.71810792032981,1638.4072016595774,54405.214493733176,84682.21458581832,84813.18196246377,131.09651580582,0.1291391603710963,506.4940429051675,3362.441740866836,24263.736845854404,21861.918548018963,8444.190993619664,8418.307343300892,1.8189894035458565e-12,1.1368683772161603e-13,3,0
2025-02-10,52185.94426782997,0.0,1894.1841198956122,947.0920599478061,-947.0920599478061,604.0889674658646,51842.94117534802,84126.51446315527,81323.94792388553,0.0,2802.5665392697474,183.02022505131492,4808.007785995103,23690.765913583993,21318.44313397559,8418.307343300892,8421.729126162118,9.094947017729282e-13,1.1368683772161603e-13,3,0
2025-02-11,51808.97460591144,0.0,733.8583717336604,366.9291858668302,-366.9291858668302,658.0458064866729,52100.09122653128,83708.39263582065,82647.82294356666,0.0,1060.5696922540037,154.57988692461606,5026.228458999003,24125.950944089174,21570.37370593026,8421.729126162118,8572.445539156652,1.8189894035458565e-12,1.1368683772161603e-13,3,0
2025-02-12,51507.42660190385,0.0,876.9153233497393,438.45766167486966,-438.45766167486966,1403.843381204164,52472.81232143314,83138.07605421462,81851.24747542989,0.0,1286.8285787847274,343.84206391302024,4477.047646440399,24203.409898191618,21752.104138622446,8572.445539156652,8605.085272367547,9.094947017729282e-13,1.1368683772161603e-13,3,0
2025-02-13,49540.098924504506,0.0,1206.9407882696823,603.4703941348412,-603.4703941348412,723.9193099486355,49660.54784031831,79771.99110411954,78015.09605178414,0.0,1756.8950523353878,257.10788628689767,6064.327768473029,22144.068989289917,21265.671836358568,8605.085272367547,7196.807347855684,1.8189894035458565e-12,1.1368683772161603e-13,3,0
2025-02-14,18507.359503612566,66.65583348021882,0.0,0.0,66.65583348021882,1786.7437006462674,20360.75903773905,35889.18898566597,35946.97954755023,57.79056188426576,0.0,481.89290349855804,5209.807579122142,17430.659240359244,16013.396185099267,7196.807347855684,6853.380970006032,1.8189894035458565e-12,1.1368683772161603e-13,3,0
2025-02-15,19197.13221887002,0.0,11.053912765781376,5.526956382890688,-5.526956382890688,1477.3399992716445,20668.945261758774,37310.637205623294,37297.4721142647,0.0,13.165091358588256,381.33194385240853,5038.8564307960005,18843.60965297519,15483.753125654075,6853.380970006032,8408.6898544943,1.8189894035458565e-12,1.1368683772161603e-13,3,0
2025-02-16,49664.52060247927,0.0,632.1885407792337,316.09427038961684,-316.09427038961684,3397.947642008912,52746.37397409856,80681.5384131106,79727.77100303324,0.0,953.7674100773554,918.7987978663161,2916.744293030507,23433.078801190473,21080.632393321426,8408.6898544943,8418.322708544518,9.094947017729282e-13,1.1368683772161603e-13,3,0
2025-02-17,49453.33399426464,21.490608819193653,966.6286361959993,483.31431809799966,-461.823709278806,230.5856376332045,49222.095922619046,80615.37403755497,79112.39549964588,18.846435356025495,1521.824973265118,92.14164266889193,5639.71193340061,23389.197919974973,21008.235877727475,8418.322708544518,8462.63913146078,9.094947017729282e-13,1.1368683772161603e-13,3,0
2025-02-18,47438.96261626843,45.02596810047042,0.0,0.0,45.02596810047042,3215.778757507892,50699.767341876795,77402.29775647048,77441.13199374467,38.834237274186,0.0,787.723218687569,3889.1836658299208,22729.79200518976,20481.508241920783,8462.63913146078,8436.607854952861,4.547473508864641e-13,1.1368683772161603e-13,3,0
2025-02-19,47600.87221493012,0.0,138.47807690204377,69.23903845102188,-69.23903845102188,3463.480734000278,50995.11391047938,77655.67438463832,77356.15946096198,0.0,299.51492367635126,927.7809346903964,3084.3057582890624,23262.171237799826,20941.86398376985,8436.607854952861,8430.378305257884,9.094947017729282e-13,1.1368683772161603e-13,3,0
2025-02-20,47289.183288389206,262.61677538498293,129.10142384613846,64.55071192306923,198.06606346191367,1710.9694427905758,49198.21879464169,76666.30078439676,76609.0408851297,216.77670726215058,274.0366065292276,415.62310158579214,5773.458578644093,21098.23165978049,20840.159985042428,8430.378305257884,6478.460847613988,9.094947017729282e-13,1.1368683772161603e-13,3,0
2025-02-21,18030.33112137798,0.0,0.0,0.0,0.0,1022.1072504159953,19052.438371793978,34975.927180211416,34975.927180211416,0.0,0.0,272.47782943702623,8270.214359829588,16834.985640920204,15417.057024434678,6478.460847613988,6198.525543437947,9.094947017729282e-13,1.1368683772161603e-13,3,0
2025-02-22,18846.051139776508,80.88701526870273,0.0,0.0,80.88701526870273,1880.2622024239793,20807.20035746919,37004.35815144982,37073.17638693069,68.81823548085845,0.0,471.5105867326073,5673.020772315432,19027.098061680455,15000.19474366593,6198.525543437947,8437.62210623353,9.094947017729282e-13,1.1368683772161603e-13,3,0
2025-02-23,46874.08476560876,84.30431092808686,0.0,0.0,84.30431092808686,3435.349968637742,50393.739045174574,76827.26888892564,76901.12317853313,73.85428960750528,0.0,1014.5107652768686,4085.689907403619,23007.13574073047,20709.04538765742,8437.62210623353,8434.856988511536,1.8189894035458565e-12,1.1368683772161603e-13,3,0
2025-02-24,46394.53057036885,231.61940075569427,0.0,0.0,231.61940075569427,1296.2908580501635,47922.44082917471,75914.24685237742,76256.8546707558,342.6078183783944,0.0,284.74499285918057,6111.105265479132,22350.441562191874,20122.980780722683,8434.856988511536,8426.863409657999,9.094947017729282e-13,1.1368683772161603e-13,3,0
2025-02-25,46578.12278868252,66.22334203841372,742.3076343407103,371.1538171703551,-304.9304751319414,1347.6370754611971,47620.82938901178,76415.07516258667,75511.15232945845,63.03415026654915,966.9569833947724,338.7036905472744,7801.139400528525,22266.76436143855,20039.370975294696,8426.863409657999,8427.619141314151,9.094947017729282e-13,1.1368683772161603e-13,3,0
2025-02-26,44921.486319959644,0.0,6.4916810289334705,3.2458405144667353,-3.2458405144667353,3361.0439054619387,48279.28438490711,73917.701996467,73903.05470172662,0.0,14.647294740373354,867.4122782777379,3762.755554523771,21844.338108972723,19651.474716825454,8427.619141314151,8436.504700137968,1.8189894035458565e-12,1.1368683772161603e-13,3,0
2025-02-27,44223.86351634731,5.496767423878096,211.34056027905513,105.67028013952756,-100.17351271564948,2017.8305257465831,46141.520529378235,71762.43320189344,71343.19031344003,5.311656205129339,424.5545446585428,421.1029185229271,5120.823910844647,19395.03889203382,19708.15377091551,8436.504700137968,6062.036031074159,9.094947017729282e-13,1.1368683772161603e-13,3,0
2025-02-28,17459.83249855318,0.0,22.588865025879418,11.294432512939709,-11.294432512939709,763.9877864321859,18212.525852472427,33841.576738118965,33814.56262854275,0.0,27.01410957621902,228.8597302369982,9415.287221622857,16213.72195645177,14878.180369294878,6062.036031074159,5760.744115135876,1.8189894035458565e-12,1.1368683772161603e-13,3,0
2025-03-01,18610.173652603087,0.0,1.791667918220864,0.895833959110432,-0.895833959110432,910.2687876227936,19519.54660626677,36623.81161551267,36621.52135868253,0.0,2.2902568301429937,264.21121016902873,8778.61551565537,19266.107075394855,14817.755955532004,5760.744115135876,8418.891905347193,9.094947017729282e-13,1.1368683772161603e-13,3,0
2025-03-02,45072.690413965596,1534.0746618143062,0.0,0.0,1534.0746618143062,10028.072882974368,56634.83795875427,74132.61080856304,75700.50740903392,1567.896600470871,0.0,2600.7764752153994,3684.7743524274983,22652.357654051582,20394.155188896435,8418.891905347193,8411.478155927916,1.8189894035458565e-12,1.1368683772161603e-13,3,0
2025-03-03,46188.730008051134,428.27984518996516,370.6757672890765,185.33788364453824,242.94196154542692,5913.304008593275,52344.97597818983,75860.60750603779,75553.63891958325,353.9850926956039,660.9536791501514,1454.8161259501494,2700.266979395369,22844.11215554694,20553.070722742246,8411.478155927916,8418.467018558498,9.094947017729282e-13,1.1368683772161603e-13,3,0
2025-03-04,44971.67766327251,446.08753086630554,7.013643063535146,3.506821531767573,442.58070933453797,2116.728817598161,47530.98719020521,73737.04068995209,74093.93883657968,367.5248785420389,10.626731914447191,769.4686966895772,3431.673189565434,22261.922691204847,20029.646280834364,8418.467018558498,8424.880266543889,9.094947017729282e-13,1.1368683772161603e-13,3,0
2025-03-05,45753.305727369996,13.922558857493398,202.19420771038145,101.09710385519072,-87.17454499769732,378.46031933578047,46044.591501708084,75231.54897552129,74881.41521684866,10.556434254287069,360.690192926912,91.40318019731683,6571.233109225171,22643.928219041532,20372.81494788738,8424.880266543889,8431.964242053746,9.094947017729282e-13,1.1368683772161603e-13,3,0
2025-03-06,42842.94313767979,0.0,118.3830677872492,59.1915338936246,-59.1915338936246,771.431913331123,43555.18351711728,69498.83412492884,69295.36902240734,0.0,203.46510252150694,206.57089929485028,4825.882314049576,19025.144742360495,20289.74126804123,8431.964242053746,5093.536121283611,1.8189894035458565e-12,1.1368683772161603e-13,3,0
2025-03-07,16804.77887942806,0.0,85.20428270042692,42.60214135021346,-42.60214135021346,341.89585208866765,17104.072590166514,32173.280347777254,32066.589183953452,0.0,106.6911638238035,132.3143593948226,10167.189574485941,15025.227890154963,13915.799454625963,5093.536121283611,4679.178290494045,9.094947017729282e-13,1.1368683772161603e-13,3,0
2025-03-08,18062.221404397722,0.0,4.767277919256823,2.3836389596284113,-2.3836389596284113,888.9821511203764,18948.819916558467,35528.023833593616,35522.06208656828,0.0,5.961747025338717,294.0797946862498,11299.555789299748,18919.246528848205,13465.79995356009,4679.178290494045,8433.35202763267,1.8189894035458565e-12,1.1368683772161603e-13,3,0
2025-03-09,44095.76530456486,0.0,1698.0950492736229,849.0475246368114,-849.0475246368114,1083.390772012014,44330.108551940066,73105.17457279608,70267.92635330887,0.0,2837.248219487207,304.38540575794366,5022.169674228576,22002.737923382494,19786.120888544254,8433.35202763267,8450.579317850155,9.094947017729282e-13,1.1368683772161603e-13,3,0
2025-03-10,42921.18650839596,146.73503847087275,0.44565545322827804,0.22282772661413902,146.51221074425862,5758.452677175175,48826.151396315385,71350.71212115047,71472.02098567874,121.98410006346455,0.6752355351943606,1616.4812987495252,2851.027278535679,22041.584803925838,19846.181248033252,8450.579317850155,8441.35081712922,9.094947017729282e-13,1.1368683772161603e-13,3,0
2025-03-11,41265.74799378471,1580.5224766342362,0.0,0.0,1580.5224766342362,1885.0074407118352,44731.27791113078,68539.56232861668,70315.70166229665,1776.1393336799674,0.0,454.40549893273186,4605.6105087523065,22276.233429770808,20050.655577293735,8441.35081712922,8439.194680825141,1.8189894035458565e-12,1.1368683772161603e-13,3,0
2025-03-12,43268.02301228191,0.0,1926.525287697509,963.2626438487545,-963.2626438487545,1530.4251403737976,43835.18550880696,71852.79535938223,68765.09490236247,0.0,3087.7004570197723,462.41710594385347,4642.952922919959,21626.333360530232,19477.308958477206,8439.194680825141,8424.849604836174,1.8189894035458565e-12,1.1368683772161603e-13,3,0
2025-03-13,41401.445633661795,322.22243621643963,0.0,0.0,322.22243621643963,3572.1559612689516,45295.82403114719,67533.73884672954,67886.29096717887,352.55212044932836,0.0,901.3572049871632,3216.2047271683414,17530.040572886566,19504.215144555543,8424.849604836174,4496.058366899599,1.8189894035458565e-12,1.1368683772161603e-13,3,0
2025-03-14,15919.482282560384,81.78501457791684,0.0,0.0,81.78501457791684,557.3474800398496,16558.614777178147,30944.47863184952,31012.703089878534,68.22445802901453,0.0,167.527730502215,13985.34714223535,14623.38538318159,13457.927688369526,4496.058366899599,4183.118480515844,1.8189894035458565e-12,1.1368683772161603e-13,3,0
2025-03-15,17708.178537986823,149.1403741510191,0.0,0.0,149.1403741510191,1826.0302429208152,19683.349155058655,35270.8290881858,35390.12256714979,119.29347896399123,0.0,502.4832125443903,9018.996674549686,19086.347934307716,13136.863979163221,4183.118480515844,8442.547491248322,1.8189894035458565e-12,1.1368683772161603e-13,3,0
2025-03-16,42075.389269571926,379.61536960769445,0.0,0.0,379.61536960769445,1357.4944622370144,43812.49910141663,69875.53033624114,70321.72267715898,446.1923409178483,0.0,390.02515202870137,5119.564511971302,22369.610836330463,20128.474452447415,8442.547491248322,8446.948644150012,9.094947017729282e-13,1.1368683772161603e-13,3,0
2025-03-17,40982.105346367156,0.0,1940.3357941554257,970.1678970777128,-970.1678970777128,1774.8138476729107,41786.75129696235,68670.99111427387,65183.64518278802,0.0,3487.3459314858483,441.8702088481031,5709.542704462423,20579.34178840374,18521.50053456336,8446.948644150012,8446.850692599488,9.094947017729282e-13,1.1368683772161603e-13,3,0
2025-03-18,42869.18299112944,202.58698630816386,654.9084660248462,327.4542330124231,-124.86724670425926,984.7540832678038,43729.06982769298,71258.16078560175,70436.29968043108,201.03337428745198,1022.8944794581171,220.5993010308183,7356.968910041461,21897.48469503773,19723.512990283958,8446.850692599488,8430.220522359932,9.094947017729282e-13,1.1368683772161603e-13,3,0
2025-03-19,39745.59240565816,1064.0580112782122,18.31888682349638,9.15944341174819,1054.898567866464,1043.5568439452054,41844.04781746982,66298.81534410358,67218.99405147704,959.4727589039071,39.29405153045127,274.9624339518162,5846.823453408446,21716.514447704045,19534.85186568364,8430.220522359932,8440.77318758612,9.094947017729282e-13,1.1368683772161603e-13,3,0
2025-03-20,38858.462606734916,0.0,1152.7868994008616,576.3934497004308,-576.3934497004308,4548.9800912947785,42831.04924832926,63435.907789583594,61480.20619589086,0.0,1955.7015936927303,1175.1132758730132,2924.4470753361775,16436.727758944704,18914.817179183672,8440.77318758612,4096.0543497996805,1.8189894035458565e-12,1.1368683772161603e-13,3,0
2025-03-21,15029.388240319207,0.0,177.13721442661895,88.56860721330948,-88.56860721330948,752.0359570407279,15692.855590146622,29525.709941843397,29320.937270445804,0.0,204.77267139759397,226.3988377186909,16388.313660334672,13992.462863034058,12866.9049318709,4096.0543497996805,3807.5614926969347,1.8189894035458565e-12,5.684341886080802e-14,3,0
2025-03-22,17473.257020819474,0.0,0.0,0.0,0.0,546.9282627746409,18020.18528359411,34948.49874961989,34948.49874961989,0.0,0.0,224.0997048417591,13005.310118321828,19041.119977828057,12755.031375021572,3807.5614926969347,8426.570401179222,1.8189894035458565e-12,1.1368683772161603e-13,3,0
2025-03-23,40271.44366283575,0.0,0.0,0.0,0.0,1180.1180893638857,41451.56175219964,67181.46046372084,67181.46046372084,0.0,0.0,330.9520392240165,6594.044397384686,21406.653046435138,19258.005057541624,8426.570401179222,8434.98488920321,9.094947017729282e-13,1.1368683772161603e-13,3,0
2025-03-24,39248.3446016362,355.1077274557041,315.93907647362397,157.96953823681199,197.13818921889214,1354.2988545885403,40799.78164544364,65676.27732549948,65490.127469713,339.2023009269025,525.3521567133778,424.8886870916186,5805.089866451904,21084.91887269385,18973.48966567447,8434.98488920321,8438.081096078608,1.8189894035458565e-12,1.1368683772161603e-13,3,0
2025-03-25,40595.81622223203,0.0,1005.5072400434601,502.75362002173006,-502.75362002173006,2322.100323100923,42415.162925311226,67914.09600186003,66238.7821935296,0.0,1675.3138083304277,651.9736546551839,3810.1847546232275,21274.010708948834,19143.564332053953,8438.081096078608,8441.291130456,1.8189894035458565e-12,1.1368683772161603e-13,3,0
2025-03-26,38417.936792672976,159.7541768439136,0.0,0.0,159.7541768439136,422.4669444090579,39000.15791392595,64114.376569361724,64265.61601585455,151.23944649282458,0.0,160.43279750894663,6730.5409002332235,20944.662962136084,18841.709915672473,8441.291130456,8450.236950697,1.8189894035458565e-12,1.1368683772161603e-13,3,0
2025-03-27,37162.94669056579,704.0924228527392,329.92127066033396,164.96063533016698,539.1317875225723,1727.0413229853198,39429.119801073684,60477.03277560485,60646.91515822626,611.2091802344484,441.3267976130406,536.5474892816926,5264.451292896601,16231.337591004089,19029.31563639274,8450.236950697,3789.975919882844,9.094947017729282e-13,1.1368683772161603e-13,3,0
2025-03-28,14893.286026276342,0.0,0.0,0.0,0.0,761.0051235964268,15654.29114987277,29530.76934874901,29530.76934874901,0.0,0.0,200.64084047156763,17770.786190203773,14096.910297908447,12958.167065558308,3789.975919882844,3504.3718642433278,9.094947017729282e-13,1.1368683772161603e-13,3,0
2025-03-29,16903.785775179203,54.26585430296903,0.0,0.0,54.26585430296903,1143.0444778192682,18101.09610730144,34433.571187620364,34475.64953566785,42.07834804748659,0.0,269.95416432847867,20446.65214309636,19082.443936368727,12490.701562802084,3504.3718642433278,8441.212208701867,1.8189894035458565e-12,1.1368683772161603e-13,3,0
2025-03-30,37843.019838917324,0.0,662.5455601517756,331.2727800758878,-331.2727800758878,1757.4408465739346,39269.18790541537,63441.416417971835,62220.385706572735,0.0,1221.0307113991055,479.8854673012912,5313.979486548736,20390.1268732529,18349.45488592761,8441.212208701867,8442.961264475705,1.8189894035458565e-12,1.1368683772161603e-13,3,0
2025-03-31,35935.12223387524,2677.661311364828,0.0,0.0,2677.661311364828,1460.7738376132768,40073.55738285334,60086.475831798336,63189.16424672347,3102.688414925137,0.0,439.89920476741133,4633.618529539852,20458.457816176902,18414.40237755921,8442.961264475705,8441.074077251393,9.094947017729282e-13,1.1368683772161603e-13,3,0
2025-04-01,37896.404556305206,997.7553483104939,0.0,0.0,997.7553483104939,3179.0917826571167,42073.251687272816,64111.769087052926,65328.851083177324,1217.0819961244047,0.0,980.1252998809704,4099.938903979528,20067.688369120984,18067.502406708885,8441.074077251393,8434.135118261045,9.094947017729282e-13,1.1368683772161603e-13,3,0
2025-04-02,37878.40253954261,2202.1133792995747,0.0,0.0,2202.1133792995747,1164.6911151652748,41245.20703400746,63846.39424023971,66354.77459754798,2508.380357308276,0.0,325.38222650754244,4122.796419822376,21197.135582331506,19075.110578098356,8434.135118261045,8436.571596277208,9.094947017729282e-13,1.1368683772161603e-13,3,0
2025-04-03,36164.939364887745,0.0,72.94024523430467,36.470122617152334,-36.470122617152334,565.279390977036,36693.748633247626,58953.55096412538,58870.101696548925,0.0,83.44926757646238,162.4675818337233,6512.844923212717,15557.206497560874,18901.012409057614,8436.571596277208,3272.0171329267405,9.094947017729282e-13,1.1368683772161603e-13,3,0
2025-04-04,14352.807079057706,0.0,62.56172801612466,31.28086400806233,-31.28086400806233,592.4520611843882,14913.978276234033,28771.68864686993,28701.78257734677,0.0,69.90606952315973,142.72859139223365,21083.335912778442,13618.876207771755,12288.503201811192,3272.0171329267405,3238.797812125607,9.094947017729282e-13,1.1368683772161603e-13,3,0
2025-04-05,16708.87971719286,0.0,0.0,0.0,0.0,1460.1013572177308,18168.981074410593,34326.89548865848,34326.89548865848,0.0,0.0,400.9615877604232,15857.04893721624,18912.44532049892,12085.752164629588,3238.797812125607,8441.217454129932,9.094947017729282e-13,1.1368683772161603e-13,3,0
2025-04-06,37342.95765184759,14.38232235200283,161.29998398339825,80.64999199169912,-66.2676696396963,532.2982560437798,37808.98823825168,63247.562606399515,62925.288625915666,10.208703404754374,332.4826838885973,141.85448897595077,6607.860855923974,20509.29817050974,18460.092178208764,8441.217454129932,8439.400383297609,4.547473508864641e-13,1.1368683772161603e-13,3,0
2025-04-07,35763.57764994333,808.8830365017847,2.041212038929449,1.0206060194647244,807.86243048232,411.2303143479887,36982.67039477364,60420.64054396274,61143.34936856452,727.0872288037008,4.37840420190787,134.55944545642387,6076.421513095754,19544.718278418615,17585.95026082675,8439.400383297609,8443.928964921035,1.8189894035458565e-12,1.1368683772161603e-13,3,0
2025-04-08,37072.86907806601,218.96211868675232,10.774364376276209,5.387182188138104,213.57493649861422,1157.317254791968,38443.76126935659,62581.945532903235,62723.856530165154,158.0065520517029,16.09555478977623,272.1859750379066,6598.378801441653,20435.333400947377,18390.863313852635,8443.928964921035,8444.916382958143,9.094947017729282e-13,1.1368683772161603e-13,3,0
2025-04-09,36541.30174960516,1829.4727681805466,0.0,0.0,1829.4727681805466,2247.0663446420917,40617.8408624278,61622.42179990304,64158.70099532066,2536.279195417621,0.0,606.3487901643695,3579.1405360756057,20559.942114927493,18508.34388218474,8444.916382958143,8440.282614492913,9.094947017729282e-13,1.1368683772161603e-13,3,0
2025-04-10,34326.929752306234,1348.0066595662686,0.0,0.0,1348.0066595662686,1502.971619571467,37177.90803144396,55901.69003894139,57747.908240480385,1846.2182015389915,0.0,347.5349419664002,7213.030575252503,14627.865198692245,18206.090491497962,8440.282614492913,3126.5896012039566,1.8189894035458565e-12,1.1368683772161603e-13,3,0
2025-04-11,13697.19477337782,25.102468471108608,0.0,0.0,25.102468471108608,1232.0716566346737,14954.368898483603,27743.460329932535,27762.69822363771,19.237893705176727,0.0,280.7781655628694,21484.737840589223,13100.09026587358,11858.001883928893,3126.5896012039566,3054.994955464705,9.094947017729282e-13,1.1368683772161603e-13,3,0
2025-04-12,16661.222445686028,0.0,103.9042961091597,51.95214805457985,-51.95214805457985,710.8281435791932,17320.09844121064,34299.020135145285,34180.24435944676,0.0,118.77577569852106,174.65581802689277,18340.312837834983,18885.305478210594,11895.878688571927,3054.994955464705,8431.811699576929,4.547473508864641e-13,1.1368683772161603e-13,3,0
2025-04-13,35821.04391182739,0.0,0.0,0.0,0.0,1511.0621429835196,37332.106054810916,60625.9983533194,60625.9983533194,0.0,0.0,364.8123336776978,4703.369039965803,19949.04772697961,17937.964563281646,8431.811699576929,8448.86522105585,9.094947017729282e-13,1.1368683772161603e-13,3,0
2025-04-14,36039.77245741202,0.0,1176.328535316306,588.164267658153,-588.164267658153,1720.7695975200902,37172.37778727396,60825.0128672411,59157.64138639793,0.0,1667.3714808431755,481.7273954443929,5153.433054421883,19627.585581704334,17669.681654283893,8448.86522105585,8443.747990932823,9.094947017729282e-13,1.1368683772161603e-13,3,0
2025-04-15,34730.37393126261,868.0150473272903,0.0,0.0,868.0150473272903,460.5135547439858,36058.902533333894,58747.77003601646,59550.91403456569,803.1439985492316,0.0,97.03937700987831,7549.356497838631,19574.17390653609,17615.00582613248,8443.747990932823,8445.593379961592,9.094947017729282e-13,1.1368683772161603e-13,3,0
2025-04-16,35806.879649455535,1029.5189545819171,0.0,0.0,1029.5189545819171,1477.9166246792415,38314.31522871669,60942.90743109558,61905.52295267224,962.6155215766647,0.0,399.9623768079779,4586.900416810387,19393.85633419833,17454.863371528496,8445.593379961592,8445.17946864808,1.8189894035458565e-12,1.1368683772161603e-13,3,0
2025-04-17,32385.63472812989,890.7466557470323,0.0,0.0,890.7466557470323,911.0841010095369,34187.46548488646,52807.20323520484,54023.54610673149,1216.3428715266562,0.0,195.30453814867658,5367.629562288585,13585.815117748461,17602.936385156878,8445.17946864808,2778.691199875977,9.094947017729282e-13,1.1368683772161603e-13,3,0
2025-04-18,13376.512300814422,0.0,3.566942741799187,1.7834713708995935,-1.7834713708995935,419.5051456317223,13794.233975075244,27214.178891712047,27210.121397977775,0.0,4.057493734272764,149.980562754083,19825.694553980018,12840.576803466183,11660.286580047676,2778.691199875977,2669.3106962438897,1.8189894035458565e-12,1.1368683772161603e-13,3,0
2025-04-19,15854.685015032526,0.0,12.08391926522479,6.041959632612395,-6.041959632612395,804.0648392431852,16652.7078946431,33359.879038901105,33346.99638637267,0.0,12.882652528428629,263.2377895993318,19438.975378954594,19050.45144406027,11663.871897042858,2669.3106962438897,8447.355291184685,1.8189894035458565e-12,1.1368683772161603e-13,3,0
2025-04-20,34515.331925978295,41.0084150777302,19.71711413744401,9.858557068722005,31.14985800900819,1404.3631311482077,35950.8449151355,58560.934768274536,58552.2577467465,33.61623059003301,42.29325211806952,342.43147811124123,5060.726351900243,19802.99943422362,17926.781444599455,8447.355291184685,8337.643278743779,9.094947017729282e-13,1.1368683772161603e-13,3,0
2025-04-21,34701.88721655949,0.0,1780.5548824484802,890.2774412242401,-890.2774412242401,1989.117931563103,35800.72770689835,59247.291259100224,55853.448168254195,0.0,3393.843090846021,544.9338869178396,6052.624247037454,18516.688100379797,16687.840675578547,8337.643278743779,8313.58742650771,1.8189894035458565e-12,1.1368683772161603e-13,3,0
2025-04-22,33589.60637203562,1521.7949708698218,0.0,0.0,1521.7949708698218,1181.7348183033005,36293.13616120874,56832.51643144586,58706.88578354406,1874.3693520981917,0.0,345.94026398300866,4973.865249639239,19331.33509471157,17405.303613490414,8313.58742650771,8306.101231415423,9.094947017729282e-13,1.1368683772161603e-13,3,0
2025-04-23,33175.406618144174,1037.373722661038,0.0,0.0,1037.373722661038,1250.510355860937,35463.29069666615,56310.274034339614,57795.950535607895,1485.6765012682752,0.0,348.31610740606175,4827.724070530427,19134.609878168674,17217.98402235182,8306.101231415423,8309.43729520668,1.8189894035458565e-12,1.1368683772161603e-13,3,0
2025-04-24,30857.956380386422,0.0,375.5142056110525,187.75710280552624,-187.75710280552624,963.0706705695725,31633.269948150468,50718.97079330028,49926.80531133646,0.0,792.1654819638292,181.12323922875868,7384.003767027702,12609.25054738386,16975.43246384635,8309.43729520668,2377.9457397379197,9.094947017729282e-13,1.1368683772161603e-13,3,0
2025-04-25,12764.23018071935,0.0,0.0,0.0,0.0,847.8004085167286,13612.030589236078,26372.007912914363,26372.007912914363,0.0,0.0,184.2803656276064,23423.3242235843,12313.83021169985,11181.223806742175,2377.9457397379197,2273.8260441395164,9.094947017729282e-13,5.684341886080802e-14,3,0
2025-04-26,15529.360989534542,0.0,0.0,0.0,0.0,724.353660619469,16253.714650154008,32782.40924667991,32782.40924667991,0.0,0.0,188.30752245838133,25390.68760815286,18543.44661394345,11033.611086291348,2273.8260441395164,8235.236852023925,1.8189894035458565e-12,1.1368683772161603e-13,3,0
2025-04-27,31568.536475610344,1340.137885455583,0.0,0.0,1340.137885455583,4706.1595717685395,37614.83393283446,53133.17111068556,55132.17399758987,1999.0028869043067,0.0,1137.745454201417,6667.072606895837,18309.450857286116,17280.075195724006,8235.236852023925,7390.30849098534,9.094947017729282e-13,1.1368683772161603e-13,3,0
2025-04-28,33579.917584967305,3382.2843163180087,0.0,0.0,3382.2843163180087,1887.642634227549,38849.84453551286,57168.74865093494,61701.55554034701,4532.806889412075,0.0,456.98495368452063,3716.9945627433326,19367.91541240582,17548.336797784283,7390.30849098534,7266.7552178752185,1.8189894035458565e-12,1.1368683772161603e-13,3,0
2025-04-29,32999.17609226177,253.542085553151,6.242974741240833,3.1214873706204167,250.42059818253057,2243.48551090122,35493.08220134552,55757.28268596352,55948.222802411256,206.11875671333542,15.178640265598915,541.828394198767,6499.057230600286,18678.15682984369,16120.376580500622,7266.7552178752185,7994.041729376508,1.8189894035458565e-12,1.1368683772161603e-13,3,0
2025-04-30,31866.040946215828,139.62023618674087,0.0,0.0,139.62023618674087,4796.20267116023,36801.86385356279,53131.09920159097,53357.40641641671,226.3072148257409,0.0,1429.7546880415712,5507.040578637036,16914.777993347707,15891.511900859796,7994.041729376508,7289.68474510157,9.094947017729282e-13,1.1368683772161603e-13,3,0
2025-05-01,30063.833664627902,111.26409991726308,0.0,0.0,111.26409991726308,11840.777023027013,42015.87478757218,48697.024545012726,48784.233528601355,87.20898358862559,0.0,2559.5877225700065,3916.1841824762887,14098.616663479688,17682.35839478462,7289.68474510157,2025.9645890553365,9.094947017729282e-13,1.1368683772161603e-13,3,0
2025-05-02,13336.274438391254,103.17843525165276,0.0,0.0,103.17843525165276,7732.752979095742,21172.205852738647,26946.87339982321,27023.333494215964,76.46009439275534,0.0,1677.9861401672877,13187.444496620055,12450.495339483026,11226.940285053166,2025.9645890553365,2003.3074182559635,1.8189894035458565e-12,1.1368683772161603e-13,3,0
2025-05-03,16546.750578394833,0.0,0.0,0.0,0.0,5216.148364377553,21762.89894277239,34050.29197387133,34050.29197387133,0.0,0.0,1049.4745109312298,18580.828616408387,18869.796939564974,11218.030721170806,2003.3074182559635,8079.9259655456135,1.8189894035458565e-12,1.1368683772161603e-13,3,0
2025-05-04,35822.978561506905,0.0,794.9917365597851,397.49586827989253,-397.49586827989253,4738.892468779903,40164.37516200691,59861.74701060606,58146.760005115655,0.0,1714.9870054903868,1359.0790059831402,5733.1902247952685,17987.479618073718,15949.498165103516,8079.9259655456135,8332.100207101708,1.8189894035458565e-12,1.1368683772161603e-13,3,0
2025-05-05,37073.84618444139,0.0,9.71891975202889,4.859459876014445,-4.859459876014445,2976.9384485039463,40045.92517306932,61557.31542033559,61549.42220198748,0.0,7.8932183481108495,725.3024297303073,5196.899796375931,20027.005843418498,18025.187808076647,8332.100207101708,8331.169918772806,9.094947017729282e-13,1.1368683772161603e-13,3,0
2025-05-06,35679.75344290663,658.2806723717454,0.0,0.0,658.2806723717454,3857.8584515660796,40195.89256684445,58375.09816014083,59362.37262031576,987.2744601749304,0.0,989.41304902416,5594.9011296217905,18966.891073014616,17080.08889996316,8331.169918772806,8320.74817500403,1.8189894035458565e-12,1.1368683772161603e-13,3,0
2025-05-07,36446.61078244586,919.1259538063689,0.0,0.0,919.1259538063689,2148.2691497010774,39514.0058859533,59925.59563694812,61111.95623286787,1186.3605959197582,0.0,448.56147829773107,4582.703429711706,19116.80459953906,17206.836268085157,8320.74817500403,8318.943433101735,1.8189894035458565e-12,1.1368683772161603e-13,3,0
2025-05-08,35826.264565046,0.0,125.3145284837839,62.65726424189195,-62.65726424189195,2597.4096621958856,38361.016963,57163.45869968517,56994.49590909009,0.0,168.96279059508333,585.7854579150928,6279.454966510507,12613.224097843078,17138.910097348406,8318.943433101735,2218.9009624673445,9.094947017729282e-13,1.1368683772161603e-13,3,0
2025-05-09,15605.782529179678,0.0,0.0,0.0,0.0,585.2951869801232,16191.0777161598,29586.831341139725,29586.831341139725,0.0,0.0,162.36090734281748,20173.080886701093,12235.646488973327,11158.92097719188,2218.9009624673445,2064.118921487364,1.8189894035458565e-12,1.1368683772161603e-13,3,0
2025-05-10,18076.326714029085,291.0704052251777,0.0,0.0,291.0704052251777,723.2224512237296,19090.619570477993,35847.957769952045,36061.63659663744,213.67882668539636,0.0,200.94376962563067,16308.804038690665,18953.849825835565,11121.118781596495,2064.118921487364,8322.631191974679,1.8189894035458565e-12,1.1368683772161603e-13,3,0
2025-05-11,37505.1216546416,212.2146657123834,0.0,0.0,212.2146657123834,1974.2498306640318,39691.58615101801,62571.17545443875,62781.38570185119,210.21024741243,0.0,512.3145548995545,5762.1372957830035,19322.220438494776,17274.736560860365,8322.631191974679,8444.127832657387,9.094947017729282e-13,1.1368683772161603e-13,3,0
2025-05-12,36399.54580858056,800.6685367652526,0.0,0.0,800.6685367652526,1843.6143005520178,39043.82864589784,60266.7243799247,60977.71553285264,710.991152927934,0.0,549.5506598938367,7863.9145767203645,17365.037134427785,15632.880751735007,8444.127832657387,8439.545343686692,9.094947017729282e-13,1.1368683772161603e-13,3,0
2025-05-13,37874.62934697204,29.218392531910155,1164.1611947730958,582.0805973865479,-552.8622048546378,1294.4286992115515,38616.19584132896,63477.05297485609,61097.97036219913,23.51870243155622,2402.6013150885155,298.4640235269167,6405.225058566815,18700.52941242564,16838.53285193308,8439.545343686692,8431.053172730846,1.8189894035458565e-12,1.1368683772161603e-13,3,0
2025-05-14,37598.21112193298,498.07089264255444,0.0,0.0,498.07089264255444,836.0453941177016,38932.327408693236,62357.600147730234,63074.631818089445,717.031670359212,0.0,293.2925649207357,8483.509040192532,18617.885594843166,16747.619035358843,8431.053172730846,8439.989769398484,9.094947017729282e-13,1.1368683772161603e-13,3,0
2025-05-15,34945.11625165997,1018.1726801483799,0.0,0.0,1018.1726801483799,599.6500398419016,36562.93897165026,54981.20872601923,55945.66861316836,964.4598871491339,0.0,195.41536252173208,8308.853659641547,12040.595455001436,16973.423422286225,8439.989769398484,1971.1423411831233,9.094947017729282e-13,1.1368683772161603e-13,3,0
2025-05-16,14943.354751627845,0.0,31.206837078760195,15.603418539380097,-15.603418539380097,955.8007373903997,15883.552070478865,28417.06796168509,28381.226273247656,0.0,35.84168843743612,296.53086382923976,24773.486057079608,11867.447882472909,10678.683335808946,1971.1423411831233,1973.2713534897778,9.094947017729282e-13,1.1368683772161603e-13,3,0
2025-05-17,17463.651743378134,0.0,30.283495418646382,15.141747709323191,-15.141747709323191,2312.9551816675094,19761.465177336322,34854.19219232088,34819.54479984509,0.0,34.647392475785665,538.2086578000992,17061.110220380324,18518.467663481995,10670.623509550465,1973.2713534897778,8293.607549884024,1.8189894035458565e-12,1.1368683772161603e-13,3,0
2025-05-18,37386.159105490195,0.0,65.69329426489605,32.84664713244803,-32.84664713244803,972.5180414967525,38325.830499854506,62517.94746231268,62430.67171033496,0.0,87.27575197772154,380.06115698613655,7247.044398374833,18797.093769462608,16909.573400516347,8293.607549884024,8301.841058385808,9.094947017729282e-13,1.1368683772161603e-13,3,0
2025-05-19,36008.4710125916,28.308761643188372,618.6321386688722,309.3160693344361,-281.0073076912478,1315.6636347457684,37043.127339646126,60367.87771254678,59096.91210503315,23.429556501707737,1294.3951640153346,218.93912577557626,10005.698761868607,17956.428809401183,16161.492890461062,8301.841058385808,8301.095855006077,9.094947017729282e-13,1.1368683772161603e-13,3,0
2025-05-20,35414.254687014,609.5185531113816,0.0,0.0,609.5185531113816,3125.334002777975,39149.10724290336,59229.396196613685,59854.37178899872,624.975592385028,0.0,750.285162420316,4297.097142414944,17739.58599837411,15959.421006036691,8301.095855006077,8307.637967123741,9.094947017729282e-13,1.1368683772161603e-13,3,0
2025-05-21,35090.299761597955,1534.181110459953,0.0,0.0,1534.181110459953,1610.6129489902185,38235.093821048125,58065.066244871115,59808.086011181076,1743.01976630997,0.0,450.6314140844455,7129.571103691062,17675.729149911316,15909.198111670185,8307.637967123741,8306.539732600017,9.094947017729282e-13,1.1368683772161603e-13,3,0
2025-05-22,33523.524443849936,46.11183139519211,46.16102421608507,23.080512108042534,23.03131928714958,447.2098598817699,33993.76562301885,52845.23041718559,52787.561461205376,33.940850291874085,91.60980627208397,116.91201535496958,6983.76908364119,11184.275802524919,16080.202226272428,8306.539732600017,1966.8539635355353,1.8189894035458565e-12,1.1368683772161603e-13,3,0
2025-05-23,14408.416564573137,0.0,0.0,0.0,0.0,595.7196342699593,15004.136198843094,27803.83828330262,27803.83828330262,0.0,0.0,206.61430822504494,20411.07597619757,11806.96771163424,10628.539979637482,1966.8539635355353,1964.4621862466033,1.8189894035458565e-12,1.1368683772161603e-13,3,0
2025-05-24,17461.0587704344,0.0,126.48764222094758,63.24382111047379,-63.24382111047379,621.3155223300178,18019.13047165394,34689.65485421316,34557.487979561425,0.0,132.1668746517348,193.5992070499368,23142.431086774144,18438.983985872146,10584.829269368265,1964.4621862466033,8299.828614924514,1.8189894035458565e-12,1.1368683772161603e-13,3,0
2025-05-25,36323.702050237756,29.02322394527495,513.3330757436075,256.66653787180377,-227.64331392652883,1021.4826334325276,37117.54136974376,60664.71864620541,59601.32751133233,23.916831948622587,1087.307966821697,219.5024635186112,9499.59856831203,17753.71328455584,15977.49206135026,8299.828614924514,8300.724482651653,9.094947017729282e-13,1.1368683772161603e-13,3,0
2025-05-26,35297.825352256405,482.7150613209516,0.0,0.0,482.7150613209516,3181.9692070210012,38962.50962059836,58478.91628387924,59171.24889618592,692.3326123066842,0.0,1009.6733124133535,4434.153570410865,17917.195027554062,16750.25933936565,8300.724482651653,7642.144516238325,9.094947017729282e-13,1.1368683772161603e-13,3,0
2025-05-27,34884.84145357733,1186.1287387728316,0.0,0.0,1186.1287387728316,1645.5147450023233,37716.484937352485,57793.254312020304,59121.42937530596,1328.175063285662,0.0,468.6021275089185,7789.532545386568,17769.323471113134,15359.191813684824,7642.144516238325,8309.59519405481,1.8189894035458565e-12,1.1368683772161603e-13,3,0
2025-05-28,36099.77493899554,115.92753074123775,30.140501462805524,15.070250731402762,100.85728000983498,1300.8356784714954,37501.467897476876,60411.164356759924,60424.93386458198,83.99122879676048,70.2217209747102,404.8007180486506,7151.65764859508,18677.06624041403,17272.813406378482,8309.59519405481,7821.072005169514,9.094947017729282e-13,1.1368683772161603e-13,3,0
2025-05-29,33747.81067684063,1167.8355268860118,0.0,0.0,1167.8355268860118,2110.6324860583995,37026.278689785046,54304.76807639662,55783.03679015351,1478.2687137568887,0.0,490.19370339048527,6407.7343340469615,12919.067414078418,17163.694754581385,7821.072005169514,1985.0526578403799,1.8189894035458565e-12,1.1368683772161603e-13,3,0
2025-05-30,14545.89192125955,154.74496782577634,0.0,0.0,154.74496782577634,1092.5355583819928,15793.172447467317,27918.579191198856,28034.147278270408,115.56808707155268,0.0,339.2979180875929,20596.66215391893,11795.151911057335,10614.602135284933,1985.0526578403799,1986.1432058333646,1.8189894035458565e-12,1.1368683772161603e-13,3,0
2025-05-31,17950.984129137225,0.0,232.20605625534037,116.10302812767019,-116.10302812767019,1092.0165231317173,18926.897624141267,35555.59517773729,35298.4116699274,0.0,257.18350780988425,422.41753261119777,19448.617944593418,18869.14240695184,10986.112699006657,1986.1432058333646,8306.603869124952,1.8189894035458565e-12,1.1368683772161603e-13,3,0
2025-06-01,40112.063201519806,509.8834265483687,0.0,0.0,509.8834265483687,25873.915558583754,66495.86218665194,67309.30422087474,67993.95386577287,684.6496448981326,0.0,6625.382111484752,1341.5691337223698,20475.8601753525,18422.919631817254,8306.603869124952,8312.24803510848,1.8189894035458565e-12,1.1368683772161603e-13,3,0
2025-06-02,42352.32502283147,0.0,1938.1830043017353,969.0915021508677,-969.0915021508677,22974.246808983236,64357.48032966384,70736.59136081477,66986.51886716278,0.0,3750.0724936519855,5782.043764300173,1835.4910911620648,21042.386252659544,18750.12216235865,8312.24803510848,8510.444277649394,1.8189894035458565e-12,1.1368683772161603e-13,3,0
2025-06-03,42884.0153312679,1068.5249022593143,0.0,0.0,1068.5249022593143,9337.567766964074,53290.10800049129,70914.15847217663,71804.53581394105,890.3773417644217,0.0,2241.33837293195,3735.5685607792975,21583.9644026037,19466.02560984333,8510.444277649394,8467.798172691986,9.094947017729282e-13,1.1368683772161603e-13,3,0
2025-06-04,48125.94698120115,0.0,5063.504852073307,2531.7524260366536,-2531.7524260366536,12729.140887597077,58323.33544276158,78870.12029680875,71046.82891611976,0.0,7823.291380688992,3546.106670147731,2895.591579677838,20569.34932422973,18517.266134306752,8467.798172691986,8462.683987051776,4.547473508864641e-13,1.1368683772161603e-13,3,0
2025-06-05,43414.009975259025,2.6041038803462726,165.29763544662794,82.64881772331397,-80.0447138429677,4198.610342240924,47532.57560365698,69097.46394920131,68735.77791887973,1.9748256780391102,363.66085599961457,1159.1653210043219,3366.0760772044705,15207.238505478439,19827.689359465527,8462.683987051776,1989.3174619377867,1.8189894035458565e-12,1.1368683772161603e-13,3,0
2025-06-06,21155.2885861268,0.0,0.0,0.0,0.0,2227.9089393791114,23383.197525505908,36833.42373968563,36833.42373968563,0.0,0.0,643.0276103054578,5270.831984730937,12735.92568742156,11385.301722161403,1989.3174619377867,2070.5156833845936,9.094947017729282e-13,1.1368683772161603e-13,3,0
2025-06-07,25442.160134413283,0.0,676.7693598762703,338.38467993813515,-338.38467993813515,1601.1109887563557,26704.886443231506,47119.48894816394,45881.670984214354,0.0,1237.8179639495927,428.72375588898115,7178.382088427094,19543.677357426277,11538.177872416707,2070.5156833845936,8448.968599865411,9.094947017729282e-13,1.1368683772161603e-13,3,0
2025-06-08,51181.39380537612,0.0,2036.0920655335904,1018.0460327667952,-1018.0460327667952,6.155543107499455,50169.50331571684,82593.7908438594,79175.50264677171,0.0,3418.2881970876942,0.9110549999999193,11856.912570096789,21345.778650082593,19211.200785074336,8448.968599865411,8448.96859986541,9.094947017729282e-13,2.2737367544323206e-13,3,0
2025-06-09,53124.01739230639,0.0,1939.7617635601275,969.8808817800638,-969.8808817800638,550.5294433357301,52704.66595386206,85164.00407898595,82150.87145304924,0.0,3013.1326259367106,223.68732911214568,9100.362752674915,23149.767039031532,20808.283742878382,8448.96859986541,8476.909001371867,4.547473508864641e-13,1.1368683772161603e-13,3,0
2025-06-10,51203.70933066185,2.0782882516460903,715.0558205136806,357.5279102568403,-355.4496220051942,1153.6803830227432,52001.94009167941,82288.23097992131,81051.79365646176,1.4643051163574228,1237.901628575914,415.04819770864566,7588.763939888069,22735.91805699,20476.284376041003,8476.909001371867,8462.19584601361,1.8189894035458565e-12,1.1368683772161603e-13,3,0
2025-06-11,52867.23268112028,686.6404384051742,576.4247325932437,288.21236629662184,398.4280721085524,2293.4481177433804,55559.10887097221,84601.43446358884,84507.5509746332,572.0276903998421,665.9111793554617,541.8648587023017,6446.465161487774,25198.670991810694,22680.166636629627,8462.19584601361,8460.759387711034,9.094947017729282e-13,1.1368683772161603e-13,3,0
2025-06-12,49560.86256034851,0.0,552.7970502544549,276.39852512722746,-276.39852512722746,454.10253715940684,49738.566572380696,77512.07352927835,76754.1989695946,0.0,757.8745596837584,168.08089514091603,8237.966040429974,17965.091796868917,21733.16940589672,8460.759387711034,2595.1698910375044,1.8189894035458565e-12,1.1368683772161603e-13,3,0
2025-06-13,21975.50000685983,0.0,777.7751623565293,388.88758117826467,-388.88758117826467,760.2664555328142,22346.878881214383,38429.80471955959,37244.01592076666,0.0,1185.7887987929325,167.48934328761587,7851.307911619282,13275.154175252648,12060.270522817656,2595.1698910375044,2476.4455861807364,9.094947017729282e-13,1.1368683772161603e-13,3,0
2025-06-14,25012.93531463703,0.0,265.1491156043752,132.5745578021876,-132.5745578021876,265.85704676648123,25146.21780360132,45402.56392483665,44771.973564618114,0.0,630.5903602185396,126.7721375035951,11125.030823602043,19100.66705714688,11520.294928627216,2476.4455861807364,8453.472307803328,9.094947017729282e-13,1.1368683772161603e-13,3,0
2025-06-15,51178.048002869575,10.345261009320721,5.760125280139417,2.8800626400697085,7.465198369251012,595.1949036925676,51780.7081049314,82098.19803688076,82106.43470718755,16.768394536543838,8.531724229743077,157.20592418286273,9313.513077613523,23354.66263673566,21031.509416312096,8453.472307803328,8440.49322060394,4.547473508864641e-13,1.1368683772161603e-13,3,0
2025-06-16,51969.512667779556,0.0,2.347895891073938,1.173947945536969,-1.173947945536969,827.5730061934257,52795.91172602745,83274.84229362755,83270.86559033793,0.0,3.976703289626357,248.55001847912686,8406.53662750232,24158.714443980596,21739.88827933254,8440.49322060394,8443.607769216813,9.094947017729282e-13,1.1368683772161603e-13,3,0
2025-06-17,52413.83061807786,179.99660962171822,49.95514049641173,24.977570248205865,155.01903937351236,1653.982457310672,54222.832114762045,84154.17648382169,84199.55123525615,148.48297211598697,103.10822068152254,472.50220252946406,7583.1318169760325,24449.990858929163,21998.080454786243,8443.607769216813,8450.892938318242,9.094947017729282e-13,1.1368683772161603e-13,3,0
2025-06-18,52372.50880811272,153.37818216350678,8.2562882731808,4.1281441365904,149.25003802691637,705.3738205872869,53227.13266672693,84417.16000872594,84538.60989525603,133.41725611000413,11.967369579911292,196.30677188966268,11342.560475429278,24693.939649664106,22229.97435794769,8450.892938318242,8445.170614270633,9.094947017729282e-13,1.1368683772161603e-13,3,0
2025-06-19,47671.554329697596,0.0,2397.281527353921,1198.6407636769604,-1198.6407636769604,1539.7744790123281,48012.68804503296,74876.26465590902,71287.38561738672,0.0,3588.8790385223037,430.5974179116986,7534.396707977664,15851.750655096426,19927.668527775662,8445.170614270633,2477.8547040800763,9.094947017729282e-13,1.1368683772161603e-13,3,0
2025-06-20,20981.1505516841,0.0,261.80730210626166,130.90365105313083,-130.90365105313083,483.8606501877295,21334.1075508187,36384.09330652794,35874.49854049069,0.0,509.594766037247,219.48396125853043,12417.351995151184,12553.964729873147,11277.915073275115,2477.8547040800763,2499.625071127911,9.094947017729282e-13,1.1368683772161603e-13,3,0
2025-06-21,23212.427186755016,0.0,111.06043667122537,55.53021833561269,-55.53021833561269,1156.6637415310684,24313.560709950474,42229.160806557134,42095.932192779335,0.0,133.22861377780174,338.8876728298338,15591.338766305342,18959.134749756613,11450.394050452782,2499.625071127911,8416.064451753868,1.8189894035458565e-12,1.1368683772161603e-13,3,0
2025-06-22,49246.805321061984,930.2822522548821,1350.2442180631006,675.1221090315503,255.16014322333183,821.5660655324496,50323.53152981777,79880.39276168839,78320.72805470978,838.0747588937917,2397.739465872397,222.91829229318654,8931.560394950413,21401.88323302551,19247.13838097296,8416.064451753868,8431.408380312441,1.8189894035458565e-12,1.1368683772161603e-13,3,0
2025-06-23,49163.151466772106,0.0,385.6000107096928,192.8000053548464,-192.8000053548464,287.4262606854353,49257.77772210269,79144.79160604428,78604.78918187962,0.0,540.0024241646595,103.91990237489807,9406.90144477757,22505.868337269367,20265.346697792425,8431.408380312441,8420.7987340051,9.094947017729282e-13,1.1368683772161603e-13,3,0
2025-06-24,52188.3454344223,584.7814389298567,714.5123353664294,357.2561676832147,227.52527124664198,3685.938183106557,56101.808888775486,83945.67554105402,83390.83178815294,484.8499114438331,1039.6936643449208,948.852342296211,5666.291007910519,23941.391540386256,21536.790667847636,8420.7987340051,8431.826353571605,1.8189894035458565e-12,1.1368683772161603e-13,3,0
2025-06-25,48680.58580274574,69.97580159290429,22.765545140113836,11.382772570056918,58.593029022847375,1800.646765188982,50539.82559695757,79456.84227074811,79493.67076194723,69.82681724653935,32.99832604741823,398.1803473032046,7228.382628808955,22242.332387748116,20016.285273973306,8431.826353571605,8433.738345701884,1.8189894035458565e-12,1.1368683772161603e-13,3,0
2025-06-26,45024.72970860117,46.11318672218789,36.43994935621991,18.219974678109956,27.893212044077934,829.8927823820011,45882.515703027246,70543.96500730219,70565.88963042821,74.74379888514125,52.81917575912439,184.39749305812683,7675.585692823933,15405.925690633763,19878.608093304683,8433.738345701884,2095.189976513544,9.094947017729282e-13,1.1368683772161603e-13,3,0
2025-06-27,20016.195340826504,0.0,327.9327700306078,163.9663850153039,-163.9663850153039,628.9638336972126,20481.192789508408,35267.70378059038,34872.545779757704,0.0,395.15800083267237,214.8733367246527,13908.897133081973,12977.234993658414,11570.358876924694,2095.189976513544,2210.246937663995,9.094947017729282e-13,1.1368683772161603e-13,3,0
2025-06-28,22228.567512878963,6.533803461096774,0.0,0.0,6.533803461096774,799.6434222350665,23034.744738575126,41088.200236512625,41094.514005137156,6.313768624531839,0.0,259.7349249087884,11724.38749506756,19155.325749452903,11302.390431141188,2210.246937663995,8468.81895592069,9.094947017729282e-13,1.1368683772161603e-13,3,0
2025-06-29,47303.61096258991,904.405620504151,692.699888438957,346.3499442194785,558.0556762846725,2562.179565326791,50423.84620420137,76966.92466704684,76676.87667137996,761.5336131790295,1051.5816088459192,869.9412877623688,6141.51103106764,21670.680562413403,19533.14216767206,8468.81895592069,8437.691959629426,9.094947017729282e-13,1.1368683772161603e-13,3,0
2025-06-30,49161.6914825286,149.1066106068524,698.2556966630068,349.1278483315034,-200.02123772465103,2400.025628661412,51361.69587346536,79550.94729318462,78614.58938515202,105.48539186021912,1041.8432998928254,634.5635008676193,7092.903155100132,22711.983873361696,20433.418125775526,8437.691959629426,8445.45783920709,9.094947017729282e-13,2.2737367544323206e-13,3,0
2025-07-01,45633.573963210234,0.0,317.01202190157017,158.50601095078508,-158.50601095078508,28707.55177635058,74182.61972861004,74437.09100955736,73923.36824699133,0.0,513.7227625660188,8147.429080577016,1056.7138770679526,21343.69810167068,19196.158684503607,8445.45783920709,8459.339823876855,9.094947017729282e-13,1.1368683772161603e-13,3,0
2025-07-02,45681.43176854258,0.0,917.2262075300068,458.6131037650034,-458.6131037650034,18008.119996665326,63230.938661442895,74311.00696545145,72608.6015851349,0.0,1702.405380316564,5028.360941750456,2799.061072188215,19052.90548280463,17119.77039477417,8459.339823876855,8488.69054587989,9.094947017729282e-13,1.1368683772161603e-13,3,0
2025-07-03,46890.63853102623,110.84549755074974,0.0,0.0,110.84549755074974,14783.31743638062,61784.8014649576,73721.03775652964,73877.81609115272,156.77833462309297,0.0,4023.973306154443,2339.778716267132,15958.564817573213,20156.973069866515,8488.69054587989,2380.9992373499726,1.8189894035458565e-12,1.1368683772161603e-13,3,0
2025-07-04,22732.146993128707,193.0263421121553,0.0,0.0,193.0263421121553,6742.109203967852,29667.282539208718,39418.47723098954,39580.3552081441,161.87797715456122,0.0,1908.100771648877,11155.841604357664,12909.589155432364,11457.842246663713,2380.9992373499726,2550.484663683314,9.094947017729282e-13,1.1368683772161603e-13,3,0
2025-07-05,27200.014544700214,0.0,0.0,0.0,0.0,3679.123992275693,30879.13853697591,48515.82243522635,48515.82243522635,0.0,0.0,984.9503227811346,13120.8266633703,19345.29682395314,11755.430695982619,2550.484663683314,8511.732697876156,9.094947017729282e-13,1.1368683772161603e-13,3,0
2025-07-06,52929.035833222224,2321.9595582929287,0.0,0.0,2321.9595582929287,3419.3709145306875,58670.36630604584,84270.13789554333,86852.78424922859,2582.6463536852516,0.0,814.2834433385033,5609.095431965316,22711.69293601767,20447.702225415902,8511.732697876156,8504.165806991967,1.8189894035458565e-12,1.1368683772161603e-13,3,0
2025-07-07,53162.652689364746,0.0,1359.1207097683027,679.5603548841514,-679.5603548841514,1465.4746604754914,53948.56699495608,84781.88950003995,82626.84694183012,0.0,2155.042558209814,436.8784741520514,7668.41811325499,19923.674543105284,17937.85000704475,8504.165806991967,8497.268965587205,9.094947017729282e-13,1.1368683772161603e-13,3,0
2025-07-08,56388.35434047388,0.0,987.8185160773172,493.9092580386586,-493.9092580386586,533.3173695364712,56427.76245197169,89483.3089217513,87753.521010244,0.0,1729.787911507292,146.43341394945548,10099.791793496432,22192.64405780363,19963.868443773266,8497.268965587205,8507.294659377269,4.547473508864641e-13,2.2737367544323206e-13,3,0
2025-07-09,55621.81950384551,0.0,155.31004479300765,77.65502239650382,-77.65502239650382,488.83155499470513,56032.99603644371,88546.74070306605,88330.36834275938,0.0,216.37236030666134,85.55886224751202,12165.59300158645,22520.37769003789,20328.7685032841,8507.294659377269,8443.59734081566,9.094947017729282e-13,1.1368683772161603e-13,3,0
2025-07-10,50641.04904535168,323.73318569638536,295.9836781049767,147.99183905248836,175.74134664389703,683.7726439950624,51500.56303599065,78100.42141635704,77719.54583504389,252.7670834414225,633.6426647545707,273.8113428048317,9110.297416224465,15756.300905598695,19726.86452730777,8443.59734081566,2597.395849057518,9.094947017729282e-13,1.1368683772161603e-13,3,0
2025-07-11,26999.93274497793,0.0,6.478028898247109,3.2390144491235544,-3.2390144491235544,784.0836736303179,27780.777404159126,45324.23541273924,45316.568441796604,0.0,7.666970942639239,240.069736512141,11675.223006019212,13335.548972914872,11972.91095062534,2597.395849057518,2628.052154547252,1.8189894035458565e-12,1.1368683772161603e-13,3,0
2025-07-12,28709.963207551402,188.7049485426756,0.0,0.0,188.7049485426756,452.30329247649377,29350.97144857057,50581.928863792986,50724.31167022025,142.3828064272647,0.0,138.4365768563722,12303.974949641586,19214.16804330793,11739.63807920623,2628.052154547252,8481.547384390775,9.094947017729282e-13,1.1368683772161603e-13,3,0
2025-07-13,53377.16896421573,0.0,2000.6299084955394,1000.3149542477697,-1000.3149542477697,779.9136811327735,53156.767691100744,84389.77486818786,81577.21010327572,0.0,2812.564764912142,158.13975925508453,10389.069317494286,21035.990637865147,18957.43049282863,8481.547384390775,8455.154046591475,4.547473508864641e-13,2.2737367544323206e-13,3,0
2025-07-14,50999.63271977404,0.0,849.468008042472,424.734004021236,-424.734004021236,1634.1902933726717,52209.08900912547,81856.8101708871,80188.28066947793,0.0,1668.5295014091616,359.8369054499,6696.293900233584,20331.63942777577,18287.49496974819,8455.154046591475,8466.728525948882,4.547473508864641e-13,1.1368683772161603e-13,3,0
2025-07-15,54785.3121732189,0.0,1355.7195159190587,677.8597579595294,-677.8597579595294,1046.910498896411,55154.36291415579,87231.18102725377,84835.07018796453,0.0,2396.110839289227,351.8324605849238,10415.555573282323,20222.964919338097,18200.66842740429,8466.728525948882,8466.728525948882,1.8189894035458565e-12,2.2737367544323206e-13,3,0
2025-07-16,53102.890404668,0.0,703.1129549566317,351.55647747831586,-351.55647747831586,1410.3878082458752,54161.72173543557,83940.10725497584,82866.41188209975,0.0,1073.6953728760773,461.12964372471674,9164.55873195054,20284.194105406077,18255.774694865468,8466.728525948882,8466.728525948882,9.094947017729282e-13,1.1368683772161603e-13,3,0
2025-07-17,49412.69330984629,1111.4984221990196,53.18355010232346,26.59177505116173,1084.906647147858,1918.031848704415,52415.63180569856,76273.43945062332,77217.780523863,1053.9819610069771,109.64088776729557,486.2093658056009,9041.705808778595,14914.721221523685,18972.85320730035,8466.728525948882,2616.9321615213294,9.094947017729282e-13,1.1368683772161603e-13,3,0
2025-07-18,26740.106004337005,0.0,0.0,0.0,0.0,125.54452011984627,26865.650524456854,44745.90633503876,44745.90633503876,0.0,0.0,42.82985847891047,12276.015812700343,12915.854157582216,11677.381876764895,2616.9321615213294,2560.946001492956,9.094947017729282e-13,1.1368683772161603e-13,3,0
2025-07-19,29154.11613810049,0.0,705.5125185713541,352.75625928567706,-352.75625928567706,671.4883922562349,29472.848271071045,50697.38585703357,49824.20602718541,0.0,873.1798298481458,231.85518745925415,15386.297882942297,18757.738450824454,11270.794169122073,2560.946001492956,8475.638974533113,1.8189894035458565e-12,1.1368683772161603e-13,3,0
2025-07-20,51505.89274692483,0.0,0.36418320063050447,0.18209160031525223,-0.18209160031525223,1149.9102219052163,52655.62087722974,82753.13592306897,82752.35474932245,0.0,0.7811737465261785,261.894897455849,8841.106445572403,21126.32354789228,19043.15856335305,8475.638974533113,8444.577638984618,4.547473508864641e-13,1.1368683772161603e-13,3,0
2025-07-21,52266.43477343516,0.0,445.3086876142828,222.6543438071414,-222.6543438071414,1283.4109242309698,53327.191353859,83575.11675305717,82818.53745396837,0.0,756.5792990887835,359.1618609679172,7080.75290806256,21071.970568737368,18964.773511863634,8444.577638984618,8444.577638984618,4.547473508864641e-13,1.1368683772161603e-13,3,0
2025-07-22,53428.07220222919,4764.959266827946,0.0,0.0,4764.959266827946,305.4674672172956,58498.49893627442,84931.70407567255,90029.01963941546,5097.31556374291,0.0,79.72743946191844,13892.038177783823,24058.276764268976,21636.712479842085,8444.577638984618,8461.165480293026,1.8189894035458565e-12,1.1368683772161603e-13,3,0
2025-07-23,56042.94944838363,0.0,2101.7633712601764,1050.8816856300882,-1050.8816856300882,934.4183637079956,55926.48612646153,88916.61545912697,85633.11840059678,0.0,3283.4970585301703,284.23179762406835,9499.725068069396,21895.586764847983,19694.508751363188,8461.165480293026,8473.307927644712,4.547473508864641e-13,1.1368683772161603e-13,3,0
2025-07-24,52790.61002409081,0.0,880.7558438115115,440.3779219057557,-440.3779219057557,382.4202954673939,52732.652397652455,81529.76796756545,79953.23843500038,0.0,1576.5295325650695,101.30989127681781,10405.986935052184,15682.898853157825,19650.809461932815,8473.307927644712,2637.64021275258,9.094947017729282e-13,2.2737367544323206e-13,3,0
2025-07-25,25643.04238571885,0.0,0.0,0.0,0.0,702.386551318904,26345.428937037756,43301.42709614019,43301.42709614019,0.0,0.0,170.9493923520912,15788.908722980537,12732.711920497026,11554.563721651946,2637.64021275258,2537.371773959472,1.8189894035458565e-12,1.1368683772161603e-13,3,0
2025-07-26,27941.230822585872,0.0,0.0,0.0,0.0,603.0223025316637,28544.25312511754,49361.94083040455,49361.94083040455,0.0,0.0,212.30629333333263,13555.27196953665,19138.594144891762,11588.71055735719,2537.371773959472,8478.26288548961,9.094947017729282e-13,1.1368683772161603e-13,3,0
2025-07-27,51077.31795162562,227.40008260879853,171.68542106704848,85.84271053352424,141.5573720752743,2665.525627322587,53884.400951023475,81831.30545267565,81642.73574847242,173.32958823838408,361.89929244160453,770.0842937781583,6589.045277519002,21416.043807315742,19277.458842584165,8478.26288548961,8475.080141568425,9.094947017729282e-13,1.1368683772161603e-13,3,0
2025-07-28,51684.84341732536,1249.7338700008224,0.0,0.0,1249.7338700008224,4151.258061472711,57085.83534879889,82853.54013141367,84000.64067986366,1147.1005484499829,0.0,1167.1370554613989,4963.656660365967,21906.648636257647,19657.40479463189,8475.080141568425,8536.827806063387,9.094947017729282e-13,1.1368683772161603e-13,3,0
2025-07-29,53424.48536033004,2511.0692434219554,0.0,0.0,2511.0692434219554,655.7740752598485,56591.32867901185,85231.25434466125,88054.44060140742,2823.1862567461703,0.0,129.04372734611582,9865.060639466741,22825.509962867905,20576.33222358111,8536.827806063387,8501.649304377337,1.8189894035458565e-12,1.1368683772161603e-13,3,0
2025-07-30,51053.24099640886,3064.676134834892,0.0,0.0,3064.676134834892,389.8728602594112,54507.789991503174,81402.32432882913,84536.76518085394,3134.440852024807,0.0,114.06956573157657,8389.103884240572,21848.489415949436,19690.01260360449,8501.649304377337,8473.850639317889,9.094947017729282e-13,2.2737367544323206e-13,3,0
2025-07-31,49148.737882045,292.93021164274705,0.0,0.0,292.93021164274705,2294.674773961378,51736.342867649124,76630.37527963429,76962.68771685919,332.31243722489216,0.0,574.2229093434365,6726.898942293801,15732.514625152535,19617.499207910376,8473.850639317889,2720.364669353581,1.8189894035458565e-12,1.1368683772161603e-13,3,0
2025-08-01,24975.184331367054,0.0,237.402609913718,118.701304956859,-118.701304956859,732.857443514849,25589.340469925046,42232.97947838323,41950.904575027176,0.0,282.0749033560562,247.0500566650785,19849.10266623417,12445.659566315919,11348.167267524499,2720.364669353581,2565.3354218245104,9.094947017729282e-13,1.1368683772161603e-13,3,0
2025-08-02,27654.01650847972,0.0,157.06227945393073,78.53113972696536,-78.53113972696536,461.334325478901,28036.819694231657,48602.91367143511,48408.489033379345,0.0,194.42463805577245,108.91704144806977,20138.80144552398,18845.82697356829,11394.247277598193,2565.3354218245104,8433.465502804227,1.8189894035458565e-12,1.1368683772161603e-13,3,0
2025-08-03,46640.74368907235,202.28981987119383,396.21643496027724,198.10821748013862,4.181602391055208,2912.4053523483276,49557.330643811736,74098.18450691021,73444.42246479879,183.46088769018965,837.2229298016298,801.3840567762472,9480.320414208807,19105.739815328816,17179.733691295936,8433.465502804227,8449.732409296323,9.094947017729282e-13,2.2737367544323206e-13,3,0
2025-08-04,47942.041903826525,0.0,0.0,0.0,0.0,598.0851507666789,48540.127054593206,75997.01707906954,75997.01707906954,0.0,0.0,240.21292896544924,8861.601373257952,19448.29915193701,17488.32560049331,8449.732409296323,8465.695203498686,9.094947017729282e-13,2.2737367544323206e-13,3,0
2025-08-05,46914.29967677967,80.39812903812133,0.0,0.0,80.39812903812133,1755.8110328473178,48750.50883866512,74325.09380837905,74428.83280334814,103.73899496907035,0.0,471.764577120642,7791.044776287119,19586.16072848319,17628.91785763488,8465.695203498686,8464.247721496185,9.094947017729282e-13,2.2737367544323206e-13,3,0
2025-08-06,48460.34081190376,0.0,255.8291412821165,127.91457064105825,-127.91457064105825,1844.2710796580477,50176.69732092076,76448.68010847627,76161.37810629615,0.0,287.3020021801274,577.9932661411949,6554.811776088138,20057.425874325367,17987.26554464283,8464.247721496185,8532.149983908072,1.8189894035458565e-12,2.2737367544323206e-13,3,0
2025-08-07,45546.93427730795,400.8542590864825,1830.800422949798,915.400211474899,-514.5459523884165,1430.3759729397198,46462.76429785925,71158.45086464737,67673.14288013143,309.9210744026234,3795.2290589185445,479.9910921773165,9323.88092803739,13037.832253761975,17596.564459490604,8532.149983908072,2352.5161238496817,1.8189894035458565e-12,2.2737367544323206e-13,3,0
2025-08-08,23400.637851906504,0.0,8.02741419281626,4.01370709640813,-4.01370709640813,684.8927474621065,24081.516892272208,40553.62737384716,40543.9218797197,0.0,9.705494127452859,152.09018903972603,23686.684294351533,12826.65287520421,11592.496350796315,2352.5161238496817,2301.3833978786415,9.094947017729282e-13,1.1368683772161603e-13,3,0
2025-08-09,25806.965239342855,0.0,10.069064958631575,5.0345324793157875,-5.0345324793157875,1816.8856663796828,27618.816373243222,46082.644426202314,46070.470487188126,0.0,12.173939014183986,443.74601071537444,20668.81224884608,18351.079614825056,11427.604365767633,2301.3833978786415,7664.993464621884,9.094947017729282e-13,1.1368683772161603e-13,3,0
2025-08-10,45420.41350885092,0.0,27.809198869735162,13.904599434867581,-13.904599434867581,2626.1775659591467,48032.6864753752,71742.3872564959,71679.64086915445,0.0,62.746387341460206,810.3752030154507,5267.7993819227195,18946.925439792416,17029.327799545248,7664.993464621884,7689.137556032576,1.8189894035458565e-12,1.1368683772161603e-13,3,0
2025-08-11,45777.77462932866,194.2247930749997,0.0,0.0,194.2247930749997,2612.4999717703663,48584.49939417403,73127.2669424974,73274.70418602486,147.4372435274612,0.0,649.0063545361562,7112.362610912159,20021.98946734066,17771.894871025135,7689.137556032576,7950.4425142740265,9.094947017729282e-13,1.1368683772161603e-13,3,0
2025-08-12,47138.24064499576,963.6603633181121,42.85629290226868,21.42814645113434,942.2322168669778,2160.7257723133953,50241.198634176144,75650.45326122145,76367.37454446242,812.8399197990886,95.91863655812267,547.4674011536847,6878.817664523342,19893.28772356369,17617.807092470925,7950.4425142740265,8252.073057706613,9.094947017729282e-13,1.1368683772161603e-13,3,0
2025-08-13,45660.878091398044,7.33414806265326,0.6819890533729478,0.3409945266864739,6.993153535966786,3380.374251277854,49048.24549621187,72646.37017880549,72656.71914597516,11.887751134862242,1.5387839651916693,794.4307986411696,5413.478615912811,18943.44040431801,17026.748525614494,8252.073057706613,8275.629747613184,9.094947017729282e-13,2.2737367544323206e-13,3,0
2025-08-14,43262.12077769422,1518.0317247807611,0.0,0.0,1518.0317247807611,1735.3487158855316,46515.501218360514,66314.62292437081,68462.9491909849,2148.326266614098,0.0,444.3769797961104,7222.343183059043,14214.021348214568,18455.329343825928,8275.629747613184,2306.6091671208987,1.8189894035458565e-12,1.1368683772161603e-13,3,0
2025-08-15,23950.080021837115,0.0,2.1726648392843844,1.0863324196421922,-1.0863324196421922,1149.2638209173608,25098.257510334835,40894.98533924598,40892.52443236184,0.0,2.460906884146169,351.2800223579491,22752.109384629395,12887.067927033007,11555.099740275951,2306.6091671208987,2352.2106804422097,1.8189894035458565e-12,1.1368683772161603e-13,3,0
2025-08-16,27133.26065142127,0.0,534.5262701375576,267.2631350687788,-267.2631350687788,1506.6003512236373,28372.59786757613,47581.55159695461,46960.41656520776,0.0,621.1350317468566,374.96838561489244,22888.086081982852,18743.16992544069,11225.151423267558,2352.2106804422097,8301.194415295051,1.8189894035458565e-12,1.1368683772161603e-13,3,0
2025-08-17,47043.43379528266,0.0,27.094403766071732,13.547201883035866,-13.547201883035866,1446.2692385704345,48476.155831970056,75013.57917512138,74953.31606136868,0.0,60.26311375271962,351.4886742608559,10149.120752404677,20000.81357058175,18010.52320402357,8301.194415295051,8290.873805118696,9.094947017729282e-13,2.2737367544323206e-13,3,0
2025-08-18,46240.88730666877,0.5944728515689339,0.0,0.0,0.5944728515689339,1667.9850233132536,47909.466802833595,73084.56310767823,73085.11224892027,0.5491412420386439,0.0,420.13114467505613,7312.588286910816,19760.779017735316,17962.239527717473,8290.873805118696,8103.731887346433,9.094947017729282e-13,1.1368683772161603e-13,3,0
2025-08-19,46141.543861013015,0.0,148.89370879587983,74.44685439793992,-74.44685439793992,2584.9645539873522,48652.06156060243,72914.67881642858,72750.0546826178,0.0,164.62413381078795,575.3170238082835,7009.655420218315,19016.856995972226,17018.800759764457,8103.731887346433,8205.315352353753,9.094947017729282e-13,1.1368683772161603e-13,3,0
2025-08-20,47683.787766239475,697.3659049564018,80.78174285260988,40.39087142630494,656.9750335300969,3054.4339288080155,51395.19672857759,76200.62130506067,76688.7256891661,619.8659319684567,131.76154786303533,752.0042048371945,5008.265776847125,20397.160766966015,18615.387716476514,8205.315352353753,7933.419529230103,9.094947017729282e-13,1.1368683772161603e-13,3,0
2025-08-21,44698.39986152104,115.80554173975781,379.86860406108593,189.93430203054297,-74.12876029078517,2395.839805471535,47020.11090670179,69360.29455820002,68733.60802220799,86.47181097737104,713.1583469694147,555.5158713199743,6943.84757522899,14696.016425126187,18195.15859016054,7933.419529230103,2695.9036819948533,1.8189894035458565e-12,1.1368683772161603e-13,3,0
2025-08-22,23875.055238846886,0.0,10.371609988382117,5.1858049941910584,-5.1858049941910584,2711.4553724525767,26581.324806305274,40636.60912109463,40624.66741873951,0.0,11.941702355116462,704.533989522062,19002.271857409207,12631.526804376696,11535.166653524328,2695.9036819948533,2520.0889185979977,9.094947017729282e-13,1.1368683772161603e-13,3,0
2025-08-23,26533.683504120992,92.79024517853287,0.0,0.0,92.79024517853287,1467.7012507609788,28094.175000060502,47065.76271476772,47134.84273206242,69.08001729470574,0.0,494.3575331196241,17769.201712883172,19180.500898143582,11850.508495844702,2520.0889185979977,8224.777009561258,9.094947017729282e-13,1.1368683772161603e-13,3,0
2025-08-24,47094.06912713341,0.0,842.5847939008094,421.2923969504047,-421.2923969504047,2185.3370926336497,48858.11382281667,74142.39057291701,72985.88432233474,0.0,1156.5062505822602,561.4074722007925,7536.76245289287,20721.034991782322,18444.09513347299,8224.777009561258,8440.69349038475,9.094947017729282e-13,1.1368683772161603e-13,3,0
2025-08-25,51949.12416749271,268.00014721049894,1588.9430104649664,794.4715052324832,-526.4713580219843,393.46530270547646,51816.118112176206,83049.57279925077,80299.28297475753,210.38338440749152,2960.6732089007255,130.88042303248432,7719.99388859959,20832.368641548586,18895.286149024818,8440.69349038475,8286.633255603101,9.094947017729282e-13,1.1368683772161603e-13,3,0
2025-08-26,47712.81781319517,504.70082970522435,0.0,0.0,504.70082970522435,1023.5527251450262,49241.07136804543,75192.06159694717,75703.34987587911,511.28827893194364,0.0,295.8066416475508,8201.149786126562,21066.933840318292,18797.745492251524,8286.633255603101,8457.91798715561,9.094947017729282e-13,1.1368683772161603e-13,3,0
2025-08-27,47971.212040135215,2699.045586522752,0.0,0.0,2699.045586522752,640.246805536789,51310.50443219476,75993.58172164016,79074.16873795119,3080.5870163110185,0.0,155.20200305046853,9121.67747929559,21419.093977894,19225.5495828546,8457.91798715561,8512.34605325112,9.094947017729282e-13,1.1368683772161603e-13,3,0
2025-08-28,44853.72824729384,1848.6157972660126,0.0,0.0,1848.6157972660126,5194.159291736247,51896.5033362961,69285.60728131825,71177.92475225432,1892.3174709360646,0.0,1496.4852530112,5795.812126750228,14843.862601131917,18733.059705949963,8512.34605325112,2848.0918432596263,1.8189894035458565e-12,1.1368683772161603e-13,3,0
2025-08-29,24598.428445311216,0.0,406.91482081901995,203.45741040950998,-203.45741040950998,1359.619470744488,25754.590505646192,41765.292341407505,41297.70423894352,0.0,467.5881024639888,359.779161519736,17693.23356740936,13717.405448838264,12308.37596578437,2848.0918432596263,2887.3978353084945,1.8189894035458565e-12,1.1368683772161603e-13,3,0
2025-08-30,26543.351754924217,0.0,0.0,0.0,0.0,2168.0874540924437,28711.43920901666,46801.844816962075,46801.844816962075,0.0,0.0,723.3391857055317,21772.04036394889,19375.10778374205,12134.683978356667,2887.3978353084945,8477.158968352931,1.8189894035458565e-12,1.1368683772161603e-13,3,0
2025-08-31,47291.18973781122,460.3943681088934,0.0,0.0,460.3943681088934,2197.623578804561,49949.20768472467,74397.5412169502,75049.31095185257,651.7697349023701,0.0,595.5131528245471,7010.597481122091,20175.307767217026,18187.704226995327,8477.158968352931,8445.612891214754,4.547473508864641e-13,1.1368683772161603e-13,3,0
2025-09-01,49380.229147456455,0.0,1397.131693546442,698.565846773221,-698.565846773221,0.0,48681.66330068323,78864.72689087017,76671.57154677763,0.0,2193.1553440925327,0.0,21074.231404625436,20202.76165818852,18179.55604936966,8445.612891214754,8448.700795266634,1.8189894035458565e-12,1.1368683772161603e-13,3,0
2025-09-02,45259.771324334266,994.3404101241986,0.0,0.0,994.3404101241986,125.09221155644848,46379.20394601491,72311.67093530038,73502.65622283288,1190.9852875325028,0.0,23.987001257228854,17441.21824684729,20325.084744928223,18297.4156176854,8448.700795266634,8443.599675367142,1.8189894035458565e-12,2.2737367544323206e-13,3,0
2025-09-03,44381.16091541857,121.35981181877997,324.042963804469,162.0214819022345,-40.66167008345454,26.30242687499997,44366.801672210124,71342.54155545909,70789.74300954177,101.90528224166121,654.7038281589656,11.969249999999988,13256.946200493174,19793.704517986,17796.655708937396,8443.599675367142,8462.234300100527,1.8189894035458565e-12,1.1368683772161603e-13,3,0
2025-09-04,39988.10744202879,207.50551575517923,405.18040439580034,202.59020219790017,4.915313557279063,236.2070610135776,40229.229816599654,62265.97063415155,61575.52231993868,168.39831972362896,858.8466339364876,98.88392955318011,11337.383128620708,14730.437359269145,18318.979788397988,8462.234300100527,3126.854015176136,9.094947017729282e-13,1.1368683772161603e-13,3,0
2025-09-05,18455.35948569936,0.0,210.67337852488288,105.33668926244144,-105.33668926244144,678.3708920788669,19028.393688515782,33379.69453450871,33150.26102343341,0.0,229.4335110752908,143.75201157942342,25213.43585946841,13349.04286418551,12092.727355307748,3126.854015176136,3044.0141699904093,9.094947017729282e-13,1.1368683772161603e-13,3,0
2025-09-06,19541.636237033123,0.0,98.66362218172253,49.331811090861265,-49.331811090861265,1193.714417744449,20686.01884368671,37250.193726935155,37141.63796532787,0.0,108.55576160728546,306.99537866900977,23122.193663343525,18592.964723542125,11987.608742888771,3044.0141699904093,8046.80015563177,1.8189894035458565e-12,1.1368683772161603e-13,3,0
2025-09-07,38245.83009709223,1596.5561768861944,0.0,0.0,1596.5561768861944,1688.092331225306,41530.47860520373,61840.23481766498,64075.55538296969,2235.3205653047075,0.0,452.3842428341296,7302.487038045761,20294.631245789154,18030.162274697755,8046.80015563177,8294.518068443564,1.8189894035458565e-12,1.1368683772161603e-13,3,0
2025-09-08,37692.383185080354,301.32703488949176,14.079127470952985,7.039563735476492,294.28747115401524,10717.233483599637,48703.904139834005,62260.645534880256,62527.9562483906,297.5104721352993,30.19975862495278,2612.7575120455954,3719.007747749836,20052.042508530296,18025.906029177266,8294.518068443564,8316.582574631258,9.094947017729282e-13,1.1368683772161603e-13,3,0
2025-09-09,36518.53432195814,986.4123378104944,0.0,0.0,986.4123378104944,5276.644187037186,42781.590846805826,59448.79153577906,60391.00934878069,942.2178130016285,0.0,1308.98443726106,6639.757674988072,19735.203313870148,17777.801469483133,8316.582574631258,8299.592197512657,1.8189894035458565e-12,1.1368683772161603e-13,3,0
2025-09-10,39457.272515624136,0.0,110.72644772996988,55.36322386498494,-55.36322386498494,7123.204016547419,46525.11330830657,64783.84672421461,64585.74948986681,0.0,198.09723434779596,1849.1224590483403,3090.709973386251,20470.63677278899,18442.47344726009,8299.592197512657,8279.66947747654,9.094947017729282e-13,1.1368683772161603e-13,3,0
2025-09-11,37899.97446538701,0.0,1478.9300802189773,739.4650401094887,-739.4650401094887,2137.4292025832365,39297.938627860756,60158.49575391853,57185.68527231756,0.0,2972.810481600966,531.2357494617567,7463.827554741587,15235.607920012415,18478.60023630802,8279.66947747654,3255.2813406854452,9.094947017729282e-13,1.1368683772161603e-13,3,0
2025-09-12,17533.254088163507,0.0,114.34800167358947,57.17400083679473,-57.17400083679473,1343.5635811401603,18819.643668466873,32469.795620679426,32339.67089348613,0.0,130.12472719329764,403.53446701662904,19806.726274586006,13978.359284009395,12593.536398092645,3255.2813406854452,3241.564389505918,1.8189894035458565e-12,1.1368683772161603e-13,3,0
2025-09-13,20454.37857066571,0.0,0.0,0.0,0.0,1283.1750809115024,21737.553651577215,38832.28052704457,38832.28052704457,0.0,0.0,307.72398311238555,24220.74073060936,19512.263993982822,12600.101697768565,3241.564389505918,8470.849976182095,1.8189894035458565e-12,1.1368683772161603e-13,3,0
2025-09-14,42497.06658417123,0.0,545.7559794012334,272.8779897006167,-272.8779897006167,2110.8046276206906,44334.9932220913,68724.1241670833,68006.39327026145,0.0,717.7308968218313,635.9474904445287,6623.947170986705,20990.76681004204,19071.69797032277,8470.849976182095,8281.105051131939,9.094947017729282e-13,1.1368683772161603e-13,3,0
2025-09-15,37488.78332803797,0.0,0.0,0.0,0.0,5103.598360549497,42592.38168858747,61036.89424643677,61036.89424643677,0.0,0.0,1188.837357096981,4928.028256490103,20611.692524253864,18381.01981054354,8281.105051131939,8459.777387446122,9.094947017729282e-13,2.2737367544323206e-13,3,0
2025-09-16,40270.91636138515,0.0,0.0,0.0,0.0,4575.212639729432,44846.12900111458,65856.20951149362,65856.20951149362,0.0,0.0,1247.3484166968096,5752.579387425965,20458.064867160596,18598.85630972947,8459.777387446122,8263.085899708985,9.094947017729282e-13,2.2737367544323206e-13,3,0
2025-09-17,40678.34720083243,0.0,1.7466214490165766,0.8733107245082883,-0.8733107245082883,2366.106729860924,43043.58061996885,66024.95451994555,66020.70793242058,0.0,4.246587524961285,718.8560067791773,4488.581974150616,20843.954762642104,18553.091197592963,8263.085899708985,8480.722374609739,9.094947017729282e-13,1.1368683772161603e-13,3,0
2025-09-18,37235.80102699574,2406.4075035280002,0.0,0.0,2406.4075035280002,2135.8920684671957,41778.10059899093,58467.36712510412,61727.23772536914,3259.87060026502,0.0,435.27353421724854,6273.882648982892,15528.889851756623,18596.312357819796,8480.722374609739,3610.486437355139,1.8189894035458565e-12,2.2737367544323206e-13,3,0
2025-09-19,18567.45317857541,57.66991009510748,0.0,0.0,57.66991009510748,783.5441161879132,19408.66720485843,33814.48774178666,33861.762385527734,47.2746437410791,0.0,284.60113845565525,16568.03250270371,14317.789397249802,12840.810692636787,3610.486437355139,3658.131172938573,9.094947017729282e-13,1.1368683772161603e-13,3,0
2025-09-20,21084.39724166403,0.0,0.0,0.0,0.0,811.8869503897299,21896.28419205376,39511.84450021116,39511.84450021116,0.0,0.0,215.35116500790056,17566.262205698622,19438.049510863188,12922.54978467608,3658.131172938573,8477.120591741816,9.094947017729282e-13,1.1368683772161603e-13,3,0
2025-09-21,43150.10682433203,0.0,19.8816319886213,9.94081599431065,-9.94081599431065,494.7772001462842,43634.94320848401,69845.02323989695,69816.20510395171,0.0,28.81813594524033,134.50434096558854,9629.944698144905,20279.35712439051,18246.079860951453,8477.120591741816,8482.751080874466,1.8189894035458565e-12,1.1368683772161603e-13,3,0
2025-09-22,41213.40453915382,0.0,756.3999333413923,378.19996667069614,-378.19996667069614,5157.0033052696135,45992.207877752735,67238.30315603569,65834.81043460834,0.0,1403.4927214273532,1463.72411761174,4604.450848168492,20758.64107218245,18678.5772514642,8482.751080874466,8487.177967601187,1.8189894035458565e-12,1.1368683772161603e-13,3,0
2025-09-23,42018.80166984923,0.0,78.88250366638475,39.441251833192375,-39.441251833192375,4336.900294495457,46316.26071251149,68316.28944221971,68201.8110911009,0.0,114.47835111880909,977.5235341632258,4935.266119462028,21072.87983718775,18945.426914718984,8487.177967601187,8508.433679377114,1.8189894035458565e-12,1.1368683772161603e-13,3,0
2025-09-24,40667.768720837455,6.77530425691543,0.0,0.0,6.77530425691543,3086.1468004802523,43760.69082557463,65607.95142879315,65618.93336291572,10.981934122563302,0.0,1034.0077049818792,3500.702491919445,21002.9864047815,18913.97292880335,8508.433679377114,8496.538071513889,1.8189894035458565e-12,1.1368683772161603e-13,3,0
2025-09-25,40603.79580308175,486.29789213221716,0.0,0.0,486.29789213221716,2835.935067145831,43926.028762359805,64006.562618147735,64649.71141719719,643.1487990494505,0.0,764.0335384685077,7697.767444783516,16547.934783001692,19167.406172119518,8496.538071513889,3991.067303554395,9.094947017729282e-13,1.1368683772161603e-13,3,0
2025-09-26,19156.019428650914,0.0,178.45884335906374,89.22942167953187,-89.22942167953187,90.13780830979749,19156.927815281182,34669.47867624377,34458.23772570152,0.0,211.24095054225438,23.998377340834566,15306.898880598881,14721.638676976423,13240.544954532947,3991.067303554395,4000.480196944823,9.094947017729282e-13,1.1368683772161603e-13,3,0
2025-09-27,21306.331889568217,330.2408328435256,0.0,0.0,330.2408328435256,850.068159042106,22486.640881453844,39695.82599522601,39966.27093738328,270.4449421572579,0.0,245.939087388666,16231.782656288115,19349.482403116628,13170.357284632802,4000.480196944823,8474.235439493827,1.8189894035458565e-12,1.1368683772161603e-13,3,0
2025-09-28,43933.39155690241,1917.671381393241,0.0,0.0,1917.671381393241,1238.8420148494724,47089.904953145124,70917.09838381076,73330.75332871516,2413.6549449043964,0.0,315.00184141413183,7959.396323190709,21985.813497719184,19787.083817447266,8474.235439493827,8474.391793569317,9.094947017729282e-13,1.1368683772161603e-13,3,0
2025-09-29,42797.268352295105,0.0,1433.034144828997,716.5170724144984,-716.5170724144984,5498.394445144288,47579.14572502489,69719.82504315363,67283.875928133,0.0,2435.949115020652,1268.3391107025084,3682.4412057704794,21358.281088150172,19248.398855085157,8474.391793569317,8447.042439150073,9.094947017729282e-13,1.1368683772161603e-13,3,0
2025-09-30,43442.78912742293,0.0,0.0,0.0,0.0,3988.7125590170544,47431.501686439995,70124.34406924185,70124.34406924185,0.0,0.0,963.1298273441698,3429.862296794977,22051.814303743806,19816.377470619424,8447.042439150073,8478.93443388865,1.8189894035458565e-12,1.1368683772161603e-13,3,0
2025-10-01,43026.22768207397,0.0,1050.7235754517294,525.3617877258647,-525.3617877258647,135.17444327040528,42636.04033761851,69976.47577761364,68214.81540228339,0.0,1761.6603753302309,62.0017442790637,16514.093448026495,21007.552762026375,18906.350596823737,8478.93443388865,8479.40549625574,9.094947017729282e-13,1.1368683772161603e-13,3,0
2025-10-02,42137.118172357485,0.0,1533.7920467288639,766.8960233644319,-766.8960233644319,212.11855034605105,41582.34069933911,66829.78063650402,64673.429076548025,0.0,2156.351559955996,87.54321531428445,15250.910745663152,17218.534711401502,19439.256281869013,8479.40549625574,4323.566503717964,1.8189894035458565e-12,1.1368683772161603e-13,3,0
2025-10-03,17463.702730418096,0.0,12.200396250699182,6.100198125349591,-6.100198125349591,26.07670845791604,17483.679240750665,32852.04571963185,32838.03685624859,0.0,14.008863383260458,12.473331666666411,23645.69629639485,14608.615680364237,13220.955488843829,4323.566503717964,4246.405477834578,1.8189894035458565e-12,1.1368683772161603e-13,3,0
2025-10-04,19716.632298877863,0.0,0.0,0.0,0.0,133.43500583813315,19850.067304715994,38047.619339242796,38047.619339242796,0.0,0.0,33.4793176993569,19023.06285142256,19580.581145625845,13618.527773439586,4246.405477834578,8466.987062702403,1.8189894035458565e-12,1.1368683772161603e-13,3,0
2025-10-05,41922.41018432227,0.0,1989.1996123115837,994.5998061557918,-994.5998061557918,353.02121121885295,41280.83158938533,68996.12308420509,65606.34745723824,0.0,3389.7756269668425,128.52516556549574,8875.999518518289,21229.12037618782,19106.208338569035,8466.987062702403,8466.987062702405,1.8189894035458565e-12,1.1368683772161603e-13,3,0
2025-10-06,38730.345880299676,262.2686974619657,0.0,0.0,262.2686974619657,1622.3198880605205,40614.93446582216,63498.617900689685,63883.21098925244,384.59308856275186,0.0,568.7920890453361,4639.103003535477,20894.569425122965,18814.77860036067,8466.987062702405,8456.798079961942,9.094947017729282e-13,1.1368683772161603e-13,3,0
2025-10-07,39890.8554099372,0.0,0.0,0.0,0.0,563.845832112673,40454.70124204988,65604.58275985572,65604.58275985572,0.0,0.0,134.75784028634342,5824.28476522886,21311.78854163194,19168.295706718745,8456.798079961942,8469.778155373098,9.094947017729282e-13,1.1368683772161603e-13,3,0
2025-10-08,38143.525891344245,0.0,0.0,0.0,0.0,2096.101165714847,40239.627057059086,63436.483425789535,63436.483425789535,0.0,0.0,554.3212399229938,5380.6947608070495,21031.10845238807,18899.494214149265,8469.778155373098,8499.823369680733,1.8189894035458565e-12,1.1368683772161603e-13,3,0
2025-10-09,38490.13677176171,0.0,1595.8798635753947,797.9399317876973,-797.9399317876973,931.7138680483076,38623.91070802232,62350.378513323776,59620.34391365788,0.0,2730.034599665889,185.97046698520228,6196.463967574736,16867.293423005503,19017.42469327048,8499.823369680733,4455.417169582088,9.094947017729282e-13,1.1368683772161603e-13,3,0
2025-10-10,16427.634369950574,0.0,0.0,0.0,0.0,940.6754403111482,17368.309810261722,32044.72980612152,32044.72980612152,0.0,0.0,253.42487608618387,21296.736190111507,15341.545894504387,13683.738319074853,4455.417169582088,4585.758861307024,1.8189894035458565e-12,1.1368683772161603e-13,3,0
2025-10-11,18667.842479554805,26.631408071305167,0.0,0.0,26.631408071305167,527.1849405105604,19221.65882813667,36823.510822682074,36845.936574297506,22.425751615440948,0.0,110.69925509743092,17214.127874516897,19548.777372082848,13912.583000538132,4585.758861307024,8466.207312229806,9.094947017729282e-13,1.1368683772161603e-13,3,0
2025-10-12,40196.46572509763,33.871288517157026,11.131766880571897,5.5658834402859485,28.30540507687108,830.3596823419625,41055.130812516465,66104.33607606315,66143.10193107088,54.90118894101147,16.135333933282936,214.41596007977967,5810.071629189168,20328.645848781594,18296.155570153438,8466.207312229806,8465.812758798993,1.8189894035458565e-12,2.2737367544323206e-13,3,0
2025-10-13,40919.80682079098,0.0,503.39444098288214,251.69722049144107,-251.69722049144107,278.46221836475263,40946.57181866429,67071.0115294733,66174.51116341475,0.0,896.5003660585503,97.95987186454326,7131.437040198166,21255.91275581116,19142.274060730044,8465.812758798993,8453.213632700155,1.8189894035458565e-12,1.1368683772161603e-13,3,0
2025-10-14,41554.69050485088,0.0,965.1215082729068,482.5607541364534,-482.5607541364534,3286.5277796767764,44358.6575303912,67989.58741940086,65998.9988100652,0.0,1990.5886093356628,866.2352400840816,3957.908161144819,21298.615064211226,19165.1184585401,8453.213632700155,8457.045363750412,9.094947017729282e-13,1.1368683772161603e-13,3,0
2025-10-15,41118.23403835601,0.0,350.86437998955637,175.43218999477818,-175.43218999477818,2371.1709979358993,43313.97284629714,67852.90478654913,67289.10649819204,0.0,563.7982883571005,665.4193001659856,3914.016822228069,21383.127016299477,19262.64169016953,8457.045363750412,8438.253659989385,1.8189894035458565e-12,1.1368683772161603e-13,3,0
2025-10-16,39348.96049749576,168.2810132255359,0.0,0.0,168.2810132255359,4979.543189855074,44496.784700576376,63371.52047272561,63522.52130299727,151.00083027165937,0.0,1229.9706300770026,3393.6490296312413,17765.851394315032,19373.481440871994,8438.253659989385,4870.977633371423,1.8189894035458565e-12,2.2737367544323206e-13,3,0
2025-10-17,16771.514884094504,24.704068307349203,0.0,0.0,24.704068307349203,776.8511624397113,17573.07011484156,32509.53117518619,32530.333508369207,20.802333183018984,0.0,194.63823367561025,14981.847924889827,15575.404826535476,13836.48032604715,4870.977633371423,5062.173175874919,1.8189894035458565e-12,1.1368683772161603e-13,3,0
2025-10-18,19060.89716666772,0.0,0.0,0.0,0.0,212.6505782350246,19273.547744902746,37017.946740074,37017.946740074,0.0,0.0,90.35187991497531,15910.053762860553,19127.24767308076,14005.596082618998,5062.173175874919,8444.679044532917,1.8189894035458565e-12,1.1368683772161603e-13,3,0
2025-10-19,42837.122809183726,65.43551525259147,0.0,0.0,65.43551525259147,1643.0768860427565,44545.63521047907,70139.37970666273,70197.11720968646,57.737503023725594,0.0,406.12779998830223,4514.8337781719765,21899.372716694517,19696.684018525062,8444.679044532917,8458.12022825166,9.094947017729282e-13,1.1368683772161603e-13,3,0
2025-10-20,44763.41809752131,7.698808484373502,0.6429518277709773,0.32147591388548863,7.377332570488013,653.6371695077353,45424.43259959954,72819.26659814673,72830.8134696252,12.478820786730694,0.9319493082634835,151.49260442024325,6325.617480227327,22140.379959014404,19924.473731862963,8458.12022825166,8460.089516900296,9.094947017729282e-13,1.1368683772161603e-13,3,0
2025-10-21,44720.07752932757,210.91164328897867,0.0,0.0,210.91164328897867,934.9244750718176,45865.913647688365,72849.79131973186,73154.18809732117,304.3967775893092,0.0,262.2196890197465,4734.963114767262,22284.18539073655,20065.322069162896,8460.089516900296,8450.017433287527,9.094947017729282e-13,1.1368683772161603e-13,3,0
2025-10-22,43943.419773692425,0.0,295.1204687725533,147.56023438627665,-147.56023438627665,2989.6635596568744,46785.52309896302,72157.93007139221,71753.80385174399,0.0,404.12621964823757,590.9648565714106,4606.479633141002,21791.122991743898,19607.730616569508,8450.017433287527,8454.529029527068,9.094947017729282e-13,2.2737367544323206e-13,3,0
2025-10-23,44983.44910072453,0.0,3057.5703997195747,1528.7851998597873,-1528.7851998597873,1286.196674106635,44740.860574971375,72473.93235610233,67461.59526310809,0.0,5012.337092994258,301.97289752716154,5569.430708508982,18692.596397880654,19877.95597908772,8454.529029527068,5234.677655235782,9.094947017729282e-13,1.1368683772161603e-13,3,0
2025-10-24,17418.11944971844,42.86047570644143,0.0,0.0,42.86047570644143,1275.9728514620147,18736.952776886894,33535.00641495167,33572.416012217174,37.409597265503564,0.0,293.4016937116877,13700.410817579559,16194.121452612653,14448.765280930013,5234.677655235782,5367.434315630433,9.094947017729282e-13,1.1368683772161603e-13,3,0
2025-10-25,19278.800017495712,0.0,0.0,0.0,0.0,649.796571448766,19928.596588944474,37443.60138935913,37443.60138935913,0.0,0.0,166.95801844185678,13349.388694860434,19434.138015334524,14571.400035727303,5367.434315630433,8444.672192667796,9.094947017729282e-13,1.1368683772161603e-13,3,0
2025-10-26,46150.91008763318,0.0,1795.4135762919698,897.7067881459849,-897.7067881459849,494.86253849510393,45748.0658379823,74922.76832288477,72185.2756824485,0.0,2737.4926404362664,192.53813407569055,5604.156008027789,22232.513285797286,20003.167493967558,8444.672192667796,8451.096320996528,9.094947017729282e-13,1.1368683772161603e-13,3,0
2025-10-27,45423.52763580456,605.9171959405735,0.0,0.0,605.9171959405735,358.3763651554866,46387.821196900615,73466.06727118156,74040.3162320295,574.2489608479335,0.0,82.64349459463256,8344.870320921847,21961.198132856145,19735.690393820536,8451.096320996528,8482.073914689165,1.8189894035458565e-12,2.2737367544323206e-13,3,0
2025-10-28,45282.32438998223,259.7486323716564,0.0,0.0,259.7486323716564,165.63948029354992,45707.71250264744,73324.36068486964,73575.78819754405,251.42751267441605,0.0,51.25974715089461,5484.262684190695,21924.47633754241,19754.11277703817,8482.073914689165,8458.795257527834,9.094947017729282e-13,2.2737367544323206e-13,3,0
2025-10-29,45453.754670040464,568.3470731512516,0.0,0.0,568.3470731512516,1245.0492451948853,47267.1509883866,74053.46929048217,74699.67887875499,646.2095882728247,0.0,332.35840785869664,3461.540262614046,22601.912784996493,20343.67256099685,8458.795257527834,8456.738665508126,1.8189894035458565e-12,1.1368683772161603e-13,3,0
2025-10-30,43722.98055159282,50.314284519266764,423.45343184809764,211.72671592404882,-161.41243140478207,880.7762582926441,44442.34437848068,70036.97982791485,69518.10296583257,43.07884813680124,561.9557102190702,244.57856705262515,5789.9858334701985,19141.938441730355,19957.060392315354,8456.738665508126,5579.787210405443,9.094947017729282e-13,2.2737367544323206e-13,3,0
2025-10-31,18408.717094927655,0.0,7.091549698211333,3.5457748491056664,-3.5457748491056664,573.7774084208967,18978.948728499447,34864.62976949298,34856.01692062369,0.0,8.612848869289394,134.17811335691874,9292.346649489631,16610.025446977816,14816.469129153504,5579.787210405443,5719.511155581791,1.8189894035458565e-12,1.1368683772161603e-13,3,0
2025-11-01,19782.267359291538,0.0,47.56167933199001,23.780839665995003,-23.780839665995003,365.7880317050508,20124.274551330596,37960.643349592516,37899.86900788138,0.0,60.77434171113238,150.88027357352547,10977.12359488036,19401.65297109702,14872.065717855807,5719.511155581791,8449.001557123187,4.547473508864641e-13,1.1368683772161603e-13,3,0
2025-11-02,47429.92304401016,599.1916002585155,0.0,0.0,599.1916002585155,1067.9422080970146,49097.05685236569,76628.15377357925,77326.97729643309,698.8235228538451,0.0,259.67287183168423,6442.290511605081,23435.432233263622,21087.45650993727,8449.001557123187,8453.673822366083,9.094947017729282e-13,1.1368683772161603e-13,3,0
2025-11-03,48870.218657486505,0.0,406.82857386552917,203.41428693276458,-203.41428693276458,276.2857236376732,48943.090094191415,78822.07843607158,78280.87282099946,0.0,541.2056150721106,113.79458928242002,6569.604561240189,23179.20665708359,20859.07409137523,8453.673822366083,8456.005369684923,1.8189894035458565e-12,2.2737367544323206e-13,3,0
2025-11-04,48113.703092993135,0.0,88.07754459862431,44.03877229931216,-44.03877229931216,648.1154153582963,48717.779736052114,77854.4280139729,77663.22266029059,0.0,191.2053536823123,153.11677007662945,7888.789511302322,23449.424499815577,21101.946614084016,8456.005369684923,8458.677953628598,1.8189894035458565e-12,1.1368683772161603e-13,3,0
2025-11-05,49122.16202408654,0.0,912.3574468243994,456.1787234121997,-456.1787234121997,493.93542316673575,49159.91872384108,79293.78670811324,77868.01669850829,0.0,1425.7700096049593,165.24662707853588,6037.7225697445565,23280.6196242559,20963.098935080314,8458.677953628598,8447.56647599253,1.8189894035458565e-12,1.1368683772161603e-13,3,0
2025-11-06,47365.5298979278,252.36967693228175,0.0,0.0,252.36967693228175,1843.0850180558323,49460.98459291592,75672.7563539106,75887.30705191821,214.55069800759634,0.0,430.0842063569356,5112.431302592071,21026.14882935567,21190.773423672596,8447.56647599253,6057.686226270065,9.094947017729282e-13,1.1368683772161603e-13,3,0
2025-11-07,19154.600657815754,0.0,0.0,0.0,0.0,172.51472947164493,19327.1153872874,36053.40812159466,36053.40812159466,0.0,0.0,55.357202417431225,11058.253107923341,17162.997414722344,15430.946981966928,6057.686226270065,6074.288912662405,9.094947017729282e-13,1.1368683772161603e-13,3,0
2025-11-08,20133.421507053914,0.0,0.0,0.0,0.0,261.18712279802327,20394.608629851937,38561.28375338493,38561.28375338493,0.0,0.0,96.9887753743522,10646.869798578817,19682.24525211155,15462.049621931079,6074.288912662405,8448.074884858786,9.094947017729282e-13,1.1368683772161603e-13,3,0
2025-11-09,49439.51904669527,8.358624238197773,96.73691763334577,48.368458816672884,-40.00983457847511,868.9505957063752,50268.45980782317,79539.10567190583,79349.90175036152,6.361931908663678,195.56585345296904,247.51641685021406,5904.269806394775,23457.034694836184,21110.703517352566,8448.074884858786,8448.736547187289,9.094947017729282e-13,1.1368683772161603e-13,3,0
2025-11-10,49682.485871488134,803.0425404199788,0.0,0.0,803.0425404199788,883.1154176904994,51368.643829598615,79948.51773407083,80912.09709394701,963.5793598761855,0.0,213.4495498394745,4900.407231231675,23626.31302054815,21259.616707993337,8448.736547187289,8453.021444484792,9.094947017729282e-13,1.1368683772161603e-13,3,0
2025-11-11,50611.537111735,9.297622198290938,588.2826812494845,294.14134062474227,-284.8437184264513,104.41931841057475,50431.11271171912,81166.01817827456,80355.72950692874,7.490136886996424,817.7788082328356,33.31415012469961,6464.740930381344,23518.169562554198,21152.886502548783,8453.021444484792,8467.215964170835,1.8189894035458565e-12,1.1368683772161603e-13,3,0
2025-11-12,50131.82023881373,261.2705476840674,0.0,0.0,261.2705476840674,316.71182911001245,50709.80261560781,80478.58931928402,80720.8611881758,242.2718688917863,0.0,78.75865576228193,7460.3027479145485,23875.89805773546,21492.568711711923,8467.215964170835,8462.725045274343,9.094947017729282e-13,1.1368683772161603e-13,3,0
2025-11-13,49073.06154309461,9.104647478411657,458.81053495289166,229.40526747644583,-220.30061999803416,1578.1357801186832,50430.89670321526,77981.09719723638,77410.59061911842,6.929746529978047,577.4363246479279,472.5867649522045,5055.917612101855,21454.42275383725,21023.034298535153,8462.725045274343,6655.953677417544,9.094947017729282e-13,1.1368683772161603e-13,3,0
2025-11-14,19335.91780988308,0.0,37.1652810061954,18.5826405030977,-18.5826405030977,311.4314690638065,19628.766638443787,36112.68386993084,36063.26029851938,0.0,49.42357141146376,95.51103725050697,7070.658351146114,17101.463344282332,15611.805659658557,6655.953677417544,6423.538233551765,9.094947017729282e-13,1.1368683772161603e-13,3,0
2025-11-15,20499.78141071863,0.0,116.27220102226434,58.13610051113217,-58.13610051113217,553.2974705607543,20994.94278076825,39040.89774412762,38758.203357980616,0.0,282.6943861470079,159.83921831983338,6810.407840723017,19668.790907746785,15773.043088836017,6423.538233551765,8456.744396345815,9.094947017729282e-13,1.1368683772161603e-13,3,0
2025-11-16,50858.971586396285,268.15268451293105,17.2037936434425,8.60189682172125,259.5507876912098,1228.7741068829596,52347.29648097046,81476.91295722958,81682.80681075942,244.3050633061406,38.411209776319424,286.6190792875429,5105.492465518913,24144.176469446946,21714.787428252253,8456.744396345815,8472.525631538598,9.094947017729282e-13,1.1368683772161603e-13,3,0
2025-11-17,50806.034272968034,922.0423292858305,0.0,0.0,922.0423292858305,358.0061444484151,52086.08274670228,81294.96092949715,82317.04450800146,1022.0835785043191,0.0,126.41645095378146,7305.917827143072,24406.505234788376,21964.71643630954,8472.525631538598,8473.725478739805,1.8189894035458565e-12,1.1368683772161603e-13,3,0
2025-11-18,50812.12126754029,7.307330033103369,171.2357588833611,85.61787944168054,-78.31054940857717,1531.0780956651483,52264.88881379686,81461.65606738506,81239.10138197683,5.561768872476591,228.1164542807124,519.2332651921697,4428.639234788569,24277.085090470817,21837.941511423727,8473.725478739805,8485.779100874293,9.094947017729282e-13,1.1368683772161603e-13,3,0
2025-11-19,50933.83423166246,1545.7011403540248,0.0,0.0,1545.7011403540248,1057.806757585257,53537.34212960175,81632.35336398143,83113.70481887535,1481.351454893926,0.0,316.26104022255345,5619.126978200347,24466.76709147561,22024.239810578052,8485.779100874293,8481.405219455146,9.094947017729282e-13,1.1368683772161603e-13,3,0
2025-11-20,50173.611901428885,0.8695622364830382,6.46954858026855,3.234774290134275,-2.365212053651237,1075.1683407448045,51246.41503012004,79894.56734942351,79882.52664706451,0.661842856096996,12.702545215090936,286.899107750618,4768.154054599324,22478.173752435778,21869.97808555329,8481.405219455146,6753.092186296017,1.8189894035458565e-12,1.1368683772161603e-13,3,0
2025-11-21,19690.46284488306,184.26265421574612,0.0,0.0,184.26265421574612,672.9530050605301,20547.678504159336,36924.2638905667,37222.93096928579,298.66707871909574,0.0,257.59046374130367,6952.764698601882,17523.3421960683,15859.96952830975,6753.092186296017,6659.318476954774,1.8189894035458565e-12,1.1368683772161603e-13,3,0
2025-11-22,21103.033822275902,0.0,38.75230922428976,19.37615461214488,-19.37615461214488,660.3021888027748,21743.959856466536,40526.60780720675,40473.62770345279,0.0,52.98010375395985,214.95874682956332,6770.200264227204,19836.66994262438,16138.113239902566,6659.318476954774,8466.970948526017,9.094947017729282e-13,1.1368683772161603e-13,3,0
2025-11-23,51729.002814198524,814.3365898516647,0.0,0.0,814.3365898516647,781.4690629482958,53324.80846699848,82835.30533030574,83482.83692194108,647.5315916353377,0.0,230.1557147547163,6043.00952306095,24327.556625515237,21889.669795213722,8466.970948526017,8472.379674241483,9.094947017729282e-13,1.1368683772161603e-13,3,0
2025-11-24,51567.74476906189,84.04357177964299,326.3645445195012,163.1822722597506,-79.1387004801076,775.9888545507107,52264.59492313249,82608.50138657744,82175.75752951158,75.81643796432377,508.5602950301749,224.7851390908214,5839.657365680105,24085.619894222953,21686.678291300654,8472.379674241483,8462.238896471103,9.094947017729282e-13,1.1368683772161603e-13,3,0
2025-11-25,53109.57759874883,5.687037384689788,26.254145818423428,13.127072909211714,-7.440035524521926,523.8686645004846,53626.0062277248,84855.99615419898,84802.01532057411,4.3285286636144065,58.309362288481225,160.01978848337438,6305.160422552951,24917.243533378736,22429.029313540857,8462.238896471103,8458.53889088735,1.8189894035458565e-12,1.1368683772161603e-13,3,0
2025-11-26,52231.249428667055,415.90003224267616,0.0,0.0,415.90003224267616,747.689581102559,53394.83904201229,83733.20457158423,84087.17304203918,353.9684704549546,0.0,188.8400202379372,5053.752988715314,24724.317507284708,22259.724317056236,8458.53889088735,8450.276322635009,9.094947017729282e-13,1.1368683772161603e-13,3,0
2025-11-27,51507.61446584767,38.87043359247086,0.0,0.0,38.87043359247086,1116.5244796864974,52663.00937912665,81961.87841512874,82006.828996723,44.95058159425048,0.0,295.29487733345525,5455.638724318922,23247.505464423673,22181.913048019487,8450.276322635009,7123.007114221964,1.8189894035458565e-12,1.1368683772161603e-13,3,0
2025-11-28,20176.20690555411,2.145126459821292,0.0,0.0,2.145126459821292,608.90063525998,20787.25266727391,38224.899905999984,38227.06670040384,2.1667944038598907,0.0,171.21464625069524,5664.845341604098,18109.062839471808,16296.865384421366,7123.007114221964,7124.368128067065,9.094947017729282e-13,1.1368683772161603e-13,3,0
2025-11-29,21975.247332109495,0.0,0.0,0.0,0.0,1106.0182700274268,23081.265602136926,42338.13494275777,42338.13494275777,0.0,0.0,389.7079838978414,4557.255910352102,19843.86907618592,16602.73215988241,7124.368128067065,8449.098953693978,9.094947017729282e-13,1.1368683772161603e-13,3,0
2025-11-30,53577.73833179707,483.4469291892484,0.0,0.0,483.4469291892484,1166.2084929760729,55227.393753962395,85502.82226084259,85949.60451331838,446.7822524757976,0.0,324.50090087345484,3512.941639757445,25164.955277677196,22648.619619909474,8449.098953693978,8448.930435917466,1.8189894035458565e-12,1.1368683772161603e-13,3,0
2025-12-01,54635.35637172975,73.32820473641831,321.6402043819255,160.82010219096276,-87.49189745454444,15079.041841070857,69626.90631534607,86898.61094392993,86486.54960268189,68.96798800641318,481.029329254459,4223.850704739002,1873.297574798735,25468.206550388077,22930.031551099255,8448.930435917466,8439.817114572226,1.8189894035458565e-12,1.1368683772161603e-13,3,0
2025-12-02,56406.81258263547,4.832100092196618,5.202580351212863,2.6012901756064317,2.2308099165901862,12496.75752986169,68905.80092241376,89588.69330731817,89579.78079493793,2.773005131672903,11.685517511919102,3294.9980089439055,1645.0061489346751,25933.598671971515,23341.635967024355,8439.817114572226,8438.344376248622,1.8189894035458565e-12,1.1368683772161603e-13,3,0
2025-12-03,56418.55500411564,581.824688386246,0.0,0.0,581.824688386246,5303.649767592985,62304.02946009487,89485.0358784511,90138.645436594,653.6095581428889,0.0,1688.2975482911233,2066.206116707567,25933.68115510877,23335.692853597888,8438.344376248622,8443.214479906495,1.8189894035458565e-12,1.1368683772161603e-13,3,0
2025-12-04,58864.42046304435,0.0,321.6534576420867,160.82672882104336,-160.82672882104336,4931.153741084931,63634.74747530822,92879.9300491228,92477.17225131721,0.0,402.75779780559674,1308.9685997777585,4402.7278219059135,26156.296566890545,23544.092287701485,8443.214479906495,8439.603814991198,9.094947017729282e-13,1.1368683772161603e-13,3,0
2025-12-05,25508.68251670366,0.0,0.0,0.0,0.0,1251.4164520941247,26760.098968797785,48952.97410216641,48952.97410216641,0.0,0.0,379.2074684432938,5994.557549194084,20376.344428322893,18350.348090240605,8439.603814991198,8427.336175438659,9.094947017729282e-13,1.1368683772161603e-13,3,0
2025-12-06,27003.594523717533,0.0,0.0,0.0,0.0,848.2899874949533,27851.884511212484,51604.08788755817,51604.08788755817,0.0,0.0,215.14464354380786,6092.387438269451,20530.164044158577,18467.949767992723,8427.336175438659,8437.031583557364,1.8189894035458565e-12,1.1368683772161603e-13,3,0
2025-12-07,62301.577332202745,0.0,1035.1251075675273,517.5625537837636,-517.5625537837636,1069.6744784442876,62853.68925686327,97740.30531965848,96198.32295409217,0.0,1541.9823655663047,258.65878274855015,6199.65402467998,26099.589769107475,23494.943306946727,8437.031583557364,8431.431701319616,1.8189894035458565e-12,1.1368683772161603e-13,3,0
2025-12-08,63289.26428613493,239.2062312173287,0.0,0.0,239.2062312173287,398.6755005531488,63927.14601790541,99247.6988159428,99436.78618823961,189.08737229681827,0.0,75.91028442537652,9068.356114797516,25908.31843700799,23311.1891958072,8431.431701319616,8438.069741130097,1.8189894035458565e-12,1.1368683772161603e-13,3,0
2025-12-09,62920.260833083215,0.0,442.09509723792814,221.04754861896407,-221.04754861896407,604.0621940816344,63303.27547854588,98690.36811894085,98034.9145973413,0.0,655.4535215995401,131.72730293490815,8176.492355139613,26088.680804699346,23486.985526229408,8438.069741130097,8430.508943954963,9.094947017729282e-13,1.1368683772161603e-13,3,0
2025-12-10,61558.19378308421,37.239262690774694,1.160447593281832,0.580223796640916,36.65903889413378,343.96846321040607,61938.821285188744,96792.29026074195,96847.46108350887,56.688938404370674,1.5181156374696911,93.65333930640759,5930.62440154349,26206.684341051117,23583.812786446004,8430.508943954963,8432.831236868233,9.094947017729282e-13,1.1368683772161603e-13,3,0
2025-12-11,62073.82721911135,0.0,507.4294410992177,253.71472054960884,-253.71472054960884,516.5761618030442,62336.68866036478,97414.85201815906,96762.23081382623,0.0,652.6212043328312,162.9740831164745,8334.966697312853,26146.59487213191,23517.61137250206,8432.831236868233,8447.930071691299,9.094947017729282e-13,1.1368683772161603e-13,3,0
2025-12-12,26488.690440782848,70.29014235468523,0.0,0.0,70.29014235468523,969.17622092436,27528.156804061895,50784.541345335514,50889.54654102233,105.00519568681511,0.0,299.92256782530177,5433.367622018372,20401.05319745929,18359.365193963356,8447.930071691299,8449.598366846545,9.094947017729282e-13,1.1368683772161603e-13,3,0
2025-12-13,26527.791391877734,237.59640164990307,69.49615385243689,34.748076926218445,202.84832472368464,738.0023658676099,27468.64208246903,50970.63441403322,51055.5765663169,234.7964274061393,149.85427512246326,171.20792877878526,5365.760458892957,20550.82201036066,18488.331357491264,8449.598366846545,8457.407560756204,9.094947017729282e-13,1.1368683772161603e-13,3,0
2025-12-14,60762.794836894864,81.44425373506174,0.0,0.0,81.44425373506174,1427.0439231371824,62271.28301376711,95647.9919515004,95759.37259784719,111.38064634678517,0.0,343.7795602220549,4698.061571968879,26217.876541003607,23591.50775490324,8457.407560756204,8462.236497883498,9.094947017729282e-13,1.1368683772161603e-13,3,0
2025-12-15,61639.149141829555,276.33958524496944,0.0,0.0,276.33958524496944,923.0418702158402,62838.530597290366,97112.16989036207,97472.4870215516,360.3171311895221,0.0,257.7794445099529,5640.96976424664,26197.38735148246,23577.648616334212,8462.236497883498,8462.236497883498,9.094947017729282e-13,1.1368683772161603e-13,3,0
2025-12-16,62565.48646494111,0.0,136.36943152257126,68.18471576128563,-68.18471576128563,460.80258797647883,62958.10433715631,98155.47630384346,97972.6453069942,0.0,182.83099684927078,144.16912654642033,6077.6325752484345,26151.312062921963,23530.221537963105,8462.236497883498,8468.518171313308,9.094947017729282e-13,1.1368683772161603e-13,3,0
2025-12-17,62216.41303985995,0.0,482.5098423642925,241.25492118214626,-241.25492118214626,1158.7167924479734,63133.87491112578,97964.58021486449,97247.27772462249,0.0,717.3024902420104,303.40635097544475,6750.353366760465,26102.618366707837,23494.13472453705,8468.518171313308,8466.64378973238,9.094947017729282e-13,1.1368683772161603e-13,3,0
2025-12-18,61310.31282997784,0.0,96.01235267769765,48.006176338848825,-48.006176338848825,563.5738515769375,61825.88050521593,96343.04480989424,96138.8257813464,0.0,204.21902854784935,218.63512578529526,6405.25792263832,26146.208742433766,23560.272724607057,8466.64378973238,8436.407296188525,1.8189894035458565e-12,1.1368683772161603e-13,3,0
2025-12-19,26266.426299537947,0.0,0.0,0.0,0.0,1066.7907944676836,27333.21709400563,50372.89656480497,50372.89656480497,0.0,0.0,238.02196074832523,5644.827407302807,20455.27350500491,18397.57368675441,8436.407296188525,8449.238203800176,1.8189894035458565e-12,1.1368683772161603e-13,3,0
2025-12-20,26455.947875845904,0.0,167.90672829885997,83.95336414942999,-83.95336414942999,420.6123802693892,26792.60689196586,50764.873789600344,50471.74928337141,0.0,293.12450622892754,124.2858774540615,5690.327229612153,20492.13478213326,18442.77910091994,8449.238203800176,8449.388098923546,1.8189894035458565e-12,1.1368683772161603e-13,3,0
2025-12-21,61215.62654511009,0.0,253.2230553614517,126.61152768072586,-126.61152768072586,2010.6957716758939,63099.71078910526,96365.14663546073,95881.21148987734,0.0,483.9351455833715,619.7319394658629,4875.140331789676,25955.79553136878,23367.774300481906,8449.388098923546,8441.420927723702,9.094947017729282e-13,2.2737367544323206e-13,3,0
2025-12-22,61976.5332914516,0.0,101.75828982975577,50.879144914877884,-50.879144914877884,778.2408301413981,62703.8949766781,97448.29193716453,97308.27527168294,0.0,140.01666548159665,195.89935544609114,5971.751020598969,26039.320801967107,23444.324278770393,8441.420927723702,8432.002023629615,1.8189894035458565e-12,1.1368683772161603e-13,3,0
2025-12-23,62267.02551955996,0.0,610.5060262571444,305.2530131285722,-305.2530131285722,302.41984045374807,62264.19234688514,97826.57164852711,96879.78695618521,0.0,946.7846923419058,64.53128956228375,7079.348388591139,26061.034723230117,23454.1573994071,8432.002023629615,8432.817734733195,1.8189894035458565e-12,1.1368683772161603e-13,3,0
2025-12-24,61235.20590074847,0.0,58.52738553759966,29.26369276879983,-29.26369276879983,540.193217825889,61746.13542580555,96350.41951421127,96226.74049653357,0.0,123.67901767769627,150.3079498601419,5904.423189191026,26124.556742860266,23506.490802324235,8432.817734733195,8438.731474609853,1.8189894035458565e-12,1.1368683772161603e-13,3,0
2025-12-25,60165.656391310404,0.0,41.49730800682894,20.74865400341447,-20.74865400341447,1154.5931376938347,61299.50087500083,94785.11340286538,94725.26173001135,0.0,59.85167285402778,430.22964042323997,4721.714721022829,26043.39033578433,23422.062219705906,8438.731474609853,8456.639539962021,9.094947017729282e-13,1.1368683772161603e-13,3,0
2025-12-26,25777.388576089535,0.0,68.0961743464831,34.04808717324155,-34.04808717324155,720.4280947929587,26463.768583709254,49417.262943540394,49276.882378723225,0.0,140.38056481717138,224.21991000074246,4443.179941543219,20439.91317347421,18389.61325962679,8456.639539962021,8463.289384555008,9.094947017729282e-13,1.1368683772161603e-13,3,0
2025-12-27,25719.093356979036,0.0,17.66515443933804,8.83257721966902,-8.83257721966902,1063.2580598980253,26773.518839657394,49602.24290921435,49564.54354538405,0.0,37.69936383029881,249.76150171561264,4443.046747416214,20516.087067667795,18483.63783465101,8463.289384555008,8443.093525948274,9.094947017729282e-13,1.1368683772161603e-13,3,0
2025-12-28,60238.23357843698,0.0,184.11646848630008,92.05823424315004,-92.05823424315004,1015.2894389640135,61161.46478315784,94889.40347266282,94656.578320634,0.0,232.82515202882934,284.5279593092664,5528.136161909632,26006.883605336312,23403.168237302678,8443.093525948274,8446.284272013077,9.094947017729282e-13,1.1368683772161603e-13,3,0
2025-12-29,60733.597252794,128.56795033442415,0.0,0.0,128.56795033442415,748.9501054381057,61611.11530856653,95923.3007669817,96108.16782203292,184.8670550512121,0.0,184.5528452284458,6178.28928223648,26035.289376082175,23444.62425772396,8446.284272013077,8432.724615933505,1.8189894035458565e-12,1.1368683772161603e-13,3,0
2025-12-30,60702.255418895,0.0,126.86777560694289,63.43388780347144,-63.43388780347144,638.025693102709,61276.847224194236,95681.51492819042,95410.81342809572,0.0,270.7015000947065,184.3010985445318,6770.169494782052,26060.09768358199,23459.555251723796,8432.724615933505,8426.96153724198,1.8189894035458565e-12,1.1368683772161603e-13,3,0
2025-12-31,59053.056123290124,0.0,20.03709076619662,10.01854538309831,-10.01854538309831,1919.6956573417667,60962.7332352488,92695.99422697775,92652.38236231446,0.0,43.61186466329673,466.74665358295135,4417.638850582415,23574.851073741225,23519.783841759567,8426.96153724198,6000.0,9.094947017729282e-13,1.1368683772161603e-13,3,0
