date,planned_cost_yuan,increase_cost_yuan,cancellation_refund_yuan,breach_cost_yuan,adjustment_net_yuan,emergency_cost_yuan,total_cost_yuan,original_kwh,adjusted_kwh,increase_kwh,decrease_kwh,emergency_kwh,dump_kwh,charge_kwh,discharge_kwh,energy_start_kwh,energy_end_kwh,lp_eq_max,lp_ineq_max,max_tree_nodes,raw_simultaneous_slots
2025-02-01,16298.580898205,0.0,106.5686577534107,53.28432887670535,-53.28432887670535,541.6109075243698,16786.907476852666,37918.01476176861,37652.92783328233,0.0,265.08692848627715,166.813056982386,6328.562715893912,16666.820716799382,19553.818475761906,6000.0,1200.0,1.8189894035458565e-12,1.1368683772161603e-13,15,0
2025-02-02,60094.33168074809,91.03410413015497,642.1356639606497,321.06783198032485,-230.0337278501699,759.3913750709719,60623.68932796889,87207.15445367062,86400.97528791589,63.28701791919718,869.4661836739222,160.94746856386885,5411.059927568187,27945.84878911575,25151.263910204176,1200.0,1200.0,1.8189894035458565e-12,1.1368683772161603e-13,15,0
2025-02-03,60164.93225544038,0.0,598.2997709190372,299.1498854595186,-299.1498854595186,3104.19309724934,62969.97546723019,86034.04199347159,85335.03697573632,0.0,699.0050177352646,728.0995632943288,3118.991967164741,27272.280718659073,24545.052646793163,1200.0,1200.0,1.8189894035458565e-12,1.1368683772161603e-13,15,0
2025-02-04,59991.63498679803,386.3988480590418,104.68256927636217,52.34128463818109,334.05756342086073,3959.7676742032163,64285.4602244221,85964.46797647035,86064.48370538701,253.40580217147877,153.39007325482044,893.4393180918544,3010.581293293211,27524.7778018565,24772.30002167085,1200.0,1200.0,1.8189894035458565e-12,1.1368683772161603e-13,15,0
2025-02-05,58215.4662739372,858.7350940486715,1.9636833967754759,0.9818416983877379,857.7532523502837,5475.966992762605,64549.18651905009,83487.67209668491,84179.34695430419,693.5550600290586,1.880202409781191,1238.6767212915674,1997.8890526182909,26717.076396441316,24045.368756797183,1200.0,1200.0,1.8189894035458565e-12,1.1368683772161603e-13,15,0
2025-02-06,59609.41197069587,0.0,1103.0596245301067,551.5298122650534,-551.5298122650534,5926.786280471595,64984.66843890241,85043.2408466012,83710.26519168934,0.0,1332.9756549118429,1280.4515683217346,2055.34791722046,26643.11626123954,23978.80463511558,1200.0,1200.0,1.8189894035458565e-12,1.1368683772161603e-13,15,0
2025-02-07,16103.997177488829,0.0,210.39818942540228,105.19909471270114,-105.19909471270114,1964.2182990551632,17963.01638183129,38933.1259476516,38348.050528251,0.0,585.0754194005942,592.7498299601876,5149.884506281239,19852.36185263291,17867.125667369626,1200.0,1200.0,1.8189894035458565e-12,1.1368683772161603e-13,15,0
2025-02-08,14926.96388096638,63.75557994148901,0.0,0.0,63.75557994148901,2416.681085653359,17407.400546561228,36171.35966779356,36238.22102959068,66.86136179711909,0.0,724.1097148625196,3436.581528374492,19485.864994120417,17537.27849470838,1200.0,1200.0,1.8189894035458565e-12,2.2737367544323206e-13,15,0
2025-02-09,56668.34705063018,1242.0897357597828,4.5492623286597835,2.2746311643298918,1239.8151045954528,4651.417237106776,62559.57939233241,81788.61646468098,82839.93921345675,1056.596644357326,5.273895581567103,1154.6786848517509,1922.1497714537675,25170.521601880577,22653.469441692512,1200.0,1200.0,1.8189894035458565e-12,1.1368683772161603e-13,15,0
2025-02-10,54604.97008956149,33.02453658957306,1440.545939348214,720.272969674107,-687.248433084534,2353.625227902202,56271.34688437915,81361.42611839918,79479.43607208558,24.968553448271905,1906.9585997618626,631.1506166341067,3231.7728825369386,25521.76222849421,22969.586005644793,1200.0,1200.0,9.094947017729282e-13,1.1368683772161603e-13,15,0
2025-02-11,54692.15798512827,0.0,1414.6442783497948,707.3221391748974,-707.3221391748974,3191.2114523244236,57176.0472982778,80771.55174787175,78954.72069082891,0.0,1816.8310570428393,720.110162177875,1964.9609238709043,24892.727958025516,22403.455162222963,1200.0,1200.0,9.094947017729282e-13,1.1368683772161603e-13,11,0
2025-02-12,54026.95993490269,0.0,1251.338553136569,625.6692765682845,-625.6692765682845,4839.507403228082,58240.798061562484,80268.23834244467,78719.07927115189,0.0,1549.1590712927853,1031.059319731037,2034.9220940756245,24484.803634739736,22036.323271265763,1200.0,1200.0,9.094947017729282e-13,1.1368683772161603e-13,11,0
2025-02-13,52165.33107480909,0.0,1312.3333701713273,656.1666850856636,-656.1666850856636,2298.3696266297256,53807.53401635315,78569.2535848003,76923.80405047086,0.0,1645.449534329447,697.5551719191708,3779.0328448329683,25128.47360890388,22615.626248013494,1200.0,1200.0,1.8189894035458565e-12,1.1368683772161603e-13,11,0
2025-02-14,14311.219309119811,213.8629974591052,0.0,0.0,213.8629974591052,2392.23617078586,16917.318477364774,35151.40420714088,35368.688349712116,217.2841425712378,0.0,799.7497921015234,4294.912621297415,20717.237038495612,18645.51333464605,1200.0,1200.0,1.8189894035458565e-12,1.1368683772161603e-13,13,0
2025-02-15,14662.67219493028,11.330942486408896,0.0,0.0,11.330942486408896,2669.587844951311,17343.590982367998,34626.71775203125,34638.54773274451,11.829980713266167,0.0,856.2610269509705,4153.430464012176,20612.87195683307,18551.584761149763,1200.0,1200.0,9.094947017729282e-13,1.1368683772161603e-13,13,0
2025-02-16,52285.181377335386,0.0,1263.6349960935322,631.8174980467661,-631.8174980467661,11083.17614543502,62736.54002472364,77883.93516647546,76263.09325298764,0.0,1620.8419134878104,2577.38352339513,1157.0764360961684,23060.21240286613,20754.19116257952,1200.0,1200.0,1.8189894035458565e-12,1.1368683772161603e-13,13,0
2025-02-17,51804.052456025165,0.0,2031.9019217324237,1015.9509608662119,-1015.9509608662119,3381.788212688778,54169.88970784773,77823.85585206354,75094.26974813317,0.0,2729.5861039303622,889.9911917585985,2525.774091073524,22746.23682151585,20471.613139364264,1200.0,1200.0,1.8189894035458565e-12,2.2737367544323206e-13,13,0
2025-02-18,48836.13240267519,367.3453299690143,0.0,0.0,367.3453299690143,6335.92722506962,55539.40495771382,74872.63343080104,75218.53057573746,345.89714493641327,0.0,1436.9600432972004,2237.742904927434,23263.599307738914,20937.239376965023,1200.0,1200.0,1.8189894035458565e-12,1.1368683772161603e-13,14,0
2025-02-19,49172.92969144642,872.7586219307085,220.27475487127066,110.13737743563533,762.6212444950733,6485.789911178779,56421.34084712027,75137.578814137,75447.91662263038,722.5868318574367,412.2490233640576,1540.327455272271,1648.3887977457175,24605.27896823587,22144.751071412273,1200.0,1200.0,9.094947017729282e-13,1.1368683772161603e-13,14,0
2025-02-20,50377.11189370933,0.0,475.2610350680908,237.6305175340454,-237.6305175340454,4209.537275830738,54349.01865200602,76142.29837987131,75483.0441818782,0.0,659.254197993105,942.5286601330932,3030.022176320336,24024.169323576243,21621.752391218608,1200.0,1200.0,1.8189894035458565e-12,1.1368683772161603e-13,13,0
2025-02-21,14295.369417183561,0.0,0.16197849201740616,0.08098924600870308,-0.08098924600870308,2229.732655042223,16525.021082979776,34113.54358806942,34113.26579953912,0.0,0.27778853029910167,734.9398040002868,7351.691494974104,19362.52075231966,17426.26867708769,1200.0,1200.0,1.8189894035458565e-12,1.1368683772161603e-13,13,0
2025-02-22,14105.356011629416,107.66399699794195,0.0,0.0,107.66399699794195,3305.1350930401304,17518.155101667486,33456.280467168326,33566.210470308346,109.9300031400236,0.0,1004.9177900995342,4833.788059203582,18925.773178709685,17033.19586083872,1200.0,1200.0,1.8189894035458565e-12,1.1368683772161603e-13,13,0
2025-02-23,48420.881497258306,192.5581294573085,409.91072376609395,204.95536188304698,-12.39723242573848,8210.39501691967,56618.87928175223,74095.86137335502,73699.63694656658,133.29561568104862,529.52004246949,2085.3139235014564,1975.116134511921,22779.810522227825,20501.82947000504,1200.0,1200.0,1.8189894035458565e-12,1.1368683772161603e-13,13,0
2025-02-24,47844.06412153103,441.18254587082606,23.584019421087163,11.792009710543581,429.39053616028247,3050.5142873510476,51323.96894504236,73249.75103881946,73746.85444600914,526.1736865812751,29.070279391590248,643.162251209515,3837.653813525178,23493.292670268103,21143.96340324129,1200.0,1200.0,1.8189894035458565e-12,1.1368683772161603e-13,13,0
2025-02-25,47226.443566735645,0.0,1841.8496258910081,920.9248129455041,-920.9248129455041,3817.8150134254456,50123.33376721559,73705.87022329422,71210.52626093655,0.0,2495.3439623576824,923.6152661510855,3988.324305295033,23244.93988459256,20920.445896133304,1200.0,1200.0,1.8189894035458565e-12,2.2737367544323206e-13,13,0
2025-02-26,46069.07435942822,1247.2458072905124,11.725942155217702,5.862971077608851,1241.3828362129036,4428.241410069297,51738.698605710415,71197.94620357598,72331.91281344328,1145.359124805123,11.392514937822284,1090.297560328538,2253.150899310031,23542.114411284536,21187.90297015608,1200.0,1200.0,1.8189894035458565e-12,1.1368683772161603e-13,13,0
2025-02-27,45331.34544567362,459.08568615969483,401.66588367943154,200.83294183971577,258.252744319979,4896.629363644749,50486.22755363835,71532.35404894699,71111.27828484109,370.8638356551187,791.9395997610222,995.4976425661621,2809.0562462789762,23411.35481128273,21070.219330154454,1200.0,1200.0,1.8189894035458565e-12,1.1368683772161603e-13,13,0
2025-02-28,13413.706113286602,0.0,0.0,0.0,0.0,1847.2554537629537,15260.961567049555,32897.50728565382,32897.50728565382,0.0,0.0,620.4075476699936,8460.757457272659,17645.638260511427,15881.074434460275,1200.0,1200.0,1.8189894035458565e-12,1.1368683772161603e-13,13,0
2025-03-01,13168.018920493832,20.794994040019713,0.0,0.0,20.794994040019713,1580.7485989207505,14769.5625134546,32575.058391100014,32598.48707666466,23.428685564647253,0.0,545.801725557201,7718.217437352442,17673.054315360827,15905.748883824745,1200.0,1200.0,9.094947017729282e-13,1.1368683772161603e-13,13,0
2025-03-02,45843.13130370668,5084.976509251931,0.0,0.0,5084.976509251931,7211.421129814567,58139.52894277318,71378.67142995787,75773.48902416756,4394.81759420969,0.0,1646.0222604572928,2568.2511846084158,24929.530333497707,22436.57730014794,1200.0,1200.0,9.094947017729282e-13,1.1368683772161603e-13,15,0
2025-03-03,46806.43163006647,1651.3761223542483,172.36705674308695,86.18352837154347,1565.1925939827051,9570.796204784596,57942.42042883377,72983.02082619185,73999.01761850606,1293.660811143038,277.66401882881314,2182.6083717580677,1770.1343672939236,23943.449896368704,21549.10490673183,1200.0,1200.0,9.094947017729282e-13,1.1368683772161603e-13,15,0
2025-03-04,45491.22424328726,934.0761849064764,0.0,0.0,934.0761849064764,5533.8267632178695,51959.12719141159,70976.4152835847,71739.81587944244,763.40059585774,0.0,1576.542205671402,1785.001201514846,23318.989502656572,20987.09055239092,1200.0,1200.0,9.094947017729282e-13,1.1368683772161603e-13,15,0
2025-03-05,45606.24219718449,0.0,1303.370639890129,651.6853199450645,-651.6853199450645,3413.1213846065084,48367.67826184594,72620.63590973272,70715.98348096771,0.0,1904.6524287650068,867.1134218370358,3093.56541547463,23590.594706634532,21231.535235971078,1200.0,1200.0,9.094947017729282e-13,1.1368683772161603e-13,15,0
2025-03-06,44356.0206112836,65.69382123648549,154.40760539687398,77.20380269843699,-11.509981461951497,2821.658955885612,47166.16958570726,70510.74338094445,70281.71061399198,50.787999630011996,279.8207665824858,737.2824958982739,2607.1805032522907,24711.584733046322,22240.426259741693,1200.0,1200.0,1.8189894035458565e-12,1.1368683772161603e-13,15,0
2025-03-07,12882.670392030848,0.0,33.320672227831544,16.660336113915772,-16.660336113915772,842.5270719708678,13708.537127887801,31442.68172350273,31388.846590239373,0.0,53.835133263358344,382.3033077763961,9129.605020383002,17192.59344299431,15473.33409869488,1200.0,1200.0,1.8189894035458565e-12,1.1368683772161603e-13,15,0
2025-03-08,12501.28077482033,0.0,0.0,0.0,0.0,1646.6525161495708,14147.9332909699,30629.314383016033,30629.314383016033,0.0,0.0,639.573235255033,10528.368427606692,16773.796739977024,15096.41706597932,1200.0,1200.0,1.8189894035458565e-12,1.1368683772161603e-13,15,0
2025-03-09,43648.489765531485,0.0,1774.0130464975623,887.0065232487811,-887.0065232487811,3275.820234098269,46037.30347638097,70763.39325181808,67569.6706568112,0.0,3193.7225950068855,855.0688786258129,2655.7967571427475,24354.177282942605,21918.759554648343,1200.0,1200.0,9.094947017729282e-13,1.1368683772161603e-13,15,0
2025-03-10,43828.74906562612,890.2319334627724,0.0,0.0,890.2319334627724,9860.679573221747,54579.66057231063,69020.1418027794,69856.49849666288,836.3566938834799,0.0,2416.2354598994657,1798.2779846004735,24323.845219618757,21891.460697656876,1200.0,1200.0,9.094947017729282e-13,2.2737367544323206e-13,15,0
2025-03-11,41452.460879224935,1064.2076630178083,0.0,0.0,1064.2076630178083,5340.088098711636,47856.75664095438,66177.28433350679,67372.77411576832,1195.4897822615278,0.0,1281.1275574558456,2459.9178710540136,22550.65002170152,20295.58501953138,1200.0,1200.0,1.8189894035458565e-12,1.1368683772161603e-13,15,0
2025-03-12,42872.61345322543,53.49913554213164,1589.2293652990793,794.6146826495396,-741.115547107408,2344.5850224554483,44476.08292857347,69304.38725469919,66680.1772548304,36.245495405694214,2660.4554952744747,698.6315740698793,2694.8530680674667,22484.210774994863,20235.789697495373,1200.0,1200.0,1.8189894035458565e-12,1.1368683772161603e-13,15,0
2025-03-13,43652.710884894106,1460.038218639955,0.0,0.0,1460.038218639955,6049.952023053373,51162.70112658743,68909.20116218977,70350.69034803833,1441.4891858485526,0.0,1374.9328849192457,1930.5299959635456,22494.75220327363,20245.276982946267,1200.0,1200.0,1.8189894035458565e-12,1.1368683772161603e-13,15,0
2025-03-14,12014.84976223267,143.55744895919005,0.0,0.0,143.55744895919005,1318.0614525553624,13476.468663747226,30208.966680082558,30353.985670997223,145.0189909146634,0.0,444.88980468115597,13137.253793888638,16321.956984564045,14689.76128610764,1200.0,1200.0,1.8189894035458565e-12,1.1368683772161603e-13,15,0
2025-03-15,12021.995122640052,95.06918918799894,0.0,0.0,95.06918918799894,2953.3937600453933,15070.458071873443,29787.576866731153,29887.206224521084,99.62935778993341,0.0,945.5782070394666,8204.96433621928,17036.949453412723,15333.25450807145,1200.0,1200.0,1.8189894035458565e-12,1.1368683772161603e-13,15,0
2025-03-16,41436.97787729343,410.9317987457381,0.0,0.0,410.9317987457381,3884.2908588138175,45732.200534852986,67138.45240628501,67557.63058313268,419.1781768476637,0.0,1047.3087319452125,2890.5356831411973,23633.56698603359,21270.21028743023,1200.0,1200.0,1.8189894035458565e-12,1.1368683772161603e-13,15,0
2025-03-17,39423.86357620045,197.21666575600022,1706.152978747711,853.0764893738555,-655.8598236178552,3091.154529024754,41859.15828160735,65779.48767958651,62613.59458695042,138.0066462329449,3303.899738869027,784.6859573662095,3414.942839013992,21252.062719693095,19126.856447723792,1200.0,1200.0,1.8189894035458565e-12,1.1368683772161603e-13,15,0
2025-03-18,42003.79164696458,16.069614784346427,1196.4949533070094,598.2474766535047,-582.1778618691583,3244.4289815975117,44666.04276669293,68386.04389251271,66486.26766439837,9.925850044114554,1909.7020781584495,721.7064435313811,3850.2424144580696,22317.733268050164,20085.95994124515,1200.0,1200.0,1.8189894035458565e-12,1.1368683772161603e-13,15,0
2025-03-19,38623.83282234963,837.03213498893,57.936902827952515,28.968451413976258,808.0636835749538,3042.3382026731506,42474.23470859773,63627.082368294956,64352.37487062748,835.4569729194418,110.16447058691813,818.8527729844639,3462.788923058151,22429.682705538024,20186.714434984227,1200.0,1200.0,9.094947017729282e-13,1.1368683772161603e-13,15,0
2025-03-20,40460.201137914606,92.14711239261341,653.5992941771649,326.79964708858245,-234.65253469596905,7689.8038195390745,47915.35242275771,65349.286840808214,64291.19979289602,59.49697282087618,1117.584020733069,1940.2597848377204,1874.601868649039,21478.958924180326,19331.063031762293,1200.0,1200.0,1.8189894035458565e-12,1.1368683772161603e-13,15,0
2025-03-21,11201.759257883601,0.0,78.62359043210895,39.31179521605448,-39.31179521605448,2124.2227260265636,13286.67018869411,28714.676757497706,28584.60617542008,0.0,130.07058207762847,694.3324993260394,15748.000152234603,14974.740058448486,13477.266052603642,1200.0,1200.0,1.8189894035458565e-12,1.1368683772161603e-13,15,0
2025-03-22,11453.24824093416,45.49166767877939,0.0,0.0,45.49166767877939,1199.825577624371,12698.565486237309,28952.69712735172,29000.501552881087,47.804425529369524,0.0,570.5080901951411,12205.708341282381,14841.015684605118,13356.914116144604,1200.0,1200.0,9.094947017729282e-13,1.1368683772161603e-13,15,0
2025-03-23,38961.946750282616,169.55547517832017,650.8677094405022,325.4338547202511,-155.8783795419309,3535.3378521064333,42341.40622284712,64553.444584474855,63890.06835260131,225.54391775464035,888.9201496281908,905.5567400279201,3820.9730451471487,22049.319308154096,19844.387377338684,1200.0,1200.0,1.8189894035458565e-12,1.1368683772161603e-13,15,0
2025-03-24,37984.45389162276,1124.4159417403687,491.54717228199604,245.77358614099802,878.6423555993706,2994.0894831767473,41857.18573039887,62890.91275063832,62918.86863452376,957.2881647387911,929.3322808533617,935.2153142610276,3696.7182624330035,21588.68603018445,19429.817427166003,1200.0,1200.0,1.8189894035458565e-12,1.1368683772161603e-13,15,0
2025-03-25,39048.30589789506,179.39396184107926,555.627569308695,277.8137846543475,-98.41982281326821,4648.347415775996,43598.23349085779,64762.71864690823,63893.35560584195,117.25889173182952,986.6219327981037,1269.6829318040236,2001.1987629494517,22117.150580298538,19905.435522268686,1200.0,1200.0,1.8189894035458565e-12,1.1368683772161603e-13,15,0
2025-03-26,37078.19294405369,415.9986851597588,386.67964744221683,193.33982372110842,222.65886143865038,2574.433326564362,39875.285132056706,61325.803510180034,61055.54556890165,382.2980340797752,652.5559753581473,734.3832976703045,4030.6974554771746,21666.765444281227,19500.088899853105,1200.0,1200.0,1.8189894035458565e-12,1.1368683772161603e-13,15,0
2025-03-27,37491.04247733833,303.0929747396703,489.35331316169516,244.67665658084758,58.416318158822776,5358.563742513151,42908.02253801031,62550.60345548078,62056.66687730784,220.45922082623196,714.3957989991617,1409.6920672794556,2589.6103732744414,21597.59171312854,19437.832541815682,1200.0,1200.0,9.094947017729282e-13,1.1368683772161603e-13,15,0
2025-03-28,11149.149720082347,64.0090840135818,0.0,0.0,64.0090840135818,1464.5625401048578,12677.721344200785,28729.913926549856,28794.87226051801,64.95833396815217,0.0,482.3813661677022,16901.709479122852,15536.633808961931,13982.970428065739,1200.0,1200.0,1.8189894035458565e-12,1.1368683772161603e-13,15,0
2025-03-29,11168.795290899958,204.08997267422473,0.0,0.0,204.08997267422473,1730.7267893204798,13103.612052894663,28162.18608888303,28378.371882964446,216.18579408141593,0.0,557.1279764364444,19713.566466565222,15147.242095023383,13632.517885521047,1200.0,1200.0,1.8189894035458565e-12,1.1368683772161603e-13,15,0
2025-03-30,35832.12571118199,12.269825487493822,1002.1610280242068,501.0805140121034,-488.81068852460953,5171.715395456636,40515.030418114016,60615.505095519155,58658.434643599176,7.770436183510469,1964.8408881034952,1356.8159544768337,2558.9507442624185,21106.801538135936,18996.121384322352,1200.0,1200.0,1.8189894035458565e-12,1.1368683772161603e-13,15,0
2025-03-31,34526.30816547909,2415.570535377834,0.0,0.0,2415.570535377834,5361.464845718838,42303.343546575765,57402.652970992196,60625.26700044456,3222.6140294523666,0.0,1375.886308304579,2919.224832852693,21305.389925631167,19174.850933068054,1200.0,1200.0,1.8189894035458565e-12,1.1368683772161603e-13,15,0
2025-04-01,37517.92396457748,2354.4956938030755,0.0,0.0,2354.4956938030755,5036.753689496515,44909.17334787706,61355.192248325846,63880.10524588637,2524.912997560531,0.0,1307.6174927177562,2873.7984790529895,21050.727428844744,18945.65468596027,1200.0,1200.0,1.8189894035458565e-12,1.1368683772161603e-13,15,0
2025-04-02,36520.83596105934,2944.4832276751567,207.83524671698942,103.91762335849471,2840.565604316662,3564.311246102756,42925.71281147876,60953.13284983547,63938.507444163006,3226.4147589800677,241.04016465252863,917.8576508039878,2221.743274379379,21992.86420587614,19793.577785288522,1200.0,1200.0,1.8189894035458565e-12,1.1368683772161603e-13,15,0
2025-04-03,37484.67071667314,244.1866521478292,97.10272956509118,48.55136478254559,195.6352873652836,1802.4811460193623,39482.78715005779,61532.15661247663,61524.321463639586,238.4984450820166,246.33359391906527,472.78467204954575,3970.957290174497,21626.185788479674,19463.567209631707,1200.0,1200.0,9.094947017729282e-13,1.1368683772161603e-13,15,0
2025-04-04,10556.60750678411,0.0,0.0,0.0,0.0,1218.2497241526917,11774.857230936803,27735.06628357603,27735.06628357603,0.0,0.0,401.50744578097033,20264.455657238126,14413.158221188818,12971.842399069936,1200.0,1200.0,1.8189894035458565e-12,1.1368683772161603e-13,15,0
2025-04-05,10827.16292994487,0.0,0.0,0.0,0.0,2050.1204140640466,12877.283344008916,27793.748707511524,27793.748707511524,0.0,0.0,687.5510081897846,15002.048773940542,14351.359584274343,12916.22362584691,1200.0,1200.0,1.8189894035458565e-12,1.1368683772161603e-13,15,0
2025-04-06,36243.90039730158,819.8806800938061,200.03629481508597,100.01814740754298,719.8625326862631,1354.6134081886837,38318.37633817653,60545.11308265264,60784.0735175369,664.2688586339076,425.3084237496487,334.2857863725478,4580.397748369824,21278.85288872949,19150.96759985654,1200.0,1200.0,1.8189894035458565e-12,1.1368683772161603e-13,15,0
2025-04-07,34367.58844852587,676.4062452032242,0.0,0.0,676.4062452032242,1489.213290310285,36533.207984039385,57657.3561707546,58403.62915209381,746.2729813392002,0.0,473.7062589320644,3582.751212640249,20518.649150522862,18466.78423547057,1200.0,1200.0,1.8189894035458565e-12,1.1368683772161603e-13,15,0
2025-04-08,35384.11484599522,367.734784679211,371.71353090614883,185.85676545307442,181.8780192261366,3482.381391771374,39048.37425699273,59873.075683723175,59442.547672128545,253.1834356320408,683.7114472266686,820.9047495680221,3801.0979301313723,21091.60874898527,18982.44787408674,1200.0,1200.0,1.8189894035458565e-12,1.9732624423340894e-08,15,0
2025-04-09,35161.916554722564,3427.472366546793,0.0,0.0,3427.472366546793,3965.099061584153,42554.487982853505,58835.7640328404,62952.21674008211,4116.452707241715,0.0,1076.8190586737696,2756.140096548447,21385.846855407726,19247.262169866957,1200.0,1200.0,1.8189894035458565e-12,1.1368683772161603e-13,15,0
2025-04-10,35388.58321476118,1192.1195106636744,216.0457409555804,108.0228704777902,1084.096640185884,3659.1698222904897,40131.84967723756,58794.98053760092,60189.092315693175,1854.1256361516957,460.01385805943715,848.4935960863602,4473.177163823371,21037.70847956164,18933.93763160547,1200.0,1200.0,1.8189894035458565e-12,1.1368683772161603e-13,15,0
2025-04-11,10296.970731675287,0.0,33.266754518172384,16.633377259086192,-16.633377259086192,2298.1214691421865,12578.458823558387,26755.83618261374,26699.680304649322,0.0,56.15587796442021,749.9119011047849,20750.36908257388,13825.729565135549,12443.15660862199,1200.0,1200.0,1.8189894035458565e-12,1.1368683772161603e-13,15,0
2025-04-12,10464.73740646023,0.0,43.560313686665545,21.780156843332772,-21.780156843332772,1066.4286412887052,11509.385890905602,27532.073627581936,27456.444934382253,0.0,75.6286931996853,342.89511668347444,17332.68621691857,14414.932841471595,12973.439557324436,1200.0,1200.0,1.8189894035458565e-12,1.1368683772161603e-13,15,0
2025-04-13,34649.017297288745,458.02127874772106,0.0,0.0,458.02127874772106,3228.344238729419,38335.382814765886,57748.57159982593,58246.74277251478,498.171172688852,0.0,865.4663518536724,2728.857741551452,21069.92899483666,18962.93609535299,1200.0,1200.0,1.8189894035458565e-12,1.1368683772161603e-13,15,0
2025-04-14,35022.23247239311,0.0,2054.820881433226,1027.410440716613,-1027.410440716613,4668.918821674719,38663.740853351206,59163.8230552204,55835.8275162346,0.0,3327.9955389857896,1320.8105845212795,2584.0470479906126,20445.592527652698,18401.033274887428,1200.0,1200.0,1.8189894035458565e-12,1.1368683772161603e-13,15,0
2025-04-15,33190.73268338598,278.6625511454639,158.37872769408924,79.18936384704462,199.4731872984193,2791.622913811927,36181.82878449632,56652.42005717775,56522.3010992881,286.8329795185441,416.9519374081959,676.2524467724189,5032.804037962125,20263.20674765058,18236.88607288552,1200.0,1200.0,1.8189894035458565e-12,1.1368683772161603e-13,15,0
2025-04-16,34973.30937203119,650.6262574593758,73.76581986523762,36.88290993261881,613.7433475267569,3883.9207601879857,39470.97347974593,58942.59100769785,59327.26682311482,533.0084513816616,148.33263596468453,1068.9643987779343,2589.394925698075,20272.44346194684,18245.19911575216,1200.0,1200.0,1.8189894035458565e-12,1.1368683772161603e-13,15,0
2025-04-17,33267.97275657427,881.0413419107047,0.0,0.0,881.0413419107047,3201.3893856938676,37350.40348417884,55996.25277216118,57079.73234037096,1083.4795682097829,0.0,740.3559652271107,2933.5233697406607,20182.225858574035,18164.003272716625,1200.0,1200.0,1.8189894035458565e-12,1.1368683772161603e-13,15,0
2025-04-18,9997.74107123301,0.0,0.0,0.0,0.0,1027.790162101719,11025.53123333473,26221.90010166273,26221.90010166273,0.0,0.0,437.6424967601997,18941.601707838916,13638.237072506838,12274.413365256152,1200.0,1200.0,1.8189894035458565e-12,1.1368683772161603e-13,15,0
2025-04-19,10071.041504563244,114.42928655845583,0.0,0.0,114.42928655845583,1234.905130303484,11420.375921425184,26237.552071968195,26372.610120379963,135.0580484117662,0.0,488.6635334564129,18608.413157695628,14681.81246140743,13213.631215266683,1200.0,1200.0,1.8189894035458565e-12,1.1368683772161603e-13,15,0
2025-04-20,33421.33674536239,752.2450788199214,212.19062473133977,106.09531236566988,646.1497664542514,2311.4860570855344,36378.97256890217,56793.15831009934,56922.20981814752,582.1406548608452,453.0891468126599,707.4975398697746,3621.8372565581576,20501.25218125809,18451.12696313228,1200.0,1200.0,1.8189894035458565e-12,1.1368683772161603e-13,15,0
2025-04-21,33151.18107641752,0.0,2288.724052862996,1144.362026431498,-1144.362026431498,4467.776643740428,36474.59569372645,57377.30081259878,52257.85391511308,0.0,5119.446897485697,1266.1454408114732,3104.622703952107,19024.66268639115,17122.196417752035,1200.0,1200.0,3.865352482534945e-12,1.1368683772161603e-13,15,0
2025-04-22,32717.49926203828,535.4241950401927,0.0,0.0,535.4241950401927,4617.399032671387,37870.32248974986,55290.55561804631,55933.709279525974,643.1536614796717,0.0,1300.1549329040417,3093.600458869647,19873.344368937127,17886.00993204342,1200.0,1200.0,1.8189894035458565e-12,1.1368683772161603e-13,15,0
2025-04-23,32637.106817920325,908.6534232172172,0.0,0.0,908.6534232172172,2813.2541234782257,36359.01436461577,54713.04187979703,55999.32115472341,1286.2792749263745,0.0,804.3590578362141,3430.43872670747,19733.247691854813,17759.922922669335,1200.0,1200.0,1.8189894035458565e-12,1.1368683772161603e-13,15,0
2025-04-24,32611.34642675319,625.699949998639,863.4141168601071,431.70705843005356,193.99289156858543,2063.3397645893574,34868.67908291113,55419.13487539467,53949.68411730477,462.2491252341636,1931.6998833240687,495.41064532591486,5424.975894384465,19300.1216824622,17370.109514215976,1200.0,1200.0,1.8189894035458565e-12,1.1368683772161603e-13,15,0
2025-04-25,9360.41294204155,0.0,68.36352962742961,34.18176481371481,-34.18176481371481,1282.3273836064627,10608.558560834299,25458.673209112043,25343.783746292534,0.0,114.88946281950643,366.6791965072528,22402.62105581602,13074.842369837681,11767.358132853911,1200.0,1200.0,1.8189894035458565e-12,1.1368683772161603e-13,15,0
2025-04-26,9630.826799922228,225.76839457131663,0.0,0.0,225.76839457131663,1580.8158454459576,11437.411039939503,25495.46389664989,25742.306191591866,246.84229494197592,0.0,494.2880949436602,24772.684898352414,13937.157548497878,12543.441793648095,1200.0,1200.0,1.8189894035458565e-12,1.1368683772161603e-13,15,0
2025-04-27,30397.482865541002,1981.3117653121944,27.294799450045588,13.647399725022794,1967.6643655871717,5345.694366326586,37710.84159745476,51568.86096073783,53860.699888251955,2388.368989730906,96.53006221678328,1317.2775263715275,4695.7087426180315,19087.974886721182,17179.177398049065,1200.0,1200.0,1.8189894035458565e-12,1.1368683772161603e-13,15,0
2025-04-28,32431.123774200543,5113.597016434003,0.0,0.0,5113.597016434003,3946.1121413353794,41490.832931969926,54537.10178594847,60029.0799806771,5491.978194728636,0.0,921.4102074579407,2387.541059991518,19409.81811476859,17468.83630329173,1200.0,1200.0,1.8189894035458565e-12,1.1368683772161603e-13,15,0
2025-04-29,30869.215257627264,1196.0535318713319,49.11287787871977,24.556438939359886,1171.4970929319718,1820.9223753313106,33861.63472589055,52306.352272842516,53158.94939125894,995.6843321826794,143.08721376625527,467.43767107611876,4360.630993753623,18325.423519147695,16492.881167232925,1200.0,1200.0,1.8189894035458565e-12,1.1368683772161603e-13,15,0
2025-04-30,30302.499920876875,277.1185813170025,559.9316236571108,279.9658118285554,-2.8472305115528798,6750.03841720008,37049.691107565406,51280.60413794913,51009.3909302808,437.8176110837534,709.030818752088,2006.4409542566707,2948.422162638055,18105.55288566077,16294.99759709469,1200.0,1200.0,1.8189894035458565e-12,1.1368683772161603e-13,15,0
2025-05-01,31691.11433029027,1464.5799926600303,0.0,0.0,1464.5799926600303,15031.110270207731,48186.80459315803,51614.30469760318,52986.073155195845,1371.7684575926705,0.0,3240.6072720713773,3249.1977743941875,19661.038528730336,17694.934675857305,1200.0,1200.0,1.8189894035458565e-12,1.1368683772161603e-13,15,0
2025-05-02,10347.67407263065,242.44664784558074,0.0,0.0,242.44664784558074,8337.879733914076,18928.000454390305,25953.316058835546,26202.053925311404,248.73786647585956,0.0,2282.1423458620347,12828.89757530138,13649.786125387274,12284.807512848549,1200.0,1200.0,1.8189894035458565e-12,1.1368683772161603e-13,15,0
2025-05-03,10634.154850319703,0.0,0.0,0.0,0.0,6366.983417751655,17001.138268071358,26528.59645504082,26528.59645504082,0.0,0.0,1567.6465005806501,17911.972745686788,13170.985599346815,11853.887039412133,1200.0,1200.0,1.8189894035458565e-12,1.1368683772161603e-13,15,0
2025-05-04,34823.8492283969,0.0,1938.8101767772273,969.4050883886136,-969.4050883886136,10540.148353674564,44394.59249368285,56703.419376346326,53258.3478385151,0.0,3445.071537831224,2833.0451377150694,2549.2132579105287,18075.12384986306,16267.611464876754,1200.0,1200.0,1.8189894035458565e-12,1.1368683772161603e-13,15,0
2025-05-05,36240.78801246414,364.0541237662283,895.6153781331127,447.80768906655635,-83.75356530032803,6026.384887326298,42183.419334490114,58782.55811903355,58219.07564678271,551.9402982000483,1115.4227704508899,1448.5049265431203,2555.60314436484,20359.70628960992,18323.73566064893,1200.0,1200.0,1.8189894035458565e-12,3.7963673094054684e-08,15,0
2025-05-06,34986.86319909323,937.0395552607057,436.6278057348304,218.3139028674152,718.7256523932905,7013.8170641358865,42719.40591562241,55478.258869914556,55753.09913063397,1191.7181092951005,916.8778485756834,1786.0910195968668,2796.014554749767,18730.93228814412,16857.839059329708,1200.0,1200.0,1.8189894035458565e-12,1.1368683772161603e-13,15,0
2025-05-07,35780.74065020504,1269.2602261997495,0.0,0.0,1269.2602261997495,5060.463203888648,42110.464080293445,56970.12494427097,58742.49089563626,1772.3659513653058,0.0,1122.162682692729,2865.773581974727,19310.34046354272,17379.306417188454,1200.0,1200.0,1.8189894035458565e-12,1.1368683772161603e-13,15,0
2025-05-08,38042.719689327394,267.9023924757659,201.43704940595856,100.71852470297928,167.18386777278658,3754.7974871672013,41964.70104426738,60878.99982483328,61032.72050192834,379.16432107028754,225.44364397522395,927.9081187499714,4182.561876570275,19515.54344108037,17563.989096972335,1200.0,1200.0,1.8189894035458565e-12,1.1368683772161603e-13,15,0
2025-05-09,11890.524123614101,7.216605620902074,0.0,0.0,7.216605620902074,1268.1830076415026,13165.923736876506,28579.704751319907,28588.130320994213,8.42556967430382,0.0,450.5007775913047,19191.930948603633,13473.142999818829,12125.828699836944,1200.0,1200.0,1.8189894035458565e-12,1.1368683772161603e-13,15,0
2025-05-10,11834.094448377116,98.38043567979784,0.0,0.0,98.38043567979784,1537.2694526172586,13469.744336674174,28130.82624453907,28244.638987118105,113.81274257903735,0.0,544.1086152466459,15290.701723251357,13770.00595780059,12393.005362020525,1200.0,1200.0,1.8189894035458565e-12,1.1368683772161603e-13,15,0
2025-05-11,36493.98044078985,11.841940565872392,398.4945790159217,199.24728950796086,-187.40534894208847,5335.290852265964,41641.86594411373,59623.520286484774,58796.40034422584,12.92506064819078,840.0450029071283,1456.645768315338,2850.633659947941,19183.33369259897,17265.000323339067,1200.0,1200.0,1.8189894035458565e-12,1.1368683772161603e-13,15,0
2025-05-12,35640.06373792939,648.4689184925586,30.94140715234009,15.470703576170045,632.9982149163885,3435.3206764803617,39708.38262932614,57364.85602977332,57975.2254101453,660.5916370248772,50.2222566528949,905.0206374307463,5174.231606769552,17748.19207473159,15973.372867258431,1200.0,1200.0,1.8189894035458565e-12,1.1368683772161603e-13,15,0
2025-05-13,36858.46155414948,0.0,1326.7760024945185,663.3880012472592,-663.3880012472592,3675.5860580050335,39870.659610907256,60766.89037617505,58216.937480713284,0.0,2549.9528954617576,855.5449418962543,4047.543042652173,18957.266132907,17061.539519616297,1200.0,1200.0,1.8189894035458565e-12,1.1368683772161603e-13,15,0
2025-05-14,36000.67695256037,787.4107845889382,1369.2879528768317,684.6439764384158,102.76680815052237,2969.3984962288687,39072.84225693975,59399.789292924004,58005.51897779094,1117.0889705023587,2511.359285635429,835.5417214350194,3954.836626558923,18720.752893336976,16848.67760400328,1200.0,1200.0,1.8189894035458565e-12,1.1368683772161603e-13,15,0
2025-05-15,36887.80567754545,146.23056978671787,260.06267685190653,130.03133842595327,16.1992313607646,2350.844401857887,39254.84931076411,58768.86565691594,58501.82060728113,245.9738952761058,513.0189449109162,680.0527915972425,4513.28876963793,19035.26345907111,17131.737113164,1200.0,1200.0,1.8189894035458565e-12,9.607219908502884e-09,15,0
2025-05-16,11227.590802759383,0.0,172.21046795513752,86.10523397756876,-86.10523397756876,1657.0667024096665,12798.552271191482,27343.424416481525,27061.060474888443,0.0,282.3639415930826,585.5930039782357,23585.772543351595,13453.7440218175,12108.369619635749,1200.0,1200.0,1.8189894035458565e-12,1.1368683772161603e-13,15,0
2025-05-17,11170.866242731488,0.0,21.409572633683165,10.704786316841583,-10.704786316841583,3191.863274030198,14352.024730444844,27079.255263493018,27044.914779072147,0.0,34.34048442087051,936.5284874643997,16268.068686528028,12645.754966751818,11381.179470076633,1200.0,1200.0,1.8189894035458565e-12,1.1368683772161603e-13,15,0
2025-05-18,36393.07136880546,0.0,491.8442482188981,245.92212410944904,-245.92212410944904,2538.7869898243157,38685.936234520326,60189.17010745295,59467.95130292045,0.0,721.2188045324908,828.6899966470561,4712.294246622394,19081.789529451195,17173.61057650608,1200.0,1200.0,1.8189894035458565e-12,1.1368683772161603e-13,15,0
2025-05-19,34613.65214842975,83.99259197877028,903.6993013035748,451.8496506517874,-367.85705867301715,2742.2662599101577,36988.06134966689,57947.1789666196,55435.70480231212,70.69116799254451,2582.1653323000373,510.0740061944779,6586.8660986191135,18436.96159887471,16593.265438987237,1200.0,1200.0,1.8189894035458565e-12,1.1368683772161603e-13,15,0
2025-05-20,34368.38802802403,1012.3920035729371,19.011222654558313,9.505611327279157,1002.8863922456579,5037.479704922552,40408.75412519224,57011.27871224449,58130.418929238345,1136.5004787549306,17.36026176107964,1143.7517270721103,2894.707839317036,18520.680003267524,16668.61200294077,1200.0,1200.0,1.8189894035458565e-12,1.1368683772161603e-13,15,0
2025-05-21,34162.33080179341,1188.2220814296322,154.95193887933672,77.47596943966836,1110.746111989964,3350.0235012950297,38623.1004150784,55651.23099402771,56383.565821045595,1167.3199625214324,434.98513550354465,863.8171893112947,4073.126604578581,18116.41122444972,16304.77010200474,1200.0,1200.0,1.8189894035458565e-12,1.1368683772161603e-13,15,0
2025-05-22,35112.30261363018,0.0,294.33522895195586,147.16761447597793,-147.16761447597793,2105.848832657555,37070.983831811754,56911.755931956315,56404.44624245488,0.0,507.30968950143296,661.7447910697979,4429.822476203478,18197.377406545344,16377.639665890814,1200.0,1200.0,1.8189894035458565e-12,1.1368683772161603e-13,15,0
2025-05-23,10798.131490350157,401.03421582818794,0.0,0.0,401.03421582818794,1011.1530625242572,12210.318768702604,26603.035964682702,27059.751826489777,456.71586180707504,0.0,406.9114763233207,19822.289759788662,12234.246596911009,11010.821937219904,1200.0,1200.0,1.8189894035458565e-12,1.1368683772161603e-13,15,0
2025-05-24,11261.68242305388,0.0,130.8107194382639,65.40535971913195,-65.40535971913195,1403.9594770252165,12600.236540359967,26832.06998269196,26621.397455353785,0.0,210.6725273381792,548.0514485680737,22154.430629833227,12605.168907552863,11344.652016797574,1200.0,1200.0,1.8189894035458565e-12,1.1368683772161603e-13,15,0
2025-05-25,34717.05615462049,29.353314273266907,983.903035398864,491.951517699432,-462.5982034261651,3052.375419187944,37306.83337038227,57420.938366112365,55135.53712981029,25.531333539080606,2310.932569841154,736.8019378791669,5527.498580617506,17998.303037386213,16198.472733647595,1200.0,1200.0,1.8189894035458565e-12,1.1368683772161603e-13,14,0
2025-05-26,34070.321259514574,2188.914530719014,0.0,0.0,2188.914530719014,4393.476186011712,40652.71197624529,55998.9210802482,58602.499377055465,2603.57829680727,0.0,1272.212289636571,3384.999822126994,19098.78894565045,17188.910051085408,1200.0,1200.0,1.8189894035458565e-12,1.1368683772161603e-13,15,0
2025-05-27,33194.847189081745,86.4602009798035,199.4233664851792,99.7116832425896,-13.251482262786098,4016.086335152378,37197.68204197133,54577.9702575592,54354.44072128312,137.73339699445793,361.26293327053685,1080.9338506172521,4306.203657765983,17388.036141343993,15649.2325272096,1200.0,1200.0,1.8189894035458565e-12,1.1368683772161603e-13,15,0
2025-05-28,35455.535899967865,293.47127569053964,445.5717080209955,222.78585401049776,70.68542168004193,2809.289144765796,38335.5104664137,58339.17222233034,57696.58053563083,203.185029103617,845.776715803121,858.0864859700008,4336.101290321202,19447.41631279626,17502.674681516633,1200.0,1200.0,1.8189894035458565e-12,1.1368683772161603e-13,15,0
2025-05-29,35464.54498611224,617.121434266111,301.4938008975655,150.74690044878275,466.37453381732826,5676.036054566801,41606.95557449637,58057.050583026125,58202.692279662355,715.6891028687876,570.0474062325605,1414.1267906429432,3487.691956861976,20190.03613443318,18171.03252098986,1200.0,1200.0,1.8189894035458565e-12,1.1368683772161603e-13,15,0
2025-05-30,10963.94706150251,213.35375806646218,0.0,0.0,213.35375806646218,1475.0419204825253,12652.342740051496,26704.554672913808,26926.654613545834,222.0999406320305,0.0,595.5325087801637,19579.101764044404,13468.520916149262,12121.668824534336,1200.0,1200.0,1.8189894035458565e-12,1.1368683772161603e-13,15,0
2025-05-31,11080.239956153911,0.0,206.54417638800416,103.27208819400208,-103.27208819400208,1855.7722895217,12832.74015748161,27665.543107690733,27302.942504577462,0.0,362.60060311326833,732.0712715551396,18256.42022163574,13894.12004496857,12504.708040471709,1200.0,1200.0,1.8189894035458565e-12,1.1368683772161603e-13,15,0
2025-06-01,42696.000664546984,1967.6571775640687,103.50846693069828,51.75423346534914,1915.9029440987197,35515.56436362973,80127.46797227544,64440.68832816776,66272.34014547625,1931.0242566659288,99.37243935742856,8233.168820929364,1033.5117504026634,22471.70916002957,20224.53824402661,1200.0,1200.0,1.8189894035458565e-12,1.1368683772161603e-13,15,0
2025-06-02,43716.47666553856,973.5974640710415,1524.9864910963254,762.4932455481627,211.10421852287868,29643.47155930457,73571.05244336602,67340.72851741474,64861.461392615136,791.3240408070213,3270.5911656066373,6859.716565393479,961.5484360601972,21188.220719484092,19069.39864753568,1200.0,1200.0,1.8189894035458565e-12,1.1368683772161603e-13,15,0
2025-06-03,44833.444582818986,14.728373568942823,170.89316197511044,85.44658098755522,-70.71820741861241,18426.96642401944,63189.692799419805,68528.78231079865,68231.23743674501,11.00555956058895,308.55043361423805,4248.324909724748,2073.9302904304304,22132.65222705996,19919.387004353972,1200.0,1200.0,2.0463630789890885e-12,3.042248408746673e-08,15,0
2025-06-04,50151.79825137541,34.77065844666948,2634.0883185208268,1317.0441592604134,-1282.2735008137438,11658.484511965606,60528.00926252728,75501.05593662182,71422.24386482144,24.167935421961033,4102.98000722233,3106.92193341672,2704.8055249625477,21790.994566089495,19611.895109480545,1200.0,1200.0,1.8189894035458565e-12,1.1368683772161603e-13,14,0
2025-06-05,48484.39129943576,607.7709754776847,243.89746566419905,121.94873283209952,485.8222426455854,9842.9436205673,58813.15716264864,72730.74743651251,72762.7811908423,452.87614043168554,420.8423861019003,2399.5896485027124,1787.573602279801,22254.79220398531,20029.312983586773,1200.0,1200.0,1.8189894035458565e-12,1.1368683772161603e-13,14,0
2025-06-06,17511.385509645086,4.504672948183471,0.0,0.0,4.504672948183471,4064.246480005,21580.13666259827,34987.61542481421,34991.873954733084,4.258529918872632,0.0,1195.6761961801421,4015.717595853738,13168.37155059485,11851.53439553536,1200.0,1200.0,1.8189894035458565e-12,1.1368683772161603e-13,14,0
2025-06-07,18086.943583152904,200.2583233280068,160.06458733786707,80.03229366893353,120.22602965907329,1868.805117677779,20075.974730489754,36945.00730749582,36810.60638933789,192.69803053910994,327.09894869703885,578.4211951257205,4795.405230045485,14671.09187751464,13203.982689763177,1200.0,1200.0,9.094947017729282e-13,1.1368683772161603e-13,15,0
2025-06-08,52947.43528396633,0.0,3092.720562723186,1546.360281361593,-1546.360281361593,850.381460336393,52251.45646294113,79483.872889419,74586.30767771904,0.0,4897.565211699962,245.34521527777716,7657.638555538792,19890.910707913514,17901.819637122164,1200.0,1200.0,1.8189894035458565e-12,1.1368683772161603e-13,15,0
2025-06-09,56109.834065359624,0.0,2826.517355561331,1413.2586777806655,-1413.2586777806655,2524.806075556526,57221.38146313548,81869.29074438855,77745.30271278595,0.0,4123.9880316026065,711.5315354760642,5279.396524094198,22447.24990834487,20202.52491751039,1200.0,1200.0,9.094947017729282e-13,9.723180482978933e-08,14,0
2025-06-10,53731.71174302336,164.81326367553018,631.8944158716009,315.94720793580046,-151.1339442602703,3730.4389036919956,57311.01670245509,79069.75315862172,78131.56474269251,110.97222568865823,1049.1606416178756,1086.7667853360867,5312.984146818065,22869.031478772013,20582.12833089481,1200.0,1200.0,1.8189894035458565e-12,9.723180482978933e-08,14,0
2025-06-11,55345.744429709164,386.1397968561572,133.6390737420399,66.81953687101995,319.3202599851373,4801.983224471836,60467.047914166134,81210.61816721401,81369.71257054669,354.7033051029079,195.60890177022384,1049.3611242772229,3783.322763675776,25513.04614481479,22961.74153033332,1200.0,1200.0,1.8189894035458565e-12,9.723180482978933e-08,14,0
2025-06-12,54699.251214293945,0.0,1369.7785358146798,684.8892679073399,-684.8892679073399,2916.712634300622,56931.07458068723,80296.70222346557,78501.84619630635,0.0,1794.8560271592396,688.348298758241,4407.710187137317,23300.928745939316,20970.83587134538,1200.0,1200.0,1.8189894035458565e-12,1.1368683772161603e-13,14,0
2025-06-13,17493.183199885014,0.0,210.58331581259438,105.29165790629719,-105.29165790629719,1731.9239607570616,19119.81550273578,35609.93283566968,35280.56677868767,0.0,329.36605698200384,466.34145053177684,6012.658463668435,13889.360655510136,12500.424589959119,1200.0,1200.0,1.8189894035458565e-12,1.1368683772161603e-13,14,0
2025-06-14,18037.353534324524,0.0,521.3127816909087,260.6563908454543,-260.6563908454543,2057.9163994500695,19834.61354292914,35671.7009801331,34911.07442740154,0.0,760.6265527315616,700.1739687487448,8041.174551667708,13767.310944825715,12390.579850343142,1200.0,1200.0,1.8189894035458565e-12,1.1368683772161603e-13,14,0
2025-06-15,53306.76177992528,140.0955580354688,456.3241716518353,228.16208582591764,-88.06652779044886,2134.3850046003467,55353.08025673518,78616.86968806051,78301.06750127973,164.51108500929126,480.31327179006826,492.919574124154,5862.820750061952,23041.919920086104,20737.727928077496,1200.0,1200.0,9.094947017729282e-13,1.1368683772161603e-13,14,0
2025-06-16,54630.3747418774,6.0180335525080215,1212.634134983037,606.3170674915185,-600.2990339390105,3887.4598670256737,57917.535574964066,79784.0821340174,78395.60256369683,7.286637065635091,1395.7662073862168,1001.1790453889074,4356.804421231275,23459.24371187792,21113.319340690134,1200.0,1200.0,1.8189894035458565e-12,1.1368683772161603e-13,14,0
2025-06-17,54885.85406272208,39.56762286382507,243.15259496233756,121.57629748116878,-82.00867461734371,5722.835791118431,60526.68117922317,80570.87930831504,80230.98780885091,30.59076335677844,370.48226282088785,1278.5895348258755,4418.723796919674,24538.423300904484,22084.580970814033,1200.0,1200.0,1.8189894035458565e-12,1.1368683772161603e-13,14,0
2025-06-18,54840.789371010316,0.0,1471.3837007126824,735.6918503563412,-735.6918503563412,2206.359489010615,56311.4570096646,80571.34002429854,78682.04177272579,0.0,1889.2982515727415,549.1482078569718,6026.3115318108885,22764.87548771874,20488.387938946864,1200.0,1200.0,9.094947017729282e-13,2.2737367544323206e-13,14,0
2025-06-19,51598.01366954173,343.7509028453908,2356.290977428375,1178.1454887141874,-834.3945858687966,4484.82128379883,55248.44036747177,77373.58819383183,73932.40424060207,277.10057902782864,3718.284532257589,1134.6390113962855,4601.718319752577,22058.207322457867,19852.38659021208,1200.0,1200.0,9.094947017729282e-13,2.2737367544323206e-13,14,0
2025-06-20,16806.14647662073,0.0,193.3702090114486,96.6851045057243,-96.6851045057243,1336.2320049827872,18045.69337709779,34043.60861201695,33753.10926953703,0.0,290.49934247991183,530.6152090903583,10515.00766402845,13681.359645989392,12313.22368139045,1200.0,1200.0,1.8189894035458565e-12,1.1368683772161603e-13,14,0
2025-06-21,16657.876526298583,0.0,183.63653010299635,91.81826505149817,-91.81826505149817,2024.6534128501312,18590.71167409722,34063.65061980024,33756.640549576085,0.0,307.0100702241558,657.2737414642867,13695.240237395425,13839.33653644943,12455.402882804483,1200.0,1200.0,1.8189894035458565e-12,1.1368683772161603e-13,14,0
2025-06-22,50983.47120005943,628.1090591531276,1804.96643503697,902.483217518485,-274.3741583653573,3546.910325768442,54256.00736746251,76301.1628486262,73852.904796115,523.3482060925571,2971.606258603763,799.8631915554806,5106.660314805579,20887.665728649095,18798.899155784187,1200.0,1200.0,9.094947017729282e-13,2.2737367544323206e-13,14,0
2025-06-23,50324.66185333079,0.0,1001.7944072820127,500.89720364100634,-500.89720364100634,3090.4954151045713,52914.26006479436,75604.33145971401,74087.8070980979,0.0,1516.5243616161072,746.2195503988021,5555.344437301238,22173.962111954716,19956.56590075924,1200.0,1200.0,1.8189894035458565e-12,1.1368683772161603e-13,14,0
2025-06-24,55180.61647349349,550.3039810489852,487.72748910808826,243.86374455404413,306.440236494941,8047.294654137293,63534.351364125716,80281.54584176451,80129.25475010532,489.0676383939789,641.3587300531728,1823.060310958761,3237.5511597129102,24459.716513511677,22013.74486216051,1200.0,1200.0,9.094947017729282e-13,1.1368683772161603e-13,14,0
2025-06-25,50035.24207041849,711.5120525760192,110.64209987139375,55.32104993569688,656.1910026403224,4283.820014515823,54975.25308757463,75795.37333045773,76233.40213142909,595.0716385932074,157.0428376218789,888.8920863681727,4503.041537068808,21818.313140617774,19636.481826556,1200.0,1200.0,9.094947017729282e-13,9.72395355347544e-08,14,0
2025-06-26,48148.210360455574,27.213114614516297,194.74720526897786,97.37360263448893,-70.16048801997263,3356.081844326315,51434.13171676191,73630.61808276687,73436.74534834595,36.55465728325112,230.42739170417218,810.0764713832634,4565.144505743644,21342.934806522404,19208.641325870165,1200.0,1200.0,1.8189894035458565e-12,1.1368683772161603e-13,14,0
2025-06-27,15724.404299929749,0.0,509.40747032465475,254.70373516232738,-254.70373516232738,2227.8789305570563,17697.57949532448,33128.01123375038,32308.29758843982,0.0,819.7136453105682,734.201301841867,11916.2815524139,13545.714712011166,12191.143240810048,1200.0,1200.0,1.8189894035458565e-12,1.1368683772161603e-13,14,0
2025-06-28,15764.644379776966,22.572522937413805,0.0,0.0,22.572522937413805,1874.7397185226446,17661.956621237026,32633.16385833258,32658.55899733436,25.395139001781565,0.0,667.9390001845172,10290.453230878707,12591.186499735031,11332.06784976153,1200.0,1200.0,1.8189894035458565e-12,1.1368683772161603e-13,14,0
2025-06-29,49595.556328409635,1701.9156730468028,862.2799466170844,431.1399733085422,1270.7756997382605,5900.957692945733,56767.28972109363,73883.17759698546,74032.2685780626,1437.8553528788352,1288.7643718016993,1587.0085862064875,4215.192274064742,21363.163568710086,19226.847211839075,1200.0,1200.0,9.094947017729282e-13,1.1368683772161603e-13,14,0
2025-06-30,50572.06482833212,57.3077864032236,644.5768287269458,322.2884143634729,-264.9806279602493,5770.934573344881,56078.01877371676,76275.7365114188,75383.11904019768,37.248489244442794,929.8659604655703,1417.1068217975185,4707.302229506074,22152.396491557887,19937.156842402095,1200.0,1200.0,1.8189894035458565e-12,1.1368683772161603e-13,15,0
2025-07-01,50955.097629468364,0.0,1075.9605961437182,537.9802980718591,-537.9802980718591,51154.37097934199,101571.4883107385,71080.80562212125,69600.34262631909,0.0,1480.4629958021437,11816.901394745943,509.92042695787825,20407.795607738313,18367.016046964483,1200.0,1200.0,9.094947017729282e-13,2.2737367544323206e-13,15,0
2025-07-02,51142.544358945685,0.0,2722.2819226384036,1361.1409613192018,-1361.1409613192018,38361.307293683916,88142.7106913104,70902.42882509073,66535.89534395697,0.0,4366.533481133751,8567.394584010288,315.37700053189155,18831.465607686994,16948.319046918295,1200.0,1200.0,1.8189894035458565e-12,1.1368683772161603e-13,15,0
2025-07-03,56290.85949612891,74.66162370262134,292.8129868905149,146.40649344525744,-71.7448697426361,29990.662970699865,86209.77759708613,76652.17616377043,76405.10051736736,76.87770123361258,323.9533476366905,6560.634523466792,988.899342353074,22164.16765147744,19947.750886329693,1200.0,1200.0,1.8189894035458565e-12,1.1368683772161603e-13,15,0
2025-07-04,20879.13089494602,0.0,76.57915039874648,38.28957519937324,-38.28957519937324,13041.475486955118,33882.31680670176,37289.15132431078,37188.02352638246,0.0,101.12779792832052,3566.1506389396245,10508.24002559379,13650.666730616274,12285.600057554648,1200.0,1200.0,1.8189894035458565e-12,1.1368683772161603e-13,15,0
2025-07-05,22136.9918493516,0.0,6.050199058486149,3.0250995292430747,-3.0250995292430747,7113.2543912652945,29247.22114108765,40048.544903524235,40043.33908777955,0.0,5.205815744696395,2016.4030549374984,11906.088436647713,13635.73739402663,12272.163654623972,1200.0,1200.0,9.094947017729282e-13,1.1368683772161603e-13,15,0
2025-07-06,60087.335625370426,4847.597340544987,0.0,0.0,4847.597340544987,6300.9502415149,71235.8832074303,80642.96621181635,85004.96819569147,4362.001983875112,0.0,1265.1036772470925,4033.725672542286,24423.646503962704,21981.28185356644,1200.0,1200.0,1.8189894035458565e-12,2.2737367544323206e-13,15,0
2025-07-07,59556.64770180252,163.33363308612223,1362.6294060899113,681.3147030449556,-517.9810699588334,4703.864085714262,63742.53071755795,81213.66723343839,79116.52591874171,109.41585077910582,2206.5571654757787,1178.3162251122303,4884.0547426815865,20013.04634505698,18011.74171055128,1200.0,1200.0,1.8189894035458565e-12,2.2737367544323206e-13,15,0
2025-07-08,63200.16239935889,991.2143747500427,1280.6528313935487,640.3264156967743,350.88795905326845,1139.2590367660011,64690.30939517815,85984.07629561311,84423.86892512708,667.9229400530039,2228.1303105390484,267.0318511809367,6857.2518776833,22622.6188195805,20360.35693762245,1200.0,1200.0,1.8189894035458565e-12,2.2737367544323206e-13,15,0
2025-07-09,62241.92372820145,126.14117347631522,1298.8114987798976,649.4057493899488,-523.2645759136335,1815.0315633312864,63533.690715619116,85066.97323014656,83440.17452236597,75.68693090017507,1702.485638680762,281.74127385029726,7459.382127422443,22038.086521271576,19834.27786914442,1200.0,1200.0,1.8189894035458565e-12,2.2737367544323206e-13,15,0
2025-07-10,59862.94447695637,9.17179068011216,396.65186754879846,198.32593377439923,-189.15414309428706,3274.007653502549,62947.797987364625,80708.32838612652,80019.18347886001,5.220736953615756,694.3656442201241,880.6711480927916,5817.813835718302,22284.17407901175,20055.756671110576,1200.0,1200.0,1.8189894035458565e-12,2.2737367544323206e-13,15,0
2025-07-11,24878.07425546766,0.0,450.22084232946247,225.11042116473124,-225.11042116473124,2015.8676151053205,26668.83144940825,43069.92466259617,42376.90592004899,0.0,693.0187425471779,586.680421089887,9127.620622763716,13171.885683751612,11854.697115376452,1200.0,1200.0,1.8189894035458565e-12,1.1368683772161603e-13,15,0
2025-07-12,23788.32612553762,558.0758357116263,0.0,0.0,558.0758357116263,1615.1007826922616,25961.502743941506,42234.04750080107,42778.74317990367,544.6956791026066,0.0,471.21100698796545,10875.042130500842,12906.687230574615,11616.018507517152,1200.0,1200.0,1.8189894035458565e-12,1.1368683772161603e-13,15,0
2025-07-13,57943.75481262054,0.0,3689.6352380278695,1844.8176190139347,-1844.8176190139347,4631.691510252967,60730.62870385958,80772.72112946025,75596.54395073876,0.0,5176.177178721479,926.4661311464856,5231.927357061136,20233.623248241187,18210.26092341707,1200.0,1200.0,1.8189894035458565e-12,2.2737367544323206e-13,15,0
2025-07-14,56191.627418153046,41.82244669993169,1122.9288246312758,561.4644123156379,-519.6419656157062,5808.57374897229,61480.55920150963,78231.69717330515,76120.74468592388,27.498208565072673,2138.4506959463415,1159.5981834137426,3522.023736393875,19506.399162770882,17555.75924649379,1200.0,1200.0,1.8189894035458565e-12,2.2737367544323206e-13,15,0
2025-07-15,60853.011249377465,72.27373878405793,1902.122329091383,951.0611645456916,-878.7874257616337,2701.8727153415334,62676.09653895737,83448.10253418222,80646.93860470029,82.01048308600207,2883.1744125679324,721.452613353074,6652.684198500487,19666.564362195477,17699.90792597593,1200.0,1200.0,1.8189894035458565e-12,1.1368683772161603e-13,15,0
2025-07-16,59748.97581802287,188.56386606596155,735.1633821346459,367.58169106732294,-179.0178250013614,3740.2456988358763,63310.203691857394,80506.05522817801,79465.640818688,211.9315016029892,1252.3459110930069,1002.1120329789711,6263.6816824533635,20695.07785880264,18625.57007292237,1200.0,1200.0,1.8189894035458565e-12,1.1368683772161603e-13,15,0
2025-07-17,58010.39244521456,1582.5633542187295,344.86725861682476,172.43362930841238,1410.1297249103172,4425.360196444159,63845.88236656903,78893.16524035238,79486.14741647785,1258.2719422440775,665.2897661186071,986.586100744047,5684.389430020158,20679.280205350697,18611.35218481563,1200.0,1200.0,1.8189894035458565e-12,2.2737367544323206e-13,15,0
2025-07-18,23726.625151367698,0.0,561.1514954245048,280.5757477122524,-280.5757477122524,1724.9985217186177,25171.047925374063,42326.923814387366,41463.2099084289,0.0,863.7139059584638,513.3523567563792,9370.044216852575,13322.699483327038,11990.429534994335,1200.0,1200.0,1.8189894035458565e-12,1.1368683772161603e-13,15,0
2025-07-19,23724.03050124841,0.0,239.0188896211254,119.5094448105627,-119.5094448105627,2577.4858991796004,26182.006955617442,42063.08872210965,41668.322000069704,0.0,394.7667220399494,725.216425269986,13967.141819524455,12435.77555815234,11192.198002337107,1200.0,1200.0,1.8189894035458565e-12,1.1368683772161603e-13,15,0
2025-07-20,56543.95959372623,137.94477522710878,325.2284953857426,162.6142476928713,-24.6694724657625,4056.616072082039,60575.90619334251,78859.9524818653,78270.42326760637,98.28492601266584,687.814140271589,906.8351463385773,5045.978572309208,20413.016249690703,18371.714624721637,1200.0,1200.0,2.7284841053187847e-12,2.2737367544323206e-13,15,0
2025-07-21,58565.03518002994,673.0832683832042,159.83889621847703,79.91944810923852,593.1638202739657,4551.996184351067,63710.19518465497,79839.46131814292,80090.54328109931,551.2715739375608,300.1896109811744,1086.9528516061162,5016.352679521497,21713.941031839193,19542.54692865527,1200.0,1200.0,1.8189894035458565e-12,1.1368683772161603e-13,15,0
2025-07-22,59193.4251922695,1652.1287575198887,4.814756698486072,2.407378349243036,1649.7213791706456,2365.900477130269,63209.047048570406,80842.1256214466,82746.68243782855,1914.4291901742251,9.872373792261783,550.7009232415814,7357.374251728109,21448.644926753575,19303.780434078217,1200.0,1200.0,1.8189894035458565e-12,2.2737367544323206e-13,15,0
2025-07-23,62037.02327965095,0.0,2655.7849044521836,1327.8924522260918,-1327.8924522260918,3984.2292565884463,64693.3600840133,85280.82556441505,80929.11589100372,0.0,4351.709673411338,915.4732356524013,5466.149918020003,21618.92091969453,19457.028827725084,1200.0,1200.0,1.8189894035458565e-12,2.2737367544323206e-13,14,0
2025-07-24,61867.1438681923,0.0,1148.9002667940567,574.4501333970284,-574.4501333970284,1471.3505621514282,62764.044296946704,84031.47095888696,81993.13156521381,0.0,2038.3393936731507,363.62326026282085,6570.784254501117,21694.985709755183,19525.487138779667,1200.0,1200.0,1.8189894035458565e-12,2.2737367544323206e-13,14,0
2025-07-25,22948.552808985267,0.0,152.42896059342516,76.21448029671258,-76.21448029671258,1793.4513693274773,24665.78969801603,41027.08841876082,40789.79608142809,0.0,237.292337332727,443.7648826974381,13395.523361468473,13327.18035990393,11994.46232391354,1200.0,1200.0,1.8189894035458565e-12,1.1368683772161603e-13,14,0
2025-07-26,22821.05779543784,0.0,18.045369359709238,9.022684679854619,-9.022684679854619,2223.339119179124,25035.374229937108,40777.410710512304,40749.160948371275,0.0,28.24976214102611,644.440961984493,11654.964696917636,12695.456467714703,11425.91082094323,1200.0,1200.0,1.8189894035458565e-12,1.1368683772161603e-13,14,0
2025-07-27,56187.52626645488,759.2243693034422,397.8218984939913,198.91094924699564,560.3134200564466,6336.363064818844,63084.20275133017,78055.0097783462,77880.7481968176,613.514744094407,787.7763256229995,1509.5942080705154,3596.6191410365373,21085.334638515844,18976.801174664266,1200.0,1200.0,1.8189894035458565e-12,2.2737367544323206e-13,14,0
2025-07-28,57601.75000959182,1867.0095246936953,0.0,0.0,1867.0095246936953,10314.477367012692,69783.23690129821,79047.06426104243,80692.54595519564,1645.4816941532006,0.0,2286.4515985856474,2799.920801319142,22241.9951912881,20017.7956721593,1200.0,1200.0,1.8189894035458565e-12,2.2737367544323206e-13,15,0
2025-07-29,59458.76076187515,3719.1765033529587,0.0,0.0,3719.1765033529587,1759.4237558036114,64937.36102103171,81621.21918347912,85350.67290248675,3729.4537190076458,0.0,295.4901134597528,7283.428089417923,22934.88976528599,20641.400788757397,1200.0,1200.0,1.8189894035458565e-12,1.1368683772161603e-13,15,0
2025-07-30,57365.111653137516,4970.556910827065,0.0,0.0,4970.556910827065,1819.8934221794693,64155.56198614405,77457.77841157652,82097.51329592842,4639.734884351906,0.0,437.08582830127875,6188.711093348793,22426.339808809174,20183.705827928257,1200.0,1200.0,1.8189894035458565e-12,2.2737367544323206e-13,15,0
2025-07-31,57305.807700819336,1935.384700408483,0.0,0.0,1935.384700408483,4301.349636940076,63542.54203816789,78979.35245470406,80807.52483740853,1828.1723827044748,0.0,936.44005055714,4797.702284222649,22512.66337076355,20261.3970336872,1200.0,1200.0,1.8189894035458565e-12,2.2737367544323206e-13,15,0
2025-08-01,22595.856680790406,0.0,527.8730435632506,263.9365217816253,-263.9365217816253,2496.8016201172823,24828.721779126066,40562.76837522574,39791.66860110151,0.0,771.0997741242236,761.5602659727795,17976.977931881567,13248.912685260582,11924.021416734524,1200.0,1200.0,1.8189894035458565e-12,1.1368683772161603e-13,15,0
2025-08-02,22370.103855304435,0.0,121.12151303823435,60.56075651911718,-60.56075651911718,1552.333952745209,23861.87705153053,40601.458904667845,40418.059891853234,0.0,183.39901281461846,369.6132455016242,18456.69744309032,14039.50760931203,12635.55684838083,1200.0,1200.0,1.8189894035458565e-12,1.1368683772161603e-13,15,0
2025-08-03,50510.04400726795,0.0,2097.9865038633575,1048.9932519316787,-1048.9932519316787,8504.36254311871,57965.41329845498,70638.39115612437,66651.67656627895,0.0,3986.714589845412,2007.2882926582781,3845.358260326756,19741.26615277144,17767.13953749429,1200.0,1200.0,9.094947017729282e-13,2.2737367544323206e-13,15,0
2025-08-04,52309.453046724004,0.0,1652.1313855585934,826.0656927792967,-826.0656927792967,6972.473731942605,58455.861085887314,72335.70999460877,70007.45895336193,0.0,2328.2510412468246,1712.7440382567454,4285.579030558089,20189.68877727259,18170.719899545333,1200.0,1200.0,1.8189894035458565e-12,2.2737367544323206e-13,15,0
2025-08-05,50851.89487089227,89.54868085940188,198.4983222093076,99.2491611046538,-9.70048024525191,5044.990864407405,55887.18525505443,70758.21730249503,70627.30054044405,127.43939327735512,258.3561553283244,1287.6649100890113,4696.0333415932,20666.22375606523,18599.601380458706,1200.0,1200.0,1.8189894035458565e-12,2.2737367544323206e-13,15,0
2025-08-06,53482.40819857517,488.64696270191655,39.358418135308824,19.679209067654412,468.9677536342622,5188.18085162639,59139.55680383581,72725.98354484716,73091.16651804795,440.1584727391502,74.97549953835852,1333.8799632753498,4223.527602269569,20871.196123870574,18784.076511483516,1200.0,1200.0,1.8189894035458565e-12,2.2737367544323206e-13,15,0
2025-08-07,52188.66964470857,775.4704230840339,2483.927486380787,1241.9637431903934,-466.49332010635953,4735.013754103233,56457.19007870545,74132.13972914293,69054.56743392408,534.85843870181,5612.430733920668,1219.0647845661124,4803.450057468955,20821.969110212274,18739.772199191044,1200.0,1200.0,1.8189894035458565e-12,2.2737367544323206e-13,15,0
2025-08-08,20833.974275485685,66.90984768986948,28.110762229232137,14.055381114616068,52.85446657525341,2285.7994320340567,23172.62817409499,38699.46656199667,38717.53583998961,66.85793288510024,48.78865489216487,598.2569080638807,22125.27612811103,14153.453699424546,12738.10832948209,1200.0,1200.0,1.8189894035458565e-12,1.1368683772161603e-13,15,0
2025-08-09,20993.39058667115,177.55829952589994,0.0,0.0,177.55829952589994,3257.915187580906,24428.864073777953,38538.163267947995,38700.215246047635,162.05197809964756,0.0,884.3809634033026,19334.325986263,13283.41223187942,11955.071008691479,1200.0,1200.0,1.8189894035458565e-12,1.1368683772161603e-13,15,0
2025-08-10,49852.35640395026,230.8622282117068,45.47044227244371,22.735221136221856,208.12700707548493,7568.105757390575,57628.58916841632,67499.17484565919,67691.1850074718,275.2615902995927,83.25142848700148,1954.242687990653,2468.336929162848,18724.717162995898,16852.245446696306,1200.0,1200.0,1.8189894035458565e-12,1.1368683772161603e-13,15,0
2025-08-11,48684.56948209286,1035.9833481574608,0.0,0.0,1035.9833481574608,6877.185814943054,56597.73864519338,68797.74975728043,69722.10540009392,924.3556428134902,0.0,1515.346240180469,4698.593170598255,19776.051363427916,17798.446227085125,1200.0,1200.0,1.8189894035458565e-12,2.2737367544323206e-13,15,0
2025-08-12,51362.301005263726,1683.8212465112128,156.3507148455886,78.1753574227943,1605.6458890884185,6668.463779034335,59636.41067338648,71187.69354049161,72147.19463451838,1316.9529468240075,357.4518527972363,1465.6834698538196,3895.4960249779474,19568.3842939425,17611.545864548247,1200.0,1200.0,1.8189894035458565e-12,2.2737367544323206e-13,15,0
2025-08-13,49724.4429711299,1033.164959884416,0.0,0.0,1033.164959884416,6930.501222717589,57688.10915373191,68679.2606464387,70068.9894648692,1389.7288184304966,0.0,1505.8116891970312,3508.7657131117003,19450.559909545307,17505.50391859078,1200.0,1200.0,1.8189894035458565e-12,2.2737367544323206e-13,15,0
2025-08-14,50361.733363547675,1589.6607234770229,44.32112603905157,22.160563019525785,1567.500160457497,5990.257076827579,57919.490600832745,69106.81063263305,71088.18219072167,2043.709477486352,62.337919397734524,1296.7613499610916,4538.077303138767,19205.75254210659,17285.177287895935,1200.0,1200.0,1.8189894035458565e-12,1.1368683772161603e-13,15,0
2025-08-15,21296.00209576122,10.214937371897317,258.1694990771708,129.0847495385854,-118.86981216668809,3899.9154786406034,25077.04776223514,38748.83339822601,38401.248513996776,11.895123577173004,359.48000780641,1198.3007709581623,21181.47157748121,12583.508241403957,11325.157417263563,1200.0,1200.0,1.8189894035458565e-12,1.1368683772161603e-13,15,0
2025-08-16,21840.293908207263,0.0,408.5253064445143,204.26265322225714,-204.26265322225714,3243.44668323477,24879.477938219774,39239.012839237635,38627.24909429355,0.0,611.7637449440889,889.5230342971188,21356.51289872091,12309.788632030899,11078.809768827812,1200.0,1200.0,1.8189894035458565e-12,1.1368683772161603e-13,15,0
2025-08-17,51089.435737458036,231.6767777978991,967.3144011238318,483.6572005619159,-251.98042276401688,4420.573180930904,55258.02849562492,71636.04671831935,69674.07076741883,150.33343056665376,2112.3093814671947,963.600134044588,5542.395301749275,19298.819830474662,17368.937847427198,1200.0,1200.0,1.8189894035458565e-12,2.2737367544323206e-13,15,0
2025-08-18,50662.59382261629,45.339342276185995,67.80280151577497,33.90140075788749,11.437941518298507,5666.177900156919,56340.20966429152,69818.91053786504,69723.21419093153,43.359960097724844,139.05630703125598,1252.0897415283396,4609.72535168702,19714.629641061685,17743.166676955516,1200.0,1200.0,1.8189894035458565e-12,1.1368683772161603e-13,15,0
2025-08-19,50358.65011457792,527.964775394297,10.862316085743824,5.431158042871912,522.5336173514252,5449.138484233817,56330.32221616316,69184.35810085165,69696.29743342323,521.1864930995939,9.24716052801881,1118.1043541511165,4635.541201999475,18612.005355748748,16750.804820173875,1200.0,1200.0,1.8189894035458565e-12,1.1368683772161603e-13,15,0
2025-08-20,52764.543164774994,957.4015060441785,287.7145686186021,143.85728430930104,813.5442217348775,8098.383269710141,61676.470656220015,73188.0759323801,73658.28443759476,1014.1317030114117,543.9231977967636,1786.088768644012,2678.678326008483,21150.038135636227,19035.034322072606,1200.0,1200.0,9.094947017729282e-13,1.1368683772161603e-13,15,0
2025-08-21,51317.73234373113,147.24334363574587,424.95079747108116,212.47539873554058,-65.23205509979474,5163.06679997685,56415.567088608186,71552.79921593127,70838.74348942167,146.46853779748622,860.5242643070967,1291.8944847866376,4299.902924289756,19863.16566585213,17876.849099266918,1200.0,1200.0,1.8189894035458565e-12,1.1368683772161603e-13,15,0
2025-08-22,21663.642439077877,0.0,41.775860802467136,20.887930401233568,-20.887930401233568,5167.617968381007,26810.37247705765,38928.47348324139,38876.21854200665,0.0,52.254941234736634,1390.448451777033,17770.759719190693,12653.378745929836,11388.040871336847,1200.0,1200.0,1.8189894035458565e-12,1.1368683772161603e-13,15,0
2025-08-23,21257.23453733124,264.8399985797299,0.0,0.0,264.8399985797299,2102.9035953961393,23624.978131307107,39055.38602461573,39310.7979584813,255.4119338655678,0.0,836.7435144888354,16317.790010484277,12997.453124858486,11697.707812372633,1200.0,1200.0,1.8189894035458565e-12,1.1368683772161603e-13,15,0
2025-08-24,51086.40247828007,881.8208953882564,470.60189761003926,235.30094880501963,646.5199465832368,3753.0625090436924,55485.984933907,70100.58837714243,69540.86660238044,704.8297035749285,1264.5514783369122,903.5038266118058,4723.426503747234,19873.54441911685,17886.189977205162,1200.0,1200.0,1.8189894035458565e-12,1.1368683772161603e-13,15,0
2025-08-25,56689.60695602479,53.9632414949711,1951.2758177544222,975.6379088772111,-921.6746673822399,3287.538820068564,59055.47110871112,79782.73422967884,76243.79217734987,44.16021774516372,3583.1022700741464,834.5056531244703,4256.2872849484975,20489.2352885917,18440.311759732533,1200.0,1200.0,9.094947017729282e-13,2.2737367544323206e-13,15,0
2025-08-26,51408.58706314,229.64913187166707,107.12580749309686,53.56290374654843,176.08622812511862,3562.632034310824,55147.305325575944,71107.18222735064,71106.83807854488,232.288456689363,232.6326054951306,933.6229009548599,4521.341533929328,19903.01062237071,17912.709560133633,1200.0,1200.0,1.8189894035458565e-12,1.1368683772161603e-13,15,0
2025-08-27,51984.9252675712,2226.611492355998,149.76084302352672,74.88042151176336,2151.7310708442346,3416.9842818765674,57553.640620292004,72570.39916671338,74478.05695038711,2350.125185310202,442.4674016364629,702.4167191232763,5190.18906052883,20761.357423148907,18685.221680834016,1200.0,1200.0,1.8189894035458565e-12,1.1368683772161603e-13,15,0
2025-08-28,51995.86094534688,1323.9161940521417,0.0,0.0,1323.9161940521417,10322.802676976113,63642.57981637514,72321.12168667906,73602.21212435135,1281.09043767228,0.0,2431.0633228438937,3072.8042773927928,21926.761864691187,19734.085678222073,1200.0,1200.0,1.8189894035458565e-12,1.1368683772161603e-13,14,0
2025-08-29,21894.732962147147,0.0,29.86820149904412,14.93410074952206,-14.93410074952206,2584.158473536817,24463.957334934443,39931.56863512504,39887.69261620038,0.0,43.876018924659476,759.7104328968267,16739.678053888223,13525.046452089804,12172.541806880821,1200.0,1200.0,1.8189894035458565e-12,1.1368683772161603e-13,14,0
2025-08-30,21685.30235715225,0.0,143.42299818104345,71.71149909052173,-71.71149909052173,4842.094945733082,26455.68580379481,39139.03656940044,38927.454146811426,0.0,211.58242258901703,1531.5916986872853,20619.42299145507,13269.030207103062,11942.127186392754,1200.0,1200.0,1.8189894035458565e-12,1.1368683772161603e-13,14,0
2025-08-31,50946.289985446805,916.7627586506967,708.1362399900727,354.06811999503634,562.6946386556605,5678.925805445853,57187.91042954832,70979.80160521464,71402.76739805685,1210.5697235059938,787.6039306637917,1417.5889172663515,4159.303878004792,20144.29353985071,18129.86418586564,1200.0,1200.0,1.8189894035458565e-12,1.1368683772161603e-13,15,0
2025-09-01,48111.046882641924,0.0,1411.2724726403828,705.6362363201914,-705.6362363201914,0.0,47405.41064632173,75796.5966696321,73069.9277476871,0.0,2726.6689219450127,0.0,17475.260311825456,20205.32902528307,18184.79612275476,1200.0,1200.0,1.8189894035458565e-12,2.2737367544323206e-13,14,0
2025-09-02,43972.71150379282,397.22425569804886,636.6580473875722,318.3290236937861,78.89523200426277,375.59635627660583,44427.20309207369,69012.74592001477,68525.88005159792,672.9895486325983,1159.8554170494504,71.14070910801068,12442.844463154202,20964.204475517377,18867.784027965638,1200.0,1200.0,1.8189894035458565e-12,1.1368683772161603e-13,14,0
2025-09-03,44289.644378981044,587.1465553452997,666.6934890335597,333.34674451677984,253.79981082851992,115.41320834150278,44658.85739815107,68220.47757987819,67182.69013525252,484.97905965534994,1522.7665042810208,44.22714398143137,9692.697122792302,19865.029064416478,17878.52615797483,1200.0,1200.0,1.8189894035458565e-12,1.1368683772161603e-13,15,0
2025-09-04,41667.25078038388,549.0898932583048,1115.7530488784214,557.8765244392107,-8.786631180905829,1236.6684023009693,42895.132551503935,64777.9957951183,62670.31211149447,418.279029014922,2525.9627126387404,446.80361484914584,7266.952172187091,19245.980041565243,17321.382037408715,1200.0,1200.0,1.8189894035458565e-12,1.1368683772161603e-13,15,0
2025-09-05,14164.837118085265,0.0,346.37331401226146,173.18665700613073,-173.18665700613073,1179.6014590705142,15171.251920149647,31854.477653246267,31326.452949367966,0.0,528.024703878302,335.60364370287266,23429.545900093035,14082.490263111313,12674.241236800179,1200.0,1200.0,1.8189894035458565e-12,1.1368683772161603e-13,15,0
2025-09-06,13275.2660237186,0.0,197.71869973202155,98.85934986601077,-98.85934986601077,3163.3968456858256,16339.803519538415,30377.017476853343,30072.895878580253,0.0,304.1215982730894,914.5097824026441,21668.234515441975,15980.874455409185,14382.787009868262,1200.0,1200.0,1.8189894035458565e-12,1.1368683772161603e-13,15,0
2025-09-07,37140.10513130155,978.9555847619438,193.0769009780394,96.5384504890197,882.417134272924,4408.888352864811,42431.41061843929,58655.78377042409,59693.155135610315,1463.5124523875465,426.141087201323,1181.4340290867158,3915.1300294153584,19984.755186150076,17986.27966753507,1200.0,1200.0,1.8189894035458565e-12,1.1368683772161603e-13,15,0
2025-09-08,37297.54767988194,1869.5335655803424,56.02097659758031,28.010488298790154,1841.5230772815523,11578.797138847274,50717.867896010765,59227.23923064136,60765.87757577002,1664.2018215179032,125.56347638924308,2860.7780009648222,2123.210830588002,21078.75212813514,18970.876915321627,1200.0,1200.0,1.8189894035458565e-12,1.1368683772161603e-13,15,0
2025-09-09,36083.5937471861,477.2606509152692,281.56810481477186,140.78405240738593,336.4765985078833,11217.811674523107,47637.8820202171,56645.277295129345,56090.59359607659,445.8863361542028,1000.5700352069539,2804.1310795184204,3795.206976915136,19966.834320132104,17970.150888118893,1200.0,1200.0,1.8189894035458565e-12,1.1368683772161603e-13,15,0
2025-09-10,39361.85586981515,796.806006052971,138.87305181413987,69.43652590706994,727.3694801459011,10425.370752733843,50514.59610269489,61739.15741409259,62265.94611992594,811.5827059523152,284.7940001189648,2654.881614827931,1453.1977314644178,21516.31353289451,19364.682179605057,1200.0,1200.0,1.8189894035458565e-12,1.1368683772161603e-13,15,0
2025-09-11,39136.41864813724,0.0,2186.8678558791726,1093.4339279395863,-1093.4339279395863,5790.1481000232325,43833.13282022088,62368.723286600405,57323.9826799656,0.0,5044.740606634814,1465.2828239984728,3229.9588947836155,20632.208258471237,18568.987432624115,1200.0,1200.0,1.8189894035458565e-12,1.1368683772161603e-13,15,0
2025-09-12,13335.760987427802,89.87650462593325,0.0,0.0,89.87650462593325,3078.693986083882,16504.331478137618,30861.039702969447,30957.99760323814,96.95790026869005,0.0,1027.9433055236739,18967.927524118495,14663.57184643314,13197.214661789825,1200.0,1200.0,1.8189894035458565e-12,1.1368683772161603e-13,15,0
2025-09-13,13768.34067294488,0.0,7.7082695822528216,3.8541347911264108,-3.8541347911264108,2553.0302792297625,16317.516817383514,31620.51594250076,31608.73437114717,0.0,11.781571353589186,786.873954973345,22834.562555339235,15539.442874479482,13985.498587031529,1200.0,1200.0,1.8189894035458565e-12,1.1368683772161603e-13,15,0
2025-09-14,42210.57126688189,136.50055876416008,776.912001512987,388.4560007564935,-251.95544199233342,4026.4882866714333,45985.10411156098,65778.78351043304,64879.045150669444,205.75270197192185,1105.4910617355308,1132.4754264241064,3679.4771634118824,22327.186636816696,20094.467973135033,1200.0,1200.0,1.8189894035458565e-12,2.2737367544323206e-13,15,0
2025-09-15,37172.28977673262,0.0,385.3689909071149,192.68449545355745,-192.68449545355745,10484.585012057469,47464.190293336535,57881.57902001089,56901.829220099964,0.0,979.7497999109233,2547.1039559820506,2265.616021902242,21162.86520846446,19046.578687618014,1200.0,1200.0,1.8189894035458565e-12,1.1368683772161603e-13,15,0
2025-09-16,40096.64102748845,55.853905139220615,757.3691117400573,378.68455587002865,-322.83065073080803,10492.729873969158,50266.54025072679,62798.16972280081,61796.46742194078,76.79096052687237,1078.493261386904,2721.921726713468,2926.042427896631,21005.767374242892,18905.190636818603,1200.0,1200.0,1.8189894035458565e-12,1.5184468793449923e-08,15,0
2025-09-17,40144.86395015991,0.0,628.2571227972949,314.12856139864743,-314.12856139864743,7715.141889171444,47545.877277932705,62515.724408490045,61678.35540802242,0.0,837.3690004676275,2105.4869558417186,1712.4422835980347,21112.816802661007,19001.53512239491,1200.0,1200.0,1.8189894035458565e-12,1.1368683772161603e-13,15,0
2025-09-18,38622.272861296005,1790.9581151731206,83.8561345854748,41.9280672927374,1749.0300478803833,5574.138333980987,45945.44124315737,60648.78578415503,63260.630089069266,2697.3539852664335,85.50968035219796,1217.0912649947286,3398.3067535581454,21233.63483839177,19110.27135455259,1200.0,1200.0,1.8189894035458565e-12,2.2737367544323206e-13,15,0
2025-09-19,14194.478326738408,0.0,5.676507887974033,2.8382539439870165,-2.8382539439870165,2261.243234024274,16452.883306818698,32016.82641361006,32008.813274298973,0.0,8.013139311087002,830.8519408183045,15204.790864126657,15335.220343239504,13801.698308915551,1200.0,1200.0,1.8189894035458565e-12,1.5184468793449923e-08,15,0
2025-09-20,14203.034395052986,0.0,125.33532533699497,62.667662668497485,-62.667662668497485,2617.387154841845,16757.753887226336,32682.81748026551,32502.989250102917,0.0,179.82823016258942,709.3623856284704,16075.913990885017,14910.0391151304,13419.035203617359,1200.0,1200.0,1.8189894035458565e-12,1.1368683772161603e-13,15,0
2025-09-21,43039.797526280076,177.9885097083399,1170.3837236356148,585.1918618178074,-407.2033521094676,2858.8341992996575,45491.42837347027,66489.35400050385,64837.21728281877,241.60141352187952,1893.7381312069613,747.9219325876484,5218.624021052006,20790.2771102108,18711.249399189724,1200.0,1200.0,1.8189894035458565e-12,1.1368683772161603e-13,15,0
2025-09-22,41388.47997747605,0.0,1507.1034835713706,753.5517417856853,-753.5517417856853,11434.05097181677,52068.97920750714,63961.523387005065,61400.60064912757,0.0,2560.922737877493,3057.5257436539505,1737.57808763653,21065.28421811656,18958.755796304908,1200.0,1200.0,1.8189894035458565e-12,1.1368683772161603e-13,15,0
2025-09-23,41653.73353753748,117.38183865317106,466.0204319413731,233.01021597068655,-115.6283773175155,9495.750175051553,51033.855335271524,64973.51878270359,64152.53139744669,101.7667395011797,922.7541247580812,2097.8386378801633,2003.59807685739,21301.563751361362,19171.40737622523,1200.0,1200.0,1.8189894035458565e-12,2.2737367544323206e-13,15,0
2025-09-24,40301.419951972144,337.30427775397965,0.0,0.0,337.30427775397965,6819.655441105768,47458.3796708319,62445.758582542345,62922.0195368817,476.26095433936206,0.0,1993.9020532089296,1663.014147557441,21896.823425331953,19707.14108279876,1200.0,1200.0,1.8189894035458565e-12,1.1368683772161603e-13,15,0
2025-09-25,42092.836875949775,515.2087868955467,22.49924249207925,11.249621246039625,503.9591656495071,5445.223609960118,48042.0196515594,65622.27614042826,66117.28128581359,543.5953621893914,48.590216804064596,1456.9819730976694,5037.830563515195,22009.837953960705,19808.854158564638,1200.0,1200.0,1.8189894035458565e-12,2.2737367544323206e-13,15,0
2025-09-26,14370.434136461376,0.0,188.7104702609468,94.3552351304734,-94.3552351304734,1005.7731151423156,15281.852016473216,32922.962436437665,32637.389492020207,0.0,285.57294441746194,335.5373726854754,13747.533196765828,15311.501679398543,13780.351511458688,1200.0,1200.0,1.8189894035458565e-12,1.1368683772161603e-13,15,0
2025-09-27,14959.015270691383,133.24411541997506,0.0,0.0,133.24411541997506,2454.944038017674,17547.203424129035,33265.65278726075,33404.2541605859,138.60137332515558,0.0,755.7103764856772,14829.875194487742,15287.870925838417,13759.083833254577,1200.0,1200.0,9.094947017729282e-13,1.1368683772161603e-13,15,0
2025-09-28,43967.9323417992,1194.7623361415299,105.34538894760038,52.67269447380019,1142.0896416677297,2953.1390822678663,48063.16106573479,67673.85473484825,69040.69725389764,1484.3361462700427,117.49362722064996,760.4306621418692,4092.9213048922666,22205.774444805837,19985.19700032525,1200.0,1200.0,1.8189894035458565e-12,1.1368683772161603e-13,15,0
2025-09-29,42538.67317312838,0.0,1941.8909673145895,970.9454836572947,-970.9454836572947,13014.040181381868,54581.76787085295,66416.20987007474,63226.12184370559,0.0,3190.0880263691492,3101.007797872869,1392.3459726568826,21748.920689215793,19574.02862029422,1200.0,1200.0,1.8189894035458565e-12,2.2737367544323206e-13,15,0
2025-09-30,43026.85218419983,573.2706624259152,20.480873122583983,10.240436561291991,563.0302258646233,8549.635086651995,52139.51749671645,66795.90129378368,67327.79029785229,576.5433276318397,44.65432356323254,2044.7816533946714,1666.232198716466,22841.649858638284,20557.484872774454,1200.0,1200.0,1.8189894035458565e-12,1.1368683772161603e-13,15,0
2025-10-01,40872.6001376175,0.0,2082.259541911908,1041.129770955954,-1041.129770955954,385.11830936002144,40216.588676021565,66684.45875508117,61987.79144251518,0.0,4696.667312565978,181.623669062555,10380.593871303912,21272.997069404955,19145.69736246446,1200.0,1200.0,9.094947017729282e-13,1.1368683772161603e-13,15,0
2025-10-02,41640.16947127059,0.0,3470.5106490981498,1735.2553245490749,-1735.2553245490749,1090.0589701682745,40994.97311688979,67920.90000181452,61958.2811853437,0.0,5962.61881647081,350.9443490650682,8413.748756043287,21646.936616988085,19482.242955289275,1200.0,1200.0,1.8189894035458565e-12,1.1368683772161603e-13,15,0
2025-10-03,12693.62133372888,0.0,66.68521367558756,33.34260683779378,-33.34260683779378,199.73126015490755,12860.009987045994,31317.955494630052,31207.967249759393,0.0,109.98824487065895,104.01728659886965,21894.241968178452,16005.888681798078,14405.299813618265,1200.0,1200.0,1.8189894035458565e-12,1.1368683772161603e-13,15,0
2025-10-04,13322.03477995798,0.0,82.90094050648023,41.45047025324011,-41.45047025324011,376.2781791391266,13656.862488843866,31923.826971204282,31806.26475006418,0.0,117.5622211400997,131.3857964155402,17234.653196865554,16070.149162808311,14463.134246527483,1200.0,1200.0,1.8189894035458565e-12,1.1368683772161603e-13,15,0
2025-10-05,39996.590342822594,0.0,2296.9629213432986,1148.4814606716493,-1148.4814606716493,1701.1610908128473,40549.26997296379,65618.5241979283,61162.00852452179,0.0,4456.515673406509,550.2063923134951,4848.0471395511695,21282.06710617455,19153.86039555709,1200.0,1200.0,1.8189894035458565e-12,1.1368683772161603e-13,15,0
2025-10-06,38038.45555968507,553.1204214070552,281.2087361881544,140.6043680940772,412.516053312978,3982.7348481247295,42433.70646112278,60491.43741680856,60897.06677018413,790.0508876199872,384.4215342444217,1160.1984094283166,2158.285381916645,21658.70547695802,19492.834929262222,1200.0,1200.0,1.8189894035458565e-12,1.1368683772161603e-13,15,0
2025-10-07,38660.441101138116,478.3283237267987,0.0,0.0,478.3283237267987,1983.4715225130774,41122.24094737799,62454.92302527005,62996.37503334666,541.4520080766011,0.0,494.59893531926576,3539.901294546815,21795.096741191097,19615.58706707199,1200.0,1200.0,1.8189894035458565e-12,1.1368683772161603e-13,15,0
2025-10-08,37082.10750575876,0.0,318.98929055082453,159.49464527541227,-159.49464527541227,5263.703444777283,42186.31630526063,60458.551447550315,59983.43625467095,0.0,475.1151928793656,1120.4657005467561,2488.930253691444,21364.76034859596,19228.284313736363,1200.0,1200.0,1.8189894035458565e-12,1.1368683772161603e-13,15,0
2025-10-09,39200.555338792896,0.0,2221.238473527072,1110.619236763536,-1110.619236763536,4696.189401138509,42786.12550316787,63685.27854484223,59357.78502902846,0.0,4327.493515813769,1010.7597374520625,2389.1444685171327,22194.186146300657,19974.767531670594,1200.0,1200.0,1.8189894035458565e-12,1.1368683772161603e-13,15,0
2025-10-10,12146.370073094036,0.0,9.899751333812713,4.949875666906356,-4.949875666906356,2172.4258584487025,14313.846055875834,30393.69061829587,30376.38219161577,0.0,17.30842668010021,755.201180628005,20031.1356344147,17568.36821162404,15811.531390461638,1200.0,1200.0,1.8189894035458565e-12,1.1368683772161603e-13,15,0
2025-10-11,12586.791661506888,0.0,2.9823449876340375,1.4911724938170188,-1.4911724938170188,1307.043090365525,13892.343579378596,31249.023010228993,31243.83722516964,0.0,5.185785059353222,381.11087999617746,15833.956897552882,16846.776242795997,15162.098618516398,1200.0,1200.0,1.8189894035458565e-12,1.1368683772161603e-13,15,0
2025-10-12,38435.490472244855,430.77246395292747,850.1425050905549,425.07125254527745,5.701211407649936,4796.255872539259,43237.447556191764,63014.01981749436,62580.48843230029,618.4874040543623,1052.0187892484357,1150.3221090978523,2944.309142794731,22715.45415270079,20443.908737430713,1200.0,1200.0,1.8189894035458565e-12,1.1368683772161603e-13,15,0
2025-10-13,39900.31974243869,0.0,1210.6054259470573,605.3027129735286,-605.3027129735286,3680.7209432977147,42975.73797276288,64171.22732065408,61867.11360664874,0.0,2304.1137140053497,1034.300645189589,3588.5489040843754,22854.7004775394,20569.230429785457,1200.0,1200.0,1.8189894035458565e-12,2.2737367544323206e-13,15,0
2025-10-14,40593.315705391375,582.0532948517399,905.5809393740669,452.79046968703346,129.26282516470633,5071.277552937196,45793.85608349328,65046.43016109871,63856.8620333062,643.352547927459,1832.9206757199722,1424.9746328113793,2248.943217105867,22590.641656783744,20331.577491105367,1200.0,1200.0,1.8189894035458565e-12,2.2737367544323206e-13,15,0
2025-10-15,40137.20051916762,242.56794084769786,175.73243581103208,87.86621790551604,154.70172294218185,5155.559160600168,45447.461402709974,64845.28199276887,64890.98316477357,330.8343364503773,285.13316444567664,1420.293347554594,2085.650691178291,23056.021711498714,20750.41954034885,1200.0,1200.0,1.8189894035458565e-12,1.1368683772161603e-13,15,0
2025-10-16,40200.48416826,1844.7327574212436,0.0,0.0,1844.7327574212436,6217.142954376948,48262.3598800582,64129.10370504494,65842.68327038837,1713.579565343438,0.0,1467.810670555549,2068.797206832714,22752.237841112074,20477.014057000866,1200.0,1200.0,1.8189894035458565e-12,1.1368683772161603e-13,15,0
2025-10-17,12440.646906487735,69.3876629263469,0.0,0.0,69.3876629263469,2020.597508502538,14530.63207791662,30868.169321666865,30940.663516340912,72.49419467405036,0.0,620.3205485219296,13851.31798635628,17054.667618398904,15349.200856559008,1200.0,1200.0,1.8189894035458565e-12,1.1368683772161603e-13,15,0
2025-10-18,13165.332961671553,0.0,12.838071308467814,6.419035654233907,-6.419035654233907,874.3930050013469,14033.306931018667,32036.374940306327,32015.957794884795,0.0,20.417145421529128,372.7707660454213,14543.89655628046,17682.387379830874,15914.148641847782,1200.0,1200.0,1.8189894035458565e-12,1.1368683772161603e-13,15,0
2025-10-19,42561.08950952851,556.0433560313609,438.24522007349645,219.12261003674823,336.9207459946125,5111.783804400883,48009.79405992401,67440.25983767377,67044.22458705882,433.97513693152223,830.0103875464652,1121.2914292959972,2009.0575585750685,22707.359244464256,20436.623320017825,1200.0,1200.0,9.094947017729282e-13,1.1368683772161603e-13,15,0
2025-10-20,44478.21966586566,19.54445299216035,413.1519793316063,206.57598966580315,-187.03153667364282,2767.1842986829665,47058.37242787499,70041.75040486203,69556.09775483226,31.015556601063793,516.6682066308344,599.31003342013,3368.1987296676566,23464.266919180664,21117.840227262597,1200.0,1200.0,1.8189894035458565e-12,1.1368683772161603e-13,15,0
2025-10-21,44555.56259840666,756.3831407817805,64.07927304378822,32.03963652189411,724.3435042598865,3960.0645606881317,49239.97066335468,69681.3262810451,70451.36067229482,840.7499481970028,70.71555694728431,982.5684618401049,2629.9770117090657,23413.70772425847,21072.33695183262,1200.0,1200.0,1.8189894035458565e-12,1.1368683772161603e-13,15,0
2025-10-22,43739.666031849825,130.85714811569326,444.4677245711776,222.2338622855888,-91.37671416989555,7080.740048846603,50729.029366526534,69309.22788252933,68739.76080419742,90.06586001611468,659.5329383480265,1361.487745163974,2312.1342988264523,22342.175505349434,20107.95795481449,1200.0,1200.0,9.094947017729282e-13,1.1368683772161603e-13,15,0
2025-10-23,45706.35333076904,0.0,3452.7148506010867,1726.3574253005434,-1726.3574253005434,4329.255731183173,48309.25163665167,73029.45921509503,67501.9950638867,0.0,5527.464151208322,1014.3147760295885,2872.2059103260567,22646.068962569087,20381.462066312175,1200.0,1200.0,9.094947017729282e-13,1.1368683772161603e-13,15,0
2025-10-24,12938.011133299253,83.62272477516463,0.0,0.0,83.62272477516463,2964.1409759472335,15985.77483402165,31844.82707897407,31932.826947508314,87.99986853424724,0.0,790.532598024516,12635.192166726132,16681.16662140033,15013.049959260297,1200.0,1200.0,1.8189894035458565e-12,1.1368683772161603e-13,15,0
2025-10-25,13638.281383106954,0.0,0.0,0.0,0.0,1383.6292977888706,15021.910680895824,32810.69960032137,32810.69960032137,0.0,0.0,415.9231786402868,12062.889685458802,17653.003601695214,15887.70324152569,1200.0,1200.0,1.8189894035458565e-12,1.1368683772161603e-13,15,0
2025-10-26,45958.31282636355,19.06091112634232,2212.5177202999357,1106.2588601499679,-1087.1979490236256,2575.4631838946316,47446.57806123457,72036.92445813701,68918.5679931333,13.259175872056971,3131.615640875781,786.4096089562458,2879.996860952251,22806.687244706285,20526.01852023566,1200.0,1200.0,1.8189894035458565e-12,1.1368683772161603e-13,15,0
2025-10-27,44987.927674715436,1329.6744765637027,531.5955772860758,265.7977886430379,1063.8766879206646,1002.8693580392818,47054.67372067538,70669.84288798823,70834.51886632509,1021.8531408583815,857.177162521529,258.0755574470942,5255.543962825335,22844.687942801786,20560.21914852161,1200.0,1200.0,1.8189894035458565e-12,2.2737367544323206e-13,15,0
2025-10-28,45260.917006364056,476.81133121872807,279.2284204341938,139.6142102170969,337.19712100163116,1920.7216817169653,47518.835809082644,70643.58478899597,70805.39988297668,472.29783857191927,310.4827445912115,486.5409006122827,3057.2525322256615,22622.665513633077,20360.398962269774,1200.0,1200.0,9.094947017729282e-13,1.1368683772161603e-13,15,0
2025-10-29,45836.83141905266,1366.4647582047967,0.0,0.0,1366.4647582047967,4217.282718538585,51420.57889579605,71190.14090064133,72459.00657932379,1268.8656786824563,0.0,977.4210117429141,1821.8012979436035,23023.694931231017,20721.325438107917,1200.0,1200.0,1.8189894035458565e-12,1.1368683772161603e-13,15,0
2025-10-30,45775.041825723616,271.1844238485528,920.0334393936128,460.0167196968064,-188.83229584825358,3377.166618660636,48963.376148535994,70386.31811384833,69144.68605411194,197.76848997304762,1439.400549709439,838.9586610930928,2899.624704132849,22962.023610721903,20665.821249649714,1200.0,1200.0,9.094947017729282e-13,2.2737367544323206e-13,15,0
2025-10-31,13785.743161585573,13.39070497796099,0.19322154959683277,0.09661077479841639,13.294094203162572,1485.264187253035,15284.301443041772,33222.34893428665,33236.0859012289,14.064183791698937,0.32721684944425533,405.82440797996776,8017.285835669003,17203.32406873197,15482.991661858767,1200.0,1200.0,1.8189894035458565e-12,1.1368683772161603e-13,15,0
2025-11-01,13761.909873841916,0.0,13.245817080435472,6.622908540217736,-6.622908540217736,1046.357219753425,14801.644185055124,33675.39358855887,33650.8501091559,0.0,24.54347940296835,447.49779027381226,9800.456940674243,17538.52525422134,15784.672728799202,1200.0,1200.0,1.8189894035458565e-12,2.2737367544323206e-13,15,0
2025-11-02,48104.206052175556,186.53035345555736,216.26242045043927,108.13121022521963,78.39914323033773,2930.8156645458566,51113.420859951744,73856.47233671174,73838.41266855216,247.39729767419334,265.45696583377764,683.5961339509803,3362.042752985617,23635.82116184197,21272.239045657778,1200.0,1200.0,1.8189894035458565e-12,1.1368683772161603e-13,15,0
2025-11-03,50145.49186026209,6.189198019194122,1139.3692497889774,569.6846248944887,-563.4954268752945,1991.820880552141,51573.81731393893,76056.4104371746,74654.47639194141,3.6725696598095965,1405.60661489301,577.6024631848009,3414.9953204607114,23121.532513321625,20809.379261989456,1200.0,1200.0,9.094947017729282e-13,1.1368683772161603e-13,15,0
2025-11-04,48848.8741449416,30.33431198670684,925.462117045471,462.7310585227355,-432.3967465360287,2279.23085140278,50695.70824980835,75248.58740741911,73754.87417439972,34.61889019266425,1528.3321232120618,508.24298635376584,4337.350990179037,23456.94137241115,21111.247235170034,1200.0,1200.0,9.094947017729282e-13,1.1368683772161603e-13,15,0
2025-11-05,50686.23866013225,0.0,1409.107208421899,704.5536042109495,-704.5536042109495,2162.318034461433,52144.00309038273,76685.52639070406,74666.70399531245,0.0,2018.8223953916079,598.8419161026163,3232.78363365209,23547.42211096314,21192.679899866824,1200.0,1200.0,1.8189894035458565e-12,1.1368683772161603e-13,15,0
2025-11-06,50253.02417459735,393.2966562118144,118.0879075950958,59.0439537975479,334.25270241426654,4866.73027255691,55454.007149568526,75534.42205302208,75653.92818471167,280.6050773842867,161.09894569469492,1068.4590723753859,2981.98336871622,23708.19338370838,21337.374045337547,1200.0,1200.0,9.094947017729282e-13,1.1368683772161603e-13,15,0
2025-11-07,14404.771435202509,0.0,90.05405884303026,45.02702942151513,-45.02702942151513,860.80754891701,15220.551954698003,34606.10974731382,34465.234110427424,0.0,140.87563688639827,282.74301238353945,9583.968224504957,18455.471149726734,16609.92403475406,1200.0,1200.0,1.8189894035458565e-12,1.1368683772161603e-13,15,0
2025-11-08,14489.329515825948,0.0,0.0,0.0,0.0,784.4713349866358,15273.800850812586,34574.611276408395,34574.611276408395,0.0,0.0,282.0534160073506,9322.91077510439,17425.468173113608,15682.921355802246,1200.0,1200.0,1.8189894035458565e-12,1.1368683772161603e-13,14,0
2025-11-09,51036.62636520025,429.700734553286,478.80630106458136,239.40315053229068,190.29758402099523,1788.974849383915,53015.898798605165,77083.91235646965,76752.87490013061,334.48923130184335,665.5266876408679,521.2256747032377,3498.970543400615,24283.12848099916,21854.81563289925,1200.0,1200.0,1.8189894035458565e-12,2.2737367544323206e-13,14,0
2025-11-10,52326.2094289502,1230.9969775779305,0.0,0.0,1230.9969775779305,3066.122715815801,56623.32912234394,77519.2373019037,78618.9136171997,1099.6763152959888,0.0,750.8335059697501,3084.7155803630662,24265.88442806385,21839.295985257475,1200.0,1200.0,1.8189894035458565e-12,1.1368683772161603e-13,14,0
2025-11-11,52615.15148624129,21.27993839694051,1180.6645804484908,590.3322902242454,-569.052351827305,1293.8781047351629,53339.97723914914,78816.82457611238,77343.10765542786,14.8784851772553,1488.595405861778,327.3142235643699,3628.8894697815595,24825.127425440118,22342.614682896106,1200.0,1200.0,1.8189894035458565e-12,2.2737367544323206e-13,14,0
2025-11-12,52180.61632388791,10.690938269689543,431.7746147895814,215.8873073947907,-205.19636912510114,1616.383905028209,53591.80385979101,78095.32477542153,77436.4184141224,12.873486607683958,671.7798479068015,358.8469008785114,4412.0017159587,24272.75849042223,21845.482641380015,1200.0,1200.0,1.8189894035458565e-12,1.1368683772161603e-13,14,0
2025-11-13,52561.19927573207,310.3835532998753,809.5074045522875,404.75370227614377,-94.37014897626847,3993.9288660008456,56460.75799275665,77489.93400379234,76806.8710088685,254.39013466629228,937.4531295901373,1043.7184210543196,3007.266604290324,24474.51508965825,22027.063580692426,1200.0,1200.0,1.8189894035458565e-12,2.2737367544323206e-13,14,0
2025-11-14,14826.555934383363,14.04667742519728,0.0,0.0,14.04667742519728,759.4172119779705,15600.01982378653,35078.73014929096,35094.730885532204,16.000736241241604,0.0,295.3926209422158,5927.932030289349,18637.36176185071,16773.625585665635,1200.0,1200.0,1.8189894035458565e-12,1.1368683772161603e-13,14,0
2025-11-15,15156.772587405892,0.0,53.91701013092537,26.958505065462685,-26.958505065462685,1145.154212628592,16274.968294969021,35334.229645461644,35251.62239099145,0.0,82.60725447019419,395.8105597906449,5546.412626355905,18891.33407759519,17002.20066983567,1200.0,1200.0,1.8189894035458565e-12,1.1368683772161603e-13,14,0
2025-11-16,53389.313992072224,352.7552257870594,234.23939453573195,117.11969726786597,235.6355285191934,4366.6724716817325,57991.621992273154,78902.57005568742,78716.40744934129,245.0460846712342,431.2086910173581,1002.1641122730634,2825.2059059668977,24588.2127231412,22129.39145082708,1200.0,1200.0,9.094947017729282e-13,1.1368683772161603e-13,14,0
2025-11-17,53078.05986050605,580.2233291794332,43.51196637077809,21.755983185389045,558.4673459940442,1501.3498271553008,55137.8770336554,78496.07895954861,78940.95627074255,536.2856150205763,91.40830382663353,405.830449179419,4285.289539076106,23657.42847512535,21291.685627612816,1200.0,1200.0,9.094947017729282e-13,2.2737367544323206e-13,14,0
2025-11-18,53393.35526038437,320.2355998172995,136.39239065730146,68.19619532865073,252.03940448864876,3941.5339607890587,57586.928625662076,78651.16067340148,78838.4380335028,338.2745157507785,150.99715564946118,1035.066117163477,2580.9587742172694,24019.935431156686,21617.941888041023,1200.0,1200.0,1.8189894035458565e-12,2.2737367544323206e-13,14,0
2025-11-19,54256.53295140199,1728.0465059827807,91.87703542241397,45.938517711206984,1682.1079882715737,2493.7594074147128,58432.400347088274,78835.470689004,80045.2101281953,1333.2887426358513,123.54930344454885,687.4666618481956,2979.839409343136,23845.257807003683,21460.732026303318,1200.0,1200.0,1.8189894035458565e-12,1.1368683772161603e-13,14,0
2025-11-20,53457.73676506845,472.72222209404697,99.27312215855733,49.636561079278664,423.08566101476833,3418.602887362471,57299.42531344568,78962.6053730112,79208.03628871744,378.3058149945508,132.8748992883202,802.0959382789013,2774.498190739047,24425.58002923969,21983.022026315717,1200.0,1200.0,1.8189894035458565e-12,2.2737367544323206e-13,14,0
2025-11-21,15327.552091805064,1.736925221250143,0.0,0.0,1.736925221250143,1188.339458721659,16517.628475747973,35574.794810831794,35576.58315082794,1.7883399961391433,0.0,506.0664601759015,5384.534496409688,18337.310479274824,16503.579431347345,1200.0,1200.0,1.8189894035458565e-12,1.1368683772161603e-13,14,0
2025-11-22,15390.882142129647,0.0,65.16195919580898,32.58097959790449,-32.58097959790449,1938.2268727448181,17296.528035276562,36154.66238751835,36053.570053489646,0.0,101.09233402870623,628.8291431268941,4617.953643110189,18446.16070173018,16601.54463155716,1200.0,1200.0,1.8189894035458565e-12,2.2737367544323206e-13,14,0
2025-11-23,54720.2919849065,915.9027365629123,835.9903223132135,417.99516115660674,497.90757540630557,3279.2728102525657,58497.472370565374,80155.71150372224,79663.39974463038,603.5668047811291,1095.8785638729864,773.8168626559232,2861.8405989911957,23432.797249617764,21089.517524655985,1200.0,1200.0,1.8189894035458565e-12,1.1368683772161603e-13,14,0
2025-11-24,54148.24561012556,18.957024159268123,561.6648701140273,280.83243505701364,-261.87541089774555,3230.152259498423,57116.522458726235,79766.1809989803,78992.39172866313,13.643985464253205,787.4332557814116,758.7921399679204,3237.1215202516287,23521.186483794256,21169.067835414837,1200.0,1200.0,9.094947017729282e-13,2.2737367544323206e-13,14,0
2025-11-25,55726.21972299054,0.0,699.4076449511873,349.70382247559365,-349.70382247559365,2381.421218701148,57757.937119216105,81870.93369627435,80973.68381211701,0.0,897.249884157336,592.1613475974331,3075.5878421770103,23215.96850870773,20894.371657836964,1200.0,1200.0,9.094947017729282e-13,2.2737367544323206e-13,15,0
2025-11-26,55367.65798500038,827.1745848230082,0.0,0.0,827.1745848230082,3271.1102947650247,59465.94286458842,80805.33013183474,81440.57920781517,635.2490759804468,0.0,714.4631394794228,2974.490451828992,24228.85012132275,21805.965109190474,1200.0,1200.0,1.8189894035458565e-12,2.2737367544323206e-13,15,0
2025-11-27,55483.86471833601,457.3329186038326,6.142919208341984,3.071459604170992,454.26145899966156,2972.035671722905,58910.161849058575,80488.34827812127,80802.4594081002,324.2212279152961,10.110097936358102,653.5713380441991,3253.064769594665,24220.732432163986,21798.65918894759,1200.0,1200.0,1.8189894035458565e-12,1.1368683772161603e-13,14,0
2025-11-28,14936.238834654183,0.0,41.70010614575993,20.850053072879966,-20.850053072879966,1575.442800824443,16490.831582405746,36037.396540496266,35978.6631894094,0.0,58.73335108686999,491.1675243327005,3675.1773480879438,18734.14815654156,16860.733340887404,1200.0,1200.0,1.8189894035458565e-12,1.1368683772161603e-13,14,0
2025-11-29,16091.937423440086,529.7137544443572,0.0,0.0,529.7137544443572,1357.537951622129,17979.189129506572,38669.466243103714,39464.765206895,795.2989637912817,0.0,581.5109268908138,3207.796200401861,19090.298333839513,17181.268500455564,1200.0,1200.0,1.8189894035458565e-12,2.2737367544323206e-13,14,0
2025-11-30,57142.32926325622,1485.5751408930282,3.691623960388411,1.8458119801942054,1483.729328912834,4183.048696349803,62809.107288518855,82538.87628942175,83692.02222851559,1158.821867692224,5.675928598383166,972.3454180594536,1867.2470649122452,25522.924649961373,22970.632184965238,1200.0,1200.0,1.8189894035458565e-12,1.1368683772161603e-13,14,0
2025-12-01,61718.714187139856,0.0,635.0126214791546,317.5063107395773,-317.5063107395773,27377.73914595175,88778.94702235202,84197.56095699295,83371.2259402891,0.0,826.3350167038511,6089.873763968297,575.6174796536887,25865.544912703725,23278.99042143335,1200.0,1200.0,1.8189894035458565e-12,2.2737367544323206e-13,15,0
2025-12-02,64059.68557395801,16.560040448039064,103.03243830145797,51.516219150728986,-34.956178702689925,24692.742935337996,88717.47233059331,86806.88191275398,86662.75900734743,7.738698279377104,151.86160368590242,5235.908078235337,603.4277811917997,26574.293543909822,23916.864189518845,1200.0,1200.0,1.8189894035458565e-12,1.1368683772161603e-13,14,0
2025-12-03,63912.206316575044,1984.3235624419146,0.0,0.0,1984.3235624419146,11806.617286519915,77703.14716553688,86683.75864276702,88210.98313795938,1527.2244951923542,0.0,2864.470610762447,1305.340635163806,26073.645468913495,23466.280922022153,1200.0,1200.0,1.8189894035458565e-12,2.2737367544323206e-13,14,0
2025-12-04,66368.72335676852,0.0,1342.6654949114513,671.3327474557257,-671.3327474557257,11536.56649847938,77233.95710779217,90058.26729130716,88575.71927018225,0.0,1482.5480211249028,2466.6863780646536,1702.574065600932,25686.228326459684,23117.60549381371,1200.0,1200.0,1.8189894035458565e-12,1.1368683772161603e-13,14,0
2025-12-05,20363.77924192758,0.0,132.35457994997293,66.17728997498646,-66.17728997498646,2682.056497221276,22979.65844917387,46489.508560563976,46168.34812862768,0.0,321.16043193629963,804.4329195386294,3492.8409148027804,21683.124500301965,19514.812050271772,1200.0,1200.0,1.8189894035458565e-12,1.1368683772161603e-13,15,0
2025-12-06,22294.774790054835,0.0,147.0682296799278,73.5341148399639,-73.5341148399639,2450.4889967879544,24671.729672002824,49007.75532284485,48761.51672084068,0.0,246.2386020041719,720.8147901531152,3610.513106020273,22071.875883068613,19864.688294761756,1200.0,1200.0,1.8189894035458565e-12,2.2737367544323206e-13,14,0
2025-12-07,70789.08766716367,0.0,1572.3647084290228,786.1823542145114,-786.1823542145114,3452.88179988699,73455.78711283614,94889.30047869463,93155.0861412278,0.0,1734.2143374668158,755.1641736775488,3565.3060686986164,26922.62996206743,24230.36696586068,1200.0,1200.0,1.8189894035458565e-12,1.1368683772161603e-13,14,0
2025-12-08,72132.70479292402,146.8936357337953,151.9312032640949,75.96560163204745,70.92803410174784,1366.3761041768876,73570.00893120265,96385.8804488056,96397.63106807607,140.3615180057243,128.6108987352518,249.72835045883505,6088.544837612622,27116.03464255613,24404.43117830052,1200.0,1200.0,9.094947017729282e-13,2.2737367544323206e-13,14,0
2025-12-09,70897.37280278234,0.0,1010.9135157509202,505.4567578754601,-505.4567578754601,2705.688915965593,73097.60496087247,95812.00312676256,94621.7130909815,0.0,1190.290035781041,528.115480419845,5017.1912128441245,27441.830918905638,24697.647827015076,1200.0,1200.0,1.8189894035458565e-12,2.2737367544323206e-13,14,0
2025-12-10,70329.63922136117,160.10563464100377,14.082971771822029,7.0414858859110145,153.06414875509276,2151.3936388736506,72634.09700898992,94069.47717900996,94210.06147549175,156.97850074727523,16.394204265502367,495.412517191199,3537.2979381914606,27805.575878248208,25025.018290423395,1200.0,1200.0,9.094947017729282e-13,1.1368683772161603e-13,15,0
2025-12-11,69261.04204529106,0.0,1769.4435570836326,884.7217785418163,-884.7217785418163,2002.2413850337061,70378.56165178296,94529.98605914766,92651.33729958138,0.0,1878.6487595662818,500.52127622596686,4497.697810927273,26929.060648800703,24236.154583920637,1200.0,1200.0,1.8189894035458565e-12,2.2737367544323206e-13,14,0
2025-12-12,21664.02553045684,532.1860962146,0.0,0.0,532.1860962146,2217.5221448128464,24413.733771484283,48165.27364502038,48843.111087942234,677.8374429218455,0.0,687.3476188388727,3564.9516483473967,22510.935751003708,20259.84217590334,1200.0,1200.0,1.8189894035458565e-12,1.1368683772161603e-13,14,0
2025-12-13,22065.169958724473,32.83464042523028,79.52721545723053,39.76360772861526,-6.928967303384976,2407.64827958796,24465.889271009048,48410.81675400245,48280.43984225323,53.50711386821524,183.88402561743044,637.3036330361507,2894.379234806237,22248.30857149814,20023.477714348326,1200.0,1200.0,9.094947017729282e-13,2.2737367544323206e-13,14,0
2025-12-14,69319.71039174315,369.67118558133296,0.0,0.0,369.67118558133296,4338.929207845361,74028.31078516986,92652.04074732894,92972.18556001686,320.1448126879409,0.0,825.1028411350981,2495.531466646592,25230.35134505381,22707.31621054843,1200.0,1200.0,1.8189894035458565e-12,1.1368683772161603e-13,14,0
2025-12-15,70551.10887058845,883.5172956830321,4.2676615115493,2.13383075577465,881.3834649272575,2558.575898143944,73991.06823365964,94223.45624571422,94834.31525311523,614.8632961165156,4.004288715487462,555.5244829814699,3257.1425313034756,26631.392381265665,23968.253143139096,1200.0,1200.0,1.8189894035458565e-12,1.1368683772161603e-13,14,0
2025-12-16,71154.44186930053,0.0,814.6082861327424,407.3041430663712,-407.3041430663712,1912.2736749716328,72659.41140120578,95245.68503533101,94416.41703150509,0.0,829.2680038259418,457.1498491319845,2860.4084848869334,25950.67062416792,23355.603561751122,1200.0,1200.0,1.8189894035458565e-12,1.1368683772161603e-13,14,0
2025-12-17,71357.67704398069,0.0,1529.6639208351824,764.8319604175912,-764.8319604175912,3154.3825138189295,73747.22759738204,95242.4439580437,93658.37532732899,0.0,1584.0686307147316,719.1836747484149,3479.3592515686714,27063.526838420574,24357.17415457851,1200.0,1200.0,1.8189894035458565e-12,2.2737367544323206e-13,14,0
2025-12-18,69345.32078733579,0.0,689.0748766051504,344.5374383025752,-344.5374383025752,2201.1411178852654,71201.92446691848,93518.19589760923,92591.34390817866,0.0,926.8519894305739,596.5091213377966,3199.693761247411,26218.92301602367,23597.03071442129,1200.0,1200.0,9.094947017729282e-13,1.1368683772161603e-13,14,0
2025-12-19,21395.61259361511,0.0,82.31687974095489,41.158439870477444,-41.158439870477444,2898.089532010915,24252.543685755547,47874.37066733356,47750.29012906164,0.0,124.08053827191628,798.7770635167992,3459.804198327507,21808.71694250931,19627.845248258374,1200.0,1200.0,1.8189894035458565e-12,1.1368683772161603e-13,15,0
2025-12-20,21787.74290286595,0.0,487.0798124142981,243.53990620714904,-243.53990620714904,2003.0963745103058,23547.2993711691,48568.80584650776,47589.2598688032,0.0,979.5459777045661,564.6652242867165,2988.7070606506945,23088.65782439222,20779.792041953002,1200.0,1200.0,1.8189894035458565e-12,2.2737367544323206e-13,15,0
2025-12-21,69747.55988244434,148.41889796956724,738.8359071365869,369.41795356829346,-220.9990555987262,5816.69129025272,75343.25211709834,94082.72633401188,93398.970636706,114.01825383912467,797.7739511449979,1297.2173686403933,2815.238212381263,28431.679262984653,25588.511336686184,1200.0,1200.0,1.8189894035458565e-12,1.1368683772161603e-13,15,0
2025-12-22,71709.73137120722,9.883255872327348,217.8317634633049,108.91588173165245,-99.03262585932511,2621.447420495052,74232.14616584295,95165.9663320785,94919.03047016649,9.617336517615286,256.5531984296211,550.148445056318,3689.4323905975007,28423.194412919816,25580.87497162784,1200.0,1200.0,1.8189894035458565e-12,2.2737367544323206e-13,15,0
2025-12-23,71353.36926770052,0.0,1884.97487850821,942.487439254105,-942.487439254105,1288.0085675844666,71698.89039603087,95764.73309979489,93781.710030695,0.0,1983.0230690998878,297.65615169271854,4055.992627234965,27652.810218194274,24887.52919637485,1200.0,1200.0,1.8189894035458565e-12,2.2737367544323206e-13,15,0
2025-12-24,69789.06696720429,0.0,589.044955114397,294.5224775571985,-294.5224775571985,2511.332626239019,72005.8771158861,94327.14379696784,93603.2061722078,0.0,723.9376247600418,570.2986485809363,3480.8010762325944,28381.44427889483,25543.299851005344,1200.0,1200.0,1.8189894035458565e-12,2.2737367544323206e-13,15,0
2025-12-25,68849.68875014025,253.06487548207886,306.83462805757404,153.41731402878702,99.64756145329184,3371.567519226054,72320.90383081962,92612.1124249567,92524.26023583327,228.78070512000807,316.63289424343,858.8508501478908,2775.791592216601,27948.709604312182,25153.83864388096,1200.0,1200.0,1.8189894035458565e-12,2.2737367544323206e-13,15,0
2025-12-26,21356.87452735546,0.0,47.248709675997596,23.624354837998798,-23.624354837998798,2981.4182688124492,24314.668441329908,47190.25722623108,47072.1493734329,0.0,118.10785279818043,909.4946850602378,2732.3406914752068,22416.809336845985,20175.128403161383,1200.0,1200.0,1.8189894035458565e-12,1.1368683772161603e-13,15,0
2025-12-27,20867.416402575545,0.0,17.31750490487404,8.65875245243702,-8.65875245243702,2697.2096017307913,23555.9672518539,47280.86452585707,47240.99572201344,0.0,39.868803843631326,822.8929962735616,2604.395447154642,21206.84204465701,19086.157840191318,1200.0,1200.0,1.8189894035458565e-12,2.2737367544323206e-13,15,0
2025-12-28,68139.49895267493,0.0,1102.2630295142171,551.1315147571086,-551.1315147571086,4001.3354108597523,71589.70284877757,92451.76164124814,91315.39705486115,0.0,1136.3645863869847,950.4571706252887,2813.965319224835,26426.34156261621,23783.707406354588,1200.0,1200.0,9.094947017729282e-13,1.1368683772161603e-13,15,0
2025-12-29,68887.98802766422,922.9508413500955,0.0,0.0,922.9508413500955,2108.488767307043,71919.42763632136,93587.69064357928,94290.00662101133,702.3159774320516,0.0,463.28853221264575,4469.366504872325,27601.62381684981,24841.461435164827,1200.0,1200.0,1.8189894035458565e-12,2.2737367544323206e-13,15,0
2025-12-30,68325.12453374238,3.6972311646951597,1472.9799499415296,736.4899749707648,-732.7927438060697,3163.1232723284484,70755.45506226477,93412.47615788516,91698.88791926285,1.7524511557355709,1715.3406897780328,679.3926897586967,3432.571007476299,27213.070015452624,24491.763013907366,1200.0,1200.0,1.8189894035458565e-12,1.1368683772161603e-13,15,0
2025-12-31,70716.80568482887,85.77355206420252,79.41932308646435,39.70966154323217,46.06389052097035,5535.142040411849,76298.01161576169,98005.62344889311,97951.7566342366,56.881850916687625,110.74866557320274,1113.8876417228582,2599.7777277686023,32657.637842150558,24838.19422729304,1200.0,6000.0,9.094947017729282e-13,2.2737367544323206e-13,15,0
