date,planned_cost_yuan,increase_cost_yuan,cancellation_refund_yuan,breach_cost_yuan,adjustment_net_yuan,emergency_cost_yuan,total_cost_yuan,original_kwh,adjusted_kwh,increase_kwh,decrease_kwh,emergency_kwh,dump_kwh,charge_kwh,discharge_kwh,energy_start_kwh,energy_end_kwh,lp_eq_max,lp_ineq_max,max_tree_nodes,raw_simultaneous_slots
2025-02-01,17060.455994990552,0.0,433.5179790529189,216.75898952645946,-216.75898952645946,944.4942961799461,17788.191301644038,39006.86083278175,37951.20683367726,0.0,1055.6539991044922,279.3110916183681,5334.622246865574,14935.367079456402,16417.647334359684,6000.0,1200.0,9.094947017729282e-13,1.1368683772161603e-13,3,0
2025-02-02,61886.59390119794,12.086051844367438,388.2380822148647,194.11904110743234,-182.0329892630649,835.8052843451126,62540.36619627999,88822.81887762269,88310.80396973796,5.9803814267386315,517.9952893114653,178.62340167742573,5492.815907544575,24422.807967741108,19782.474453870294,1200.0,1200.0,9.094947017729282e-13,1.1368683772161603e-13,3,0
2025-02-03,61861.873340887396,0.0,438.8862281904668,219.4431140952334,-219.4431140952334,3189.2145788519306,64831.64480564409,87501.30638801065,86983.46736900108,0.0,517.8390190095656,750.4994993998594,2986.903456674111,23842.87848277278,19312.73157104595,1200.0,1200.0,9.094947017729282e-13,1.1368683772161603e-13,3,0
2025-02-04,61819.3418831801,323.80921562204014,98.45774184573739,49.228870922868694,274.5803446991714,4980.75532250994,67074.67755038923,87422.3613255053,87568.31895745726,259.2884530441073,113.33082109214877,1099.70369915193,2857.586464657694,24292.485483955268,19676.913242003764,1200.0,1200.0,9.094947017729282e-13,1.1368683772161603e-13,3,0
2025-02-05,59949.664171333374,1044.5093204934515,2.1220879806247184,1.0610439903123592,1043.448276503139,5682.649068088682,66675.7615159252,84879.53454479406,85783.80943674778,906.9344833569126,2.6595914032143355,1286.7400435989935,1832.9457564944987,23627.246002731215,19138.06926221228,1200.0,1200.0,9.094947017729282e-13,1.1368683772161603e-13,3,0
2025-02-06,61776.26732726008,0.0,674.392186087858,337.196093043929,-337.196093043929,4516.861587927355,65955.9328221435,87125.02627390494,86375.16555534698,0.0,749.8607185579598,961.1491529183794,2530.6429268489446,23866.392446051283,19331.777881301536,1200.0,1200.0,9.094947017729282e-13,1.1368683772161603e-13,3,0
2025-02-07,16915.458075943498,16.942749725225244,0.0,0.0,16.942749725225244,2164.5812427574656,19096.98206842619,40209.98627178499,40229.758488918786,19.772217133794904,0.0,631.5755222280378,5308.432966192824,19722.217780459636,15974.996402172306,1200.0,1200.0,9.094947017729282e-13,1.1368683772161603e-13,3,0
2025-02-08,15576.93787210494,123.66238811403895,0.0,0.0,123.66238811403895,2791.920233397046,18492.520493616023,37307.48125813213,37435.496985948754,128.01572781661903,0.0,817.0965936625882,3003.093589051021,19328.09091522978,15655.753641336121,1200.0,1200.0,9.094947017729282e-13,1.1368683772161603e-13,3,0
2025-02-09,58331.91649957116,939.9742023346566,0.0,0.0,939.9742023346566,6076.2468650244045,65348.13756693023,83367.51480398157,84176.17312469822,808.65832071664,0.0,1435.3642013697645,1649.8228211323599,23191.04493825765,18784.746399988693,1200.0,1200.0,1.8189894035458565e-12,1.1368683772161603e-13,3,0
2025-02-10,56472.28273126181,0.0,2440.576892987335,1220.2884464936676,-1220.2884464936676,4453.158055840933,59705.15234060908,83088.90519161455,79977.19627868455,0.0,3111.7089129300166,1089.8351542111768,2480.040737703792,22422.91111504531,18162.558003186707,1200.0,1200.0,9.094947017729282e-13,1.1368683772161603e-13,3,0
2025-02-11,56558.60375362674,0.0,974.9023322507261,487.45116612536305,-487.45116612536305,2820.1065086766553,58891.25909617804,82433.92762751415,81278.92340207877,0.0,1155.0042254353725,658.0544359163176,2460.898730773069,22397.273546782548,18141.79157289386,1200.0,1200.0,9.094947017729282e-13,1.1368683772161603e-13,3,0
2025-02-12,55898.73959745378,0.0,1319.1310341858818,659.5655170929409,-659.5655170929409,5109.101601225996,60348.27568158683,82025.67270153428,80412.01200464877,0.0,1613.660696885495,1095.8163849540092,1975.0964082869627,22452.60972622363,18186.613878241136,1200.0,1200.0,9.094947017729282e-13,1.1368683772161603e-13,3,0
2025-02-13,54026.44820234104,0.0,1584.997282747248,792.498641373624,-792.498641373624,2723.852724508185,55957.8022854756,80320.96615607454,78304.23514143558,0.0,2016.731014638955,783.136001809212,3439.693809886469,22727.359561535057,18409.16124484339,1200.0,1200.0,9.094947017729282e-13,1.1368683772161603e-13,3,0
2025-02-14,14951.517043171138,140.9047182964161,0.0,0.0,140.9047182964161,2752.970310671886,17845.39207213944,36035.241451552225,36176.90287158974,141.66142003751162,0.0,935.1284933560989,3701.6864693743987,18992.331994235657,15383.788915330884,1200.0,1200.0,1.8189894035458565e-12,1.1368683772161603e-13,3,0
2025-02-15,15182.652191335841,0.0,35.25303906357433,17.626519531787164,-17.626519531787164,3000.863715356605,18165.88938716066,35380.701030772194,35326.758501654935,0.0,53.94252911725783,943.0155920472558,3515.9192936510644,18282.966842374353,14809.203142323227,1200.0,1200.0,9.094947017729282e-13,1.1368683772161603e-13,3,0
2025-02-16,54278.72090574492,0.0,1113.833295028885,556.9166475144425,-556.9166475144425,10502.737436398917,64224.54169462939,79805.1889002427,78432.93056892321,0.0,1372.2583313194925,2451.720406395315,1236.93883638227,22475.437047032927,18205.10400809667,1200.0,1200.0,9.094947017729282e-13,1.1368683772161603e-13,3,0
2025-02-17,53676.66344391297,51.47421396286595,1455.4146010647291,727.7073005323646,-676.2330865694986,2204.899038058294,55205.329395401764,79734.09476062139,77850.72312381788,38.87160686426023,1922.2432436677784,614.3042522781313,3004.6069236787334,22508.19624079266,18231.638955042057,1200.0,1200.0,9.094947017729282e-13,1.1368683772161603e-13,3,0
2025-02-18,50730.80963958707,122.11618411788092,25.109105360965906,12.554552680482953,109.56163143739796,7351.215832768467,58191.58710379293,76799.27799233237,76858.43473059134,84.73213042825616,25.575392169268525,1643.0954203110282,2194.4102627167467,22188.063709748953,17972.331604896655,1200.0,1200.0,9.094947017729282e-13,1.1368683772161603e-13,3,0
2025-02-19,50956.052445926645,0.0,245.71790193047792,122.85895096523896,-122.85895096523896,8951.901915167451,59785.095410128866,76947.51564572411,76490.05450615785,0.0,457.4611395662496,2064.3436715509933,1380.9019244621852,22600.88878901753,18306.719919104195,1200.0,1200.0,9.094947017729282e-13,2.2737367544323206e-13,3,0
2025-02-20,52192.477300717175,327.69095398400674,260.0100225442361,130.00501127211805,197.68594271188869,4469.77545423846,56859.938697667516,78029.36884359636,77871.2777929313,244.0106873106173,402.10173797566995,997.9435723545711,3490.760690114303,23080.668114938086,18695.341173099845,1200.0,1200.0,9.094947017729282e-13,1.1368683772161603e-13,3,0
2025-02-21,14840.808800780655,0.0,9.912981257131145,4.9564906285655725,-4.9564906285655725,2468.870059385482,17304.722369537572,35057.897496623875,35043.37387280001,0.0,14.5236238238598,792.9120593890727,6738.13341790606,18620.476215524664,15082.585734574977,1200.0,1200.0,1.8189894035458565e-12,1.1368683772161603e-13,3,0
2025-02-22,14580.058101477996,140.6896421146625,0.0,0.0,140.6896421146625,3326.3453354656112,18047.09307905827,34380.30596027999,34522.582284366224,142.27632408622614,0.0,1004.8428169392635,4231.9639374117705,18161.569897686233,14710.871617125855,1200.0,1200.0,9.094947017729282e-13,1.1368683772161603e-13,3,0
2025-02-23,50282.32499087823,355.2926283353688,0.0,0.0,355.2926283353688,7417.531174485052,58055.14879369865,76309.70936392166,76567.96522070808,258.25585678640005,0.0,1874.6964156946542,2384.0852360687168,23824.85640526673,19298.133688266054,1200.0,1200.0,9.094947017729282e-13,1.1368683772161603e-13,3,0
2025-02-24,49545.11681556014,571.2356252081926,44.017052565955176,22.008526282977588,549.2270989252149,3511.4822470279587,53605.82616151331,75159.73661105186,75812.71206770191,697.0266324796664,44.05117582961543,740.5931791667484,4039.013939827193,22690.829949341074,18379.572258966273,1200.0,1200.0,9.094947017729282e-13,1.1368683772161603e-13,3,0
2025-02-25,48913.03788079696,64.6083194073137,684.6245631665054,342.3122815832527,-277.70396217593895,3357.9443115886174,51993.278230209646,75644.69800880755,74852.64365379262,47.35789697543447,839.4122519903608,826.8358025847851,5603.829129911921,22391.19522701131,18136.868133879165,1200.0,1200.0,9.094947017729282e-13,1.1368683772161603e-13,3,0
2025-02-26,47825.481239610934,24.934531384591285,7.7377196765577985,3.8688598382788992,21.065671546312387,7951.328360209575,55797.875271366815,72989.873461404,73005.61517310192,24.090567628612575,8.348855930683857,1901.3636527331055,1942.378752210869,21840.80021205703,17691.048171766193,1200.0,1200.0,1.8189894035458565e-12,1.1368683772161603e-13,3,0
2025-02-27,46970.36619496996,252.11187653056953,283.5215605856681,141.76078029283406,110.35109623773553,5207.451658750366,52288.16894995806,73320.02379188263,73010.60702845047,229.99809732629976,539.4148607584518,1032.1608604637686,2854.1430587474815,22273.898053509274,18041.857423342513,1200.0,1200.0,9.094947017729282e-13,1.1368683772161603e-13,3,0
2025-02-28,13979.640511211346,0.0,30.534180553894682,15.267090276947341,-15.267090276947341,1941.1933284554966,15905.566749389895,33816.243893446386,33767.9961244614,0.0,48.24776898498693,645.0627722675646,7806.589463986773,17441.452014432623,14127.576131690425,1200.0,1200.0,1.8189894035458565e-12,1.1368683772161603e-13,3,0
2025-03-01,13731.179298100451,0.0,3.8633772076320247,1.9316886038160124,-1.9316886038160124,1856.4504997954832,15585.698109292118,33455.07822542752,33448.43252411058,0.0,6.645701316934245,624.8764138667133,7112.042148995579,17381.583450780978,14079.082595132597,1200.0,1200.0,1.8189894035458565e-12,1.1368683772161603e-13,3,0
2025-03-02,47617.5759199487,2281.9315632964936,4.742215777917167,2.3711078889585835,2279.560455407535,16475.67571204649,66372.81208740272,73193.00214895696,75281.37018590973,2094.565391602421,6.197354649656518,3651.621433518524,2229.150377129859,22871.232503324944,18525.6983276932,1200.0,1200.0,9.094947017729282e-13,1.1368683772161603e-13,3,0
2025-03-03,48596.042188129904,843.0665878127382,520.5571262889639,260.27856314448195,582.7880246682563,13517.462523242677,62696.292736040836,74999.88400002135,74824.168412716,594.6708332071582,770.3864205125196,3111.7527543343167,1492.1125380957396,23298.221029585442,18871.559033964204,1200.0,1200.0,9.094947017729282e-13,1.1368683772161603e-13,3,0
2025-03-04,47196.8382906464,904.2044290383246,16.465286431503035,8.232643215751517,895.9717858225731,6050.906555472708,54143.71663194167,72729.76620848823,73524.94870097609,818.5807470919102,23.39825460405052,1723.1061286687425,1747.4675353366704,22637.522952499057,18336.393591524236,1200.0,1200.0,9.094947017729282e-13,1.1368683772161603e-13,3,0
2025-03-05,47426.51276170796,49.47452154167133,554.8581090619718,277.4290545309859,-227.95453298931457,2569.854132301754,49768.412361020404,74765.4662711155,73936.11481094462,33.63249219462193,862.983952365501,611.2488140580988,3858.3429140542185,23992.361548851753,19433.812854569915,1200.0,1200.0,9.094947017729282e-13,1.1368683772161603e-13,3,0
2025-03-06,45964.587934709765,0.0,208.3059960690992,104.1529980345496,-104.1529980345496,3543.913414634346,49404.34835130956,72336.24035505936,71984.38095661202,0.0,351.85939844733275,899.9822361368999,2541.254256800537,23170.814750605547,18768.35994799049,1200.0,1200.0,1.8189894035458565e-12,1.1368683772161603e-13,3,0
2025-03-07,13387.135304248217,0.0,53.5929339519674,26.7964669759837,-26.7964669759837,856.6514243416832,14216.990261613917,32361.19715072801,32274.000292360095,0.0,87.19685836791783,383.5938313344749,8474.895769027746,17160.067480702583,13899.654659369093,1200.0,1200.0,1.8189894035458565e-12,1.1368683772161603e-13,3,0
2025-03-08,12903.9496674929,0.0,4.969002635013343,2.4845013175066715,-2.4845013175066715,1833.908334341511,14735.373500516904,31327.873389242784,31319.089518546716,0.0,8.783870696068028,690.325408314324,9845.364755709863,16320.582392023734,13219.671737539222,1200.0,1200.0,9.094947017729282e-13,1.1368683772161603e-13,3,0
2025-03-09,45157.53506708181,0.0,1957.4702904052867,978.7351452026434,-978.7351452026434,3505.9714931638755,47684.77141504304,72416.75737881337,69480.24390575849,0.0,2936.5134730548943,917.0351751048321,2719.4951366534415,22864.520495841472,18520.261601631588,1200.0,1200.0,1.8189894035458565e-12,1.1368683772161603e-13,3,0
2025-03-10,45396.801000028645,368.7287440201556,48.73261148221481,24.366305741107404,344.3624382790482,11594.640480041042,57335.803918348734,70731.68926195469,71052.11298756406,374.3992547908229,53.975529181452316,2869.3796191048896,1530.0645277523495,22891.35067850843,18541.994049591824,1200.0,1200.0,9.094947017729282e-13,1.1368683772161603e-13,3,0
2025-03-11,42807.79723821371,2124.3576949183825,0.0,0.0,2124.3576949183825,4274.352040144238,49206.50697327634,67872.78579236116,69939.10918793213,2066.32339557098,0.0,1042.7755730979834,2791.5862602626994,22375.682635618014,18124.30293485059,1200.0,1200.0,9.094947017729282e-13,1.1368683772161603e-13,3,0
2025-03-12,44372.3862061642,0.0,2197.210440208922,1098.605220104461,-1098.605220104461,4443.299981762837,47717.08096782258,71118.1840874556,67754.79126880801,0.0,3363.392818647584,1152.8471673295635,2301.8052861609303,21948.93929812269,17778.64083147938,1200.0,1200.0,1.8189894035458565e-12,1.1368683772161603e-13,3,0
2025-03-13,45346.97581020201,592.6089097769934,0.0,0.0,592.6089097769934,8216.850404965668,54156.43512494467,70995.48755499261,71546.00144476222,550.51388976961,0.0,1909.4400719309456,1664.0342456748158,22346.25923342985,18100.469979078178,1200.0,1200.0,9.094947017729282e-13,1.1368683772161603e-13,3,0
2025-03-14,12502.357254230297,147.7094394469961,0.0,0.0,147.7094394469961,1367.8797888851109,14017.946482562405,30949.410909649814,31099.48661025558,150.07570060576694,0.0,460.85228796956164,12524.850974109382,15821.378635696954,12815.31669491453,1200.0,1200.0,9.094947017729282e-13,1.1368683772161603e-13,3,0
2025-03-15,12611.235252417297,166.74684910005863,0.0,0.0,166.74684910005863,2983.5516070947815,15761.533708612138,30439.509684047138,30620.88485365922,181.37516961208286,0.0,957.3675726571823,7722.035905451828,15432.059846655653,12499.96847579108,1200.0,1200.0,9.094947017729282e-13,1.1368683772161603e-13,3,0
2025-03-16,43250.49012361275,554.6356457694695,0.0,0.0,554.6356457694695,3472.5686134258945,47277.69438280811,69312.9408031115,69862.44798879573,549.5071856842342,0.0,925.1365923262686,3166.006579146669,22476.479308642098,18205.9482400001,1200.0,1200.0,9.094947017729282e-13,1.1368683772161603e-13,3,0
2025-03-17,41050.823396743595,0.0,2129.496817770945,1064.7484088854726,-1064.7484088854726,4121.091181086511,44107.166168944634,67947.88256273173,64177.05397269563,0.0,3770.828590036099,1021.6126607379165,3241.3080073664996,21574.879961756375,17475.65276902266,1200.0,1200.0,4.547473508864641e-13,1.1368683772161603e-13,3,0
2025-03-18,43863.70004120161,126.93198726910548,685.216032643113,342.6080163215565,-215.676029052451,3230.548442564148,46878.572454713314,70789.08465360847,69739.86369339091,107.49047195591777,1156.7114321734825,718.4661511723727,5132.320511341418,22105.531402922064,17905.480436366874,1200.0,1200.0,9.094947017729282e-13,1.1368683772161603e-13,3,0
2025-03-19,40243.61848330063,1317.1479713603849,58.06365946868479,29.031829734342395,1288.1161416260425,3165.4723899165747,44697.20701484324,65800.72106748688,66823.36422339216,1133.0773788665983,110.43422296132178,849.4040387262405,4050.8860896633696,21875.851170815942,17719.439448360907,1200.0,1200.0,9.094947017729282e-13,1.1368683772161603e-13,3,0
2025-03-20,42129.1490308476,0.0,1535.3698546329606,767.6849273164803,-767.6849273164803,10561.597632345656,51923.06173587677,67623.50490580735,65219.564393099216,0.0,2403.940512708131,2624.7662799871064,1517.2957097968742,21674.069192751474,17555.99604612869,1200.0,1200.0,9.094947017729282e-13,1.1368683772161603e-13,3,0
2025-03-21,11670.135279040675,0.0,127.26387021960082,63.63193510980041,-63.63193510980041,2036.0069791253236,13642.510323056198,29475.64676183617,29271.64619466521,0.0,204.0005671709628,700.1337153534944,15063.76951291838,15129.188844387661,12254.642963954006,1200.0,1200.0,9.094947017729282e-13,1.1368683772161603e-13,3,0
2025-03-22,11919.662536207863,0.0,0.0,0.0,0.0,1219.4321740718692,13139.094710279729,29655.813235428705,29655.813235428705,0.0,0.0,572.1163826826582,11504.635674376437,14958.390581061034,12116.296370659438,1200.0,1200.0,1.8189894035458565e-12,1.1368683772161603e-13,3,0
2025-03-23,40557.616205645165,46.19166935486891,173.41145354358653,86.70572677179327,-40.51405741692435,3914.94046821627,44432.042616444516,66609.7123241876,66452.04266498244,62.95260019720422,220.62225940237892,989.6094852493964,4567.115464269171,21604.297733136773,17499.481163840785,1200.0,1200.0,1.8189894035458565e-12,1.1368683772161603e-13,3,0
2025-03-24,39646.48946832168,440.56650218110025,455.2015322331278,227.6007661165639,212.96573606453634,3543.6846366768646,43403.139841063086,65108.56210938403,64708.365251848496,396.36941056624937,796.5662681017905,1044.3814140065645,3623.079631603577,21742.99974167442,17611.829790756274,1200.0,1200.0,1.8189894035458565e-12,1.1368683772161603e-13,3,0
2025-03-25,40595.638739891896,0.0,987.4396571248773,493.71982856243864,-493.71982856243864,6683.299482672938,46785.2183940024,66621.6867003073,65078.65103669834,0.0,1543.0356636089728,1801.0494496026017,1846.2627154441468,21491.121337842746,17407.808283652623,1200.0,1200.0,4.547473508864641e-13,1.1368683772161603e-13,3,0
2025-03-26,38454.78824830646,359.4449094395719,2.454225654848194,1.227112827424097,358.2177966121478,1934.9832459476343,40747.989290866244,63257.65097750664,63615.20376219828,360.87334436537117,3.3205596737223573,561.9824476488213,4468.728013017221,21662.649106122168,17546.745775958952,1200.0,1200.0,1.8189894035458565e-12,1.1368683772161603e-13,3,0
2025-03-27,39002.76188254627,813.0697712538381,403.9672333405366,201.9836166702683,611.0861545835699,4518.6840028541355,44132.53203998398,64390.13263951668,64572.1531173713,706.640357437642,524.6198795830135,1204.4010715427346,2947.3604835594133,21643.180554498016,17530.976249143394,1200.0,1200.0,1.8189894035458565e-12,1.1368683772161603e-13,3,0
2025-03-28,11671.17735177196,0.7505228013637386,0.0,0.0,0.7505228013637386,1480.9266638987358,13152.85453847206,29400.71735395629,29401.458611044054,0.7412570877666553,0.0,489.2627578357209,16194.132168635017,15130.044387253132,12255.335953675041,1200.0,1200.0,9.094947017729282e-13,1.1368683772161603e-13,3,0
2025-03-29,11562.373393563055,111.31664425684406,0.0,0.0,111.31664425684406,1979.9645806411552,13653.654618461056,28800.264933887298,28917.419143156105,117.15420926880759,0.0,635.8200096593639,19073.2814957741,14593.413019516,11820.664545807966,1200.0,1200.0,9.094947017729282e-13,1.1368683772161603e-13,3,0
2025-03-30,37216.1529828302,5.369375003285575,554.8619290166021,277.43096450830103,-272.06158950501543,4051.7960221569638,40995.88741548214,62443.88208572729,61378.363389577156,4.9952321176719465,1070.5139282678108,1093.4555051885272,3058.5395069414735,21408.73519907477,17341.075511250565,1200.0,1200.0,9.094947017729282e-13,1.1368683772161603e-13,3,0
2025-03-31,35872.149170935765,3250.2644126365876,0.0,0.0,3250.2644126365876,3837.1508907740154,42959.56447434636,59251.97139238416,63072.31890253631,3820.3475101521485,0.0,1064.4648371824578,3053.9268767542353,21744.565155953667,17613.097776322466,1200.0,1200.0,9.094947017729282e-13,1.1368683772161603e-13,3,0
2025-04-01,38921.77109710224,1584.9196103921904,0.0,0.0,1584.9196103921904,6718.339449468477,47225.03015696291,63173.10079695305,64867.722347276555,1694.6215503235198,0.0,1845.1651671387838,2482.604204397464,21165.430491322168,17143.998697970957,1200.0,1200.0,9.094947017729282e-13,1.1368683772161603e-13,3,0
2025-04-02,38020.155378073236,2957.628589311882,0.0,0.0,2957.628589311882,3739.588934281212,44717.37290166633,62831.472993484975,65875.92065066574,3044.4476571807554,0.0,1032.8052985308555,2401.1867193771814,21432.651735891668,17360.447906072248,1200.0,1200.0,1.8189894035458565e-12,1.1368683772161603e-13,3,0
2025-04-03,38835.45370358755,36.84620903692302,166.1897849712349,83.09489248561745,-46.24868344869443,2338.5770397760807,41127.78205991493,63382.34560515477,63244.515909960275,59.90427735851591,197.7339725530171,591.5973644866785,3869.5898047726882,21594.701068461043,17491.70786545344,1200.0,1200.0,9.094947017729282e-13,1.1368683772161603e-13,3,0
2025-04-04,11048.112769323514,0.0,63.67144201740753,31.835721008703764,-31.835721008703764,1298.812141984638,12315.089190299448,28405.951417316617,28299.917486027414,0.0,106.0339312892017,432.02559302361556,19568.76997564757,14380.899228439277,11648.528375035812,1200.0,1200.0,9.094947017729282e-13,1.1368683772161603e-13,3,0
2025-04-05,11330.545106640098,0.0,0.0,0.0,0.0,1985.843333225219,13316.388439865317,28438.082799474854,28438.082799474854,0.0,0.0,699.1986543527128,14410.396176724289,14119.843651420724,11437.073357650781,1200.0,1200.0,1.8189894035458565e-12,1.1368683772161603e-13,3,0
2025-04-06,37562.197852416335,40.73205208226576,230.4384440355335,115.21922201776675,-74.48716993550099,2155.5217684244512,39643.232450905285,62375.514587974496,61956.74890099977,27.95912393734875,446.7248109120657,547.7908446712321,4011.117282293482,21491.29577216243,17407.94957545157,1200.0,1200.0,9.094947017729282e-13,1.1368683772161603e-13,3,0
2025-04-07,35665.50397125734,968.4802177687452,0.0,0.0,968.4802177687452,1527.4413323533481,38161.42552137944,59521.14813112828,60430.13209434256,908.9839632142812,0.0,484.8566354618729,3750.1514267019256,20642.72641983775,16720.608400068573,1200.0,1200.0,1.8189894035458565e-12,1.1368683772161603e-13,3,0
2025-04-08,36665.17152579163,260.66585514854563,14.03043235210436,7.01521617605218,253.65063897249343,3752.5459004446657,40671.36806520879,61650.600300068836,61807.614279016,178.78285008124976,21.768871134081365,857.7099949272678,4239.195817648982,21436.499155934813,17363.56431630719,1200.0,1200.0,1.8189894035458565e-12,1.1368683772161603e-13,3,0
2025-04-09,36460.41739221278,2685.803052254321,0.0,0.0,2685.803052254321,5537.32580594038,44683.54625040749,60643.386409163875,63896.22943390203,3252.843024738153,0.0,1449.3630149515575,2111.3073009435857,21578.811217070142,17478.83708582681,1200.0,1200.0,1.8189894035458565e-12,1.1368683772161603e-13,3,0
2025-04-10,36628.648211677275,1680.398505808776,0.0,0.0,1680.398505808776,3495.2774723069756,41804.32418979303,60595.19630128744,63033.753429021526,2438.557127734082,0.0,808.1203832780834,5325.889214524472,21343.92998829016,17288.583290515024,1200.0,1200.0,1.8189894035458565e-12,1.1368683772161603e-13,3,0
2025-04-11,10762.77589154881,37.94004408515191,0.0,0.0,37.94004408515191,2252.065987023796,13052.781922657758,27397.75906459963,27441.26122639576,43.502161796129414,0.0,713.1977709713775,20208.83493169787,13836.704731592637,11207.730832590038,1200.0,1200.0,9.094947017729282e-13,1.1368683772161603e-13,3,0
2025-04-12,10898.541374011344,0.0,80.47454363767814,40.23727181883907,-40.23727181883907,1170.5856707001708,12028.889772892675,28167.77627749306,28028.66793426747,0.0,139.10834322558756,375.17363021172986,16737.093749103788,13903.090870396905,11261.503605021495,1200.0,1200.0,1.8189894035458565e-12,1.1368683772161603e-13,3,0
2025-04-13,36067.13942604254,180.29412319908477,89.63737374278018,44.81868687139009,135.47543632769467,4069.2497005342316,40271.86456290446,59909.27314543539,60068.14729953839,250.1626784419119,91.28852433890734,1000.2207357920079,2754.219123585326,21251.528570588118,17213.73814217637,1200.0,1200.0,9.094947017729282e-13,1.1368683772161603e-13,3,0
2025-04-14,36507.90185582636,0.0,1889.767411481915,944.8837057409575,-944.8837057409575,4223.498201122026,39786.516351207436,61449.21043605304,58167.70023428616,0.0,3281.5102017668905,1189.7133434086988,2886.6427475450587,20751.258053419962,16808.51902327017,1200.0,1200.0,1.8189894035458565e-12,1.1368683772161603e-13,3,0
2025-04-15,34602.3392248122,849.5540004597067,134.3040116754939,67.15200583774696,782.4019946219597,1859.4467304578027,37244.187949891966,59005.66101823436,59478.18463899459,812.3408068013624,339.81718604112234,423.7781853642379,5765.426618064142,21037.407226112387,17040.299853151035,1200.0,1200.0,1.8189894035458565e-12,1.1368683772161603e-13,3,0
2025-04-16,36387.76230328658,1015.2840127827167,0.0,0.0,1015.2840127827167,3367.8449546622273,40770.891270731525,61016.34869789066,61872.605916635104,856.2572187444497,0.0,942.7020423276338,3065.1411884368163,20897.762213294332,16927.18739276841,1200.0,1200.0,9.094947017729282e-13,1.1368683772161603e-13,3,0
2025-04-17,34603.06597907796,1056.0934821937615,0.0,0.0,1056.0934821937615,2829.818744531025,38488.97820580275,58133.604266297734,59454.80692132752,1321.2026550297871,0.0,653.1174254917594,3352.1292281587503,20460.277729792255,16572.824961131726,1200.0,1200.0,1.8189894035458565e-12,9.833911462919787e-09,3,0
2025-04-18,10473.06730037155,0.0,9.186254078988092,4.593127039494046,-4.593127039494046,956.7119632221904,11425.186136554246,26836.12535845746,26820.475768054246,0.0,15.64959040321424,408.2859674347368,18285.56096492974,13626.755722241624,11037.672135015717,1200.0,1200.0,4.547473508864641e-13,1.1368683772161603e-13,3,0
2025-04-19,10428.488014812645,0.0,28.863994594485376,14.431997297242688,-14.431997297242688,1570.580071696343,11984.636089211746,26749.54779178078,26700.782344814295,0.0,48.76544696648397,608.5811556502435,17941.62694990482,13595.038423998501,11011.98112343878,1200.0,1200.0,1.8189894035458565e-12,1.1368683772161603e-13,3,0
2025-04-20,34663.63301958237,73.62091643661502,94.62865874190351,47.314329370951754,26.306587065663265,2982.0749674602926,37672.014574108325,58800.042310652934,58647.70294193592,57.35026258957072,209.68963130658068,778.4444725769206,3446.2397493309722,21169.2777992028,17147.115017354263,1200.0,1200.0,9.094947017729282e-13,1.1368683772161603e-13,3,0
2025-04-21,34334.08111912785,0.0,2107.511643450758,1053.755821725379,-1053.755821725379,4455.44118604742,37735.76648344989,59289.530570737705,54654.66120160403,0.0,4634.86936913367,1255.5673103248841,3679.1722724172096,19548.136085149345,15833.99022897097,1200.0,1200.0,1.8189894035458565e-12,1.1368683772161603e-13,3,0
2025-04-22,34026.74573727608,1041.937638852337,0.0,0.0,1041.937638852337,3280.923224688554,38349.606600816966,57372.93223801008,58485.3036778832,1112.3714398731222,0.0,957.3757572507226,3383.6674562006137,20558.32980140339,16652.247139136743,1200.0,1200.0,9.094947017729282e-13,1.1368683772161603e-13,3,0
2025-04-23,33917.101659597574,738.9049072536266,0.0,0.0,738.9049072536266,3528.3045127267565,38184.31107957796,56658.161079739075,57527.74984215927,869.5887624202021,0.0,1008.6319526056197,3285.751893914763,20266.911495702436,16416.198311518976,1200.0,1200.0,1.8189894035458565e-12,1.1368683772161603e-13,3,0
2025-04-24,33931.385293676525,19.965821805102372,1054.1256301200808,527.0628150600404,-507.09699325493796,2691.7402707516694,36116.02857117326,57461.2393948628,55131.9777063499,13.33345257887413,2342.595141091777,620.8403887823745,4890.656243190388,19852.921852325726,16080.866700383836,1200.0,1200.0,9.094947017729282e-13,1.1368683772161603e-13,3,0
2025-04-25,9752.934103373347,11.181869021722672,0.0,0.0,11.181869021722672,1585.1120890133882,11349.228061408458,25949.54799105636,25962.491701587824,12.943710531466184,0.0,432.5243566071942,21923.793464077706,13004.55233745953,10533.687393342218,1200.0,1200.0,9.094947017729282e-13,1.1368683772161603e-13,3,0
2025-04-26,10038.876102439139,0.0,0.0,0.0,0.0,1882.6632436905431,11921.53934612968,25963.874367929857,25963.874367929857,0.0,0.0,612.6249900218688,24066.658962152498,12840.246118241532,10400.599355775641,1200.0,1200.0,9.094947017729282e-13,1.1368683772161603e-13,3,0
2025-04-27,31384.769818364377,1831.628406237793,6.077446177210487,3.0387230886052436,1828.5896831491877,7441.4107102460675,40654.770211759635,52931.32899051578,55548.03524120844,2639.049802814757,22.34355212209738,1817.4775874253164,5100.353606614084,19429.937045717597,15738.249007031252,1200.0,1200.0,1.8189894035458565e-12,1.1368683772161603e-13,3,0
2025-04-28,33537.6658922124,4667.929895587866,0.0,0.0,4667.929895587866,5277.630862642991,43483.22665044325,56061.22388929888,61169.22718035955,5108.00329106067,0.0,1241.6710669878983,2033.1529944468243,19767.252295968152,16011.4743597342,1200.0,1200.0,9.094947017729282e-13,1.1368683772161603e-13,3,0
2025-04-29,31866.86680626015,351.24731169862827,3.0474686606071995,1.5237343303035997,349.72357736832464,4170.708771454612,36387.299155083085,53798.89926829974,54073.12031711699,283.24256646262916,9.021517645373592,1074.3274467651584,4150.2167544902695,18757.98575118534,15193.968458460124,1200.0,1200.0,9.094947017729282e-13,1.1368683772161603e-13,3,0
2025-04-30,31254.588345225584,657.2585785967062,105.54058301587821,52.770291507939106,604.4882870887672,7374.944836187775,39234.02146850213,52640.00493755456,53454.001126702045,925.701928358895,111.70573921140578,2208.824372582888,3882.114996339136,18546.610892697172,15022.754823084704,1200.0,1200.0,1.8189894035458565e-12,1.1368683772161603e-13,3,0
2025-05-01,32625.90106765322,1269.3843222605299,24.851018271796747,12.425509135898373,1256.9588131246314,16050.65879325913,49933.51867403698,53089.451183672514,54116.9620070973,1092.0054643962953,64.49464097150269,3483.8113793473453,2918.893197682827,19318.42836190432,15647.92697314249,1200.0,1200.0,1.8189894035458565e-12,1.1368683772161603e-13,3,0
2025-05-02,10840.278079278885,139.56497570165612,0.0,0.0,139.56497570165612,9004.522988697685,19984.36604367823,26415.569141942906,26560.349392970173,144.78025102726542,0.0,2488.443278703692,12277.440873689919,13058.061656055841,10577.029941405232,1200.0,1200.0,9.094947017729282e-13,1.1368683772161603e-13,3,0
2025-05-03,11073.42926072024,0.0,34.2342470976908,17.1171235488454,-17.1171235488454,6689.12032776893,17745.432464940324,27060.59014818616,27007.6113284967,0.0,52.97881968945625,1650.2642363031755,17314.789382160612,13031.12911915404,10555.214586514772,1200.0,1200.0,1.8189894035458565e-12,1.1368683772161603e-13,3,0
2025-05-04,35820.022383857846,50.8049998078135,697.5223567176339,348.76117835881695,-297.9561785510034,8530.807808404412,44052.874013711255,58099.48498749749,56641.33988255866,36.97613962350829,1495.1212445623341,2397.7419362793016,3776.1519957235078,18569.802577795417,15041.540088014288,1200.0,1200.0,9.094947017729282e-13,1.1368683772161603e-13,3,0
2025-05-05,37200.56691187875,650.3742042031607,451.0147834827866,225.5073917413933,424.8668124617674,5988.776644270485,43614.210368611006,60259.25234323817,60742.6860948244,953.0363038268503,469.6025522406189,1410.6886083128682,3073.345911750367,21073.7999546679,17069.777963280998,1200.0,1200.0,9.094947017729282e-13,1.1368683772161603e-13,3,0
2025-05-06,35900.894216430286,1385.6932476613033,144.885292715593,72.4426463577965,1313.2506013035068,7481.868029047544,44696.01284678134,56748.812898368094,58450.651306312735,1862.1350182960664,160.2966103514243,1849.153890781404,3785.2373816699537,19181.50236188165,15537.016913124133,1200.0,1200.0,1.8189894035458565e-12,1.1368683772161603e-13,3,0
2025-05-07,36753.1169086202,1586.8027488028504,0.0,0.0,1586.8027488028504,5295.887694251278,43635.807351674324,58349.893801281054,60391.19643932417,2041.3026380431215,0.0,1191.2388421067476,2744.93012225625,19840.311627235078,16070.65241806041,1200.0,1200.0,1.8189894035458565e-12,1.1368683772161603e-13,3,0
2025-05-08,39088.31278882198,2.8907377046842346,151.2213746729867,75.61068733649336,-72.71994963180913,5874.858592459211,44890.45143164939,62398.26209661072,62185.009986714555,1.7236011714421693,214.97571106759676,1469.6417139483485,4038.5531543615352,19945.19024369139,16155.604097390025,1200.0,1200.0,1.8189894035458565e-12,1.1368683772161603e-13,3,0
2025-05-09,12446.902783815336,50.322312740757255,0.0,0.0,50.322312740757255,1233.4053877595738,13730.630484315667,29052.62775447899,29107.183852439164,54.55609796017876,0.0,438.84057010764116,18582.774378071546,12967.706286711873,10503.842092236617,1200.0,1200.0,9.094947017729282e-13,1.1368683772161603e-13,3,0
2025-05-10,12300.846831101571,225.1399185054586,0.0,0.0,225.1399185054586,1464.3141768202374,13990.300926427268,28562.042289966314,28821.031457750094,258.98916778377946,0.0,518.2435883006124,14765.284419005908,12910.23865111297,10457.293307401507,1200.0,1200.0,1.8189894035458565e-12,1.1368683772161603e-13,3,0
2025-05-11,37514.174225183466,539.6280970490283,0.0,0.0,539.6280970490283,4917.190347923927,42970.99267015642,61086.34058369836,61637.42582348458,551.0852397862174,0.0,1322.1999217183316,3688.360421691727,19932.559158830773,16145.372918652922,1200.0,1200.0,9.094947017729282e-13,1.1368683772161603e-13,3,0
2025-05-12,36634.686630787255,1564.390599534114,0.0,0.0,1564.390599534114,3780.4523528020895,41979.529583123454,58702.04971213359,60335.925963319794,1633.8762511862067,0.0,1005.1133667129451,5934.986373560655,18288.724858625006,14813.867135486256,1200.0,1200.0,9.094947017729282e-13,1.1368683772161603e-13,3,0
2025-05-13,37829.3214795707,84.25327771150637,1272.1586890255721,636.0793445127861,-551.8260668012797,4047.2094463481344,41324.704859117555,62079.697177266484,59712.63867344708,77.1179128001903,2444.1764166195953,951.4319931190721,3958.4064026299075,18823.42893299774,15246.97743572816,1200.0,1200.0,1.8189894035458565e-12,1.1368683772161603e-13,3,0
2025-05-14,36913.85598253677,1190.1812627851218,4.649181292974216,2.324590646487108,1187.8566721386346,2251.0844432166314,40352.79709789204,60602.13989726323,62267.578400056926,1669.5575612618206,4.1190584681263545,658.5443971492283,6344.872377841402,18774.219137007472,15207.117500976052,1200.0,1200.0,9.094947017729282e-13,1.1368683772161603e-13,3,0
2025-05-15,37810.84101376535,1838.8428107077902,0.0,0.0,1838.8428107077902,1664.432196346731,41314.11602081987,60076.14803364371,62114.50118553593,2038.353151892228,0.0,502.0834512746917,6206.015643893477,19186.898471493772,15541.387761909955,1200.0,1200.0,1.8189894035458565e-12,1.1368683772161603e-13,3,0
2025-05-16,11710.034971300713,0.0,53.30501066932521,26.652505334662607,-26.652505334662607,1752.2285727606716,13435.611038726718,27683.11106459231,27594.981750057043,0.0,88.12931453526588,620.3331025145504,23145.852162006944,12389.242932796393,10035.286775565075,1200.0,1200.0,1.8189894035458565e-12,1.1368683772161603e-13,3,0
2025-05-17,11598.765927602723,0.0,46.28597056781984,23.14298528390992,-23.14298528390992,3609.182730881277,15184.805673200088,27482.76168216836,27410.86447153644,0.0,71.89721063191773,1031.2048487115171,15634.41580101119,12415.023346860185,10056.168910956747,1200.0,1200.0,9.094947017729282e-13,1.1368683772161603e-13,3,0
2025-05-18,37773.92774837035,9.57292074935029,359.5892592427948,179.7946296213974,-170.22170887204712,2934.518559679755,40538.22459917805,62104.42485550714,61435.65827823124,5.9941862767783505,674.760763552681,975.5029646121161,5111.685252307168,19070.041529137812,15446.733638601621,1200.0,1200.0,9.094947017729282e-13,1.1368683772161603e-13,3,0
2025-05-19,35819.987200482654,112.14627442258569,865.7639569570467,432.88197847852337,-320.73570405593773,2970.5966181697722,38469.84811459649,60074.57063321652,57707.515784472984,92.34421597841573,2459.3990647219543,550.6788243054843,7292.381818969794,18161.032841098273,14710.436601289595,1200.0,1200.0,1.8189894035458565e-12,1.1368683772161603e-13,3,0
2025-05-20,35705.08394964234,679.1521791123787,0.0,0.0,679.1521791123787,5465.925839188518,41850.16196794324,59085.63809144123,59719.64864401975,634.0105525785109,0.0,1288.7111549943722,2914.682234310565,18769.909200194088,15203.626452157205,1200.0,1200.0,1.8189894035458565e-12,1.1368683772161603e-13,3,0
2025-05-21,35639.09661389298,1200.989002211736,18.238198814735124,9.119099407367562,1191.8699028043686,3421.1958153748515,40252.1623320722,57972.674684622725,59141.95679949932,1220.95501680928,51.672901932678656,890.2799109149533,5145.027366943373,18550.495053355644,15025.90099321807,1200.0,1200.0,1.8189894035458565e-12,1.1368683772161603e-13,3,0
2025-05-22,36570.83255855554,65.44113067781772,586.9504633093067,293.4752316546533,-228.03410097683562,1915.2732911174355,38258.071748696144,59452.35191042369,58247.15464392997,48.39443889321842,1253.591705386941,618.2082584767088,4512.385999120888,18612.347824311168,15076.001737692042,1200.0,1200.0,9.094947017729282e-13,1.1368683772161603e-13,3,0
2025-05-23,11308.872725088771,0.0,2.945373636613586,1.472686818306793,-1.472686818306793,1211.7371554156675,12519.137193686132,27108.02744481511,27103.90880739886,0.0,4.118637416246884,482.62676960539403,18827.586924456285,12305.261943234942,9967.262174020305,1200.0,1200.0,1.8189894035458565e-12,1.1368683772161603e-13,3,0
2025-05-24,11745.46139128455,0.0,119.87249943513308,59.93624971756654,-59.93624971756654,1452.3046463433202,13137.829787910305,27261.45262286233,27063.907956110248,0.0,197.54466675208232,558.6173106157772,21553.775474718484,12180.254782495842,9866.006373821634,1200.0,1200.0,1.8189894035458565e-12,1.1368683772161603e-13,3,0
2025-05-25,36262.99319573308,39.695859509200936,690.6981991049367,345.3490995524684,-305.65324004326743,2770.1535246472486,38727.493480337056,59782.09012674646,58249.64259922378,34.12909865466338,1566.5766261773447,607.0812452416503,6820.1828699050575,18376.47784856334,14884.947057336305,1200.0,1200.0,9.094947017729282e-13,1.1368683772161603e-13,3,0
2025-05-26,35492.566673334484,926.6528254156656,133.4202178321776,66.7101089160888,859.9427164995768,6374.822756202495,42727.332146036555,58229.89427761988,58999.05953638519,942.7149747926992,173.5497160273884,1851.3437045820347,2726.8623954692853,18651.09418683124,15107.386291333301,1200.0,1200.0,9.094947017729282e-13,1.1368683772161603e-13,3,0
2025-05-27,34571.64492146952,832.7052210028247,0.3357818995559375,0.16789094977796876,832.5373300530467,4054.8442343508154,39459.026485873386,56722.11400678112,57572.751063075746,851.572642529112,0.9355862344829688,1088.4490237235495,5992.506744975571,17254.34758854594,13976.021546722215,1200.0,1200.0,9.094947017729282e-13,1.1368683772161603e-13,3,0
2025-05-28,36978.818259254884,196.36141751209226,504.9564103823204,252.4782051911602,-56.116787679067954,3371.072776990305,40293.77424856612,60653.580461868696,59864.35872053716,136.0735301851364,925.2952715166739,1021.2932262023697,4936.014468473624,19346.386201399524,15670.572823133616,1200.0,1200.0,9.094947017729282e-13,1.1368683772161603e-13,3,0
2025-05-29,36840.213205893975,1112.4677111090712,0.0,0.0,1112.4677111090712,4572.665812727313,42525.34672973036,60051.10183220194,61304.89322684522,1253.7913946432755,0.0,1104.9139998816186,4598.646110571017,19479.14534818852,15778.1077320327,1200.0,1200.0,9.094947017729282e-13,1.1368683772161603e-13,3,0
2025-05-30,11536.222608658738,127.79189000296695,0.0,0.0,127.79189000296695,1802.6165549672319,13466.631053628937,27105.32010729774,27240.326078824964,135.0059715272264,0.0,697.572433263795,19009.093812166455,12276.691753977088,9944.120320721444,1200.0,1200.0,4.547473508864641e-13,1.1368683772161603e-13,3,0
2025-05-31,11652.6578758942,0.0,172.99203487339562,86.49601743669781,-86.49601743669781,1882.8135161441028,13448.975374601603,28071.84495791003,27764.04486229343,0.0,307.8000956165972,747.5245198996971,17698.342663197276,12758.132468399233,10334.087299403382,1200.0,1200.0,9.094947017729282e-13,1.1368683772161603e-13,3,0
2025-06-01,43719.067771783906,1425.8737716606379,0.0,0.0,1425.8737716606379,37692.836154775,82837.77769821955,65760.55113851052,67105.90490540954,1345.3537668990186,0.0,8763.50356543586,673.3086878708039,20901.439384076824,16930.16590110223,1200.0,1200.0,9.094947017729282e-13,1.1368683772161603e-13,3,0
2025-06-02,45073.56981839772,39.27100658690605,2023.569840624347,1011.7849203121735,-972.5139137252675,35506.160309800274,79607.21621447272,69061.29275269859,65327.92282288834,28.410583709488463,3761.7805135197377,8155.788597306619,764.4315329597819,21465.644406500905,17387.171969265728,1200.0,1200.0,9.094947017729282e-13,1.1368683772161603e-13,3,0
2025-06-03,46143.64956408194,1461.2645459738753,46.2201431957922,23.1100715978961,1438.1544743759791,15168.752637641886,62750.55667609981,70141.71674552605,71198.8688976245,1146.1115270560117,88.95937495757141,3491.169895917482,2314.938737476661,22014.385382799883,17831.652160067904,1200.0,1200.0,9.094947017729282e-13,1.1368683772161603e-13,3,0
2025-06-04,52243.558203526554,0.0,6126.157761178627,3063.0788805893135,-3063.0788805893135,23718.320087902404,72898.79941083965,77830.9846436141,69254.59665444224,0.0,8576.387989171863,5808.2651671739,1460.5491079229732,20826.58893171842,16869.537034691915,1200.0,1200.0,9.094947017729282e-13,1.1368683772161603e-13,3,0
2025-06-05,50179.56057999757,41.71264412052398,305.9183875206585,152.95919376032924,-111.24654963980527,11380.219644632774,61448.53367499053,74755.30981490317,74252.08018240155,27.392504267466734,530.6221367690761,2738.1928010999127,1645.975878459304,22078.837307239446,17883.858218863952,1200.0,1200.0,9.094947017729282e-13,1.1368683772161603e-13,3,0
2025-06-06,18104.64144544879,0.0,30.236510862543938,15.118255431271969,-15.118255431271969,4808.383502177927,22897.906692195444,35557.11604289602,35515.3308249035,0.0,41.78521799252194,1427.1238365428535,3591.1079720969615,13138.69099657575,10642.339707226358,1200.0,1200.0,1.8189894035458565e-12,1.1368683772161603e-13,3,0
2025-06-07,19032.313492590907,0.0,466.1365724529099,233.06828622645494,-233.06828622645494,2948.156235278977,21747.40144164343,38428.57749257683,37577.76448352414,0.0,850.8130090526854,889.7522775443572,4763.378495375344,13566.447889613066,10988.822790586582,1200.0,1200.0,9.094947017729282e-13,1.1368683772161603e-13,3,0
2025-06-08,54494.00937287759,99.17305373638548,2701.4979098705244,1350.7489549352622,-1251.5759011988766,375.18115227770477,53617.61462395641,81183.8286096704,77356.0743857719,91.8719020006501,3919.626125899153,84.68379576744138,8182.5787146198545,21438.190527646384,17364.93432739357,1200.0,1200.0,9.094947017729282e-13,1.1368683772161603e-13,3,0
2025-06-09,57943.42323192862,0.0,2989.7240935468208,1494.8620467734104,-1494.8620467734104,2454.5762772658663,58903.137462421066,83640.21394823192,79705.96283421027,0.0,3934.251114021647,696.9324031809751,5341.902874196558,21727.787525586074,17599.50789572472,1200.0,1200.0,9.094947017729282e-13,1.1368683772161603e-13,3,0
2025-06-10,55460.87871776259,28.953207784140506,1467.6818885915152,733.8409442957576,-704.887736511617,4331.4094030438155,59087.400384294786,80911.14887215805,78908.56175336003,17.552081805985836,2020.1392006040032,1219.7049255228694,4374.882068526693,21762.84408959411,17627.903712571228,1200.0,1200.0,9.094947017729282e-13,1.1368683772161603e-13,3,0
2025-06-11,57233.80591485993,176.93817133624236,740.4810357455135,370.24051787275675,-193.3023465365144,6716.715994713346,63757.219563036764,83056.57860570395,82480.78286085525,200.05696191777793,775.8527067664788,1463.2052648249332,3422.852173896151,23350.998079565135,18914.308444447764,1200.0,1200.0,9.094947017729282e-13,1.1368683772161603e-13,3,0
2025-06-12,56569.3310285872,0.0,855.7912061292966,427.8956030646483,-427.8956030646483,2331.661982364519,58473.097407887064,82119.34809982698,80958.20192216165,0.0,1161.1461776653173,581.581581525413,4900.889546963219,22034.223807318485,17847.721283927975,1200.0,1200.0,9.094947017729282e-13,1.1368683772161603e-13,3,0
2025-06-13,18144.540824267722,0.0,594.4795343470721,297.23976717353605,-297.23976717353605,3146.509388328108,20993.810445422296,36411.78459773834,35528.5685630059,0.0,883.2160347324358,860.4116435924091,5385.25364828427,13991.64662270546,11333.233764391422,1200.0,1200.0,9.094947017729282e-13,1.1368683772161603e-13,3,0
2025-06-14,18812.0167477247,0.0,92.2423802937138,46.1211901468569,-46.1211901468569,1049.046313750881,19814.941871328723,36908.835683053505,36773.8223378585,0.0,135.0133451949988,393.4734256871713,8412.520832544073,13481.222005271618,10919.789824270014,1200.0,1200.0,4.547473508864641e-13,3.462332642811816e-08,3,0
2025-06-15,54955.934317511055,141.04441025256028,148.24924230984692,74.12462115492346,66.91978909763685,2508.7001440733666,57531.554250682064,80447.99752295497,80458.86214830927,168.9276970768209,158.0630717225331,573.2057175195881,6156.382530516807,22361.636852519496,18112.92585054079,1200.0,1200.0,9.094947017729282e-13,1.1368683772161603e-13,3,0
2025-06-16,56367.90928897448,0.0,258.51426313473956,129.25713156736978,-129.25713156736978,2868.564468397255,59107.21662580436,81623.68930138863,81342.48621110404,0.0,281.20309028459064,778.3414339827825,5147.424708647801,22522.895367222933,18243.545247450573,1200.0,1200.0,9.094947017729282e-13,1.1368683772161603e-13,3,0
2025-06-17,56966.35358687718,358.94315771004955,161.91057053271194,80.95528526635597,277.9878724436936,5891.437180684531,63135.7786400054,82508.8873845333,82514.57366393015,260.75511478945003,255.0688353925916,1306.6762446935154,4871.215722048177,22700.12089425697,18387.097924348138,1200.0,1200.0,1.8189894035458565e-12,1.1368683772161603e-13,3,0
2025-06-18,56847.25646708822,374.19949248808416,0.0,0.0,374.19949248808416,1978.0482729972978,59199.5042325736,82587.57319407139,82859.65167055419,272.07847648279915,0.0,503.2788912116608,8159.438906284587,22500.53029200664,18225.42953652538,1200.0,1200.0,9.094947017729282e-13,1.1368683772161603e-13,3,0
2025-06-19,53396.08057261049,122.12409021353058,2733.257236994397,1366.6286184971984,-1244.504528283668,4747.497403776372,56899.0734481032,79266.35487991912,75484.08564083556,100.09747217482055,3882.366711258375,1185.858394520162,4286.5207966066355,21704.83704604782,17580.91800729874,1200.0,1200.0,9.094947017729282e-13,1.1368683772161603e-13,3,0
2025-06-20,17383.605567928505,0.0,229.32428490484648,114.66214245242324,-114.66214245242324,1427.9065957732837,18696.850021249367,34623.80488899102,34279.39031521993,0.0,344.4145737710931,559.675762887194,9936.0021550575,13170.963542366433,10668.48046931681,1200.0,1200.0,9.094947017729282e-13,1.1368683772161603e-13,3,0
2025-06-21,17175.796279453207,0.0,162.71983129582262,81.35991564791131,-81.35991564791131,2170.8839653681125,19265.32032917341,34616.59866082801,34342.593162013414,0.0,274.0054988145896,690.1089478163716,13182.535718279134,13239.084166056058,10723.658174505406,1200.0,1200.0,9.094947017729282e-13,1.1368683772161603e-13,3,0
2025-06-22,52689.96308363251,1297.2501181518132,1929.9113423982676,964.9556711991338,332.29444695267944,2904.460870021502,55926.7184006067,78251.95576525189,76456.88515341221,1015.888636205568,2810.9592480452548,674.4342954122644,5604.450032896791,21418.570083829873,17349.041767902196,1200.0,1200.0,9.094947017729282e-13,2.2737367544323206e-13,3,0
2025-06-23,51888.77479252222,0.0,545.1141850900293,272.55709254501465,-272.55709254501465,2743.115061604607,54359.33276158181,77534.39417842275,76687.41332131773,0.0,846.980857105028,650.9576281283689,6094.342114804271,22014.435971799103,17831.693137157272,1200.0,1200.0,9.094947017729282e-13,1.1368683772161603e-13,3,0
2025-06-24,57049.52723486792,0.0,370.28997268894744,185.14498634447372,-185.14498634447372,8510.459658247242,65374.841906770685,82355.33072764121,81855.31023535403,0.0,500.0204922871677,1950.7664301928862,2962.0965585661897,24079.936089372248,19504.748232391525,1200.0,1200.0,9.094947017729282e-13,1.1368683772161603e-13,3,0
2025-06-25,51667.622967096,354.2283775247262,119.80383145651611,59.901915728258054,294.3264617964682,4890.487597634644,56852.43702652711,77830.98256778596,77998.10127078267,326.824622502912,159.70591950620366,1025.5879193321525,4323.752427936231,22434.291555325955,18171.77615981402,1200.0,1200.0,9.094947017729282e-13,1.1368683772161603e-13,3,0
2025-06-26,49901.62458630171,36.87660648351329,99.81694183512946,49.90847091756473,-13.031864434051439,3353.9427326788186,53242.53545454647,75738.7112232346,75678.67571483091,49.53537038553736,109.57087878922403,788.7404696305096,4722.927746280831,22090.024236038207,17892.919631190944,1200.0,1200.0,4.547473508864641e-13,1.1368683772161603e-13,3,0
2025-06-27,16291.22305907938,0.0,311.9862629656827,155.99313148284136,-155.99313148284136,1938.5430327440356,18073.772960340575,33733.82776466639,33220.8697189699,0.0,512.9580456964865,638.1904875330972,11545.943670819339,13376.161415878954,10834.690746861957,1200.0,1200.0,9.094947017729282e-13,1.1368683772161603e-13,3,0
2025-06-28,16295.886692332415,35.33788764635457,29.65451406015687,14.827257030078435,20.51063061627613,1971.7735803834053,18288.170903332095,33207.29505966406,33219.58005563993,44.216736013801736,31.93174003793399,692.1822479684045,9658.468155161256,13033.515956739033,10557.147924958621,1200.0,1200.0,1.8189894035458565e-12,1.1368683772161603e-13,3,0
2025-06-29,51098.779345494215,1266.4192151088464,987.0743352489087,493.53716762445436,772.8820474843919,7076.742763645327,58948.40415662394,75711.93096001403,75275.35036282048,954.5532828317309,1391.1338800252868,1907.289221615363,3845.288485820066,21418.855606749705,17349.273041467262,1200.0,1200.0,9.094947017729282e-13,1.1368683772161603e-13,3,0
2025-06-30,52178.046278965056,328.7617097214291,1145.0996745016178,572.5498372508089,-243.7881275293798,6807.7214825852325,58741.979634020914,78080.70053186493,76695.74865036987,221.34088693387696,1606.2927684289466,1661.0136770598635,4341.521282563278,21776.616113332195,17639.05905179907,1200.0,1200.0,9.094947017729282e-13,1.1368683772161603e-13,3,0
2025-07-01,52618.250513373176,0.05770849305331694,742.504041408117,371.2520207040585,-371.19431221100524,49672.83701843397,101919.89321959615,72908.48509497251,71919.17068282366,0.022709597250582192,989.337121746097,11472.763764858222,494.847558508137,21213.383451791655,17182.840595951235,1200.0,1200.0,1.8189894035458565e-12,1.1368683772161603e-13,3,0
2025-07-02,52633.73213004502,0.0752003653167693,1787.5241952731985,893.7620976365993,-893.6868972712824,34771.900731858965,86511.9459646327,72772.65340281659,69858.79717652031,0.02954595525568493,2913.8857722515504,7815.472404180822,1056.9707277805378,19539.64466449431,15827.112178240392,1200.0,1200.0,9.094947017729282e-13,1.1368683772161603e-13,3,0
2025-07-03,58158.40837314507,74.77738725988586,19.395067892040558,9.697533946020279,65.07985331386557,28999.128897703893,87222.61712416282,78633.76581750791,78689.0554205321,77.01848143215875,21.728878407979664,6352.854754525168,1081.8394982506766,22103.430228806585,17903.77848533334,1200.0,1200.0,1.8189894035458565e-12,2.2737367544323206e-13,3,0
2025-07-04,21462.593338375154,265.3203229913813,0.0,0.0,265.3203229913813,12818.263188708406,34546.176850074946,37790.616981871484,38055.58419420718,264.9672123356921,0.0,3447.2606906442597,10103.457601125177,13255.367458208371,10736.84764114878,1200.0,1200.0,1.8189894035458565e-12,1.1368683772161603e-13,3,0
2025-07-05,22789.22104783375,0.0,61.8999338841482,30.9499669420741,-30.9499669420741,7556.493577783351,30314.764658675027,40563.1462491892,40487.17244017239,0.0,75.97380901681038,2110.2454070851177,11320.77518980694,13087.172056757408,10600.609365973503,1200.0,1200.0,9.094947017729282e-13,1.1368683772161603e-13,3,0
2025-07-06,61412.124478798454,3247.665522442956,0.0,0.0,3247.665522442956,10213.647803776745,74873.43780501815,82309.80095882052,85381.38117079009,3071.58021196958,0.0,1961.7978116967324,3263.5188995373765,22556.202804997098,18270.524272047645,1200.0,1200.0,9.094947017729282e-13,2.2737367544323206e-13,3,0
2025-07-07,61044.266741320425,0.0,2283.206424009528,1141.603212004764,-1141.603212004764,5545.353487545699,65448.01701686136,82945.86884077721,79749.11988478099,0.0,3196.748955996226,1352.7953666906478,3842.2361652351983,20264.19115563041,16413.99483606063,1200.0,1200.0,9.094947017729282e-13,2.2737367544323206e-13,3,0
2025-07-08,64899.08610866884,78.73054485266799,1629.986251509505,814.9931257547526,-736.2625809020846,2948.1941990136306,67111.0177267804,87714.18134224098,85270.14016742585,40.60342420646566,2484.644599021581,587.0639489352457,6054.654823165436,22269.275139626356,18038.112863097347,1200.0,1200.0,4.547473508864641e-13,2.2737367544323206e-13,3,0
2025-07-09,63882.07323306129,0.0,694.1939426331732,347.0969713165866,-347.0969713165866,1759.125199496327,65294.101461241036,86869.60190326604,86001.26172342675,0.0,868.3401798392846,280.85950085590713,7973.655039122448,22367.05878154495,18117.317613051408,1200.0,1200.0,9.094947017729282e-13,2.2737367544323206e-13,3,0
2025-07-10,61439.94357238933,664.0299845672596,479.6994230703432,239.8497115351716,424.18027303208805,3474.057453985163,65338.181299406584,82604.63532811929,82067.2459984617,430.92223117437266,968.311560831962,997.5183848389297,5881.3583578687985,22788.329695255234,18458.54705315674,1200.0,1200.0,9.094947017729282e-13,2.2737367544323206e-13,3,0
2025-07-11,25499.10271751482,0.0,80.571113074154,40.285556537077,-40.285556537077,2008.742878736096,27467.56003971384,43614.179997483174,43486.79523602472,0.0,127.3847614584494,575.5100134572417,9000.149337408053,13386.204010915335,10842.825248841422,1200.0,1200.0,9.094947017729282e-13,1.1368683772161603e-13,3,0
2025-07-12,24388.87655339947,287.44874563572114,0.0,0.0,287.44874563572114,2091.8133333290116,26768.138632364204,42760.61750099653,43028.43057982542,267.81307882888626,0.0,610.6480470245831,10055.985217155405,13151.842507164522,10652.992430803259,1200.0,1200.0,1.8189894035458565e-12,1.1368683772161603e-13,3,0
2025-07-13,59539.26378089493,0.0,2630.962823653817,1315.4814118269085,-1315.4814118269085,3447.271824137576,61671.05419320559,82615.670676633,79214.86107521894,0.0,3400.8096014140597,662.7431721849725,6446.345188819696,21913.361360969604,17749.822702385383,1200.0,1200.0,9.094947017729282e-13,2.2737367544323206e-13,3,0
2025-07-14,57611.82610699065,4.920553424237972,1137.8502467839312,568.9251233919656,-564.0045699677275,6803.686416900823,63851.50795392375,79896.0539227845,77842.80793530497,3.7783563113245577,2057.0243437908484,1356.3767828525486,3418.086755245733,20912.730243395345,16939.311497150225,1200.0,1200.0,9.094947017729282e-13,1.1368683772161603e-13,3,0
2025-07-15,62392.253257997436,35.93139067142607,1808.4476192876512,904.2238096438256,-868.2924189723994,3955.532779643206,65479.493618668246,85266.21494182233,82443.2236503846,21.658590151161548,2844.6498815888745,1022.1869766600112,6765.35700750284,20794.752822149756,16843.749785941305,1200.0,1200.0,1.8189894035458565e-12,2.2737367544323206e-13,3,0
2025-07-16,61210.03105659117,0.0,1426.0853562647949,713.0426781323974,-713.0426781323974,5845.048581842309,66342.03696030109,82188.97769899442,80192.80395069325,0.0,1996.1737483011536,1518.2555407576217,5602.216100750022,20917.2631966712,16942.98318930367,1200.0,1200.0,9.094947017729282e-13,2.2737367544323206e-13,3,0
2025-07-17,59360.74970839775,1611.6120929493827,116.49614227250602,58.24807113625301,1553.3640218131297,5052.339916117968,65966.45364632885,80470.18384034363,81568.13357079588,1338.1012191136965,240.15148866144204,1109.8214254390048,5851.430451107765,21611.097255055014,17504.988776594564,1200.0,1200.0,1.8189894035458565e-12,2.2737367544323206e-13,3,0
2025-07-18,24352.664177234707,3.720716900781854,44.59823831331707,22.299119156658534,-18.57840225587668,1239.5054597335834,25573.59123471241,42832.206635833034,42769.021275686464,3.7222057830950916,66.90756592966352,373.5081677869147,9392.81961849032,13028.745920963476,10553.284195980415,1200.0,1200.0,9.094947017729282e-13,1.1368683772161603e-13,3,0
2025-07-19,24337.5565935921,0.0,546.7180448842378,273.3590224421189,-273.3590224421189,2877.087335790681,26941.284906940662,42632.36686783361,41771.62794375021,0.0,860.7389240834032,792.936549593285,12892.620482458498,13100.657688868363,10611.532727983373,1200.0,1200.0,9.094947017729282e-13,1.1368683772161603e-13,3,0
2025-07-20,58001.79966956582,233.20576312448333,57.87022083304795,28.935110416523976,204.27065270795936,4298.562278352458,62504.63260062623,80614.42775721055,80716.77382972717,193.82459461797538,91.47852210135443,953.0382674736302,5541.865893803031,21252.463088058437,17214.49510132733,1200.0,1200.0,9.094947017729282e-13,2.2737367544323206e-13,3,0
2025-07-21,60139.33941214871,0.0,717.5282445843795,358.76412229218977,-358.76412229218977,6558.516248492518,66339.09153834905,81533.59965863958,80444.62542871278,0.0,1088.9742299268098,1505.8902191652255,3877.9546861488398,21488.482166995578,17405.670555266417,1200.0,1200.0,9.094947017729282e-13,2.2737367544323206e-13,3,0
2025-07-22,60703.92874732247,6070.044286930447,0.0,0.0,6070.044286930447,1560.7890609115468,68334.76209516446,82729.77155070682,88200.63428373169,5470.86273302488,0.0,361.066900833862,10446.135187009253,22739.059899419146,18418.638518529504,1200.0,1200.0,9.094947017729282e-13,2.2737367544323206e-13,3,0
2025-07-23,63688.049569078954,0.0,2850.7275933107608,1425.3637966553804,-1425.3637966553804,4112.590775735156,66375.27654815873,86988.0208947498,82880.09730847285,0.0,4107.9235862769665,933.6263379954919,5410.1597429904195,22036.93045690131,17849.913670090064,1200.0,1200.0,4.547473508864641e-13,1.1368683772161603e-13,3,0
2025-07-24,63206.407656253585,83.76741982392605,1463.4314664537956,731.7157332268978,-647.9483134029717,2240.2234988873433,64798.68284173795,85621.24423174399,83373.30064422381,53.30745096504006,2301.2510384852126,526.4868507128083,6166.183513032335,21669.115694233085,17551.9837123288,1200.0,1200.0,9.094947017729282e-13,2.2737367544323206e-13,3,0
2025-07-25,23532.627051670177,36.9531937059883,10.83615621149205,5.418078105746025,31.535115600242268,1770.7677420455107,25334.929909315928,41544.38606053883,41561.995551795015,35.52798187097591,17.91849061479003,441.41045377150056,12990.603928987435,13197.276367960112,10689.793858047695,1200.0,1200.0,1.8189894035458565e-12,1.1368683772161603e-13,3,0
2025-07-26,23438.66665300187,127.27859587377563,0.0,0.0,127.27859587377563,2291.043460304075,25856.98870917972,41273.199959157726,41396.91996454347,123.72000538574449,0.0,660.8893761169188,11132.52648734998,12927.322561282901,10471.131274639154,1200.0,1200.0,9.094947017729282e-13,1.1368683772161603e-13,3,0
2025-07-27,57839.07581660826,653.3143321263894,368.5257389797466,184.2628694898733,469.05146263651613,7590.417017978492,65898.54429722327,79731.01005838074,79456.79888414111,482.64763324315044,756.8588074827758,1743.5368082997325,3480.645298880433,21234.21365031799,17199.713056757573,1200.0,1200.0,9.094947017729282e-13,1.1368683772161603e-13,3,0
2025-07-28,59068.35759838327,2022.9360639098727,0.0,0.0,2022.9360639098727,10578.923640349883,71670.21730264302,80598.36729949221,82180.85552680584,1582.4882273136525,0.0,2445.2588626427105,2571.943750188537,21575.22845224571,17475.93504631902,1200.0,1200.0,9.094947017729282e-13,1.1368683772161603e-13,3,0
2025-07-29,61042.41119160482,3278.070491826838,3.6598676136855732,1.8299338068427866,3276.2405580199948,2523.943221243716,66842.59497086854,83294.0149980385,86603.47430433657,3314.6447237161565,5.185417418086672,460.3511965011259,6643.134829753384,22902.340637285888,18550.895916201567,1200.0,1200.0,1.8189894035458565e-12,1.1368683772161603e-13,3,0
2025-07-30,58758.708717152906,4451.802115823754,0.0,0.0,4451.802115823754,2341.2546971580537,65551.76553013471,79080.79862649212,83114.05182444109,4033.253197948963,0.0,563.5584532977953,5428.1174061039,21822.309587552492,17676.070765917517,1200.0,1200.0,9.094947017729282e-13,1.1368683772161603e-13,3,0
2025-07-31,58497.28827966536,1240.4158863566367,0.0,0.0,1240.4158863566367,6270.669012147549,66008.37317816954,80265.62830358121,81395.18804872662,1129.5597451454164,0.0,1363.7457825186202,3966.219670828046,21566.936282897535,17469.218389146998,1200.0,1200.0,9.094947017729282e-13,2.2737367544323206e-13,3,0
2025-08-01,23103.22418897314,0.0,192.05805998472903,96.02902999236451,-96.02902999236451,2297.637911111411,25304.833070092187,40830.16185229477,40537.27096727806,0.0,292.89088501671165,702.2388217802611,17578.767597311886,12680.960658314576,10271.578133234805,1200.0,1200.0,9.094947017729282e-13,1.1368683772161603e-13,3,0
2025-08-02,22900.480688033258,0.0,158.46251694161697,79.23125847080848,-79.23125847080848,1756.4928112205107,24577.742240782958,40863.326404435866,40617.549659104225,0.0,245.77674533163827,409.2430845877414,17689.457402542248,12685.844251665232,10275.533843848842,1200.0,1200.0,1.8189894035458565e-12,1.1368683772161603e-13,3,0
2025-08-03,52086.94102467544,403.96530330928806,731.5611064265217,365.7805532132609,38.18475009602719,7013.674092835134,59138.799867606605,72403.24945336187,71254.17092648556,347.85981347502775,1496.9383403513268,1643.2299947287324,6428.782267261278,19100.729845366775,15471.591174747082,1200.0,1200.0,4.547473508864641e-13,1.1368683772161603e-13,3,0
2025-08-04,53949.07117180011,135.6311583719031,1.1990317375502668,0.5995158687751334,135.03164250312796,2833.637098483101,56917.73991278634,74239.0449854807,74323.96212316994,87.73483267718507,2.817694987934715,846.5368015228189,6063.064122069569,19430.41957520981,15738.639855919942,1200.0,1200.0,9.094947017729282e-13,1.1368683772161603e-13,3,0
2025-08-05,52474.880533561925,450.2687141977582,0.0,0.0,450.2687141977582,4854.66005306608,57779.809300825764,72619.56651651178,73106.13704994725,486.57053343547716,0.0,1249.0776044884879,5469.248513622717,19650.823197261532,15917.166789781837,1200.0,1200.0,1.8189894035458565e-12,1.1368683772161603e-13,3,0
2025-08-06,55112.586671945464,22.327974960850664,862.638520098047,431.3192600490235,-408.99128508817284,7498.258423251494,62201.85381010879,74507.81179134287,73509.69456051258,23.797954884242245,1021.9151857145291,1829.0890412796348,3519.651301953207,19498.59491143341,15793.861878261061,1200.0,1200.0,9.094947017729282e-13,1.1368683772161603e-13,3,0
2025-08-07,53670.64917810203,760.9012408161234,2063.5678880885807,1031.7839440442904,-270.882703228167,4716.98211050216,58116.74858537602,75872.41796600044,71999.84167789895,549.2393315168827,4421.8156196183645,1205.801755112749,6030.755721880134,19931.065584902935,16144.163123771374,1200.0,1200.0,9.094947017729282e-13,1.1368683772161603e-13,3,0
2025-08-08,21341.734468788847,55.129875874817884,15.448123549525175,7.724061774762587,47.405814100055295,2535.4944811726536,23924.634764061553,39095.95952906991,39119.75144607082,50.74680438088964,26.95488737997652,639.7346542663848,21546.390626742086,12831.180124184812,10393.255900589693,1200.0,1200.0,9.094947017729282e-13,1.1368683772161603e-13,3,0
2025-08-09,21573.447165605034,0.0,26.382534665674747,13.191267332837374,-13.191267332837374,3840.907172469453,25401.163070741648,38956.91871602475,38912.70943543675,0.0,44.20928058799595,1028.0091479278212,18597.11683178095,12745.646060966435,10323.973309382813,1200.0,1200.0,9.094947017729282e-13,1.1368683772161603e-13,3,0
2025-08-10,51160.18468966573,50.8984180347637,85.76610721501758,42.88305360750879,8.015364427254903,9053.572844932887,60221.77289902587,68924.36713351941,68789.78241624282,47.08117837323303,181.6658956498083,2387.5686038730555,2393.976207043294,18309.240858276786,14830.485095204202,1200.0,1200.0,4.547473508864641e-13,1.1368683772161603e-13,3,0
2025-08-11,50059.124158584236,821.7745742225857,0.0,0.0,821.7745742225857,7928.0294919324515,58808.92822473928,70335.15491632097,71023.86249574617,688.7075794252156,0.0,1763.1350132322066,4556.923479080598,19309.582613497136,15640.761916932679,1200.0,1200.0,9.094947017729282e-13,1.1368683772161603e-13,3,0
2025-08-12,52747.484636333495,1824.3398701047865,176.63301399522055,88.31650699761028,1736.0233631071762,7020.03553647102,61503.54353591169,72797.37446025772,73783.13794262608,1385.825146084043,400.06166371569543,1519.6694102741105,3868.9861932360345,19333.039524548152,15659.762014884003,1200.0,1200.0,9.094947017729282e-13,1.1368683772161603e-13,3,0
2025-08-13,51023.2453676857,712.9062013394209,123.19428516070124,61.59714258035062,651.3090587590704,7794.618915869236,59469.173342313996,70279.55727180111,71095.9390865094,949.4419566082984,133.06014190001298,1669.1493332989892,3014.5551191419054,19102.91500350777,15473.361152841291,1200.0,1200.0,9.094947017729282e-13,2.2737367544323206e-13,3,0
2025-08-14,51943.81172787803,1809.2906047239262,0.0,0.0,1809.2906047239262,6083.17684175549,59836.27917435745,71017.03617135706,73253.74470300996,2236.7085316529046,0.0,1315.627849617876,4868.464595489492,19866.405125289526,16091.788151484514,1200.0,1200.0,1.8189894035458565e-12,1.1368683772161603e-13,3,0
2025-08-15,21924.58297137253,25.718887410927884,56.29094861275097,28.145474306375483,-2.426586895447599,3674.695142890133,25596.851527367213,39248.13635027355,39193.70007582733,29.375195778571687,83.81147022479104,1122.4006402264868,20720.872982361976,12818.425528202635,10382.924677844136,1200.0,1200.0,9.094947017729282e-13,1.1368683772161603e-13,3,0
2025-08-16,22457.541254218,0.0,422.7132898578647,211.35664492893235,-211.35664492893235,3502.121673435214,25748.306282724283,39796.34993695993,39155.60520980495,0.0,640.7447271549815,961.8368288658966,20716.942200438447,13006.418271398592,10535.198799832859,1200.0,1200.0,9.094947017729282e-13,1.1368683772161603e-13,3,0
2025-08-17,52373.637152244366,0.0,260.77717866788464,130.38858933394232,-130.38858933394232,5394.097460923282,57637.34602383371,73284.16101784052,72768.28399443184,0.0,515.8770234086961,1140.770969017624,6929.1194368828565,20076.536367894358,16261.994457994424,1200.0,1200.0,9.094947017729282e-13,1.1368683772161603e-13,3,0
2025-08-18,52169.202942321885,124.12787095325127,0.0,0.0,124.12787095325127,5534.121494457476,57827.4523077326,71721.8878712823,71842.34067759835,120.45280631604037,0.0,1198.587827400856,4792.465747503773,20286.03758330927,16431.690442480507,1200.0,1200.0,9.094947017729282e-13,1.1368683772161603e-13,3,0
2025-08-19,51888.282227924414,0.0,383.8923187654084,191.9461593827042,-191.9461593827042,7325.642858718901,59021.978927260614,71024.94302076322,70606.78194042841,0.0,418.1610803348146,1557.2087696066947,4245.660385370598,18950.896182444754,15350.22590778025,1200.0,1200.0,9.094947017729282e-13,1.1368683772161603e-13,3,0
2025-08-20,54263.571209863,1216.5792697250745,524.3834173304339,262.19170866521694,954.3875610598576,9392.31383002634,64610.2726009492,74966.44745472848,75028.6203967619,1042.2252754902763,980.0523334568562,2190.2196086999375,2558.1840186108047,21105.07852728613,17095.11360710176,1200.0,1200.0,1.8189894035458565e-12,1.1368683772161603e-13,3,0
2025-08-21,52742.25255564142,247.02043822975156,771.4712837950628,385.7356418975314,-138.71520366777986,7127.832495067764,59731.3698470414,73274.10177374046,72001.2351512057,166.39172083579047,1439.2583433705338,1753.3909792234722,4079.9418863116057,20159.293477811792,16329.027717027553,1200.0,1200.0,9.094947017729282e-13,2.2737367544323206e-13,3,0
2025-08-22,22210.440843136166,0.0,61.80569029106799,30.902845145533995,-30.902845145533995,5799.32849938144,27978.86649737207,39491.37499694698,39401.40140748501,0.0,89.97358946196552,1539.3612705075166,17179.16442087217,13321.204511159776,10790.17565403942,1200.0,1200.0,1.8189894035458565e-12,1.1368683772161603e-13,3,0
2025-08-23,21876.495391469078,145.92515194311514,0.0,0.0,145.92515194311514,2819.4820220352735,24841.902565447468,39699.62392268823,39833.100171492355,133.47624880412158,0.0,1032.9645599947935,15729.60986130116,13718.151158873616,11111.702438687626,1200.0,1200.0,9.094947017729282e-13,1.1368683772161603e-13,3,0
2025-08-24,52566.08887455643,61.15607309817592,1414.3881954722872,707.1940977361436,-646.0380246379676,9439.224183258744,61359.27503317721,72000.67925510701,69759.03150498867,63.01501607230904,2304.662766190658,2121.2013930713424,4354.210419564039,19960.173658750726,16167.740663588083,1200.0,1200.0,9.094947017729282e-13,1.1368683772161603e-13,3,0
2025-08-25,58133.74390452076,479.8615380071738,2014.7613637976024,1007.3806818988012,-527.5191438916273,2861.2140157358317,60467.43877636496,81493.01435516577,78224.05997652555,339.86978474930925,3608.8241633895323,751.5732948316536,4090.7437684564347,21641.065717021593,17529.263230787492,1200.0,1200.0,9.094947017729282e-13,2.2737367544323206e-13,3,0
2025-08-26,52810.411532670754,1007.8067552575955,0.0,0.0,1007.8067552575955,3734.4926066733306,57552.71089460168,72848.48779523277,73893.29832504882,1044.8105298160535,0.0,926.6072097447097,5353.551281552024,20723.87299951665,16786.33712960848,1200.0,1200.0,9.094947017729282e-13,1.1368683772161603e-13,3,0
2025-08-27,53597.67774879864,2946.100987986326,0.0,0.0,2946.100987986326,3766.113498609138,60309.8922353941,74675.36633831015,77906.7621772984,3231.3958389882537,0.0,777.5779802377053,6520.89034271506,22364.741832391446,18115.440884237065,1200.0,1200.0,9.094947017729282e-13,1.1368683772161603e-13,3,0
2025-08-28,53313.49761821124,2399.3306569005754,0.0,0.0,2399.3306569005754,10994.50926205254,66707.33753716435,73904.68183240404,76040.13465444144,2135.4528220374114,0.0,2627.4387690146887,3868.2696204885733,21218.467471759024,17186.958652124806,1200.0,1200.0,1.8189894035458565e-12,1.1368683772161603e-13,3,0
2025-08-29,22487.3317921244,0.0,371.47836839955727,185.73918419977863,-185.73918419977863,3319.7755464199654,25621.368154344585,40524.049613734125,39994.40107635321,0.0,529.6485373809078,957.9769022164178,15736.707933619948,14002.36681552469,11341.917120575003,1200.0,1200.0,1.8189894035458565e-12,1.1368683772161603e-13,3,0
2025-08-30,22264.77227816231,0.0,3.387979861681701,1.6939899308408506,-1.6939899308408506,4909.497308474157,27172.57559670562,39737.609264856335,39732.20794247491,0.0,5.401322381421366,1525.1670420317419,20074.458017686535,14053.66912361465,11383.47199012787,1200.0,1200.0,1.8189894035458565e-12,1.1368683772161603e-13,3,0
2025-08-31,52326.90048112981,1387.6460508785979,371.36753644758653,185.68376822379327,1201.9622826548045,5312.908453882599,58841.77121766721,72420.8170609968,73734.52911781149,1718.8644141515783,405.15235733688223,1334.7530506367782,4617.85514476461,20025.283896580633,16220.479956230312,1200.0,1200.0,9.094947017729282e-13,1.1368683772161603e-13,3,0
2025-09-01,49100.10063755221,3.231108605172039e-05,1533.5772251931035,766.7886125965517,-766.7885802854656,0.0,48333.31205726675,77058.16732829128,74423.18357301394,1.6921228620958573e-05,2634.983772198567,0.0,16913.28535841602,20714.54569086631,16778.782009601713,1200.0,1200.0,9.094947017729282e-13,1.1368683772161603e-13,3,0
2025-09-02,45049.262619385656,1447.181170631151,1.8948293999436028,0.9474146999718014,1446.233755931179,448.10930636976934,46943.605681686604,70634.73250544796,72423.23422853356,1789.9604062264475,1.4586831408341823,85.48587213860908,14397.78554044895,21332.51952749064,17279.340817267417,1200.0,1200.0,9.094947017729282e-13,1.1368683772161603e-13,3,0
2025-09-03,45606.651708571735,301.58346388701455,670.0340700367473,335.01703501837363,-33.43357113135903,244.27883151748347,45817.496968957865,70156.53129503429,68958.597407227,234.8133334798925,1432.747221287203,71.3060060021474,9580.031425107923,20537.656516427443,16635.501778306236,1200.0,1200.0,1.8189894035458565e-12,1.1368683772161603e-13,3,0
2025-09-04,42833.6097715912,455.3611078258205,854.2075716981304,427.1037858490652,28.257321976755293,1245.8464896812739,44107.71358324923,66594.36753139144,65034.66176561327,351.67442362462896,1911.3801894027968,452.90137295780374,7603.094725301359,20836.3308593143,16877.427996044582,1200.0,1200.0,9.094947017729282e-13,1.1368683772161603e-13,3,0
2025-09-05,14687.647926518119,0.0,173.25142649222664,86.62571324611332,-86.62571324611332,1172.5611639626486,15773.583377234654,32462.602446404337,32194.72065474639,0.0,267.88179165794634,330.02619809297636,23023.74504437301,14088.106009472063,11411.365867672372,1200.0,1200.0,1.8189894035458565e-12,1.1368683772161603e-13,3,0
2025-09-06,13817.148680147453,0.0,82.57390027408476,41.28695013704238,-41.28695013704238,3061.401190468526,16837.262920478934,30941.739562177805,30807.417547010962,0.0,134.3220151668454,866.5568654524814,21297.221073744546,13977.20862483629,11321.538986117395,1200.0,1200.0,1.8189894035458565e-12,1.1368683772161603e-13,3,0
2025-09-07,38298.96185311019,1496.6617129390424,1.4293086480270945,0.7146543240135472,1495.947058615029,4016.8197261275764,43811.72863785279,60436.16730734888,62530.817514109905,2096.003846923943,1.3536401629198735,1024.3373366922847,4672.090381943336,20642.53080101152,16720.44994881932,1200.0,1200.0,9.094947017729282e-13,1.1368683772161603e-13,3,0
2025-09-08,38449.16624016981,421.4836165048417,166.3533054513183,83.17665272565915,338.3069637791825,18006.2966806696,56793.769884618596,60963.48320202927,60988.524136656975,357.61597843710115,332.5750438093933,4336.908604842791,1892.968336315629,21246.81511500424,17209.920243153436,1200.0,1200.0,1.8189894035458565e-12,1.1368683772161603e-13,3,0
2025-09-09,37117.364603806316,1020.278986650498,0.0,0.0,1020.278986650498,10312.884783054353,48450.528373511166,58237.148930206065,59159.968781363954,922.819851157888,0.0,2580.089916134845,4698.124254576158,20732.106190820887,16793.00601456492,1200.0,1200.0,9.094947017729282e-13,1.1368683772161603e-13,3,0
2025-09-10,40626.16186234954,0.0,527.4769700358846,263.7384850179423,-263.7384850179423,16212.05988673129,56574.48326406289,63484.8904539995,62539.5964491693,0.0,945.2940048302087,4005.19188469127,1160.8765522968515,21410.06911349322,17342.155981929507,1200.0,1200.0,9.094947017729282e-13,1.1368683772161603e-13,3,0
2025-09-11,40262.683262210485,0.0,1754.1870634834888,877.0935317417444,-877.0935317417444,5867.23217610111,45252.82190656985,64202.5117924239,60283.0386116929,0.0,3919.4731807310054,1438.7938049472732,4161.12225459245,21392.759887970475,17328.135509256084,1200.0,1200.0,9.094947017729282e-13,1.1368683772161603e-13,3,0
2025-09-12,13900.872523558739,0.0,96.2327664614219,48.11638323071095,-48.11638323071095,3680.7584613895638,17533.51460171759,31447.806977545988,31298.136958125666,0.0,149.67001942032232,1183.5365965696785,18135.06552164105,14710.272805548891,11915.3209724946,1200.0,1200.0,1.8189894035458565e-12,1.1368683772161603e-13,3,0
2025-09-13,14300.464912235962,0.0,33.13571718653867,16.567858593269335,-16.567858593269335,2833.247928187571,17117.144981830264,32259.93141746027,32210.458440171216,0.0,49.47297728905357,860.1349126013147,22281.51975019483,14641.958522338758,11859.986403094392,1200.0,1200.0,9.094947017729282e-13,1.1368683772161603e-13,3,0
2025-09-14,43449.02334534237,0.0,807.1769705831274,403.5884852915637,-403.5884852915637,5378.530388899814,48423.96524895061,67361.4548765904,66098.47798720046,0.0,1262.9768893899363,1598.7911257912904,3521.5600461435265,21454.654299201185,17378.269982352962,1200.0,1200.0,9.094947017729282e-13,1.1368683772161603e-13,3,0
2025-09-15,38207.399289252455,0.0,59.022255656936785,29.511127828468393,-29.511127828468393,11170.804401172583,49348.69256259657,59316.12131789684,59160.85721847641,0.0,155.26409942042687,2714.3254165168255,2744.331549334112,21388.528696451536,17324.70824412574,1200.0,1200.0,1.8189894035458565e-12,1.1368683772161603e-13,3,0
2025-09-16,41247.53178065314,70.0204999466607,293.49519303547186,146.74759651773593,-76.72709657107524,9909.968800857238,51080.773484939295,64361.51198598132,64108.28518284336,98.22662313671032,351.45342627466687,2599.81600383385,3119.8971051612034,21560.179464119374,17463.74536593669,1200.0,1200.0,9.094947017729282e-13,1.1368683772161603e-13,3,0
2025-09-17,41460.45604234035,0.0,27.85802582125827,13.929012910629135,-13.929012910629135,7977.349850767147,49423.87688019687,64214.30165111501,64147.950939114045,0.0,66.35071200096434,2167.961821406386,2268.2874251723433,21513.194396568877,17425.687461220783,1200.0,1200.0,4.547473508864641e-13,1.1368683772161603e-13,3,0
2025-09-18,39688.963102818634,2428.266009082248,0.0,0.0,2428.266009082248,5680.130700743269,47797.35981264415,62130.92041347625,65713.31413043757,3582.393716961341,0.0,1201.5543951325149,3875.1341320073157,21493.069878400598,17409.386601504484,1200.0,1200.0,9.094947017729282e-13,1.1368683772161603e-13,3,0
2025-09-19,14827.67214829486,129.34219873517492,0.0,0.0,129.34219873517492,2081.685729236987,17038.70007626702,32673.798645551848,32805.3272105479,131.5285649960518,0.0,770.8524411452539,14640.933442147973,14915.231015150055,12081.337122271541,1200.0,1200.0,9.094947017729282e-13,1.1368683772161603e-13,3,0
2025-09-20,14807.756357256803,0.0,14.35564763536907,7.177823817684535,-7.177823817684535,2352.944302570555,17153.522836009673,33424.09904850373,33403.58339100194,0.0,20.515657501790173,633.7918612333993,15540.363151303054,15008.307197889219,12156.728830290265,1200.0,1200.0,4.547473508864641e-13,1.1368683772161603e-13,3,0
2025-09-21,44430.02259252746,226.85699626833525,284.1651822817006,142.0825911408503,84.77440512748498,2256.85989091966,46771.65688857461,68206.87060820236,68176.47271330724,340.2042192066717,370.60211410179437,582.9905193598418,6533.5780919970275,20728.40872282482,16790.011065488106,1200.0,1200.0,9.094947017729282e-13,1.1368683772161603e-13,3,0
2025-09-22,42762.13140796205,0.0,1199.5572365948274,599.7786182974137,-599.7786182974137,11257.513914754145,53419.86670441878,65752.06681730229,63633.988958533875,0.0,2118.077858768405,3118.1082869199663,2048.383681542221,21524.703581991005,17435.009901412715,1200.0,1200.0,9.094947017729282e-13,1.1368683772161603e-13,3,0
2025-09-23,43084.40047409469,47.46023280327666,284.49405485205045,142.24702742602523,-94.78679462274856,10105.324893905434,53094.93857337738,66747.79142168831,66371.99852387198,41.134049641789375,416.92694745811826,2232.4203649142496,2388.81861593152,21573.603629059948,17474.61893953856,1200.0,1200.0,9.094947017729282e-13,2.2737367544323206e-13,3,0
2025-09-24,41658.34486861052,190.3669552594214,67.52165465756886,33.76082732878443,156.60612793063694,7934.4120064064455,49749.363002947604,64105.53431263099,64303.28885818434,275.4566055946736,77.70206004130844,2365.2619974977815,1549.1170924061225,21348.466648821086,17292.25798554508,1200.0,1200.0,9.094947017729282e-13,2.2737367544323206e-13,3,0
2025-09-25,43440.857263727696,593.0346694021562,0.0,0.0,593.0346694021562,5946.613565172019,49980.50549830187,67168.01669163234,68011.72641792364,843.7097262913114,0.0,1554.6373781704328,5156.817361688952,21442.61860213228,17368.521067727146,1200.0,1200.0,9.094947017729282e-13,1.1368683772161603e-13,3,0
2025-09-26,14991.420322182856,0.0,181.7784699338349,90.88923496691746,-90.88923496691746,1169.6175504644411,16070.148637680379,33690.06802278908,33410.72829213368,0.0,279.33973065539794,382.4455451832128,13164.075053574736,15446.606756537669,12511.751472795511,1200.0,1200.0,4.547473508864641e-13,1.1368683772161603e-13,3,0
2025-09-27,15645.190066554753,301.4848169342272,0.0,0.0,301.4848169342272,2192.4792586942726,18139.154142183255,34051.8028924392,34359.542847624456,307.7399551852542,0.0,677.4082882424718,14315.858615942283,15367.317210129731,12447.526940205085,1200.0,1200.0,1.8189894035458565e-12,1.1368683772161603e-13,3,0
2025-09-28,45395.34545270579,2418.3642082785473,0.0,0.0,2418.3642082785473,2547.9664497464964,50361.67611073084,69338.30242883338,72051.53184349781,2713.229414664436,0.0,661.7305764677512,4922.394883286754,22648.623000063893,18345.38463005175,1200.0,1200.0,9.094947017729282e-13,1.1368683772161603e-13,3,0
2025-09-29,44065.61112990273,0.0,1972.8373961840061,986.4186980920031,-986.4186980920031,13527.5196451686,56606.71207697933,68226.42647764547,64940.81686730384,0.0,3285.609610341617,3224.9310267498654,1314.7289368183594,21532.24924860709,17441.121891371746,1200.0,1200.0,4.547473508864641e-13,1.1368683772161603e-13,3,0
2025-09-30,44503.688553126965,102.42850591972471,108.92844259220509,54.464221296102544,47.96428462362217,10487.097282679053,55038.75012042965,68496.15581689135,68452.26985116822,111.68154252723849,155.56750825035613,2468.480644340077,1323.358625463879,21974.82685988292,17799.60975650516,1200.0,1200.0,9.094947017729282e-13,1.1368683772161603e-13,3,0
2025-10-01,42162.725409872495,1.7704413450754954,1045.5085162438181,522.7542581219091,-520.9838167768336,382.8837411846367,42024.625334280296,68382.68904905638,66350.80553343856,1.2620768071539032,2033.1455924249844,179.6408049285535,12719.474206332043,21839.213677377546,17689.763078675816,1200.0,1200.0,4.547473508864641e-13,1.1368683772161603e-13,3,0
2025-10-02,42895.50696691166,0.0,1930.2719453362474,965.1359726681237,-965.1359726681237,637.1638510624493,42567.534845305985,69615.12868692902,66625.81480143697,0.0,2989.31388549205,258.3834481217141,11038.208500762541,21658.98227436566,17543.775642236185,1200.0,1200.0,9.094947017729282e-13,1.1368683772161603e-13,3,0
2025-10-03,13222.733996913015,0.0,15.6653345727719,7.83266728638595,-7.83266728638595,225.68625104417043,13440.587580670799,32017.47619645902,31987.973649119765,0.0,29.502547339254512,111.34086784029762,21345.883177232932,15454.092840669146,12517.81520094201,1200.0,1200.0,9.094947017729282e-13,1.1368683772161603e-13,3,0
2025-10-04,13857.272902032251,0.0,4.907178738506802,2.453589369253401,-2.453589369253401,415.18753458361346,14270.00684724661,32662.8812695502,32656.091582730274,0.0,6.7896868199244125,144.63956262980315,16687.766171319337,15878.855477407382,12861.87293669998,1200.0,1200.0,1.8189894035458565e-12,1.1368683772161603e-13,3,0
2025-10-05,41301.84023226139,2.293704061181138,1967.406581120627,983.7032905603135,-981.4095864991324,1637.6305729296373,41958.061218691895,67195.30003741795,63512.108149169726,1.7075779349943332,3684.8994661832166,538.8048622990422,5225.849753132952,21521.5904824692,17432.48829080005,1200.0,1200.0,1.8189894035458565e-12,1.1368683772161603e-13,3,0
2025-10-06,39316.30723497697,673.6208460770744,47.42373607845709,23.711868039228545,649.9089780378458,4584.055516816555,44550.27172983138,62024.83905838828,62834.80535663259,876.8109325961192,66.84463435181164,1418.605481442795,2433.482730169623,21509.57293634609,17422.75407844033,1200.0,1200.0,9.094947017729282e-13,1.1368683772161603e-13,3,0
2025-10-07,39871.07398729044,213.21708021457508,35.66296919850243,17.831484599251215,195.38559561532387,2887.813167621074,42954.27275052683,64029.66723722933,64208.71705002412,224.16236142859952,45.11254863381673,768.7224536561887,3130.1361052355205,21451.265254972564,17375.52485652778,1200.0,1200.0,1.8189894035458565e-12,1.1368683772161603e-13,3,0
2025-10-08,38475.50960284492,0.0,94.9819304567421,47.49096522837105,-47.49096522837105,5903.7570793425875,44331.775716959135,62339.6495173032,62161.94506709561,0.0,177.70445020759962,1438.0664283891454,3064.9856223088473,21350.158981627552,17293.62877511832,1200.0,1200.0,1.8189894035458565e-12,2.2737367544323206e-13,3,0
2025-10-09,40343.93668416681,0.0,1862.388401502374,931.194200751187,-931.194200751187,4875.823833252516,44288.56631666813,64972.958356239586,61680.609103430084,0.0,3292.349252809511,1039.4294284179414,2905.101053723026,21341.872604166663,17286.916809374998,1200.0,1200.0,9.094947017729282e-13,1.1368683772161603e-13,3,0
2025-10-10,12540.092428261161,13.497575449923623,0.0,0.0,13.497575449923623,2303.6921713957936,14857.28217510688,31079.48930300409,31092.546842491,13.057539486909025,0.0,775.4344350556992,19476.587268380667,16040.96364473347,12993.180552234106,1200.0,1200.0,9.094947017729282e-13,1.1368683772161603e-13,3,0
2025-10-11,13080.474065530334,121.29596411167613,0.0,0.0,121.29596411167613,1488.3690954218866,14690.139125063895,31907.31118625046,32038.029290341667,130.71810409120732,0.0,410.43221178619643,15252.038482412427,16263.733875695292,13173.624439313186,1200.0,1200.0,1.8189894035458565e-12,1.1368683772161603e-13,3,0
2025-10-12,39687.39699080636,739.8871368470278,554.7263345277411,277.36316726387054,462.52396958315734,3703.4729966938894,43853.39395708341,64489.83941988286,64909.915378343336,1062.5430784443959,642.4671199839174,883.8706757076852,3216.6981827614845,21379.64151555895,17317.50962760275,1200.0,1200.0,9.094947017729282e-13,1.1368683772161603e-13,3,0
2025-10-13,41022.97653142747,0.0,710.6151702460522,355.3075851230261,-355.3075851230261,2730.117114240079,43397.78606054453,65533.34458298885,64243.636004676315,0.0,1289.7085783125299,746.9828436354464,3896.6731641407196,21402.896758794966,17336.34637462392,1200.0,1200.0,9.094947017729282e-13,1.1368683772161603e-13,3,0
2025-10-14,41871.13351992078,209.2477785299488,1125.2086568857403,562.6043284428702,-353.3565499129214,8180.893418609337,49698.670388617196,66405.39863861277,64289.92752444754,159.67836849280667,2275.1494826580456,2149.1213419287105,1594.439335875395,21425.159195618497,17354.37894845098,1200.0,1200.0,9.094947017729282e-13,2.2737367544323206e-13,3,0
2025-10-15,41429.559198129326,0.0,551.3406114255736,275.6703057127868,-275.6703057127868,8400.346584254834,49554.23547667137,66238.6593236331,65384.94319155928,0.0,853.7161320738066,2251.1826552123816,1640.1605240932702,21452.324593044126,17376.382920365737,1200.0,1200.0,9.094947017729282e-13,1.1368683772161603e-13,3,0
2025-10-16,41549.243664196016,466.31937058252237,0.0,0.0,466.31937058252237,11598.752979388526,53614.31601416707,65554.18327575474,65977.93571852325,423.75244276850924,0.0,2736.3974264121202,1630.5926591288253,21669.829135823937,17552.561600017383,1200.0,1200.0,1.8189894035458565e-12,1.1368683772161603e-13,3,0
2025-10-17,12909.983689599369,97.40789885313716,0.0,0.0,97.40789885313716,2153.646754460898,15161.038342913404,31584.495439717386,31686.17258706127,101.67714734388406,0.0,653.6770320502792,13245.328753076761,16264.850259832216,13174.528710464092,1200.0,1200.0,9.094947017729282e-13,1.1368683772161603e-13,3,0
2025-10-18,13660.394123722053,23.879421121720064,0.0,0.0,23.879421121720064,848.3797020760574,14532.653246919832,32755.241659431827,32782.14866491189,26.907005480058103,0.0,365.18553713307125,13948.073828657105,16435.090035374647,13312.42292865346,1200.0,1200.0,1.8189894035458565e-12,1.1368683772161603e-13,3,0
2025-10-19,44200.85934905114,147.1298810213155,225.05146575665378,112.52573287832689,34.604148142988606,5960.45258623409,50195.91608342822,69378.93397235437,69090.86209006805,110.82023100047874,398.8921132868007,1289.2627990588398,2281.634988802595,22172.459826268238,17959.692459277274,1200.0,1200.0,4.547473508864641e-13,1.1368683772161603e-13,3,0
2025-10-20,46022.44665857202,92.84842451149512,110.55987558796724,55.27993779398362,37.568486717511504,2823.483609251443,48883.49875454098,72026.90515030446,72019.86503933012,141.51365149146238,148.55376246580022,620.7280253690896,3811.6505483765523,23095.579735031555,18707.41958537556,1200.0,1200.0,9.094947017729282e-13,1.1368683772161603e-13,3,0
2025-10-21,46013.25091587621,594.0231403054602,0.8705109755976099,0.43525548779880496,593.5878848176613,4578.759835335814,51185.59863602969,71572.52675872984,72217.30683950712,645.610324912333,0.830244135047792,1164.3387848642071,2385.4173745870044,23861.29947254908,19327.652572764753,1200.0,1200.0,1.8189894035458565e-12,2.2737367544323206e-13,3,0
2025-10-22,45471.03972565407,109.35841737383774,758.2167206536086,379.1083603268043,-269.74994295296653,8025.173956198529,53226.463738899634,71354.91745302765,70368.03080720549,71.65614436363626,1058.5427901857968,1587.2996414974996,2116.5286166833484,22546.86911589287,18262.963983873226,1200.0,1200.0,9.094947017729282e-13,1.1368683772161603e-13,3,0
2025-10-23,47326.22005722206,0.0,3735.3697618668216,1867.6848809334108,-1867.6848809334108,4955.546817155141,50414.08199344379,75093.56186425297,69099.19869663322,0.0,5994.363167619747,1179.253385162784,2564.5642012984736,22812.583406127364,18478.192558963165,1200.0,1200.0,9.094947017729282e-13,1.1368683772161603e-13,3,0
2025-10-24,13444.246997998023,92.3467525252506,0.0,0.0,92.3467525252506,3133.4108650660537,16670.00461558933,32807.191655888564,32903.260986566725,96.06933067816172,0.0,835.1739309495708,11990.906245678398,17513.041869322264,14185.563914151036,1200.0,1200.0,9.094947017729282e-13,1.1368683772161603e-13,3,0
2025-10-25,14155.688816608901,10.955891057110462,0.0,0.0,10.955891057110462,1480.7402970155904,15647.385004681602,33691.704313098584,33702.717652331,11.013339232407475,0.0,443.51808414713577,11361.02205312977,17825.162894815934,14438.381944800904,1200.0,1200.0,9.094947017729282e-13,1.1368683772161603e-13,3,0
2025-10-26,47651.8921341605,23.82397151462819,2454.990928682327,1227.4954643411636,-1203.6714928265353,3057.7360293366055,49505.95667067058,74222.77120044405,70579.28133961957,16.219975158653142,3659.7098359831402,933.742101612998,2601.6963346433313,22984.28994696089,18617.27485703832,1200.0,1200.0,9.094947017729282e-13,1.1368683772161603e-13,3,0
2025-10-27,46476.4676272288,863.1116896278147,216.92878215827807,108.46439107913903,754.6472985486757,1968.693295807173,49199.80822158464,72628.9923598902,73098.04208975782,715.9684570508152,246.91872718318047,482.19349646024506,5655.146262805705,23013.198193398413,18640.690536652724,1200.0,1200.0,1.8189894035458565e-12,1.1368683772161603e-13,3,0
2025-10-28,46854.783144407804,446.8415598897743,265.8652031916958,132.9326015958479,313.9089582939264,2453.7004813822714,49622.392584083995,72512.2932196144,72592.2077513756,375.1650510356731,295.2505192744861,629.2188100915305,2889.661664646413,22943.911562214238,18584.568365393534,1200.0,1200.0,9.094947017729282e-13,1.1368683772161603e-13,3,0
2025-10-29,47520.04563892582,962.5634968578181,0.0,0.0,962.5634968578181,5742.56528601195,54225.174421795586,73232.9349964162,74014.14782268173,781.2128262655315,0.0,1318.6517809867967,1601.3696952883276,23258.80583357996,18839.63272519977,1200.0,1200.0,1.8189894035458565e-12,1.1368683772161603e-13,3,0
2025-10-30,47364.18402165966,188.70331273245057,754.0455187780963,377.02275938904813,-188.31944665659756,3876.0348735425123,51051.89944854557,72365.6965429116,71382.63913754688,138.36692195219433,1121.4243273169036,954.5570407454816,3173.78235995069,23029.453517587797,18653.85734924612,1200.0,1200.0,9.094947017729282e-13,1.1368683772161603e-13,3,0
2025-10-31,14369.272027774367,0.0,9.921905786647558,4.960952893323779,-4.960952893323779,1549.823913131315,15914.134988012358,34307.47161019915,34291.01647907201,0.0,16.45513112714215,425.3369150303931,7353.335329596023,18203.821041261654,14745.095043421941,1200.0,1200.0,1.8189894035458565e-12,1.1368683772161603e-13,3,0
2025-11-01,14364.215607114733,0.0,31.4184361421955,15.70921807109775,-15.70921807109775,1158.159691196187,15506.666080239822,34734.832329000295,34679.353464068394,0.0,55.47886493190724,482.1483156567126,9141.758133912612,18293.185328837684,14817.480116358529,1200.0,1200.0,9.094947017729282e-13,1.1368683772161603e-13,3,0
2025-11-02,49838.49070073356,779.3008483853405,0.0,0.0,779.3008483853405,2920.9155559015144,53538.70710502041,75812.13918959485,76559.72109730337,747.5819077085151,0.0,659.4792442480352,3963.644661765361,23469.324981330003,19010.1532348773,1200.0,1200.0,9.094947017729282e-13,1.1368683772161603e-13,3,0
2025-11-03,51902.90289709139,44.67060058306879,667.8453157932645,333.92265789663224,-289.25205731356345,1904.9733085628761,53518.62414834071,78078.71900284164,77212.47847490013,32.12095846325167,898.3614864047619,543.5646943830898,3874.4741087447483,23034.940932658617,18658.30215545347,1200.0,1200.0,4.547473508864641e-13,1.1368683772161603e-13,3,0
2025-11-04,50582.56129304319,73.06329175890227,142.8581487470316,71.4290743735158,1.6342173853864708,2180.40102871222,52764.596539140795,77111.76115873686,76878.86104493888,64.79562703499204,297.69574083297186,489.104743470716,5353.920056111077,23336.703678764177,18902.729979798984,1200.0,1200.0,9.094947017729282e-13,1.1368683772161603e-13,3,0
2025-11-05,52396.81632288828,0.0,1548.5466902072967,774.2733451036484,-774.2733451036484,2335.8000699344484,53958.34304771907,78453.04811354258,76355.28190291753,0.0,2097.7662106250373,646.7456969055637,3057.547069783782,22455.055070382332,18188.59460700969,1200.0,1200.0,9.094947017729282e-13,1.1368683772161603e-13,3,0
2025-11-06,52027.98261174582,424.6451845420266,6.688522982032634,3.344261491016317,421.3009230510103,4778.079793799667,57227.363328596504,77418.53797310946,77746.00563906509,340.30798652010844,12.840320564470403,1036.3405225971198,3056.9561294184055,22925.292011809477,18569.486529565675,1200.0,1200.0,9.094947017729282e-13,1.911314484459581e-08,3,0
2025-11-07,15008.598072892306,0.0,0.0,0.0,0.0,986.6728952106928,15995.270968102997,35598.70383021626,35598.70383021626,0.0,0.0,307.8048938000302,9146.140961511437,18115.294627218544,14673.388648047021,1200.0,1200.0,1.8189894035458565e-12,1.1368683772161603e-13,3,0
2025-11-08,15105.585890881997,0.0,0.0,0.0,0.0,785.983817005618,15891.569707887615,35624.83963162871,35624.83963162871,0.0,0.0,282.39402249351446,8672.511194179056,18123.765052332445,14680.249692389278,1200.0,1200.0,9.094947017729282e-13,1.1368683772161603e-13,3,0
2025-11-09,52785.1195549027,15.726698383298212,416.78770211008873,208.39385105504437,-192.66715267174615,3518.233463421908,56110.685865652864,78799.15094202498,78226.90378363625,11.205925515134311,583.4530839038753,881.2019965171253,3503.400313180916,22409.93833494277,18152.050051303642,1200.0,1200.0,9.094947017729282e-13,1.1368683772161603e-13,3,0
2025-11-10,54026.33246035664,1053.4803083334327,0.0,0.0,1053.4803083334327,3748.260339873858,58828.073108563935,79151.39216462873,80149.82076441204,998.4285997833138,0.0,839.0114315027531,2870.694406629546,22419.44573308027,18159.751043795022,1200.0,1200.0,9.094947017729282e-13,1.1368683772161603e-13,3,0
2025-11-11,54395.97820624443,79.80893244388685,813.7014106024119,406.85070530120595,-327.0417728573191,1302.6192603104153,55371.55569369753,80423.89483919676,79462.15815836746,58.807498073341094,1020.5441789026439,320.4016058958848,3986.439101349211,22300.531559197174,18063.43056294971,1200.0,1200.0,9.094947017729282e-13,1.1368683772161603e-13,3,0
2025-11-12,53874.26859413923,458.08708374241115,1.7458812848152483,0.8729406424076241,457.2141431000035,1585.321635432318,55916.80437267155,79758.78355376904,80091.94474553353,336.570450278104,3.409258513601344,350.57009074124534,5221.783162311356,22446.020652439107,18181.276728475674,1200.0,1200.0,9.094947017729282e-13,1.1368683772161603e-13,3,0
2025-11-13,54376.13009884993,0.0,589.7097557931057,294.85487789655286,-294.85487789655286,4733.452574707681,58814.727795661056,79280.89527540762,78589.8428533932,0.0,691.0524220144162,1184.9159395387687,3031.0107165930303,22883.561893011953,18535.68513333968,1200.0,1200.0,9.094947017729282e-13,1.1368683772161603e-13,3,0
2025-11-14,15345.423379520202,0.0,24.545353217227696,12.272676608613848,-12.272676608613848,937.7988067814401,16270.94950969303,36127.56530501657,36089.37486381661,0.0,38.19044119996647,350.86508626964326,5244.9194731470725,18930.86935231146,15334.004175372282,1200.0,1200.0,1.8189894035458565e-12,1.1368683772161603e-13,3,0
2025-11-15,15712.658797748076,0.0,1.5637132364074828,0.7818566182037414,-0.7818566182037414,1207.4800986836335,16919.357039813505,36416.30947004083,36413.53249750237,0.0,2.776972538461166,408.8065094898987,4934.5666298622145,19346.76558138626,15670.880120922871,1200.0,1200.0,9.094947017729282e-13,1.1368683772161603e-13,3,0
2025-11-16,55200.25057449224,643.2955073673211,52.22492547057567,26.112462735287835,617.1830446320332,3939.9532507444715,59757.38686986875,80695.88691068387,81057.16047923242,460.97692668718315,99.70335813862869,916.2091958059112,3145.0765146002686,23124.9935637091,18731.24478660437,1200.0,1200.0,9.094947017729282e-13,1.1368683772161603e-13,3,0
2025-11-17,54955.51938481237,1384.6218761301777,0.0,0.0,1384.6218761301777,1515.0946422627078,57855.235903205255,80551.73981311577,81739.31746287321,1187.5776497574475,0.0,408.68683337928553,5046.041665800935,23190.569984832786,18784.361687714554,1200.0,1200.0,1.8189894035458565e-12,1.1368683772161603e-13,3,0
2025-11-18,55263.64395818406,10.141928977881781,452.92285516932134,226.46142758466067,-216.3194986067789,5800.2255634253,60847.55002300258,80443.55763092134,79967.15376723355,7.183686767163749,483.5875504549352,1495.5605209216283,2326.639273354924,22344.858849825905,18099.33566835898,1200.0,1200.0,9.094947017729282e-13,1.1368683772161603e-13,3,0
2025-11-19,56184.54858598966,2074.991220134445,0.0,0.0,2074.991220134445,2565.3546972191707,60824.89450334327,80729.83914416413,82369.69853870457,1639.8593945404461,0.0,707.0758498033397,3457.6036150946775,22372.94301796439,18122.083844551154,1200.0,1200.0,9.094947017729282e-13,1.1368683772161603e-13,3,0
2025-11-20,55303.479516844585,0.0,230.2245194965262,115.1122597482631,-115.1122597482631,4764.604988238867,59952.972245335186,80865.44007303452,80599.37575666801,0.0,266.0643163665163,1068.5529660823024,2632.215253255111,22329.67071664137,18087.03328047951,1200.0,1200.0,9.094947017729282e-13,2.2737367544323206e-13,3,0
2025-11-21,15951.786552612517,121.68347173018097,0.0,0.0,121.68347173018097,1335.7630035304305,17409.23302787313,36632.408836613875,36906.93443555393,274.5255989400586,0.0,546.5518475868388,5039.410973057989,18682.585491663733,15132.89424824762,1200.0,1200.0,1.8189894035458565e-12,1.1368683772161603e-13,3,0
2025-11-22,16245.947785438693,0.0,57.04752350874051,28.523761754370256,-28.523761754370256,1983.9374545476471,18201.36147823197,38054.759421960785,37903.22411093501,0.0,151.53531102578222,631.7957909396041,4710.948268298875,18969.69552759161,15365.453377349204,1200.0,1200.0,1.8189894035458565e-12,1.1368683772161603e-13,3,0
2025-11-23,56626.20784976779,999.5339317829554,13.969013272310697,6.9845066361553485,992.5494251468001,3200.0139442441464,60818.771219158734,82043.87579513462,82694.08414913403,677.4880275122971,27.279673512893737,751.1186764120808,3946.2977659040375,22456.888296361743,18190.079520053005,1200.0,1200.0,1.8189894035458565e-12,1.1368683772161603e-13,3,0
2025-11-24,56185.91990098469,247.00034420373984,575.5544567108982,287.7772283554491,-40.776884151709254,2736.1907271397954,58881.33374397277,81781.69770490086,81178.59550104343,178.77483245190962,781.8770363093403,640.2291560872171,3411.5651840985784,22343.767226484553,18098.45145345249,1200.0,1200.0,1.8189894035458565e-12,2.2737367544323206e-13,3,0
2025-11-25,57637.79753984574,0.0,132.33207272115402,66.16603636057701,-66.16603636057701,1970.9265448276299,59542.55804831279,83865.75500533903,83655.51768578526,0.0,210.23731955376587,514.8196524755784,3739.7353543057916,22431.271143623075,18169.329626334693,1200.0,1200.0,9.094947017729282e-13,1.1368683772161603e-13,3,0
2025-11-26,57502.43037273496,727.2936051093087,0.0,0.0,727.2936051093087,3156.200093926389,61385.924071770656,82796.34834627804,83304.73015672147,508.38181044342485,0.0,685.9849740155926,2989.2562888050065,22335.747150519615,18091.95519192089,1200.0,1200.0,9.094947017729282e-13,1.1368683772161603e-13,3,0
2025-11-27,57448.978046408374,96.69525220032693,0.0,0.0,96.69525220032693,3719.2795745390295,61264.952873147726,82496.26558079611,82574.1155006516,77.84991985549718,0.0,806.7547459812904,3346.8615527564516,22384.820844963684,18131.704884420582,1200.0,1200.0,1.8189894035458565e-12,1.1368683772161603e-13,3,0
2025-11-28,15843.185262629013,30.31147063733588,0.0,0.0,30.31147063733588,1622.837038565996,17496.333771832346,37966.98677073972,38025.49085351126,58.50408277154355,0.0,491.67854343561623,3946.1704740483137,19209.265120518765,15559.504747620198,1200.0,1200.0,1.8189894035458565e-12,1.1368683772161603e-13,3,0
2025-11-29,17003.349027793724,0.0,71.066817625505,35.5334088127525,-35.5334088127525,2882.0025975553,19849.818216536267,40367.33212007587,40229.29976006077,0.0,138.0323600151047,1044.2647947353873,2649.817829405623,19443.666449423814,15749.369824033281,1200.0,1200.0,1.8189894035458565e-12,1.1368683772161603e-13,3,0
2025-11-30,59361.504357816695,846.101039329602,3.691623960388411,1.8458119801942054,844.2552273494077,5081.561407451934,65287.32099261803,84551.1474231171,85113.71410916187,568.2426146431274,5.675928598383166,1163.602333049363,1782.4350995195748,22368.701189605174,18118.64796358019,1200.0,1200.0,1.8189894035458565e-12,2.2737367544323206e-13,3,0
2025-12-01,64362.9455671015,185.43462419345215,634.886987576063,317.4434937880315,-132.00886959457932,26076.676029811217,90307.61272731813,86214.01950823079,85612.6478001874,122.98428870090646,724.3559967442985,5771.000286129016,682.1559377291813,23171.39165923111,18768.8272439772,1200.0,1200.0,9.094947017729282e-13,1.1368683772161603e-13,3,0
2025-12-02,66610.39919963939,21.981104276439765,48.23739191635281,24.118695958176406,-2.137591681736641,23917.87056848577,90526.13217644344,88828.82437070174,88767.00874451782,11.707039068975632,73.5226652529027,5041.3604494809915,677.2084883433185,23649.214503449944,19155.863747794454,1200.0,1200.0,9.094947017729282e-13,1.1368683772161603e-13,3,0
2025-12-03,66408.83036052226,844.703428513455,0.0,0.0,844.703428513455,14084.832705646786,81338.3664946825,88850.24079127301,89521.99808113233,671.7572898593186,0.0,3284.941839098178,1082.3123889713252,24009.889287329053,19448.010322736533,1200.0,1200.0,9.094947017729282e-13,1.1368683772161603e-13,3,0
2025-12-04,68792.7758562056,3.591591499821328,845.9698767473354,422.9849383736677,-419.3933468738464,11782.848619199423,80156.23112853117,92184.64532565276,91350.91526861986,2.2963405900203497,836.0263976229265,2481.1972766687877,2493.0739812761212,24041.20954743432,19473.379733421792,1200.0,1200.0,9.094947017729282e-13,2.2737367544323206e-13,3,0
2025-12-05,21624.58266142334,0.0,6.052637578418689,3.0263187892093444,-3.0263187892093444,2651.450700715074,24273.007043349207,48529.772135578125,48514.79150862895,0.0,14.980626949176099,795.774325209182,3920.082994021993,21467.658718330567,17388.80356184776,1200.0,1200.0,9.094947017729282e-13,1.1368683772161603e-13,3,0
2025-12-06,23733.558417948123,0.0,50.39418038119339,25.197090190596693,-25.197090190596693,2279.333276204934,25987.69460396246,51125.643685046576,51041.45343004258,0.0,84.190255004,671.2260956374378,3959.5054115829635,21518.648933844113,17430.10563641373,1200.0,1200.0,9.094947017729282e-13,1.1368683772161603e-13,3,0
2025-12-07,73477.31402076902,0.0,1897.086468492989,948.5432342464945,-948.5432342464945,3480.942279259867,76009.71306578239,97275.75416644175,95160.13700576352,0.0,2115.6171606782345,764.5831294823478,3587.1104449990307,24657.518106562296,19972.589666315464,1200.0,1200.0,4.547473508864641e-13,1.1368683772161603e-13,3,0
2025-12-08,74946.19330756913,288.7941585144329,0.0,0.0,288.7941585144329,1033.5139248693208,76268.50139095288,98729.10822334445,99005.71661135218,276.60838800774343,0.0,195.87433925629125,6641.270412324282,24805.83906114489,20092.729639527366,1200.0,1200.0,9.094947017729282e-13,1.1368683772161603e-13,3,0
2025-12-09,73561.96793667093,0.0,801.7812273939069,400.89061369695344,-400.89061369695344,2125.960394105371,75287.03771707935,98288.4715661578,97356.67277643664,0.0,931.7987897211643,423.2107096722759,5613.727949661741,25145.796156739438,20368.09488695895,1200.0,1200.0,9.094947017729282e-13,1.1368683772161603e-13,3,0
2025-12-10,73060.41833208225,96.72897880027773,0.0,0.0,96.72897880027773,2500.4524088422963,75657.59971972482,96408.61964452776,96498.62082967549,90.00118514772646,0.0,554.7344352892856,3826.9852135038172,25467.113604180486,20628.362019386193,1200.0,1200.0,9.094947017729282e-13,1.1368683772161603e-13,3,0
2025-12-11,71839.49928036216,0.0,922.321125605367,461.1605628026835,-461.1605628026835,1329.5227976180563,72707.86151517753,96867.63550518753,95893.786823556,0.0,973.8486816315205,371.58858016564045,5581.942278543112,24853.570658834364,20131.392233655828,1200.0,1200.0,9.094947017729282e-13,1.1368683772161603e-13,3,0
2025-12-12,22935.897802351865,204.0850301885717,0.0,0.0,204.0850301885717,2468.173501755542,25608.156334295978,50235.97070253462,50513.51760509899,277.54690256436913,0.0,757.4657857098813,3479.7962720330916,21456.703344433914,17379.92970899147,1200.0,1200.0,9.094947017729282e-13,1.1368683772161603e-13,3,0
2025-12-13,23360.899101334173,173.2678064213843,102.58373023341323,51.29186511670662,121.9759413046777,2247.546674277576,25730.42171691643,50484.531453956406,50425.17446483893,180.70201037410013,240.0589994915788,605.1055143541266,3164.678885723846,21405.619527030904,17338.551816895033,1200.0,1200.0,1.8189894035458565e-12,1.1368683772161603e-13,3,0
2025-12-14,71940.83739116964,122.74085504943372,0.0,0.0,122.74085504943372,4508.540342142341,76572.11858836142,95026.41914247748,95132.43272544703,106.01358296955902,0.0,846.6782198689685,2534.024264227898,24559.815163621573,19893.45028253348,1200.0,1200.0,9.094947017729282e-13,1.1368683772161603e-13,3,0
2025-12-15,73156.3390216108,923.8700369057644,0.0,0.0,923.8700369057644,2798.2808951208867,76878.48995363746,96524.7733091102,97170.70074208805,645.9274329778717,0.0,605.4759326489274,3642.7644254654665,24546.60148739393,19882.747204789077,1200.0,1200.0,9.094947017729282e-13,1.1368683772161603e-13,3,0
2025-12-16,73855.43194853747,0.0,445.38512688474043,222.69256344237021,-222.69256344237021,1672.9890693410048,75305.72845443612,97668.49374375079,97197.04612672748,0.0,471.4476170233194,412.67991606507064,3521.6503903460457,24578.864837437766,19908.88051832459,1200.0,1200.0,9.094947017729282e-13,2.2737367544323206e-13,3,0
2025-12-17,73911.67140402473,0.0,1197.7548719680408,598.8774359840204,-598.8774359840204,2632.0166336244597,75944.81060166517,97464.34704775529,96223.40235777618,0.0,1240.9446899791276,618.0969660871397,4019.003475888281,24371.835691096647,19741.186909788277,1200.0,1200.0,9.094947017729282e-13,2.2737367544323206e-13,3,0
2025-12-18,71953.98257516712,18.39047320412964,241.46391050371426,120.73195525185713,-102.3414820477275,2003.641221076462,73855.28231419584,95890.54793519509,95543.48558615414,12.914610125186641,359.97695916612327,559.119030465165,4090.891994425668,24449.713976457708,19804.26832093074,1200.0,1200.0,4.547473508864641e-13,1.1368683772161603e-13,3,0
2025-12-19,22800.077848644443,0.0,14.910605786045679,7.455302893022839,-7.455302893022839,2570.0374359766934,25362.659981728113,49993.54306532955,49961.513871155796,0.0,32.02919417374983,652.9864152425944,3635.8625291686153,21422.349774893533,17352.10331766376,1200.0,1200.0,9.094947017729282e-13,1.1368683772161603e-13,3,0
2025-12-20,23047.7963346743,0.0,444.80572847763926,222.40286423881963,-222.40286423881963,1783.3997966231077,24608.79326705859,50510.225594618416,49612.69707825753,0.0,897.5285163608828,502.0582921257159,3181.466774991348,21457.55971258896,17380.623367197062,1200.0,1200.0,9.094947017729282e-13,1.1368683772161603e-13,3,0
2025-12-21,72272.74228379295,0.0,1129.2858142105451,564.6429071052726,-564.6429071052726,6229.011170173629,77937.11054686131,96171.76491994725,94944.8612560445,0.0,1226.9036639027363,1392.0807549820192,2605.193220615966,24705.089072336294,20011.1221485924,1200.0,1200.0,1.8189894035458565e-12,1.1368683772161603e-13,3,0
2025-12-22,74185.78892372467,0.0,611.9030102032273,305.95150510161363,-305.95150510161363,3017.536307588397,76897.37372621143,97253.2637941005,96599.60726167262,0.0,653.6565324278815,611.1495670238182,3588.0976329162986,24659.11638129894,19973.884268852144,1200.0,1200.0,1.8189894035458565e-12,1.1368683772161603e-13,3,0
2025-12-23,73762.94569551118,0.0,1626.9196220992417,813.4598110496208,-813.4598110496208,1320.5631514863262,74270.04903594787,97669.27620158897,95942.31171413053,0.0,1726.96448745843,317.56336686109074,4294.176291594002,24776.875031917276,20069.26877585299,1200.0,1200.0,1.8189894035458565e-12,2.2737367544323206e-13,3,0
2025-12-24,72180.7584835787,0.0,371.85279083608555,185.92639541804277,-185.92639541804277,2312.0039192407003,74306.83600740136,96266.11111218928,95773.20444622288,0.0,492.90666596638494,511.2261146797693,3712.592732084815,24827.781642900954,20110.50313074977,1200.0,1200.0,1.8189894035458565e-12,2.2737367544323206e-13,3,0
2025-12-25,71011.45773859712,0.0,573.288774180255,286.6443870901275,-286.6443870901275,4291.257396573274,75016.0707480803,94463.25168401035,93879.87093729955,0.0,583.3807467107957,1068.5121683779141,2455.7490227578483,24632.55552413833,19952.369974552043,1200.0,1200.0,9.094947017729282e-13,1.1368683772161603e-13,3,0
2025-12-26,22356.119057259224,51.529665638542106,247.76380705776654,123.88190352888327,-72.35223789034117,4053.3118627347767,26337.07868210366,49015.5654036627,48438.51591669757,44.7655856472436,621.815072612372,1149.919381993466,2509.7540318615343,21426.625439453564,17355.566605957392,1200.0,1200.0,1.8189894035458565e-12,1.1368683772161603e-13,3,0
2025-12-27,21937.222357668754,0.0,104.11090883807327,52.055454419036636,-52.055454419036636,3130.5664703210546,25015.733373570773,49090.07773241897,48866.94585848152,0.0,223.13187393744585,908.7527591375617,2345.465864657326,21533.808875237326,17442.38518894223,1200.0,1200.0,1.8189894035458565e-12,1.1368683772161603e-13,3,0
2025-12-28,70271.9487929774,0.0,500.07730477618765,250.03865238809382,-250.03865238809382,4063.4951012995552,74085.40524188886,94357.85239820732,93829.68499706147,0.0,528.1674011458559,946.2370496533115,3290.8218049080147,24609.713114772494,19933.86762296572,1200.0,1200.0,9.094947017729282e-13,1.1368683772161603e-13,3,0
2025-12-29,70979.36160606204,393.22665826450935,0.0,0.0,393.22665826450935,2588.4190243227076,73961.00728864927,95283.54416298892,95659.65338716388,376.10922417497284,0.0,537.298124470086,3981.144223067364,24694.952746841824,20002.911724941878,1200.0,1200.0,9.094947017729282e-13,1.1368683772161603e-13,3,0
2025-12-30,70398.68873479283,33.77165375911704,240.20221692276516,120.10110846138258,-86.32945470226555,3142.691357235791,73455.05063732635,95119.7437271607,94786.37057919535,25.20237315719885,358.5755211225477,662.7829394459541,4505.075090376495,24840.39909613061,20120.72326786579,1200.0,1200.0,9.094947017729282e-13,1.1368683772161603e-13,3,0
2025-12-31,72621.34455557354,0.0,62.79581932276095,31.397909661380474,-31.397909661380474,6596.146959124919,79186.09360503707,99826.5911083766,99737.65222891289,0.0,88.93887946370228,1282.7610922472725,2358.2255768291743,29977.709531566616,19961.94472056895,1200.0,6000.0,9.094947017729282e-13,1.1368683772161603e-13,3,0
