date,planned_cost_yuan,increase_cost_yuan,cancellation_refund_yuan,breach_cost_yuan,adjustment_net_yuan,emergency_cost_yuan,total_cost_yuan,original_kwh,adjusted_kwh,increase_kwh,decrease_kwh,emergency_kwh,dump_kwh,charge_kwh,discharge_kwh,energy_start_kwh,energy_end_kwh,lp_eq_max,lp_ineq_max,max_tree_nodes,raw_simultaneous_slots
2025-02-01,25951.225357062205,0.0,602.7544514017529,301.37722570087647,-301.37722570087647,406.5120177897456,26056.360149151078,50099.83766704195,48954.32734366218,0.0,1145.510323379764,99.23310694919903,7896.646705751363,23530.168096324676,16751.43028479799,6000.0,8564.45097025,1.8189894035458565e-12,1.1368683772161603e-13,3,0
2025-02-02,58062.649415638116,0.0,250.3891685379378,125.1945842689689,-125.1945842689689,263.4961534089696,58200.950984778116,91980.63469391696,91520.98302307424,0.0,459.6516708427131,42.062259748278166,8504.075584121028,24743.15315698156,20040.46140828007,8564.45097025,8566.109468999999,9.094947017729282e-13,1.1368683772161603e-13,3,0
2025-02-03,57109.12662083394,0.0,223.9415155962072,111.9707577981036,-111.9707577981036,888.6937993547906,57885.849662390625,90645.78680991521,90324.08863496945,0.0,321.69817494576876,227.38726030539974,5611.109532334718,24776.777707053323,20053.327844113195,8566.109468999999,8583.734023,9.094947017729282e-13,1.1368683772161603e-13,3,0
2025-02-04,57161.55276423713,0.0,55.91095367444517,27.955476837222584,-27.955476837222584,1566.6441252717534,58700.24141267166,90646.45885690727,90560.34186092691,0.0,86.11699598035545,438.558330712628,5039.545756917481,24968.817482484563,20204.326997762502,8583.734023,8606.4175375,9.094947017729282e-13,1.1368683772161603e-13,3,0
2025-02-05,55440.43482954365,293.92385001789216,0.0,0.0,293.92385001789216,1921.1879154985863,57655.54659506011,88105.1011606324,88513.77760634973,408.6764457173233,0.0,521.0238795089952,3657.0111227233147,24475.18017869507,19845.816798893007,8606.4175375,8583.172144,1.8189894035458565e-12,1.1368683772161603e-13,3,0
2025-02-06,56284.93512559951,0.0,11.484151222199731,5.742075611099866,-5.742075611099866,1112.9287237479593,57392.12177373637,89093.62909188324,89074.36028968843,0.0,19.26880219480688,253.20161319074055,5073.310578613111,24122.298838812618,20139.10473121323,8583.172144,7916.45806425,1.8189894035458565e-12,1.1368683772161603e-13,3,0
2025-02-07,22266.43760146378,0.0,14.49907490408416,7.24953745204208,-7.24953745204208,949.4418179054583,23208.629881917197,43093.30419267531,43060.58967348739,0.0,32.71451918791553,233.76456654805287,7519.434949781609,20793.814528879808,16824.574905292644,7916.45806425,7936.9190232500005,1.8189894035458565e-12,1.1368683772161603e-13,3,0
2025-02-08,20949.293904381157,67.7503644300669,0.0,0.0,67.7503644300669,926.2377053479839,21943.28197415921,40401.71571658248,40462.584513106754,60.86879652427319,0.0,217.45961208262258,4679.651495712562,20304.64224057975,15881.412327769598,7936.9190232500005,8565.083342249998,9.094947017729282e-13,1.1368683772161603e-13,3,0
2025-02-09,54414.02768361033,126.00957248434736,0.19402496650087492,0.09701248325043746,125.91256000109692,1732.0832005716034,56272.02344418304,86658.81907601494,86845.20060180087,186.66276214844663,0.2812363625175749,535.550393016418,3275.8120790660114,24061.172616629563,19511.64966754494,8565.083342249998,8540.527955500002,1.8189894035458565e-12,1.1368683772161603e-13,3,0
2025-02-10,53959.050644449584,0.0,1863.460011019643,931.7300055098215,-931.7300055098215,696.7299603542363,53724.050599294,86106.31129957389,83319.09665554867,0.0,2787.214644025222,200.76090992362583,4761.238133846577,23310.843572986254,18878.861724693874,8540.527955500002,8543.77414375,1.8189894035458565e-12,2.2737367544323206e-13,3,0
2025-02-11,53607.69068121654,0.0,608.5937758096293,304.29688790481464,-304.29688790481464,661.3615260533226,53964.75531936504,85681.87662655304,84852.09330362958,0.0,829.7833229234815,155.48624054355662,5101.528488020707,24121.393829968816,19435.939907149736,8543.77414375,8657.539805,9.094947017729282e-13,1.1368683772161603e-13,3,0
2025-02-12,53295.606285516886,0.0,814.4694738692768,407.2347369346384,-407.2347369346384,1373.7981647613906,54262.16971334365,85198.62952700416,83898.22944542495,0.0,1300.4000815791924,338.6943456684867,4437.722416646603,23702.126070202707,19169.660829089196,8657.539805,8689.83012475,9.094947017729282e-13,1.1368683772161603e-13,3,0
2025-02-13,51405.80575982682,0.0,1191.3339336316044,595.6669668158022,-595.6669668158022,762.0915078246633,51572.230300835676,81974.14112996678,80282.92587882388,0.0,1691.215251142906,262.78482410947646,6009.333772094222,22019.337125843093,18812.439211670622,8689.83012475,7604.523302819205,1.8189894035458565e-12,1.1368683772161603e-13,3,0
2025-02-14,19339.965811510352,98.11185789411779,3.8560659540670494,1.9280329770335247,96.18382491708427,1963.6577151371382,21399.807351564574,37202.72003369257,37277.00738524189,83.66266386166117,9.375312312343908,553.2964024066976,4801.43978403098,18685.045680799423,15457.983493848486,7604.523302819205,7245.527200151484,1.8189894035458565e-12,1.1368683772161603e-13,3,0
2025-02-15,19873.559963039792,0.0,11.03150909539167,5.515754547695835,-5.515754547695835,1548.19917971354,21416.243388205636,38282.05012762787,38268.90948641703,0.0,13.14064121083129,393.49035232237173,4434.339787995893,19950.946456999205,15002.977506255696,7245.527200151484,8531.404004500002,9.094947017729282e-13,1.1368683772161603e-13,3,0
2025-02-16,51421.73693451169,0.0,519.1837781527645,259.59188907638224,-259.59188907638224,3244.8974237628877,54407.04246919819,82622.27915319236,81852.95735616336,0.0,769.3217970290049,886.1800390815818,2947.4745195792084,23189.78474047751,18775.500964811778,8531.404004500002,8540.542532250003,9.094947017729282e-13,1.1368683772161603e-13,3,0
2025-02-17,51197.97037625706,39.91412381689763,1007.989411121352,503.994705560676,-464.08058174377834,276.2451168146231,51010.13491132791,82575.34477915967,81078.96374568238,34.98480438791853,1531.3658378651894,99.05690442229084,5542.992409265999,23228.0370997212,18776.87202554918,8540.542532250003,8582.584782500002,1.8189894035458565e-12,1.1368683772161603e-13,3,0
2025-02-18,49112.7858001507,44.68664569316072,0.0,0.0,44.68664569316072,3376.2797032822664,52533.75214912613,79430.65018246678,79468.28510989805,37.63492743126236,0.0,822.4504526087924,3852.251367416213,22996.433185696245,18649.336773938958,8582.584782500002,8557.88934525,9.094947017729282e-13,1.1368683772161603e-13,3,0
2025-02-19,49234.17886355897,0.0,139.8740138635898,69.9370069317949,-69.9370069317949,3617.1622633323655,52781.404119959545,79601.55029557453,79299.11805327426,0.0,302.4322423002719,959.4951102315677,2952.479543458967,23326.97431309746,18900.168076383947,8557.88934525,8551.9794755,1.8189894035458565e-12,1.1368683772161603e-13,3,0
2025-02-20,49049.267050299764,273.00063732551956,129.10142384613846,64.55071192306923,208.44992540245036,1780.0879470992204,51037.804922801435,78804.66160548326,78754.8742608654,224.2492619113566,274.0366065292276,432.1030954314549,5686.124442702578,21272.905239031512,18765.186058770574,8551.9794755,6847.3874586610555,9.094947017729282e-13,1.1368683772161603e-13,3,0
2025-02-21,18804.455556470126,0.0,0.0,0.0,0.0,1023.8695991231314,19828.32515559326,36117.258573410334,36117.258573410334,0.0,0.0,274.43326919744266,7666.208283223632,18060.11776531786,14894.896239267047,6847.3874586610555,6551.6087371504145,1.8189894035458565e-12,1.1368683772161603e-13,3,0
2025-02-22,19560.81207451426,104.98158272135048,0.0,0.0,104.98158272135048,1933.0434244125724,21598.83708164818,38001.15689541763,38089.39605336063,88.23915794299342,0.0,479.32872021744197,5095.960560004731,20113.067368554606,14485.066038314602,6551.6087371504145,8558.8515485,1.8189894035458565e-12,1.1368683772161603e-13,3,0
2025-02-23,48616.32962951687,39.66407429342876,0.0,0.0,39.66407429342876,3357.830205185328,52013.823908995626,78891.28664215725,78925.40946077593,34.12281861868024,0.0,997.6808513070589,3974.6785263286743,23257.468428005195,18840.910325584206,8558.8515485,8556.228327499999,1.8189894035458565e-12,1.1368683772161603e-13,3,0
2025-02-24,48051.00725963237,241.13457113874017,0.0,0.0,241.13457113874017,1339.0185426548232,49631.16037342593,77983.26440097489,78339.47892660776,356.2145256328573,0.0,290.77928756744586,6061.310010890909,23014.419073119025,18648.504486501406,8556.228327499999,8548.64495275,9.094947017729282e-13,1.1368683772161603e-13,3,0
2025-02-25,48257.73920962211,25.36817497260416,412.09766689689985,206.04883344844993,-180.68065847584577,1365.350639358617,49442.409190504884,78452.17307024833,77964.88785808612,19.736504227574926,507.02171638979,342.1933920215248,8093.512061938809,23113.687893871054,18721.441939035554,8548.64495275,8549.36190275,1.8189894035458565e-12,1.1368683772161603e-13,3,0
2025-02-26,46540.25957525024,0.0,6.4916810289334705,3.2458405144667353,-3.2458405144667353,3498.696338763065,50035.710073498834,75999.72898560553,75985.08169086515,0.0,14.647294740373354,891.4672438461341,3703.725125988197,22896.785011919794,18538.809236530033,8549.36190275,8557.791484,1.8189894035458565e-12,1.1368683772161603e-13,3,0
2025-02-27,45925.89912200659,5.334480491194047,149.45179111554688,74.72589555777344,-69.3914150665794,2039.1446626613051,47895.65236960131,74003.43506185008,73692.45369916476,4.652433709396519,315.6337963947127,425.8608853062789,5150.033687600691,20769.350817213104,18757.654120342748,8557.791484,6408.3693079998475,9.094947017729282e-13,1.1368683772161603e-13,3,0
2025-02-28,18205.942517381714,0.0,22.588865025879418,11.294432512939709,-11.294432512939709,813.5407947072094,19008.188879575984,34926.70835827161,34899.69424869539,0.0,27.01410957621902,236.97178937923871,8822.455221014501,17400.914732228513,14379.297465168385,6408.3693079998475,6092.195383485084,1.8189894035458565e-12,1.1368683772161603e-13,3,0
2025-03-01,19350.107574944865,0.0,1.7952412695894278,0.8976206347947139,-0.8976206347947139,951.1842518917749,20300.394206201843,37673.72739376873,37671.43239397154,0.0,2.294999797183827,271.4748962140822,8202.3427200002,20409.474811650864,14327.676174798775,6092.195383485084,8541.082519750002,1.8189894035458565e-12,1.1368683772161603e-13,3,0
2025-03-02,46710.224627563905,1555.3452880635423,0.0,0.0,1555.3452880635423,10545.3882981108,58810.95821373825,76173.68650936508,77715.12085921783,1541.4343498527483,0.0,2712.23286000813,3662.4122194327947,23226.128438692103,18819.494005565604,8541.082519750002,8534.049219500002,1.8189894035458565e-12,1.1368683772161603e-13,3,0
2025-03-03,47826.02608145223,244.17072480544113,185.41246931483764,92.70623465741882,151.4644901480223,6722.4340028639435,54699.924574464196,77784.32153616865,77589.5913760663,192.1137753168873,386.84393541923976,1645.8343379714229,2758.2905882388804,23442.21735231846,18982.228859852956,8534.049219500002,8540.67943675,1.8189894035458565e-12,1.1368683772161603e-13,3,0
2025-03-04,46621.70694840638,230.26701945312823,7.013643063535146,3.506821531767573,226.76019792136066,2516.3492460073185,49364.816392335066,75755.0164306782,76001.7572046806,257.3675059168548,10.626731914447191,877.6184179821716,3273.344649380935,23163.67006749214,18757.097027543634,8540.67943675,8546.763578,9.094947017729282e-13,1.1368683772161603e-13,3,0
2025-03-05,47482.9891242587,10.914614905043003,184.71560306952955,92.35780153476477,-81.44318662972178,378.46031933578047,47780.006256964756,77300.28842605009,76975.28900545501,8.31680665562078,333.31622725069155,91.40318019731683,6511.710309216178,23255.060291813083,18830.550432043594,8546.763578,8553.48402725,9.094947017729282e-13,1.1368683772161603e-13,3,0
2025-03-06,44441.36924074961,0.0,62.13723414674962,31.06861707337481,-31.06861707337481,779.4634398848311,45189.76406356107,71465.31366875883,71338.77040053834,0.0,126.54326822048313,205.76831099180197,4708.7571301185835,19708.054652553103,18812.927204474872,8553.48402725,5387.480765131268,1.8189894035458565e-12,1.1368683772161603e-13,3,0
2025-03-07,17488.237998463705,0.0,82.85619135258315,41.428095676291576,-41.428095676291576,341.89585208866754,17788.705754876082,33117.7141822737,33013.85714921419,0.0,103.85703305951044,132.31435939482253,9560.32195954934,16082.89306362026,13419.329047893916,5387.480765131268,4951.718913618485,1.8189894035458565e-12,1.1368683772161603e-13,3,0
2025-03-08,18789.132595995758,0.0,5.042294898697769,2.5211474493488844,-2.5211474493488844,910.8873949068529,19697.498843453264,36545.15474405522,36538.86276153265,0.0,6.291982522570628,298.9596937646961,10727.788337692085,20021.689929316955,12974.795328378363,4951.718913618485,8554.800596250001,1.8189894035458565e-12,1.1368683772161603e-13,3,0
2025-03-09,45872.30726434575,0.0,1728.9676831429013,864.4838415714506,-864.4838415714506,1083.9026240303274,46091.72604680462,75221.08418942874,72451.52177900163,0.0,2769.562410427119,304.3757670842774,5105.811971328305,22641.324244776875,18324.76372001927,8554.800596250001,8571.14383875,9.094947017729282e-13,1.1368683772161603e-13,3,0
2025-03-10,44536.46367263689,9.05580856128158,6.965022553667428,3.482511276833714,5.573297284447866,5946.629100061086,50488.66606998241,73270.50659696362,73267.85149913869,7.897966650341516,10.553064475253677,1689.0574507335268,2685.565047902671,22300.7993895766,18071.526937607046,8571.14383875,8562.38891425,9.094947017729282e-13,1.1368683772161603e-13,3,0
2025-03-11,42755.91423018364,1731.0509485108012,0.0,0.0,1731.0509485108012,1898.9427010317286,46385.90787972617,70376.89444760393,72297.26357158163,1920.3691239776874,0.0,457.5955242471459,4537.643108108103,22527.042785108795,18248.745597388122,8562.38891425,8560.34342375,9.094947017729282e-13,1.1368683772161603e-13,3,0
2025-03-12,44823.7316990983,0.0,1936.9195090849041,968.4597545424521,-968.4597545424521,1531.4539366984277,45386.72588125428,73671.98199836636,70693.17460895522,0.0,2978.8073894111444,462.59383495062457,4562.5246880371415,21947.142700712495,17789.433628177117,8560.34342375,8546.73448975,9.094947017729282e-13,1.1368683772161603e-13,3,0
2025-03-13,42914.40676039022,338.93414907577437,0.0,0.0,338.93414907577437,3919.007090712411,47172.3480001784,69353.17531169023,69743.84420793009,390.6688962398537,0.0,983.0947671514573,3159.5625402667883,18054.648519188377,18032.89010104028,8546.73448975,4759.373600308112,9.094947017729282e-13,1.1368683772161603e-13,3,0
2025-03-14,16579.457698322167,130.30622651443215,0.0,0.0,130.30622651443215,580.3372398853501,17290.10116472195,31852.70479140553,31959.197546125084,106.49275471955377,0.0,172.46119015917483,13429.901775452552,15633.836467260333,12961.505489761963,4759.373600308112,4428.15365444023,9.094947017729282e-13,1.1368683772161603e-13,3,0
2025-03-15,18439.536410695535,163.31592173209225,0.0,0.0,163.31592173209225,1879.8470760761015,20482.69940850373,36293.24301772952,36423.344895238384,130.1018775088632,0.0,516.3955803478207,8456.68007127915,20195.272537911904,12636.33728360485,4428.15365444023,8563.524178999998,1.8189894035458565e-12,1.1368683772161603e-13,3,0
2025-03-16,43609.16691400968,374.095803637924,0.0,0.0,374.095803637924,1632.306642815344,45615.569360462956,71739.16593254579,72167.81284918844,428.64691664266604,0.0,452.355003973941,4994.4248992737475,22478.622370159508,18203.9263496042,8563.524178999998,8567.699479249999,9.094947017729282e-13,1.1368683772161603e-13,3,0
2025-03-17,42425.24969366931,0.0,1933.2998242498506,966.6499121249253,-966.6499121249253,1781.4747555318331,43240.07453707622,70473.73630126158,67197.5771827133,0.0,3276.1591185482766,442.7125699946559,5660.36705399878,21694.07840987284,17572.287144496993,8567.699479249999,8567.60655425,9.094947017729282e-13,1.1368683772161603e-13,3,0
2025-03-18,44536.90118712399,35.796561433958,411.64172795150887,205.82086397575443,-170.02430254179646,1013.3152738319997,45380.1921584142,73325.6388288586,72602.84923665377,32.37346310478023,755.1630553096155,225.48866002494583,7485.599148797152,22268.31299731526,18051.53261610036,8567.60655425,8551.829789499998,9.094947017729282e-13,1.1368683772161603e-13,3,0
2025-03-19,41198.00419892027,1031.7861961106976,37.998883566057614,18.999441783028807,1012.7867543276687,1257.1369275545344,43467.92788080248,68102.02814299933,68949.28962508486,925.7197062380028,78.45822415246369,318.06647659225985,5608.265285254834,22024.2649626173,17830.644596195012,8551.829789499998,8561.84092675,9.094947017729282e-13,1.1368683772161603e-13,3,0
2025-03-20,40330.757891918525,0.0,1165.1184968917028,582.5592484458514,-582.5592484458514,4515.920210220807,44264.11885369348,65281.25213886074,63360.10798956645,0.0,1921.1441492942872,1176.5498758984636,2887.4262776421133,17065.205986208613,17624.936215052476,8561.84092675,4337.263853168329,9.094947017729282e-13,1.1368683772161603e-13,3,0
2025-03-21,15672.613475187802,0.0,177.14502336236103,88.57251168118052,-88.57251168118052,761.5567699667615,16345.597733473383,30395.076357503476,30190.316444997938,0.0,204.75991250553693,227.90207881666146,15819.957304927993,14945.179649000987,12380.382946781043,4337.263853168329,4031.944485290278,1.8189894035458565e-12,5.684341886080802e-14,3,0
2025-03-22,18210.24986287121,0.0,0.0,0.0,0.0,554.5544723632833,18764.80433523449,35989.54516348956,35989.54516348956,0.0,0.0,226.08064265480584,12440.211922084118,20154.91528967452,12260.701138947616,4031.944485290278,8548.366980499999,9.094947017729282e-13,1.1368683772161603e-13,3,0
2025-03-23,41756.530081556266,0.0,0.0,0.0,0.0,1266.7218961783979,43023.25197773467,68990.40004928733,68990.40004928733,0.0,0.0,347.8741455255488,6462.266431268528,21574.227531856213,17467.93988497853,8548.366980499999,8556.34966475,9.094947017729282e-13,1.1368683772161603e-13,3,0
2025-03-24,40674.15863247687,367.011241039009,321.8844157620037,160.94220788100185,206.0690331580072,1385.5237457563528,42265.75141139123,67428.13640355473,67301.06259714565,353.7273549656607,480.801161374729,430.9261788634077,5602.197562020099,21729.739699371712,17598.445568716095,8556.34966475,8559.286984500002,9.094947017729282e-13,1.1368683772161603e-13,3,0
2025-03-25,42131.11438796995,0.0,1051.5212110094294,525.7606055047147,-525.7606055047147,2347.8063315695185,43953.16011403476,69803.59823364222,68137.86944034032,0.0,1665.7287933019009,655.5423162808352,3745.686878675682,21551.89150462534,17454.29134334653,8559.286984500002,8562.3322905,9.094947017729282e-13,1.1368683772161603e-13,3,0
2025-03-26,39918.52137631881,127.54889786319787,0.0,0.0,127.54889786319787,422.9732283970703,40469.04350257907,66154.51008514903,66265.5212364162,111.01115126716905,0.0,160.5505379712751,6694.501384010993,21744.0918341306,17605.076310420787,8562.3322905,8570.81904075,1.8189894035458565e-12,1.1368683772161603e-13,3,0
2025-03-27,38620.01240645467,707.0015176978536,307.6649880129851,153.83249400649254,553.1690236913611,1730.2590968774184,40903.44052702345,62211.4398188789,62436.0187504725,612.8134228349445,388.234491241339,528.4773166927988,5254.3639826519,16288.489071802833,17295.346387289428,8570.81904075,4013.4076639398545,9.094947017729282e-13,1.1368683772161603e-13,3,0
2025-03-28,15517.637199459354,0.0,0.0,0.0,0.0,775.2680377393679,16292.90523719872,30381.392283775807,30381.392283775807,0.0,0.0,202.48691633887074,17173.285409897828,15050.84642626781,12462.133402717622,4013.4076639398545,3712.354555672413,4.547473508864641e-13,1.1368683772161603e-13,3,0
2025-03-29,17608.36283025598,103.81824844831857,0.0,0.0,103.81824844831857,1165.1078753407241,18877.288954045027,35454.320812036545,35532.54767181666,78.22685978011125,0.0,273.2167675801782,19899.230145277656,20181.118600084315,11981.793489298467,3712.354555672413,8562.257418750001,9.094947017729282e-13,1.1368683772161603e-13,3,0
2025-03-30,39272.71318288317,0.0,641.233327432455,320.6166637162275,-320.6166637162275,1796.2692808034647,40748.36579997041,65379.1264349871,64223.507507024435,0.0,1155.6189279626647,487.5410288957553,5283.298022270466,21477.039177103798,17394.908363454073,8562.257418750001,8563.91671875,9.094947017729282e-13,1.1368683772161603e-13,3,0
2025-03-31,37201.7395921531,2786.6169619137117,0.0,0.0,2786.6169619137117,1522.2382437027659,41510.594797769576,61938.95406945022,65146.997468211426,3208.0433987611987,0.0,453.43294507147255,4535.981554483964,21656.1614956084,17543.102120142805,8563.91671875,8562.126375750002,1.8189894035458565e-12,1.1368683772161603e-13,3,0
2025-04-01,39378.16386918219,883.8255391122398,0.0,0.0,883.8255391122398,3225.4189753956066,43487.40838369004,66135.84861536592,67216.53085121658,1080.6822358506615,0.0,988.0787643668928,4012.8034940420266,20994.10101013044,17011.146405255655,8562.126375750002,8555.54350125,9.094947017729282e-13,1.1368683772161603e-13,3,0
2025-04-02,39359.66822373912,2240.8451389377556,0.0,0.0,2240.8451389377556,1238.9232269619897,42839.43658963886,65786.11687503272,68203.24450234459,2417.127627311872,0.0,346.183196521079,4033.6569129751215,21465.026760476547,17384.591374586005,8555.54350125,8557.854947249998,1.8189894035458565e-12,1.1368683772161603e-13,3,0
2025-04-03,37601.00520276015,0.0,86.83407412006338,43.41703706003169,-43.41703706003169,565.279390977036,38122.867556677156,60776.78518983617,60675.579341390185,0.0,101.20584844598375,162.4675818337233,6510.201446961892,16021.689783885487,17557.374574290134,8557.854947249998,3469.181781313455,4.547473508864641e-13,1.1368683772161603e-13,3,0
2025-04-04,14980.531858351489,0.0,66.90429123981687,33.452145619908435,-33.452145619908435,604.7267436177748,15551.806456349354,29596.33951409647,29521.71490147597,0.0,74.62461262049801,143.8412086213477,20511.64661390128,14519.072036932763,11795.964790736718,3469.181781313455,3429.7190692899176,9.094947017729282e-13,1.1368683772161603e-13,3,0
2025-04-05,17417.466777983565,0.0,0.0,0.0,0.0,1488.6638615364632,18906.13063952003,35346.43662754117,35346.43662754117,0.0,0.0,404.8624105944356,15285.608675373132,20012.033612052925,11590.458232623794,3429.7190692899176,8562.262395,9.094947017729282e-13,1.1368683772161603e-13,3,0
2025-04-06,38795.95867189083,12.589293084364803,161.62593046779907,80.81296523389953,-68.22367214953474,533.8979031210226,39261.63290286232,65275.866255637025,64952.30195472455,8.918382976114458,332.4826838885908,141.04499272529716,6577.462458259913,21617.682446306637,17511.874223783372,8562.262395,8560.538570249999,1.8189894035458565e-12,1.1368683772161603e-13,3,0
2025-04-07,37025.69411866543,818.3062043997223,2.041212038929449,1.0206060194647244,817.2855983802576,410.87862876058045,38253.858345806264,62235.045303888655,62967.744900322716,737.0780006359687,4.37840420190787,134.4818791601274,5914.127206636362,20744.809045990245,16799.4287564771,8560.538570249999,8564.83476,1.8189894035458565e-12,1.1368683772161603e-13,3,0
2025-04-08,38505.1824700131,220.25005955307358,2.4997798799080333,1.2498899399540166,219.00016961311957,1164.5392134117665,39888.72185303798,64550.439018390476,64705.63133941314,158.6129284117078,3.420607389036718,272.835630146188,6534.9500810741965,21523.579997465604,17433.256725647134,8564.83476,8565.771507,9.094947017729282e-13,1.1368683772161603e-13,3,0
2025-04-09,37901.532197092565,1857.337207579841,0.0,0.0,1857.337207579841,2472.8601431906814,42231.729547863084,63532.17877358596,66069.71946806414,2537.5406944781616,0.0,656.5858573268572,3476.876488302846,21679.33790156037,17564.220081138905,8565.771507,8561.375528249999,1.8189894035458565e-12,1.1368683772161603e-13,3,0
2025-04-10,35621.368238008145,1344.939810277845,0.0,0.0,1344.939810277845,1599.1222950184426,38565.43034330443,57644.79265738865,59453.79498959595,1809.0023322073014,0.0,368.7602277391892,7145.601284923361,15467.529636719915,17251.21360430814,8561.375528249999,3314.1370853999924,9.094947017729282e-13,1.1368683772161603e-13,3,0
2025-04-11,14277.34566142188,66.11966389422003,0.0,0.0,66.11966389422003,1252.8175930432003,15596.2829183593,28499.472028176406,28548.72303651347,49.25100833706442,0.0,283.4385213264659,20939.871425668447,13931.780573483518,11356.140607978698,3314.1370853999924,3234.805592669946,9.094947017729282e-13,1.1368683772161603e-13,3,0
2025-04-12,17360.696176666857,0.0,106.85110125703687,53.42555062851844,-53.42555062851844,712.5984485522038,18019.86907459054,35310.314262561325,35188.398429677305,0.0,121.91583288402644,174.96091358911158,17752.337057687462,19995.691513194266,11409.829777615309,3234.805592669946,8553.339312749998,1.8189894035458565e-12,1.1368683772161603e-13,3,0
2025-04-13,37032.12405232865,33.12156314121162,0.0,0.0,33.12156314121162,1627.6441736230138,38692.88978909287,62363.24146864418,62416.92744504618,53.6859764019963,0.0,395.0860200799674,4495.2693036089995,21188.55329623063,17148.16761804682,8553.339312749998,8569.517703749998,1.8189894035458565e-12,1.1368683772161603e-13,3,0
2025-04-14,37409.18387677256,0.0,1294.5290142352758,647.2645071176379,-647.2645071176379,1809.3623963925315,38571.28176604744,62760.88774498633,61053.96104762533,0.0,1706.9266973610015,504.9427946808438,5014.114377310992,21163.82543510618,17147.067770111003,8569.517703749998,8564.663073000002,9.094947017729282e-13,1.1368683772161603e-13,3,0
2025-04-15,36072.31287086135,902.2910257369973,0.0,0.0,902.2910257369973,455.93257602945727,37430.536472627806,60748.54559586662,61587.41723033515,838.8716344685369,0.0,95.90476653663461,7633.396649155787,20573.267861092987,16662.77134671032,8564.663073000002,8566.41376275,1.8189894035458565e-12,1.1368683772161603e-13,3,0
2025-04-16,37022.51168943216,1110.3798561996348,0.0,0.0,1110.3798561996348,1553.5993559706392,39686.49090160244,62688.21388168696,63777.26661667318,1089.052734986215,0.0,418.8336598359158,4497.723734792773,20627.042081006988,16708.257489290663,8566.41376275,8566.021091999999,4.547473508864641e-13,1.1368683772161603e-13,3,0
2025-04-17,33546.4855462944,868.4884314900146,0.0,0.0,868.4884314900146,1002.0677426697853,35417.0417204542,54359.286158876734,55546.31612885239,1187.029969975652,0.0,214.58531587172385,5291.189478015409,13987.574978852823,16386.205362144115,8566.021091999999,2947.943726140738,9.094947017729282e-13,1.1368683772161603e-13,3,0
2025-04-18,13943.02027208472,0.0,3.566942741799187,1.7834713708995935,-1.7834713708995935,419.5051456317226,14360.74194634554,27943.567116162783,27939.509622428508,0.0,4.057493734272764,149.9805627540831,19241.544404462133,13674.039124948624,11180.210527561503,2947.943726140738,2832.1227968595003,1.8189894035458565e-12,1.1368683772161603e-13,3,0
2025-04-19,16536.83998522658,0.0,12.871748141897816,6.435874070948908,-6.435874070948908,820.1757086545934,17350.579819810227,34369.97112639073,34356.22986320524,0.0,13.74126318549012,265.7362806638463,18844.09175917445,20162.2574695694,11169.062334874761,2832.1227968595003,8568.085258500001,1.8189894035458565e-12,1.1368683772161603e-13,3,0
2025-04-20,35912.07222143203,37.88517297857756,19.71711413744401,9.858557068722005,28.02661590985555,1391.0892872817974,37331.18812462368,60661.760290501,60650.42386728147,30.956828898545098,42.29325211806952,336.6504572161273,5098.868666367467,20740.438453798946,16809.977679002146,8568.085258500001,8556.72689025,9.094947017729282e-13,1.1368683772161603e-13,3,0
2025-04-21,36036.83602853449,0.0,1858.9105504496088,929.4552752248044,-929.4552752248044,1999.7508743615504,37107.13162767123,61202.92287196884,57659.62260542395,0.0,3543.300266544882,547.566536447442,6033.221832199849,19216.438810201147,15559.38188386293,8556.72689025,8563.31972625,1.8189894035458565e-12,1.1368683772161603e-13,3,0
2025-04-22,34991.977056267504,1317.8261402434591,0.0,0.0,1317.8261402434591,1243.8280293669363,37553.6312258779,58961.275353284684,60532.76039447677,1571.4850411920877,0.0,358.2963989571177,4923.186686590663,20087.2627386924,16272.321948515842,8563.31972625,8561.4984705,9.094947017729282e-13,1.1368683772161603e-13,3,0
2025-04-23,34450.21178987858,1003.7083044105682,0.0,0.0,1003.7083044105682,1279.1372336079485,36733.0573278971,58169.82255755836,59592.14659915102,1422.3240415926634,0.0,354.5280737788237,4783.7434155104265,19840.825251725,16077.810710972251,8561.4984705,8554.007073750001,9.094947017729282e-13,1.1368683772161603e-13,3,0
2025-04-24,31954.121229055156,0.0,429.6760284060776,214.8380142030388,-214.8380142030388,994.6953763095764,32733.978591161693,52146.58553112106,51244.06989079614,0.0,902.5156403249175,190.47980754150365,7329.197275593735,12861.780865946395,15846.535143202484,8554.007073750001,2522.3485828767757,9.094947017729282e-13,1.1368683772161603e-13,3,0
2025-04-25,13318.051365955285,0.0,0.0,0.0,0.0,859.8577413500616,14177.909107305348,27063.516034639786,27063.516034639786,0.0,0.0,186.86444896093963,22863.305963397506,13071.706082081404,10684.989211878183,2522.3485828767757,2414.6738213298345,9.094947017729282e-13,5.684341886080802e-14,3,0
2025-04-26,16021.599044322784,0.0,0.0,0.0,0.0,766.5104636267431,16788.109507949528,33329.42990057847,33329.42990057847,0.0,0.0,198.30602194271128,24835.535880210336,19166.06517710192,10544.058768124409,2414.6738213298345,7948.51162725,9.094947017729282e-13,1.1368683772161603e-13,3,0
2025-04-27,33122.810136074106,1417.2516920718358,0.0,0.0,1417.2516920718358,4818.612544862414,39358.674373008354,55867.29913789697,57913.259283905616,2045.9601460086458,0.0,1162.6007455897297,6577.901844278067,20655.62637728392,16731.139375399973,7948.51162725,7948.42050525,1.8189894035458565e-12,1.1368683772161603e-13,3,0
2025-04-28,34674.76388729676,3507.386719097423,0.0,0.0,3507.386719097423,2041.3746310572956,40223.52523745147,58615.19031536569,63317.37396627304,4702.1836509073555,0.0,488.1178098680484,3647.1525261897004,19887.343397503668,16350.971464218945,7948.42050525,7679.2834916489155,9.094947017729282e-13,1.1368683772161603e-13,3,0
2025-04-29,33898.942741641076,282.71820111440763,6.242974741240833,3.1214873706204167,279.59671374378723,2263.5771944304583,36442.11664981533,56957.970039786436,57170.19899869948,227.4075991786388,15.178640265598915,547.9267351906524,6329.603555662881,19530.391850103188,15575.0833885426,7679.2834916489155,7950.98794725,9.094947017729282e-13,1.1368683772161603e-13,3,0
2025-04-30,33331.81341709709,125.77165843386875,0.0,0.0,125.77165843386875,4891.97010776026,38349.55518329121,55652.462222840426,55856.32259796624,203.86037512581044,0.0,1453.4356185260813,5471.046573706919,18925.662470142423,15343.805260690357,7950.98794725,7935.4116585,1.8189894035458565e-12,1.1368683772161603e-13,3,0
2025-05-01,30740.987710282425,304.1046447613895,7.566430496418758,3.783215248209379,300.3214295131802,12010.818863644274,43052.12800343988,49392.728015219756,49746.27209636543,371.9404596927613,18.396378547091558,2607.5451035486108,3758.4593184371843,14666.394985573126,17082.415904096273,7935.4116585,2154.705029853283,1.8189894035458565e-12,1.1368683772161603e-13,3,0
2025-05-02,13892.946839424367,122.03960306712332,0.0,0.0,122.03960306712332,7698.138775012715,21713.125217504203,27599.689843427597,27689.646033122754,89.95618969515581,0.0,1668.3480837524667,12631.18248967944,13167.068650907815,10730.577107045367,2154.705029853283,2082.2033633976894,9.094947017729282e-13,1.1368683772161603e-13,3,0
2025-05-03,17140.11068434269,0.0,0.7278239432743704,0.3639119716371852,-0.3639119716371852,5470.722831504498,22610.46960387555,34799.064098711286,34798.2948914155,0.0,0.7692072957877514,1092.780363302671,17987.220790883788,19760.03580640688,10723.352992572494,2082.2033633976894,7951.3989307500005,9.094947017729282e-13,1.1368683772161603e-13,3,0
2025-05-04,37100.95373907125,0.0,796.6252616017565,398.31263080087825,-398.31263080087825,4766.159123567759,41468.80023183813,61739.66318866507,60010.807044714005,0.0,1728.8561439510784,1363.9855975923651,5704.030609972423,18821.523809097085,14885.429110096482,7951.3989307500005,8351.4046810524,9.094947017729282e-13,1.1368683772161603e-13,3,0
2025-05-05,38251.79100987321,9.709354376662208,0.0,0.0,9.709354376662208,3076.2233246514425,41337.723688901315,63196.25847577951,63211.996143948185,15.73766816867203,0.0,744.7632399434369,5115.987050433434,20674.54345958124,16909.777926123046,8351.4046810524,8169.851654538796,1.8189894035458565e-12,1.1368683772161603e-13,3,0
2025-05-06,36784.75467328548,708.2737684220992,0.0,0.0,708.2737684220992,4134.735881659502,41627.76432336708,59956.071492149014,60987.71393170907,1031.6424395600563,0.0,1047.6191248026432,5525.478222598656,20172.56805282165,16532.795585575266,8169.851654538796,7955.390029216878,1.8189894035458565e-12,1.1368683772161603e-13,3,0
2025-05-07,37946.86185625376,1040.4772552428703,0.0,0.0,1040.4772552428703,2193.266180632345,41180.60529212898,62386.545857939556,63707.83176780401,1321.28590986446,0.0,458.44329946343504,4561.9660850759565,21005.53114116729,16469.068108975793,7955.390029216878,8561.403490738778,9.094947017729282e-13,1.1368683772161603e-13,3,0
2025-05-08,36915.0471817185,0.0,135.24372764085922,67.62186382042961,-67.62186382042961,2700.2727030685364,39547.698020966614,58505.807114709605,58323.34038076466,0.0,182.46673394494735,605.8152584939362,6234.99470345014,12901.129123226252,16033.480587417798,8561.403490738778,2357.4412711781806,9.094947017729282e-13,1.1368683772161603e-13,3,0
2025-05-09,16275.257641996192,5.655148267850071,0.0,0.0,5.655148267850071,568.8844790347791,16849.79726929882,30276.924643870432,30281.0037633861,4.079119515666875,0.0,159.51318979529285,19619.477114250738,12992.50497182386,10670.850982893207,2357.4412711781806,2194.1946537160943,9.094947017729282e-13,1.1368683772161603e-13,3,0
2025-05-10,18949.847940976073,294.66302059692407,0.0,0.0,294.66302059692407,718.8449655570614,19963.35592713006,37024.87323865621,37240.96005512634,216.0868164701284,0.0,200.0056029589637,15742.866956396414,20209.96243210548,10632.909013749926,2194.1946537160943,8568.817493999999,9.094947017729282e-13,1.1368683772161603e-13,3,0
2025-05-11,38666.58331978793,268.11703279442787,0.0,0.0,268.11703279442787,2061.6830975797507,40996.38345016211,64167.952108436904,64425.142382638966,257.19027420206487,0.0,526.574904080357,5691.734213172244,19891.15081349345,16115.246823279693,8568.817493999999,8565.023422499999,2.2737367544323206e-13,1.1368683772161603e-13,3,0
2025-05-12,37562.954580940306,866.6124834169642,0.0,0.0,866.6124834169642,1843.254812309273,40272.821876666545,61893.65884187377,62649.61441899647,755.9555771227116,0.0,546.6188330313262,7855.018774725479,17968.062324442057,14558.043080473064,8565.023422499999,8560.67609175,2.2737367544323206e-13,1.1368683772161603e-13,3,0
2025-05-13,39173.53444327248,34.32058874081028,1264.0831736862187,632.0415868431094,-597.7209981022991,1365.5884746161573,39941.40191978634,65350.49507051737,62790.12866642415,27.511499871709702,2587.877903964936,315.07376482654485,6300.06582271506,19385.129392336636,15709.205550467672,8560.67609175,8552.619711000001,9.094947017729282e-13,1.1368683772161603e-13,3,0
2025-05-14,38723.16591142681,623.0856775881414,0.0,0.0,623.0856775881414,892.0661627633967,40238.317751778355,63894.8758117908,64785.571288640196,890.6954768493873,0.0,305.06440985615694,8402.214321265774,19298.117862617066,15623.845268719826,8552.619711000001,8561.097710999999,1.8189894035458565e-12,1.1368683772161603e-13,3,0
2025-05-15,35975.964073880044,1063.9043141265226,0.0,0.0,1063.9043141265226,643.9930954796408,37683.86148348621,56220.11477343097,57225.722154377596,1005.6073809466297,0.0,204.95345921417882,8224.121423533115,12278.572948616784,15837.077041891453,8561.097710999999,2015.0610959868236,1.8189894035458565e-12,1.1368683772161603e-13,3,0
2025-05-16,15607.943654970688,0.0,31.91528674077794,15.95764337038897,-15.95764337038897,962.448785961835,16554.434797562135,29105.897059209525,29069.290636680966,0.0,36.60642252856063,297.90432984775833,24211.126321402888,12624.694884651875,10184.132772859371,2015.0610959868236,2061.5834112186494,1.8189894035458565e-12,1.1368683772161603e-13,3,0
2025-05-17,18337.78983262697,0.0,30.283495418646382,15.141747709323191,-15.141747709323191,2304.7797987259437,20627.42788364359,36039.24232804657,36004.594935570785,0.0,34.647392475785665,536.461059505468,16495.082194724127,19783.352290608273,10186.177573589484,2061.5834112186494,8548.625391,9.094947017729282e-13,1.1368683772161603e-13,3,0
2025-05-18,38652.97567451488,0.0,58.67108259898903,29.335541299494515,-29.335541299494515,1000.8627882756883,39624.502921491076,64317.21826747365,64239.41049453167,0.0,77.8077729419752,386.149607635733,7227.354194393583,19573.88534617798,15851.847538404161,8548.625391,8551.958271000001,0.0,1.1368683772161603e-13,3,0
2025-05-19,37157.788721507284,45.25750727386087,633.2612125004212,316.6306062502106,-271.3730989763497,1311.5678762637717,38197.98349879471,61908.16208584587,60623.502806956894,37.42718730309059,1322.0864661920716,218.06499100191354,9995.02791502184,18456.326639992163,15125.003307055196,8551.958271000001,8357.093016931623,9.094947017729282e-13,1.1368683772161603e-13,3,0
2025-05-20,36549.98249646017,594.4153476215317,0.0,0.0,594.4153476215317,3193.1233687008794,40337.52121278258,60737.86814172934,61325.88681591622,588.0186741868898,0.0,762.5077434994707,4308.668037076626,18140.44597419067,14888.114268518264,8357.093016931623,8141.145206460718,1.8189894035458565e-12,1.1368683772161603e-13,3,0
2025-05-21,36278.00868627527,1546.7674863525065,0.0,0.0,1546.7674863525065,1602.2315860050312,39427.00775863281,59820.78919091012,61556.203599442866,1735.41440853274,0.0,448.8351511214821,7025.317051806611,18919.711461666007,15302.605046241604,8141.145206460718,8165.991026136115,9.094947017729282e-13,1.1368683772161603e-13,3,0
2025-05-22,34565.5612592714,44.23598114116061,67.82447479489764,33.91223739744882,10.323743743711784,475.61774036886436,35051.50274338398,54097.19881902418,53980.4321296826,32.4114410794823,149.17813042106616,127.86030856464998,6935.14440363806,11379.490091088395,15022.97287314587,8165.991026136115,1715.3400268424807,4.547473508864641e-13,1.1368683772161603e-13,3,0
2025-05-23,15052.213184290706,0.0,0.0,0.0,0.0,604.5823464221451,15656.795530712849,28439.247724870213,28439.247724870213,0.0,0.0,207.65550307783354,19822.10287959336,12494.303129445128,10090.45166442378,1715.3400268424807,1748.5998828722322,1.8189894035458565e-12,1.1368683772161603e-13,3,0
2025-05-24,18154.24416462679,0.0,116.12285349764483,58.06142674882241,-58.06142674882241,673.7161818715917,18769.898919749558,35459.10910411728,35336.99339368249,0.0,122.11571043478301,204.73777846662907,22569.12496439498,19210.025134767457,9991.92031034665,1748.5998828722322,7935.488826000002,1.8189894035458565e-12,1.1368683772161603e-13,3,0
2025-05-25,37548.61243968685,41.594532459287265,555.7783874471932,277.8891937235966,-236.2946612643093,1040.116239928608,38352.434018351145,62361.7007697778,61242.6146960197,33.64112256935334,1152.7271963274525,222.8849685109774,9427.083380850949,18382.32207932311,14888.91597897671,7935.488826000002,7936.338720750001,1.8189894035458565e-12,1.1368683772161603e-13,3,0
2025-05-26,36721.06753391953,648.9747122192775,0.0,0.0,648.9747122192775,3286.5831192101336,40656.62536534894,60691.84159835349,61621.30773908017,929.4661407266865,0.0,1032.0041769965408,4382.4189140959825,19414.617811740663,15723.557759759935,7936.338720750001,7938.875018250001,9.094947017729282e-13,1.1368683772161603e-13,3,0
2025-05-27,35791.07176714875,1118.9058003612067,0.0,0.0,1118.9058003612067,1823.5572338851089,38733.534801395064,58896.008366821,60117.05472737947,1221.0463605584741,0.0,504.7549136309566,7748.681203710594,18302.472941446526,14819.711804146686,7938.875018250001,7944.7542165,1.8189894035458565e-12,1.1368683772161603e-13,3,0
2025-05-28,37616.128412379345,118.33921078324082,30.140501462805524,15.070250731402762,103.26896005183804,1321.9904300210192,39041.3878024522,62772.31170916676,62787.43705079551,85.34706260346229,70.2217209747102,407.21143230845723,7120.840769897702,20009.048780954017,16209.065167747754,7944.7542165,7942.825710750001,9.094947017729282e-13,1.1368683772161603e-13,3,0
2025-05-29,34685.7384681734,1179.3711786567453,0.0,0.0,1179.3711786567453,2204.7796994858563,38069.88934631599,55275.0826363785,56766.7431345865,1491.6604982080023,0.0,510.0117807204266,6349.102766214395,12907.176503963577,16089.647854871047,7942.825710750001,1681.8980589049474,9.094947017729282e-13,1.1368683772161603e-13,3,0
2025-05-30,15194.410940187021,173.55654058602414,0.0,0.0,173.55654058602414,1137.094752056921,16505.062232829965,28559.263506723175,28687.54253833024,128.27903160706626,0.0,353.49294843875333,20013.845612043955,12519.33369706681,10088.377089008438,1681.8980589049474,1739.9905095890363,4.547473508864641e-13,1.1368683772161603e-13,3,0
2025-05-31,18700.961213502454,0.0,234.31307456721913,117.15653728360957,-117.15653728360957,1102.2828057138734,19686.087481932722,36447.63574756832,36186.49883438539,0.0,261.136913182924,424.0850843990896,18869.486142578815,19843.06804203053,10491.151815824864,1739.9905095890363,7941.916396500001,9.094947017729282e-13,1.1368683772161603e-13,3,0
2025-06-01,41682.38948089941,479.0181021560241,0.0,0.0,479.0181021560241,26926.21133004239,69087.61891309782,69809.92533054145,70397.43260715104,587.5072766096084,0.0,6851.741985393195,1199.3198123746924,22271.636201418733,17446.607721249176,7941.916396500001,8601.269287499998,9.094947017729282e-13,1.1368683772161603e-13,3,0
2025-06-02,43747.7764585215,28.398387515976335,2007.3050762454218,1003.6525381227109,-975.2541506067346,23121.386138900398,65893.90844681516,72384.76203728415,68840.84729678604,23.28027851845968,3567.1950190165603,5810.770424138882,1757.6188587401832,22258.898512156546,18005.707099971805,8601.269287499998,8627.93672625,9.094947017729282e-13,1.1368683772161603e-13,3,0
2025-06-03,44485.006426750624,1037.2459130846198,0.5073795584715857,0.25368977923579283,1036.9922233053842,9410.559005698464,54932.55765575448,72913.95544257555,73813.42701708601,900.3645339586719,0.8929594482076482,2254.634596335978,3686.8489925364574,22238.198264748316,18049.35247719613,8627.93672625,8587.479078750002,1.8189894035458565e-12,1.1368683772161603e-13,3,0
2025-06-04,49918.02688892632,0.0,5442.097615212472,2721.048807606236,-2721.048807606236,13007.668523486822,60204.646604806905,80842.68640097672,72901.97048907966,0.0,7940.715911897053,3602.8333158484525,2780.146438250529,21493.490096110057,17414.093546099146,8587.479078750002,8582.62733625,9.094947017729282e-13,1.1368683772161603e-13,3,0
2025-06-05,44838.08699296759,16.57848419956666,165.29763544662794,82.64881772331397,-66.07033352374731,4359.868325783944,49131.88498522779,70606.08154698877,70254.37555615258,11.954865163422937,363.66085599961457,1200.4146742894231,3255.142396190076,15205.474011110859,18155.14419352559,8582.62733625,2095.1715089991203,9.094947017729282e-13,1.1368683772161603e-13,3,0
2025-06-06,21863.594401905677,0.0,0.0,0.0,0.0,2787.5962293711477,24651.190631276822,37610.44727819541,37610.44727819541,0.0,0.0,793.0917220323875,4875.3394750787265,13561.2571070015,10888.052981852434,2095.1715089991203,2202.46625879777,1.8189894035458565e-12,1.1368683772161603e-13,3,0
2025-06-07,26514.941944226965,0.0,684.245071634015,342.1225358170075,-342.1225358170075,1601.136074430079,27773.955482840036,48736.10370864539,47483.611724891336,0.0,1252.4919837540594,428.73254554340417,7123.807503099354,20692.57386229844,11030.550261629725,2202.46625879777,8569.6157775,9.094947017729282e-13,1.1368683772161603e-13,3,0
2025-06-08,52837.103766517765,66.01453678605256,2302.173539390385,1151.0867696951925,-1085.07223290914,6.155543107499455,51758.18707671612,84427.59031228998,81090.43932557614,66.2751085940713,3403.426095307917,0.9110549999999193,11659.832873342293,22350.496002985106,18103.90176241793,8569.6157775,8569.6157775,4.547473508864641e-13,1.1368683772161603e-13,3,0
2025-06-09,54952.76503073405,0.0,2064.150849027862,1032.075424513931,-1032.075424513931,569.3751907986268,54490.06479701874,87137.70450353419,84158.45802737982,0.0,2979.246476154369,227.72476842060428,9016.541923700635,23226.695819691828,18789.767680925383,8569.6157775,8596.12236975,4.547473508864641e-13,1.1368683772161603e-13,3,0
2025-06-10,52921.11445963275,0.0,726.0909205909825,363.04546029549124,-363.04546029549124,1181.1266444114833,53739.19564374874,84278.52400773615,83046.65541116476,0.0,1231.868596571394,420.4577690145606,7506.254711580036,22920.929197583882,18578.51496231794,8596.12236975,8582.164245000002,1.8189894035458565e-12,1.1368683772161603e-13,3,0
2025-06-11,54644.117274134034,279.5599044284923,221.97698964636223,110.98849482318111,168.5714096053112,2384.3442487768043,57197.032932516144,86499.08083723979,86455.16256392273,222.60213967386244,266.52041299092,561.139369294282,6250.50534748368,24645.14072982454,19963.790460757875,8582.164245000002,8580.801501,9.094947017729282e-13,1.1368683772161603e-13,3,0
2025-06-12,51250.75085928975,0.0,603.1172109842747,301.55860549213736,-301.55860549213736,601.6756740202729,51550.867927817875,79180.34773073485,78432.46098346151,0.0,747.886747273342,195.2950615028485,8147.435457704881,17209.75212911001,19181.82297518387,8580.801501,2756.441778105816,1.8189894035458565e-12,1.1368683772161603e-13,3,0
2025-06-13,22882.19193259962,0.0,768.0150883517682,384.0075441758841,-384.0075441758841,760.2664555328265,23258.45084395657,39690.963227545435,38517.282621936436,0.0,1173.6806056089972,167.4893432876177,7769.259253157457,14120.081290957229,11549.882278890627,2756.441778105816,2631.3124078666256,9.094947017729282e-13,1.1368683772161603e-13,3,0
2025-06-14,26043.12795185432,0.0,300.0757866410256,150.0378933205128,-150.0378933205128,265.85704676648123,26158.947105300285,46943.63429742158,46240.94500694985,0.0,702.6892904717238,126.7721375035951,10998.71053789044,20143.923634962994,10968.259778399984,2631.3124078666256,8573.888370000002,1.8189894035458565e-12,1.1368683772161603e-13,3,0
2025-06-15,52807.40152432093,77.03067151537591,5.760125280139417,2.8800626400697085,74.1506088753062,630.5657586932664,53512.117891889495,84023.67156275256,84128.88422412635,113.74438560352905,8.531724229743077,167.11071519861974,9159.869248338244,23790.700508307324,19281.549150653933,8573.888370000002,8561.575326750002,9.094947017729282e-13,1.1368683772161603e-13,3,0
2025-06-16,53717.05930587904,0.0,2.10938071119962,1.05469035559981,-1.05469035559981,653.2225336111337,54369.22714913458,85221.07233863702,85217.35994738183,0.0,3.7123912551911644,208.2207621678538,8193.73030878438,23869.14913617699,19331.351552078366,8561.575326750002,8564.530047,9.094947017729282e-13,1.1368683772161603e-13,3,0
2025-06-17,54200.2158531218,212.94231886479696,49.95514049641173,24.977570248205865,187.9647486165911,1819.772178614874,56207.95278035326,86177.18352684593,86247.13532450664,173.06001834224494,103.10822068152254,506.0900429797155,7528.739064128698,24111.86789613683,19524.39280944584,8564.530047,8571.44136525,9.094947017729282e-13,1.1368683772161603e-13,3,0
2025-06-18,54185.20590097066,198.96618374735888,0.0,0.0,198.96618374735888,755.0977635040382,55139.26984822206,86331.40297174119,86500.67885196593,169.27588022474066,0.0,210.05086436746868,11324.372323248157,23488.69631058019,19030.729817494954,8571.44136525,8566.012692,1.8189894035458565e-12,1.1368683772161603e-13,3,0
2025-06-19,49281.071170841955,0.0,2608.3018013999717,1304.1509006999859,-1304.1509006999859,1595.374638981553,49572.29490912352,76577.80812037885,72820.6947942347,0.0,3757.1133261441273,442.86143169032897,7316.1758698737685,15932.622685290627,18244.74652923936,8566.012692,2633.432520717833,9.094947017729282e-13,1.1368683772161603e-13,3,0
2025-06-20,21840.003362418607,0.0,351.447624228251,175.7238121141255,-175.7238121141255,483.8606501877295,22148.14020049221,37515.347865530755,36803.57801332629,0.0,711.7698522044733,219.48396125853043,12067.893702802081,13344.954033668557,10790.366611885824,2633.432520717833,2654.594915590844,9.094947017729282e-13,1.1368683772161603e-13,3,0
2025-06-21,24029.65865861132,0.0,120.6220357727041,60.31101788635205,-60.31101788635205,1156.6637415310684,25126.011382256038,43242.067860124895,43097.42664422592,0.0,144.64121589897746,338.8876728298338,15002.474117238942,20019.342517229292,10920.242717412482,2654.594915590844,8538.40016175,9.094947017729282e-13,1.1368683772161603e-13,3,0
2025-06-22,50962.01554883925,907.2293934371862,1643.6412821610368,821.8206410805184,85.40875235666783,933.7202481208851,51981.1445493168,81892.60321086895,80202.46242366527,806.6460816698223,2496.786868873497,246.2001974854963,8756.037177872437,22222.018249491233,17986.733906212892,8538.40016175,8552.956690500001,9.094947017729282e-13,1.1368683772161603e-13,3,0
2025-06-23,50911.543149655285,0.0,450.43470269255045,225.21735134627522,-225.21735134627522,332.1931996100336,51018.51899791903,81151.64616039045,80600.98366040128,0.0,550.6624999891676,114.30359177694805,9336.309257160423,22772.371946541065,18454.67995152326,8552.956690500001,8542.891496250002,9.094947017729282e-13,1.1368683772161603e-13,3,0
2025-06-24,53967.065852327716,273.6704794753127,474.69632555442405,237.34816277721202,36.32231669810071,3638.852646146185,57642.240815172,85894.86331001551,85470.70749377858,250.45502090717906,674.6108371441172,942.7552561383069,5512.940226722091,24327.972244972574,19696.24197177778,8542.891496250002,8553.353214750003,9.094947017729282e-13,1.1368683772161603e-13,3,0
2025-06-25,50327.895988419456,3.35449037924592,0.0,0.0,3.35449037924592,1837.0513722755923,52168.3018510743,81367.68039360091,81370.74050159146,3.0601079905545703,0.0,405.0583596449883,7041.101035281721,22608.65248309508,18311.376023807017,8553.353214750003,8555.167089750003,9.094947017729282e-13,1.1368683772161603e-13,3,0
2025-06-26,46574.13053080641,64.38125521024739,0.0,0.0,64.38125521024739,725.9797444173025,47364.49153043397,72193.16458422587,72297.51867322862,104.35408900275127,0.0,155.73678268572633,7629.2792545788425,15636.684764876589,18360.09239687441,8555.167089750003,2228.0807149451457,9.094947017729282e-13,1.1368683772161603e-13,3,0
2025-06-27,20720.43100102796,0.0,328.222453580178,164.111226790089,-164.111226790089,625.2493023647131,21181.569076602587,36019.837148308856,35624.4014487649,0.0,395.4356995439533,214.12072172465275,13335.031102787241,13808.911265488267,11077.06606445262,2228.0807149451457,2348.249671159456,9.094947017729282e-13,1.1368683772161603e-13,3,0
2025-06-28,23044.636959630916,9.779932940581187,0.0,0.0,9.779932940581187,796.2819863096557,23850.69887888115,42120.699970636066,42130.150550855986,9.450580219917077,0.0,258.9729925862729,11146.784242902799,20259.13240548054,10793.719221607746,2348.249671159456,8588.447478750002,1.8189894035458565e-12,1.1368683772161603e-13,3,0
2025-06-29,48957.72809352482,529.561299200742,408.6199291218593,204.30996456092964,325.2513346398124,2536.2521042799904,51819.23153244463,78903.80541114707,78675.17092666868,395.5877688528843,624.2222533312665,861.8601854029165,6121.856852288771,21968.328535786877,17820.92280933737,8588.447478750002,8558.917817249998,1.8189894035458565e-12,1.1368683772161603e-13,3,0
2025-06-30,50869.031781185564,128.84230068190038,530.7449754619303,265.37248773096513,-136.53018704906475,2293.9994797410754,53026.501073877575,81397.7895678989,80710.06707269522,92.27635036031631,779.9988455639999,610.7916336697385,7147.492592220888,22573.9552978197,18278.273167008956,8558.917817249998,8566.2851775,9.094947017729282e-13,2.2737367544323206e-13,3,0
2025-07-01,47108.54126877897,0.0,189.59501552790925,94.79750776395463,-94.79750776395463,28776.100226270144,75789.84398728516,76225.7231298729,75917.72372794469,0.0,307.9994019282183,8159.559194814976,1016.7736294492985,22011.119019352845,17817.153759375804,8566.2851775,8579.4547845,9.094947017729282e-13,1.1368683772161603e-13,3,0
2025-07-02,47081.13547555973,0.0,1052.9088726995656,526.4544363497828,-526.4544363497828,18187.131963855325,64741.81300306528,76225.82395963356,74435.13184653781,0.0,1790.692113095729,5068.3713136190245,2688.917135751097,20446.103010337254,16536.28335259817,8579.4547845,8607.29932425,1.8189894035458565e-12,1.1368683772161603e-13,3,0
2025-07-03,48416.6005499257,107.61904091593567,4.850362804938291,2.4251814024691454,105.19385951346653,14791.630910836971,63313.42532027614,75395.54141802044,75541.2883283855,152.9927466437265,7.24583627866491,4018.911014672283,2225.093787210761,16006.829446733578,18432.14282421989,8607.29932425,2533.2871327325697,1.8189894035458565e-12,1.1368683772161603e-13,3,0
2025-07-04,23433.592409684366,202.18000412410498,0.0,0.0,202.18000412410498,6803.90105054238,30439.673464350853,40156.204915375565,40323.86662354675,167.66170817118513,0.0,1924.1047697490608,10607.014201304857,13686.010961836206,10925.921236511913,2533.2871327325697,2710.7845133719165,1.8189894035458565e-12,1.1368683772161603e-13,3,0
2025-07-05,28027.026674419547,0.0,0.0,0.0,0.0,3708.360869815045,31735.38754423459,49559.17430743316,49559.17430743316,0.0,0.0,990.8971612909464,12545.509153237874,20462.869919759447,11248.38757093988,2710.7845133719165,8629.159029,9.094947017729282e-13,1.1368683772161603e-13,3,0
2025-07-06,54383.42446464699,2304.065888229421,0.0,0.0,2304.065888229421,4267.251948048169,60954.742300924576,86186.71261038192,88608.42108629907,2421.7084759171526,0.0,998.0713671679208,5450.085260578477,22994.138776781718,18631.713133893198,8629.159029,8621.980446000001,9.094947017729282e-13,2.2737367544323206e-13,3,0
2025-07-07,54600.74083765236,0.0,1540.8070055155158,770.4035027577579,-770.4035027577579,1636.713786287567,55467.05112118217,86731.36284504939,84394.84128393634,0.0,2336.521561113012,469.56731103573236,7420.168416806088,21266.55809433863,17231.80068283929,8621.980446000001,8615.43752775,9.094947017729282e-13,1.1368683772161603e-13,3,0
2025-07-08,58040.69601028719,0.0,1022.3135729919035,511.15678649595174,-511.15678649595174,547.664664437963,58077.203888229196,91328.65037616948,89690.13015408603,0.0,1638.520222083441,149.46602754097773,9965.406856651847,22601.27484675521,18298.472538446716,8615.43752775,8624.948736000002,9.094947017729282e-13,2.2737367544323206e-13,3,0
2025-07-09,57258.49656112426,0.0,157.27630891991117,78.63815445995559,-78.63815445995559,485.8393161906621,57665.697722854966,90442.26427441978,90223.35186179023,0.0,218.91241262956441,84.94569855815894,12007.980376964435,22610.409951275087,18368.817784557818,8624.948736000002,8564.520153750003,4.547473508864641e-13,1.1368683772161603e-13,3,0
2025-07-10,51994.361596330964,542.4882123916735,332.6430685832421,166.32153429162105,376.16667810005254,712.681962017093,53083.210236448096,79817.00554518447,79564.81898593577,436.28496900553176,688.4715282542303,280.54767077629083,9057.765375603329,16633.91291899693,18699.93502122153,8564.520153750003,2757.3362017122054,9.094947017729282e-13,1.1368683772161603e-13,3,0
2025-07-11,27748.31499052222,0.0,6.169462004925055,3.0847310024625276,-3.0847310024625276,784.0836736303179,28529.31393315008,46134.916998112225,46127.60804079835,0.0,7.308957313868461,240.069736512141,11123.254466419017,14197.260603518098,11471.614442626615,2757.3362017122054,2788.632475293366,9.094947017729282e-13,1.1368683772161603e-13,3,0
2025-07-12,29535.9065468199,206.80174519940664,0.0,0.0,206.80174519940664,460.9805480619732,30203.688840081282,51624.875455936075,51779.04492083523,154.1694648991607,0.0,140.8619920160192,11738.688549893777,20348.809493490346,11251.834463866207,2788.632475293366,8600.522726250001,1.8189894035458565e-12,1.1368683772161603e-13,3,0
2025-07-13,54904.33929210523,0.0,2017.0939402884987,1008.5469701442494,-1008.5469701442494,760.6132924894888,54656.405614450465,86345.98679817027,83613.51500612099,0.0,2732.4717920492685,155.1494442937502,10307.444286097649,22189.65679574786,17996.15703143077,8600.522726250001,8575.4838075,1.8189894035458565e-12,1.1368683772161603e-13,3,0
2025-07-14,52429.78562053036,0.0,944.4327449680816,472.2163724840408,-472.2163724840408,1708.4210818050715,53665.9903298514,83697.11291123905,82011.16132090651,0.0,1685.9515903325328,375.08542128431384,6479.164049628718,21523.79480089707,17424.391325001627,8575.4838075,8586.46432275,4.547473508864641e-13,1.1368683772161603e-13,3,0
2025-07-15,56297.39274131252,0.0,1524.1093363556447,762.0546681778224,-762.0546681778224,1190.8157033202042,56726.15377645489,89122.2702287542,86666.08413751307,0.0,2456.186091241114,391.1340098166086,10246.02968077217,21379.67306960096,17317.53518637678,8586.46432275,8586.46432275,4.547473508864641e-13,1.1368683772161603e-13,3,0
2025-07-16,54531.834698955965,0.0,829.1041547638159,414.55207738190796,-414.55207738190796,1539.2112180457125,55656.49383961977,85830.67533454022,84631.34238016157,0.0,1199.3329543786504,500.06645164136023,8925.285149173633,21429.264733136617,17357.704433840656,8586.46432275,8586.46432275,0.0,1.1368683772161603e-13,3,0
2025-07-17,50666.68099320342,1155.0583440496605,53.18355010232346,26.59177505116173,1128.4665689984988,2113.0095616849467,53908.15712388688,77761.25091420906,78748.29280210799,1096.68277566622,109.64088776729557,531.2367719810616,8808.932872299058,15677.782365749616,17927.601730626287,8586.46432275,2776.910973450998,9.094947017729282e-13,1.1368683772161603e-13,3,0
2025-07-18,27438.816574058634,0.0,0.0,0.0,0.0,151.86696663231885,27590.68354069095,45480.39844375188,45480.39844375188,0.0,0.0,47.81210704805898,11699.80908685323,13722.45525730319,11168.30189335648,2776.910973450998,2717.8963790722196,9.094947017729282e-13,1.1368683772161603e-13,3,0
2025-07-19,29964.086535899307,0.0,707.6917106794076,353.8458553397038,-353.8458553397038,719.9328707895677,30330.173551349173,51697.599160884914,50821.3324184579,0.0,876.266742427013,238.68248079258743,14816.835579401382,19847.585506126827,10787.225236277725,2717.8963790722196,8594.917516500002,9.094947017729282e-13,1.1368683772161603e-13,3,0
2025-07-20,52858.904597249115,62.940888115522505,0.36418320063050447,0.18209160031525223,62.75879651520725,1279.716843348569,54201.380237112884,84501.18939369054,84558.54954192963,58.141321985610375,0.7811737465261785,288.7797943664127,8610.65063769752,21964.32165872029,17817.621176788434,8594.917516500002,8565.450146250001,4.547473508864641e-13,2.2737367544323206e-13,3,0
2025-07-21,53658.19031369796,0.0,191.18913045529422,95.59456522764711,-95.59456522764711,1250.4490826965944,54813.04483116692,85317.93134087825,84961.89670444076,0.0,356.03463643747654,356.64042006597265,7118.747919206206,22158.104501581765,17948.06464628123,8565.450146250001,8565.450146250001,2.2737367544323206e-13,2.2737367544323206e-13,3,0
2025-07-22,54765.06135648955,5291.011997660807,0.0,0.0,5291.011997660807,328.06603115490816,60384.13938530526,86638.7809018128,91999.42357580893,5360.6426739961225,0.0,85.42970747468001,13747.074301539722,23834.060094090637,19291.42572901342,8565.450146250001,8581.18675425,4.547473508864641e-13,1.1368683772161603e-13,3,0
2025-07-23,57704.24597909309,0.0,2249.1006223773225,1124.5503111886612,-1124.5503111886612,942.7952973837821,57522.49096528821,90796.28881279337,87671.8393077586,0.0,3124.449505034764,286.32136243157447,9352.9240858382,23043.80033887006,18655.11087118475,8581.18675425,8592.706091250002,4.547473508864641e-13,2.2737367544323206e-13,3,0
2025-07-24,54312.76282731772,0.0,1054.2968871582457,527.1484435791228,-527.1484435791228,394.58095205451093,54180.195335793105,83190.12072143769,81615.18326751461,0.0,1574.9374539230685,103.357264964083,10221.745289446291,16288.91298270134,18408.58973966893,8592.706091250002,2798.739176049066,1.8189894035458565e-12,2.2737367544323206e-13,3,0
2025-07-25,26339.45683097918,0.0,0.0,0.0,0.0,718.1887589317524,27057.64558991093,44017.9524356124,44017.9524356124,0.0,0.0,173.46902518004276,15216.10205857685,13500.646467123946,11030.646631575017,2798.739176049066,2693.0469613772652,1.8189894035458565e-12,1.1368683772161603e-13,3,0
2025-07-26,28740.939421575844,0.8505097360835137,0.0,0.0,0.8505097360835137,613.2541529460124,29355.044084257937,50367.51869596197,50368.20423155709,0.6855355951182958,0.0,214.48070980110765,12957.862142302045,20220.038938573853,11064.307706184358,2693.0469613772652,8597.406777,9.094947017729282e-13,1.1368683772161603e-13,3,0
2025-07-27,52578.7214161675,225.9306580217616,171.68542106704848,85.84271053352424,140.08794748823735,2212.5477521339967,54931.35711578974,83653.92937843435,83463.9122455902,171.88215959744412,361.89929244160453,664.5510253753479,6257.24193432395,22046.04742653467,17860.015889893086,8597.406777,8594.387361000001,4.547473508864641e-13,2.2737367544323206e-13,3,0
2025-07-28,53182.15997529213,1055.1753242755842,0.0,0.0,1055.1753242755842,4517.474412200532,58754.80971176825,84713.25443594062,85662.78734318429,949.5329072436748,0.0,1246.747699908658,4624.556853274664,22512.525664657645,18182.424708172693,8594.387361000001,8652.966338999999,9.094947017729282e-13,1.1368683772161603e-13,3,0
2025-07-29,54874.47006486982,2532.904359211451,0.0,0.0,2532.904359211451,729.5304685774404,58136.904892658706,87021.93309086622,89725.78448497818,2703.8513941119686,0.0,145.22151576302505,9480.298747365541,22902.617024608757,18581.155721233088,8652.966338999999,8619.593082,1.8189894035458565e-12,1.1368683772161603e-13,3,0
2025-07-30,52493.0589102547,3237.988534187839,0.0,0.0,3237.988534187839,402.48396452713575,56133.53140896968,83343.4987607593,86474.5368895315,3131.0381287721875,0.0,116.91472646684792,8240.15685972363,22483.029592630068,18234.98888635536,8619.593082,8593.220952749998,1.8189894035458565e-12,1.1368683772161603e-13,3,0
2025-07-31,50445.8720962014,320.2127331873811,0.0,0.0,320.2127331873811,2438.5151630331056,53204.59999242189,78155.6606321667,78491.97949127352,336.3188591068083,0.0,608.2020009054906,6449.012691165515,16277.509595052572,18321.337060705744,8593.220952749998,2885.9384097353714,9.094947017729282e-13,1.1368683772161603e-13,3,0
2025-08-01,25625.989149690577,0.0,230.37430813288063,115.18715406644031,-115.18715406644031,757.0525571932006,26267.854552817334,42910.71750050046,42635.332075321196,0.0,275.3854251792675,250.8714326617619,19269.09002796037,13217.55492576888,10851.801112412963,2885.9384097353714,2724.1810513574055,1.8189894035458565e-12,1.1368683772161603e-13,3,0
2025-08-02,28473.843978356155,0.0,165.17144291365253,82.58572145682626,-82.58572145682626,471.4213907751002,28862.679647674428,49605.10778927109,49401.250528136334,0.0,203.85726113475363,111.13422252207772,19558.349881368136,19891.344519755814,10864.334583798875,2724.1810513574055,8554.908248250002,1.8189894035458565e-12,1.1368683772161603e-13,3,0
2025-08-03,47894.41129692635,253.2920330166242,400.55413204166837,200.27706602083418,53.01496699579002,2969.020793035883,50916.44705695802,75844.02856249927,75230.22758451317,227.09536808281064,840.8963460689171,815.4805906603212,9433.586685225637,19782.90830718163,16010.266800567124,8554.908248250002,8570.340390750001,1.8189894035458565e-12,2.2737367544323206e-13,3,0
2025-08-04,49237.8022031334,0.0,0.0,0.0,0.0,627.7623830547625,49865.56458618816,77804.99944030818,77804.99944030818,0.0,0.0,247.37769608778063,8802.119649293756,20110.3849007572,16275.782496988331,8570.340390750001,8585.484027,4.547473508864641e-13,2.2737367544323206e-13,3,0
2025-08-05,48210.02446849759,78.00518564008281,0.0,0.0,78.00518564008281,1828.5753833121712,50116.605037449845,76144.97642212918,76222.61171466784,77.63529253865582,0.0,483.9017770253174,7715.118507865412,20212.21648576005,16373.131235265642,8585.484027,8584.110825000002,9.094947017729282e-13,2.2737367544323206e-13,3,0
2025-08-06,49717.449456859205,0.0,205.33855902946493,102.66927951473247,-102.66927951473247,1880.3882567332791,51495.16843407774,78168.52349256363,77940.2742649976,0.0,228.24922756601666,589.3956391254842,6402.470817112428,20814.862380626277,16802.062560282284,8584.110825000002,8648.52856725,1.8189894035458565e-12,1.1368683772161603e-13,3,0
2025-08-07,46640.75536282241,389.2969122595491,1792.0269223977034,896.0134611988517,-506.7165489393025,1552.159469611477,47686.198283494596,72506.83632594388,69177.92455911415,302.84699650505365,3631.7587633347634,505.1581386002462,9216.014186158904,13759.927235002066,16680.84397344656,8648.52856725,2498.191997144567,1.8189894035458565e-12,2.2737367544323206e-13,3,0
2025-08-08,24100.652159145724,0.0,20.01858057724902,10.00929028862451,-10.00929028862451,656.1514753532222,24746.79434421032,41287.13580023697,41262.72168380488,0.0,24.414116432088292,146.085044614221,23099.799547343155,13591.28786414974,11057.451933073804,2498.191997144567,2444.2933714639903,9.094947017729282e-13,1.1368683772161603e-13,3,0
2025-08-09,26703.965539254474,0.0,20.276738514642695,10.138369257321347,-10.138369257321347,1937.8784321736289,28631.705602170783,47239.25389604621,47214.585478524314,0.0,24.668417521896217,470.9650139170674,20120.373158442744,19554.360398111738,10911.1120641131,2444.2933714639903,7919.759880749999,1.8189894035458565e-12,1.1368683772161603e-13,3,0
2025-08-10,46608.70628108129,0.0,27.809198869735162,13.904599434867581,-13.904599434867581,2657.0244553025996,49251.826136949036,73410.03199789952,73347.28561055806,0.0,62.746387341460206,818.3433526362176,5098.1612008715365,19799.843110777565,16036.99439845483,7919.759880749999,7920.736015499999,1.8189894035458565e-12,1.1368683772161603e-13,3,0
2025-08-11,46897.71315252273,206.82180200467752,0.0,0.0,206.82180200467752,2814.000520718752,49918.53547524616,74560.79478997001,74718.46461617282,157.66982620279902,0.0,698.4453949891032,6990.002733940498,20391.79939112149,16526.145447233408,7920.736015499999,7910.97163725,1.8189894035458565e-12,1.1368683772161603e-13,3,0
2025-08-12,48244.36693250734,1021.2638638822352,42.85629290226868,21.42814645113434,999.8357174311009,2221.2625628861147,51465.46521282455,77037.33899326633,77806.61345635235,865.1930996441556,95.91863655812267,559.0178676754878,6772.156947351369,20201.160450928815,16368.229724252333,7910.97163725,7905.094127249999,1.8189894035458565e-12,2.2737367544323206e-13,3,0
2025-08-13,46938.265630920505,7.33414806265326,0.6819890533729478,0.3409945266864739,6.993153535966786,3423.3885309101315,50368.6473153666,74428.02813294482,74438.37710011449,11.887751134862242,1.5387839651916693,802.6595550080276,5390.343195635041,19594.84281967093,15865.128810183453,7905.094127249999,7912.53176475,9.094947017729282e-13,2.2737367544323206e-13,3,0
2025-08-14,44646.68317766888,1665.91744629064,0.0,0.0,1665.91744629064,1664.1127928002463,47976.71341675977,68332.19630038083,70666.4834243291,2334.287123948267,0.0,433.42908770248084,7187.33193382052,15266.227217292295,17279.937622414567,7912.53176475,2452.205568741319,9.094947017729282e-13,1.1368683772161603e-13,3,0
2025-08-15,24655.993683377328,0.0,5.941974826913694,2.970987413456847,-2.970987413456847,1204.6786685504208,25857.70136451429,41638.2519050516,41631.60528985414,0.0,6.646615197451695,364.52499560642786,22193.510537808434,13693.657093763402,11050.764229444603,2452.205568741319,2497.870031523269,9.094947017729282e-13,1.1368683772161603e-13,3,0
2025-08-16,27820.257276015862,0.0,535.4002165619082,267.7001082809541,-267.7001082809541,1532.2154050444647,29084.77257277938,48281.22169786521,47659.4319938431,0.0,621.7897040221079,381.35602367681963,22328.189278877406,19517.030253122655,10733.711881146806,2497.870031523269,8136.850724726091,1.8189894035458565e-12,1.1368683772161603e-13,3,0
2025-08-17,48332.36384846557,0.0,27.094403766071732,13.547201883035866,-13.547201883035866,1574.321907363228,49893.138553945755,76752.96312884215,76692.70001508942,0.0,60.26311375271962,379.22116264021014,10087.508013412553,20606.521080023307,16787.501532372902,8136.850724726091,8029.940216332731,1.8189894035458565e-12,2.2737367544323206e-13,3,0
2025-08-18,47607.54226164708,26.53321029114045,0.0,0.0,26.53321029114045,1667.6391564755427,49301.71462841377,75077.49455939978,75104.2957819161,26.801222516303483,0.0,421.7927553206699,7294.229146681866,20762.52831282996,16924.784538941734,8029.940216332731,7910.899543500001,9.094947017729282e-13,1.1368683772161603e-13,3,0
2025-08-19,47360.77688661992,0.0,145.61529255793454,72.80764627896727,-72.80764627896727,2651.1171062142103,49939.08634655517,74549.4552320306,74387.76484666287,0.0,161.69038536773053,588.1812746802876,6950.659508505116,19494.760238621253,15787.13367578321,7910.899543500001,7914.9241185,9.094947017729282e-13,1.1368683772161603e-13,3,0
2025-08-20,49160.32148906862,925.2014642325204,104.96396061045509,52.481980305227545,872.7194839272929,3067.2336846399294,53100.27465763585,78414.09271831247,79023.75866566776,796.5898899797818,186.9239426244992,752.4139366680821,5006.41867895209,21758.364966142522,17639.302109425444,7914.9241185,7898.228022000002,1.8189894035458565e-12,1.1368683772161603e-13,3,0
2025-08-21,46026.204541626634,115.80554173975781,437.31453630860034,218.65726815430017,-102.85172641454236,2447.3187693791633,48370.67158459125,71199.25469824205,70464.62840292655,86.47181097737104,821.0981062928674,575.4829143565117,6813.01687115517,15309.597216940978,16926.921254146408,7898.228022000002,2869.175234861983,9.094947017729282e-13,1.1368683772161603e-13,3,0
2025-08-22,24569.015546105147,0.0,19.101508504921902,9.550754252460951,-9.550754252460951,2696.78055374251,27256.245345595198,41357.11289212721,41334.76523137005,0.0,22.34766075716361,701.4830025097842,18420.320516538748,13409.84596066518,11024.487643324097,2869.175234861983,2688.605884656093,1.8189894035458565e-12,1.1368683772161603e-13,3,0
2025-08-23,27303.068084499246,100.98632891935445,0.0,0.0,100.98632891935445,1496.4324343749715,28900.486847793567,47974.477484730596,48049.338574507114,74.86108977651368,0.0,500.99736398151333,17202.69308663159,20170.85449835039,11353.217796493356,2688.605884656093,8227.688492623272,1.8189894035458565e-12,1.1368683772161603e-13,3,0
2025-08-24,48473.44407233168,0.0,787.9709530749589,393.9854765374794,-393.9854765374794,2217.3214736092777,50296.78006940347,76135.92594522377,75087.57265556479,0.0,1048.3532896590052,566.6761905246801,7477.561077208848,21697.441656885414,17254.343371338135,8227.688492623272,8583.893349,1.8189894035458565e-12,1.1368683772161603e-13,3,0
2025-08-25,53631.25264710213,252.23158550035365,1827.749735597866,913.874867798933,-661.6432822985794,393.46530270547646,53363.07466750902,85155.41099962266,82391.19111905042,197.5395520535567,2961.759432625795,130.88042303248432,7504.831179562109,22385.973738969074,18141.820393114955,8583.893349,8573.691499499999,9.094947017729282e-13,1.1368683772161603e-13,3,0
2025-08-26,48986.448590597036,536.9844035780685,0.0,0.0,536.9844035780685,1037.5279395067123,50560.960933681825,76907.54882528912,77441.45990465421,533.91107936507,0.0,299.25209692424147,8109.482746272217,21570.72579446262,17468.314922489724,8573.691499499999,8578.105911749999,1.8189894035458565e-12,1.1368683772161603e-13,3,0
2025-08-27,49451.1618817304,2712.7105027969465,0.0,0.0,2712.7105027969465,724.8825756036348,52888.75496013097,78000.08328495652,81082.73337884458,3082.6500938880718,0.0,170.69513107957056,9012.217681265176,22529.423497196385,18202.36153520407,8578.105911749999,8629.740909000002,4.547473508864641e-13,1.1368683772161603e-13,3,0
2025-08-28,46094.76743018931,1884.7405975236554,0.0,0.0,1884.7405975236554,5349.611698426421,53329.11972613938,70959.28465411504,72889.76785913392,1930.4832050188736,0.0,1530.8951979602593,5721.909944834896,15652.67370077502,17721.71557184907,8629.740909000002,3026.352159865215,1.8189894035458565e-12,1.1368683772161603e-13,3,0
2025-08-29,25338.076257115557,0.0,396.890921277452,198.445460638726,-198.445460638726,1370.2175639691086,26509.84836044594,42605.43061388872,42149.0820758732,0.0,456.34853801551697,362.77782871454417,17139.63417532628,14636.7334007442,11819.728021482737,3026.352159865215,3066.38108555418,1.8189894035458565e-12,1.1368683772161603e-13,3,0
2025-08-30,27360.871356066207,0.0,0.0,0.0,0.0,2166.349283373809,29527.220639440013,47822.02778375599,47822.02778375599,0.0,0.0,722.9437424752657,21167.876964646064,20459.969194345373,11595.594466093513,3066.38108555418,8596.359509250002,1.8189894035458565e-12,1.1368683772161603e-13,3,0
2025-08-31,48641.023363695545,405.9226356382308,0.0,0.0,405.9226356382308,2304.5667284343626,51351.512727768146,76300.37158037312,76876.2489677023,575.8773873291727,0.0,622.2406307395978,6916.440314855103,20854.530068965563,16919.103868712096,8596.359509250002,8566.432272750002,9.094947017729282e-13,1.1368683772161603e-13,3,0
2025-09-01,50921.7462772569,0.0,1600.0310016851286,800.0155008425643,-800.0155008425643,0.0,50121.730776414326,80902.7571808816,78557.49086480546,0.0,2345.2663160761463,0.0,20908.715556166688,21431.60145581806,17356.960680512635,8566.432272750002,8569.36171575,9.094947017729282e-13,1.1368683772161603e-13,3,0
2025-09-02,46604.559823073825,1005.6158024834237,0.0,0.0,1005.6158024834237,150.93199347986973,47761.107619037124,74167.45318312336,75361.1849166039,1193.7317334805398,0.0,28.94189711982162,17279.66576217381,21352.950600394273,17300.24539884436,8569.36171575,8564.5223685,2.2737367544323206e-13,1.1368683772161603e-13,3,0
2025-09-03,45718.808019037155,120.72384635120598,330.0282867338785,165.01414336693924,-44.29029701573326,26.30242687499997,45700.82014889642,73206.32568797792,72640.48225445693,100.60168127252575,666.445114793507,11.969249999999988,13202.056819251306,20456.667966740082,16553.990531534466,8564.5223685,8582.20072575,1.8189894035458565e-12,1.1368683772161603e-13,3,0
2025-09-04,41184.4366175549,189.19051321504185,351.77898204093844,175.88949102046922,13.301022194572624,236.2070610135776,41433.94470076305,63819.82794108372,63229.370376343344,152.11398871261997,742.5715534529953,98.88392955318011,11257.743755289932,15189.218062118009,17044.27306151142,8582.20072575,3314.4158021990797,9.094947017729282e-13,1.1368683772161603e-13,3,0
2025-09-05,19172.21643332426,0.0,211.8339068140548,105.9169534070274,-105.9169534070274,745.5554359410339,19811.854915858265,34163.48810733616,33932.998151913096,0.0,230.4899554230661,158.42348471393655,24648.433500921623,14196.396034629142,11577.669565590397,3314.4158021990797,3227.094938264869,9.094947017729282e-13,1.1368683772161603e-13,3,0
2025-09-06,20229.753585771374,0.0,96.88163485293444,48.44081742646722,-48.44081742646722,1211.6681606817226,21392.980929026628,37993.87841718632,37887.32569977139,0.0,106.55271741493412,310.18772135141404,22521.20423893287,19436.49447593849,11481.268993748557,3227.094938264869,7962.974418000001,1.8189894035458565e-12,1.1368683772161603e-13,3,0
2025-09-07,39383.44730842042,1677.4492035097298,0.0,0.0,1677.4492035097298,1750.1542539039363,42811.05076583408,63303.875837575506,65626.26490923323,2322.3890716577243,0.0,462.8076455821118,7242.06827414252,20606.79958358503,16720.778919578872,7962.974418000001,7930.45079925,9.094947017729282e-13,1.1368683772161603e-13,3,0
2025-09-08,38946.412672674356,335.7408432387543,14.079127470952985,7.039563735476492,328.70127950327776,10742.165073564036,50017.279025741664,64039.67667720742,64328.679817911034,319.202899328573,30.19975862495278,2617.4793910249405,3517.153402614739,21129.459301778443,17096.023028790543,7930.45079925,7951.383027750001,1.8189894035458565e-12,1.1368683772161603e-13,3,0
2025-09-09,37858.950555371775,981.7928407316374,0.0,0.0,981.7928407316374,5317.933714757186,44158.67711086059,61370.49168444413,62311.54591367428,941.0542292301509,0.0,1318.4147997097455,6574.077923269583,20488.188825876376,16535.1403024286,7951.383027750001,8018.374857229185,1.8189894035458565e-12,1.1368683772161603e-13,3,0
2025-09-10,40714.021973558054,0.0,114.06591986528836,57.03295993264418,-57.03295993264418,7631.687983830727,48288.67699745614,66526.64085280748,66313.43736100348,0.0,213.20349180400422,1954.7064296102349,2969.9122066352556,21442.329133603853,17460.096199625386,8018.374857229185,7916.364189000001,1.8189894035458565e-12,1.1368683772161603e-13,3,0
2025-09-11,39350.99580334661,0.0,1380.9139285851852,690.4569642925926,-690.4569642925926,2041.4903677336047,40702.02920678763,62379.877686148946,59647.70792597786,0.0,2732.169760171072,512.3527111091903,7519.801332951614,16633.43415723136,17489.260636429244,7916.364189000001,3453.9431122535,9.094947017729282e-13,1.1368683772161603e-13,3,0
2025-09-12,18277.546681482545,0.0,109.36902022664407,54.684510113322034,-54.684510113322034,1343.563581140171,19566.425752509393,33340.06950548304,33215.743462488404,0.0,124.3260429946363,403.53446701663074,19246.197148593517,14932.009929187929,12110.585348276414,3453.9431122535,3436.5461059932863,1.8189894035458565e-12,1.1368683772161603e-13,3,0
2025-09-13,21286.13774673271,0.0,7.9889887275780485,3.9944943637890242,-3.9944943637890242,1317.637563099724,22599.780815468646,39895.307369665294,39886.29495502322,0.0,9.01241464207223,315.41970046844494,23635.272563186085,20636.290831532668,12076.95022256042,3436.5461059932863,8590.374273750002,9.094947017729282e-13,1.1368683772161603e-13,3,0
2025-09-14,44009.692215646966,0.0,547.0778902014886,273.5389451007443,-273.5389451007443,2210.226165743203,45946.379436289426,70707.22528940224,70037.282256734,0.0,669.9430326682473,671.9105312442765,6507.369009662309,21645.4977435051,17542.998715189133,8590.374273750002,8579.101448250001,9.094947017729282e-13,2.2737367544323206e-13,3,0
2025-09-15,38676.78664707348,0.0,0.0,0.0,0.0,5311.383510905709,43988.17015797919,62667.35765152724,62667.35765152724,0.0,0.0,1236.8516435319807,4748.914729849382,21513.538583823734,17425.27465194722,8579.101448250001,8579.869893749998,9.094947017729282e-13,2.2737367544323206e-13,3,0
2025-09-16,41801.62588326873,0.0,0.0,0.0,0.0,4676.087023048074,46477.7129063168,68068.3926580456,68068.3926580456,0.0,0.0,1266.7930908781173,5705.868569552196,21727.39884164839,17589.8516456102,8579.869893749998,8590.249244999999,9.094947017729282e-13,2.2737367544323206e-13,3,0
2025-09-17,42068.83934226535,0.0,1.7466214490165766,0.8733107245082883,-0.8733107245082883,2451.141384869375,44519.10741641022,67833.84759987272,67829.60101234776,0.0,4.246587524961285,735.24685690363,4472.957676799759,21701.210868561226,17569.439076109596,8590.249244999999,8599.740053250001,1.8189894035458565e-12,1.1368683772161603e-13,3,0
2025-09-18,38599.063986212255,2395.7539300498906,0.0,0.0,2395.7539300498906,2151.768508249982,43146.58642451213,60262.43188985879,63467.44613105576,3205.014241196966,0.0,439.4378371280252,6125.148250959368,16417.051597824433,17591.366997266687,8599.740053250001,3829.1231609956717,1.8189894035458565e-12,1.1368683772161603e-13,3,0
2025-09-19,19318.681037469527,54.64700106761474,0.0,0.0,54.64700106761474,772.1095438962464,20145.437582433384,34692.31192589309,34737.03482483831,44.72289894521734,0.0,282.16072178898855,15972.60352257743,15271.353429185034,12326.113721801834,3829.1231609956717,3877.659334149048,9.094947017729282e-13,1.1368683772161603e-13,3,0
2025-09-20,21913.4729506896,0.0,0.0,0.0,0.0,818.6947818850101,22732.167732574613,40573.67711267057,40573.67711267057,0.0,0.0,217.21085115817115,16990.399236220248,20569.776858996294,12414.721864721141,3877.659334149048,8596.323102,9.094947017729282e-13,1.1368683772161603e-13,3,0
2025-09-21,44617.43790451599,0.0,0.0,0.0,0.0,494.76057473738643,45112.19847925337,71673.02852203086,71673.02852203086,0.0,0.0,134.3813924325657,9622.724679100542,20486.265032260784,16589.067280231233,8596.323102,8601.664653,9.094947017729282e-13,1.1368683772161603e-13,3,0
2025-09-22,42676.43070694711,0.0,769.0783346524004,384.5391673262002,-384.5391673262002,5169.961941840336,47461.853481461236,69183.07776665565,67819.59157181249,0.0,1363.4861948431578,1465.2338859055915,4519.849920512803,21827.241640641856,17676.2859867699,8601.664653,8605.864366500002,9.094947017729282e-13,1.1368683772161603e-13,3,0
2025-09-23,43427.37847761095,32.14629282019567,19.01846614715733,9.509233073578665,22.637059746617005,4386.167362484081,47836.18289984164,70118.14294673769,70103.8454713146,28.162679777736116,42.46015520081846,987.2057450199688,4864.48808568976,21535.78474966571,17425.83720235423,8605.864366500002,8626.02930525,9.094947017729282e-13,1.1368683772161603e-13,3,0
2025-09-24,42140.34557747282,6.77530425691543,0.0,0.0,6.77530425691543,3090.4404726980156,45237.56135442775,67496.10947221825,67507.09140634081,10.981934122563302,0.0,1023.1021345222988,3451.410061909556,21187.973826334503,17172.415447380943,8626.02930525,8614.74414075,9.094947017729282e-13,1.1368683772161603e-13,3,0
2025-09-25,42001.77770943259,347.85044638544343,0.0,0.0,347.85044638544343,2960.9820982172323,45310.61025403526,65734.59170953458,66186.2355509823,451.6438414477157,0.0,789.1020168711206,7443.204203836223,16547.419730790818,17350.735266773627,8614.74414075,4228.827157602155,1.8189894035458565e-12,1.1368683772161603e-13,3,0
2025-09-26,19929.357058074038,0.0,173.13665930655293,86.56832965327646,-86.56832965327646,90.13780830979749,19932.92653673056,35608.26898232478,35403.32602019767,0.0,204.94296212710907,23.998377340834566,14734.842865278526,15743.875422574449,12745.637390314474,4228.827157602155,4236.49571534752,9.094947017729282e-13,1.1368683772161603e-13,3,0
2025-09-27,22124.767561984234,335.56463956128005,0.0,0.0,335.56463956128005,901.2381598942003,23361.570361439713,40732.10083615268,41006.88435627123,274.7835201185507,0.0,258.04282404934673,15654.340167795046,20462.650003754206,12653.365241228676,4236.49571534752,8593.586006250003,1.8189894035458565e-12,1.1368683772161603e-13,3,0
2025-09-28,45399.979132867506,1958.6209744878793,0.0,0.0,1958.6209744878793,1253.6741690680528,48612.27427642343,72642.50428347525,75068.9311057638,2426.4268222885275,0.0,318.6256004606928,7704.428190503111,22080.872903182644,17885.37355412794,8593.586006250003,8593.734336750002,9.094947017729282e-13,1.1368683772161603e-13,3,0
2025-09-29,44238.838598617185,0.0,1386.4521150815115,693.2260575407557,-693.2260575407557,5607.405457353046,49153.01799842948,71452.87717377747,69225.44339416083,0.0,2227.433779616635,1288.5972553892047,3641.654961239283,21767.607244661885,17655.11315635113,8593.734336750002,8567.788461,9.094947017729282e-13,1.1368683772161603e-13,3,0
2025-09-30,44889.427581204574,52.38971702158189,0.0,0.0,52.38971702158189,4236.131939678304,49177.94923790447,71877.29972905212,71956.10495922898,78.80523017686806,0.0,1019.6443580788238,3289.1579818897553,22300.982664612602,18036.56609586121,8567.788461,8598.04386375,4.547473508864641e-13,1.1368683772161603e-13,3,0
2025-10-01,44467.023522234595,0.0,986.4065378359551,493.20326891797754,-493.20326891797754,135.17444327040528,44108.99469658702,71729.05784817564,70268.62158293981,0.0,1460.4362652358209,62.0017442790637,16465.817555642003,22120.431779702834,17917.147541459293,8598.04386375,8598.490752750002,9.094947017729282e-13,2.2737367544323206e-13,3,0
2025-10-02,43661.05321903126,0.0,1610.8867499750427,805.4433749875213,-805.4433749875213,217.55520053444843,43073.165044578185,68628.88351593501,66432.84678764285,0.0,2196.036728292162,88.73821480618415,15085.548179443183,17499.382989010042,17794.129282670863,8598.490752750002,4576.680684335858,9.094947017729282e-13,1.1368683772161603e-13,3,0
2025-10-03,18234.90673879375,0.0,13.774604224607554,6.887302112303777,-6.887302112303777,27.47321938701385,18255.492656068458,33803.880908210915,33787.803220750895,0.0,16.0776874600196,12.962648740632005,23079.562439258574,15642.956725389282,12738.906995156332,4576.680684335858,4501.000631456955,9.094947017729282e-13,1.1368683772161603e-13,3,0
2025-10-04,20541.588769268175,0.0,0.0,0.0,0.0,136.16892410738694,20677.757693375563,39117.36519162613,39117.36519162613,0.0,0.0,34.080244893390045,18441.152112809134,20721.96224033319,13107.65134995614,4501.000631456955,8586.709592250001,1.8189894035458565e-12,1.1368683772161603e-13,3,0
2025-10-05,43379.12030141786,0.0,1944.762285335909,972.3811426679545,-972.3811426679545,355.7432825331785,42762.48244128308,70741.35140325577,67581.59725800582,0.0,3159.7541452499854,129.1467160160954,8836.51431459083,21780.36101454944,17642.092421785048,8586.709592250001,8586.709592250003,9.094947017729282e-13,2.2737367544323206e-13,3,0
2025-10-06,40149.53743900613,189.55805262522705,0.0,0.0,189.55805262522705,1679.3523067604508,42018.44779839181,65398.67581178579,65679.29257425568,280.6167624698895,0.0,583.5809387603663,4475.368442923112,21384.712242462836,17330.3164223699,8586.709592250003,8577.0434745,9.094947017729282e-13,1.1368683772161603e-13,3,0
2025-10-07,41380.92985907411,0.0,0.0,0.0,0.0,594.4025172869822,41975.33237636109,67526.28807914957,67526.28807914957,0.0,0.0,141.13103277141676,5786.774612955743,21568.41534889603,17459.333849930787,8577.0434745,8589.357455249998,1.8189894035458565e-12,1.1368683772161603e-13,3,0
2025-10-08,39574.63184607507,0.0,0.0,0.0,0.0,2099.3167819905398,41673.94862806561,65339.74222541913,65339.74222541913,0.0,0.0,554.1211958158335,5304.486262286133,21501.202308327185,17390.32081604502,8589.357455249998,8617.860848249999,9.094947017729282e-13,1.1368683772161603e-13,3,0
2025-10-09,39916.72486656802,0.0,1628.3462643549894,814.1731321774947,-814.1731321774947,950.3547657029089,40052.90650009344,64148.78325961292,61434.4463905195,0.0,2714.3368690934217,189.7531549427963,6127.051634582188,17100.137664091435,17362.97143654466,8617.860848249999,4715.794260882671,9.094947017729282e-13,1.1368683772161603e-13,3,0
2025-10-10,17131.18186927149,0.0,0.0,0.0,0.0,939.3143319807945,18070.496201252285,33037.35891248667,33037.35891248667,0.0,0.0,254.07032544146227,20704.882622648827,16413.284274650236,13170.348576037597,4715.794260882671,4854.02946802611,1.8189894035458565e-12,1.1368683772161603e-13,3,0
2025-10-11,19380.94600018244,60.5302473939597,0.0,0.0,60.5302473939597,497.39220838836667,19938.868455964766,37852.371374445254,37902.37992372645,50.00854928119443,0.0,104.65733010813994,16613.495331073733,20676.22100132115,13388.992661893628,4854.02946802611,8585.969856,9.094947017729282e-13,1.1368683772161603e-13,3,0
2025-10-12,41698.65339728366,0.0,0.0,0.0,0.0,904.638245755441,42603.291643039105,68019.0217321246,68019.0217321246,0.0,0.0,229.5965388255146,5835.628811768413,20517.738691965107,16619.705216116738,8585.969856,8585.59554975,1.8189894035458565e-12,2.2737367544323206e-13,3,0
2025-10-13,42423.98140341601,0.0,526.0833000245092,263.0416500122546,-263.0416500122546,278.46221836475263,42439.40197176851,68986.53904164629,68067.96656068644,0.0,918.5724809598353,97.95987186454326,7061.337340217726,21515.53218306981,17438.338390736542,8585.59554975,8573.64296925,9.094947017729282e-13,1.1368683772161603e-13,3,0
2025-10-14,43080.62831328332,21.471366861826993,985.1609690645984,492.5804845322992,-471.1091176704722,3295.007016043922,45904.52621165677,69928.30431495915,67946.31170423051,19.790306545717442,2001.782917274363,868.0350619033663,3938.8866704681786,21570.311700038772,17468.680887706403,8573.64296925,8577.2780685,1.8189894035458565e-12,2.2737367544323206e-13,3,0
2025-10-15,42628.483668869594,0.0,357.7498746327341,178.87493731636704,-178.87493731636704,2497.878963501128,44947.487695054355,69776.89868554438,69202.45039285626,0.0,574.4482926881174,695.9718011313641,3879.9771505637914,21654.967845783318,17556.546452359482,8577.2780685,8559.475293750002,9.094947017729282e-13,1.1368683772161603e-13,3,0
2025-10-16,40870.93016091747,192.75608452952696,0.0,0.0,192.75608452952696,5069.929748568769,46133.615994015774,65302.335142981814,65467.101798346455,164.76665536462895,0.0,1247.8719799015105,3392.293001873876,18006.396415671654,17650.188589297573,8559.475293750002,5153.911413079411,1.8189894035458565e-12,2.2737367544323206e-13,3,0
2025-10-17,17489.020510949533,41.74475534941948,0.0,0.0,41.74475534941948,797.2669952599018,18328.032261558856,33537.793775202736,33572.69971860058,34.90594339785058,0.0,198.65516804145182,14419.966742559312,16684.27737924356,13337.0885518275,5153.911413079411,5350.773774590276,9.094947017729282e-13,1.1368683772161603e-13,3,0
2025-10-18,19759.911059032187,0.8789626036894815,0.0,0.0,0.8789626036894815,259.9462896165263,20020.736311252404,37992.12284580813,37992.871887185,0.7490413768711761,0.0,101.11190980497685,15283.043198409574,20216.06324128939,13481.715909375653,5350.773774590276,8565.546348000002,1.8189894035458565e-12,1.1368683772161603e-13,3,0
2025-10-19,44327.88910642838,67.50964531156339,0.0,0.0,67.50964531156339,1807.110423381102,46202.50917512106,71987.73437582461,72046.60856860205,58.87419277743868,0.0,437.75891456881425,4373.666187646142,22176.328833375766,17951.350071184374,8565.546348000002,8578.297774499999,9.094947017729282e-13,1.1368683772161603e-13,3,0
2025-10-20,46399.70075301215,7.698808484373502,0.0,0.0,7.698808484373502,687.9960571623606,47095.39561865888,74925.70034569233,74938.17916647907,12.478820786730694,0.0,158.66901873411564,6274.141556524783,23053.909757351175,18671.985495329456,8578.297774499999,8580.166005750001,9.094947017729282e-13,1.1368683772161603e-13,3,0
2025-10-21,46313.08017202373,301.17156726906296,0.0,0.0,301.17156726906296,893.7389251517232,47507.990664444515,74808.65923370366,75232.98376940603,424.32453570237215,0.0,253.4473432052564,4680.8970748386855,22902.907281697906,18559.9545939253,8580.166005750001,8570.61078825,1.8189894035458565e-12,1.1368683772161603e-13,3,0
2025-10-22,45550.91895229482,0.0,271.84063869589323,135.92031934794662,-135.92031934794662,2972.352314202537,48387.35094714942,74273.84865720978,73903.45435650428,0.0,370.39430070550145,586.4766822354102,4581.939884443679,22890.74939945273,18537.65494515671,8570.61078825,8574.890864250001,9.094947017729282e-13,2.2737367544323206e-13,3,0
2025-10-23,46660.299863955006,0.0,3152.896674529268,1576.448337264634,-1576.448337264634,1298.1871931972103,46382.03871988758,74525.53671638749,69534.67766866853,0.0,4990.859047718965,301.5531992313779,5456.502602665001,19667.890747039222,18667.65951513765,8574.890864250001,5534.148630876796,9.094947017729282e-13,1.1368683772161603e-13,3,0
2025-10-24,18128.960057443284,50.37433637404666,0.0,0.0,50.37433637404666,1401.2294853405645,19580.563879157893,34588.79588025728,34632.42427385435,43.6283935970618,0.0,319.591945761072,13102.253493752705,17365.739595521074,13936.027586325024,5534.148630876796,5678.839170929074,4.547473508864641e-13,1.1368683772161603e-13,3,0
2025-10-25,20011.261919388984,0.0,0.0,0.0,0.0,635.7009826191352,20646.96290200812,38481.06939092338,38481.06939092338,0.0,0.0,163.35500865154506,12741.175722670629,20562.028075958566,14057.212132387604,5678.839170929074,8565.539847750002,9.094947017729282e-13,1.1368683772161603e-13,3,0
2025-10-26,47810.038713774855,0.0,1790.0804290110495,895.0402145055248,-895.0402145055248,494.86253849510393,47409.86103776443,76991.07507366277,74338.19152939323,0.0,2652.883544269525,192.53813407569055,5577.038016515301,23178.392701905028,18769.01307161808,8565.539847750002,8571.634311000002,9.094947017729282e-13,1.1368683772161603e-13,3,0
2025-10-27,47025.528885849664,637.5094445626514,0.0,0.0,637.5094445626514,361.11910397826705,48024.15743439059,75551.64710956768,76156.7039909621,605.0568813944044,0.0,83.05064056402034,8289.682483041728,23005.48078233012,18607.9903005124,8571.634311000002,8601.02223675,9.094947017729282e-13,2.2737367544323206e-13,3,0
2025-10-28,46882.94484210921,291.49417608350745,0.0,0.0,291.49417608350745,167.477223380262,47341.91624157298,75401.51314948758,75681.48965178712,279.97650229952825,0.0,51.54508883037789,5450.142692777475,22791.29480928957,18480.82446144955,8601.02223675,8578.9381635,1.8189894035458565e-12,2.2737367544323206e-13,3,0
2025-10-29,47082.183332265064,621.1375235794576,0.0,0.0,621.1375235794576,1312.8353408039868,49016.15619664852,76170.39756991893,76846.44203915821,676.0444692392838,0.0,346.2757567050776,3428.379828118319,23441.24798313142,18989.16681538645,8578.9381635,8576.987109000002,1.8189894035458565e-12,1.1368683772161603e-13,3,0
2025-10-30,45361.54817889977,62.61695529389152,378.98512359253886,189.49256179626943,-126.8756065023779,886.5341399430855,46121.20671234048,72205.29733488162,71785.22483279175,52.462655766586295,472.5351578564479,245.82255470216427,5772.329453416147,20412.659667109834,18941.759383032066,8576.987109000002,5901.981494918772,9.094947017729282e-13,2.2737367544323206e-13,3,0
2025-10-31,19179.11864311886,0.0,21.0174035321375,10.50870176606875,-10.50870176606875,545.8567132184559,19714.466654571246,36002.06035355291,35976.64208236114,0.0,25.41827119176361,126.07093096437205,8679.644163098897,17831.44937017589,14312.672586615941,5901.981494918772,6047.316387392692,1.8189894035458565e-12,1.1368683772161603e-13,3,0
2025-11-01,20500.772872141984,0.0,51.287382202050466,25.643691101025233,-25.643691101025233,388.8290989864531,20863.958280027415,38994.70442241976,38929.55667670573,0.0,65.14774571402059,155.13738019703464,10367.543681961712,20542.180795321834,14369.06885371411,6047.316387392692,8569.647043500001,9.094947017729282e-13,1.1368683772161603e-13,3,0
2025-11-02,49169.18106643541,554.724826003958,0.0,0.0,554.724826003958,1194.4130031432592,50918.31889558263,78707.47349093582,79331.60769925188,624.1342083160623,0.0,282.7212434379795,6310.403357334363,23702.90737906405,19195.365727041877,8569.647043500001,8574.0795435,9.094947017729282e-13,1.1368683772161603e-13,3,0
2025-11-03,50659.776734108076,0.0,448.70945833706185,224.35472916853092,-224.35472916853092,275.8874132879044,50711.30941822745,80824.97886383496,80299.77140803519,0.0,525.2074557997776,113.60090566959786,6496.148828218883,23212.118379750314,18799.825177597755,8574.0795435,8576.2914435,9.094947017729282e-13,1.1368683772161603e-13,3,0
2025-11-04,49870.12000337061,0.0,88.07754459862431,44.03877229931216,-44.03877229931216,639.6602107025719,50465.74144177387,79863.89095988593,79672.68560620361,0.0,191.2053536823123,151.168119844275,7834.061256014612,23197.044971183946,18787.324534484,8576.2914435,8578.82687925,9.094947017729282e-13,1.1368683772161603e-13,3,0
2025-11-05,50896.87058760444,0.0,969.6021933284845,484.80109666424227,-484.80109666424227,493.02352177002166,50905.09301271022,81291.18271713961,79859.00276841396,0.0,1432.1799487256544,165.04758715782998,5944.108814635696,23217.94010628647,18816.01863201704,8578.82687925,8568.285606000001,9.094947017729282e-13,1.1368683772161603e-13,3,0
2025-11-06,49136.65411562339,101.97846304096552,0.0,0.0,101.97846304096552,1852.3797200261295,51091.012298690475,77748.39908708104,77848.1909230488,99.79183596775229,0.0,431.8362909803907,4864.911540033758,21018.854628226236,18973.32350423081,8568.285606000001,6403.7842111471555,9.094947017729282e-13,1.1368683772161603e-13,3,0
2025-11-07,19925.657931437563,0.0,0.0,0.0,0.0,244.45031185896863,20170.108243296534,37195.21274972209,37195.21274972209,0.0,0.0,68.88617120445798,10430.5186267934,18417.72536587704,14902.606855077218,6403.7842111471555,6421.284979239581,1.8189894035458565e-12,1.1368683772161603e-13,3,0
2025-11-08,20856.83310826754,0.0,0.0,0.0,0.0,292.048176203007,21148.881284470546,39583.88268808665,39583.88268808665,0.0,0.0,102.88209023917244,10011.05265140026,20798.791451269375,14914.28642434381,6421.284979239581,8568.767925000002,9.094947017729282e-13,1.1368683772161603e-13,3,0
2025-11-09,51201.25523774827,0.0,110.46221422225692,55.23110711112846,-55.23110711112846,1068.8811943661303,52214.905325003274,81514.87095066532,81302.12700385952,0.0,212.743946805799,289.60196778917077,5851.693036399712,23119.230603766562,18726.011851850908,8568.767925000002,8569.395633,1.8189894035458565e-12,1.1368683772161603e-13,3,0
2025-11-10,51489.365703348725,662.2685030449844,0.0,0.0,662.2685030449844,996.347449009104,53147.98165540281,81976.29430929603,82830.82951269485,854.5352033987986,0.0,236.87368431811842,4768.737895235724,23351.914170143365,18911.391968366122,8569.395633,8573.460643499999,9.094947017729282e-13,1.1368683772161603e-13,3,0
2025-11-11,52405.62356300951,3.069697092350085,381.5290116941685,190.76450584708425,-187.69480875473417,104.41931841057475,52322.34807266535,83230.60604384688,82659.54233201999,2.7911845710157195,573.854896397915,33.31415012469961,6659.864191305934,23483.43753051101,19009.46490633892,8573.460643499999,8586.926747250001,1.8189894035458565e-12,1.1368683772161603e-13,3,0
2025-11-12,51914.426111895285,451.94287491542474,0.0,0.0,451.94287491542474,295.8930802825621,52662.26206709328,82460.83008631869,82864.92414255283,404.09405623413505,0.0,73.89371220270812,7519.63338949183,23510.690152835246,19047.49343757155,8586.926747250001,8582.6662875,1.8189894035458565e-12,1.1368683772161603e-13,3,0
2025-11-13,50869.55121389413,0.0,355.65419890283806,177.82709945141903,-177.82709945141903,1540.1613480073283,52231.88546245004,80113.21322796424,79663.23023204072,0.0,449.98299592351464,453.98023402358683,5047.725775152122,21403.411627195877,18729.79825295035,8582.6662875,7034.849804253674,9.094947017729282e-13,1.1368683772161603e-13,3,0
2025-11-14,20089.000436703805,0.0,50.255106811979466,25.127553405989733,-25.127553405989733,314.52099861252464,20378.39388191034,37236.92975519056,37171.67785775024,0.0,65.25189744032016,95.652274099296,6396.379841182306,18364.516868008894,15092.021877341667,7034.849804253674,6794.001788415383,1.8189894035458565e-12,1.1368683772161603e-13,3,0
2025-11-15,21400.350796872728,0.0,60.082272299783135,30.041136149891567,-30.041136149891567,553.2974705607543,21923.607131283592,40483.770982529444,40337.6920321288,0.0,146.07895040063977,159.83921831983338,6719.287438432591,20850.869546043246,15284.512650693872,6794.001788415383,8576.992545750001,1.8189894035458565e-12,1.1368683772161603e-13,3,0
2025-11-16,52683.94344309786,301.29747941127926,17.2037936434425,8.60189682172125,292.69558258955794,1217.9483838780081,54194.587409565414,83494.158581055,83735.64814700413,279.90077572545596,38.411209776319424,284.25615819075114,5061.101784071315,23740.96780508023,19216.70966728998,8576.992545750001,8591.963940000001,1.8189894035458565e-12,1.1368683772161603e-13,3,0
2025-11-17,52621.7824034343,941.6904331282794,0.0,0.0,941.6904331282794,369.97118497571137,53933.44402153829,83306.68311274542,84298.35144498892,991.6683322435053,0.0,128.88346961920337,7231.751737683477,23677.391558375435,19177.662714784106,8591.963940000001,8593.102214999999,9.094947017729282e-13,1.1368683772161603e-13,3,0
2025-11-18,52653.337362909544,0.0,155.80590278077932,77.90295139038966,-77.90295139038966,1585.5289009165222,54160.96331243566,83489.03853723922,83280.50530188977,0.0,208.53323534945395,530.3476125212965,4402.168701561057,23725.477981666718,19207.345602150046,8593.102214999999,8604.537285,1.8189894035458565e-12,1.1368683772161603e-13,3,0
2025-11-19,52775.45865908655,1514.322569353523,0.0,0.0,1514.322569353523,1059.4972520144518,55349.27848045452,83671.00518823715,85186.2632415737,1515.2580533365406,0.0,316.3086971006661,5507.323921074067,24371.952121185735,19745.015703585443,8604.537285,8600.38785675,9.094947017729282e-13,1.1368683772161603e-13,3,0
2025-11-20,52117.09532083575,0.0,14.03185123272259,7.015925616361295,-7.015925616361295,1234.4426016399445,53344.52199685934,82133.16529177444,82110.99807611141,0.0,22.167215663013742,323.8756803109373,4774.270549217161,22008.138279594823,19140.61110572297,8600.38785675,7140.366635359825,9.094947017729282e-13,1.1368683772161603e-13,3,0
2025-11-21,20658.385709517963,207.90877238242086,0.0,0.0,207.90877238242086,699.6365797956619,21565.931061696047,38563.35959805485,38879.95834376231,316.598745707461,0.0,264.2431323247604,6790.738636174001,18816.85004258927,15327.771269342866,7140.366635359825,7044.674707753649,1.8189894035458565e-12,1.1368683772161603e-13,3,0
2025-11-22,22078.54421349461,0.0,39.57302067124175,19.786510335620875,-19.786510335620875,704.5963691861193,22763.354072345108,42147.63395614459,42093.69046297057,0.0,53.94349317402323,221.5231577913836,6714.61190467989,21015.55050119479,15634.77826844606,7044.674707753649,8586.694305,1.8189894035458565e-12,1.1368683772161603e-13,3,0
2025-11-23,53576.76033737272,726.2922917206024,0.0,0.0,726.2922917206024,851.3824263168565,55154.43505541017,84965.19602084426,85536.17635505255,570.9803342082921,0.0,243.4831080513514,5899.243640210035,24440.534150450232,19792.214610889692,8586.694305,8591.825472749999,9.094947017729282e-13,1.1368683772161603e-13,3,0
2025-11-24,53398.93434620285,32.327210857033954,136.19249680735624,68.09624840367812,-35.769037546644164,618.9253410734243,53982.090649729624,84732.22480470424,84476.16479508369,27.773510547548995,283.8335201681018,186.34484322008296,5921.186355067761,24147.568058347497,19568.18847511148,8591.825472749999,8582.20508625,1.8189894035458565e-12,1.1368683772161603e-13,3,0
2025-11-25,54985.44452574113,0.0,31.24641935829979,15.623209679149895,-15.623209679149895,538.6077148766437,55508.42903093863,87006.55799627038,86941.4173894008,0.0,65.14060686959283,162.8430092241154,6207.839020475388,24870.51325148866,20142.752340005813,8582.20508625,8584.83107925,9.094947017729282e-13,1.1368683772161603e-13,3,0
2025-11-26,54061.79149244698,348.5371533939035,0.0,0.0,348.5371533939035,908.364384925458,55318.69303076634,85814.58220175958,86112.08610181199,297.50390005242417,0.0,221.5379848770342,4926.268562454603,24538.241364216286,19888.55272331519,8584.83107925,8570.856392249998,9.094947017729282e-13,1.1368683772161603e-13,3,0
2025-11-27,53466.935309800676,16.121892911321495,0.0,0.0,16.121892911321495,1065.3960083950676,54548.45321110707,84323.29629208382,84345.47821907076,22.181926986950884,0.0,283.0666863964824,5357.215217107011,23301.8913821324,19811.45442710549,8570.856392249998,7529.831494940832,9.094947017729282e-13,1.1368683772161603e-13,3,0
2025-11-28,21234.242345454382,8.646857418539057,0.0,0.0,8.646857418539057,679.7068225757469,21922.59602544867,40051.937067605366,40060.67126701803,8.734199412665713,0.0,182.7459025173025,5622.574305945211,19460.670791691482,15761.066478101358,7529.831494940832,7532.139120683878,9.094947017729282e-13,1.1368683772161603e-13,3,0
2025-11-29,22923.830722011575,0.0,0.0,0.0,0.0,1152.6656282207193,24076.496350232293,43886.92139868169,43886.92139868169,0.0,0.0,407.8923892592376,4444.505840149273,20988.803690827088,16067.945843035432,7532.139120683878,8568.7892835,9.094947017729282e-13,1.1368683772161603e-13,3,0
2025-11-30,55475.90529019256,323.2007497595648,0.0,0.0,323.2007497595648,1344.7090410837575,57143.81508103588,87634.92987471618,87917.23997544675,282.3101007305754,0.0,360.28961979117474,3347.6753196627787,24658.789694255185,19973.763535346705,8568.7892835,8568.629413499999,9.094947017729282e-13,1.1368683772161603e-13,3,0
2025-12-01,56590.87215341904,0.0,116.30064080421727,58.15032040210863,-58.15032040210863,15461.384184189992,71994.10601720693,89008.70998299133,88765.29268593929,0.0,243.41729705203477,4294.844302598001,2059.0743072871373,24784.531028641126,20082.396080724306,8568.629413499999,8560.933916249998,9.094947017729282e-13,1.1368683772161603e-13,3,0
2025-12-02,58396.91237855572,4.832100092196618,5.202580351212863,2.6012901756064317,2.2308099165901862,12766.581038676371,71165.72422714868,91678.7263450342,91669.81383265396,2.773005131672903,11.685517511919102,3351.3239613641344,1630.1313824397544,25027.942369754444,20274.745908176097,8560.933916249998,8558.5865955,1.8189894035458565e-12,1.1368683772161603e-13,3,0
2025-12-03,58428.993662565896,406.2630985958579,0.0,0.0,406.2630985958579,5760.09754375747,64595.35430491922,91602.71761806728,92108.26735112064,505.54973305333806,0.0,1782.7045064945532,1988.347481293532,24924.82969607886,20184.95388642387,8558.5865955,8563.206781500001,1.8189894035458565e-12,1.1368683772161603e-13,3,0
2025-12-04,60937.8785968014,0.0,392.47077985884215,196.23538992942107,-196.23538992942107,5020.057104255246,65761.70031112722,95105.01085004576,94595.04175763468,0.0,509.96909241107335,1327.5934275672453,4325.65153371449,25415.481020986525,20589.706119499082,8563.206781500001,8559.6884565,9.094947017729282e-13,1.1368683772161603e-13,3,0
2025-12-05,26756.657085403327,0.0,0.0,0.0,0.0,1337.796341354374,28094.4534267577,50863.359475014164,50863.359475014164,0.0,0.0,394.83422924616366,5876.641305054049,21470.843235515473,17400.918519642528,8559.6884565,8549.09345775,9.094947017729282e-13,1.1368683772161603e-13,3,0
2025-12-06,28285.189875931985,0.0,0.0,0.0,0.0,951.457784245755,29236.64766017774,53497.06622251854,53497.06622251854,0.0,0.0,230.31815502830946,5947.853467883033,21613.800044327065,17498.899951329913,8549.09345775,8558.2913295,9.094947017729282e-13,1.1368683772161603e-13,3,0
2025-12-07,64404.294972701486,0.0,1060.2283366425297,530.1141683212649,-530.1141683212649,1077.1732840402149,64951.35408842044,99982.34432527245,98417.79308822149,0.0,1564.5512370509741,259.85648369024113,6155.436770399459,25652.594661117182,20783.06310960491,8558.2913295,8553.334180500002,9.094947017729282e-13,1.1368683772161603e-13,3,0
2025-12-08,65359.749807233304,139.23459481203076,0.0,0.0,139.23459481203076,382.2250063327407,65881.20940837808,101455.47486901181,101661.72547124352,206.2506022317183,0.0,71.64557792400467,9006.612013150145,25653.68468829323,20774.136768942517,8553.334180500002,8559.27621225,1.8189894035458565e-12,1.1368683772161603e-13,3,0
2025-12-09,65036.51058530529,0.14989542804652548,332.3230395385734,166.1615197692867,-166.01162434124018,573.8099590462061,65444.308920010255,100944.1396988933,100400.9409949721,0.12405994458640635,543.3227638657705,125.42591286832044,8288.92561969029,25554.96075412358,20705.9737326401,8559.27621225,8552.103410250003,9.094947017729282e-13,1.1368683772161603e-13,3,0
2025-12-10,63636.155019462414,65.5352880388376,0.0,0.0,65.5352880388376,326.3730481523246,64028.063355653576,99001.96791261643,99097.75279616023,95.78488354381182,0.0,89.01370963898364,5905.409747740896,25746.081489166623,20852.343197774968,8552.103410250003,8554.30653075,9.094947017729282e-13,1.1368683772161603e-13,3,0
2025-12-11,64175.116061021785,0.0,525.706687147742,262.853343573871,-262.853343573871,514.0448912430443,64426.30760869096,99657.8001467755,98981.32162226166,0.0,676.478524513822,161.81507644980786,8308.503258907702,25587.467961861974,20714.089222058195,8554.30653075,8567.373005250001,9.094947017729282e-13,1.1368683772161603e-13,3,0
2025-12-12,27715.315688465525,122.31682801591091,0.0,0.0,122.31682801591091,1024.6948710595032,28862.32738754094,52596.44409698315,52775.847527563754,179.40343058060273,0.0,309.43936493848855,5283.9514958336895,21501.833431501153,17414.911518165933,8567.373005250001,8569.121406750002,4.547473508864641e-13,1.1368683772161603e-13,3,0
2025-12-13,27801.30686703156,231.4066786790546,116.52896500443256,58.26448250221628,173.14219617683833,818.1360078276077,28792.585071036006,52847.105747254165,52829.60528210772,226.8692228308382,244.36968797728514,188.2147131045663,5129.4921481257625,21489.636843174685,17399.842379421498,8569.121406750002,8576.63636625,9.094947017729282e-13,1.1368683772161603e-13,3,0
2025-12-14,62833.11424881514,45.497170410225024,0.0,0.0,45.497170410225024,1448.4748208301453,64327.08624005551,97837.79747212221,97901.41363751082,63.61616538860176,0.0,348.18634814278255,4628.1569472822375,25466.306418796667,20623.5851804253,8576.63636625,8581.21749825,9.094947017729282e-13,1.1368683772161603e-13,3,0
2025-12-15,63730.38647169589,262.24894632226096,0.0,0.0,262.24894632226096,920.6367724065242,64913.27219042468,99325.8616657431,99676.36860581837,350.50694007528256,0.0,257.27768943479225,5611.732251079598,25538.716197404734,20686.36011989783,8581.21749825,8581.21749825,9.094947017729282e-13,1.1368683772161603e-13,3,0
2025-12-16,64668.85133265713,0.0,154.8766160327393,77.43830801636965,-77.43830801636965,442.47636699557415,65033.88939163633,100399.83900942281,100201.98459847113,0.0,197.85441095168198,138.60723130979443,6040.735168971563,25667.31639171591,20785.551064239884,8581.21749825,8586.745512750002,9.094947017729282e-13,1.1368683772161603e-13,3,0
2025-12-17,64312.662799085825,0.0,512.9849030876813,256.4924515438407,-256.4924515438407,1160.9860622388414,65217.15640978083,100191.16375242053,99440.34090263551,0.0,750.8228497850267,303.8906685063097,6709.454989043252,25497.525739378383,20654.596223946486,8586.745512750002,8584.967318250001,1.8189894035458565e-12,1.1368683772161603e-13,3,0
2025-12-18,63397.131622649176,0.0,96.01235267769765,48.006176338848825,-48.006176338848825,562.8050018715085,63911.93044818183,98541.92616459151,98337.70713604367,0.0,204.21902854784935,218.43396155048913,6392.067287184869,25380.780313250707,20582.973469508077,8584.967318250001,8557.6990785,9.094947017729282e-13,1.1368683772161603e-13,3,0
2025-12-19,27526.802024097706,2.502874682145416,10.482052216174921,5.2410261080874605,-2.7381514259420445,1111.8771175711136,28635.94099024288,52273.04256034025,52253.05119065,2.4926547974757653,22.484024487719694,245.1627599239843,5492.243850444124,21508.54515344664,17410.966353316777,8557.6990785,8569.87154625,1.8189894035458565e-12,1.1368683772161603e-13,3,0
2025-12-20,27793.86191612994,0.0,148.98628076219072,74.49314038109536,-74.49314038109536,398.3183318330975,28117.687107581944,52738.76482079958,52484.33685113603,0.0,254.4279696635454,118.69450742556342,5642.146043915994,21602.132010240035,17497.59894559443,8569.87154625,8570.01374925,4.547473508864641e-13,1.1368683772161603e-13,3,0
2025-12-21,63274.02864150395,0.0,256.9600201256415,128.48001006282075,-128.48001006282075,2004.6365997419007,65150.18523118303,98537.34205129465,98044.41839293277,0.0,492.92365836188685,617.4351835015468,4831.394403077205,25260.419982712803,20467.742676022368,8570.01374925,8562.455427,1.8189894035458565e-12,1.1368683772161603e-13,3,0
2025-12-22,64065.48403400316,0.0,97.82955329106052,48.91477664553026,-48.91477664553026,778.069608269569,64794.63886562721,99650.58745640644,99517.75042723311,0.0,132.83702917333295,195.7415827986689,5965.164336873691,25362.855742761858,20551.955152937102,8562.455427,8553.51987,9.094947017729282e-13,1.1368683772161603e-13,3,0
2025-12-23,64407.49696649266,0.0,638.0965137893745,319.04825689468726,-319.04825689468726,302.41984045374807,64390.868550051724,100095.50288954165,99096.6980570953,0.0,998.8048324463655,64.53128956228375,7086.768289259653,25345.64240902417,20529.273884959577,8553.51987,8554.293721499998,9.094947017729282e-13,1.1368683772161603e-13,3,0
2025-12-24,63356.57199609779,0.0,58.52738553759966,29.26369276879983,-29.26369276879983,566.4890413538792,63893.79734468286,98618.07321561428,98494.3941979366,0.0,123.67901767769627,156.13426396817357,5922.436137617597,25623.59877892371,20750.065771303205,8554.293721499998,8559.903987750002,9.094947017729282e-13,1.1368683772161603e-13,3,0
2025-12-25,62236.744664873295,0.0,65.82903386416169,32.91451693208084,-32.91451693208084,1124.898347401894,63328.72849534311,96958.72856121598,96870.13475357869,0.0,88.5938076372723,424.6687494896562,4664.668078908768,25277.4354386908,20459.74854786455,8559.903987750002,8576.5419405,1.8189894035458565e-12,1.1368683772161603e-13,3,0
2025-12-26,27055.64956750018,0.0,69.583883584278,34.791941792139,-34.791941792139,843.4331001611828,27864.29072586922,51359.16236844657,51215.8211882308,0.0,143.3411802157682,249.4674011569681,4363.133089204983,21520.291210523443,17425.758143673982,8576.5419405,8582.850537,9.094947017729282e-13,1.1368683772161603e-13,3,0
2025-12-27,26992.26757347102,0.0,21.41612921395781,10.708064606978905,-10.708064606978905,1063.7313669910172,28045.29087585506,51515.30627484885,51467.626166563976,0.0,47.68010828487286,248.5922436659165,4281.0171673843115,21649.050977783758,17552.658801604844,8582.850537,8564.042193,1.8189894035458565e-12,1.1368683772161603e-13,3,0
2025-12-28,62323.20951934022,0.0,159.84510113736997,79.92255056868498,-79.92255056868498,994.8839741332554,63238.17094290479,97092.26095890056,96891.62753044115,0.0,200.63342845941025,280.75778926218743,5540.835656064699,25366.161088887588,20543.866175248946,8564.042193,8567.069200499998,9.094947017729282e-13,1.1368683772161603e-13,3,0
2025-12-29,62814.456548735456,94.72201761727217,0.0,0.0,94.72201761727217,808.4363788331004,63717.61494518583,98096.76446284256,98234.48740328528,137.72294044270905,0.0,195.97492606275148,6152.876130678162,25081.038785937875,20327.218853934675,8567.069200499998,8554.20538125,1.8189894035458565e-12,1.1368683772161603e-13,3,0
2025-12-30,62782.703764333426,0.0,126.86777560694289,63.43388780347144,-63.43388780347144,784.0665037094886,63503.336380239445,97888.48636256711,97617.78486247241,0.0,270.7015000947065,213.73141828060292,6790.26556464992,25377.730099753135,20560.881983650048,8554.20538125,8548.73804475,9.094947017729282e-13,1.1368683772161603e-13,3,0
2025-12-31,61006.619389444124,0.0,20.03709076619662,10.01854538309831,-10.01854538309831,1991.4725405301938,62988.07338459122,94588.51177151178,94544.8999068485,0.0,43.61186466329673,480.73449855984967,4422.824028573475,22369.745704086985,20413.358260585454,8548.73804475,6000.0,9.094947017729282e-13,1.1368683772161603e-13,3,0
